{"type": "FeatureCollection", "features": [{"type": "Feature", "properties": {"pass_id": "P001", "mode": "routine", "aoi": "", "timestamp": "2025-09-01T00:22:00Z"}, "geometry": {"type": "Polygon", "coordinates": [[[-107.3583, 63.9866], [-107.2898, 64.3314], [-107.2226, 64.6762], [-107.1568, 65.0211], [-107.0923, 65.3659], [-107.0293, 65.7107], [-106.9677, 66.0555], [-106.9078, 66.4004], [-106.8494, 66.7452], [-106.7928, 67.09], [-106.7379, 67.4348], [-106.6849, 67.7797], [-106.6339, 68.1245], [-106.5849, 68.4693], [-106.5381, 68.8142], [-106.4935, 69.159], [-106.4513, 69.5038], [-106.4116, 69.8486], [-106.3745, 70.1935], [-106.3402, 70.5383], [-106.3088, 70.8831], [-106.2804, 71.228], [-106.2553, 71.5728], [-106.2336, 71.9176], [-106.2155, 72.2624], [-106.2013, 72.6073], [-106.1912, 72.9521], [-106.1854, 73.2969], [-106.1841, 73.6417], [-106.1878, 73.9866], [-94.7905, 73.9866], [-95.0207, 73.6417], [-95.246, 73.2969], [-95.4668, 72.9521], [-95.6831, 72.6073], [-95.8955, 72.2624], [-96.1039, 71.9176], [-96.3088, 71.5728], [-96.5102, 71.228], [-96.7084, 70.8831], [-96.9035, 70.5383], [-97.0957, 70.1935], [-97.2851, 69.8486], [-97.4719, 69.5038], [-97.6563, 69.159], [-97.8382, 68.8142], [-98.0179, 68.4693], [-98.1955, 68.1245], [-98.371, 67.7797], [-98.5445, 67.4348], [-98.7162, 67.09], [-98.8861, 66.7452], [-99.0543, 66.4004], [-99.2208, 66.0555], [-99.3858, 65.7107], [-99.5493, 65.3659], [-99.7114, 65.0211], [-99.8721, 64.6762], [-100.0314, 64.3314], [-100.1895, 63.9866], [-107.3583, 63.9866]]]}}, {"type": "Feature", "properties": {"pass_id": "P002", "mode": "tasked", "aoi": "AOI_BEAUFORT", "timestamp": "2025-09-01T00:34:00Z"}, "geometry": {"type": "Polygon", "coordinates": [[[-141.9889, 65.3], [-141.8163, 65.6448], [-141.6452, 65.9897], [-141.4757, 66.3345], [-141.3077, 66.6793], [-141.1415, 67.0241], [-140.977, 67.369], [-140.8144, 67.7138], [-140.6537, 68.0586], [-140.495, 68.4034], [-140.3385, 68.7483], [-140.1842, 69.0931], [-140.0323, 69.4379], [-139.8828, 69.7828], [-139.7359, 70.1276], [-139.5918, 70.4724], [-139.4505, 70.8172], [-139.3123, 71.1621], [-139.1773, 71.5069], [-139.0456, 71.8517], [-138.9176, 72.1966], [-138.7933, 72.5414], [-138.6731, 72.8862], [-138.5572, 73.231], [-138.4458, 73.5759], [-138.3392, 73.9207], [-138.2378, 74.2655], [-138.1419, 74.6103], [-138.0519, 74.9552], [-137.9682, 75.3], [-125.5781, 75.3], [-125.9395, 74.9552], [-126.2945, 74.6103], [-126.6437, 74.2655], [-126.9874, 73.9207], [-127.3259, 73.5759], [-127.6596, 73.231], [-127.9888, 72.8862], [-128.3136, 72.5414], [-128.6345, 72.1966], [-128.9515, 71.8517], [-129.265, 71.5069], [-129.575, 71.1621], [-129.8819, 70.8172], [-130.1857, 70.4724], [-130.4866, 70.1276], [-130.7848, 69.7828], [-131.0804, 69.4379], [-131.3736, 69.0931], [-131.6644, 68.7483], [-131.9529, 68.4034], [-132.2393, 68.0586], [-132.5237, 67.7138], [-132.8062, 67.369], [-133.0868, 67.0241], [-133.3656, 66.6793], [-133.6428, 66.3345], [-133.9183, 65.9897], [-134.1923, 65.6448], [-134.4648, 65.3], [-141.9889, 65.3]]]}}, {"type": "Feature", "properties": {"pass_id": "P003", "mode": "tasked", "aoi": "", "timestamp": "2025-09-01T09:00:00Z"}, "geometry": {"type": "Polygon", "coordinates": [[[-135.7466, 65.1281], [-135.6449, 65.473], [-135.5447, 65.8178], [-135.446, 66.1626], [-135.3489, 66.5075], [-135.2534, 66.8523], [-135.1597, 67.1971], [-135.0678, 67.5419], [-134.9778, 67.8868], [-134.8897, 68.2316], [-134.8038, 68.5764], [-134.72, 68.9213], [-134.6385, 69.2661], [-134.5595, 69.6109], [-134.4829, 69.9557], [-134.409, 70.3006], [-134.3379, 70.6454], [-134.2698, 70.9902], [-134.2048, 71.335], [-134.1431, 71.6799], [-134.0849, 72.0247], [-134.0304, 72.3695], [-133.9798, 72.7144], [-133.9333, 73.0592], [-133.8913, 73.404], [-133.8539, 73.7488], [-133.8215, 74.0937], [-133.7945, 74.4385], [-133.7731, 74.7833], [-133.7579, 75.1281], [-121.5078, 75.1281], [-121.7943, 74.7833], [-122.0747, 74.4385], [-122.3495, 74.0937], [-122.6189, 73.7488], [-122.8834, 73.404], [-123.1431, 73.0592], [-123.3984, 72.7144], [-123.6496, 72.3695], [-123.8969, 72.0247], [-124.1405, 71.6799], [-124.3806, 71.335], [-124.6174, 70.9902], [-124.851, 70.6454], [-125.0818, 70.3006], [-125.3097, 69.9557], [-125.5349, 69.6109], [-125.7576, 69.2661], [-125.978, 68.9213], [-126.196, 68.5764], [-126.4118, 68.2316], [-126.6256, 67.8868], [-126.8374, 67.5419], [-127.0472, 67.1971], [-127.2553, 66.8523], [-127.4616, 66.5075], [-127.6663, 66.1626], [-127.8694, 65.8178], [-128.071, 65.473], [-128.2711, 65.1281], [-135.7466, 65.1281]]]}}, {"type": "Feature", "properties": {"pass_id": "P004", "mode": "routine", "aoi": "", "timestamp": "2025-09-01T12:50:00Z"}, "geometry": {"type": "Polygon", "coordinates": [[[-112.6516, 62.8495], [-112.9411, 63.1944], [-113.2317, 63.5392], [-113.5234, 63.884], [-113.8164, 64.2288], [-114.1106, 64.5737], [-114.4061, 64.9185], [-114.703, 65.2633], [-115.0013, 65.6081], [-115.3011, 65.953], [-115.6024, 66.2978], [-115.9053, 66.6426], [-116.21, 66.9875], [-116.5163, 67.3323], [-116.8246, 67.6771], [-117.1347, 68.0219], [-117.4469, 68.3668], [-117.7612, 68.7116], [-118.0777, 69.0564], [-118.3966, 69.4012], [-118.7179, 69.7461], [-119.0417, 70.0909], [-119.3683, 70.4357], [-119.6978, 70.7806], [-120.0303, 71.1254], [-120.366, 71.4702], [-120.705, 71.815], [-121.0476, 72.1599], [-121.394, 72.5047], [-121.7444, 72.8495], [-111.0822, 72.8495], [-110.9356, 72.5047], [-110.785, 72.1599], [-110.6306, 71.815], [-110.4726, 71.4702], [-110.3113, 71.1254], [-110.1467, 70.7806], [-109.9792, 70.4357], [-109.8088, 70.0909], [-109.6357, 69.7461], [-109.4599, 69.4012], [-109.2818, 69.0564], [-109.1013, 68.7116], [-108.9186, 68.3668], [-108.7337, 68.0219], [-108.5469, 67.6771], [-108.3581, 67.3323], [-108.1674, 66.9875], [-107.975, 66.6426], [-107.781, 66.2978], [-107.5853, 65.953], [-107.388, 65.6081], [-107.1893, 65.2633], [-106.9892, 64.9185], [-106.7877, 64.5737], [-106.5849, 64.2288], [-106.3808, 63.884], [-106.1756, 63.5392], [-105.9692, 63.1944], [-105.7616, 62.8495], [-112.6516, 62.8495]]]}}, {"type": "Feature", "properties": {"pass_id": "P005", "mode": "tasked", "aoi": "", "timestamp": "2025-09-01T13:45:00Z"}, "geometry": {"type": "Polygon", "coordinates": [[[-129.1015, 66.2877], [-129.1118, 66.6325], [-129.1239, 66.9774], [-129.1377, 67.3222], [-129.1533, 67.667], [-129.1709, 68.0118], [-129.1905, 68.3567], [-129.2122, 68.7015], [-129.2361, 69.0463], [-129.2623, 69.3912], [-129.291, 69.736], [-129.3223, 70.0808], [-129.3563, 70.4256], [-129.3932, 70.7705], [-129.433, 71.1153], [-129.4761, 71.4601], [-129.5225, 71.8049], [-129.5725, 72.1498], [-129.6262, 72.4946], [-129.6839, 72.8394], [-129.7459, 73.1843], [-129.8124, 73.5291], [-129.8837, 73.8739], [-129.9601, 74.2187], [-130.042, 74.5636], [-130.1296, 74.9084], [-130.2236, 75.2532], [-130.3242, 75.598], [-130.432, 75.9429], [-130.5475, 76.2877], [-117.2839, 76.2877], [-117.4874, 75.9429], [-117.6832, 75.598], [-117.8719, 75.2532], [-118.0539, 74.9084], [-118.2296, 74.5636], [-118.3995, 74.2187], [-118.5639, 73.8739], [-118.7233, 73.5291], [-118.8778, 73.1843], [-119.0278, 72.8394], [-119.1736, 72.4946], [-119.3154, 72.1498], [-119.4534, 71.8049], [-119.5879, 71.4601], [-119.719, 71.1153], [-119.8469, 70.7705], [-119.9718, 70.4256], [-120.0938, 70.0808], [-120.2132, 69.736], [-120.3299, 69.3912], [-120.4442, 69.0463], [-120.5562, 68.7015], [-120.6659, 68.3567], [-120.7735, 68.0118], [-120.8792, 67.667], [-120.9828, 67.3222], [-121.0847, 66.9774], [-121.1848, 66.6325], [-121.2832, 66.2877], [-129.1015, 66.2877]]]}}, {"type": "Feature", "properties": {"pass_id": "P006", "mode": "tasked", "aoi": "", "timestamp": "2025-09-01T19:32:00Z"}, "geometry": {"type": "Polygon", "coordinates": [[[-63.4907, 60.3036], [-63.7349, 60.6484], [-63.98, 60.9932], [-64.226, 61.3381], [-64.4728, 61.6829], [-64.7206, 62.0277], [-64.9694, 62.3725], [-65.2192, 62.7174], [-65.4701, 63.0622], [-65.7221, 63.407], [-65.9752, 63.7518], [-66.2295, 64.0967], [-66.485, 64.4415], [-66.7418, 64.7863], [-67.0, 65.1312], [-67.2595, 65.476], [-67.5206, 65.8208], [-67.7831, 66.1656], [-68.0472, 66.5105], [-68.313, 66.8553], [-68.5805, 67.2001], [-68.8498, 67.545], [-69.121, 67.8898], [-69.3942, 68.2346], [-69.6695, 68.5794], [-69.9469, 68.9243], [-70.2267, 69.2691], [-70.5088, 69.6139], [-70.7935, 69.9587], [-71.0809, 70.3036], [-61.7522, 70.3036], [-61.6189, 69.9587], [-61.483, 69.6139], [-61.3445, 69.2691], [-61.2037, 68.9243], [-61.0605, 68.5794], [-60.9151, 68.2346], [-60.7677, 67.8898], [-60.6183, 67.545], [-60.467, 67.2001], [-60.3139, 66.8553], [-60.159, 66.5105], [-60.0025, 66.1656], [-59.8444, 65.8208], [-59.6848, 65.476], [-59.5237, 65.1312], [-59.3613, 64.7863], [-59.1974, 64.4415], [-59.0324, 64.0967], [-58.866, 63.7518], [-58.6985, 63.407], [-58.5299, 63.0622], [-58.3601, 62.7174], [-58.1893, 62.3725], [-58.0175, 62.0277], [-57.8446, 61.6829], [-57.6709, 61.3381], [-57.4962, 60.9932], [-57.3206, 60.6484], [-57.1442, 60.3036], [-63.4907, 60.3036]]]}}, {"type": "Feature", "properties": {"pass_id": "P007", "mode": "tasked", "aoi": "", "timestamp": "2025-09-01T19:45:00Z"}, "geometry": {"type": "Polygon", "coordinates": [[[-132.417, 65.7136], [-132.2883, 66.0584], [-132.1611, 66.4033], [-132.0356, 66.7481], [-131.9118, 67.0929], [-131.7898, 67.4377], [-131.6697, 67.7826], [-131.5515, 68.1274], [-131.4353, 68.4722], [-131.3213, 68.817], [-131.2096, 69.1619], [-131.1002, 69.5067], [-130.9933, 69.8515], [-130.8891, 70.1964], [-130.7876, 70.5412], [-130.689, 70.886], [-130.5935, 71.2308], [-130.5012, 71.5757], [-130.4124, 71.9205], [-130.3272, 72.2653], [-130.2458, 72.6101], [-130.1685, 72.955], [-130.0956, 73.2998], [-130.0272, 73.6446], [-129.9638, 73.9895], [-129.9055, 74.3343], [-129.8529, 74.6791], [-129.8062, 75.0239], [-129.7658, 75.3688], [-129.7324, 75.7136], [-116.9914, 75.7136], [-117.3188, 75.3688], [-117.6394, 75.0239], [-117.9536, 74.6791], [-118.2618, 74.3343], [-118.5645, 73.9895], [-118.8619, 73.6446], [-119.1544, 73.2998], [-119.4424, 72.955], [-119.726, 72.6101], [-120.0055, 72.2653], [-120.2812, 71.9205], [-120.5532, 71.5757], [-120.8219, 71.2308], [-121.0872, 70.886], [-121.3496, 70.5412], [-121.609, 70.1964], [-121.8656, 69.8515], [-122.1196, 69.5067], [-122.3711, 69.1619], [-122.6203, 68.817], [-122.8672, 68.4722], [-123.112, 68.1274], [-123.3547, 67.7826], [-123.5954, 67.4377], [-123.8343, 67.0929], [-124.0714, 66.7481], [-124.3068, 66.4033], [-124.5405, 66.0584], [-124.7727, 65.7136], [-132.417, 65.7136]]]}}, {"type": "Feature", "properties": {"pass_id": "P008", "mode": "tasked", "aoi": "", "timestamp": "2025-09-01T19:53:00Z"}, "geometry": {"type": "Polygon", "coordinates": [[[-130.0996, 65.6323], [-130.2517, 65.9771], [-130.4053, 66.3219], [-130.5606, 66.6668], [-130.7176, 67.0116], [-130.8763, 67.3564], [-131.0369, 67.7012], [-131.1994, 68.0461], [-131.3639, 68.3909], [-131.5306, 68.7357], [-131.6994, 69.0806], [-131.8707, 69.4254], [-132.0444, 69.7702], [-132.2207, 70.115], [-132.3997, 70.4599], [-132.5816, 70.8047], [-132.7665, 71.1495], [-132.9546, 71.4944], [-133.1461, 71.8392], [-133.3412, 72.184], [-133.5401, 72.5288], [-133.743, 72.8737], [-133.9502, 73.2185], [-134.1619, 73.5633], [-134.3784, 73.9081], [-134.6001, 74.253], [-134.8272, 74.5978], [-135.0603, 74.9426], [-135.2996, 75.2875], [-135.5456, 75.6323], [-122.8752, 75.6323], [-122.9198, 75.2875], [-122.9576, 74.9426], [-122.9892, 74.5978], [-123.0149, 74.253], [-123.0352, 73.9081], [-123.0503, 73.5633], [-123.0605, 73.2185], [-123.0662, 72.8737], [-123.0677, 72.5288], [-123.0651, 72.184], [-123.0587, 71.8392], [-123.0488, 71.4944], [-123.0355, 71.1495], [-123.0189, 70.8047], [-122.9994, 70.4599], [-122.977, 70.115], [-122.9518, 69.7702], [-122.924, 69.4254], [-122.8938, 69.0806], [-122.8613, 68.7357], [-122.8265, 68.3909], [-122.7896, 68.0461], [-122.7506, 67.7012], [-122.7098, 67.3564], [-122.667, 67.0116], [-122.6225, 66.6668], [-122.5764, 66.3219], [-122.5286, 65.9771], [-122.4792, 65.6323], [-130.0996, 65.6323]]]}}, {"type": "Feature", "properties": {"pass_id": "P009", "mode": "routine", "aoi": "", "timestamp": "2025-09-02T03:53:00Z"}, "geometry": {"type": "Polygon", "coordinates": [[[-86.4287, 60.5511], [-86.5071, 60.8959], [-86.5864, 61.2408], [-86.6667, 61.5856], [-86.7478, 61.9304], [-86.8299, 62.2752], [-86.913, 62.6201], [-86.9972, 62.9649], [-87.0825, 63.3097], [-87.1689, 63.6546], [-87.2564, 63.9994], [-87.3452, 64.3442], [-87.4353, 64.689], [-87.5266, 65.0339], [-87.6194, 65.3787], [-87.7136, 65.7235], [-87.8093, 66.0684], [-87.9066, 66.4132], [-88.0055, 66.758], [-88.1061, 67.1028], [-88.2085, 67.4477], [-88.3128, 67.7925], [-88.419, 68.1373], [-88.5273, 68.4821], [-88.6377, 68.827], [-88.7504, 69.1718], [-88.8655, 69.5166], [-88.983, 69.8615], [-89.1032, 70.2063], [-89.2262, 70.5511], [-79.7835, 70.5511], [-79.8186, 70.2063], [-79.851, 69.8615], [-79.8807, 69.5166], [-79.9079, 69.1718], [-79.9328, 68.827], [-79.9554, 68.4821], [-79.9758, 68.1373], [-79.9942, 67.7925], [-80.0107, 67.4477], [-80.0252, 67.1028], [-80.038, 66.758], [-80.0491, 66.4132], [-80.0585, 66.0684], [-80.0664, 65.7235], [-80.0727, 65.3787], [-80.0776, 65.0339], [-80.0812, 64.689], [-80.0834, 64.3442], [-80.0844, 63.9994], [-80.0841, 63.6546], [-80.0826, 63.3097], [-80.0801, 62.9649], [-80.0764, 62.6201], [-80.0717, 62.2752], [-80.066, 61.9304], [-80.0593, 61.5856], [-80.0516, 61.2408], [-80.0431, 60.8959], [-80.0337, 60.5511], [-86.4287, 60.5511]]]}}, {"type": "Feature", "properties": {"pass_id": "P010", "mode": "routine", "aoi": "", "timestamp": "2025-09-02T07:30:00Z"}, "geometry": {"type": "Polygon", "coordinates": [[[-115.7684, 59.6692], [-115.8197, 60.014], [-115.8718, 60.3588], [-115.9246, 60.7037], [-115.9784, 61.0485], [-116.033, 61.3933], [-116.0885, 61.7381], [-116.145, 62.083], [-116.2025, 62.4278], [-116.261, 62.7726], [-116.3206, 63.1175], [-116.3812, 63.4623], [-116.4431, 63.8071], [-116.5061, 64.1519], [-116.5704, 64.4968], [-116.6359, 64.8416], [-116.7028, 65.1864], [-116.7711, 65.5312], [-116.8409, 65.8761], [-116.9122, 66.2209], [-116.9851, 66.5657], [-117.0597, 66.9106], [-117.136, 67.2554], [-117.2141, 67.6002], [-117.2942, 67.945], [-117.3762, 68.2899], [-117.4604, 68.6347], [-117.5467, 68.9795], [-117.6354, 69.3243], [-117.7265, 69.6692], [-108.6772, 69.6692], [-108.7306, 69.3243], [-108.7815, 68.9795], [-108.8302, 68.6347], [-108.8767, 68.2899], [-108.921, 67.945], [-108.9634, 67.6002], [-109.0039, 67.2554], [-109.0425, 66.9106], [-109.0794, 66.5657], [-109.1146, 66.2209], [-109.1482, 65.8761], [-109.1803, 65.5312], [-109.211, 65.1864], [-109.2402, 64.8416], [-109.2681, 64.4968], [-109.2946, 64.1519], [-109.32, 63.8071], [-109.3441, 63.4623], [-109.3671, 63.1175], [-109.389, 62.7726], [-109.4098, 62.4278], [-109.4296, 62.083], [-109.4484, 61.7381], [-109.4663, 61.3933], [-109.4832, 61.0485], [-109.4993, 60.7037], [-109.5145, 60.3588], [-109.5289, 60.014], [-109.5424, 59.6692], [-115.7684, 59.6692]]]}}, {"type": "Feature", "properties": {"pass_id": "P011", "mode": "tasked", "aoi": "AOI_BEAUFORT", "timestamp": "2025-09-02T14:22:00Z"}, "geometry": {"type": "Polygon", "coordinates": [[[-135.3782, 65.3], [-135.6615, 65.6448], [-135.9463, 65.9897], [-136.2327, 66.3345], [-136.5207, 66.6793], [-136.8103, 67.0241], [-137.1018, 67.369], [-137.3951, 67.7138], [-137.6903, 68.0586], [-137.9875, 68.4034], [-138.2869, 68.7483], [-138.5885, 69.0931], [-138.8925, 69.4379], [-139.1989, 69.7828], [-139.508, 70.1276], [-139.8197, 70.4724], [-140.1344, 70.8172], [-140.4521, 71.1621], [-140.7729, 71.5069], [-141.0972, 71.8517], [-141.4251, 72.1966], [-141.7567, 72.5414], [-142.0924, 72.8862], [-142.4324, 73.231], [-142.7769, 73.5759], [-143.1263, 73.9207], [-143.4808, 74.2655], [-143.8408, 74.6103], [-144.2067, 74.9552], [-144.5789, 75.3], [-132.1888, 75.3], [-132.0942, 74.9552], [-131.9934, 74.6103], [-131.8867, 74.2655], [-131.7745, 73.9207], [-131.6571, 73.5759], [-131.5349, 73.231], [-131.4081, 72.8862], [-131.277, 72.5414], [-131.142, 72.1966], [-131.0031, 71.8517], [-130.8606, 71.5069], [-130.7148, 71.1621], [-130.5657, 70.8172], [-130.4136, 70.4724], [-130.2587, 70.1276], [-130.101, 69.7828], [-129.9406, 69.4379], [-129.7779, 69.0931], [-129.6128, 68.7483], [-129.4454, 68.4034], [-129.2759, 68.0586], [-129.1044, 67.7138], [-128.931, 67.369], [-128.7557, 67.0241], [-128.5786, 66.6793], [-128.3998, 66.3345], [-128.2194, 65.9897], [-128.0375, 65.6448], [-127.8541, 65.3], [-135.3782, 65.3]]]}}, {"type": "Feature", "properties": {"pass_id": "P012", "mode": "tasked", "aoi": "", "timestamp": "2025-09-02T21:18:00Z"}, "geometry": {"type": "Polygon", "coordinates": [[[-65.5367, 63.7341], [-65.5867, 64.0789], [-65.6379, 64.4237], [-65.6905, 64.7686], [-65.7443, 65.1134], [-65.7996, 65.4582], [-65.8563, 65.8031], [-65.9145, 66.1479], [-65.9744, 66.4927], [-66.0358, 66.8375], [-66.099, 67.1824], [-66.164, 67.5272], [-66.2309, 67.872], [-66.2998, 68.2168], [-66.3707, 68.5617], [-66.4438, 68.9065], [-66.5192, 69.2513], [-66.597, 69.5962], [-66.6774, 69.941], [-66.7604, 70.2858], [-66.8462, 70.6306], [-66.9349, 70.9755], [-67.0267, 71.3203], [-67.1219, 71.6651], [-67.2205, 72.01], [-67.3228, 72.3548], [-67.429, 72.6996], [-67.5394, 73.0444], [-67.6541, 73.3893], [-67.7735, 73.7341], [-56.5485, 73.7341], [-56.6557, 73.3893], [-56.7583, 73.0444], [-56.8564, 72.6996], [-56.9505, 72.3548], [-57.0406, 72.01], [-57.127, 71.6651], [-57.21, 71.3203], [-57.2896, 70.9755], [-57.3662, 70.6306], [-57.4398, 70.2858], [-57.5106, 69.941], [-57.5788, 69.5962], [-57.6444, 69.2513], [-57.7076, 68.9065], [-57.7685, 68.5617], [-57.8273, 68.2168], [-57.884, 67.872], [-57.9387, 67.5272], [-57.9915, 67.1824], [-58.0425, 66.8375], [-58.0918, 66.4927], [-58.1394, 66.1479], [-58.1854, 65.8031], [-58.23, 65.4582], [-58.2731, 65.1134], [-58.3147, 64.7686], [-58.3551, 64.4237], [-58.3941, 64.0789], [-58.432, 63.7341], [-65.5367, 63.7341]]]}}, {"type": "Feature", "properties": {"pass_id": "P013", "mode": "routine", "aoi": "", "timestamp": "2025-09-03T01:46:00Z"}, "geometry": {"type": "Polygon", "coordinates": [[[-107.8466, 66.6826], [-107.6369, 67.0212], [-107.429, 67.3597], [-107.2228, 67.6982], [-107.0185, 68.0368], [-106.8161, 68.3753], [-106.6158, 68.7138], [-106.4176, 69.0523], [-106.2217, 69.3909], [-106.0281, 69.7294], [-105.837, 70.0679], [-105.6486, 70.4065], [-105.4628, 70.745], [-105.28, 71.0835], [-105.1002, 71.4221], [-104.9237, 71.7606], [-104.7505, 72.0991], [-104.581, 72.4376], [-104.4153, 72.7762], [-104.2536, 73.1147], [-104.0962, 73.4532], [-103.9433, 73.7918], [-103.7953, 74.1303], [-103.6525, 74.4688], [-103.5152, 74.8074], [-103.3838, 75.1459], [-103.2587, 75.4844], [-103.1404, 75.8229], [-103.0293, 76.1615], [-102.926, 76.5], [-89.4578, 76.5], [-89.8844, 76.1615], [-90.3031, 75.8229], [-90.7147, 75.4844], [-91.1194, 75.1459], [-91.5179, 74.8074], [-91.9105, 74.4688], [-92.2975, 74.1303], [-92.6794, 73.7918], [-93.0564, 73.4532], [-93.4289, 73.1147], [-93.7971, 72.7762], [-94.1612, 72.4376], [-94.5216, 72.0991], [-94.8783, 71.7606], [-95.2316, 71.4221], [-95.5817, 71.0835], [-95.9287, 70.745], [-96.2729, 70.4065], [-96.6143, 70.0679], [-96.9531, 69.7294], [-97.2894, 69.3909], [-97.6233, 69.0523], [-97.955, 68.7138], [-98.2846, 68.3753], [-98.6121, 68.0368], [-98.9376, 67.6982], [-99.2613, 67.3597], [-99.5832, 67.0212], [-99.9034, 66.6826], [-107.8466, 66.6826]]]}}, {"type": "Feature", "properties": {"pass_id": "P014", "mode": "tasked", "aoi": "AOI_LANCASTER", "timestamp": "2025-09-03T05:41:00Z"}, "geometry": {"type": "Polygon", "coordinates": [[[-93.4918, 69.2], [-93.3642, 69.4517], [-93.2379, 69.7034], [-93.1129, 69.9552], [-92.9894, 70.2069], [-92.8674, 70.4586], [-92.7468, 70.7103], [-92.6279, 70.9621], [-92.5106, 71.2138], [-92.3951, 71.4655], [-92.2813, 71.7172], [-92.1694, 71.969], [-92.0595, 72.2207], [-91.9516, 72.4724], [-91.8458, 72.7241], [-91.7422, 72.9759], [-91.641, 73.2276], [-91.5422, 73.4793], [-91.4459, 73.731], [-91.3522, 73.9828], [-91.2613, 74.2345], [-91.1734, 74.4862], [-91.0885, 74.7379], [-91.0068, 74.9897], [-90.9285, 75.2414], [-90.8538, 75.4931], [-90.7828, 75.7448], [-90.7157, 75.9966], [-90.6528, 76.2483], [-90.5943, 76.5], [-77.1261, 76.5], [-77.4265, 76.2483], [-77.7225, 75.9966], [-78.0144, 75.7448], [-78.3023, 75.4931], [-78.5865, 75.2414], [-78.8672, 74.9897], [-79.1444, 74.7379], [-79.4185, 74.4862], [-79.6895, 74.2345], [-79.9576, 73.9828], [-80.2229, 73.731], [-80.4855, 73.4793], [-80.7456, 73.2276], [-81.0033, 72.9759], [-81.2587, 72.7241], [-81.5118, 72.4724], [-81.7629, 72.2207], [-82.0119, 71.969], [-82.259, 71.7172], [-82.5041, 71.4655], [-82.7475, 71.2138], [-82.9892, 70.9621], [-83.2292, 70.7103], [-83.4676, 70.4586], [-83.7045, 70.2069], [-83.94, 69.9552], [-84.174, 69.7034], [-84.4066, 69.4517], [-84.6379, 69.2], [-93.4918, 69.2]]]}}, {"type": "Feature", "properties": {"pass_id": "P015", "mode": "routine", "aoi": "", "timestamp": "2025-09-03T12:32:00Z"}, "geometry": {"type": "Polygon", "coordinates": [[[-74.7939, 58.6106], [-74.5548, 58.9555], [-74.3164, 59.3003], [-74.0788, 59.6451], [-73.8419, 59.9899], [-73.6058, 60.3348], [-73.3705, 60.6796], [-73.1361, 61.0244], [-72.9026, 61.3692], [-72.67, 61.7141], [-72.4384, 62.0589], [-72.2077, 62.4037], [-71.9781, 62.7486], [-71.7495, 63.0934], [-71.522, 63.4382], [-71.2957, 63.783], [-71.0706, 64.1279], [-70.8467, 64.4727], [-70.6241, 64.8175], [-70.4028, 65.1624], [-70.1829, 65.5072], [-69.9645, 65.852], [-69.7477, 66.1968], [-69.5324, 66.5417], [-69.3188, 66.8865], [-69.1069, 67.2313], [-68.8968, 67.5761], [-68.6886, 67.921], [-68.4825, 68.2658], [-68.2784, 68.6106], [-59.6575, 68.6106], [-59.9919, 68.2658], [-60.3242, 67.921], [-60.6545, 67.5761], [-60.9829, 67.2313], [-61.3094, 66.8865], [-61.6343, 66.5417], [-61.9575, 66.1968], [-62.2791, 65.852], [-62.5991, 65.5072], [-62.9177, 65.1624], [-63.2349, 64.8175], [-63.5508, 64.4727], [-63.8654, 64.1279], [-64.1787, 63.783], [-64.4908, 63.4382], [-64.8018, 63.0934], [-65.1117, 62.7486], [-65.4205, 62.4037], [-65.7283, 62.0589], [-66.0351, 61.7141], [-66.341, 61.3692], [-66.646, 61.0244], [-66.95, 60.6796], [-67.2532, 60.3348], [-67.5556, 59.9899], [-67.8572, 59.6451], [-68.158, 59.3003], [-68.4581, 58.9555], [-68.7575, 58.6106], [-74.7939, 58.6106]]]}}, {"type": "Feature", "properties": {"pass_id": "P016", "mode": "tasked", "aoi": "", "timestamp": "2025-09-03T21:28:00Z"}, "geometry": {"type": "Polygon", "coordinates": [[[-70.5745, 57.0987], [-70.7288, 57.4436], [-70.8837, 57.7884], [-71.0393, 58.1332], [-71.1955, 58.478], [-71.3524, 58.8229], [-71.5101, 59.1677], [-71.6684, 59.5125], [-71.8276, 59.8574], [-71.9875, 60.2022], [-72.1482, 60.547], [-72.3098, 60.8918], [-72.4722, 61.2367], [-72.6356, 61.5815], [-72.7999, 61.9263], [-72.9651, 62.2712], [-73.1314, 62.616], [-73.2987, 62.9608], [-73.4671, 63.3056], [-73.6367, 63.6505], [-73.8074, 63.9953], [-73.9793, 64.3401], [-74.1525, 64.6849], [-74.327, 65.0298], [-74.5029, 65.3746], [-74.6802, 65.7194], [-74.8591, 66.0643], [-75.0395, 66.4091], [-75.2215, 66.7539], [-75.4053, 67.0987], [-67.3258, 67.0987], [-67.2554, 66.7539], [-67.1833, 66.4091], [-67.1095, 66.0643], [-67.0342, 65.7194], [-66.9574, 65.3746], [-66.8792, 65.0298], [-66.7995, 64.6849], [-66.7186, 64.3401], [-66.6364, 63.9953], [-66.5529, 63.6505], [-66.4683, 63.3056], [-66.3826, 62.9608], [-66.2957, 62.616], [-66.2078, 62.2712], [-66.119, 61.9263], [-66.0291, 61.5815], [-65.9383, 61.2367], [-65.8466, 60.8918], [-65.754, 60.547], [-65.6606, 60.2022], [-65.5664, 59.8574], [-65.4714, 59.5125], [-65.3756, 59.1677], [-65.2791, 58.8229], [-65.1819, 58.478], [-65.0839, 58.1332], [-64.9854, 57.7884], [-64.8861, 57.4436], [-64.7863, 57.0987], [-70.5745, 57.0987]]]}}, {"type": "Feature", "properties": {"pass_id": "P017", "mode": "tasked", "aoi": "", "timestamp": "2025-09-04T02:28:00Z"}, "geometry": {"type": "Polygon", "coordinates": [[[-77.3602, 56.5], [-77.1678, 56.8103], [-76.9759, 57.1207], [-76.7845, 57.431], [-76.5937, 57.7413], [-76.4033, 58.0517], [-76.2135, 58.362], [-76.0242, 58.6723], [-75.8355, 58.9826], [-75.6474, 59.293], [-75.4598, 59.6033], [-75.2729, 59.9136], [-75.0867, 60.224], [-74.9011, 60.5343], [-74.7162, 60.8446], [-74.5319, 61.155], [-74.3484, 61.4653], [-74.1657, 61.7756], [-73.9837, 62.0859], [-73.8026, 62.3963], [-73.6222, 62.7066], [-73.4428, 63.0169], [-73.2642, 63.3273], [-73.0865, 63.6376], [-72.9098, 63.9479], [-72.734, 64.2583], [-72.5593, 64.5686], [-72.3856, 64.8789], [-72.213, 65.1892], [-72.0416, 65.4996], [-64.46, 65.4996], [-64.7204, 65.1892], [-64.9796, 64.8789], [-65.2377, 64.5686], [-65.4948, 64.2583], [-65.7509, 63.9479], [-66.006, 63.6376], [-66.2601, 63.3273], [-66.5133, 63.0169], [-66.7656, 62.7066], [-67.0171, 62.3963], [-67.2677, 62.0859], [-67.5175, 61.7756], [-67.7666, 61.4653], [-68.0149, 61.155], [-68.2625, 60.8446], [-68.5094, 60.5343], [-68.7556, 60.224], [-69.0011, 59.9136], [-69.246, 59.6033], [-69.4903, 59.293], [-69.734, 58.9826], [-69.9771, 58.6723], [-70.2196, 58.362], [-70.4616, 58.0517], [-70.703, 57.7413], [-70.9439, 57.431], [-71.1843, 57.1207], [-71.4243, 56.8103], [-71.6637, 56.5], [-77.3602, 56.5]]]}}, {"type": "Feature", "properties": {"pass_id": "P018", "mode": "tasked", "aoi": "AOI_LANCASTER", "timestamp": "2025-09-04T06:22:00Z"}, "geometry": {"type": "Polygon", "coordinates": [[[-86.4459, 69.2], [-86.673, 69.4517], [-86.9014, 69.7034], [-87.1312, 69.9552], [-87.3624, 70.2069], [-87.5951, 70.4586], [-87.8293, 70.7103], [-88.0651, 70.9621], [-88.3025, 71.2138], [-88.5417, 71.4655], [-88.7827, 71.7172], [-89.0255, 71.969], [-89.2703, 72.2207], [-89.5171, 72.4724], [-89.7661, 72.7241], [-90.0172, 72.9759], [-90.2707, 73.2276], [-90.5266, 73.4793], [-90.785, 73.731], [-91.0461, 73.9828], [-91.3099, 74.2345], [-91.5767, 74.4862], [-91.8465, 74.7379], [-92.1196, 74.9897], [-92.396, 75.2414], [-92.676, 75.4931], [-92.9597, 75.7448], [-93.2474, 75.9966], [-93.5392, 76.2483], [-93.8354, 76.5], [-80.3672, 76.5], [-80.3129, 76.2483], [-80.2542, 75.9966], [-80.1914, 75.7448], [-80.1246, 75.4931], [-80.054, 75.2414], [-79.9799, 74.9897], [-79.9025, 74.7379], [-79.8218, 74.4862], [-79.7381, 74.2345], [-79.6514, 73.9828], [-79.562, 73.731], [-79.4699, 73.4793], [-79.3753, 73.2276], [-79.2783, 72.9759], [-79.1789, 72.7241], [-79.0774, 72.4724], [-78.9737, 72.2207], [-78.8679, 71.969], [-78.7603, 71.7172], [-78.6507, 71.4655], [-78.5394, 71.2138], [-78.4264, 70.9621], [-78.3116, 70.7103], [-78.1953, 70.4586], [-78.0775, 70.2069], [-77.9582, 69.9552], [-77.8375, 69.7034], [-77.7154, 69.4517], [-77.592, 69.2], [-86.4459, 69.2]]]}}, {"type": "Feature", "properties": {"pass_id": "P019", "mode": "tasked", "aoi": "", "timestamp": "2025-09-04T09:17:00Z"}, "geometry": {"type": "Polygon", "coordinates": [[[-86.106, 69.8433], [-86.1803, 70.0729], [-86.2558, 70.3024], [-86.3325, 70.532], [-86.4105, 70.7615], [-86.4898, 70.991], [-86.5706, 71.2206], [-86.6527, 71.4501], [-86.7364, 71.6797], [-86.8216, 71.9092], [-86.9084, 72.1387], [-86.9968, 72.3683], [-87.087, 72.5978], [-87.179, 72.8274], [-87.2729, 73.0569], [-87.3688, 73.2864], [-87.4666, 73.516], [-87.5666, 73.7455], [-87.6688, 73.9751], [-87.7733, 74.2046], [-87.8802, 74.4341], [-87.9896, 74.6637], [-88.1017, 74.8932], [-88.2165, 75.1228], [-88.3342, 75.3523], [-88.455, 75.5818], [-88.5788, 75.8114], [-88.7061, 76.0409], [-88.8368, 76.2705], [-88.9711, 76.5], [-75.5029, 76.5], [-75.5895, 76.2705], [-75.6724, 76.0409], [-75.7518, 75.8114], [-75.8279, 75.5818], [-75.9009, 75.3523], [-75.9708, 75.1228], [-76.0378, 74.8932], [-76.102, 74.6637], [-76.1637, 74.4341], [-76.2228, 74.2046], [-76.2795, 73.9751], [-76.3339, 73.7455], [-76.386, 73.516], [-76.4361, 73.2864], [-76.4841, 73.0569], [-76.5302, 72.8274], [-76.5744, 72.5978], [-76.6168, 72.3683], [-76.6575, 72.1387], [-76.6965, 71.9092], [-76.7339, 71.6797], [-76.7697, 71.4501], [-76.8041, 71.2206], [-76.837, 70.991], [-76.8685, 70.7615], [-76.8987, 70.532], [-76.9277, 70.3024], [-76.9553, 70.0729], [-76.9818, 69.8433], [-86.106, 69.8433]]]}}, {"type": "Feature", "properties": {"pass_id": "P020", "mode": "tasked", "aoi": "", "timestamp": "2025-09-04T12:43:00Z"}, "geometry": {"type": "Polygon", "coordinates": [[[-84.2924, 68.6061], [-84.3894, 68.8783], [-84.4879, 69.1505], [-84.5879, 69.4227], [-84.6894, 69.6949], [-84.7925, 69.9671], [-84.8973, 70.2393], [-85.0038, 70.5115], [-85.1121, 70.7837], [-85.2223, 71.0559], [-85.3344, 71.3281], [-85.4486, 71.6003], [-85.565, 71.8725], [-85.6836, 72.1447], [-85.8045, 72.4169], [-85.9279, 72.6891], [-86.0539, 72.9613], [-86.1825, 73.2335], [-86.314, 73.5057], [-86.4485, 73.778], [-86.5861, 74.0502], [-86.727, 74.3224], [-86.8714, 74.5946], [-87.0194, 74.8668], [-87.1713, 75.139], [-87.3272, 75.4112], [-87.4875, 75.6834], [-87.6523, 75.9556], [-87.8219, 76.2278], [-87.9966, 76.5], [-74.5284, 76.5], [-74.6149, 76.2278], [-74.6962, 75.9556], [-74.7728, 75.6834], [-74.8448, 75.4112], [-74.9124, 75.139], [-74.9761, 74.8668], [-75.0358, 74.5946], [-75.0919, 74.3224], [-75.1446, 74.0502], [-75.1939, 73.778], [-75.2401, 73.5057], [-75.2834, 73.2335], [-75.3238, 72.9613], [-75.3615, 72.6891], [-75.3966, 72.4169], [-75.4293, 72.1447], [-75.4597, 71.8725], [-75.4877, 71.6003], [-75.5137, 71.3281], [-75.5376, 71.0559], [-75.5595, 70.7837], [-75.5796, 70.5115], [-75.5978, 70.2393], [-75.6143, 69.9671], [-75.6291, 69.6949], [-75.6424, 69.4227], [-75.6541, 69.1505], [-75.6644, 68.8783], [-75.6732, 68.6061], [-84.2924, 68.6061]]]}}, {"type": "Feature", "properties": {"pass_id": "P021", "mode": "routine", "aoi": "", "timestamp": "2025-09-04T15:01:00Z"}, "geometry": {"type": "Polygon", "coordinates": [[[-109.7098, 66.2748], [-109.9625, 66.6196], [-110.2169, 66.9644], [-110.4731, 67.3093], [-110.7311, 67.6541], [-110.991, 67.9989], [-111.2529, 68.3438], [-111.517, 68.6886], [-111.7832, 69.0334], [-112.0518, 69.3782], [-112.3229, 69.7231], [-112.5965, 70.0679], [-112.8728, 70.4127], [-113.152, 70.7576], [-113.4341, 71.1024], [-113.7195, 71.4472], [-114.0082, 71.792], [-114.3005, 72.1369], [-114.5965, 72.4817], [-114.8965, 72.8265], [-115.2008, 73.1713], [-115.5095, 73.5162], [-115.823, 73.861], [-116.1417, 74.2058], [-116.4658, 74.5507], [-116.7956, 74.8955], [-117.1318, 75.2403], [-117.4745, 75.5851], [-117.8245, 75.93], [-118.1821, 76.2748], [-104.9307, 76.2748], [-104.8916, 75.93], [-104.8447, 75.5851], [-104.7906, 75.2403], [-104.7299, 74.8955], [-104.663, 74.5507], [-104.5903, 74.2058], [-104.5121, 73.861], [-104.4288, 73.5162], [-104.3408, 73.1713], [-104.2482, 72.8265], [-104.1514, 72.4817], [-104.0506, 72.1369], [-103.9461, 71.792], [-103.838, 71.4472], [-103.7265, 71.1024], [-103.6119, 70.7576], [-103.4942, 70.4127], [-103.3737, 70.0679], [-103.2505, 69.7231], [-103.1248, 69.3782], [-102.9965, 69.0334], [-102.866, 68.6886], [-102.7332, 68.3438], [-102.5983, 67.9989], [-102.4614, 67.6541], [-102.3226, 67.3093], [-102.182, 66.9644], [-102.0396, 66.6196], [-101.8955, 66.2748], [-109.7098, 66.2748]]]}}, {"type": "Feature", "properties": {"pass_id": "P022", "mode": "tasked", "aoi": "", "timestamp": "2025-09-04T18:28:00Z"}, "geometry": {"type": "Polygon", "coordinates": [[[-68.8021, 56.5], [-69.0109, 56.8426], [-69.2203, 57.1852], [-69.4302, 57.5278], [-69.6408, 57.8705], [-69.852, 58.2131], [-70.0639, 58.5557], [-70.2765, 58.8983], [-70.4897, 59.2409], [-70.7037, 59.5835], [-70.9185, 59.9261], [-71.134, 60.2687], [-71.3504, 60.6114], [-71.5676, 60.954], [-71.7856, 61.2966], [-72.0046, 61.6392], [-72.2244, 61.9818], [-72.4453, 62.3244], [-72.6671, 62.667], [-72.89, 63.0097], [-73.114, 63.3523], [-73.3391, 63.6949], [-73.5653, 64.0375], [-73.7928, 64.3801], [-74.0215, 64.7227], [-74.2515, 65.0653], [-74.4829, 65.4079], [-74.7158, 65.7506], [-74.9501, 66.0932], [-75.1859, 66.4358], [-67.3213, 66.4358], [-67.1917, 66.0932], [-67.0605, 65.7506], [-66.9278, 65.4079], [-66.7937, 65.0653], [-66.6583, 64.7227], [-66.5215, 64.3801], [-66.3835, 64.0375], [-66.2442, 63.6949], [-66.1038, 63.3523], [-65.9623, 63.0097], [-65.8197, 62.667], [-65.676, 62.3244], [-65.5313, 61.9818], [-65.3857, 61.6392], [-65.2392, 61.2966], [-65.0917, 60.954], [-64.9434, 60.6114], [-64.7943, 60.2687], [-64.6443, 59.9261], [-64.4936, 59.5835], [-64.3421, 59.2409], [-64.1898, 58.8983], [-64.0369, 58.5557], [-63.8833, 58.2131], [-63.729, 57.8705], [-63.5741, 57.5278], [-63.4186, 57.1852], [-63.2624, 56.8426], [-63.1057, 56.5], [-68.8021, 56.5]]]}}, {"type": "Feature", "properties": {"pass_id": "P023", "mode": "routine", "aoi": "", "timestamp": "2025-09-04T18:49:00Z"}, "geometry": {"type": "Polygon", "coordinates": [[[-113.6431, 61.3188], [-113.5331, 61.6636], [-113.424, 62.0085], [-113.3159, 62.3533], [-113.2088, 62.6981], [-113.1028, 63.0429], [-112.9979, 63.3878], [-112.8941, 63.7326], [-112.7915, 64.0774], [-112.6901, 64.4222], [-112.59, 64.7671], [-112.4913, 65.1119], [-112.3939, 65.4567], [-112.298, 65.8016], [-112.2036, 66.1464], [-112.1108, 66.4912], [-112.0197, 66.836], [-111.9303, 67.1809], [-111.8426, 67.5257], [-111.7569, 67.8705], [-111.6732, 68.2154], [-111.5915, 68.5602], [-111.512, 68.905], [-111.4348, 69.2498], [-111.36, 69.5947], [-111.2877, 69.9395], [-111.218, 70.2843], [-111.1512, 70.6291], [-111.0873, 70.974], [-111.0265, 71.3188], [-101.2105, 71.3188], [-101.4428, 70.974], [-101.6719, 70.6291], [-101.8981, 70.2843], [-102.1216, 69.9395], [-102.3423, 69.5947], [-102.5605, 69.2498], [-102.7763, 68.905], [-102.9899, 68.5602], [-103.2012, 68.2154], [-103.4105, 67.8705], [-103.6178, 67.5257], [-103.8232, 67.1809], [-104.0269, 66.836], [-104.2287, 66.4912], [-104.429, 66.1464], [-104.6276, 65.8016], [-104.8248, 65.4567], [-105.0204, 65.1119], [-105.2147, 64.7671], [-105.4077, 64.4222], [-105.5993, 64.0774], [-105.7898, 63.7326], [-105.979, 63.3878], [-106.1671, 63.0429], [-106.3542, 62.6981], [-106.5401, 62.3533], [-106.7251, 62.0085], [-106.909, 61.6636], [-107.092, 61.3188], [-113.6431, 61.3188]]]}}, {"type": "Feature", "properties": {"pass_id": "P024", "mode": "routine", "aoi": "", "timestamp": "2025-09-05T02:49:00Z"}, "geometry": {"type": "Polygon", "coordinates": [[[-96.505, 66.9381], [-96.5923, 67.2679], [-96.6812, 67.5976], [-96.7718, 67.9273], [-96.8643, 68.257], [-96.9587, 68.5867], [-97.0551, 68.9165], [-97.1536, 69.2462], [-97.2542, 69.5759], [-97.3572, 69.9056], [-97.4626, 70.2353], [-97.5705, 70.565], [-97.6811, 70.8948], [-97.7945, 71.2245], [-97.9109, 71.5542], [-98.0304, 71.8839], [-98.1532, 72.2136], [-98.2794, 72.5434], [-98.4094, 72.8731], [-98.5433, 73.2028], [-98.6813, 73.5325], [-98.8236, 73.8622], [-98.9707, 74.192], [-99.1227, 74.5217], [-99.28, 74.8514], [-99.4429, 75.1811], [-99.6119, 75.5108], [-99.7873, 75.8406], [-99.9696, 76.1703], [-100.1593, 76.5], [-86.6911, 76.5], [-86.8165, 76.1703], [-86.9344, 75.8406], [-87.0454, 75.5108], [-87.15, 75.1811], [-87.2486, 74.8514], [-87.3415, 74.5217], [-87.4292, 74.192], [-87.5118, 73.8622], [-87.5899, 73.5325], [-87.6635, 73.2028], [-87.733, 72.8731], [-87.7986, 72.5434], [-87.8605, 72.2136], [-87.9189, 71.8839], [-87.974, 71.5542], [-88.0261, 71.2245], [-88.0751, 70.8948], [-88.1213, 70.565], [-88.1649, 70.2353], [-88.2059, 69.9056], [-88.2445, 69.5759], [-88.2808, 69.2462], [-88.3149, 68.9165], [-88.3469, 68.5867], [-88.377, 68.257], [-88.4051, 67.9273], [-88.4314, 67.5976], [-88.4559, 67.2679], [-88.4788, 66.9381], [-96.505, 66.9381]]]}}, {"type": "Feature", "properties": {"pass_id": "P025", "mode": "tasked", "aoi": "AOI_HUDSON", "timestamp": "2025-09-05T03:34:00Z"}, "geometry": {"type": "Polygon", "coordinates": [[[-70.7073, 56.9], [-70.9874, 57.2448], [-71.2681, 57.5897], [-71.5494, 57.9345], [-71.8314, 58.2793], [-72.114, 58.6241], [-72.3974, 58.969], [-72.6814, 59.3138], [-72.9662, 59.6586], [-73.2518, 60.0034], [-73.5382, 60.3483], [-73.8254, 60.6931], [-74.1135, 61.0379], [-74.4024, 61.3828], [-74.6923, 61.7276], [-74.9831, 62.0724], [-75.2749, 62.4172], [-75.5678, 62.7621], [-75.8616, 63.1069], [-76.1566, 63.4517], [-76.4528, 63.7966], [-76.7501, 64.1414], [-77.0487, 64.4862], [-77.3486, 64.831], [-77.6498, 65.1759], [-77.9524, 65.5207], [-78.2565, 65.8655], [-78.5621, 66.2103], [-78.8694, 66.5552], [-79.1782, 66.9], [-71.1645, 66.9], [-70.967, 66.5552], [-70.7678, 66.2103], [-70.567, 65.8655], [-70.3647, 65.5207], [-70.1609, 65.1759], [-69.9558, 64.831], [-69.7492, 64.4862], [-69.5414, 64.1414], [-69.3324, 63.7966], [-69.1221, 63.4517], [-68.9107, 63.1069], [-68.6982, 62.7621], [-68.4847, 62.4172], [-68.2701, 62.0724], [-68.0545, 61.7276], [-67.838, 61.3828], [-67.6205, 61.0379], [-67.4022, 60.6931], [-67.183, 60.3483], [-66.963, 60.0034], [-66.7422, 59.6586], [-66.5206, 59.3138], [-66.2983, 58.969], [-66.0752, 58.6241], [-65.8515, 58.2793], [-65.6271, 57.9345], [-65.402, 57.5897], [-65.1763, 57.2448], [-64.95, 56.9], [-70.7073, 56.9]]]}}, {"type": "Feature", "properties": {"pass_id": "P026", "mode": "routine", "aoi": "", "timestamp": "2025-09-05T09:30:00Z"}, "geometry": {"type": "Polygon", "coordinates": [[[-115.7398, 63.5145], [-115.7304, 63.8593], [-115.7222, 64.2041], [-115.7153, 64.549], [-115.7097, 64.8938], [-115.7054, 65.2386], [-115.7025, 65.5835], [-115.7011, 65.9283], [-115.7012, 66.2731], [-115.703, 66.6179], [-115.7064, 66.9628], [-115.7116, 67.3076], [-115.7186, 67.6524], [-115.7275, 67.9972], [-115.7385, 68.3421], [-115.7516, 68.6869], [-115.7669, 69.0317], [-115.7845, 69.3766], [-115.8045, 69.7214], [-115.8271, 70.0662], [-115.8525, 70.411], [-115.8807, 70.7559], [-115.9119, 71.1007], [-115.9462, 71.4455], [-115.984, 71.7904], [-116.0252, 72.1352], [-116.0703, 72.48], [-116.1193, 72.8248], [-116.1726, 73.1697], [-116.2303, 73.5145], [-105.1507, 73.5145], [-105.3136, 73.1697], [-105.472, 72.8248], [-105.6261, 72.48], [-105.7763, 72.1352], [-105.9227, 71.7904], [-106.0656, 71.4455], [-106.2051, 71.1007], [-106.3414, 70.7559], [-106.4747, 70.411], [-106.6051, 70.0662], [-106.7329, 69.7214], [-106.8581, 69.3766], [-106.9808, 69.0317], [-107.1012, 68.6869], [-107.2194, 68.3421], [-107.3355, 67.9972], [-107.4496, 67.6524], [-107.5617, 67.3076], [-107.672, 66.9628], [-107.7806, 66.6179], [-107.8875, 66.2731], [-107.9927, 65.9283], [-108.0964, 65.5835], [-108.1987, 65.2386], [-108.2995, 64.8938], [-108.399, 64.549], [-108.4972, 64.2041], [-108.5941, 63.8593], [-108.6899, 63.5145], [-115.7398, 63.5145]]]}}, {"type": "Feature", "properties": {"pass_id": "P027", "mode": "tasked", "aoi": "", "timestamp": "2025-09-05T20:26:00Z"}, "geometry": {"type": "Polygon", "coordinates": [[[-76.0979, 69.7745], [-76.2785, 70.0064], [-76.4603, 70.2383], [-76.6434, 70.4702], [-76.8277, 70.7021], [-77.0135, 70.9341], [-77.2006, 71.166], [-77.3891, 71.3979], [-77.5792, 71.6298], [-77.7708, 71.8617], [-77.9641, 72.0936], [-78.1591, 72.3255], [-78.3558, 72.5575], [-78.5543, 72.7894], [-78.7547, 73.0213], [-78.9571, 73.2532], [-79.1616, 73.4851], [-79.3682, 73.717], [-79.5771, 73.9489], [-79.7883, 74.1809], [-80.002, 74.4128], [-80.2182, 74.6447], [-80.4372, 74.8766], [-80.6589, 75.1085], [-80.8835, 75.3404], [-81.1112, 75.5723], [-81.3422, 75.8043], [-81.5765, 76.0362], [-81.8144, 76.2681], [-82.0561, 76.5], [-68.5879, 76.5], [-68.5694, 76.2681], [-68.5472, 76.0362], [-68.5215, 75.8043], [-68.4923, 75.5723], [-68.46, 75.3404], [-68.4245, 75.1085], [-68.3862, 74.8766], [-68.345, 74.6447], [-68.3011, 74.4128], [-68.2547, 74.1809], [-68.2058, 73.9489], [-68.1546, 73.717], [-68.1012, 73.4851], [-68.0456, 73.2532], [-67.9879, 73.0213], [-67.9282, 72.7894], [-67.8667, 72.5575], [-67.8033, 72.3255], [-67.7382, 72.0936], [-67.6713, 71.8617], [-67.6029, 71.6298], [-67.5329, 71.3979], [-67.4614, 71.166], [-67.3884, 70.9341], [-67.314, 70.7021], [-67.2383, 70.4702], [-67.1613, 70.2383], [-67.083, 70.0064], [-67.0035, 69.7745], [-76.0979, 69.7745]]]}}, {"type": "Feature", "properties": {"pass_id": "P028", "mode": "routine", "aoi": "", "timestamp": "2025-09-06T04:38:00Z"}, "geometry": {"type": "Polygon", "coordinates": [[[-86.0578, 65.3605], [-86.2205, 65.7053], [-86.3848, 66.0501], [-86.5507, 66.395], [-86.7181, 66.7398], [-86.8873, 67.0846], [-87.0583, 67.4295], [-87.2311, 67.7743], [-87.4059, 68.1191], [-87.5827, 68.4639], [-87.7617, 68.8088], [-87.9429, 69.1536], [-88.1265, 69.4984], [-88.3126, 69.8432], [-88.5013, 70.1881], [-88.6928, 70.5329], [-88.8871, 70.8777], [-89.0846, 71.2226], [-89.2852, 71.5674], [-89.4893, 71.9122], [-89.6971, 72.257], [-89.9086, 72.6019], [-90.1243, 72.9467], [-90.3442, 73.2915], [-90.5688, 73.6363], [-90.7982, 73.9812], [-91.0329, 74.326], [-91.2731, 74.6708], [-91.5193, 75.0157], [-91.7718, 75.3605], [-79.3316, 75.3605], [-79.359, 75.0157], [-79.3801, 74.6708], [-79.3951, 74.326], [-79.4046, 73.9812], [-79.4089, 73.6363], [-79.4083, 73.2915], [-79.4031, 72.9467], [-79.3936, 72.6019], [-79.38, 72.257], [-79.3626, 71.9122], [-79.3415, 71.5674], [-79.3171, 71.2226], [-79.2894, 70.8777], [-79.2586, 70.5329], [-79.2249, 70.1881], [-79.1884, 69.8432], [-79.1494, 69.4984], [-79.1078, 69.1536], [-79.0639, 68.8088], [-79.0177, 68.4639], [-78.9694, 68.1191], [-78.919, 67.7743], [-78.8667, 67.4295], [-78.8125, 67.0846], [-78.7565, 66.7398], [-78.6989, 66.395], [-78.6396, 66.0501], [-78.5787, 65.7053], [-78.5163, 65.3605], [-86.0578, 65.3605]]]}}, {"type": "Feature", "properties": {"pass_id": "P029", "mode": "routine", "aoi": "", "timestamp": "2025-09-06T08:02:00Z"}, "geometry": {"type": "Polygon", "coordinates": [[[-87.6233, 65.5231], [-87.5086, 65.8679], [-87.3955, 66.2127], [-87.2839, 66.5576], [-87.1741, 66.9024], [-87.0659, 67.2472], [-86.9596, 67.592], [-86.8552, 67.9369], [-86.7528, 68.2817], [-86.6525, 68.6265], [-86.5543, 68.9713], [-86.4585, 69.3162], [-86.3651, 69.661], [-86.2743, 70.0058], [-86.1861, 70.3507], [-86.1008, 70.6955], [-86.0184, 71.0403], [-85.9392, 71.3851], [-85.8633, 71.73], [-85.791, 72.0748], [-85.7223, 72.4196], [-85.6576, 72.7645], [-85.5971, 73.1093], [-85.541, 73.4541], [-85.4897, 73.7989], [-85.4434, 74.1438], [-85.4025, 74.4886], [-85.3673, 74.8334], [-85.3383, 75.1782], [-85.3159, 75.5231], [-72.739, 75.5231], [-73.0477, 75.1782], [-73.3499, 74.8334], [-73.6458, 74.4886], [-73.9361, 74.1438], [-74.2209, 73.7989], [-74.5008, 73.4541], [-74.7758, 73.1093], [-75.0465, 72.7645], [-75.3129, 72.4196], [-75.5754, 72.0748], [-75.8342, 71.73], [-76.0895, 71.3851], [-76.3414, 71.0403], [-76.5902, 70.6955], [-76.836, 70.3507], [-77.079, 70.0058], [-77.3193, 69.661], [-77.5571, 69.3162], [-77.7924, 68.9713], [-78.0254, 68.6265], [-78.2562, 68.2817], [-78.485, 67.9369], [-78.7117, 67.592], [-78.9365, 67.2472], [-79.1595, 66.9024], [-79.3808, 66.5576], [-79.6004, 66.2127], [-79.8184, 65.8679], [-80.0349, 65.5231], [-87.6233, 65.5231]]]}}, {"type": "Feature", "properties": {"pass_id": "P030", "mode": "tasked", "aoi": "", "timestamp": "2025-09-06T08:39:00Z"}, "geometry": {"type": "Polygon", "coordinates": [[[-64.696, 64.7155], [-64.8016, 65.0603], [-64.9086, 65.4051], [-65.017, 65.75], [-65.1269, 66.0948], [-65.2384, 66.4396], [-65.3516, 66.7844], [-65.4664, 67.1293], [-65.5831, 67.4741], [-65.7016, 67.8189], [-65.8221, 68.1638], [-65.9446, 68.5086], [-66.0693, 68.8534], [-66.1963, 69.1982], [-66.3256, 69.5431], [-66.4575, 69.8879], [-66.592, 70.2327], [-66.7293, 70.5775], [-66.8695, 70.9224], [-67.0128, 71.2672], [-67.1593, 71.612], [-67.3093, 71.9569], [-67.463, 72.3017], [-67.6205, 72.6465], [-67.7821, 72.9913], [-67.9481, 73.3362], [-68.1187, 73.681], [-68.2942, 74.0258], [-68.4751, 74.3707], [-68.6615, 74.7155], [-56.7345, 74.7155], [-56.8049, 74.3707], [-56.8697, 74.0258], [-56.9292, 73.681], [-56.9838, 73.3362], [-57.0337, 72.9913], [-57.0793, 72.6465], [-57.1207, 72.3017], [-57.1584, 71.9569], [-57.1923, 71.612], [-57.2228, 71.2672], [-57.2501, 70.9224], [-57.2742, 70.5775], [-57.2955, 70.2327], [-57.3139, 69.8879], [-57.3298, 69.5431], [-57.3431, 69.1982], [-57.354, 68.8534], [-57.3627, 68.5086], [-57.3692, 68.1638], [-57.3736, 67.8189], [-57.3761, 67.4741], [-57.3767, 67.1293], [-57.3755, 66.7844], [-57.3726, 66.4396], [-57.3681, 66.0948], [-57.3619, 65.75], [-57.3543, 65.4051], [-57.3452, 65.0603], [-57.3348, 64.7155], [-64.696, 64.7155]]]}}, {"type": "Feature", "properties": {"pass_id": "P031", "mode": "tasked", "aoi": "", "timestamp": "2025-09-06T13:20:00Z"}, "geometry": {"type": "Polygon", "coordinates": [[[-88.4002, 69.4972], [-88.5626, 69.7387], [-88.7262, 69.9801], [-88.8911, 70.2216], [-89.0573, 70.4631], [-89.225, 70.7046], [-89.3942, 70.946], [-89.5648, 71.1875], [-89.7371, 71.429], [-89.911, 71.6705], [-90.0865, 71.9119], [-90.2639, 72.1534], [-90.4431, 72.3949], [-90.6243, 72.6364], [-90.8074, 72.8779], [-90.9927, 73.1193], [-91.1801, 73.3608], [-91.3698, 73.6023], [-91.5619, 73.8438], [-91.7565, 74.0852], [-91.9537, 74.3267], [-92.1536, 74.5682], [-92.3564, 74.8097], [-92.5622, 75.0511], [-92.7711, 75.2926], [-92.9833, 75.5341], [-93.199, 75.7756], [-93.4184, 76.017], [-93.6416, 76.2585], [-93.8688, 76.5], [-80.4006, 76.5], [-80.4056, 76.2585], [-80.4066, 76.017], [-80.4036, 75.7756], [-80.3971, 75.5341], [-80.3871, 75.2926], [-80.3737, 75.0511], [-80.3572, 74.8097], [-80.3378, 74.5682], [-80.3154, 74.3267], [-80.2904, 74.0852], [-80.2627, 73.8438], [-80.2325, 73.6023], [-80.2, 73.3608], [-80.1651, 73.1193], [-80.1281, 72.8779], [-80.089, 72.6364], [-80.0479, 72.3949], [-80.0048, 72.1534], [-79.9599, 71.9119], [-79.9133, 71.6705], [-79.8649, 71.429], [-79.8149, 71.1875], [-79.7633, 70.946], [-79.7101, 70.7046], [-79.6556, 70.4631], [-79.5996, 70.2216], [-79.5422, 69.9801], [-79.4836, 69.7387], [-79.4236, 69.4972], [-88.4002, 69.4972]]]}}, {"type": "Feature", "properties": {"pass_id": "P032", "mode": "tasked", "aoi": "AOI_HUDSON", "timestamp": "2025-09-06T13:56:00Z"}, "geometry": {"type": "Polygon", "coordinates": [[[-73.1269, 56.9], [-73.2401, 57.2448], [-73.3539, 57.5897], [-73.4684, 57.9345], [-73.5835, 58.2793], [-73.6992, 58.6241], [-73.8157, 58.969], [-73.9329, 59.3138], [-74.0509, 59.6586], [-74.1696, 60.0034], [-74.2891, 60.3483], [-74.4095, 60.6931], [-74.5307, 61.0379], [-74.6527, 61.3828], [-74.7757, 61.7276], [-74.8997, 62.0724], [-75.0246, 62.4172], [-75.1506, 62.7621], [-75.2776, 63.1069], [-75.4057, 63.4517], [-75.535, 63.7966], [-75.6655, 64.1414], [-75.7972, 64.4862], [-75.9302, 64.831], [-76.0646, 65.1759], [-76.2003, 65.5207], [-76.3376, 65.8655], [-76.4763, 66.2103], [-76.6167, 66.5552], [-76.7587, 66.9], [-68.7449, 66.9], [-68.7143, 66.5552], [-68.682, 66.2103], [-68.648, 65.8655], [-68.6126, 65.5207], [-68.5757, 65.1759], [-68.5374, 64.831], [-68.4977, 64.4862], [-68.4568, 64.1414], [-68.4146, 63.7966], [-68.3712, 63.4517], [-68.3267, 63.1069], [-68.2811, 62.7621], [-68.2344, 62.4172], [-68.1866, 62.0724], [-68.1379, 61.7276], [-68.0883, 61.3828], [-68.0377, 61.0379], [-67.9862, 60.6931], [-67.9339, 60.3483], [-67.8808, 60.0034], [-67.8268, 59.6586], [-67.7721, 59.3138], [-67.7167, 58.969], [-67.6605, 58.6241], [-67.6036, 58.2793], [-67.546, 57.9345], [-67.4878, 57.5897], [-67.429, 57.2448], [-67.3695, 56.9], [-73.1269, 56.9]]]}}, {"type": "Feature", "properties": {"pass_id": "P033", "mode": "tasked", "aoi": "", "timestamp": "2025-09-06T20:38:00Z"}, "geometry": {"type": "Polygon", "coordinates": [[[-90.5623, 57.1765], [-90.7109, 57.5213], [-90.8602, 57.8661], [-91.0101, 58.2109], [-91.1607, 58.5558], [-91.3119, 58.9006], [-91.4639, 59.2454], [-91.6167, 59.5902], [-91.7702, 59.9351], [-91.9244, 60.2799], [-92.0795, 60.6247], [-92.2355, 60.9696], [-92.3923, 61.3144], [-92.5501, 61.6592], [-92.7088, 62.004], [-92.8684, 62.3489], [-93.0291, 62.6937], [-93.1909, 63.0385], [-93.3537, 63.3834], [-93.5177, 63.7282], [-93.6829, 64.073], [-93.8493, 64.4178], [-94.0169, 64.7627], [-94.1859, 65.1075], [-94.3564, 65.4523], [-94.5282, 65.7971], [-94.7016, 66.142], [-94.8765, 66.4868], [-95.0531, 66.8316], [-95.2315, 67.1765], [-87.1259, 67.1765], [-87.0617, 66.8316], [-86.9958, 66.4868], [-86.9283, 66.142], [-86.8591, 65.7971], [-86.7884, 65.4523], [-86.7163, 65.1075], [-86.6428, 64.7627], [-86.568, 64.4178], [-86.4919, 64.073], [-86.4145, 63.7282], [-86.336, 63.3834], [-86.2563, 63.0385], [-86.1755, 62.6937], [-86.0937, 62.3489], [-86.0108, 62.004], [-85.927, 61.6592], [-85.8422, 61.3144], [-85.7565, 60.9696], [-85.6699, 60.6247], [-85.5825, 60.2799], [-85.4943, 59.9351], [-85.4053, 59.5902], [-85.3155, 59.2454], [-85.2249, 58.9006], [-85.1337, 58.5558], [-85.0417, 58.2109], [-84.9491, 57.8661], [-84.8559, 57.5213], [-84.762, 57.1765], [-90.5623, 57.1765]]]}}, {"type": "Feature", "properties": {"pass_id": "P034", "mode": "routine", "aoi": "", "timestamp": "2025-09-07T01:43:00Z"}, "geometry": {"type": "Polygon", "coordinates": [[[-73.4148, 62.7423], [-73.2836, 63.0871], [-73.1535, 63.4319], [-73.0245, 63.7768], [-72.8967, 64.1216], [-72.7702, 64.4664], [-72.645, 64.8112], [-72.5211, 65.1561], [-72.3986, 65.5009], [-72.2776, 65.8457], [-72.1581, 66.1906], [-72.0401, 66.5354], [-71.9239, 66.8802], [-71.8094, 67.225], [-71.6967, 67.5699], [-71.5859, 67.9147], [-71.4771, 68.2595], [-71.3703, 68.6043], [-71.2658, 68.9492], [-71.1636, 69.294], [-71.0638, 69.6388], [-70.9665, 69.9837], [-70.8719, 70.3285], [-70.7801, 70.6733], [-70.6913, 71.0181], [-70.6056, 71.363], [-70.5232, 71.7078], [-70.4444, 72.0526], [-70.3692, 72.3974], [-70.298, 72.7423], [-59.7001, 72.7423], [-59.9725, 72.3974], [-60.241, 72.0526], [-60.5058, 71.7078], [-60.7672, 71.363], [-61.0252, 71.0181], [-61.28, 70.6733], [-61.5319, 70.3285], [-61.781, 69.9837], [-62.0274, 69.6388], [-62.2712, 69.294], [-62.5127, 68.9492], [-62.7518, 68.6043], [-62.9888, 68.2595], [-63.2236, 67.9147], [-63.4565, 67.5699], [-63.6875, 67.225], [-63.9166, 66.8802], [-64.144, 66.5354], [-64.3698, 66.1906], [-64.594, 65.8457], [-64.8166, 65.5009], [-65.0378, 65.1561], [-65.2576, 64.8112], [-65.476, 64.4664], [-65.6932, 64.1216], [-65.9091, 63.7768], [-66.1238, 63.4319], [-66.3374, 63.0871], [-66.5498, 62.7423], [-73.4148, 62.7423]]]}}, {"type": "Feature", "properties": {"pass_id": "P035", "mode": "tasked", "aoi": "", "timestamp": "2025-09-07T04:06:00Z"}, "geometry": {"type": "Polygon", "coordinates": [[[-100.9684, 63.9802], [-101.0756, 64.325], [-101.184, 64.6698], [-101.2938, 65.0147], [-101.405, 65.3595], [-101.5176, 65.7043], [-101.6317, 66.0491], [-101.7473, 66.394], [-101.8646, 66.7388], [-101.9836, 67.0836], [-102.1044, 67.4285], [-102.227, 67.7733], [-102.3516, 68.1181], [-102.4783, 68.4629], [-102.6071, 68.8078], [-102.7381, 69.1526], [-102.8715, 69.4974], [-103.0074, 69.8422], [-103.146, 70.1871], [-103.2872, 70.5319], [-103.4314, 70.8767], [-103.5787, 71.2216], [-103.7292, 71.5664], [-103.8831, 71.9112], [-104.0406, 72.256], [-104.202, 72.6009], [-104.3674, 72.9457], [-104.5372, 73.2905], [-104.7115, 73.6354], [-104.8908, 73.9802], [-93.4979, 73.9802], [-93.5524, 73.6354], [-93.6019, 73.2905], [-93.6469, 72.9457], [-93.6875, 72.6009], [-93.7241, 72.256], [-93.7569, 71.9112], [-93.786, 71.5664], [-93.8117, 71.2216], [-93.8341, 70.8767], [-93.8535, 70.5319], [-93.87, 70.1871], [-93.8837, 69.8422], [-93.8948, 69.4974], [-93.9034, 69.1526], [-93.9097, 68.8078], [-93.9137, 68.4629], [-93.9155, 68.1181], [-93.9153, 67.7733], [-93.9132, 67.4285], [-93.9092, 67.0836], [-93.9034, 66.7388], [-93.8959, 66.394], [-93.8867, 66.0491], [-93.876, 65.7043], [-93.8638, 65.3595], [-93.8502, 65.0147], [-93.8352, 64.6698], [-93.8188, 64.325], [-93.8012, 63.9802], [-100.9684, 63.9802]]]}}, {"type": "Feature", "properties": {"pass_id": "P036", "mode": "routine", "aoi": "", "timestamp": "2025-09-07T04:07:00Z"}, "geometry": {"type": "Polygon", "coordinates": [[[-116.4753, 60.4707], [-116.3053, 60.8156], [-116.1361, 61.1604], [-115.9678, 61.5052], [-115.8005, 61.8501], [-115.6341, 62.1949], [-115.4687, 62.5397], [-115.3043, 62.8845], [-115.1411, 63.2294], [-114.9789, 63.5742], [-114.8179, 63.919], [-114.6582, 64.2638], [-114.4996, 64.6087], [-114.3424, 64.9535], [-114.1866, 65.2983], [-114.0322, 65.6432], [-113.8793, 65.988], [-113.7279, 66.3328], [-113.5781, 66.6776], [-113.4301, 67.0225], [-113.2838, 67.3673], [-113.1393, 67.7121], [-112.9968, 68.0569], [-112.8563, 68.4018], [-112.718, 68.7466], [-112.5819, 69.0914], [-112.4481, 69.4363], [-112.3168, 69.7811], [-112.1881, 70.1259], [-112.0621, 70.4707], [-102.6568, 70.4707], [-102.9395, 70.1259], [-103.2195, 69.7811], [-103.4969, 69.4363], [-103.7719, 69.0914], [-104.0445, 68.7466], [-104.3148, 68.4018], [-104.5831, 68.0569], [-104.8493, 67.7121], [-105.1135, 67.3673], [-105.3759, 67.0225], [-105.6366, 66.6776], [-105.8955, 66.3328], [-106.1529, 65.988], [-106.4086, 65.6432], [-106.6629, 65.2983], [-106.9158, 64.9535], [-107.1673, 64.6087], [-107.4175, 64.2638], [-107.6664, 63.919], [-107.9142, 63.5742], [-108.1607, 63.2294], [-108.4062, 62.8845], [-108.6505, 62.5397], [-108.8938, 62.1949], [-109.1362, 61.8501], [-109.3775, 61.5052], [-109.6179, 61.1604], [-109.8575, 60.8156], [-110.0961, 60.4707], [-116.4753, 60.4707]]]}}, {"type": "Feature", "properties": {"pass_id": "P037", "mode": "tasked", "aoi": "AOI_DAVIS_CLOSED", "timestamp": "2025-09-07T11:32:00Z"}, "geometry": {"type": "Polygon", "coordinates": [[[-60.4362, 63.4], [-60.691, 63.7448], [-60.947, 64.0897], [-61.2042, 64.4345], [-61.4628, 64.7793], [-61.7227, 65.1241], [-61.9839, 65.469], [-62.2466, 65.8138], [-62.5109, 66.1586], [-62.7767, 66.5034], [-63.0442, 66.8483], [-63.3134, 67.1931], [-63.5844, 67.5379], [-63.8573, 67.8828], [-64.1322, 68.2276], [-64.4092, 68.5724], [-64.6883, 68.9172], [-64.9698, 69.2621], [-65.2536, 69.6069], [-65.54, 69.9517], [-65.829, 70.2966], [-66.1208, 70.6414], [-66.4156, 70.9862], [-66.7135, 71.331], [-67.0148, 71.6759], [-67.3195, 72.0207], [-67.6278, 72.3655], [-67.9401, 72.7103], [-68.2566, 73.0552], [-68.5774, 73.4], [-57.5721, 73.4], [-57.4688, 73.0552], [-57.3612, 72.7103], [-57.2494, 72.3655], [-57.1336, 72.0207], [-57.0142, 71.6759], [-56.8913, 71.331], [-56.7651, 70.9862], [-56.6358, 70.6414], [-56.5036, 70.2966], [-56.3685, 69.9517], [-56.2308, 69.6069], [-56.0905, 69.2621], [-55.9478, 68.9172], [-55.8029, 68.5724], [-55.6558, 68.2276], [-55.5065, 67.8828], [-55.3553, 67.5379], [-55.2023, 67.1931], [-55.0474, 66.8483], [-54.8907, 66.5034], [-54.7324, 66.1586], [-54.5726, 65.8138], [-54.4112, 65.469], [-54.2484, 65.1241], [-54.0841, 64.7793], [-53.9186, 64.4345], [-53.7517, 64.0897], [-53.5836, 63.7448], [-53.4143, 63.4], [-60.4362, 63.4]]]}}, {"type": "Feature", "properties": {"pass_id": "P038", "mode": "tasked", "aoi": "", "timestamp": "2025-09-07T23:04:00Z"}, "geometry": {"type": "Polygon", "coordinates": [[[-62.1969, 62.3652], [-62.3931, 62.7101], [-62.5903, 63.0549], [-62.7886, 63.3997], [-62.988, 63.7445], [-63.1886, 64.0894], [-63.3905, 64.4342], [-63.5936, 64.779], [-63.7981, 65.1239], [-64.004, 65.4687], [-64.2113, 65.8135], [-64.4202, 66.1583], [-64.6306, 66.5032], [-64.8427, 66.848], [-65.0565, 67.1928], [-65.2722, 67.5376], [-65.4897, 67.8825], [-65.7092, 68.2273], [-65.9308, 68.5721], [-66.1545, 68.917], [-66.3806, 69.2618], [-66.609, 69.6066], [-66.84, 69.9514], [-67.0737, 70.2963], [-67.3101, 70.6411], [-67.5495, 70.9859], [-67.792, 71.3308], [-68.0379, 71.6756], [-68.2872, 72.0204], [-68.5402, 72.3652], [-58.1618, 72.3652], [-58.1015, 72.0204], [-58.0375, 71.6756], [-57.97, 71.3308], [-57.8992, 70.9859], [-57.8252, 70.6411], [-57.7484, 70.2963], [-57.6687, 69.9514], [-57.5863, 69.6066], [-57.5014, 69.2618], [-57.4142, 68.917], [-57.3246, 68.5721], [-57.2328, 68.2273], [-57.139, 67.8825], [-57.0432, 67.5376], [-56.9455, 67.1928], [-56.846, 66.848], [-56.7447, 66.5032], [-56.6418, 66.1583], [-56.5374, 65.8135], [-56.4314, 65.4687], [-56.3239, 65.1239], [-56.2151, 64.779], [-56.1049, 64.4342], [-55.9934, 64.0894], [-55.8807, 63.7445], [-55.7668, 63.3997], [-55.6518, 63.0549], [-55.5356, 62.7101], [-55.4185, 62.3652], [-62.1969, 62.3652]]]}}, {"type": "Feature", "properties": {"pass_id": "P039", "mode": "routine", "aoi": "", "timestamp": "2025-09-08T08:10:00Z"}, "geometry": {"type": "Polygon", "coordinates": [[[-87.7949, 57.0169], [-87.6029, 57.3617], [-87.4114, 57.7065], [-87.2207, 58.0513], [-87.0305, 58.3962], [-86.8411, 58.741], [-86.6524, 59.0858], [-86.4644, 59.4306], [-86.2771, 59.7755], [-86.0906, 60.1203], [-85.905, 60.4651], [-85.7202, 60.81], [-85.5362, 61.1548], [-85.3531, 61.4996], [-85.171, 61.8444], [-84.9898, 62.1893], [-84.8096, 62.5341], [-84.6305, 62.8789], [-84.4524, 63.2237], [-84.2755, 63.5686], [-84.0997, 63.9134], [-83.9252, 64.2582], [-83.7518, 64.6031], [-83.5799, 64.9479], [-83.4092, 65.2927], [-83.24, 65.6375], [-83.0723, 65.9824], [-82.9061, 66.3272], [-82.7416, 66.672], [-82.5787, 67.0169], [-74.5264, 67.0169], [-74.8018, 66.672], [-75.0755, 66.3272], [-75.3476, 65.9824], [-75.6181, 65.6375], [-75.8872, 65.2927], [-76.1548, 64.9479], [-76.421, 64.6031], [-76.686, 64.2582], [-76.9497, 63.9134], [-77.2121, 63.5686], [-77.4734, 63.2237], [-77.7336, 62.8789], [-77.9928, 62.5341], [-78.2508, 62.1893], [-78.5079, 61.8444], [-78.764, 61.4996], [-79.0192, 61.1548], [-79.2735, 60.81], [-79.5269, 60.4651], [-79.7795, 60.1203], [-80.0313, 59.7755], [-80.2823, 59.4306], [-80.5325, 59.0858], [-80.782, 58.741], [-81.0309, 58.3962], [-81.279, 58.0513], [-81.5265, 57.7065], [-81.7733, 57.3617], [-82.0195, 57.0169], [-87.7949, 57.0169]]]}}, {"type": "Feature", "properties": {"pass_id": "P040", "mode": "routine", "aoi": "", "timestamp": "2025-09-08T20:07:00Z"}, "geometry": {"type": "Polygon", "coordinates": [[[-75.0303, 57.3434], [-75.2637, 57.6883], [-75.4977, 58.0331], [-75.7324, 58.3779], [-75.9678, 58.7228], [-76.2039, 59.0676], [-76.4407, 59.4124], [-76.6783, 59.7572], [-76.9167, 60.1021], [-77.1558, 60.4469], [-77.3958, 60.7917], [-77.6367, 61.1365], [-77.8784, 61.4814], [-78.1211, 61.8262], [-78.3647, 62.171], [-78.6093, 62.5159], [-78.855, 62.8607], [-79.1017, 63.2055], [-79.3496, 63.5503], [-79.5986, 63.8952], [-79.8489, 64.24], [-80.1003, 64.5848], [-80.3531, 64.9296], [-80.6073, 65.2745], [-80.8629, 65.6193], [-81.1199, 65.9641], [-81.3785, 66.309], [-81.6387, 66.6538], [-81.9006, 66.9986], [-82.1643, 67.3434], [-74.0022, 67.3434], [-73.8544, 66.9986], [-73.7049, 66.6538], [-73.5536, 66.309], [-73.4007, 65.9641], [-73.2463, 65.6193], [-73.0904, 65.2745], [-72.9331, 64.9296], [-72.7744, 64.5848], [-72.6145, 64.24], [-72.4532, 63.8952], [-72.2908, 63.5503], [-72.1272, 63.2055], [-71.9624, 62.8607], [-71.7966, 62.5159], [-71.6298, 62.171], [-71.4619, 61.8262], [-71.2932, 61.4814], [-71.1234, 61.1365], [-70.9528, 60.7917], [-70.7813, 60.4469], [-70.609, 60.1021], [-70.4359, 59.7572], [-70.262, 59.4124], [-70.0873, 59.0676], [-69.912, 58.7228], [-69.7359, 58.3779], [-69.5591, 58.0331], [-69.3817, 57.6883], [-69.2036, 57.3434], [-75.0303, 57.3434]]]}}, {"type": "Feature", "properties": {"pass_id": "P041", "mode": "tasked", "aoi": "AOI_QUEEN_MAUD", "timestamp": "2025-09-08T21:35:00Z"}, "geometry": {"type": "Polygon", "coordinates": [[[-104.697, 63.4], [-104.589, 63.7448], [-104.4822, 64.0897], [-104.3767, 64.4345], [-104.2724, 64.7793], [-104.1694, 65.1241], [-104.0679, 65.469], [-103.9678, 65.8138], [-103.8692, 66.1586], [-103.7722, 66.5034], [-103.6769, 66.8483], [-103.5832, 67.1931], [-103.4914, 67.5379], [-103.4015, 67.8828], [-103.3136, 68.2276], [-103.2278, 68.5724], [-103.1441, 68.9172], [-103.0627, 69.2621], [-102.9837, 69.6069], [-102.9073, 69.9517], [-102.8335, 70.2966], [-102.7625, 70.6414], [-102.6945, 70.9862], [-102.6296, 71.331], [-102.568, 71.6759], [-102.5099, 72.0207], [-102.4554, 72.3655], [-102.4049, 72.7103], [-102.3585, 73.0552], [-102.3165, 73.4], [-91.3112, 73.4], [-91.5708, 73.0552], [-91.8259, 72.7103], [-92.0769, 72.3655], [-92.324, 72.0207], [-92.5675, 71.6759], [-92.8074, 71.331], [-93.044, 70.9862], [-93.2775, 70.6414], [-93.5081, 70.2966], [-93.7358, 69.9517], [-93.9609, 69.6069], [-94.1835, 69.2621], [-94.4036, 68.9172], [-94.6215, 68.5724], [-94.8372, 68.2276], [-95.0508, 67.8828], [-95.2624, 67.5379], [-95.4721, 67.1931], [-95.68, 66.8483], [-95.8862, 66.5034], [-96.0908, 66.1586], [-96.2937, 65.8138], [-96.4952, 65.469], [-96.6951, 65.1241], [-96.8937, 64.7793], [-97.091, 64.4345], [-97.2869, 64.0897], [-97.4817, 63.7448], [-97.6752, 63.4], [-104.697, 63.4]]]}}, {"type": "Feature", "properties": {"pass_id": "P042", "mode": "tasked", "aoi": "", "timestamp": "2025-09-08T22:23:00Z"}, "geometry": {"type": "Polygon", "coordinates": [[[-63.1281, 59.6479], [-63.1432, 59.9928], [-63.1591, 60.3376], [-63.1758, 60.6824], [-63.1934, 61.0273], [-63.2119, 61.3721], [-63.2313, 61.7169], [-63.2517, 62.0617], [-63.273, 62.4066], [-63.2954, 62.7514], [-63.3188, 63.0962], [-63.3433, 63.4411], [-63.369, 63.7859], [-63.3958, 64.1307], [-63.424, 64.4755], [-63.4533, 64.8204], [-63.4841, 65.1652], [-63.5162, 65.51], [-63.5498, 65.8548], [-63.585, 66.1997], [-63.6217, 66.5445], [-63.6601, 66.8893], [-63.7002, 67.2342], [-63.7421, 67.579], [-63.786, 67.9238], [-63.8318, 68.2686], [-63.8798, 68.6135], [-63.9299, 68.9583], [-63.9823, 69.3031], [-64.0372, 69.6479], [-54.9969, 69.6479], [-55.0862, 69.3031], [-55.1731, 68.9583], [-55.2577, 68.6135], [-55.3402, 68.2686], [-55.4205, 67.9238], [-55.4988, 67.579], [-55.5752, 67.2342], [-55.6498, 66.8893], [-55.7227, 66.5445], [-55.7939, 66.1997], [-55.8635, 65.8548], [-55.9316, 65.51], [-55.9982, 65.1652], [-56.0634, 64.8204], [-56.1273, 64.4755], [-56.1899, 64.1307], [-56.2513, 63.7859], [-56.3114, 63.4411], [-56.3704, 63.0962], [-56.4283, 62.7514], [-56.4852, 62.4066], [-56.541, 62.0617], [-56.5958, 61.7169], [-56.6497, 61.3721], [-56.7027, 61.0273], [-56.7547, 60.6824], [-56.806, 60.3376], [-56.8564, 59.9928], [-56.906, 59.6479], [-63.1281, 59.6479]]]}}, {"type": "Feature", "properties": {"pass_id": "P043", "mode": "routine", "aoi": "", "timestamp": "2025-09-09T02:30:00Z"}, "geometry": {"type": "Polygon", "coordinates": [[[-86.4409, 67.0166], [-86.3021, 67.3436], [-86.165, 67.6706], [-86.0297, 67.9976], [-85.8961, 68.3246], [-85.7644, 68.6516], [-85.6348, 68.9787], [-85.5072, 69.3057], [-85.3817, 69.6327], [-85.2586, 69.9597], [-85.1378, 70.2867], [-85.0196, 70.6137], [-84.904, 70.9407], [-84.7912, 71.2678], [-84.6814, 71.5948], [-84.5746, 71.9218], [-84.4711, 72.2488], [-84.3711, 72.5758], [-84.2746, 72.9028], [-84.1821, 73.2299], [-84.0936, 73.5569], [-84.0095, 73.8839], [-83.93, 74.2109], [-83.8553, 74.5379], [-83.7859, 74.8649], [-83.7221, 75.1919], [-83.6642, 75.519], [-83.6126, 75.846], [-83.5678, 76.173], [-83.5303, 76.5], [-70.0621, 76.5], [-70.4122, 76.173], [-70.7549, 75.846], [-71.0908, 75.519], [-71.4204, 75.1919], [-71.744, 74.8649], [-72.0621, 74.5379], [-72.3749, 74.2109], [-72.6829, 73.8839], [-72.9863, 73.5569], [-73.2853, 73.2299], [-73.5802, 72.9028], [-73.8713, 72.5758], [-74.1587, 72.2488], [-74.4427, 71.9218], [-74.7234, 71.5948], [-75.001, 71.2678], [-75.2757, 70.9407], [-75.5476, 70.6137], [-75.8169, 70.2867], [-76.0836, 69.9597], [-76.348, 69.6327], [-76.61, 69.3057], [-76.8699, 68.9787], [-77.1277, 68.6516], [-77.3835, 68.3246], [-77.6375, 67.9976], [-77.8896, 67.6706], [-78.14, 67.3436], [-78.3887, 67.0166], [-86.4409, 67.0166]]]}}, {"type": "Feature", "properties": {"pass_id": "P044", "mode": "tasked", "aoi": "AOI_DAVIS_CLOSED", "timestamp": "2025-09-09T08:04:00Z"}, "geometry": {"type": "Polygon", "coordinates": [[[-64.5714, 63.4], [-64.541, 63.7448], [-64.5118, 64.0897], [-64.4839, 64.4345], [-64.4572, 64.7793], [-64.4319, 65.1241], [-64.408, 65.469], [-64.3855, 65.8138], [-64.3646, 66.1586], [-64.3452, 66.5034], [-64.3275, 66.8483], [-64.3115, 67.1931], [-64.2974, 67.5379], [-64.2851, 67.8828], [-64.2748, 68.2276], [-64.2666, 68.5724], [-64.2605, 68.9172], [-64.2568, 69.2621], [-64.2554, 69.6069], [-64.2566, 69.9517], [-64.2605, 70.2966], [-64.2671, 70.6414], [-64.2767, 70.9862], [-64.2895, 71.331], [-64.3055, 71.6759], [-64.325, 72.0207], [-64.3482, 72.3655], [-64.3753, 72.7103], [-64.4066, 73.0552], [-64.4422, 73.4], [-53.4369, 73.4], [-53.6188, 73.0552], [-53.7964, 72.7103], [-53.9697, 72.3655], [-54.1392, 72.0207], [-54.305, 71.6759], [-54.4673, 71.331], [-54.6262, 70.9862], [-54.7821, 70.6414], [-54.935, 70.2966], [-55.0852, 69.9517], [-55.2326, 69.6069], [-55.3775, 69.2621], [-55.5201, 68.9172], [-55.6603, 68.5724], [-55.7983, 68.2276], [-55.9343, 67.8828], [-56.0683, 67.5379], [-56.2004, 67.1931], [-56.3307, 66.8483], [-56.4593, 66.5034], [-56.5862, 66.1586], [-56.7115, 65.8138], [-56.8353, 65.469], [-56.9576, 65.1241], [-57.0786, 64.7793], [-57.1982, 64.4345], [-57.3165, 64.0897], [-57.4336, 63.7448], [-57.5495, 63.4], [-64.5714, 63.4]]]}}, {"type": "Feature", "properties": {"pass_id": "P045", "mode": "routine", "aoi": "", "timestamp": "2025-09-09T08:20:00Z"}, "geometry": {"type": "Polygon", "coordinates": [[[-73.0355, 58.9815], [-73.2727, 59.3263], [-73.5106, 59.6711], [-73.7492, 60.016], [-73.9887, 60.3608], [-74.229, 60.7056], [-74.4701, 61.0505], [-74.7121, 61.3953], [-74.955, 61.7401], [-75.1989, 62.0849], [-75.4438, 62.4298], [-75.6897, 62.7746], [-75.9367, 63.1194], [-76.1848, 63.4642], [-76.434, 63.8091], [-76.6844, 64.1539], [-76.9361, 64.4987], [-77.1891, 64.8436], [-77.4434, 65.1884], [-77.6991, 65.5332], [-77.9563, 65.878], [-78.215, 66.2229], [-78.4753, 66.5677], [-78.7373, 66.9125], [-79.001, 67.2573], [-79.2666, 67.6022], [-79.534, 67.947], [-79.8035, 68.2918], [-80.075, 68.6367], [-80.3488, 68.9815], [-71.5828, 68.9815], [-71.4441, 68.6367], [-71.3032, 68.2918], [-71.1601, 67.947], [-71.0151, 67.6022], [-70.8682, 67.2573], [-70.7194, 66.9125], [-70.5689, 66.5677], [-70.4168, 66.2229], [-70.263, 65.878], [-70.1077, 65.5332], [-69.951, 65.1884], [-69.7928, 64.8436], [-69.6333, 64.4987], [-69.4725, 64.1539], [-69.3104, 63.8091], [-69.1472, 63.4642], [-68.9828, 63.1194], [-68.8173, 62.7746], [-68.6507, 62.4298], [-68.4831, 62.0849], [-68.3146, 61.7401], [-68.145, 61.3953], [-67.9746, 61.0505], [-67.8032, 60.7056], [-67.631, 60.3608], [-67.458, 60.016], [-67.2842, 59.6711], [-67.1096, 59.3263], [-66.9343, 58.9815], [-73.0355, 58.9815]]]}}, {"type": "Feature", "properties": {"pass_id": "P046", "mode": "tasked", "aoi": "", "timestamp": "2025-09-09T09:58:00Z"}, "geometry": {"type": "Polygon", "coordinates": [[[-93.2769, 69.5635], [-93.1889, 69.8027], [-93.1021, 70.0419], [-93.0167, 70.2811], [-92.9326, 70.5203], [-92.8499, 70.7595], [-92.7686, 70.9987], [-92.6889, 71.2379], [-92.6107, 71.477], [-92.5341, 71.7162], [-92.4592, 71.9554], [-92.3861, 72.1946], [-92.3148, 72.4338], [-92.2453, 72.673], [-92.1779, 72.9122], [-92.1126, 73.1514], [-92.0494, 73.3906], [-91.9884, 73.6297], [-91.9298, 73.8689], [-91.8737, 74.1081], [-91.8201, 74.3473], [-91.7692, 74.5865], [-91.7212, 74.8257], [-91.6761, 75.0649], [-91.6341, 75.3041], [-91.5953, 75.5432], [-91.5599, 75.7824], [-91.5282, 76.0216], [-91.5002, 76.2608], [-91.4761, 76.5], [-78.0079, 76.5], [-78.262, 76.2608], [-78.5122, 76.0216], [-78.7585, 75.7824], [-79.0013, 75.5432], [-79.2406, 75.3041], [-79.4767, 75.0649], [-79.7097, 74.8257], [-79.9397, 74.5865], [-80.167, 74.3473], [-80.3915, 74.1081], [-80.6135, 73.8689], [-80.833, 73.6297], [-81.0502, 73.3906], [-81.2651, 73.1514], [-81.4778, 72.9122], [-81.6885, 72.673], [-81.8972, 72.4338], [-82.104, 72.1946], [-82.309, 71.9554], [-82.5122, 71.7162], [-82.7138, 71.477], [-82.9137, 71.2379], [-83.112, 70.9987], [-83.3089, 70.7595], [-83.5043, 70.5203], [-83.6983, 70.2811], [-83.8909, 70.0419], [-84.0823, 69.8027], [-84.2724, 69.5635], [-93.2769, 69.5635]]]}}, {"type": "Feature", "properties": {"pass_id": "P047", "mode": "tasked", "aoi": "", "timestamp": "2025-09-09T17:55:00Z"}, "geometry": {"type": "Polygon", "coordinates": [[[-129.6038, 63.6948], [-129.4271, 64.0397], [-129.2515, 64.3845], [-129.0773, 64.7293], [-128.9043, 65.0742], [-128.7328, 65.419], [-128.5627, 65.7638], [-128.3941, 66.1086], [-128.2271, 66.4535], [-128.0617, 66.7983], [-127.8981, 67.1431], [-127.7362, 67.4879], [-127.5763, 67.8328], [-127.4183, 68.1776], [-127.2623, 68.5224], [-127.1086, 68.8673], [-126.9571, 69.2121], [-126.8079, 69.5569], [-126.6613, 69.9017], [-126.5174, 70.2466], [-126.3762, 70.5914], [-126.238, 70.9362], [-126.1028, 71.281], [-125.9709, 71.6259], [-125.8425, 71.9707], [-125.7177, 72.3155], [-125.5969, 72.6604], [-125.4801, 73.0052], [-125.3677, 73.35], [-125.2599, 73.6948], [-114.0611, 73.6948], [-114.3945, 73.35], [-114.7232, 73.0052], [-115.0475, 72.6604], [-115.3677, 72.3155], [-115.684, 71.9707], [-115.9967, 71.6259], [-116.3059, 71.281], [-116.6118, 70.9362], [-116.9147, 70.5914], [-117.2146, 70.2466], [-117.5117, 69.9017], [-117.8062, 69.5569], [-118.0982, 69.2121], [-118.3878, 68.8673], [-118.6751, 68.5224], [-118.9603, 68.1776], [-119.2434, 67.8328], [-119.5245, 67.4879], [-119.8038, 67.1431], [-120.0812, 66.7983], [-120.3569, 66.4535], [-120.631, 66.1086], [-120.9035, 65.7638], [-121.1745, 65.419], [-121.4441, 65.0742], [-121.7122, 64.7293], [-121.9791, 64.3845], [-122.2446, 64.0397], [-122.509, 63.6948], [-129.6038, 63.6948]]]}}, {"type": "Feature", "properties": {"pass_id": "P048", "mode": "routine", "aoi": "", "timestamp": "2025-09-10T02:10:00Z"}, "geometry": {"type": "Polygon", "coordinates": [[[-96.7017, 59.7123], [-96.6062, 60.0571], [-96.5115, 60.402], [-96.4177, 60.7468], [-96.3247, 61.0916], [-96.2326, 61.4365], [-96.1415, 61.7813], [-96.0513, 62.1261], [-95.9621, 62.4709], [-95.8739, 62.8158], [-95.7868, 63.1606], [-95.7008, 63.5054], [-95.616, 63.8502], [-95.5323, 64.1951], [-95.4499, 64.5399], [-95.3688, 64.8847], [-95.2891, 65.2296], [-95.2108, 65.5744], [-95.1339, 65.9192], [-95.0586, 66.264], [-94.9849, 66.6089], [-94.9129, 66.9537], [-94.8426, 67.2985], [-94.7742, 67.6434], [-94.7077, 67.9882], [-94.6432, 68.333], [-94.5808, 68.6778], [-94.5206, 69.0227], [-94.4627, 69.3675], [-94.4073, 69.7123], [-85.3396, 69.7123], [-85.5401, 69.3675], [-85.7382, 69.0227], [-85.9339, 68.6778], [-86.1275, 68.333], [-86.3189, 67.9882], [-86.5083, 67.6434], [-86.6958, 67.2985], [-86.8815, 66.9537], [-87.0654, 66.6089], [-87.2477, 66.264], [-87.4283, 65.9192], [-87.6074, 65.5744], [-87.785, 65.2296], [-87.9612, 64.8847], [-88.1361, 64.5399], [-88.3097, 64.1951], [-88.482, 63.8502], [-88.6531, 63.5054], [-88.823, 63.1606], [-88.9919, 62.8158], [-89.1596, 62.4709], [-89.3264, 62.1261], [-89.4921, 61.7813], [-89.6569, 61.4365], [-89.8208, 61.0916], [-89.9837, 60.7468], [-90.1458, 60.402], [-90.3071, 60.0571], [-90.4676, 59.7123], [-96.7017, 59.7123]]]}}, {"type": "Feature", "properties": {"pass_id": "P049", "mode": "tasked", "aoi": "", "timestamp": "2025-09-10T06:32:00Z"}, "geometry": {"type": "Polygon", "coordinates": [[[-127.4854, 65.4613], [-127.7927, 65.8062], [-128.1016, 66.151], [-128.412, 66.4958], [-128.7241, 66.8407], [-129.0379, 67.1855], [-129.3535, 67.5303], [-129.671, 67.8751], [-129.9905, 68.22], [-130.3121, 68.5648], [-130.6358, 68.9096], [-130.9618, 69.2545], [-131.2903, 69.5993], [-131.6212, 69.9441], [-131.9548, 70.2889], [-132.2912, 70.6338], [-132.6306, 70.9786], [-132.9731, 71.3234], [-133.3189, 71.6682], [-133.6681, 72.0131], [-134.0211, 72.3579], [-134.3779, 72.7027], [-134.7389, 73.0476], [-135.1043, 73.3924], [-135.4744, 73.7372], [-135.8494, 74.082], [-136.2298, 74.4269], [-136.6158, 74.7717], [-137.0079, 75.1165], [-137.4065, 75.4613], [-124.8819, 75.4613], [-124.7672, 75.1165], [-124.6459, 74.7717], [-124.5186, 74.4269], [-124.3855, 74.082], [-124.2472, 73.7372], [-124.1039, 73.3924], [-123.9559, 73.0476], [-123.8035, 72.7027], [-123.6469, 72.3579], [-123.4865, 72.0131], [-123.3224, 71.6682], [-123.1547, 71.3234], [-122.9838, 70.9786], [-122.8098, 70.6338], [-122.6329, 70.2889], [-122.4531, 69.9441], [-122.2707, 69.5993], [-122.0857, 69.2545], [-121.8983, 68.9096], [-121.7087, 68.5648], [-121.5169, 68.22], [-121.323, 67.8751], [-121.1271, 67.5303], [-120.9293, 67.1855], [-120.7297, 66.8407], [-120.5284, 66.4958], [-120.3255, 66.151], [-120.1209, 65.8062], [-119.9149, 65.4613], [-127.4854, 65.4613]]]}}, {"type": "Feature", "properties": {"pass_id": "P050", "mode": "tasked", "aoi": "", "timestamp": "2025-09-10T10:25:00Z"}, "geometry": {"type": "Polygon", "coordinates": [[[-65.0886, 60.4118], [-65.0731, 60.7566], [-65.0584, 61.1014], [-65.0446, 61.4462], [-65.0317, 61.7911], [-65.0198, 62.1359], [-65.0089, 62.4807], [-64.999, 62.8255], [-64.9901, 63.1704], [-64.9824, 63.5152], [-64.9759, 63.86], [-64.9705, 64.2049], [-64.9664, 64.5497], [-64.9636, 64.8945], [-64.9622, 65.2393], [-64.9621, 65.5842], [-64.9636, 65.929], [-64.9666, 66.2738], [-64.9712, 66.6187], [-64.9775, 66.9635], [-64.9855, 67.3083], [-64.9953, 67.6531], [-65.0071, 67.998], [-65.0209, 68.3428], [-65.0368, 68.6876], [-65.055, 69.0324], [-65.0754, 69.3773], [-65.0983, 69.7221], [-65.1238, 70.0669], [-65.152, 70.4118], [-55.7739, 70.4118], [-55.9015, 70.0669], [-56.0264, 69.7221], [-56.1488, 69.3773], [-56.2687, 69.0324], [-56.3862, 68.6876], [-56.5016, 68.3428], [-56.6148, 67.998], [-56.7261, 67.6531], [-56.8354, 67.3083], [-56.9428, 66.9635], [-57.0485, 66.6187], [-57.1526, 66.2738], [-57.255, 65.929], [-57.3559, 65.5842], [-57.4553, 65.2393], [-57.5533, 64.8945], [-57.65, 64.5497], [-57.7453, 64.2049], [-57.8394, 63.86], [-57.9323, 63.5152], [-58.024, 63.1704], [-58.1146, 62.8255], [-58.2042, 62.4807], [-58.2927, 62.1359], [-58.3802, 61.7911], [-58.4668, 61.4462], [-58.5524, 61.1014], [-58.6371, 60.7566], [-58.721, 60.4118], [-65.0886, 60.4118]]]}}, {"type": "Feature", "properties": {"pass_id": "P051", "mode": "tasked", "aoi": "AOI_LANCASTER", "timestamp": "2025-09-10T11:06:00Z"}, "geometry": {"type": "Polygon", "coordinates": [[[-86.6355, 69.2], [-86.853, 69.4517], [-87.0719, 69.7034], [-87.2921, 69.9552], [-87.5138, 70.2069], [-87.7369, 70.4586], [-87.9616, 70.7103], [-88.1878, 70.9621], [-88.4157, 71.2138], [-88.6454, 71.4655], [-88.8768, 71.7172], [-89.1101, 71.969], [-89.3453, 72.2207], [-89.5826, 72.4724], [-89.822, 72.7241], [-90.0636, 72.9759], [-90.3075, 73.2276], [-90.5539, 73.4793], [-90.8028, 73.731], [-91.0543, 73.9828], [-91.3086, 74.2345], [-91.5659, 74.4862], [-91.8262, 74.7379], [-92.0897, 74.9897], [-92.3565, 75.2414], [-92.627, 75.4931], [-92.9011, 75.7448], [-93.1793, 75.9966], [-93.4615, 76.2483], [-93.7482, 76.5], [-80.28, 76.5], [-80.2352, 76.2483], [-80.1861, 75.9966], [-80.1328, 75.7448], [-80.0755, 75.4931], [-80.0145, 75.2414], [-79.95, 74.9897], [-79.8821, 74.7379], [-79.811, 74.4862], [-79.7368, 74.2345], [-79.6597, 73.9828], [-79.5798, 73.731], [-79.4972, 73.4793], [-79.4122, 73.2276], [-79.3247, 72.9759], [-79.2349, 72.7241], [-79.1428, 72.4724], [-79.0487, 72.2207], [-78.9525, 71.969], [-78.8544, 71.7172], [-78.7544, 71.4655], [-78.6526, 71.2138], [-78.5491, 70.9621], [-78.4439, 70.7103], [-78.3372, 70.4586], [-78.2289, 70.2069], [-78.1191, 69.9552], [-78.008, 69.7034], [-77.8954, 69.4517], [-77.7815, 69.2], [-86.6355, 69.2]]]}}, {"type": "Feature", "properties": {"pass_id": "P052", "mode": "routine", "aoi": "", "timestamp": "2025-09-10T12:34:00Z"}, "geometry": {"type": "Polygon", "coordinates": [[[-112.624, 57.9856], [-112.9215, 58.3305], [-113.2196, 58.6753], [-113.5184, 59.0201], [-113.8179, 59.3649], [-114.1182, 59.7098], [-114.4193, 60.0546], [-114.7211, 60.3994], [-115.0238, 60.7443], [-115.3274, 61.0891], [-115.6318, 61.4339], [-115.9372, 61.7787], [-116.2435, 62.1236], [-116.5508, 62.4684], [-116.8591, 62.8132], [-117.1685, 63.158], [-117.4791, 63.5029], [-117.7907, 63.8477], [-118.1036, 64.1925], [-118.4177, 64.5374], [-118.7332, 64.8822], [-119.05, 65.227], [-119.3681, 65.5718], [-119.6878, 65.9167], [-120.009, 66.2615], [-120.3318, 66.6063], [-120.6563, 66.9512], [-120.9826, 67.296], [-121.3106, 67.6408], [-121.6406, 67.9856], [-113.2528, 67.9856], [-113.0457, 67.6408], [-112.8366, 67.296], [-112.6258, 66.9512], [-112.4131, 66.6063], [-112.1988, 66.2615], [-111.9829, 65.9167], [-111.7655, 65.5718], [-111.5466, 65.227], [-111.3263, 64.8822], [-111.1046, 64.5374], [-110.8816, 64.1925], [-110.6574, 63.8477], [-110.4319, 63.5029], [-110.2054, 63.158], [-109.9777, 62.8132], [-109.7489, 62.4684], [-109.5191, 62.1236], [-109.2883, 61.7787], [-109.0566, 61.4339], [-108.8239, 61.0891], [-108.5903, 60.7443], [-108.3559, 60.3994], [-108.1207, 60.0546], [-107.8846, 59.7098], [-107.6478, 59.3649], [-107.4102, 59.0201], [-107.1719, 58.6753], [-106.9329, 58.3305], [-106.6933, 57.9856], [-112.624, 57.9856]]]}}, {"type": "Feature", "properties": {"pass_id": "P053", "mode": "tasked", "aoi": "", "timestamp": "2025-09-10T19:21:00Z"}, "geometry": {"type": "Polygon", "coordinates": [[[-68.3106, 66.3096], [-68.6086, 66.6544], [-68.9084, 66.9992], [-69.2099, 67.3441], [-69.5132, 67.6889], [-69.8185, 68.0337], [-70.1258, 68.3785], [-70.4352, 68.7234], [-70.7469, 69.0682], [-71.0609, 69.413], [-71.3773, 69.7579], [-71.6963, 70.1027], [-72.0181, 70.4475], [-72.3427, 70.7923], [-72.6704, 71.1372], [-73.0012, 71.482], [-73.3355, 71.8268], [-73.6732, 72.1716], [-74.0148, 72.5165], [-74.3604, 72.8613], [-74.7103, 73.2061], [-75.0646, 73.551], [-75.4238, 73.8958], [-75.7882, 74.2406], [-76.158, 74.5854], [-76.5336, 74.9303], [-76.9155, 75.2751], [-77.3042, 75.6199], [-77.7, 75.9647], [-78.1036, 76.3096], [-64.8192, 76.3096], [-64.7357, 75.9647], [-64.6444, 75.6199], [-64.5459, 75.2751], [-64.4407, 74.9303], [-64.3292, 74.5854], [-64.2119, 74.2406], [-64.0891, 73.8958], [-63.9612, 73.551], [-63.8284, 73.2061], [-63.6911, 72.8613], [-63.5496, 72.5165], [-63.404, 72.1716], [-63.2547, 71.8268], [-63.1018, 71.482], [-62.9455, 71.1372], [-62.786, 70.7923], [-62.6235, 70.4475], [-62.4581, 70.1027], [-62.29, 69.7579], [-62.1194, 69.413], [-61.9462, 69.0682], [-61.7707, 68.7234], [-61.593, 68.3785], [-61.4132, 68.0337], [-61.2314, 67.6889], [-61.0476, 67.3441], [-60.8619, 66.9992], [-60.6745, 66.6544], [-60.4855, 66.3096], [-68.3106, 66.3096]]]}}, {"type": "Feature", "properties": {"pass_id": "P054", "mode": "tasked", "aoi": "AOI_LANCASTER", "timestamp": "2025-09-11T05:44:00Z"}, "geometry": {"type": "Polygon", "coordinates": [[[-93.2352, 69.2], [-93.1205, 69.4517], [-93.0071, 69.7034], [-92.8951, 69.9552], [-92.7845, 70.2069], [-92.6754, 70.4586], [-92.5678, 70.7103], [-92.4618, 70.9621], [-92.3574, 71.2138], [-92.2548, 71.4655], [-92.1539, 71.7172], [-92.055, 71.969], [-91.9579, 72.2207], [-91.8629, 72.4724], [-91.7701, 72.7241], [-91.6794, 72.9759], [-91.5911, 73.2276], [-91.5052, 73.4793], [-91.4218, 73.731], [-91.3411, 73.9828], [-91.2631, 74.2345], [-91.1881, 74.4862], [-91.1161, 74.7379], [-91.0473, 74.9897], [-90.982, 75.2414], [-90.9201, 75.4931], [-90.862, 75.7448], [-90.8079, 75.9966], [-90.7579, 76.2483], [-90.7123, 76.5], [-77.2441, 76.5], [-77.5316, 76.2483], [-77.8147, 75.9966], [-78.0937, 75.7448], [-78.3687, 75.4931], [-78.64, 75.2414], [-78.9077, 74.9897], [-79.172, 74.7379], [-79.4332, 74.4862], [-79.6913, 74.2345], [-79.9464, 73.9828], [-80.1988, 73.731], [-80.4485, 73.4793], [-80.6957, 73.2276], [-80.9405, 72.9759], [-81.1829, 72.7241], [-81.4232, 72.4724], [-81.6613, 72.2207], [-81.8974, 71.969], [-82.1315, 71.7172], [-82.3638, 71.4655], [-82.5943, 71.2138], [-82.823, 70.9621], [-83.0501, 70.7103], [-83.2757, 70.4586], [-83.4996, 70.2069], [-83.7221, 69.9552], [-83.9432, 69.7034], [-84.1629, 69.4517], [-84.3813, 69.2], [-93.2352, 69.2]]]}}, {"type": "Feature", "properties": {"pass_id": "P055", "mode": "tasked", "aoi": "", "timestamp": "2025-09-11T15:01:00Z"}, "geometry": {"type": "Polygon", "coordinates": [[[-65.5683, 61.3923], [-65.5438, 61.7371], [-65.5202, 62.082], [-65.4976, 62.4268], [-65.476, 62.7716], [-65.4555, 63.1165], [-65.436, 63.4613], [-65.4178, 63.8061], [-65.4007, 64.1509], [-65.3849, 64.4958], [-65.3704, 64.8406], [-65.3572, 65.1854], [-65.3454, 65.5302], [-65.3351, 65.8751], [-65.3263, 66.2199], [-65.3191, 66.5647], [-65.3136, 66.9096], [-65.3098, 67.2544], [-65.3078, 67.5992], [-65.3078, 67.944], [-65.3098, 68.2889], [-65.3138, 68.6337], [-65.3201, 68.9785], [-65.3286, 69.3233], [-65.3396, 69.6682], [-65.3531, 70.013], [-65.3694, 70.3578], [-65.3884, 70.7027], [-65.4104, 71.0475], [-65.4356, 71.3923], [-55.5822, 71.3923], [-55.7299, 71.0475], [-55.8744, 70.7027], [-56.016, 70.3578], [-56.1547, 70.013], [-56.2907, 69.6682], [-56.4242, 69.3233], [-56.5553, 68.9785], [-56.684, 68.6337], [-56.8105, 68.2889], [-56.935, 67.944], [-57.0574, 67.5992], [-57.178, 67.2544], [-57.2967, 66.9096], [-57.4137, 66.5647], [-57.529, 66.2199], [-57.6427, 65.8751], [-57.7549, 65.5302], [-57.8656, 65.1854], [-57.9749, 64.8406], [-58.0829, 64.4958], [-58.1895, 64.1509], [-58.295, 63.8061], [-58.3992, 63.4613], [-58.5023, 63.1165], [-58.6042, 62.7716], [-58.7051, 62.4268], [-58.805, 62.082], [-58.9039, 61.7371], [-59.0019, 61.3923], [-65.5683, 61.3923]]]}}, {"type": "Feature", "properties": {"pass_id": "P056", "mode": "routine", "aoi": "", "timestamp": "2025-09-11T15:21:00Z"}, "geometry": {"type": "Polygon", "coordinates": [[[-102.2053, 65.7555], [-102.0715, 66.1003], [-101.9394, 66.4451], [-101.8089, 66.7899], [-101.6801, 67.1348], [-101.5531, 67.4796], [-101.4279, 67.8244], [-101.3048, 68.1692], [-101.1837, 68.5141], [-101.0648, 68.8589], [-100.9481, 69.2037], [-100.8338, 69.5486], [-100.722, 69.8934], [-100.6129, 70.2382], [-100.5066, 70.583], [-100.4031, 70.9279], [-100.3028, 71.2727], [-100.2057, 71.6175], [-100.1121, 71.9623], [-100.0222, 72.3072], [-99.9361, 72.652], [-99.8541, 72.9968], [-99.7765, 73.3417], [-99.7035, 73.6865], [-99.6354, 74.0313], [-99.5726, 74.3761], [-99.5155, 74.721], [-99.4643, 75.0658], [-99.4196, 75.4106], [-99.3818, 75.7555], [-86.6041, 75.7555], [-86.9376, 75.4106], [-87.2642, 75.0658], [-87.5844, 74.721], [-87.8985, 74.3761], [-88.207, 74.0313], [-88.5103, 73.6865], [-88.8086, 73.3417], [-89.1023, 72.9968], [-89.3916, 72.652], [-89.6768, 72.3072], [-89.9582, 71.9623], [-90.2359, 71.6175], [-90.5101, 71.2727], [-90.7811, 70.9279], [-91.049, 70.583], [-91.3139, 70.2382], [-91.5761, 69.8934], [-91.8356, 69.5486], [-92.0927, 69.2037], [-92.3473, 68.8589], [-92.5997, 68.5141], [-92.8499, 68.1692], [-93.098, 67.8244], [-93.3442, 67.4796], [-93.5885, 67.1348], [-93.831, 66.7899], [-94.0718, 66.4451], [-94.311, 66.1003], [-94.5486, 65.7555], [-102.2053, 65.7555]]]}}, {"type": "Feature", "properties": {"pass_id": "P057", "mode": "routine", "aoi": "", "timestamp": "2025-09-11T18:52:00Z"}, "geometry": {"type": "Polygon", "coordinates": [[[-95.8083, 64.0057], [-95.8627, 64.3505], [-95.9184, 64.6954], [-95.9754, 65.0402], [-96.0338, 65.385], [-96.0936, 65.7298], [-96.155, 66.0747], [-96.2179, 66.4195], [-96.2824, 66.7643], [-96.3487, 67.1091], [-96.4167, 67.454], [-96.4866, 67.7988], [-96.5585, 68.1436], [-96.6324, 68.4885], [-96.7085, 68.8333], [-96.7869, 69.1781], [-96.8676, 69.5229], [-96.9508, 69.8678], [-97.0367, 70.2126], [-97.1253, 70.5574], [-97.2168, 70.9022], [-97.3114, 71.2471], [-97.4093, 71.5919], [-97.5106, 71.9367], [-97.6155, 72.2816], [-97.7243, 72.6264], [-97.8372, 72.9712], [-97.9544, 73.316], [-98.0763, 73.6609], [-98.203, 74.0057], [-86.7925, 74.0057], [-86.9002, 73.6609], [-87.0029, 73.316], [-87.1011, 72.9712], [-87.1949, 72.6264], [-87.2847, 72.2816], [-87.3706, 71.9367], [-87.4528, 71.5919], [-87.5316, 71.2471], [-87.6072, 70.9022], [-87.6796, 70.5574], [-87.7492, 70.2126], [-87.816, 69.8678], [-87.8802, 69.5229], [-87.9418, 69.1781], [-88.0011, 68.8333], [-88.0582, 68.4885], [-88.113, 68.1436], [-88.1658, 67.7988], [-88.2167, 67.454], [-88.2657, 67.1091], [-88.3129, 66.7643], [-88.3584, 66.4195], [-88.4022, 66.0747], [-88.4445, 65.7298], [-88.4853, 65.385], [-88.5246, 65.0402], [-88.5626, 64.6954], [-88.5992, 64.3505], [-88.6346, 64.0057], [-95.8083, 64.0057]]]}}, {"type": "Feature", "properties": {"pass_id": "P058", "mode": "routine", "aoi": "", "timestamp": "2025-09-12T02:13:00Z"}, "geometry": {"type": "Polygon", "coordinates": [[[-106.2118, 62.9217], [-106.1611, 63.2666], [-106.1116, 63.6114], [-106.0632, 63.9562], [-106.0161, 64.3011], [-105.9702, 64.6459], [-105.9256, 64.9907], [-105.8824, 65.3355], [-105.8406, 65.6804], [-105.8003, 66.0252], [-105.7616, 66.37], [-105.7245, 66.7149], [-105.6891, 67.0597], [-105.6555, 67.4045], [-105.6238, 67.7493], [-105.5939, 68.0942], [-105.5662, 68.439], [-105.5406, 68.7838], [-105.5172, 69.1286], [-105.4961, 69.4735], [-105.4776, 69.8183], [-105.4617, 70.1631], [-105.4485, 70.508], [-105.4382, 70.8528], [-105.431, 71.1976], [-105.4269, 71.5424], [-105.4263, 71.8873], [-105.4293, 72.2321], [-105.4362, 72.5769], [-105.4471, 72.9217], [-94.7411, 72.9217], [-94.9358, 72.5769], [-95.1263, 72.2321], [-95.3131, 71.8873], [-95.4962, 71.5424], [-95.6759, 71.1976], [-95.8524, 70.8528], [-96.0259, 70.508], [-96.1965, 70.1631], [-96.3643, 69.8183], [-96.5295, 69.4735], [-96.6922, 69.1286], [-96.8525, 68.7838], [-97.0106, 68.439], [-97.1666, 68.0942], [-97.3205, 67.7493], [-97.4725, 67.4045], [-97.6227, 67.0597], [-97.771, 66.7149], [-97.9176, 66.37], [-98.0627, 66.0252], [-98.2061, 65.6804], [-98.3481, 65.3355], [-98.4886, 64.9907], [-98.6278, 64.6459], [-98.7656, 64.3011], [-98.9022, 63.9562], [-99.0376, 63.6114], [-99.1718, 63.2666], [-99.3049, 62.9217], [-106.2118, 62.9217]]]}}, {"type": "Feature", "properties": {"pass_id": "P059", "mode": "tasked", "aoi": "", "timestamp": "2025-09-12T08:04:00Z"}, "geometry": {"type": "Polygon", "coordinates": [[[-132.2312, 66.8345], [-132.4656, 67.1678], [-132.7018, 67.5011], [-132.9397, 67.8344], [-133.1794, 68.1677], [-133.4211, 68.501], [-133.6647, 68.8343], [-133.9105, 69.1676], [-134.1585, 69.5009], [-134.4089, 69.8342], [-134.6616, 70.1674], [-134.917, 70.5007], [-135.175, 70.834], [-135.4359, 71.1673], [-135.6998, 71.5006], [-135.9668, 71.8339], [-136.2372, 72.1672], [-136.5112, 72.5005], [-136.7888, 72.8338], [-137.0704, 73.1671], [-137.3563, 73.5004], [-137.6465, 73.8337], [-137.9416, 74.167], [-138.2416, 74.5002], [-138.5471, 74.8335], [-138.8582, 75.1668], [-139.1756, 75.5001], [-139.4995, 75.8334], [-139.8304, 76.1667], [-140.1689, 76.5], [-126.7007, 76.5], [-126.6806, 76.1667], [-126.6529, 75.8334], [-126.6182, 75.5001], [-126.5769, 75.1668], [-126.5295, 74.8335], [-126.4763, 74.5002], [-126.4178, 74.167], [-126.3542, 73.8337], [-126.2859, 73.5004], [-126.2131, 73.1671], [-126.1361, 72.8338], [-126.0552, 72.5005], [-125.9705, 72.1672], [-125.8823, 71.8339], [-125.7907, 71.5006], [-125.696, 71.1673], [-125.5983, 70.834], [-125.4977, 70.5007], [-125.3945, 70.1674], [-125.2886, 69.8342], [-125.1804, 69.5009], [-125.0698, 69.1676], [-124.957, 68.8343], [-124.842, 68.501], [-124.7251, 68.1677], [-124.6062, 67.8344], [-124.4855, 67.5011], [-124.363, 67.1678], [-124.2389, 66.8345], [-132.2312, 66.8345]]]}}, {"type": "Feature", "properties": {"pass_id": "P060", "mode": "tasked", "aoi": "AOI_QUEEN_MAUD", "timestamp": "2025-09-12T10:00:00Z"}, "geometry": {"type": "Polygon", "coordinates": [[[-104.3618, 63.4], [-104.2769, 63.7448], [-104.1932, 64.0897], [-104.1108, 64.4345], [-104.0296, 64.7793], [-103.9498, 65.1241], [-103.8713, 65.469], [-103.7944, 65.8138], [-103.7189, 66.1586], [-103.645, 66.5034], [-103.5728, 66.8483], [-103.5023, 67.1931], [-103.4336, 67.5379], [-103.3669, 67.8828], [-103.302, 68.2276], [-103.2393, 68.5724], [-103.1788, 68.9172], [-103.1205, 69.2621], [-103.0647, 69.6069], [-103.0113, 69.9517], [-102.9607, 70.2966], [-102.9128, 70.6414], [-102.8679, 70.9862], [-102.8261, 71.331], [-102.7876, 71.6759], [-102.7526, 72.0207], [-102.7213, 72.3655], [-102.6939, 72.7103], [-102.6706, 73.0552], [-102.6518, 73.4], [-91.6465, 73.4], [-91.8829, 73.0552], [-92.115, 72.7103], [-92.3428, 72.3655], [-92.5668, 72.0207], [-92.7871, 71.6759], [-93.0039, 71.331], [-93.2174, 70.9862], [-93.4278, 70.6414], [-93.6352, 70.2966], [-93.8399, 69.9517], [-94.0418, 69.6069], [-94.2413, 69.2621], [-94.4383, 68.9172], [-94.633, 68.5724], [-94.8256, 68.2276], [-95.0161, 67.8828], [-95.2046, 67.5379], [-95.3912, 67.1931], [-95.576, 66.8483], [-95.7591, 66.5034], [-95.9405, 66.1586], [-96.1203, 65.8138], [-96.2986, 65.469], [-96.4755, 65.1241], [-96.6509, 64.7793], [-96.8251, 64.4345], [-96.9979, 64.0897], [-97.1695, 63.7448], [-97.3399, 63.4], [-104.3618, 63.4]]]}}, {"type": "Feature", "properties": {"pass_id": "P061", "mode": "tasked", "aoi": "", "timestamp": "2025-09-12T11:39:00Z"}, "geometry": {"type": "Polygon", "coordinates": [[[-74.9948, 56.5], [-74.9747, 56.8422], [-74.9551, 57.1843], [-74.9361, 57.5265], [-74.9177, 57.8687], [-74.9, 58.2109], [-74.8829, 58.553], [-74.8665, 58.8952], [-74.8508, 59.2374], [-74.8358, 59.5796], [-74.8216, 59.9217], [-74.8082, 60.2639], [-74.7956, 60.6061], [-74.7838, 60.9483], [-74.7729, 61.2904], [-74.7628, 61.6326], [-74.7537, 61.9748], [-74.7456, 62.317], [-74.7385, 62.6591], [-74.7324, 63.0013], [-74.7273, 63.3435], [-74.7234, 63.6857], [-74.7207, 64.0278], [-74.7191, 64.37], [-74.7188, 64.7122], [-74.7198, 65.0544], [-74.7222, 65.3965], [-74.726, 65.7387], [-74.7313, 66.0809], [-74.7381, 66.4231], [-66.8775, 66.4231], [-66.9767, 66.0809], [-67.0743, 65.7387], [-67.1704, 65.3965], [-67.2651, 65.0544], [-67.3585, 64.7122], [-67.4505, 64.37], [-67.5413, 64.0278], [-67.6309, 63.6857], [-67.7193, 63.3435], [-67.8066, 63.0013], [-67.8928, 62.6591], [-67.978, 62.317], [-68.0622, 61.9748], [-68.1454, 61.6326], [-68.2277, 61.2904], [-68.3091, 60.9483], [-68.3897, 60.6061], [-68.4694, 60.2639], [-68.5483, 59.9217], [-68.6264, 59.5796], [-68.7038, 59.2374], [-68.7804, 58.8952], [-68.8564, 58.553], [-68.9316, 58.2109], [-69.0062, 57.8687], [-69.0802, 57.5265], [-69.1535, 57.1843], [-69.2262, 56.8422], [-69.2984, 56.5], [-74.9948, 56.5]]]}}, {"type": "Feature", "properties": {"pass_id": "P062", "mode": "tasked", "aoi": "", "timestamp": "2025-09-12T13:57:00Z"}, "geometry": {"type": "Polygon", "coordinates": [[[-142.3798, 64.5862], [-142.4224, 64.931], [-142.4664, 65.2758], [-142.5119, 65.6207], [-142.5588, 65.9655], [-142.6072, 66.3103], [-142.6573, 66.6551], [-142.709, 67.0], [-142.7626, 67.3448], [-142.8179, 67.6896], [-142.8752, 68.0345], [-142.9345, 68.3793], [-142.996, 68.7241], [-143.0596, 69.0689], [-143.1256, 69.4138], [-143.1941, 69.7586], [-143.2652, 70.1034], [-143.3389, 70.4483], [-143.4156, 70.7931], [-143.4953, 71.1379], [-143.5781, 71.4827], [-143.6644, 71.8276], [-143.7542, 72.1724], [-143.8478, 72.5172], [-143.9454, 72.862], [-144.0473, 73.2069], [-144.1537, 73.5517], [-144.2649, 73.8965], [-144.3812, 74.2414], [-144.503, 74.5862], [-132.6738, 74.5862], [-132.8044, 74.2414], [-132.9296, 73.8965], [-133.0497, 73.5517], [-133.1649, 73.2069], [-133.2756, 72.862], [-133.3821, 72.5172], [-133.4845, 72.1724], [-133.5832, 71.8276], [-133.6783, 71.4827], [-133.77, 71.1379], [-133.8585, 70.7931], [-133.944, 70.4483], [-134.0266, 70.1034], [-134.1065, 69.7586], [-134.1838, 69.4138], [-134.2587, 69.0689], [-134.3312, 68.7241], [-134.4015, 68.3793], [-134.4697, 68.0345], [-134.5358, 67.6896], [-134.6, 67.3448], [-134.6624, 67.0], [-134.723, 66.6551], [-134.7819, 66.3103], [-134.8392, 65.9655], [-134.8949, 65.6207], [-134.9492, 65.2758], [-135.002, 64.931], [-135.0535, 64.5862], [-142.3798, 64.5862]]]}}, {"type": "Feature", "properties": {"pass_id": "P063", "mode": "tasked", "aoi": "", "timestamp": "2025-09-12T21:18:00Z"}, "geometry": {"type": "Polygon", "coordinates": [[[-61.6122, 62.6096], [-61.7363, 62.9545], [-61.8614, 63.2993], [-61.9876, 63.6441], [-62.115, 63.9889], [-62.2436, 64.3338], [-62.3735, 64.6786], [-62.5047, 65.0234], [-62.6373, 65.3683], [-62.7714, 65.7131], [-62.9069, 66.0579], [-63.044, 66.4027], [-63.1827, 66.7476], [-63.3231, 67.0924], [-63.4654, 67.4372], [-63.6094, 67.782], [-63.7555, 68.1269], [-63.9036, 68.4717], [-64.0538, 68.8165], [-64.2063, 69.1614], [-64.3612, 69.5062], [-64.5186, 69.851], [-64.6785, 70.1958], [-64.8413, 70.5407], [-65.0069, 70.8855], [-65.1757, 71.2303], [-65.3476, 71.5751], [-65.523, 71.92], [-65.7021, 72.2648], [-65.8849, 72.6096], [-55.3654, 72.6096], [-55.3807, 72.2648], [-55.3921, 71.92], [-55.3999, 71.5751], [-55.4043, 71.2303], [-55.4054, 70.8855], [-55.4035, 70.5407], [-55.3986, 70.1958], [-55.391, 69.851], [-55.3808, 69.5062], [-55.3681, 69.1614], [-55.353, 68.8165], [-55.3357, 68.4717], [-55.3162, 68.1269], [-55.2946, 67.782], [-55.2711, 67.4372], [-55.2458, 67.0924], [-55.2186, 66.7476], [-55.1897, 66.4027], [-55.1593, 66.0579], [-55.1272, 65.7131], [-55.0936, 65.3683], [-55.0586, 65.0234], [-55.0223, 64.6786], [-54.9846, 64.3338], [-54.9456, 63.9889], [-54.9054, 63.6441], [-54.8641, 63.2993], [-54.8216, 62.9545], [-54.778, 62.6096], [-61.6122, 62.6096]]]}}, {"type": "Feature", "properties": {"pass_id": "P064", "mode": "tasked", "aoi": "", "timestamp": "2025-09-12T21:48:00Z"}, "geometry": {"type": "Polygon", "coordinates": [[[-78.7446, 68.2536], [-78.5741, 68.538], [-78.405, 68.8224], [-78.2375, 69.1067], [-78.0716, 69.3911], [-77.9073, 69.6754], [-77.7448, 69.9598], [-77.5841, 70.2441], [-77.4253, 70.5285], [-77.2684, 70.8129], [-77.1137, 71.0972], [-76.961, 71.3816], [-76.8107, 71.6659], [-76.6627, 71.9503], [-76.5172, 72.2346], [-76.3742, 72.519], [-76.234, 72.8034], [-76.0967, 73.0877], [-75.9624, 73.3721], [-75.8313, 73.6564], [-75.7035, 73.9408], [-75.5792, 74.2251], [-75.4586, 74.5095], [-75.342, 74.7939], [-75.2295, 75.0782], [-75.1214, 75.3626], [-75.0179, 75.6469], [-74.9194, 75.9313], [-74.8261, 76.2156], [-74.7383, 76.5], [-61.2701, 76.5], [-61.6305, 76.2156], [-61.9853, 75.9313], [-62.3348, 75.6469], [-62.6795, 75.3626], [-63.0194, 75.0782], [-63.355, 74.7939], [-63.6865, 74.5095], [-64.014, 74.2251], [-64.3378, 73.9408], [-64.6581, 73.6564], [-64.9751, 73.3721], [-65.2888, 73.0877], [-65.5996, 72.8034], [-65.9075, 72.519], [-66.2127, 72.2346], [-66.5153, 71.9503], [-66.8154, 71.6659], [-67.1131, 71.3816], [-67.4086, 71.0972], [-67.7019, 70.8129], [-67.9931, 70.5285], [-68.2824, 70.2441], [-68.5698, 69.9598], [-68.8554, 69.6754], [-69.1392, 69.3911], [-69.4214, 69.1067], [-69.7019, 68.8224], [-69.981, 68.538], [-70.2585, 68.2536], [-78.7446, 68.2536]]]}}, {"type": "Feature", "properties": {"pass_id": "P065", "mode": "routine", "aoi": "", "timestamp": "2025-09-12T23:13:00Z"}, "geometry": {"type": "Polygon", "coordinates": [[[-91.7217, 58.1431], [-91.7051, 58.4879], [-91.6892, 58.8327], [-91.674, 59.1775], [-91.6595, 59.5224], [-91.6458, 59.8672], [-91.6329, 60.212], [-91.6208, 60.5569], [-91.6096, 60.9017], [-91.5992, 61.2465], [-91.5897, 61.5913], [-91.5812, 61.9362], [-91.5736, 62.281], [-91.5671, 62.6258], [-91.5616, 62.9707], [-91.5572, 63.3155], [-91.5539, 63.6603], [-91.5518, 64.0051], [-91.5509, 64.35], [-91.5513, 64.6948], [-91.553, 65.0396], [-91.5561, 65.3844], [-91.5606, 65.7293], [-91.5666, 66.0741], [-91.5742, 66.4189], [-91.5834, 66.7638], [-91.5944, 67.1086], [-91.6071, 67.4534], [-91.6217, 67.7982], [-91.6383, 68.1431], [-83.193, 68.1431], [-83.3012, 67.7982], [-83.4073, 67.4534], [-83.5116, 67.1086], [-83.6141, 66.7638], [-83.7149, 66.4189], [-83.8141, 66.0741], [-83.9116, 65.7293], [-84.0077, 65.3844], [-84.1024, 65.0396], [-84.1956, 64.6948], [-84.2876, 64.35], [-84.3782, 64.0051], [-84.4677, 63.6603], [-84.5559, 63.3155], [-84.6431, 62.9707], [-84.7291, 62.6258], [-84.8141, 62.281], [-84.8981, 61.9362], [-84.9811, 61.5913], [-85.0632, 61.2465], [-85.1444, 60.9017], [-85.2247, 60.5569], [-85.3041, 60.212], [-85.3828, 59.8672], [-85.4606, 59.5224], [-85.5377, 59.1775], [-85.6141, 58.8327], [-85.6897, 58.4879], [-85.7647, 58.1431], [-91.7217, 58.1431]]]}}, {"type": "Feature", "properties": {"pass_id": "P066", "mode": "routine", "aoi": "", "timestamp": "2025-09-13T00:26:00Z"}, "geometry": {"type": "Polygon", "coordinates": [[[-90.8374, 61.4757], [-90.6396, 61.8205], [-90.4427, 62.1654], [-90.2468, 62.5102], [-90.0519, 62.855], [-89.8581, 63.1998], [-89.6655, 63.5447], [-89.4739, 63.8895], [-89.2836, 64.2343], [-89.0946, 64.5792], [-88.9068, 64.924], [-88.7205, 65.2688], [-88.5355, 65.6136], [-88.352, 65.9585], [-88.1701, 66.3033], [-87.9898, 66.6481], [-87.8111, 66.993], [-87.6343, 67.3378], [-87.4592, 67.6826], [-87.2861, 68.0274], [-87.1151, 68.3723], [-86.9461, 68.7171], [-86.7794, 69.0619], [-86.615, 69.4067], [-86.453, 69.7516], [-86.2937, 70.0964], [-86.137, 70.4412], [-85.9833, 70.7861], [-85.8325, 71.1309], [-85.685, 71.4757], [-75.7888, 71.4757], [-76.1108, 71.1309], [-76.4296, 70.7861], [-76.7453, 70.4412], [-77.0583, 70.0964], [-77.3685, 69.7516], [-77.6761, 69.4067], [-77.9812, 69.0619], [-78.2841, 68.7171], [-78.5846, 68.3723], [-78.8831, 68.0274], [-79.1796, 67.6826], [-79.4741, 67.3378], [-79.7668, 66.993], [-80.0577, 66.6481], [-80.3469, 66.3033], [-80.6346, 65.9585], [-80.9206, 65.6136], [-81.2052, 65.2688], [-81.4884, 64.924], [-81.7702, 64.5792], [-82.0507, 64.2343], [-82.33, 63.8895], [-82.608, 63.5447], [-82.8849, 63.1998], [-83.1607, 62.855], [-83.4354, 62.5102], [-83.709, 62.1654], [-83.9817, 61.8205], [-84.2534, 61.4757], [-90.8374, 61.4757]]]}}, {"type": "Feature", "properties": {"pass_id": "P067", "mode": "tasked", "aoi": "", "timestamp": "2025-09-13T00:40:00Z"}, "geometry": {"type": "Polygon", "coordinates": [[[-129.7229, 65.8401], [-129.6903, 66.1849], [-129.6593, 66.5298], [-129.63, 66.8746], [-129.6024, 67.2194], [-129.5766, 67.5643], [-129.5528, 67.9091], [-129.5309, 68.2539], [-129.5111, 68.5987], [-129.4935, 68.9436], [-129.4782, 69.2884], [-129.4653, 69.6332], [-129.4549, 69.978], [-129.4472, 70.3229], [-129.4424, 70.6677], [-129.4405, 71.0125], [-129.4417, 71.3574], [-129.4462, 71.7022], [-129.4543, 72.047], [-129.466, 72.3918], [-129.4817, 72.7367], [-129.5015, 73.0815], [-129.5258, 73.4263], [-129.5548, 73.7712], [-129.5888, 74.116], [-129.6281, 74.4608], [-129.6732, 74.8056], [-129.7243, 75.1505], [-129.782, 75.4953], [-129.8468, 75.8401], [-116.9943, 75.8401], [-117.2288, 75.4953], [-117.4562, 75.1505], [-117.6771, 74.8056], [-117.8919, 74.4608], [-118.101, 74.116], [-118.3048, 73.7712], [-118.5035, 73.4263], [-118.6975, 73.0815], [-118.8871, 72.7367], [-119.0725, 72.3918], [-119.254, 72.047], [-119.4318, 71.7022], [-119.6061, 71.3574], [-119.7771, 71.0125], [-119.9449, 70.6677], [-120.1098, 70.3229], [-120.2719, 69.978], [-120.4313, 69.6332], [-120.5881, 69.2884], [-120.7426, 68.9436], [-120.8947, 68.5987], [-121.0447, 68.2539], [-121.1925, 67.9091], [-121.3384, 67.5643], [-121.4824, 67.2194], [-121.6246, 66.8746], [-121.765, 66.5298], [-121.9038, 66.1849], [-122.041, 65.8401], [-129.7229, 65.8401]]]}}, {"type": "Feature", "properties": {"pass_id": "P068", "mode": "tasked", "aoi": "", "timestamp": "2025-09-13T00:59:00Z"}, "geometry": {"type": "Polygon", "coordinates": [[[-60.9043, 63.3114], [-61.0888, 63.6562], [-61.2745, 64.0011], [-61.4614, 64.3459], [-61.6496, 64.6907], [-61.8391, 65.0356], [-62.03, 65.3804], [-62.2223, 65.7252], [-62.4161, 66.07], [-62.6115, 66.4149], [-62.8085, 66.7597], [-63.0072, 67.1045], [-63.2078, 67.4494], [-63.4102, 67.7942], [-63.6145, 68.139], [-63.8209, 68.4838], [-64.0295, 68.8287], [-64.2403, 69.1735], [-64.4535, 69.5183], [-64.6692, 69.8631], [-64.8875, 70.208], [-65.1086, 70.5528], [-65.3326, 70.8976], [-65.5597, 71.2425], [-65.79, 71.5873], [-66.0237, 71.9321], [-66.2611, 72.2769], [-66.5024, 72.6218], [-66.7477, 72.9666], [-66.9974, 73.3114], [-56.0488, 73.3114], [-56.0144, 72.9666], [-55.9757, 72.6218], [-55.9329, 72.2769], [-55.8862, 71.9321], [-55.8359, 71.5873], [-55.7822, 71.2425], [-55.7252, 70.8976], [-55.6651, 70.5528], [-55.6021, 70.208], [-55.5364, 69.8631], [-55.468, 69.5183], [-55.3971, 69.1735], [-55.3239, 68.8287], [-55.2484, 68.4838], [-55.1707, 68.139], [-55.091, 67.7942], [-55.0094, 67.4494], [-54.9258, 67.1045], [-54.8405, 66.7597], [-54.7534, 66.4149], [-54.6648, 66.07], [-54.5745, 65.7252], [-54.4828, 65.3804], [-54.3896, 65.0356], [-54.295, 64.6907], [-54.1992, 64.3459], [-54.102, 64.0011], [-54.0036, 63.6562], [-53.9041, 63.3114], [-60.9043, 63.3114]]]}}, {"type": "Feature", "properties": {"pass_id": "P069", "mode": "tasked", "aoi": "", "timestamp": "2025-09-13T01:35:00Z"}, "geometry": {"type": "Polygon", "coordinates": [[[-60.9171, 57.1524], [-60.8803, 57.4972], [-60.8441, 57.842], [-60.8085, 58.1869], [-60.7736, 58.5317], [-60.7394, 58.8765], [-60.7059, 59.2214], [-60.6732, 59.5662], [-60.6412, 59.911], [-60.6101, 60.2558], [-60.5797, 60.6007], [-60.5502, 60.9455], [-60.5215, 61.2903], [-60.4938, 61.6351], [-60.467, 61.98], [-60.4412, 62.3248], [-60.4164, 62.6696], [-60.3926, 63.0145], [-60.37, 63.3593], [-60.3485, 63.7041], [-60.3281, 64.0489], [-60.309, 64.3938], [-60.2912, 64.7386], [-60.2747, 65.0834], [-60.2596, 65.4283], [-60.2459, 65.7731], [-60.2338, 66.1179], [-60.2232, 66.4627], [-60.2143, 66.8076], [-60.2071, 67.1524], [-52.1096, 67.1524], [-52.2307, 66.8076], [-52.3501, 66.4627], [-52.4679, 66.1179], [-52.584, 65.7731], [-52.6987, 65.4283], [-52.8119, 65.0834], [-52.9237, 64.7386], [-53.0341, 64.3938], [-53.1433, 64.0489], [-53.2513, 63.7041], [-53.3581, 63.3593], [-53.4638, 63.0145], [-53.5683, 62.6696], [-53.6718, 62.3248], [-53.7743, 61.98], [-53.8758, 61.6351], [-53.9764, 61.2903], [-54.0761, 60.9455], [-54.1749, 60.6007], [-54.2728, 60.2558], [-54.3699, 59.911], [-54.4663, 59.5662], [-54.5618, 59.2214], [-54.6567, 58.8765], [-54.7508, 58.5317], [-54.8442, 58.1869], [-54.9369, 57.842], [-55.029, 57.4972], [-55.1205, 57.1524], [-60.9171, 57.1524]]]}}, {"type": "Feature", "properties": {"pass_id": "P070", "mode": "tasked", "aoi": "", "timestamp": "2025-09-13T02:58:00Z"}, "geometry": {"type": "Polygon", "coordinates": [[[-78.9555, 57.1756], [-78.8285, 57.5205], [-78.7022, 57.8653], [-78.5765, 58.2101], [-78.4515, 58.5549], [-78.3272, 58.8998], [-78.2036, 59.2446], [-78.0808, 59.5894], [-77.9587, 59.9342], [-77.8374, 60.2791], [-77.7169, 60.6239], [-77.5973, 60.9687], [-77.4785, 61.3136], [-77.3607, 61.6584], [-77.2438, 62.0032], [-77.1279, 62.348], [-77.013, 62.6929], [-76.8992, 63.0377], [-76.7864, 63.3825], [-76.6748, 63.7273], [-76.5644, 64.0722], [-76.4552, 64.417], [-76.3473, 64.7618], [-76.2407, 65.1067], [-76.1356, 65.4515], [-76.0318, 65.7963], [-75.9296, 66.1411], [-75.829, 66.486], [-75.73, 66.8308], [-75.6328, 67.1756], [-67.5275, 67.1756], [-67.7389, 66.8308], [-67.9486, 66.486], [-68.1566, 66.1411], [-68.363, 65.7963], [-68.5679, 65.4515], [-68.7714, 65.1067], [-68.9734, 64.7618], [-69.1742, 64.417], [-69.3736, 64.0722], [-69.5718, 63.7273], [-69.7689, 63.3825], [-69.9648, 63.0377], [-70.1596, 62.6929], [-70.3533, 62.348], [-70.546, 62.0032], [-70.7378, 61.6584], [-70.9286, 61.3136], [-71.1185, 60.9687], [-71.3075, 60.6239], [-71.4956, 60.2791], [-71.683, 59.9342], [-71.8695, 59.5894], [-72.0553, 59.2446], [-72.2403, 58.8998], [-72.4247, 58.5549], [-72.6083, 58.2101], [-72.7913, 57.8653], [-72.9736, 57.5205], [-73.1553, 57.1756], [-78.9555, 57.1756]]]}}, {"type": "Feature", "properties": {"pass_id": "P071", "mode": "routine", "aoi": "", "timestamp": "2025-09-13T09:53:00Z"}, "geometry": {"type": "Polygon", "coordinates": [[[-73.6044, 61.8917], [-73.8502, 62.2365], [-74.0971, 62.5814], [-74.345, 62.9262], [-74.594, 63.271], [-74.8442, 63.6158], [-75.0955, 63.9607], [-75.348, 64.3055], [-75.6018, 64.6503], [-75.8569, 64.9952], [-76.1133, 65.34], [-76.3712, 65.6848], [-76.6306, 66.0296], [-76.8916, 66.3745], [-77.1542, 66.7193], [-77.4185, 67.0641], [-77.6845, 67.4089], [-77.9525, 67.7538], [-78.2223, 68.0986], [-78.4943, 68.4434], [-78.7683, 68.7883], [-79.0446, 69.1331], [-79.3233, 69.4779], [-79.6044, 69.8227], [-79.8882, 70.1676], [-80.1747, 70.5124], [-80.4641, 70.8572], [-80.7566, 71.2021], [-81.0522, 71.5469], [-81.3513, 71.8917], [-71.2357, 71.8917], [-71.1192, 71.5469], [-70.9993, 71.2021], [-70.8762, 70.8572], [-70.75, 70.5124], [-70.621, 70.1676], [-70.4892, 69.8227], [-70.3547, 69.4779], [-70.2178, 69.1331], [-70.0786, 68.7883], [-69.937, 68.4434], [-69.7934, 68.0986], [-69.6477, 67.7538], [-69.5, 67.4089], [-69.3505, 67.0641], [-69.1992, 66.7193], [-69.0462, 66.3745], [-68.8916, 66.0296], [-68.7354, 65.6848], [-68.5778, 65.34], [-68.4187, 64.9952], [-68.2582, 64.6503], [-68.0964, 64.3055], [-67.9333, 63.9607], [-67.7691, 63.6158], [-67.6036, 63.271], [-67.4371, 62.9262], [-67.2694, 62.5814], [-67.1007, 62.2365], [-66.931, 61.8917], [-73.6044, 61.8917]]]}}, {"type": "Feature", "properties": {"pass_id": "P072", "mode": "tasked", "aoi": "", "timestamp": "2025-09-13T10:35:00Z"}, "geometry": {"type": "Polygon", "coordinates": [[[-75.829, 57.8534], [-75.8066, 58.1982], [-75.7848, 58.543], [-75.7637, 58.8879], [-75.7433, 59.2327], [-75.7236, 59.5775], [-75.7047, 59.9223], [-75.6867, 60.2672], [-75.6694, 60.612], [-75.653, 60.9568], [-75.6374, 61.3016], [-75.6228, 61.6465], [-75.6091, 61.9913], [-75.5964, 62.3361], [-75.5847, 62.681], [-75.574, 63.0258], [-75.5645, 63.3706], [-75.5561, 63.7154], [-75.5488, 64.0603], [-75.5428, 64.4051], [-75.5381, 64.7499], [-75.5347, 65.0948], [-75.5327, 65.4396], [-75.5322, 65.7844], [-75.5332, 66.1292], [-75.5357, 66.4741], [-75.5399, 66.8189], [-75.5458, 67.1637], [-75.5535, 67.5085], [-75.5631, 67.8534], [-67.2229, 67.8534], [-67.3347, 67.5085], [-67.4446, 67.1637], [-67.5527, 66.8189], [-67.659, 66.4741], [-67.7637, 66.1292], [-67.8669, 65.7844], [-67.9685, 65.4396], [-68.0687, 65.0948], [-68.1675, 64.7499], [-68.2649, 64.4051], [-68.3611, 64.0603], [-68.4561, 63.7154], [-68.5498, 63.3706], [-68.6424, 63.0258], [-68.734, 62.681], [-68.8245, 62.3361], [-68.9139, 61.9913], [-69.0024, 61.6465], [-69.0899, 61.3016], [-69.1766, 60.9568], [-69.2623, 60.612], [-69.3472, 60.2672], [-69.4313, 59.9223], [-69.5146, 59.5775], [-69.5971, 59.2327], [-69.6789, 58.8879], [-69.76, 58.543], [-69.8403, 58.1982], [-69.9201, 57.8534], [-75.829, 57.8534]]]}}, {"type": "Feature", "properties": {"pass_id": "P073", "mode": "tasked", "aoi": "", "timestamp": "2025-09-13T11:48:00Z"}, "geometry": {"type": "Polygon", "coordinates": [[[-124.0047, 63.7873], [-123.8701, 64.1322], [-123.7368, 64.477], [-123.6047, 64.8218], [-123.474, 65.1667], [-123.3447, 65.5115], [-123.2169, 65.8563], [-123.0906, 66.2011], [-122.9659, 66.546], [-122.8429, 66.8908], [-122.7216, 67.2356], [-122.6021, 67.5804], [-122.4845, 67.9253], [-122.3689, 68.2701], [-122.2554, 68.6149], [-122.1441, 68.9598], [-122.0351, 69.3046], [-121.9285, 69.6494], [-121.8245, 69.9942], [-121.7231, 70.3391], [-121.6246, 70.6839], [-121.529, 71.0287], [-121.4366, 71.3736], [-121.3475, 71.7184], [-121.2619, 72.0632], [-121.18, 72.408], [-121.1021, 72.7529], [-121.0283, 73.0977], [-120.959, 73.4425], [-120.8944, 73.7873], [-109.6334, 73.7873], [-109.9262, 73.4425], [-110.2142, 73.0977], [-110.4978, 72.7529], [-110.7772, 72.408], [-111.0527, 72.0632], [-111.3245, 71.7184], [-111.5927, 71.3736], [-111.8577, 71.0287], [-112.1195, 70.6839], [-112.3783, 70.3391], [-112.6343, 69.9942], [-112.8876, 69.6494], [-113.1384, 69.3046], [-113.3867, 68.9598], [-113.6328, 68.6149], [-113.8767, 68.2701], [-114.1184, 67.9253], [-114.3582, 67.5804], [-114.5961, 67.2356], [-114.8321, 66.8908], [-115.0664, 66.546], [-115.2991, 66.2011], [-115.5302, 65.8563], [-115.7597, 65.5115], [-115.9878, 65.1667], [-116.2144, 64.8218], [-116.4397, 64.477], [-116.6638, 64.1322], [-116.8866, 63.7873], [-124.0047, 63.7873]]]}}, {"type": "Feature", "properties": {"pass_id": "P074", "mode": "tasked", "aoi": "", "timestamp": "2025-09-13T13:15:00Z"}, "geometry": {"type": "Polygon", "coordinates": [[[-64.1278, 66.3322], [-64.4553, 66.677], [-64.7844, 67.0219], [-65.1153, 67.3667], [-65.4481, 67.7115], [-65.7828, 68.0564], [-66.1195, 68.4012], [-66.4584, 68.746], [-66.7995, 69.0908], [-67.1429, 69.4357], [-67.4888, 69.7805], [-67.8373, 70.1253], [-68.1886, 70.4701], [-68.5427, 70.815], [-68.8998, 71.1598], [-69.2602, 71.5046], [-69.6239, 71.8495], [-69.9913, 72.1943], [-70.3624, 72.5391], [-70.7375, 72.8839], [-71.117, 73.2288], [-71.5009, 73.5736], [-71.8898, 73.9184], [-72.2837, 74.2632], [-72.6832, 74.6081], [-73.0885, 74.9529], [-73.5002, 75.2977], [-73.9186, 75.6426], [-74.3442, 75.9874], [-74.7776, 76.3322], [-61.4716, 76.3322], [-61.3594, 75.9874], [-61.2393, 75.6426], [-61.1119, 75.2977], [-60.9779, 74.9529], [-60.8375, 74.6081], [-60.6912, 74.2632], [-60.5395, 73.9184], [-60.3826, 73.5736], [-60.2208, 73.2288], [-60.0546, 72.8839], [-59.884, 72.5391], [-59.7094, 72.1943], [-59.531, 71.8495], [-59.349, 71.5046], [-59.1637, 71.1598], [-58.9751, 70.815], [-58.7835, 70.4701], [-58.589, 70.1253], [-58.3918, 69.7805], [-58.192, 69.4357], [-57.9897, 69.0908], [-57.7851, 68.746], [-57.5783, 68.4012], [-57.3693, 68.0564], [-57.1583, 67.7115], [-56.9453, 67.3667], [-56.7305, 67.0219], [-56.5139, 66.677], [-56.2957, 66.3322], [-64.1278, 66.3322]]]}}, {"type": "Feature", "properties": {"pass_id": "P075", "mode": "tasked", "aoi": "", "timestamp": "2025-09-13T14:13:00Z"}, "geometry": {"type": "Polygon", "coordinates": [[[-71.6977, 66.0573], [-71.4948, 66.4021], [-71.2936, 66.7469], [-71.0941, 67.0918], [-70.8964, 67.4366], [-70.7006, 67.7814], [-70.5067, 68.1262], [-70.3149, 68.4711], [-70.1252, 68.8159], [-69.9378, 69.1607], [-69.7527, 69.5056], [-69.5701, 69.8504], [-69.3902, 70.1952], [-69.213, 70.54], [-69.0387, 70.8849], [-68.8675, 71.2297], [-68.6996, 71.5745], [-68.535, 71.9194], [-68.3741, 72.2642], [-68.2171, 72.609], [-68.0641, 72.9538], [-67.9154, 73.2987], [-67.7714, 73.6435], [-67.6322, 73.9883], [-67.4983, 74.3331], [-67.3699, 74.678], [-67.2475, 75.0228], [-67.1315, 75.3676], [-67.0223, 75.7125], [-66.9205, 76.0573], [-53.8718, 76.0573], [-54.2823, 75.7125], [-54.6854, 75.3676], [-55.0816, 75.0228], [-55.4715, 74.678], [-55.8554, 74.3331], [-56.2337, 73.9883], [-56.6068, 73.6435], [-56.975, 73.2987], [-57.3386, 72.9538], [-57.6979, 72.609], [-58.0531, 72.2642], [-58.4044, 71.9194], [-58.7521, 71.5745], [-59.0964, 71.2297], [-59.4375, 70.8849], [-59.7755, 70.54], [-60.1106, 70.1952], [-60.4429, 69.8504], [-60.7726, 69.5056], [-61.0998, 69.1607], [-61.4246, 68.8159], [-61.7472, 68.4711], [-62.0676, 68.1262], [-62.386, 67.7814], [-62.7024, 67.4366], [-63.017, 67.0918], [-63.3297, 66.7469], [-63.6408, 66.4021], [-63.9502, 66.0573], [-71.6977, 66.0573]]]}}, {"type": "Feature", "properties": {"pass_id": "P076", "mode": "tasked", "aoi": "", "timestamp": "2025-09-13T17:14:00Z"}, "geometry": {"type": "Polygon", "coordinates": [[[-117.4773, 64.9823], [-117.7897, 65.3272], [-118.1036, 65.672], [-118.4189, 66.0168], [-118.7357, 66.3616], [-119.0542, 66.7065], [-119.3744, 67.0513], [-119.6964, 67.3961], [-120.0202, 67.741], [-120.346, 68.0858], [-120.6738, 68.4306], [-121.0037, 68.7754], [-121.3359, 69.1203], [-121.6705, 69.4651], [-122.0075, 69.8099], [-122.3471, 70.1547], [-122.6895, 70.4996], [-123.0348, 70.8444], [-123.3831, 71.1892], [-123.7346, 71.5341], [-124.0896, 71.8789], [-124.4481, 72.2237], [-124.8105, 72.5685], [-125.1769, 72.9134], [-125.5476, 73.2582], [-125.9229, 73.603], [-126.303, 73.9479], [-126.6883, 74.2927], [-127.0792, 74.6375], [-127.4759, 74.9823], [-115.3421, 74.9823], [-115.2113, 74.6375], [-115.0747, 74.2927], [-114.9325, 73.9479], [-114.7851, 73.603], [-114.6329, 73.2582], [-114.476, 72.9134], [-114.3149, 72.5685], [-114.1498, 72.2237], [-113.9808, 71.8789], [-113.8082, 71.5341], [-113.6323, 71.1892], [-113.4531, 70.8444], [-113.2708, 70.4996], [-113.0857, 70.1547], [-112.8978, 69.8099], [-112.7073, 69.4651], [-112.5143, 69.1203], [-112.319, 68.7754], [-112.1214, 68.4306], [-111.9217, 68.0858], [-111.72, 67.741], [-111.5163, 67.3961], [-111.3107, 67.0513], [-111.1034, 66.7065], [-110.8944, 66.3616], [-110.6837, 66.0168], [-110.4715, 65.672], [-110.2578, 65.3272], [-110.0427, 64.9823], [-117.4773, 64.9823]]]}}, {"type": "Feature", "properties": {"pass_id": "P077", "mode": "tasked", "aoi": "AOI_LANCASTER", "timestamp": "2025-09-13T18:53:00Z"}, "geometry": {"type": "Polygon", "coordinates": [[[-88.3121, 69.2], [-88.4452, 69.4517], [-88.5797, 69.7034], [-88.7155, 69.9552], [-88.8528, 70.2069], [-88.9915, 70.4586], [-89.1317, 70.7103], [-89.2736, 70.9621], [-89.4171, 71.2138], [-89.5623, 71.4655], [-89.7093, 71.7172], [-89.8582, 71.969], [-90.009, 72.2207], [-90.1619, 72.4724], [-90.3169, 72.7241], [-90.4741, 72.9759], [-90.6336, 73.2276], [-90.7956, 73.4793], [-90.96, 73.731], [-91.1272, 73.9828], [-91.2971, 74.2345], [-91.4699, 74.4862], [-91.6458, 74.7379], [-91.8249, 74.9897], [-92.0073, 75.2414], [-92.1934, 75.4931], [-92.3831, 75.7448], [-92.5768, 75.9966], [-92.7747, 76.2483], [-92.9769, 76.5], [-79.5087, 76.5], [-79.5484, 76.2483], [-79.5837, 75.9966], [-79.6148, 75.7448], [-79.6419, 75.4931], [-79.6653, 75.2414], [-79.6852, 74.9897], [-79.7017, 74.7379], [-79.715, 74.4862], [-79.7252, 74.2345], [-79.7325, 73.9828], [-79.737, 73.731], [-79.7389, 73.4793], [-79.7382, 73.2276], [-79.7352, 72.9759], [-79.7298, 72.7241], [-79.7222, 72.4724], [-79.7124, 72.2207], [-79.7007, 71.969], [-79.6869, 71.7172], [-79.6714, 71.4655], [-79.654, 71.2138], [-79.6349, 70.9621], [-79.6141, 70.7103], [-79.5918, 70.4586], [-79.5679, 70.2069], [-79.5425, 69.9552], [-79.5158, 69.7034], [-79.4876, 69.4517], [-79.4582, 69.2], [-88.3121, 69.2]]]}}, {"type": "Feature", "properties": {"pass_id": "P078", "mode": "tasked", "aoi": "", "timestamp": "2025-09-13T18:53:00Z"}, "geometry": {"type": "Polygon", "coordinates": [[[-74.5627, 56.6421], [-74.3602, 56.9869], [-74.1582, 57.3317], [-73.9569, 57.6766], [-73.7562, 58.0214], [-73.5562, 58.3662], [-73.3569, 58.7111], [-73.1582, 59.0559], [-72.9603, 59.4007], [-72.7631, 59.7455], [-72.5668, 60.0904], [-72.3712, 60.4352], [-72.1764, 60.78], [-71.9826, 61.1248], [-71.7896, 61.4697], [-71.5975, 61.8145], [-71.4064, 62.1593], [-71.2163, 62.5042], [-71.0272, 62.849], [-70.8392, 63.1938], [-70.6523, 63.5386], [-70.4666, 63.8835], [-70.2821, 64.2283], [-70.0988, 64.5731], [-69.9169, 64.9179], [-69.7363, 65.2628], [-69.5571, 65.6076], [-69.3794, 65.9524], [-69.2033, 66.2973], [-69.0287, 66.6421], [-61.0986, 66.6421], [-61.382, 66.2973], [-61.6638, 65.9524], [-61.944, 65.6076], [-62.2228, 65.2628], [-62.5001, 64.9179], [-62.7761, 64.5731], [-63.0508, 64.2283], [-63.3242, 63.8835], [-63.5964, 63.5386], [-63.8675, 63.1938], [-64.1374, 62.849], [-64.4063, 62.5042], [-64.6741, 62.1593], [-64.9409, 61.8145], [-65.2068, 61.4697], [-65.4717, 61.1248], [-65.7358, 60.78], [-65.999, 60.4352], [-66.2614, 60.0904], [-66.5229, 59.7455], [-66.7837, 59.4007], [-67.0437, 59.0559], [-67.303, 58.7111], [-67.5616, 58.3662], [-67.8195, 58.0214], [-68.0768, 57.6766], [-68.3334, 57.3317], [-68.5894, 56.9869], [-68.8448, 56.6421], [-74.5627, 56.6421]]]}}, {"type": "Feature", "properties": {"pass_id": "P079", "mode": "tasked", "aoi": "", "timestamp": "2025-09-13T20:39:00Z"}, "geometry": {"type": "Polygon", "coordinates": [[[-86.5393, 68.4078], [-86.4787, 68.6868], [-86.4195, 68.9659], [-86.3619, 69.2449], [-86.3058, 69.524], [-86.2514, 69.803], [-86.1986, 70.082], [-86.1477, 70.3611], [-86.0986, 70.6401], [-86.0514, 70.9192], [-86.0063, 71.1982], [-85.9632, 71.4772], [-85.9224, 71.7563], [-85.8839, 72.0353], [-85.8478, 72.3144], [-85.8142, 72.5934], [-85.7833, 72.8725], [-85.7552, 73.1515], [-85.7301, 73.4305], [-85.708, 73.7096], [-85.6892, 73.9886], [-85.6738, 74.2677], [-85.6619, 74.5467], [-85.6539, 74.8257], [-85.65, 75.1048], [-85.6502, 75.3838], [-85.655, 75.6629], [-85.6645, 75.9419], [-85.6791, 76.221], [-85.699, 76.5], [-72.2308, 76.5], [-72.4785, 76.221], [-72.7208, 75.9419], [-72.9581, 75.6629], [-73.1906, 75.3838], [-73.4186, 75.1048], [-73.6424, 74.8257], [-73.8621, 74.5467], [-74.0781, 74.2677], [-74.2904, 73.9886], [-74.4994, 73.7096], [-74.7051, 73.4305], [-74.9076, 73.1515], [-75.1073, 72.8725], [-75.3042, 72.5934], [-75.4984, 72.3144], [-75.69, 72.0353], [-75.8793, 71.7563], [-76.0662, 71.4772], [-76.2509, 71.1982], [-76.4336, 70.9192], [-76.6142, 70.6401], [-76.7928, 70.3611], [-76.9696, 70.082], [-77.1446, 69.803], [-77.318, 69.524], [-77.4896, 69.2449], [-77.6598, 68.9659], [-77.8284, 68.6868], [-77.9955, 68.4078], [-86.5393, 68.4078]]]}}, {"type": "Feature", "properties": {"pass_id": "P080", "mode": "tasked", "aoi": "AOI_QUEEN_MAUD", "timestamp": "2025-09-14T00:08:00Z"}, "geometry": {"type": "Polygon", "coordinates": [[[-99.0944, 63.4], [-99.3728, 63.7448], [-99.6524, 64.0897], [-99.9332, 64.4345], [-100.2153, 64.7793], [-100.4987, 65.1241], [-100.7836, 65.469], [-101.0699, 65.8138], [-101.3577, 66.1586], [-101.6471, 66.5034], [-101.9381, 66.8483], [-102.2309, 67.1931], [-102.5255, 67.5379], [-102.8219, 67.8828], [-103.1204, 68.2276], [-103.421, 68.5724], [-103.7237, 68.9172], [-104.0287, 69.2621], [-104.3361, 69.6069], [-104.646, 69.9517], [-104.9586, 70.2966], [-105.274, 70.6414], [-105.5924, 70.9862], [-105.9139, 71.331], [-106.2387, 71.6759], [-106.5669, 72.0207], [-106.8989, 72.3655], [-107.2348, 72.7103], [-107.5748, 73.0552], [-107.9192, 73.4], [-96.9139, 73.4], [-96.787, 73.0552], [-96.6558, 72.7103], [-96.5204, 72.3655], [-96.3811, 72.0207], [-96.2382, 71.6759], [-96.0917, 71.331], [-95.9419, 70.9862], [-95.789, 70.6414], [-95.6332, 70.2966], [-95.4746, 69.9517], [-95.3133, 69.6069], [-95.1494, 69.2621], [-94.9832, 68.9172], [-94.8147, 68.5724], [-94.644, 68.2276], [-94.4712, 67.8828], [-94.2964, 67.5379], [-94.1198, 67.1931], [-93.9413, 66.8483], [-93.7611, 66.5034], [-93.5792, 66.1586], [-93.3958, 65.8138], [-93.2108, 65.469], [-93.0244, 65.1241], [-92.8366, 64.7793], [-92.6475, 64.4345], [-92.4571, 64.0897], [-92.2654, 63.7448], [-92.0726, 63.4], [-99.0944, 63.4]]]}}, {"type": "Feature", "properties": {"pass_id": "P081", "mode": "routine", "aoi": "", "timestamp": "2025-09-14T04:18:00Z"}, "geometry": {"type": "Polygon", "coordinates": [[[-69.9972, 63.8831], [-70.107, 64.2279], [-70.2181, 64.5727], [-70.3305, 64.9175], [-70.4443, 65.2624], [-70.5594, 65.6072], [-70.6761, 65.952], [-70.7943, 66.2968], [-70.9141, 66.6417], [-71.0356, 66.9865], [-71.1589, 67.3313], [-71.284, 67.6762], [-71.411, 68.021], [-71.5401, 68.3658], [-71.6713, 68.7106], [-71.8047, 69.0555], [-71.9404, 69.4003], [-72.0786, 69.7451], [-72.2193, 70.0899], [-72.3628, 70.4348], [-72.5092, 70.7796], [-72.6585, 71.1244], [-72.8111, 71.4693], [-72.967, 71.8141], [-73.1265, 72.1589], [-73.2898, 72.5037], [-73.457, 72.8486], [-73.6286, 73.1934], [-73.8046, 73.5382], [-73.9854, 73.8831], [-62.6594, 73.8831], [-62.7095, 73.5382], [-62.7547, 73.1934], [-62.7954, 72.8486], [-62.8319, 72.5037], [-62.8644, 72.1589], [-62.8931, 71.8141], [-62.9182, 71.4693], [-62.94, 71.1244], [-62.9586, 70.7796], [-62.9741, 70.4348], [-62.9868, 70.0899], [-62.9968, 69.7451], [-63.0042, 69.4003], [-63.0091, 69.0555], [-63.0117, 68.7106], [-63.0121, 68.3658], [-63.0104, 68.021], [-63.0066, 67.6762], [-63.0009, 67.3313], [-62.9934, 66.9865], [-62.9841, 66.6417], [-62.9732, 66.2968], [-62.9606, 65.952], [-62.9465, 65.6072], [-62.9309, 65.2624], [-62.9138, 64.9175], [-62.8955, 64.5727], [-62.8758, 64.2279], [-62.8548, 63.8831], [-69.9972, 63.8831]]]}}, {"type": "Feature", "properties": {"pass_id": "P082", "mode": "tasked", "aoi": "", "timestamp": "2025-09-14T05:26:00Z"}, "geometry": {"type": "Polygon", "coordinates": [[[-60.3931, 63.3219], [-60.6089, 63.6668], [-60.826, 64.0116], [-61.0442, 64.3564], [-61.2637, 64.7013], [-61.4846, 65.0461], [-61.7068, 65.3909], [-61.9304, 65.7357], [-62.1556, 66.0806], [-62.3823, 66.4254], [-62.6107, 66.7702], [-62.8408, 67.1151], [-63.0727, 67.4599], [-63.3064, 67.8047], [-63.5421, 68.1495], [-63.7799, 68.4944], [-64.0198, 68.8392], [-64.262, 69.184], [-64.5066, 69.5288], [-64.7536, 69.8737], [-65.0033, 70.2185], [-65.2558, 70.5633], [-65.5112, 70.9082], [-65.7697, 71.253], [-66.0314, 71.5978], [-66.2965, 71.9426], [-66.5653, 72.2875], [-66.838, 72.6323], [-67.1148, 72.9771], [-67.3959, 73.3219], [-56.4406, 73.3219], [-56.3751, 72.9771], [-56.3052, 72.6323], [-56.2312, 72.2875], [-56.1533, 71.9426], [-56.0718, 71.5978], [-55.9869, 71.253], [-55.8987, 70.9082], [-55.8074, 70.5633], [-55.7132, 70.2185], [-55.6163, 69.8737], [-55.5167, 69.5288], [-55.4146, 69.184], [-55.3101, 68.8392], [-55.2034, 68.4944], [-55.0945, 68.1495], [-54.9835, 67.8047], [-54.8706, 67.4599], [-54.7558, 67.1151], [-54.6393, 66.7702], [-54.521, 66.4254], [-54.4011, 66.0806], [-54.2796, 65.7357], [-54.1566, 65.3909], [-54.0321, 65.0461], [-53.9063, 64.7013], [-53.7792, 64.3564], [-53.6508, 64.0116], [-53.5211, 63.6668], [-53.3903, 63.3219], [-60.3931, 63.3219]]]}}, {"type": "Feature", "properties": {"pass_id": "P083", "mode": "tasked", "aoi": "", "timestamp": "2025-09-14T09:56:00Z"}, "geometry": {"type": "Polygon", "coordinates": [[[-66.0501, 56.5], [-66.3159, 56.8417], [-66.5822, 57.1833], [-66.8491, 57.525], [-67.1166, 57.8666], [-67.3848, 58.2083], [-67.6536, 58.55], [-67.9231, 58.8916], [-68.1933, 59.2333], [-68.4643, 59.5749], [-68.7359, 59.9166], [-69.0084, 60.2583], [-69.2817, 60.5999], [-69.5558, 60.9416], [-69.8307, 61.2832], [-70.1066, 61.6249], [-70.3834, 61.9666], [-70.6611, 62.3082], [-70.9398, 62.6499], [-71.2196, 62.9915], [-71.5004, 63.3332], [-71.7823, 63.6749], [-72.0654, 64.0165], [-72.3497, 64.3582], [-72.6353, 64.6998], [-72.9221, 65.0415], [-73.2103, 65.3832], [-73.5, 65.7248], [-73.7911, 66.0665], [-74.0837, 66.4081], [-66.2278, 66.4081], [-66.0408, 66.0665], [-65.8523, 65.7248], [-65.6624, 65.3832], [-65.471, 65.0415], [-65.2783, 64.6998], [-65.0843, 64.3582], [-64.889, 64.0165], [-64.6925, 63.6749], [-64.4949, 63.3332], [-64.2961, 62.9915], [-64.0963, 62.6499], [-63.8955, 62.3082], [-63.6936, 61.9666], [-63.4908, 61.6249], [-63.2871, 61.2832], [-63.0825, 60.9416], [-62.877, 60.5999], [-62.6707, 60.2583], [-62.4636, 59.9166], [-62.2557, 59.5749], [-62.047, 59.2333], [-61.8377, 58.8916], [-61.6276, 58.55], [-61.4169, 58.2083], [-61.2055, 57.8666], [-60.9934, 57.525], [-60.7808, 57.1833], [-60.5675, 56.8417], [-60.3537, 56.5], [-66.0501, 56.5]]]}}, {"type": "Feature", "properties": {"pass_id": "P084", "mode": "tasked", "aoi": "", "timestamp": "2025-09-14T10:41:00Z"}, "geometry": {"type": "Polygon", "coordinates": [[[-63.0302, 56.5], [-63.2323, 56.844], [-63.435, 57.188], [-63.6382, 57.532], [-63.8422, 57.8761], [-64.0467, 58.2201], [-64.2519, 58.5641], [-64.4579, 58.9081], [-64.6645, 59.2521], [-64.8719, 59.5961], [-65.08, 59.9401], [-65.2889, 60.2841], [-65.4987, 60.6282], [-65.7093, 60.9722], [-65.9207, 61.3162], [-66.1331, 61.6602], [-66.3464, 62.0042], [-66.5607, 62.3482], [-66.776, 62.6922], [-66.9923, 63.0362], [-67.2098, 63.3803], [-67.4283, 63.7243], [-67.6481, 64.0683], [-67.869, 64.4123], [-68.0913, 64.7563], [-68.3149, 65.1003], [-68.5398, 65.4443], [-68.7662, 65.7883], [-68.9942, 66.1324], [-69.2236, 66.4764], [-61.3462, 66.4764], [-61.2238, 66.1324], [-61.0998, 65.7883], [-60.9742, 65.4443], [-60.8473, 65.1003], [-60.7189, 64.7563], [-60.5892, 64.4123], [-60.4583, 64.0683], [-60.3261, 63.7243], [-60.1928, 63.3803], [-60.0583, 63.0362], [-59.9227, 62.6922], [-59.786, 62.3482], [-59.6484, 62.0042], [-59.5098, 61.6602], [-59.3702, 61.3162], [-59.2297, 60.9722], [-59.0884, 60.6282], [-58.9462, 60.2841], [-58.8032, 59.9401], [-58.6594, 59.5961], [-58.5148, 59.2521], [-58.3695, 58.9081], [-58.2235, 58.5641], [-58.0768, 58.2201], [-57.9295, 57.8761], [-57.7815, 57.532], [-57.6328, 57.188], [-57.4836, 56.844], [-57.3337, 56.5], [-63.0302, 56.5]]]}}, {"type": "Feature", "properties": {"pass_id": "P085", "mode": "tasked", "aoi": "", "timestamp": "2025-09-14T12:28:00Z"}, "geometry": {"type": "Polygon", "coordinates": [[[-68.313, 56.5905], [-68.4037, 56.9354], [-68.4949, 57.2802], [-68.5868, 57.625], [-68.6793, 57.9698], [-68.7724, 58.3147], [-68.8662, 58.6595], [-68.9607, 59.0043], [-69.056, 59.3492], [-69.152, 59.694], [-69.2487, 60.0388], [-69.3463, 60.3836], [-69.4447, 60.7285], [-69.544, 61.0733], [-69.6441, 61.4181], [-69.7452, 61.763], [-69.8472, 62.1078], [-69.9502, 62.4526], [-70.0542, 62.7974], [-70.1593, 63.1423], [-70.2655, 63.4871], [-70.3729, 63.8319], [-70.4815, 64.1767], [-70.5913, 64.5216], [-70.7024, 64.8664], [-70.8149, 65.2112], [-70.9287, 65.5561], [-71.0441, 65.9009], [-71.1609, 66.2457], [-71.2794, 66.5905], [-63.3658, 66.5905], [-63.3557, 66.2457], [-63.3439, 65.9009], [-63.3307, 65.5561], [-63.316, 65.2112], [-63.2998, 64.8664], [-63.2824, 64.5216], [-63.2636, 64.1767], [-63.2435, 63.8319], [-63.2223, 63.4871], [-63.1999, 63.1423], [-63.1764, 62.7974], [-63.1519, 62.4526], [-63.1263, 62.1078], [-63.0997, 61.763], [-63.0722, 61.4181], [-63.0437, 61.0733], [-63.0144, 60.7285], [-62.9842, 60.3836], [-62.9532, 60.0388], [-62.9213, 59.694], [-62.8887, 59.3492], [-62.8554, 59.0043], [-62.8213, 58.6595], [-62.7865, 58.3147], [-62.7511, 57.9698], [-62.715, 57.625], [-62.6782, 57.2802], [-62.6409, 56.9354], [-62.6029, 56.5905], [-68.313, 56.5905]]]}}, {"type": "Feature", "properties": {"pass_id": "P086", "mode": "tasked", "aoi": "", "timestamp": "2025-09-14T13:10:00Z"}, "geometry": {"type": "Polygon", "coordinates": [[[-69.6097, 56.5], [-69.629, 56.8193], [-69.6488, 57.1386], [-69.6691, 57.4579], [-69.69, 57.7773], [-69.7114, 58.0966], [-69.7334, 58.4159], [-69.756, 58.7352], [-69.7791, 59.0545], [-69.8029, 59.3738], [-69.8274, 59.6931], [-69.8525, 60.0124], [-69.8783, 60.3318], [-69.9048, 60.6511], [-69.932, 60.9704], [-69.96, 61.2897], [-69.9888, 61.609], [-70.0183, 61.9283], [-70.0487, 62.2476], [-70.08, 62.567], [-70.1122, 62.8863], [-70.1452, 63.2056], [-70.1793, 63.5249], [-70.2143, 63.8442], [-70.2504, 64.1635], [-70.2875, 64.4828], [-70.3258, 64.8021], [-70.3651, 65.1215], [-70.4057, 65.4408], [-70.4476, 65.7601], [-62.7895, 65.7601], [-62.8412, 65.4408], [-62.8916, 65.1215], [-62.9408, 64.8021], [-62.9889, 64.4828], [-63.0359, 64.1635], [-63.0819, 63.8442], [-63.1267, 63.5249], [-63.1706, 63.2056], [-63.2136, 62.8863], [-63.2556, 62.567], [-63.2967, 62.2476], [-63.337, 61.9283], [-63.3764, 61.609], [-63.415, 61.2897], [-63.4529, 60.9704], [-63.4899, 60.6511], [-63.5263, 60.3318], [-63.5619, 60.0124], [-63.5969, 59.6931], [-63.6312, 59.3738], [-63.6649, 59.0545], [-63.6979, 58.7352], [-63.7303, 58.4159], [-63.7622, 58.0966], [-63.7935, 57.7773], [-63.8242, 57.4579], [-63.8544, 57.1386], [-63.884, 56.8193], [-63.9132, 56.5], [-69.6097, 56.5]]]}}, {"type": "Feature", "properties": {"pass_id": "P087", "mode": "tasked", "aoi": "", "timestamp": "2025-09-14T17:06:00Z"}, "geometry": {"type": "Polygon", "coordinates": [[[-86.5823, 69.8304], [-86.727, 70.0604], [-86.8729, 70.2904], [-87.02, 70.5204], [-87.1684, 70.7504], [-87.3182, 70.9804], [-87.4693, 71.2104], [-87.6219, 71.4403], [-87.776, 71.6703], [-87.9316, 71.9003], [-88.0888, 72.1303], [-88.2477, 72.3603], [-88.4083, 72.5903], [-88.5708, 72.8202], [-88.7351, 73.0502], [-88.9014, 73.2802], [-89.0697, 73.5102], [-89.2401, 73.7402], [-89.4128, 73.9702], [-89.5877, 74.2002], [-89.7651, 74.4301], [-89.9451, 74.6601], [-90.1276, 74.8901], [-90.3129, 75.1201], [-90.5012, 75.3501], [-90.6924, 75.5801], [-90.8868, 75.81], [-91.0846, 76.04], [-91.2859, 76.27], [-91.4908, 76.5], [-78.0226, 76.5], [-78.039, 76.27], [-78.0518, 76.04], [-78.061, 75.81], [-78.0669, 75.5801], [-78.0696, 75.3501], [-78.0693, 75.1201], [-78.0661, 74.8901], [-78.0601, 74.6601], [-78.0515, 74.4301], [-78.0404, 74.2002], [-78.0268, 73.9702], [-78.011, 73.7402], [-77.9929, 73.5102], [-77.9727, 73.2802], [-77.9504, 73.0502], [-77.9262, 72.8202], [-77.9001, 72.5903], [-77.8722, 72.3603], [-77.8426, 72.1303], [-77.8113, 71.9003], [-77.7784, 71.6703], [-77.7439, 71.4403], [-77.7079, 71.2104], [-77.6705, 70.9804], [-77.6318, 70.7504], [-77.5917, 70.5204], [-77.5502, 70.2904], [-77.5076, 70.0604], [-77.4637, 69.8304], [-86.5823, 69.8304]]]}}, {"type": "Feature", "properties": {"pass_id": "P088", "mode": "tasked", "aoi": "", "timestamp": "2025-09-14T18:16:00Z"}, "geometry": {"type": "Polygon", "coordinates": [[[-121.3353, 64.9011], [-121.2096, 65.2459], [-121.0852, 65.5908], [-120.9624, 65.9356], [-120.8411, 66.2804], [-120.7213, 66.6252], [-120.6033, 66.9701], [-120.487, 67.3149], [-120.3726, 67.6597], [-120.2601, 68.0045], [-120.1496, 68.3494], [-120.0412, 68.6942], [-119.935, 69.039], [-119.8312, 69.3839], [-119.7298, 69.7287], [-119.631, 70.0735], [-119.5349, 70.4183], [-119.4416, 70.7632], [-119.3514, 71.108], [-119.2644, 71.4528], [-119.1807, 71.7976], [-119.1005, 72.1425], [-119.0241, 72.4873], [-118.9518, 72.8321], [-118.8836, 73.177], [-118.82, 73.5218], [-118.7611, 73.8666], [-118.7074, 74.2114], [-118.6591, 74.5563], [-118.6166, 74.9011], [-106.5465, 74.9011], [-106.8522, 74.5563], [-107.152, 74.2114], [-107.4463, 73.8666], [-107.7356, 73.5218], [-108.0201, 73.177], [-108.3001, 72.8321], [-108.5758, 72.4873], [-108.8475, 72.1425], [-109.1155, 71.7976], [-109.3799, 71.4528], [-109.641, 71.108], [-109.8989, 70.7632], [-110.1538, 70.4183], [-110.4058, 70.0735], [-110.6551, 69.7287], [-110.9018, 69.3839], [-111.1461, 69.039], [-111.388, 68.6942], [-111.6278, 68.3494], [-111.8654, 68.0045], [-112.101, 67.6597], [-112.3347, 67.3149], [-112.5665, 66.9701], [-112.7966, 66.6252], [-113.025, 66.2804], [-113.2518, 65.9356], [-113.4771, 65.5908], [-113.7008, 65.2459], [-113.9232, 64.9011], [-121.3353, 64.9011]]]}}, {"type": "Feature", "properties": {"pass_id": "P089", "mode": "routine", "aoi": "", "timestamp": "2025-09-14T18:51:00Z"}, "geometry": {"type": "Polygon", "coordinates": [[[-102.8313, 63.954], [-102.8569, 64.2988], [-102.8837, 64.6436], [-102.9118, 64.9884], [-102.9413, 65.3333], [-102.9722, 65.6781], [-103.0046, 66.0229], [-103.0386, 66.3678], [-103.0742, 66.7126], [-103.1115, 67.0574], [-103.1505, 67.4022], [-103.1915, 67.7471], [-103.2343, 68.0919], [-103.2793, 68.4367], [-103.3263, 68.7815], [-103.3756, 69.1264], [-103.4273, 69.4712], [-103.4814, 69.816], [-103.5382, 70.1609], [-103.5977, 70.5057], [-103.6601, 70.8505], [-103.7255, 71.1953], [-103.7942, 71.5402], [-103.8663, 71.885], [-103.9419, 72.2298], [-104.0214, 72.5746], [-104.105, 72.9195], [-104.1929, 73.2643], [-104.2853, 73.6091], [-104.3826, 73.954], [-93.0079, 73.954], [-93.1435, 73.6091], [-93.2743, 73.2643], [-93.4005, 72.9195], [-93.5224, 72.5746], [-93.6402, 72.2298], [-93.7542, 71.885], [-93.8646, 71.5402], [-93.9716, 71.1953], [-94.0754, 70.8505], [-94.1762, 70.5057], [-94.274, 70.1609], [-94.3691, 69.816], [-94.4616, 69.4712], [-94.5516, 69.1264], [-94.6392, 68.7815], [-94.7246, 68.4367], [-94.8078, 68.0919], [-94.8891, 67.7471], [-94.9683, 67.4022], [-95.0457, 67.0574], [-95.1214, 66.7126], [-95.1953, 66.3678], [-95.2676, 66.0229], [-95.3384, 65.6781], [-95.4076, 65.3333], [-95.4755, 64.9884], [-95.5419, 64.6436], [-95.607, 64.2988], [-95.6709, 63.954], [-102.8313, 63.954]]]}}, {"type": "Feature", "properties": {"pass_id": "P090", "mode": "tasked", "aoi": "", "timestamp": "2025-09-14T23:13:00Z"}, "geometry": {"type": "Polygon", "coordinates": [[[-85.8807, 69.297], [-86.0501, 69.5454], [-86.2209, 69.7937], [-86.3929, 70.0421], [-86.5664, 70.2905], [-86.7413, 70.5389], [-86.9178, 70.7873], [-87.0958, 71.0356], [-87.2754, 71.284], [-87.4567, 71.5324], [-87.6398, 71.7808], [-87.8248, 72.0292], [-88.0116, 72.2775], [-88.2005, 72.5259], [-88.3914, 72.7743], [-88.5845, 73.0227], [-88.7799, 73.2711], [-88.9777, 73.5194], [-89.1779, 73.7678], [-89.3808, 74.0162], [-89.5863, 74.2646], [-89.7948, 74.513], [-90.0062, 74.7613], [-90.2207, 75.0097], [-90.4386, 75.2581], [-90.6599, 75.5065], [-90.8849, 75.7549], [-91.1137, 76.0032], [-91.3466, 76.2516], [-91.5838, 76.5], [-78.1156, 76.5], [-78.1172, 76.2516], [-78.1145, 76.0032], [-78.1077, 75.7549], [-78.0972, 75.5065], [-78.0829, 75.2581], [-78.0652, 75.0097], [-78.0442, 74.7613], [-78.02, 74.513], [-77.9929, 74.2646], [-77.9629, 74.0162], [-77.9302, 73.7678], [-77.8948, 73.5194], [-77.857, 73.2711], [-77.8169, 73.0227], [-77.7744, 72.7743], [-77.7298, 72.5259], [-77.683, 72.2775], [-77.6343, 72.0292], [-77.5837, 71.7808], [-77.5312, 71.5324], [-77.477, 71.284], [-77.4211, 71.0356], [-77.3635, 70.7873], [-77.3044, 70.5389], [-77.2437, 70.2905], [-77.1816, 70.0421], [-77.1181, 69.7937], [-77.0533, 69.5454], [-76.9871, 69.297], [-85.8807, 69.297]]]}}]}