ident,type,name,latitude_deg,longitude_deg,elevation_ft,iso_region,municipality,scheduled_service,gps_code,iata_code,local_code
CA-0001,closed,Lac-des-Loups Airport,46.982200622558594,-76.48249816894531,,CA-QC,Lac-des-Loups,no,,,
CA-0002,small_airport,Pourvoirie Joncas Airstrip,47.10540008544922,-77.631103515625,,CA-QC,Saint-Lazare,no,,,
CA-0003,closed,RCAF Station Buttress,50.23609924316406,-105.5479965209961,,CA-SK,Moose Jaw,no,,,
CA-0004,closed,RCAF Station Aylmer,42.80590057373047,-80.94419860839844,,CA-ON,Aylmer,no,,,
CA-0005,closed,RCAF Station Lincoln Park,51.0093994140625,-114.13300323486328,,CA-AB,Calgary,no,,,
CA-0006,closed,RCAF Station Carberry,49.872100830078125,-99.39730072021484,,CA-MB,Carberry,no,,,
CA-0007,closed,RCAF Station Fingal (No. 4 Bombing and Gunnery School),42.680099487300005,-81.32730102539999,,CA-ON,Fingal,no,,,
CA-0008,closed,RCAF Station Mossbank,49.92169952392578,-105.8730010986328,,CA-SK,Mossbank,no,,,
CA-0009,closed,Hamlin Airport,52.880001068115234,-108.28900146484376,,CA-SK,North Battleford,no,,,
CA-0010,closed,Maple Airport,43.8433565229,-79.5260703564,,CA-ON,Vaughan,no,,,
CA-0011,closed,King City Airport,43.905799865722656,-79.55960083007812,,CA-ON,King City,no,,,
CA-0012,closed,RCAF Detachment Granum,49.808998,-113.445,3255.0,CA-AB,Granum,no,,,
CA-0013,closed,RCAF Pennfield Ridge,45.1265983581543,-66.69300079345703,,CA-NB,Pennfield,no,,,
CA-0014,closed,RCAF Station Dafoe,51.93209838867188,-104.56700134277344,,CA-SK,Dafoe,no,,,
CA-0015,small_airport,Maxville Airport,45.296501,-74.8536,,CA-ON,Maxville,no,CMX2,,CMX2
CA-0016,closed,Dog Creek Airport,51.626598,-122.255997,3250.0,CA-BC,Dog Creek,no,,,
CA-0017,closed,Agnes Lake Airport,55.8086710079,-112.508411407,,CA-AB,Agnes Lake,no,,,
CA-0018,closed,Aishihik Airport,61.6505264292,-137.488231659,,CA-YT,Aishihik,no,,,
CA-0019,closed,Albert Bay Airport,69.63333129882812,-103.61666870117188,,CA-NU,,no,,,
CA-0020,closed,Algar Tower Airport,56.11666488647461,-111.76667022705078,,CA-AB,,no,,,
CA-0021,closed,Amber Tower Airport,59.1797103168,-119.468593597,,CA-AB,,no,,,
CA-0022,closed,Anama Bay-Dauphin River Airport,51.9626732292,-98.1368350983,,CA-MB,,no,,,
CA-0023,closed,Anderson Point Airport,68.21666717529297,-87.91666412353516,,CA-NU,,no,,,
CA-0024,closed,Anderson Ranch Airport,53.45000076293945,-123.56666564941406,,CA-BC,,no,,,
CA-0025,closed,Anglemont Airport,50.9684,-119.166813,,CA-BC,Anglemont,no,,,
CA-0026,closed,Arthur North Airport,43.883333,-80.533333,1576.0,CA-ON,Arthur,no,,,
CA-0027,small_airport,Danville Airport,45.79425,-71.995339,528.0,CA-QC,Val-des-Sources,no,,,CDN2
CA-0028,closed,"Sundance Guest Ranch ""C"" Airport",50.66669845581055,-121.26699829101562,,CA-BC,Ashcroft,no,,,
CA-0029,closed,Crystal Lake Airport,48.71670150756836,-91.2667007446289,,CA-ON,Atikokan,no,,,
CA-0030,closed,Atkinson Point DEW Line Station,69.933616,-131.431906,,CA-NT,Atkinson Point,no,,,
CA-0031,closed,Austin Airport,49.93333435058594,-98.91666412353516,,CA-MB,,no,,,
CA-0032,closed,Aylmer Airport,42.79999923706055,-80.94999694824219,,CA-ON,,no,,,
CA-0033,closed,Baskatong Lake Airport,46.777728,-75.881453,770.0,CA-QC,Dépôt Baskatong,no,,,
CA-0034,closed,Basnett Airport,57.372471,-119.824417,,CA-AB,Clear Hills,no,,,
CA-0035,closed,Batnuni Airport,53.38333511352539,-124.13333129882812,,CA-BC,,no,,,
CA-0036,closed,Bay d'Espoir Airport,47.958261,-55.854492,718.0,CA-NL,Saint-Veronica's,no,,,
CA-0037,closed,Bear River Airport,64.817401,-134.264431,,CA-YT,Nacho Nyak Dun First Nation,no,,,
CA-0038,closed,Beatton River Airport,57.379861,-121.411645,,CA-BC,,no,,,
CA-0039,closed,Beaulieu River Airport,62.45000076293945,-113.03333282470705,,CA-NT,,no,,,
CA-0040,closed,Beausejour Airport,50.1369749474,-96.2082195282,,CA-MB,Beausejour,no,,,
CA-0041,closed,Beaver River Airport,59.971508,-124.203272,,CA-BC,,no,,,
CA-0042,closed,Beaverdell Airport,49.457246,-119.088063,2638.0,CA-BC,Beaverdell,no,,,
CA-0043,small_airport,1669 Diamondview Road Private Strip,45.31809997558594,-76.05599975585938,,CA-ON,Carp,no,,,
CA-0044,closed,Belledune Airport,47.892754,-65.827589,33.0,CA-NB,Belledune,no,,,
CA-0045,closed,Bennett Field Airport,65.0309303519,-124.666671753,,CA-NT,,no,,,
CA-0046,closed,Berland Airport,54.0936811465,-117.407627106,4015.0,CA-AB,Berland,no,,,
CA-0047,closed,Bernard Harbour DEW Line Station,68.78287,-114.826611,,CA-NU,Bernard Harbour,no,,,
CA-0048,closed,Bethany Airport,50.34999847412109,-99.75,,CA-MB,,no,,,
CA-0049,closed,Big Creek Airport,51.726497,-123.027134,,CA-BC,Big Creek,no,,,
CA-0050,closed,Bird Airport,56.507241,-94.204213,,CA-MB,Bird,no,,,
CA-0051,closed,Bison Airport,57.074941,-116.52606,2380.0,CA-AB,Bison,no,,,
CA-0052,closed,Wallace Lake Airport,51.008354,-95.421925,,CA-MB,Bissett,no,,,
CA-0053,closed,Blissville Airport,45.605633,-66.543678,60.0,CA-NB,Hoyt,no,,,
CA-0054,closed,Blow River Airport,68.7751033003,-137.455358505,,CA-YT,Blow River,no,,,
CA-0055,closed,Bonavista Airport,48.566931,-53.057238,151.0,CA-NL,Little Catalina,no,,,
CA-0056,small_airport,Saint-Bernard-de-Lacolle Airport,45.03072,-73.41959,299.0,CA-QC,Saint-Bernard-de-Lacolle,no,,,
CA-0057,closed,Boston Bar Airport,49.983334,-121.5,1039.0,CA-BC,Fraser Canyon,no,,,
CA-0058,closed,Bray Island DEW Line Station,69.223889,-77.229999,,CA-NU,Bray Island,no,,,
CA-0059,closed,Brazeau Airport,52.967817,-115.86737,,CA-AB,Yellowhead,no,,,
CA-0060,closed,Bredenbury Airport,50.93333435058594,-102.0500030517578,,CA-SK,,no,,,
CA-0061,closed,Bristol Field Airport,47.31014,-53.99025,28.0,CA-NL,Argentia,no,,,
CA-0062,small_airport,1797 Diamondview Road Private Strip,45.33111953735352,-76.07295989990234,,CA-ON,Carp,no,,,
CA-0063,closed,Buchans Airport,48.84783,-56.838884,889.0,CA-NL,Buchans,no,,,
CA-0064,closed,Buckingham Airport,45.625687,-75.39299,,CA-QC,L'Ange-Gardien,no,,,
CA-0065,closed,Budworm City Airport,47.529597,-66.629645,,CA-NB,Balmoral Parish,no,,,
CA-0066,closed,Buffalo Creek Airport,56.6121839037,-113.069143295,,CA-AB,Buffalo Creek,no,,,
CA-0067,closed,Burrage Creek Airport,57.26666641235352,-130.25,,CA-BC,,no,,,
CA-0068,closed,Burtch Airport,43.0531475098,-80.2761554718,,CA-ON,Brantford,no,,,
CA-0069,small_airport,Knutsford Airfield,50.598031,-120.30864,,CA-BC,Kamloops,no,CYKS,,YKS
CA-0070,closed,Byron Bay DEW Line Station,68.756234,-109.088745,330.0,CA-NU,Byron Bay,no,,,
CA-0071,closed,Cabin Creek Airport,53.75,-118.33333587646484,,CA-AB,,no,,,
CA-0072,closed,Cabin Airport,59.269517,-121.626025,2238.0,CA-BC,Cabin,no,,,
CA-0073,closed,Calgary (Children's Hospital) Heliport,51.037319,-114.112127,3615.0,CA-AB,Calgary,no,,,
CA-0074,closed,Campbellford Airport,44.404209,-77.760331,,CA-ON,Campbellford,no,,,
CA-0075,closed,Terra Mining Airport,65.609152,-118.141592,550.0,CA-NT,Camsell River,no,,,
CA-0076,closed,Cape Christian Airport,70.51667022705078,-68.30000305175781,,CA-NU,,no,,,
CA-0077,closed,Cape Dyer Airport,66.590779,-61.574931,1290.0,CA-NU,Cape Dyer,no,,,
CA-0078,closed,Cape Hooper DEW Line Station,68.461401,-66.838847,58.0,CA-NU,Cape Hooper,no,,,
CA-0079,closed,Cape Jones Airport,54.63333511352539,-79.69999694824219,,CA-QC,,no,,,
CA-0080,closed,Cape Parry DEW Line Station,70.166765,-124.693969,39.0,CA-NT,Cape Parry,no,,,
CA-0081,closed,Cape Young DEW Line Station,68.934774,-116.933241,12.0,CA-NU,Cape Young,no,,,
CA-0082,closed,Carberry Airport,49.84999847412109,-99.31666564941406,,CA-MB,,no,,,
CA-0083,closed,Carrot River Airport,53.28333282470703,-103.5500030517578,,CA-SK,,no,,,
CA-0084,small_airport,Casey (Camp de Base) Airport,47.937546,-74.090637,1291.0,CA-QC,,no,,,CSQ4
CA-0085,closed,Casino Airport,62.75,-138.78334045410156,,CA-YT,,no,,,
CA-0086,closed,Cavendish Airport,50.79999923706055,-110.4499969482422,,CA-AB,,no,,,
CA-0087,closed,Charlotte Lake Airport,52.153139,-125.275156,3835.0,CA-BC,Charlotte Lake,no,,,
CA-0088,small_airport,Navan Bearbrook Airport,45.39166641235352,-75.29694366455078,210.0,CA-ON,Ottawa,no,,,
CA-0089,closed,Chilko Lake (Wilderness Ranch) Airport,51.665422,-124.144478,,CA-BC,Chilko Lake,no,,,
CA-0090,closed,Chipmunk Airport,56.71666717529297,-127.83333587646484,,CA-BC,,no,,,
CA-0091,closed,Chunamon Airport,56.23333358764648,-124.38333129882812,,CA-BC,,no,,,
CA-0092,closed,Churchill Falls Airport,53.63333511352539,-64.48332977294922,,CA-NL,,no,,,
CA-0093,closed,Clearwater Airport,51.65739,-120.070878,1512.0,CA-BC,Clearwater,no,,,
CA-0094,closed,Clifton Point DEW Line Station,69.215526,-118.636294,,CA-NU,,no,,,
CA-0095,closed,Clinton Creek Airport,64.475545,-140.741748,2040.0,CA-YT,Clinton Creek Mine,no,,,
CA-0096,closed,Clinton Point DEW Line Station,69.583336,-120.75,40.0,CA-NT,Clinton Point,no,,,
CA-0097,closed,Coal Valley Airport,53.08333206176758,-116.81666564941406,,CA-AB,,no,,,
CA-0098,closed,Comet Airport,58.54999923706055,-119.0500030517578,,CA-AB,,no,,,
CA-0099,closed,Cormorant Lake Airport,54.23333358764648,-100.5999984741211,,CA-MB,,no,,,
CA-0100,closed,Covey Hill Airport,45.016001,-73.6888,340.0,CA-QC,Covey Hill,no,,,
CA-0101,closed,Cowpar Airport,55.95000076293945,-110.5,,CA-AB,,no,,,
CA-0102,closed,Crater Airport,58.70000076293945,-118.68333435058594,,CA-AB,,no,,,
CA-0103,closed,Chater Airfield,49.90726,-99.797858,1333.0,CA-MB,Chater,no,,,
CA-0104,closed,Crawfish Lake Airport,49.70000076293945,-126.76667022705078,,CA-BC,,no,,,
CA-0105,closed,Cree Lake Airport,57.36666488647461,-107.13333129882812,,CA-SK,,no,,,
CA-0106,closed,Crooked Lake Airport,72.66666412353516,-98.5,,CA-NU,,no,,,
CA-0107,closed,Cullaton Lake Airport,61.315295,-98.492502,768.0,CA-NU,,no,,,
CA-0108,closed,Culloden Airport,42.883333,-80.866669,938.0,CA-ON,,no,,,
CA-0109,closed,Cypre River Airport,49.257414,-125.938897,,CA-BC,,no,,,
CA-0110,closed,Cap-de-la-Madeleine,46.38056945800781,-72.53002166748047,,CA-QC,,no,,,
CA-0111,closed,Davis Inlet Airport,55.898706,-60.912752,26.0,CA-NL,Natuashish,no,,,
CA-0112,closed,Deception Airport,62.1123144462,-74.554681778,,CA-QC,,no,,,
CA-0113,closed,Dewar Lakes DEW Line Station,68.627546,-71.125832,580.0,CA-NU,Dewar Lakes,no,,,
CA-0114,closed,Discovery Airport,63.182293,-113.898067,988.0,CA-NT,Discovery Mine,no,,,
CA-0115,closed,RCAF Station Caron,50.4602361484,-105.812416077,,CA-SK,,no,,,
CA-0116,closed,Douglastown Airport,47.03333282470703,-65.53333282470703,,CA-NB,,no,,,
CA-0117,closed,Drake Point Airport,76.4000015258789,-108.53333282470705,,CA-NU,,no,,,
CA-0118,small_airport,Greenbush Airport,44.0011,-77.0735,436.0,CA-ON,Picton,no,CGB3,,CGB3
CA-0119,closed,Driftwood Airport,55.81666564941406,-126.41666412353516,,CA-BC,,no,,,
CA-0120,closed,RCAF Detachment Shepard,50.95,-113.9667,3400.0,CA-AB,Shepard,no,,,
CA-0121,closed,Fort Franklin Airport,65.1925,-123.430002,575.0,CA-NT,Délįne,no,,,
CA-0122,closed,Eaglenest Airport,57.59999847412109,-129.4166717529297,,CA-BC,,no,,,
CA-0123,small_airport,Delta Tango Field,55.8094,-117.8924,1852.0,CA-AB,Eaglesham,no,CDT8,,CDT8
CA-0124,closed,East Templeton Airport,45.499401,-75.547401,150.0,CA-QC,Gatineau,no,,,
CA-0125,closed,Bremner Airport,53.583302,-113.233002,2225.0,CA-AB,Edmonton,no,,,
CA-0126,closed,Namao Airport,53.674359,-113.461629,,CA-AB,Edmonton,no,,,
CA-0127,closed,Fraser Papers Heliport,47.366731,-68.3304,497.0,CA-NB,Edmunston,no,,,
CA-0128,closed,Eltrut Airport,48.96666717529297,-92.36666870117188,,CA-ON,,no,,,
CA-0129,closed,Esker Lake Airport,61.650001525878906,-74.66666412353516,,CA-QC,,no,,,
CA-0130,closed,Espanola (East) Airport,46.26666641235352,-81.73332977294922,,CA-ON,,no,,,
CA-0131,closed,Espanola (West) Airport,46.25,-81.8499984741211,,CA-ON,,no,,,
CA-0132,closed,Finbow Airport,57.271594,-125.450982,2460.0,CA-BC,Cirque Mine,no,,,
CA-0133,closed,Foggy Tower Airport,58.688728,-114.976132,2905.0,CA-AB,,no,,,
CA-0134,closed,Fort George Airport,53.81666564941406,-79.0,,CA-QC,,no,,,
CA-0135,closed,Fort McMurray Heliport,56.66666793823242,-111.33333587646484,,CA-AB,,no,,,
CA-0136,closed,Fort Nelson (Forestry) Heliport,58.79999923706055,-122.73332977294922,,CA-BC,,no,,,
CA-0137,closed,Mobil Sierra Airport,58.834113,-121.393175,,CA-BC,Fort Nelson,no,,,
CA-0138,closed,Tompkins Mile 54 Airport,56.309947,-121.006106,,CA-BC,Fort St. John,no,,,
CA-0139,closed,Fredericton (Forestry Centre) Heliport,45.932916,-66.658537,,CA-NB,Fredericton,no,,,
CA-0140,closed,Gagnon Airport,51.95000076293945,-68.13333129882812,,CA-QC,,no,,,
CA-0141,closed,Germansen Landing Airport,55.767439,-124.691757,,CA-BC,Germansen Landing,no,,,
CA-0142,closed,Gift Lake Airport,55.86666488647461,-115.8000030517578,,CA-AB,,no,,,
CA-0143,closed,Gladman Point DEW Line Station,68.662677,-97.796,8.0,CA-NU,Gladman Point,no,,,
CA-0144,closed,Gladstone (Costella Field) Airport,50.20000076293945,-99.0500030517578,,CA-MB,,no,,,
CA-0145,closed,Glendon Airport,54.26666641235352,-111.13333129882812,,CA-AB,,no,,,
CA-0146,closed,Gold Creek Airport,54.83333206176758,-118.6500015258789,,CA-AB,,no,,,
CA-0147,closed,Gold River Airport,49.81666564941406,-126.06666564941406,,CA-BC,,no,,,
CA-0148,closed,Goose River Airport,54.73333358764648,-116.31666564941406,,CA-AB,,no,,,
CA-0149,closed,Gore's Landing Water Aerodrome,44.116665,-78.25,614.0,CA-ON,Rice Lake,no,,,
CA-0150,closed,Grand Valley Airfield,43.981464,-80.258757,1593.0,CA-ON,Laurel,no,,,
CA-0151,closed,Grant Point Airport,68.4000015258789,-98.6500015258789,,CA-NU,,no,,,
CA-0152,closed,Gun Lake Airport,50.897585,-122.837966,,CA-BC,Gold Bridge,no,,,
CA-0153,closed,Hagersville Airport (No. 16 SFTS),42.926797,-80.120716,,CA-ON,Townsend,no,,,
CA-0155,closed,Hart River Airport,64.666301,-136.846771,3330.0,CA-YT,Tr'ondëk Hwëch'in First Nation,no,,,
CA-0156,closed,Hartney RCAF,49.451605,-100.521621,1450.0,CA-MB,Hartney,no,,,
CA-0157,closed,Haskett Airport,49.000521,-97.903311,936.0,CA-MB,Haskett,no,,,
CA-0158,closed,Henik Lake Airport,61.650001525878906,-97.36666870117188,,CA-NU,,no,,,
CA-0159,small_airport,Pontiac Airpark,45.527998,-76.168835,216.0,CA-QC,Pontiac,no,,,
CA-0160,closed,Highwood Livestock Auction Airport,50.650001525878906,-113.8499984741211,,CA-AB,High River,no,,,
CA-0161,closed,King Ranch Airport,50.59999847412109,-114.08300018310548,,CA-AB,High River,no,,,
CA-0162,closed,Hodgeville Airport,50.083332,-106.966667,2304.0,CA-SK,,no,,,
CA-0163,closed,Hornes Gulch Airport,47.833159,-67.906783,1181.0,CA-NB,,no,,,
CA-0164,closed,Horton River DEW Line Station,70.013725,-126.955109,,CA-NT,Horton River,no,,,
CA-0165,closed,Hotchkiss Airport,57.323475,-118.918839,,CA-AB,,no,,,
CA-0166,closed,House Mountain Airport,55.032515,-115.515785,,CA-AB,Big Lakes,no,,,
CA-0167,closed,Howick Airport,45.200003,-73.883331,134.0,CA-QC,,no,,,
CA-0168,closed,Indian Head Airport,50.53333282470703,-103.5999984741211,,CA-SK,,no,,,
CA-0169,closed,Indian River Airport,44.398283,-78.139057,,CA-ON,Indian River,no,,,
CA-0170,closed,Inuvik Townsite Airport,68.366669,-133.75,,CA-NT,,no,,,
CA-0171,closed,Isachsen Airport,78.79255,-103.549297,202.0,CA-NU,,no,,,
CA-0172,closed,Jedney Airport,57.21666717529297,-122.21666717529295,,CA-BC,,no,,,
CA-0173,closed,Jellicoe Airport,49.66666793823242,-87.58333587646484,,CA-ON,,no,,,
CA-0174,closed,Jenny Lind Island DEW Line Station,68.6568,-101.735,28.0,CA-NU,Qikiqtaryuaq,no,,,
CA-0175,closed,Johanson Lake Airport,56.59999847412109,-126.1999969482422,,CA-BC,,no,,,
CA-0176,closed,Johnson Point Airport,72.76667022705078,-118.5,,CA-NT,,no,,,
CA-0177,closed,Kakwa Airport,54.421364,-118.980596,4013.0,CA-AB,Kakwa,no,,,
CA-0178,small_airport,Kaskattama River Airstrip,57.041388,-90.112613,30.0,CA-MB,Kaska Goose Lodge,no,CAS3,,CAS3
CA-0179,closed,Kaybob South Airport,54.11381,-116.622507,3300.0,CA-AB,Kaybob South Gas Plant,no,,,
CA-0180,closed,Keane Tower Airport,58.31666564941406,-110.28333282470705,,CA-AB,,no,,,
CA-0181,closed,Keg River Airport,57.73333358764648,-117.61666870117188,,CA-AB,,no,,,
CA-0182,closed,Keg Tower Airport,57.63333511352539,-118.3499984741211,,CA-AB,,no,,,
CA-0183,closed,Keith Bay DEW Line Station,68.251076,-88.145198,,CA-NU,,no,,,
CA-0184,closed,Kelvington (Mennie Field) Airport,52.16666793823242,-103.5999984741211,,CA-SK,,no,,,
CA-0185,closed,Kenakskaniss Airport,50.13333511352539,-89.44999694824219,,CA-ON,,no,,,
CA-0186,closed,Ketza River Airport,61.84999847412109,-132.3000030517578,,CA-YT,,no,,,
CA-0187,heliport,Citadelle de Québec Heliport,46.807443,-71.206642,323.0,CA-QC,Quebec,no,,,
CA-0188,closed,Kilometer 176 Airport,56.86666488647461,-106.1500015258789,,CA-SK,,no,,,
CA-0189,closed,Kimsquit Airport,52.883175,-127.089758,75.0,CA-BC,Kimsquit Valley,no,,,
CA-0190,closed,Kincaid Airport,49.66666793823242,-107.0500030517578,,CA-SK,,no,,,
CA-0191,closed,King Christian Airport,77.763338,-101.039515,,CA-NU,,no,,,
CA-0192,closed,Kivitoo DEW Line Station,67.932816,-64.869204,,CA-NU,Kivitoo,no,,,
CA-0193,closed,Klappan River Airport,57.78333282470703,-129.61666870117188,,CA-BC,,no,,,
CA-0194,closed,Kluakaz Airport,57.11666488647461,-128.6666717529297,,CA-BC,,no,,,
CA-0195,closed,Kluatanton Airport,56.83333206176758,-128.13333129882812,,CA-BC,,no,,,
CA-0196,closed,Komakuk Beach DEW Line Station,69.596348,-140.172507,45.0,CA-YT,Komakuk Beach,no,,,
CA-0197,closed,Kotcho Airport,59.08333206176758,-121.25,,CA-BC,,no,,,
CA-0198,closed,La Grande Airport,53.58333206176758,-77.68333435058594,,CA-QC,,no,,,
CA-0199,closed,Lac Éon Airport,51.852500915527,-63.276798248291,,CA-QC,Lac Éon,no,,,
CA-0200,heliport,Manic 5 Heliport,50.66110610961914,-68.74042510986328,,CA-QC,MRC Manicouagan,no,,,
CA-0201,closed,Lady Franklin Point DEW Line Station,68.475313,-113.224411,5.0,CA-NU,Lady Franklin Point,no,,,
CA-0202,closed,Laforge-1 Airport,54.09999847412109,-72.53333282470703,,CA-QC,,no,,,
CA-0203,closed,Lambert Creek Tower Airport,58.033333,-114.133331,1008.0,CA-AB,Lambert Creek,no,,,
CA-0204,closed,Lemoray Airport,55.54999923706055,-122.46666717529295,,CA-BC,,no,,,
CA-0205,closed,Moose Jaw Westair - Old Airport,50.43299865722656,-105.54199981689452,1900.0,CA-SK,Moose Jaw,no,,,
CA-0206,closed,Liard Construction Airport,65.088001,-138.359995,2956.0,CA-YT,Dawson City,no,,,
CA-0207,closed,Liard River Airport,59.516666,-126.366669,,CA-BC,,no,,,
CA-0208,closed,Little Salmon Airport,62.190939,-134.88224,2200.0,CA-YT,,no,,,
CA-0209,closed,Livingstone Airport,61.36666488647461,-134.36666870117188,,CA-YT,,no,,,
CA-0210,closed,Lodgepole Airport,53.088878,-115.295778,,CA-AB,Lodgepole,no,,,
CA-0211,closed,Longstaff Bluff DEW Line Station,68.932,-75.282,20.0,CA-NU,Longstaff Bluff,no,,,
CA-0212,closed,Lougheed Island Airport,77.44999694824219,-105.08333587646484,,CA-NU,,no,,,
CA-0213,closed,Lupin Airport,65.7666702271,-111.25,1608.0,CA-NU,Lupin Mine,no,,,
CA-0214,closed,Lytton Airport,50.245,-121.5683,930.0,CA-BC,Lytton,no,,,
CA-0215,closed,Macfarland Airport,47.576815,-68.338009,,CA-NB,,no,,,
CA-0216,closed,Mackar Inlet DEW Line Station,68.342732,-85.73971,65.0,CA-NU,Mackar Inlet,no,,,
CA-0217,closed,Magda Lake Airport,72.41666412353516,-82.41666412353516,,CA-NU,,no,,,
CA-0218,closed,Magundy Airport,62.172118,-133.98308,2271.0,CA-YT,,no,,,
CA-0219,closed,Mahatta River Airport,50.44204,-127.793312,,CA-BC,Mahatta River,no,,,
CA-0220,closed,Mallard Airport,65.81666564941406,-140.25,,CA-YT,,no,,,
CA-0221,closed,Malloch Dome Airport,78.222433,-101.060208,,CA-NU,,no,,,
CA-0222,closed,Marilla Arifield,53.661528,-125.761926,,CA-BC,Burns Lake,no,,,
CA-0223,closed,Marten Hills Airport,55.42472076416016,-113.6080551147461,,CA-AB,,no,,,
CA-0224,closed,Maryfield Airport,49.833333,-101.51666,1888.0,CA-SK,Maryfield,no,,,
CA-0225,closed,Matheson Point DEW Line Station,68.821511,-95.283995,,CA-NU,,no,,,
CA-0226,closed,Meander River Airport,59.0,-117.66666412353516,,CA-AB,,no,,,
CA-0227,closed,Mesilinka River Airport,56.097896,-124.40094,2231.0,CA-BC,,no,,,
CA-0228,closed,Mica Creek Airport,51.83333206176758,-118.63333129882812,,CA-BC,,no,,,
CA-0229,closed,Middle Stewiacke Airport,45.221617,-63.150118,52.0,CA-NS,Middle Stewiacke,no,,,
CA-0230,closed,Midway Airport,67.23332977294922,-135.3000030517578,,CA-NT,,no,,,
CA-0231,closed,Mile 102 Dempster Highway Airport,65.11666870117188,-138.3333282470703,,CA-YT,,no,,,
CA-0232,closed,Mile 129 Mackenzie Highway Airport,62.5,-116.48332977294922,,CA-NT,,no,,,
CA-0233,closed,Mile 134 Airport,51.86666488647461,-65.71666717529297,,CA-QC,,no,,,
CA-0234,closed,Mile 203 Dempster Highway Airport,66.122945,-137.246189,2000.0,CA-YT,,no,,,
CA-0235,closed,Mile 36 Airport,50.583332,-66.033333,,CA-QC,Rivière-Nipissis,no,,,
CA-0236,closed,Mile 80 Airport,51.16666793823242,-65.71666717529297,,CA-QC,,no,,,
CA-0237,closed,East Barriere Lake,51.2536697022,-119.863629341,2070.0,CA-BC,,no,,,
CA-0238,small_airport,Minaki Airport,49.971305,-94.700979,1095.0,CA-ON,Minaki,no,,,CJA6
CA-0239,closed,Minto Airport,62.594085,-136.823072,1507.0,CA-YT,Minto,no,,,
CA-0240,small_airport,Moh Creek Airport,50.525439,-125.053607,,CA-BC,Comox-Strathcona,no,,,
CA-0241,closed,Moose Lake Airport,53.706259,-100.343971,879.0,CA-MB,,no,,,
CA-0242,closed,Moose Valley Airport,56.73333358764648,-126.6500015258789,,CA-BC,,no,,,
CA-0243,closed,Mosque Airport,56.48333358764648,-127.53333282470705,,CA-BC,,no,,,
CA-0244,closed,Mossbank Airport,49.91666793823242,-105.86666870117188,,CA-SK,,no,,,
CA-0245,closed,Mould Bay Airport,76.2392,-119.3216,30.0,CA-NT,Prince Patrick Is.,no,,,
CA-0246,closed,Aquila Field Airport,44.16669845581055,-79.36669921875,,CA-ON,Mount Albert,no,,,
CA-0247,closed,Mount Flett Airport,60.660459,-123.583188,,CA-NT,,no,,,
CA-0248,closed,Mount Nansen Airport,62.01666641235352,-137.06666564941406,,CA-YT,,no,,,
CA-0249,seaplane_base,Stevensville Seaplane Base,42.9248409691,-79.0784794092,,CA-ON,Stevensville,no,,,
CA-0250,closed,Mountain River Airport,65.681531,-128.826921,150.0,CA-NT,,no,,,
CA-0251,closed,Muddy Lake Airport,58.195421,-132.325988,,CA-BC,,no,,,
CA-0252,closed,Murdochville Airport,48.95000076293945,-65.36666870117188,,CA-QC,,no,,,
CA-0253,closed,Muskegsagagen Lake Airport,51.38333511352539,-91.16666412353516,,CA-ON,,no,,,
CA-0254,closed,Mégantic Airport,45.588055,-70.871665,1500.0,CA-QC,Lac-Mégantic,no,,,
CA-0255,closed,Namew Lake Airport,54.20000076293945,-102.0500030517578,,CA-SK,,no,,,
CA-0256,closed,Nanook Airport,57.123495,-91.667374,10.0,CA-MB,Nanook,no,,,
CA-0257,closed,Nanton (Green Farms) Airport,50.383335,-113.666664,3363.0,CA-AB,Nanton,no,,,
CA-0258,closed,New Zealand Airport,46.402681,-62.317822,,CA-PE,New Zealand,no,,,
CA-0259,closed,Nicholson Peninsula DEW Line Station,69.94856,-128.896072,,CA-NT,Nicholson Peninsula,no,,,
CA-0260,closed,Nimpo Lake Airport,52.320295,-125.234047,3967.0,CA-BC,Nimpo Lake,no,,,
CA-0261,closed,Nipisi Airport,55.86666488647461,-115.16666412353516,,CA-AB,,no,,,
CA-0262,closed,RCAF Station Davidson,51.24769973754883,-105.87999725341795,,CA-SK,Davidson,no,,,
CA-0263,closed,Nokomis Airport,51.6,-104.9383,1730.0,CA-SK,Nokomis,no,,,
CA-0264,closed,Nordegg River Airport,52.71666717529297,-115.71666717529295,,CA-AB,,no,,,
CA-0265,closed,Eastmain Mine Airstrip,52.282493591308594,-72.06619262695312,,CA-QC,,no,,,
CA-0266,closed,North Monetville Skypark Airport,46.193956,-80.312096,686.0,CA-ON,French River,no,,,
CA-0267,closed,Notikewin Airport,56.849998,-118.616669,2901.0,CA-AB,,no,,,
CA-0268,closed,Obonga Airport,50.01666641235352,-89.31666564941406,,CA-ON,,no,,,
CA-0269,closed,Ogilvie Airport,65.3499984741211,-138.46665954589844,,CA-YT,,no,,,
CA-0270,closed,Orangeville Airport,43.900002,-80.016671,1488.0,CA-ON,Orangeville,no,,,
CA-0271,closed,Oriskany Airport,47.48333358764648,-73.6500015258789,,CA-QC,,no,,,
CA-0272,closed,Otter Lakes Airport,56.70000076293945,-115.93333435058594,,CA-AB,,no,,,
CA-0273,closed,Panny Airport,57.20000076293945,-114.66666412353516,,CA-AB,,no,,,
CA-0274,closed,Paradise River Airport,53.426772,-57.23156,72.0,CA-NL,Paradise River,no,,,
CA-0275,closed,Parrsboro Airport,45.41666793823242,-64.33333587646484,,CA-NS,,no,,,
CA-0276,closed,Parson Airport,51.083332,-116.633331,,CA-BC,Parson,no,,,
CA-0277,closed,Paulson Airport,51.13333511352539,-99.86666870117188,,CA-MB,,no,,,
CA-0278,closed,Three Creeks Airport,56.395815,-116.881885,2008.0,CA-AB,Peace River,no,,,
CA-0279,closed,Pearce Point DEW Line Station,69.806649,-122.666645,,CA-NT,Pearce Point,no,,,
CA-0280,closed,RCAF Station Pearce,49.835088,-113.241332,3110.0,CA-AB,Pearce,no,,,
CA-0281,closed,Pelly Bay (DEW Site) Airport,68.438,-89.602,305.0,CA-NU,Pelly Bay,no,,,
CA-0282,closed,Pelly Lake Airport,66.06666564941406,-101.08333587646484,,CA-NU,,no,,,
CA-0283,closed,Pennfield Ridge Airport,45.13333511352539,-66.68333435058594,,CA-NB,,no,,,
CA-0284,closed,Perrault Falls Airport,50.36666488647461,-93.11666870117188,,CA-ON,,no,,,
CA-0285,closed,Petrel Airport,49.96666717529297,-99.3499984741211,,CA-MB,,no,,,
CA-0286,closed,Petrolia Airport,42.89009,-82.12098,659.0,CA-ON,Petrolia,no,,,
CA-0287,closed,Pineimuta Municipal Airport,51.670727,-98.740325,855.0,CA-MB,Pineimuta,no,,,
CA-0288,closed,Polaris (Little Cornwallis Island) Airport,75.389381,-96.93203,200.0,CA-NU,Little Cornwallis Island,no,,,
CA-0289,closed,Ponteix Airport,49.73333358764648,-107.48332977294922,,CA-SK,,no,,,
CA-0290,closed,Porcupine Airport,66.31666564941406,-140.13333129882812,,CA-YT,,no,,,
CA-0291,closed,Port Albert Airfield,43.884779,-81.698027,696.0,CA-ON,Port Albert,no,,,
CA-0292,closed,Port Eliza Airport,49.88333511352539,-127.1500015258789,,CA-BC,,no,,,
CA-0293,closed,Port Radium Airstrip,66.103,-117.9347,639.0,CA-NT,Port Radium,no,,,
CA-0294,closed,Port-Cartier Airport,50.049999,-66.883331,280.0,CA-QC,,no,,,
CA-0295,closed,Pottageville Airport,43.994052,-79.640708,,CA-ON,Kettleby,no,,,
CA-0296,closed,Kencor Airport,50.91669845581055,-114.26699829101562,,CA-AB,Priddis,no,,,
CA-0297,small_airport,Primrose Airport,55.390002,-111.1198,2307.0,CA-AB,Primrose,no,CFN6,PFM,CFN6
CA-0298,closed,Princess Airport,50.685471,-111.531353,,CA-AB,Princess,no,,,
CA-0299,closed,Prophet River Airport,57.966667,-122.783333,1887.0,CA-BC,,no,,,
CA-0300,closed,Prospect Lake Airport,50.58333206176758,-94.26667022705078,,CA-ON,,no,,,
CA-0301,closed,Purtuniq Airport,61.813487,-73.92742,1735.0,CA-QC,,no,,,
CA-0302,closed,Quatam River Airport,50.384574,-124.935409,,CA-BC,Comox-Strathcona,no,,,
CA-0303,closed,Mobil 1128 Airport,58.49122619628906,-118.9195327758789,,CA-AB,Rainbow Lake,no,,,
CA-0304,small_airport,Ram Falls Airstrip,52.086813,-115.856092,5350.0,CA-AB,Clearwater,no,,,
CA-0305,closed,Raspberry Airport,56.04999923706055,-124.21666717529295,,CA-BC,,no,,,
CA-0306,closed,Rea Point Airport,75.365399,-105.727823,,CA-NU,Melville Island,no,,,
CA-0307,small_airport,Orono / Hawkefield Aerodrome,44.0,-78.6488,620.0,CA-ON,Clarington,no,CHF4,,CHF4
CA-0308,closed,Redvers Airport,49.58333206176758,-101.68333435058594,,CA-SK,,no,,,
CA-0309,closed,Renous Airport,46.950791,-66.571941,1218.0,CA-NB,Renous,no,,,
CA-0310,closed,Richardson Airport,57.88333511352539,-111.01667022705078,,CA-AB,,no,,,
CA-0311,closed,Riske Creek Airport,51.958652,-122.508652,2999.0,CA-BC,Riske Creek,no,,,
CA-0312,closed,Kingston Airfield,44.251099,-76.503403,,CA-ON,Kingston,no,,,
CA-0313,closed,Rivers Airport,50.0100557637,-100.313930511,1550.0,CA-MB,,no,,,
CA-0314,closed,Rivière-Ouelle Airport,47.445332,-69.979134,44.0,CA-QC,Rivière-Ouelle,no,,,
CA-0315,closed,Rodney Airport,42.579731,-81.684705,688.0,CA-ON,Rodney,no,,,
CA-0316,closed,Ross Bay Junction Airport,53.028994,-66.244361,,CA-NL,,no,,,
CA-0317,closed,Ross Point DEW Line Station,68.599158,-111.125505,,CA-NU,Ross Point,no,,,
CA-0318,closed,Round Hill Airport,55.29999923706055,-111.98332977294922,,CA-AB,,no,,,
CA-0319,closed,Rowley Island DEW Line Station,69.063868,-79.087402,,CA-NU,Rowley Island,no,,,
CA-0320,closed,Russell Lake Airport,62.84999847412109,-116.0,,CA-NT,,no,,,
CA-0321,closed,Pourvoirie Oasis Airport,48.474284,-74.659479,1329.0,CA-QC,Réservoir Gouin,no,,,
CA-0322,small_airport,Saglek Airport,58.474312,-62.653999,269.0,CA-NL,Saglek,no,CYSV,YSV,
CA-0323,small_airport,Private Airstrip,55.46689987182617,-127.7030029296875,1061.0,CA-BC,Hazelton,no,,,
CA-0324,closed,Saltspring Island Airport,48.76666641235352,-123.46666717529295,,CA-BC,,no,,,
CA-0325,closed,Sarcpa Lake DEW Line Station,68.549243,-83.320996,,CA-NU,,no,,,
CA-0326,small_airport,Saulteaux Airport,54.916495,-114.783368,,CA-AB,Saulteaux,no,,,
CA-0327,closed,Savant Lake Airport,50.194227,-90.663193,,CA-ON,,no,,,
CA-0328,closed,Sawmill Bay Airport,65.73333,-118.916664,650.0,CA-NT,,no,,,
CA-0329,closed,Scar Creek Airport,51.179237,-125.039177,,CA-BC,Comox-Strathcona,no,,,
CA-0330,closed,Scud River Airport,57.28333282470703,-131.8333282470703,,CA-BC,,no,,,
CA-0331,closed,Shekilie Airport,59.25,-119.33333587646484,,CA-AB,,no,,,
CA-0332,closed,Shell 13 Airport,57.26666641235352,-111.48332977294922,,CA-AB,,no,,,
CA-0333,closed,Shepherd Bay DEW Line Station,68.79538,-93.419667,99.0,CA-NU,Shepherd Bay,no,,,
CA-0334,closed,Sherard Bay Airport,76.083463,-108.452985,,CA-NU,Melville Island,no,,,
CA-0335,closed,Sherman Meadows Airport,54.286708,-119.84329,,CA-AB,Greenview,no,,,
CA-0336,closed,Sheslay Airport,58.26666641235352,-131.78334045410156,,CA-BC,,no,,,
CA-0337,small_airport,Nass Camp Airstrip,55.29069900512695,-128.9969940185547,,CA-BC,Nass Camp,no,,,
CA-0338,closed,Shingle Point DEW Line Station,68.929564,-137.234705,100.0,CA-YT,Shingle Point,no,,,
CA-0339,heliport,Carmanah Point Lighthouse Heliport,48.612051,-124.751778,94.0,CA-MB,Carmanah Point,no,,,BT2
CA-0340,closed,Sikanni Chief Airport,57.089406,-122.605537,3266.0,CA-BC,,no,,,
CA-0341,closed,Simcoe Airport,42.852813,-80.287143,764.0,CA-ON,,no,,,
CA-0342,closed,Simpson Lake DEW Line Station,68.589851,-91.947586,,CA-NU,,no,,,
CA-0343,closed,Skocdopole Farms Airport,51.75,-113.883331,,CA-AB,,no,,,
CA-0344,closed,Smeaton Airport,53.48333358764648,-104.8000030517578,,CA-SK,,no,,,
CA-0345,closed,Smith River Airport,59.900001525878906,-126.43333435058594,,CA-BC,,no,,,
CA-0346,closed,Smoky City Airport,54.75,-118.58333587646484,,CA-AB,,no,,,
CA-0347,closed,Smoky Tower Airport,54.400001525878906,-118.28333282470705,,CA-AB,,no,,,
CA-0348,closed,Snag Airport,62.354151,-140.404432,,CA-YT,,no,,,
CA-0349,closed,Squanga Lake Airport,60.48659,-133.458067,2608.0,CA-YT,Squanga Lake,no,,,
CA-0350,closed,St-Gabriel-de-Brandon Airport,46.342546,-73.389273,479.0,CA-QC,St-Gabriel-de-Brandon,no,,,
CA-0351,closed,St-Joseph-De-St-Hyacinths Airport,45.61666488647461,-72.93333435058594,,CA-QC,,no,,,
CA-0352,closed,St-Prosper (Pel) Airport,46.216667,-70.5,988.0,CA-QC,,no,,,
CA-0353,closed,St-Simon-De-Bagot Airport,45.68333435058594,-72.83333587646484,,CA-QC,,no,,,
CA-0354,closed,St. Aldwyn RCAF,50.390532,-107.75773,2633.0,CA-SK,Swift Current,no,,,
CA-0355,closed,St. Anthony Airport,51.491374,-55.813036,,CA-NL,,no,,,
CA-0356,closed,Saint-Léonard (Cyr) Airport,47.180555,-67.890272,,CA-NB,Saint-Léonard,no,,,
CA-0357,closed,Stave Lake Airport,49.467727,-122.225691,352.0,CA-BC,Mission,no,,,
CA-0358,closed,Ste-Anne-De-Sorel Airport,46.06666564941406,-72.98332977294922,,CA-QC,,no,,,
CA-0359,closed,Sainte-Croix Airport,46.6325826002,-71.7893457413,,CA-QC,Sainte-Croix,no,,,
CA-0360,closed,Chucker Farm Airport,45.43330001831055,-74.25,,CA-QC,Ste-Marthe,no,,,
CA-0361,closed,Steeper Airport,53.142463,-117.098387,4485.0,CA-AB,Cadomin,no,,,
CA-0362,closed,Stewart Lake Airport,64.33333587646484,-125.38333129882812,,CA-NT,,no,,,
CA-0363,closed,Stobart Creek Airport,51.472702,-122.833614,,CA-BC,Cariboo,no,,,
CA-0364,closed,Stokes Point DEW Line Station,69.332027,-138.71852,,CA-YT,Stokes Point,no,,,
CA-0365,closed,Strandberg Creek Airport,56.001957,-124.236917,2260.0,CA-BC,,no,,,
CA-0366,closed,Stratford Airfield,43.324306,-81.028521,1174.0,CA-ON,Saint Pauls Station,no,,,
CA-0367,closed,Strathmore (Duke) Airport,51.014512,-113.629677,,CA-AB,Langdon,no,,,
CA-0368,closed,McClain Farm Airport,51.04999923706055,-113.5,,CA-AB,Strathmore,no,,,
CA-0369,closed,Sturdee Valley Airport,57.20000076293945,-127.08333587646484,,CA-BC,,no,,,
CA-0370,closed,Sturdee Airport,51.20000076293945,-102.36666870117188,,CA-SK,,no,,,
CA-0371,closed,Sturgeon Falls Airport,46.349998,-79.966667,,CA-ON,,no,,,
CA-0372,closed,Sturgeon Landing Airport,54.29175,-101.821902,900.0,CA-SK,,no,,,
CA-0373,closed,Sturt Point DEW Line Station,68.795504,-103.343156,23.0,CA-NU,Sturt Point,no,,,
CA-0374,closed,Sweetgrass Landing Airport,58.91666793823242,-111.96666717529295,,CA-AB,,no,,,
CA-0375,closed,Tabu Airport,47.334221,-65.433718,413.0,CA-NB,Jeanne-Mance,no,,,
CA-0376,closed,Talbot Lake Airport,57.33333206176758,-115.5999984741211,,CA-AB,,no,,,
CA-0377,closed,Tatla Lake Airport,51.915606,-124.598401,,CA-BC,Tatla Lake,no,,,
CA-0378,closed,Terrace Bay Airport,48.81197898719999,-87.09943771360001,950.0,CA-ON,"Terrace Bay, ON",no,,,
CA-0379,closed,Tetachuck Lake Airport,53.26666641235352,-126.06666564941406,,CA-BC,,no,,,
CA-0380,small_airport,Tottenham/Ronan Aerodrome,44.042101,-79.84668,823.0,CA-ON,Tottenham,no,,,CTR3
CA-0381,closed,Thunder Lake Airport,52.836714,-116.711263,,CA-AB,,no,,,
CA-0382,closed,Thunder River Airport,67.46666717529297,-130.85000610351562,,CA-NT,,no,,,
CA-0383,closed,Thurston Lake Airport,59.944113,-118.079388,2095.0,CA-AB,,no,,,
CA-0384,closed,Tintina (Conwest) Airport,61.08333206176758,-131.21665954589844,,CA-YT,,no,,,
CA-0385,closed,Baie-Trinité Airport,49.399859,-67.31246,,CA-QC,Baie-Trinité,no,,,
CA-0386,closed,Trout Brook Airport,46.463567,-65.462475,299.0,CA-NB,Kent County,no,,,
CA-0387,closed,Trout Mountain Airport,56.797989,-114.414195,2592.0,CA-AB,,no,,,
CA-0388,closed,Tuktoyaktuk (Imperial) Airport,69.4248,-132.9467,51.0,CA-NT,Tuktoyaktuk,no,,,
CA-0389,closed,Tununuk DEW Line Station,69.002603,-134.671957,,CA-NT,,no,,,
CA-0390,closed,Twin Lakes Airport,51.564534,-123.824673,,CA-BC,Cariboo,no,,,
CA-0391,small_airport,Ullswater Airport,45.2107,-79.5045,1012.0,CA-ON,Ullswater,no,CLW2,,CLW2
CA-0392,closed,Dunphy Airport,46.628622,-65.872109,,CA-NB,Upper Blackville,no,,,
CA-0393,small_airport,Upper Kent Airport,46.587133,-67.719555,246.0,CA-NB,Upper Kent,no,CCH2,,CCH2
CA-0394,closed,Utikuma River Airport,56.056319,-115.323086,2110.0,CA-AB,,no,,,
CA-0395,closed,Valemount Aerodrome,52.865732,-119.295711,2575.0,CA-BC,Valemount,no,,,
CA-0396,closed,Burnaby (Terminal) Heliport,49.2691976954,-122.933339775,,CA-BC,Vancouver,no,,,
CA-0397,closed,Vankleek Hill Airport,45.446735,-74.687333,228.0,CA-ON,Vankleek Hill,no,,,
CA-0398,closed,Vanscoy Airport,52.01666641235352,-107.03333282470705,,CA-SK,,no,,,
CA-0399,closed,Mcdonald's Farm Airport,50.25,-113.366669,3226.0,CA-AB,Vulcan,no,,,
CA-0400,closed,Mile 100 Airport,51.38330078125,-65.63330078125,,CA-QC,Waco,no,,,
CA-0401,closed,Wadlin Tower Airport,57.76666641235352,-115.4499969482422,,CA-AB,,no,,,
CA-0402,closed,Washademoak Airport,45.849998,-65.849998,185.0,CA-NB,Butternut Valley,no,,,
CA-0403,closed,Webbwood Airport,46.3197,-81.8744,960.0,CA-ON,Webbwood,no,,,
CA-0404,closed,Werenko Airport,48.799886,-93.081944,1284.0,CA-ON,Werenko,no,,,
CA-0405,closed,West Baffin DEW Line Station,68.610044,-73.242081,210.0,CA-NU,Nudluardjk Lake,no,,,
CA-0406,closed,Whitecourt (Forestry) Heliport,54.13333511352539,-115.66666412353516,,CA-AB,,no,,,
CA-0407,small_airport,Wiebenville Airport,52.21702,-90.464859,1228.0,CA-ON,Kenora District,no,CXX2,,CXX2
CA-0408,closed,Wildhay Airport,53.86666488647461,-117.5500030517578,,CA-AB,,no,,,
CA-0409,heliport,"Milford ""Heliport"" (PPR)",43.9375234968,-77.08777606490001,,CA-ON,Prince Edward County,no,,,
CA-0410,closed,Willow Creek Airport,49.0,-109.73332977294922,,CA-SK,,no,,,
CA-0411,small_airport,Wingham (Inglis Field) Airport,43.897621,-81.335737,1035.0,CA-ON,Wingham,no,CWH5,,CWH5
CA-0412,closed,Winisk Airport,55.2242,-85.1174,32.0,CA-ON,Winisk,no,,,
CA-0413,closed,Wolf Lake Airport,53.216408,-116.084901,,CA-AB,Cynthia,no,,,
CA-0414,closed,Worsley Airport,56.510376,-119.082288,2139.0,CA-AB,Worsley,no,,,
CA-0415,closed,Woss Airport,50.215459,-126.619756,420.0,CA-BC,Woss,no,,,
CA-0416,small_airport,Wrong Lake Airport,52.615452,-96.184015,840.0,CA-MB,,no,CJG4,,CJG4
CA-0417,closed,Yarbo Airport,50.71666717529297,-101.93333435058594,,CA-SK,,no,,,
CA-0418,closed,Yates Tower Airport,59.900001525878906,-116.3499984741211,,CA-AB,,no,,,
CA-0419,closed,Yellowknife (Aero Arctic) Heliport,62.45000076293945,-114.41699981689452,,CA-NT,Yellowknife,no,,,
CA-0420,closed,Miramar Con Mines Heliport,62.43330001831055,-114.36699676513672,,CA-NT,Yellowknife,no,,,
CA-0421,closed,E C Air Airport,51.53614,-111.19324,,CA-AB,Youngstown,no,,,
CA-0422,closed,Yoyo Airport,58.9258,-121.473201,1950.0,CA-BC,Yoyo,no,,,
CA-0423,closed,Île d'Orléans Heliport,46.98333358764648,-70.83333587646484,,CA-QC,,no,,,
CA-0424,small_airport,Witwer Airfield,55.53519821166992,-127.86599731445312,1070.0,CA-BC,Hazelton,no,,,
CA-0425,small_airport,Seeley Lake Field,55.193001,-127.712997,987.0,CA-BC,Hazelton,no,,,
CA-0426,small_airport,Herb's Travel Plaza Airstrip,45.467513,-74.676682,,CA-ON,Vankleek Hill,no,,,
CA-0427,small_airport,Disley Airport,50.637459,-105.036194,,CA-SK,Disley,no,CDS2,,CDS2
CA-0428,small_airport,Elbow Airstrip,51.1344200458,-106.585707664,,CA-SK,Elbow,no,,,
CA-0429,closed,Stevensville Airstrip,42.938894,-79.10006,,CA-ON,Fort Erie,no,,,
CA-0430,small_airport,Port Hope (Peter's Field) Airport,44.024881,-78.426976,560.0,CA-ON,Port Hope,no,CPH3,,CPH3
CA-0431,small_airport,Newtonville / Steeves Field,43.940197,-78.444185,502.0,CA-ON,,no,CNT9,,CNT9
CA-0432,small_airport,Regina / Aerogate Airport,50.597731,-104.601312,1980.0,CA-SK,Brora,no,CAG2,,CAG2
CA-0433,heliport,Prince Edward County Hospital Heliport,44.01628,-77.138461,353.0,CA-ON,Picton,no,,,
CA-0434,closed,Jarvis RCAF,42.836199,-80.04467,635.0,CA-ON,Nanticoke,no,,,
CA-0435,heliport,WESCAM Burlington,43.3404490137,-79.83305454250001,,CA-ON,Burlington,no,,,
CA-0436,closed,Kohler Airstrip,42.903005,-79.855371,,CA-ON,Cayuga,no,,,
CA-0437,closed,White's Airstrip,43.9459440235,-77.244207859,,CA-ON,Prince Edward County,no,,,
CA-0438,closed,Scott's Airstrip,43.8735194557,-77.158741951,,CA-ON,Prince Edward County,no,,,
CA-0439,closed,Wellington Airstrip,43.96675,-77.31325,285.0,CA-ON,Bloomfield,no,,,
CA-0440,closed,Point Petre Helipad,43.843244,-77.144757,,CA-ON,Prince Edward County,no,,,
CA-0441,closed,Edmonton / St. Albert Aerodrome,53.690049,-113.693433,2270.0,CA-AB,St. Albert,no,,,
CA-0442,small_airport,Little's Farm,43.7975530554,-79.7895812988,,CA-ON,,no,,,
CA-0443,small_airport,Brier Island Airstrip,44.25700308649999,-66.3593530655,,CA-NS,Westport,no,,,
CA-0444,closed,Beaverton Airport,44.447473,-79.100107,820.0,CA-ON,,no,,,
CA-0445,closed,RCAF Detachment Standoff,49.55,-113.3333,3290.0,CA-AB,,no,,,
CA-0446,small_airport,Stuart Island Airstrip,50.409447,-125.131617,360.0,CA-BC,Big Bay,no,,YRR,
CA-0447,small_airport,Gamble Field,43.3576842766,-79.9830651283,,CA-ON,Harper Corners,no,,,
CA-0448,small_airport,Willow Lake Airstrip,43.1668129063,-80.7752287388,,CA-ON,,no,,,
CA-0449,small_airport,Woodstock Private Airstrip,43.128144,-80.800785,1048.0,CA-ON,Woodstock,no,,,
CA-0450,small_airport,Monte Creek Airstrip,50.648263182,-119.90032196,,CA-BC,Monte Creek,no,,,
CA-0451,small_airport,Prichard Airstrip,50.6594730791,-119.793720245,,CA-BC,Pritchard,no,,,
CA-0452,small_airport,Courtland / Tillsonburg Flying Club Field,42.85709146759999,-80.63207387920001,800.0,CA-ON,Tillsonburg,no,,,
CA-0453,small_airport,Sheridan Lake Airstrip,51.4954922213,-120.835790634,,CA-BC,Sheridan Lake,no,,,
CA-0454,small_airport,Baker Valley Airpark,44.75485,-76.928399,625.0,CA-ON,Arden,no,,,
CA-0455,closed,Brisbane Private Airfield,43.737879,-80.084281,1289.0,CA-ON,Hillsburgh,no,,,
CA-0456,small_airport,Roseville Field,43.3471211516,-80.43365478519999,,CA-ON,,no,,,
CA-0457,small_airport,L'Île d'Entrée Airfield,47.276376,-61.712329,20.0,CA-QC,L'Île d'Entrée,no,,,
CA-0458,heliport,Newcastle (Morgan's Road) Heliport,43.9324087966,-78.5288572311,,CA-ON,Clarington,no,,,
CA-0459,small_airport,Seagrave / North Port Airfield,44.166891,-78.93503,1198.0,CA-ON,,no,CNP4,,
CA-0460,small_airport,Utica Airfield,44.066081,-79.020882,920.0,CA-ON,Port Perry,no,CUT2,,CUT2
CA-0461,small_airport,Brougham High Perspective Hang Glider Port,43.915547,-79.133899,,CA-ON,Locust Hill,no,,,
CA-0462,closed,Montreal / Vieux Port,45.505204,-73.546815,,CA-QC,,no,,,
CA-0463,small_airport,Saint-François-de-Laval (Laval Aviation),45.6886744043,-73.5811257362,,CA-QC,,no,,,
CA-0464,seaplane_base,Saint-François-de-Laval (Laval Aviation),45.6931260794,-73.58091115949999,,CA-QC,,no,,,
CA-0465,small_airport,Hampton,43.9765877574,-78.706870079,,CA-ON,,no,,,
CA-0466,small_airport,Hampton / Morawetz Field,43.982038338,-78.81718397139998,,CA-ON,,no,,,
CA-0467,closed,Ajax / Picov Downs Airport,43.870859,-79.011869,,CA-ON,Ajax,no,,,
CA-0468,small_airport,Sandford Field,44.1547763813,-79.1985189915,,CA-ON,,no,,,
CA-0469,small_airport,Belle River Field,42.245166587,-82.72061347959999,,CA-ON,,no,,,
CA-0470,small_airport,Ruscom Station Field,42.1883059789,-82.673470974,,CA-ON,,no,,,
CA-0471,small_airport,Colinville Field,42.865852,-82.360768,650.0,CA-ON,Mooretown,no,,,
CA-0472,small_airport,Tyneside Field,43.1022832509,-79.87678527830002,,CA-ON,,no,,,
CA-0473,closed,Burnaby Field,42.884282,-79.319036,,CA-ON,Wainfleet,no,,,
CA-0474,seaplane_base,Whati Airport Seaplane Base,63.1321759141,-117.258625031,,CA-NT,,no,,,
CA-0475,small_airport,Dugan Lake Air Strip,52.1977699021,-121.957587004,,CA-BC,,no,,,
CA-0476,heliport,Williams Lake / Lee Todd Heliport,52.1658906512,-122.20654428,,CA-BC,,no,,,
CA-0477,heliport,Williams Lake / Clusko Logging,52.165857747,-122.162486315,,CA-BC,,no,,,
CA-0478,heliport,Williams Lake / Highland Helicopters,52.140471539,-122.158881426,,CA-BC,,no,,,
CA-0479,heliport,Williams Lake / Wayne Peterson Heliport,52.1237896659,-122.107565403,,CA-BC,,no,,,
CA-0480,heliport,Williams Lake / Pioneer Heliport,52.110247928700005,-122.134366035,,CA-BC,,no,,,
CA-0481,small_airport,Elizabethville Airstrip,44.063899,-78.4996,,CA-ON,Campbellcroft,no,,,
CA-0482,small_airport,Brussels / Hemingway Field,43.718487,-81.238171,1148.0,CA-ON,Brussels,no,,,
CA-0483,closed,Armour Heights Field,43.740833,-79.422222,,CA-ON,Toronto,no,,,
CA-0484,closed,Barker Field,43.7146662063,-79.45590376850001,,CA-ON,Toronto,no,,,
CA-0485,closed,De Lesseps Field,43.6987669661,-79.49644804,,CA-ON,Toronto,no,,,
CA-0486,closed,Leaside Aerodrome,43.712778,-79.359167,,CA-ON,Toronto,no,,,
CA-0487,closed,Long Branch Aerodrome,43.5729758606,-79.5534181595,,CA-ON,Mississauga,no,,,
CA-0488,closed,Toronto Aerodrome,43.748889,-79.460833,,CA-ON,Toronto,no,,,
CA-0489,closed,Willowdale Airfield,43.765221,-79.423749,,CA-ON,North York,no,,,
CA-0490,closed,Aérodrome Saint-Louis,46.7707326713,-71.2854766846,,CA-QC,Sainte-Foy,no,,,
CA-0491,closed,Montréal / Boucherville Water Aerodrome,45.627778,-73.454722,,CA-QC,,no,,,
CA-0492,small_airport,Douro Airfield,44.383824,-78.157468,,CA-ON,Douro,no,,,
CA-0493,small_airport,Foxden Farms,43.9686657666,-79.40330028530002,,CA-ON,,no,,,
CA-0494,closed,L'escapade,48.428574,-74.518375,1350.0,CA-QC,,no,,,
CA-0495,small_airport,Selby - Howard's Airstrip,44.3151588418,-76.9580966234,,CA-ON,,no,,,
CA-0496,closed,Quasar Airfield,54.883618,-120.648594,3691.0,CA-BC,Peace River,no,,,
CA-0497,small_airport,Vulcan / Kirkcaldy Airport,50.331944,-113.357778,3418.0,CA-AB,Vulcan,no,CVL2,,CVL2
CA-0498,small_airport,Napanee Airstrip,44.2530609746,-76.9941186905,,CA-ON,Napanee,no,,,
CA-0499,closed,Sumas Municipal Airport,49.038515,-122.130675,,CA-BC,Abbotsford,no,,,
CA-0500,heliport,D.C. Heliport,44.3582469361,-76.85742259030002,,CA-ON,Camden East,no,,,
CA-0501,closed,Don's Airstrip,43.98605261,-77.18740940090001,,CA-ON,Prince Edward County,no,,,
CA-0502,closed,Bonnie Brae Airfield,45.374212,-77.723115,1545.0,CA-ON,Combermere,no,,,
CA-0503,small_airport,Linden Airport,51.594322,-113.480229,2930.0,CA-AB,Linden,no,,,
CA-0504,small_airport,Mary River Aerodrome,71.324167,-79.356944,584.0,CA-NU,Mary River,no,,YMV,CMR2
CA-0505,seaplane_base,Rivière Temiscamie Floatbase,51.008489,-72.989837,,CA-QC,Jamésie,no,CSV7,,CSV7
CA-0506,small_airport,Newburgh - R.S. (Bob) Clapp Memorial Airstrip,44.354603,-76.85507,500.0,CA-ON,Camden East,no,CNB6,,CNB6
CA-0507,small_airport,Rednersville / Aery,44.105299,-77.459149,390.0,CA-ON,Prince Edward County,no,CRA3,,
CA-0508,small_airport,Farrow's Field,44.439438,-80.937667,925.0,CA-ON,Chatsworth,no,,,
CA-0509,closed,Cruikshank Air Field,44.579922,-80.981083,781.0,CA-ON,Owen Sound,no,,,
CA-0510,seaplane_base,Balsam Lake Seaplane Base,44.54063,-78.893096,850.0,CA-ON,Kirkfield,no,CKW7,,CKW7
CA-0511,seaplane_base,Val D'or (St. Pierre) Water Aerodrome,48.077864,-77.869655,1000.0,CA-QC,Val d'Or,no,CSP7,,CSP7
CA-0512,seaplane_base,Val D'or / Huard Water Aerodrome,48.071742,-77.87384,984.0,CA-QC,Val D'or,no,CVB6,,CVB6
CA-0513,heliport,Two Hills (Health Centre) Heliport,53.7136187439,-111.730871201,2075.0,CA-AB,,no,CTH4,,
CA-0514,small_airport,Long Sault Airstrip,45.039739,-74.859398,219.0,CA-ON,Long Sault,no,,,
CA-0515,small_airport,Sky Wrench Field,49.120833333300006,-81.0435,,CA-ON,Cochrane,no,,,
CA-0516,small_airport,Warren Field,42.936718,-81.479738,813.0,CA-ON,Mount Brydges,no,CWF3,,CWF3
CA-0517,heliport,Hastings Field Heliport,48.781844,-123.281611,190.0,CA-BC,North Pender Island,no,,,
CA-0518,small_airport,Ivanhoe Airstrip,48.1830555556,-82.5492361111,1195.0,CA-ON,Ivanhoe,no,,,
CA-0519,closed,No. 4 E.F.T.S. Windsor Mills Airfield,45.5192782552,-72.0316457748,,CA-QC,,no,,,
CA-0520,small_airport,Lorneville Airstrip,44.448507,-78.910104,,CA-ON,Kawartha Lakes,no,,,
CA-0521,small_airport,Mount Forest Roths' Field,44.23,-81.026667,,CA-ON,Hanover,no,,,
CA-0522,heliport,Calgary (Aerial Recon) Heliport,50.868,-114.138,3820.0,CA-AB,,no,CAR3,,
CA-0523,small_airport,Roth Field,43.978626,-80.776467,1350.0,CA-ON,Mount Forest,no,,,CPR1
CA-0524,small_airport,Varys Field,44.588125,-80.763159,1200.0,CA-ON,Owen Sound,no,,,
CA-0525,small_airport,Flamboro Centre Airport,43.371599,-79.93238,810.0,CA-ON,Millgrove,no,CFC8,,CFC8
CA-0526,small_airport,Rivière-aux-Saumons Aerodrome,49.401389,-62.295278,369.0,CA-QC,Rivière-aux-Saumons,no,CTH7,,CTH7
CA-0527,closed,RCAF Detachment Edwards,45.305662,-75.472953,260.0,CA-ON,Edwards,no,,,
CA-0528,small_airport,Skydive SWOOP,43.301817,-79.971832,,CA-ON,Dundas,no,,,
CA-0529,heliport,Prince Edward O.P.P. Helipad,43.9952303773,-77.18827575450001,,CA-ON,Prince Edward County,no,,,
CA-0530,seaplane_base,Hallowell Mills Cove Seaplane Base,44.0335547856,-77.1363830566,,CA-ON,Prince Edward County,no,,,
CA-0531,heliport,Clapp Farm Heliport,43.9093234337,-77.0790508389,,CA-ON,Prince Edward County,no,,,
CA-0532,closed,Clapp Farm Airfield,43.9109562606,-77.081387043,,CA-ON,Prince Edward County,no,,,
CA-0533,seaplane_base,Marina Senneterre,48.392617,-77.225038,,CA-QC,Senneterre,no,,,
CA-0534,small_airport,Lac William ice runway (seasonal),46.12566,-71.574727,650.0,CA-QC,Bernierville,no,,,
CA-0535,small_airport,Williamsburg Aerodrome,44.990326,-75.203253,,CA-ON,Williamsburg,no,,,
CA-0536,small_airport,Paterson Field,43.418123,-81.238293,1146.0,CA-ON,Fullarton,no,,,
CA-0537,small_airport,Robinson International Air Field,44.18,-80.9515,942.0,CA-ON,Allan Park,no,,,CAP2
CA-0538,small_airport,Pretty Estates Resort Airport,49.252372,-121.945846,62.0,CA-BC,Harrison Mills,no,,,
CA-0539,closed,Stuart Island Water Aerodrome,50.3629,-125.1385,,CA-BC,Stuart Island,no,,,
CA-0540,closed,Bella Coola Water Aerodrome,52.3774,-126.795399,,CA-BC,Bella Coola,no,,,
CA-0541,closed,Nimpkish Water Aerodrome,50.33,-126.93,82.0,CA-BC,Nimpkish,no,,,
CA-0542,closed,Nakusp Water Aerodrome,50.234,-117.8,1448.0,CA-BC,Nakusp,no,,,
CA-0543,closed,Winter Harbour Water Aerodrome,50.5117,-128.0284,0.0,CA-BC,Winter Harbour,no,,,
CA-0544,closed,Morfee Lakes Water Aerodrome,55.35,-123.08,2365.0,CA-BC,Mackenzie,no,,,
CA-0545,closed,Takla Narrows Water Aerodrome,55.1635,-125.7133,2257.0,CA-BC,Takla Narrows,no,,,
CA-0546,closed,Dease Lake Seaplane Base,58.459,-130.038,2470.0,CA-BC,Dease Lake,no,,,
CA-0547,closed,Invermere Water Aerodrome,50.49,-116.01,2618.0,CA-BC,Invermere,no,,,
CA-0548,closed,North Cariboo Air Park,54.008098602295,-123.02300262451,2500.0,CA-BC,Prince George,no,,,
CA-0549,small_airport,Nicholson Island Private Airstrip,43.9163977,-77.52523636,,CA-ON,,no,,,
CA-0550,seaplane_base,Cree Lake (Crystal Lodge) Water Aerodrome,57.4616,-106.7528,1593.0,CA-SK,Crystal Lodge,no,CRE4,,CRE4
CA-0551,seaplane_base,Cameron Bay Water Aerodrome,66.06,-117.89,512.0,CA-NT,Cameron Bay,no,,,EA7
CA-0552,closed,Shingle Point Water Aerodrome,68.935,-137.225,,CA-YT,Shingle Point,no,,,
CA-0553,seaplane_base,Fort Resolution Water Aerodrome,61.164,-113.678,515.0,CA-NT,Fort Resolution,no,,,EB8
CA-0554,seaplane_base,Clarence Lagoon Water Aerodrome,69.62,-140.81,0.0,CA-YT,,no,,,EC7
CA-0555,seaplane_base,Fort Smith Water Aerodrome,60.01675,-111.889589,554.0,CA-NT,Fort Smith,no,CEC8,,EC8
CA-0556,seaplane_base,Boffa Lake Water Aerodrome,69.637,-116.196,338.0,CA-NU,,no,,,EX6
CA-0557,closed,Fort Providence Water Aerodrome,61.35,-117.651,470.0,CA-NT,Fort Providence,no,,,
CA-0558,seaplane_base,Rocher River Water Aerodrome.,61.379,-112.744,515.0,CA-NT,Rocher River,no,,,EY8
CA-0559,closed,Calling Lake Water Aerodrome,55.226,-113.198,1948.0,CA-AB,Calling Lake,no,,,
CA-0560,closed,Sawmill Bay Bay Water Aerodrome,65.72,-118.84,535.0,CA-NT,Sawmill Bay,no,,,
CA-0561,small_airport,Griffith Island Airstrip,44.83051,-80.900981,625.0,CA-ON,Kemble,no,,,
CA-0562,small_airport,White Cloud Island,44.835907609474,-80.975400706753,,CA-ON,,no,,,
CA-0563,small_airport,Hay Island Airstrip,44.8902,-80.9773,767.0,CA-ON,Wiarton,no,CHA4,,CHA4
CA-0564,small_airport,Carnie Airfield,42.424644,-81.865847,750.0,CA-ON,Ridgetown,no,CRN2,,CRN2
CA-0565,seaplane_base,Gowganda/Gowganda Lake Seaplane Base,47.6506,-80.785301,930.0,CA-ON,,no,,,
CA-0566,heliport,Triple Island Lightstation Helipad,54.294727,-130.880179,40.0,CA-BC,Triple Islands,no,,,
CA-0567,small_airport,Carlstads Airstrip,56.247489,-119.798636,2135.0,CA-AB,Bear Canyon,no,,,
CA-0568,small_airport,Prairie Point Airport,58.272539,-116.461299,990.0,CA-AB,La Crête,no,,,
CA-0569,closed,Gunnar Airport,59.4092,-108.8543,805.0,CA-SK,Gunnar Uranium Mine,no,,,
CA-0570,closed,RCAF Detachment Alliston,44.12,-79.82,719.0,CA-ON,Alliston,no,,,
CA-0571,closed,Gosling Lake Water Aerodrome,53.420455,-60.374759,0.0,CA-NL,,no,,,
CA-0572,closed,Lac Mandeville Water Aerodrome,46.3708,-73.3247,489.0,CA-QC,Saint-Charles-de-Mandeville,no,,,
CA-0573,closed,Ste-Marguerite Water Aerodrome,46.032733,-74.054189,1081.0,CA-QC,Sainte-Marguerite-du-Lac-Masson,no,,,
CA-0574,closed,Les Cèdres Water Aerodrome,45.306001,-74.058008,115.0,CA-QC,Les Cèdres,no,,,
CA-0575,closed,Clyde River Water Aerodrome,70.468,-68.58,0.0,CA-NU,Clyde River,no,,,
CA-0576,closed,Flame Lake Water Aerodrome,47.290002,-83.180002,1453.0,CA-ON,Flame Lake Lodge,no,,,
CA-0577,closed,Mustardville Airport,43.0458001,-81.6925,738.0,CA-QC,Strathroy,no,,,
CA-0578,closed,Island Marina Water Aerodrome,45.4424002,-77.6925,928.0,CA-ON,Barry's Bay,no,,,
CA-0579,heliport,Amphitrite Point Heliport,48.9224,-125.541601,73.0,CA-BC,Amphitrite Point,no,,,AN2
CA-0580,heliport,Egg Island Lightstation Helipad,51.249701,-127.8364,42.0,CA-BC,Egg Island,no,,,AP2
CA-0581,heliport,Green Island Lightstation Helipad,54.56854,-130.70648,3.0,CA-BC,Green Island,no,,,AQ2
CA-0582,small_airport,Bamfield Airstrip,48.8206,-125.1193,232.0,CA-BC,Bamfield,no,,,
CA-0583,heliport,Scarlett Point Lighthouse Helipad,50.8609,-127.6126,31.0,CA-BC,Scarlett Point,no,,,BJ7
CA-0584,small_airport,Pointed Mountain Airport,60.3311002,-123.813,1420.0,CA-NT,Pointed Mountain,no,,,BJ6
CA-0585,heliport,Race Rocks Light Helipad,48.298504,-123.5322,10.0,CA-BC,Vancouver Island,no,,,
CA-0586,heliport,Elephant Enterprises Inc. Heliport,51.1152,-114.2956,3596.0,CA-AB,Calgary,no,,,CEE2
CA-0587,heliport,Foothills Hospital McCaig Tower Helipad,51.065323,-114.135064,3761.0,CA-AB,Calgary,no,,,CMT3
CA-0588,heliport,K. Coffey Residence Helipad,51.1657,-114.314801,4217.0,CA-AB,Calgary,no,,,CKC4
CA-0589,heliport,Calgary/Okotoks (GG Ranch) Heliport,50.7448,-113.991601,3624.0,CA-AB,Calgary,no,,,COK2
CA-0590,heliport,Calgary/South Health Campus Hospital Helipad,50.8828,-113.952,3486.0,CA-AB,Calgary,no,,,CSH3
CA-0591,heliport,Canmore Hospital Helipad,51.0924,-115.349501,4305.0,CA-AB,Canmore,no,,,CCH3
CA-0592,closed,Shubenacadie Airport,45.0935,-63.3951,100.0,CA-NS,Shubenacadie,no,,,
CA-0593,closed,Shortts Lake Water Aerodrome,45.2389,-63.3286,122.0,CA-NS,Shortts Lake,no,,,
CA-0594,small_airport,Rednek Air Airport,49.821603,-112.5308,2812.0,CA-AB,Coaldale,no,,,CRD2
CA-0595,small_airport,Didsbury/Minty Field,51.6535,-114.353,3480.0,CA-AB,Didsbury,no,,,CDM2
CA-0596,closed,Machmell Airport,51.6561,-126.681703,40.0,CA-BC,Central Coast A,no,,,
CA-0597,closed,Fort Good Hope Water Aerodrome,66.251502,-128.6497,58.0,CA-NT,Fort Good Hope,no,,,
CA-0598,small_airport,Bracebridge (Stone Wall Farm) Airport,44.988503,-79.1895,1050.0,CA-ON,Bracebridge,no,CSW4,,CSW4
CA-0599,closed,Antler Airport,49.5844,-101.5599,1850.0,CA-SK,Antler,no,,,
CA-0600,closed,Rivère l'Acadie Water Aerodrome,45.49035,-73.303326,30.0,CA-QC,Carignan,no,,,
CA-0601,closed,Russell Airport,45.292501,-75.3081,230.0,CA-ON,Embrun,no,,,
CA-0602,closed,Digby Water Aerodrome,44.625,-65.745,0.0,CA-NS,Digby,no,,,
CA-0603,closed,Homathko River Airport,50.9501,-124.8848,30.0,CA-BC,Homathko River,no,,,
CA-0604,heliport,Stuart Lake Hospital Helipad,54.440705,-124.2424,2362.0,CA-BC,Fort St. James,no,CFJ2,,CFJ2
CA-0605,closed,Disraeli Inlet Water Aerodrome,82.75,-73.0,,CA-NU,Disraeli Inlet,no,,,
CA-0606,closed,Flagg Cove Water Aerodrome,44.761,-66.753,0.0,CA-NB,North Head,no,,,
CA-0607,closed,O'sullivan Lake Water Aerodrome,50.4333,-87.1167,962.0,CA-ON,,no,,,
CA-0608,closed,Evergreen Acres Airport,53.5133,-108.6653,2200.0,CA-SK,Turtle Lake,no,,,
CA-0609,small_airport,Palestine Airport,44.490101,-78.977902,897.0,CA-ON,Kirkfield,no,CKP4,,CKP4
CA-0610,small_airport,Lampman/Spitfire Air Airport,49.49,-102.882902,1967.0,CA-SK,Lampman,no,CSF8,,CSF8
CA-0611,closed,Holman Water Aerodrome,70.7347,-117.760401,0.0,CA-NT,Ulukhaktok,no,,,
CA-0612,heliport,Chrome Island Lightstation Helipad,49.471829,-124.684468,48.0,CA-BC,Chrome Island,no,,,AL2
CA-0613,closed,Jumping Cairbou Lake Water Aerodrome,46.88,-79.78,1033.0,CA-ON,Temagami,no,,,
CA-0614,closed,Wawa Lake Water Aerodrome,48.0,-84.760001,941.0,CA-ON,Wawa,no,,,
CA-0615,closed,Sundance Airport,53.526,-114.61,2415.0,CA-AB,Fallis,no,,,
CA-0616,closed,St-Tite Airport,46.7156,-72.58702,470.0,CA-QC,St-Tite,no,,,
CA-0617,closed,Iqaluit Water Aerodrome,63.730001,-68.51,,CA-NU,Iqaluit,no,,,
CA-0618,closed,Pinchgut Lake Water Aerodrome,48.817,-57.990001,614.0,CA-NL,Pinchgut Lake,no,,,
CA-0619,closed,Island Marina Water Aerodrome,45.4425,-77.6925,930.0,CA-ON,Barry's Bay,no,,,
CA-0620,closed,Blenheim Airport,42.28941,-81.99976,606.0,CA-ON,Blenheim,no,,,
CA-0621,heliport,Cape Scott Lightstation Helipad,50.7819,-128.427504,207.0,CA-BC,Vancouver Island,no,,,AD2
CA-0622,closed,Longstaff Bluff Water Aerodrome,68.91,-75.27,,CA-NU,Longstaff Bluff,no,,,
CA-0623,closed,Miguasha Airport,48.0758,-66.282,110.0,CA-QC,Miguasha,no,,,
CA-0624,closed,Lac Pontbriand Water Aerodrome,46.051003,-73.78,505.0,CA-QC,Rawdon,no,,,
CA-0625,closed,Fort Vermilion Water Aerodrome,58.407203,-115.973601,817.0,CA-AB,Fort Vermilion,no,,,
CA-0626,heliport,Thousand Islands Helicopter Tours Helipad,44.347171,-76.175423,,CA-ON,Gananoque,no,,,
CA-0627,closed,Matagami Heliport,49.7534,-77.6626,860.0,CA-QC,Matagami,no,,,
CA-0628,closed,Little Grand Rapids Water Aerodrome,52.036,-95.47,965.0,CA-MB,Little Grand Rapids,no,,,
CA-0629,heliport,Valleyview Health Centre Heliport,55.0675,-117.2718,2337.0,CA-AB,Valleyview,no,CVV2,,CVV2
CA-0630,heliport,Sisters Islets Lighthouse Helipad,49.486989,-124.435062,12.0,CA-BC,Strait of Georgia,no,,,BC5
CA-0631,closed,Lac Boyer Water Aerodrome,47.937102,-77.3534,1077.0,CA-QC,Val-d'Or,no,,,
CA-0632,closed,Green Lake Water Aerodrome,54.27,-107.795,1493.0,CA-SK,Green Lake,no,,,
CA-0633,closed,Calgary Broadcast House Helipad,51.0589,-114.171401,3963.0,CA-AB,Calgary,no,,,
CA-0634,closed,Ethelda Bay Water Aerodrome,53.057,-129.677008,0.0,CA-BC,Ethelda Bay,no,,,
CA-0635,small_airport,Stouffville Airport,43.9931,-79.2674,972.0,CA-ON,Whitchurch–Stouffville,no,CBB2,,CBB2
CA-0636,heliport,Active Pass Lighthouse Heliport,48.8734,-123.2914,24.0,CA-BC,Mayne Island,no,,,AB2
CA-0637,closed,Stornoway Airport,45.736665,-71.202918,1154.0,CA-QC,Stornoway,no,,,
CA-0638,closed,Louisville/Cascades Heliport,46.259103,-72.9511,36.0,CA-QC,Louisville,no,,,
CA-0639,small_airport,Alexis Creek Ranch Private Airport,52.063197,-123.258464,2300.0,CA-BC,Alexis Creek,no,,,
CA-0640,closed,Stuart Lake Water Aerodrome,54.450003,-124.31,2240.0,CA-BC,Fort St. James,no,,,
CA-0641,closed,Kemano Bay Water Aerodrome,53.480001,-128.13,0.0,CA-BC,Kemano,no,,,
CA-0642,heliport,Ivory Island Lightstation Helipad,52.271104,-128.405304,14.0,CA-BC,Seaforth Channel,no,,,BM2
CA-0643,closed,Bowden Airport,51.9832,-114.0115,3104.0,CA-AB,Innisfail,no,,,
CA-0644,closed,Fort Coulonge Water Aerodrome,45.835,-76.752,345.0,CA-QC,Fort-Coulonge,no,,,
CA-0645,closed,Ethelda Bay Coast Guard Heliport,53.0536,-129.680003,33.0,CA-BC,Ethelda Bay,no,,,
CA-0646,closed,Selkirk Mountain Heliport,51.010905,-118.209501,1559.0,CA-BC,Revelstoke,no,,,
CA-0647,heliport,Discovery Island Lightstation Helipad,48.4248,-123.225802,63.0,CA-BC,Discovery Island,no,,,BN3
CA-0648,closed,Mary's Harbour Water Aerodrome,52.312,-55.827,0.0,CA-NL,Mary's Harbour,no,,,
CA-0649,closed,Sanikiluaq Water Aerodrome,56.545849,-79.230807,0.0,CA-NU,Sanikiluaq,no,,,
CA-0650,closed,Mount Lake Water Aerodrome,49.803502,-89.252,1024.0,CA-ON,Mount Lake,no,,,
CA-0651,closed,Northumberland Health Care Centre Helipap,43.9667,-78.286901,376.0,CA-ON,Port Hope,no,,,
CA-0652,closed,Malartic Airport,48.1551,-78.1412,1054.0,CA-QC,Malartic,no,,,
CA-0653,small_airport,Aviation PLMG Inc Airport,46.8844,-75.3329,880.0,CA-QC,Ste-Anne-du-Lac,no,CAL8,,CAL8
CA-0654,closed,St. Lina Airport,54.3014,-111.498901,2120.0,CA-AB,St. Lina,no,,,
CA-0655,closed,Quebec/Sûreté Heliport,46.834,-71.2841,66.0,CA-QC,Quebec City,no,,,
CA-0656,closed,Lourdes-de-Blanc-Sablon Water Aerodrome,51.409004,-57.201,0.0,CA-QC,Lourdes-de-Blanc,no,,,
CA-0657,closed,Pointe-au-Chêne Water Aerodrome,45.640002,-74.75,118.0,CA-QC,Pointe-au-Chêne,no,,,
CA-0658,closed,Squamish Water Aerodrome,49.68,-123.165001,,CA-BC,Squamish,no,,,
CA-0659,closed,Yahk Aerodrome,49.109,-116.0598,2870.0,CA-BC,Yahk,no,,,
CA-0660,heliport,Bonilla Island Lightstation Helipad,53.492902,-130.6353,13.0,CA-BC,Hecate Strait,no,,,AC7
CA-0661,heliport,Addenbroke Island Lightstation Helipad,51.6045,-127.863602,28.0,CA-BC,Addenbroke Island,no,,,CAK5
CA-0662,closed,Tsayta Lake Water Aerodrome,55.450345,-125.457764,2887.0,CA-BC,Tsayta Lake,no,,,
CA-0663,closed,Riviere-St-Maurice-Aviation-Mauricie-Seaplane-Base,46.654,-72.704,325.0,CA-QC,Grand-Mére,no,,,
CA-0664,closed,Heli-Delta Helipad,49.1739,-122.951,40.0,CA-BC,Vancouver,no,,,
CA-0665,closed,Coutts Airport,49.09,-111.865,3290.0,CA-AB,Coutts,no,,,
CA-0667,closed,Pincher Creek/Cooks Aerodrome,49.5163,-113.937,3725.0,CA-AB,Pincher Creek,no,,,
CA-0668,closed,Wrentham,49.502,-112.108001,3105.0,CA-AB,Wrentham,no,,,
CA-0669,closed,Purple Springs Airport,49.6877,-111.875202,2870.0,CA-AB,Purple Springs,no,,,
CA-0670,closed,Skiff Aerodrome,49.4995,-111.7829,2965.0,CA-AB,Skiff,no,,,
CA-0671,closed,Ocean Pond Water Aerodrome,47.416,-53.4245,233.0,CA-NL,Ocean Pond,no,,,
CA-0672,closed,Cape Dorset Water Aerodrome,64.2425,-76.524986,0.0,CA-NU,Cape Dorset,no,,,
CA-0674,closed,Bowron Lake Airport,53.255704,-121.42034,3000.0,CA-BC,Wells,no,,,
CA-0675,closed,Geraldton Water Aerodrome,49.6963,-86.86,1086.0,CA-ON,Geraldton,no,,,
CA-0676,closed,McIntosh Lake Water Aerodrome,45.6711,-78.7717,1414.0,CA-ON,Algonquin Provincial Park,no,,,
CA-0677,small_airport,Intergalactic Aerodrome,49.020113,-122.732826,10.0,CA-BC,Surrey,no,,,
CA-0678,closed,Brussels/Van Keulen Field,43.7833,-81.195802,1118.0,CA-ON,Brussels,no,,,
CA-0679,closed,Gogama Airport,47.684536,-81.719822,1145.0,CA-ON,Gogama,no,,,
CA-0680,closed,Colonsay Airport,51.9683,-105.9067,1737.0,CA-SK,Colonsay,no,,,
CA-0681,closed,St. André-Avellin (Old Aerodrome),45.802801,-75.054098,607.0,CA-QC,St. André-Avellin,no,,,
CA-0682,small_airport,Brechin / Skywagon City Airfield,44.569964,-79.233377,721.0,CA-ON,Brechin,no,,,
CA-0683,seaplane_base,Brechin / Ronan Waterdrome,44.569697,-79.2237,,CA-ON,Brechin,no,,,
CA-0684,small_airport,Brechin / Ronan Aircraft Airfield,44.570564,-79.224504,740.0,CA-ON,Brechin,no,CDU7,,CDU7
CA-0685,closed,Kuujjuaq Water Aerodrome,58.085,-68.4,3.0,CA-QC,Kuujjuaq,no,,,
CA-0686,closed,La Romaine Water Aerodrome,50.21,-60.675,0.0,CA-QC,La Romaine,no,,,
CA-0687,small_airport,English Point Airport,51.49137,-56.89082,413.0,CA-NL,English Point,no,,,
CA-0688,closed,Amherst Airport,45.812972,-64.239019,69.0,CA-NS,Amherst,no,,,
CA-0689,closed,Red Bay Water Aerodrome,51.725117,-56.440726,0.0,CA-NL,Red Bay,no,,,
CA-0690,closed,Big Harbour Aerodrome,46.142276,-60.634297,82.0,CA-NS,Big Harbour,no,,,
CA-0691,closed,Tatamagouche Airport,45.734393,-63.324875,8.0,CA-NS,Tatamgouche,no,,,
CA-0692,closed,Baie Verte Water Aerodrome,49.93811,-56.177848,,CA-NL,Baie Verte,no,,,
CA-0693,closed,Campbellton Water Aerodrome,48.018834,-66.630899,,CA-NB,Campbellton,no,,,
CA-0694,closed,Cartwright Water Aerodrome,53.700893,-57.027136,,CA-NL,Cartwright,no,,,
CA-0695,closed,Catalina Harbour Water Aerodrome,48.508475,-53.07021,,CA-NL,Catalina,no,,,
CA-0696,closed,Charlottetown Water Aerodrome,46.217852,-63.138428,,CA-PE,Charlottetown,no,,,
CA-0697,closed,Churchill Falls Water Aerodrome,53.515182,-63.988769,449.0,CA-NL,Churchill Falls,no,,,
CA-0698,closed,Dauphinee (Mill) Lake Water Aerodrome,44.647193,-64.09235,243.0,CA-NS,Hubbards,no,,,
CA-0699,small_airport,Bolton Lake Lodge Airstrip,54.220665,-95.766588,719.0,CA-MB,Bolton Lake,no,,,
CA-0700,closed,Amaranth Airstrip,43.967869,-80.225381,1594.0,CA-ON,Amaranth,no,,,
CA-0701,closed,New Richmond Airport,48.175468,-65.894721,44.0,CA-QC,New Richmond,no,,,
CA-0702,closed,Hopewell Airport,45.474036,-62.716645,402.0,CA-NS,Hopewell,no,,,
CA-0703,closed,RCAF Maitland,45.324905,-63.53312,89.0,CA-NS,Maitland,no,,,
CA-0704,closed,RCAF Scoudouc,46.171629,-64.588525,156.0,CA-NB,Scoudouc,no,,,
CA-0705,closed,Havre Aubert Airport,47.223818,-61.828659,24.0,CA-QC,Les Îles-de-la-Madeleine,no,,,
CA-0706,closed,Tabusintac Airport,47.343646,-65.041308,82.0,CA-NB,Tabusintac,no,,,
CA-0707,closed,Petitot Airport,59.719703,-121.844599,1558.0,CA-BC,,no,,,
CA-0708,small_airport,Fawcettville Airfield,44.034448,-77.147112,,CA-ON,Prince Edward,no,,,
CA-0709,small_airport,Unknown Rural MB Airport,50.052196,-96.834781,771.0,CA-MB,East Selkirk,no,,,
CA-0710,small_airport,Lambton Airport,45.83345,-71.101641,1081.0,CA-QC,Lambton,no,,,SF4
CA-0711,closed,Saint Germain Airport,45.85528,-72.572626,298.0,CA-QC,Saint Germain,no,,,
CA-0712,small_airport,Pine Point Airfield,44.155585,-78.864863,,CA-ON,Port Perry,no,,,
CA-0713,heliport,Hinton/Highland Helicopters Heliport,53.40693,-117.57818,,CA-AB,Hinton,no,,,
CA-0714,heliport,Hinton/Yellowhead Helicopters Heliport,53.35121,-117.66336,,CA-AB,Hinton,no,,,
CA-0715,heliport,Lake Louise Heliport,51.43289,-116.18716,,CA-AB,Lake Louise,no,,,
CA-0716,closed,Tecumseh Airfield,42.19457,-82.89456,,CA-ON,Tecumseh,no,,,
CA-0717,closed,Aguanish Landing Strip,50.23537,-62.13373,,CA-QC,Aguanish,no,,,
CA-0718,small_airport,Rivière-au-Tonnerre Airport,50.27711,-64.75477,,CA-QC,Rivière-au-Tonnerre,no,,,YTN
CA-0719,closed,Sept-Îles/Lac des Rapides Airport,50.29762,-66.40896,,CA-QC,Sept-Îles,no,,,
CA-0720,small_airport,Les Escoumins Airport,48.37033,-69.39992,,CA-QC,Les Escoumins,no,,,
CA-0721,heliport,Westville Community Helipad,45.553479,-62.702451,,CA-NS,Westville,no,,,
CA-0722,heliport,Cumberland Regional Health Care Centre Heliport,45.80319,-64.19657,,CA-NS,Amherst,no,,,
CA-0723,closed,Highland View Regional Hospital Heliport,45.82835,-64.19407,,CA-NS,Amherst,no,,,
CA-0724,heliport,Canadian Coast Guard Base Sea Island Heliport,49.181066,-123.184119,,CA-BC,Richmond,no,,,
CA-0725,heliport,Vancouver (HMCS Discovery) Heliport,49.29437,-123.12346,,CA-BC,Vancouver,no,,,
CA-0726,heliport,Belcarra (Jug Island Trail) Heliport,49.323835,-122.920291,,CA-BC,Belcarra,no,,,
CA-0727,heliport,Squamish General Hospital Heliport,49.69705,-123.1419,,CA-BC,Squamish,no,,,
CA-0728,heliport,Stawamus Chief Emergency Helipad,49.67982,-123.14498,,CA-BC,Squamish,no,,,
CA-0729,heliport,Squamish Terminals Heliport,49.68392,-123.17314,,CA-BC,Squamish,no,,,
CA-0730,heliport,Squamish (Woodfibre) Heliport,49.66441,-123.25656,,CA-BC,Squamish,no,,,
CA-0731,small_airport,Fort Smith (Four Mile Lake) Water Aerodrome,59.946674,-111.859757,,CA-NT,Fort Smith,no,,,
CA-0732,seaplane_base,Poise Cove Waterdrome,49.49062,-123.75212,,CA-BC,Sechelt,yes,,,
CA-0733,heliport,Nanisivik Naval Facility Heliport,73.06957,-84.55432,,CA-NU,Nanisivik,no,,,
CA-0734,closed,Netley Field,50.36742,-96.99156,741.0,CA-MB,Netley,no,,,
CA-0735,closed,Pigeon River Airport,52.21261,-96.95954,722.0,CA-MB,Asinkaanumevatt,no,,,
CA-0736,small_airport,Keeyask Airstrip,56.33022,-95.24517,509.0,CA-MB,Gillam,no,,,
CA-0737,small_airport,Seal River Airstrip,59.154598,-94.785554,20.0,CA-MB,Churchill,no,,,
CA-0738,small_airport,Nester One Airstrip,58.6529,-93.19061,26.0,CA-MB,Churchill,no,,,
CA-0739,small_airport,Dale Air Services Airport,49.33455,-97.3089,781.0,CA-MB,Montcalm,no,,,
CA-0740,heliport,Lax Kw'alaams Heliport,54.55985,-130.42957,,CA-BC,Lax Kw'alaams,no,,,
CA-0741,heliport,Kitkatla Heliport,53.79515,-130.42563,,CA-BC,Kitkatla,no,,,
CA-0742,heliport,Hartley Bay Heliport,53.4253,-129.25036,,CA-BC,Hartley Bay,no,,,
CA-0743,small_airport,Upper Stewart River Airport,64.03926,-132.28621,2720.0,CA-YT,Nacho Nyak Dun First Nation,no,,,
CA-0744,closed,Woodhouse Airfield,49.99075,-113.44735,,CA-AB,Claresholm,no,,,
CA-0745,closed,Union Centre Airport,45.52795,-62.75983,92.0,CA-NS,Westville,no,,,
CA-0746,seaplane_base,Eddontenajon Water Aerodrome,57.808,-129.97,2710.0,CA-BC,Eddontenajon,no,,,AR6
CA-0747,heliport,CFB Esquimalt - Colwood Heliport,48.44815,-123.45418,,CA-BC,Colwood,no,,,
CA-0748,heliport,Mount Lady MacDonald Teahouse Helipad,51.1145,-115.3176,7487.0,CA-AB,Canmore,no,,,
CA-0749,heliport,Mount Shark Heliport,50.86053,-115.36601,5932.0,CA-AB,Kananaskis,no,,,
CA-0750,small_airport,Indian Creek Field,45.399165,-75.260993,200.0,CA-ON,Cheney,no,,,
CA-0751,heliport,Burnt Point Lighthouse Helipad,49.60179,-54.15794,33.0,CA-NL,Seldom,no,,,
CA-0752,heliport,Offer Wadham Lighthouse Helipad,49.59359,-53.76305,36.0,CA-NL,Offer Wadham Island,no,,,
CA-0753,closed,Border Beacon Airstrip,55.333001,-63.204346,1525.0,CA-NL,Ashuapun,no,,,
CA-0754,closed,Cape Harrison Airstrip,54.769627,-58.436923,181.0,CA-NL,Lucyville,no,,,
CA-0755,closed,North West River Airstrip,53.526827,-60.137701,40.0,CA-NL,North West River,no,,,
CA-0756,closed,Mile 236 Airstrip,53.561367,-66.341822,1675.0,CA-NL,,no,,,
CA-0757,heliport,Musquodoboit Valley Memorial Hospital Heliport,45.04049,-63.14096,112.0,CA-NS,Halifax,no,,,
CA-0758,seaplane_base,Ferme-Neuve Seaplane Base,46.69504,-75.46043,702.0,CA-QC,Ferme-Neuve,no,,,
CA-0759,small_airport,Smooth Rock Falls Airport,49.26123,-81.6641,778.0,CA-ON,Smooth Rock Falls,no,,,
CA-0760,small_airport,Dubreuilville Airport,48.37395,-84.52629,1119.0,CA-ON,Dubreuilville,no,,,
CA-0761,small_airport,Nipigon Airport,49.01473,-88.32885,938.0,CA-ON,Nipigon,no,,,
CA-0762,closed,Waubuno Airport,42.78714,-82.3661,627.0,CA-ON,Brigden,no,,,
CA-0763,seaplane_base,Egmont Waterdrome,49.75086,-123.92782,,CA-BC,Egmont,no,,,
CA-0764,seaplane_base,Halfmoon Bay Seaplane Base,49.51056,-123.91295,,CA-BC,Halfmoon Bay,no,,,
CA-0765,seaplane_base,Earls Cove Seaplane Base,49.75353,-124.00871,,CA-BC,Madeira Park,no,,,
CA-0766,seaplane_base,Saltery Bay Seaplane Base,49.78122,-124.17746,,CA-BC,Powell River,no,,,
CA-0767,heliport,Purcell Heli Skiing Heliport,51.30236,-116.93991,3084.0,CA-BC,Golden,no,,,
CA-0768,small_airport,Thunder Hill Airport,50.18887,-115.85229,2792.0,CA-BC,East Kootenay,no,,,
CA-0769,small_airport,Canal Flats Airport,50.16308,-115.82857,2667.0,CA-BC,Canal Flats,no,,,
CA-0770,heliport,Elkford Health Centre Heliport,50.020642,-114.917336,4131.0,CA-BC,Elkford,no,,,
CA-0771,small_airport,Arctic Watch Lodge Airport,74.065757,-93.785965,,CA-NU,Somerset Island,no,CRW4,,RW4
CA-0772,small_airport,Shuswap (Skwlax Field) Airport,50.878669,-119.590816,1170.0,CA-BC,Chase,no,CSQ2,,SQ2
CA-0773,small_airport,Red Bay Airport,51.73592,-56.42469,49.0,CA-NL,Red Bay,no,,,
CA-0774,closed,Keats Point Airport,69.677263,-121.684785,,CA-NT,,no,,,
CA-0775,closed,Rutherford Airport,42.63999,-82.13083,613.0,CA-ON,Dresden,no,,,
CA-0776,closed,Tramway Road Airport,42.68076,-82.16329,643.0,CA-ON,Dresden,no,,,
CA-0777,closed,Storm Hills NWS Station,68.894167,-133.941944,,CA-NT,,no,,,
CA-0778,closed,Cape Peel DEW Line Station,69.044722,-107.325833,,CA-NU,Cape Peel,no,,,
CA-0779,closed,Hat Island DEW Line Station,68.308304,-100.063132,,CA-NU,Putulik,no,,,
CA-0780,small_airport,Wabash Airport,42.57107,-82.05366,614.0,CA-ON,Thamesville,no,,,
CA-0781,closed,Howard Airport,42.444,-81.92843,653.0,CA-ON,Ridgetown,no,,,
CA-0782,small_airport,Merlin Airport,42.21275,-82.23181,633.0,CA-ON,Chatham-Kent,no,,,
CA-0783,closed,Old Colony Airport,42.1412,-82.43519,607.0,CA-ON,Wheatley,no,,,
CA-0784,small_airport,Kleena Kleene (Chilanko Lodge) Airport,51.957371,-124.885969,3032.0,CA-BC,Kleena Kleene,no,CBX3,,CBX3
CA-0785,small_airport,Long Harbour Airport,48.858482,-123.47487,50.0,CA-BC,Long Harbour,no,,,CLH3
CA-0786,small_airport,Bonnechere Soaring Aerodrome,46.063101,-77.487147,,CA-ON,Deep River,no,,,
CA-0787,balloonport,High River Balloonport,50.59078,-113.87326,3389.0,CA-AB,High River,no,,,
CA-0788,small_airport,Rivers Inlet Airport,51.683639,-127.185741,72.0,CA-BC,Oweekeno,no,,,AU5
CA-0789,seaplane_base,Great Bear Lodge Water Aerodrome,51.374089,-127.123828,,CA-BC,Smith Inlet,no,,,
CA-0790,small_airport,Koidern Airport,61.986455,-140.485717,2241.0,CA-YT,Koidern,no,,,
CA-0791,small_airport,Discovery Yukon Airport,61.983589,-140.536304,2281.0,CA-YT,Koidern,no,,,
CA-0792,closed,Kitchner Lake Water Aerodrome,57.052681,-127.43454,4321.0,CA-BC,Tatlatui Provincial Park,no,,,
CA-0793,closed,Clyak River Airport,51.885622,-127.353264,30.0,CA-BC,Rivers Inlet,no,,,
CA-0794,heliport,Butedale Heliport,53.159821,-128.694692,6.0,CA-BC,Butedale,no,,,
CA-0795,heliport,Metlakatla Heliport,54.336063,-130.442047,9.0,CA-BC,Metlakatla,no,,,
CA-0796,small_airport,Caribou Crossing Trading Post Airport,60.197211,-134.704924,2251.0,CA-YT,Carcross,no,,,
CA-0797,small_airport,Hootalinqua Ranch Airport,60.301064,-134.77536,2382.0,CA-YT,Carcross,no,,,
CA-0798,small_airport,Carcross Cutoff Airport,60.609579,-134.795256,2282.0,CA-YT,Whitehorse,no,,,
CA-0799,closed,Boissevain Aerodrome,49.25,-100.066667,1644.0,CA-MB,Boissevain,no,,,
CA-0800,closed,Girwood Island Water Aerodrome,45.419224,-73.978028,69.0,CA-QC,Senneville,no,,,
CA-0801,heliport,Kamloops RCMP Helipad,50.655236,-120.366222,,CA-BC,Kamloops,no,,,
CA-0804,small_airport,Crowdis Mountain Airstrip,46.22261,-60.80847,,CA-NS,Baddeck,no,,,
CA-0805,heliport,La Cormorandière Heliport,47.28771,-61.68914,,CA-QC,L'Île-d’Entrée,no,,,
CA-0806,heliport,Ramea Heliport,47.52803,-57.38977,,CA-NL,Ramea,no,,,
CA-0807,heliport,François Heliport,47.58167,-56.74581,,CA-NL,François,no,,,
CA-0808,heliport,Grey River Heliport,47.58933,-57.09913,,CA-NL,Grey River,no,,,
CA-0809,closed,Saint Georges Airstrip,48.449514,-58.426366,,CA-NL,Saint Georges,no,,,
CA-0810,small_airport,Kamloops Model Airplane Society Airstrip,50.840558,-120.268223,,CA-BC,Kamloops,no,,,
CA-0811,small_airport,Michell Airpark,48.5658,-123.391178,,CA-BC,Victoria,no,,,
CA-0812,small_airport,One Hundred Mile Model Flyers,51.619397,-121.315198,,CA-BC,One Hundred Mile House,no,,,
CA-0813,small_airport,Kelowna Ogopogo Radio Controllers,50.040422,-119.394365,,CA-BC,Kelowna,no,,,
CA-0814,small_airport,Brébeuf Airport,48.39487,-66.38389,1923.0,CA-QC,Nouvelle-Ouest,no,,,
CA-0815,small_airport,Nuskenford Airstrip,69.863861,-126.843167,,CA-NT,Nuskenford,no,,,
CA-0816,heliport,Valleyview Forestry Base,55.02366,-117.3245,2451.0,CA-AB,Valleyview,no,,,
CA-0817,small_airport,Cheney,45.400971,-75.242771,,CA-ON,Cheney,no,,,
CA-0818,heliport,Jasper Heliport,52.87763,-118.07371,3461.0,CA-AB,Jasper,no,,,
CA-0819,closed,Norbury Lakes Airport,49.53903,-115.47411,2749.0,CA-BC,Fort Steele,no,,,
CA-0820,closed,Hahas Lake Airport,49.72681,-115.78302,2986.0,CA-BC,Wasa,no,,,
CA-0821,closed,Wolf Creek Airport,49.82296,-115.73124,2730.0,CA-BC,Wasa,no,,,
CA-0822,closed,Spring Creek Airport,49.631061,-110.266171,2731.0,CA-AB,Elkwater,no,,,
CA-0823,closed,Acadia Valley Airport,51.17162,-110.24928,2382.0,CA-AB,Acadia Valley,no,,,
CA-0824,closed,Oyen North Airport Number 1,51.47662,-110.45435,2497.0,CA-AB,Oyen,no,,,
CA-0825,small_airport,Oyen North Airport Number 2,51.48637,-110.44196,2500.0,CA-AB,Oyen,no,,,
CA-0826,closed,Oyen North Airport Number 3,51.49963,-110.41806,2411.0,CA-AB,Oyen,no,,,
CA-0827,small_airport,New Brigden Airport,51.69633,-110.49568,2438.0,CA-AB,New Brigden,no,,,
CA-0828,closed,CFB Wainwright Airfield 13,52.6627,-110.83019,2218.0,CA-AB,Wainwright,no,,,
CA-0829,closed,CFB Wainwright Airfield 6,52.67823,-110.87784,2224.0,CA-AB,Wainwright,no,,,
CA-0830,closed,Climax Airport,49.21432,-108.40843,3077.0,CA-SK,Climax,no,,,
CA-0831,closed,Pendant d'Orielle Airport,49.20703,-110.87489,2943.0,CA-AB,Pendant d'Oreille,no,,,
CA-0832,closed,Manyberries Airport,49.40411,-110.69614,3051.0,CA-AB,Manyberries,no,,,
CA-0833,closed,Pakowki Lake West Airport,49.35278,-111.0627,2848.0,CA-AB,Orion,no,,,
CA-0834,closed,Pakowki Lake South Airport,49.20549,-111.03349,2992.0,CA-AB,Pendant d'Oreille,no,,,
CA-0835,small_airport,Nemiskam Airport,49.45752,-111.37427,3045.0,CA-AB,Foremost,no,,,
CA-0836,small_airport,Grovedale Airport,55.04986,-118.82903,2195.0,CA-AB,Grovedale,no,,,
CA-0837,small_airport,Shuswap Lake Estates Airfield,50.86834,-119.37353,1539.0,CA-BC,Blind Bay,no,,,
CA-0838,heliport,Gaglardi Tower (Royal Inland Hospital) Heliport,50.670082,-120.333821,,CA-BC,Kamloops,no,,,
CA-0839,small_airport,Île Sainte-Marguerite Airport,47.03173,-70.62571,23.0,CA-QC,Saint-Antoine-de-l'Isle-aux-Grues,no,,,
CA-0840,small_airport,Grosse-Île Airport,47.03378,-70.65994,13.0,CA-QC,Saint-Antoine-de-l'Isle-aux-Grues,no,,,
CA-0841,seaplane_base,Hakai Passage Water Aerodrome,51.669733,-128.08181,0.0,CA-BC,Hecate Island,no,,YHC,
CA-0842,seaplane_base,Shadow Lake - Trotter Seaplane Base,44.7367,-78.7908,849.0,CA-ON,Norland,no,CTR5,,CTR5
CA-0843,small_airport,Stone Airport,44.190227,-79.014553,1010.0,CA-ON,Saintfield,no,CST4,,CST4
CA-0844,small_airport,Stirling Private Aerodrome,44.239142,-77.557898,,CA-ON,,no,,,
CA-0845,seaplane_base,Pangnirtung Water Aerodrome,66.153,-65.714,0.0,CA-NU,Pangnirtung,no,,,SC9
CA-0846,closed,Swan Lake Water Aerodrome,50.32,-119.257,1280.0,CA-BC,Vernon,no,,,
CA-0847,seaplane_base,Minette Bay Water Aerodrome,54.02,-128.63,1450.0,CA-BC,Kitimat,no,,,AS3
CA-0848,closed,Rivière-Bleue Airport,47.44649,-69.03942,725.0,CA-QC,Rivière-Bleue,no,,,
CA-0849,closed,Simonds Airport,46.32216,-67.55103,177.0,CA-NB,Simonds,no,,,
CA-0850,closed,Barker's Point Aerodrome,45.94919,-66.61837,26.0,CA-NB,Fredericton,no,,,
CA-0851,closed,Wilkins Airstrip,45.97248,-66.665,16.0,CA-NB,Fredericton,no,,,
CA-0852,closed,Glenview Airport,43.1206,-79.28378,371.0,CA-ON,Saint Catharines,no,,,
CA-0853,closed,Willoughby Airport,43.01337,-79.04998,561.0,CA-ON,Niagara Falls,no,,,
CA-0854,closed,Richdale Airport,51.61067,-111.59441,2513.0,CA-AB,Richdale,no,,,
CA-0855,closed,Border Lake Airfield,52.62827,-110.73774,2215.0,CA-AB,Wainwright,no,,,
CA-0856,small_airport,Twin Lakes Airport,52.22183,-121.75476,3369.0,CA-BC,150 Mile House,no,,,
CA-0857,small_airport,Caribou Canim Ranch Airport,51.88313,-120.61608,2569.0,CA-BC,Cariboo,no,,,
CA-0858,closed,Little Red River Airport,58.406163,-114.751768,845.0,CA-AB,Little Red River Cree,no,,,
CA-0859,closed,Currie Field,44.57146,-80.99234,,CA-ON,Georgian Bluffs,no,,,
CA-0860,closed,Fort Assiniboine Airport,54.335698,-114.71706,1355.0,CA-AB,Fort Assiniboine,no,,,
CA-0861,small_airport,Smithville Aerodrome,43.1019,-79.63032,646.0,CA-ON,Smithville,no,,,
CA-0862,closed,Alvinston Airport,42.82033,-81.88119,699.0,CA-ON,Alvinston,no,,,
CA-0863,closed,Carver's Airport,42.8628,-82.20072,643.0,CA-ON,Petrolia,no,,,
CA-0864,closed,Anderson Airport,43.32242,-81.24304,1040.0,CA-ON,Saint Marys,no,,,
CA-0865,small_airport,Papple Aviation Airport,43.50051,-81.43327,991.0,CA-ON,Seaforth,no,,,
CA-0866,closed,Seaforth Airport,43.56868,-81.40298,1014.0,CA-ON,Seaforth,no,,,
CA-0867,closed,Harpurhey Airport,43.55819,-81.41362,1014.0,CA-ON,Seaforth,no,,,
CA-0868,closed,Tricks Airport,43.56901,-81.59623,915.0,CA-ON,Clinton,no,,,
CA-0869,small_airport,Northville Airport,43.19183,-81.88623,630.0,CA-ON,Thedford,no,,,
CA-0870,closed,Forest Airport,43.08091,-81.99087,725.0,CA-ON,Forest,no,,,
CA-0871,small_airport,Reeces Corners Airport,42.9768,-82.13791,696.0,CA-ON,Wyoming,no,,,
CA-0872,closed,Cow Creek Airport,42.98434,-82.20114,643.0,CA-ON,Wyoming,no,,,
CA-0873,closed,Brevoort Island Water Aerodrome,63.318159,-64.138912,0.0,CA-NU,Brevoort Harbour,no,,,
CA-0874,small_airport,Aérodrome Nilgaut,46.570969,-77.331871,950.0,CA-QC,,no,,,
CA-0875,closed,Little Pond Water Aerodrome,51.1547,-56.0165,7.0,CA-NL,Main Brook,no,,,
CA-0876,small_airport,Smiths Falls Private Airstrip,44.88153,-76.067625,413.0,CA-ON,Smiths Falls,no,,,
CA-0877,small_airport,Saint-Cyprien Airport,46.34576,-70.19539,1225.0,CA-QC,Saint-Cyprien,no,,,
CA-0878,small_airport,Skyview Airport,42.71344,-80.73592,700.0,CA-ON,Straffordville,no,,,
CA-0879,closed,Coppermine Water Aerodrome,67.83,-115.16,,CA-NU,Kugluktuk,no,,,
CA-0880,heliport,Elkford Heliport,50.00702,-114.923179,4298.0,CA-BC,Elkford,no,CEH7,,CEH7
CA-0881,seaplane_base,Averell's Cove Water Aerodrome,45.307624,-78.752589,1165.0,CA-ON,Dorset,no,CAC5,,CAC5
CA-0882,closed,Tabor Lake Water Aerodrome,53.91565,-122.54085,2290.0,CA-BC,Prince George,no,,,
CA-0883,closed,Holberg Water Aerodrome,50.645,-127.99,,CA-BC,Holberg,no,,,
CA-0884,closed,New Brigden Northeast Airport,51.73394,-110.45518,2326.0,CA-AB,New Brigden,no,,,
CA-0885,small_airport,Mud Butte Airport,51.841771,-110.595331,2510.0,CA-AB,Monitor,no,,,
CA-0886,closed,Augustine Lake Airport,54.36499,-122.63596,2421.0,CA-BC,Fraser-Fort George,no,,,
CA-0887,closed,Dent Lake Airport,51.88487,-111.39874,2520.0,CA-AB,Coronation,no,,,
CA-0888,closed,Anchor J Ranches Airport,51.77235,-111.33977,2510.0,CA-AB,Hemaruka,no,,,
CA-0889,closed,CFB Wainwright Airfield 2,52.68624,-110.96576,2244.0,CA-AB,Wainwright,no,,,
CA-0890,closed,CFB Wainwright Airfield 16,52.80808,-111.03342,2200.0,CA-AB,Wainwright,no,,,
CA-0891,closed,CFB Wainwright Airfield 10,52.79379,-111.06618,2228.0,CA-AB,Wainwright,no,,,
CA-0892,closed,Bushy Head Airport,52.71522,-111.1165,2244.0,CA-AB,Wainwright,no,,,
CA-0893,closed,CFB Wainwright Airfield 18,52.64618,-110.62916,2238.0,CA-AB,Wainwright,no,,,
CA-0894,closed,CFB Wainwright Airfield 17,52.69436,-110.67526,2264.0,CA-AB,Wainwright,no,,,
CA-0895,closed,CFB Wainwright Airfield 19,52.70018,-110.69536,2162.0,CA-AB,Wainwright,no,,,
CA-0896,closed,Lodge Creek Airport,49.246195,-110.008206,3028.0,CA-AB,Onefour,no,,,
CA-0897,closed,Gander Water Aerodrome,48.905,-54.59,95.0,CA-NL,Gander,no,,,
CA-0898,seaplane_base,Mayo Water Aerodrome,63.587,-135.863,1699.0,CA-YT,Mayo,no,,,EK3
CA-0899,seaplane_base,Wentzel Water Aerodrome,59.03,-114.47,2175.0,CA-AB,,no,,,EK9
CA-0900,seaplane_base,Minto Water Aerodrome,62.589,-136.879,1485.0,CA-YT,Minto,no,,,ER8
CA-0901,closed,Fort Norman Water Aerodrome,64.895,-125.58,200.0,CA-NT,Tulita,no,,,
CA-0902,closed,Fort McPherson Water Aerodrome,67.444614,-134.890208,40.0,CA-NT,Fort McPherson,no,,,
CA-0903,small_airport,Sambaa K'e Airport,60.42347,-121.269708,1666.0,CA-NT,Sambaa K'e,no,CEU9,,CEU9
CA-0904,heliport,All Saints Springhill Hospital Heliport,45.65035,-64.0487,630.0,CA-NS,Springhill,no,,,
CA-0905,heliport,Hants Community Hospital Heliport,44.98693,-64.12082,26.0,CA-NS,Windsor,no,,,
CA-0906,heliport,Guysborough Memorial Hospital Heliport,45.4028,-61.50645,39.0,CA-NS,Guysborough,no,,,
CA-0907,closed,Saint-Augustin-de-Woburn Airport,45.38572,-70.84983,1348.0,CA-QC,Woburn,no,,,
CA-0908,closed,Kippen Airfield,43.4939,-81.44646,961.0,CA-ON,Seaforth,no,,,
CA-0909,small_airport,New Brigden Northwest Number 2 Airport,51.75521,-110.55643,2497.0,CA-AB,New Brigden,no,,,
CA-0910,small_airport,New Brigden Northwest Number 1 Airport,51.74641,-110.55589,2500.0,CA-AB,New Brigden,no,,,
CA-0911,closed,New Brigden West Airport,51.7109,-110.59204,2566.0,CA-AB,New Brigden,no,,,
CA-0912,closed,Sedalia Northeast Airport,51.73848,-110.60727,2661.0,CA-AB,Sedalia,no,,,
CA-0913,closed,Provost West Airport,52.35556,-110.29888,2205.0,CA-AB,Provost,no,,,
CA-0914,small_airport,Nimpo Lake Resort Airport,52.37475,-125.23533,3743.0,CA-BC,Nimpo Lake,no,,,
CA-0915,closed,Emo Airport,48.63385,-93.85937,1102.0,CA-ON,Emo,no,,,
CA-0916,closed,Eagle Ridge Private Airport,42.55349,-81.55939,650.0,CA-ON,West Elgin,no,,,
CA-0917,closed,Old Crow Water Aerodrome,67.565282,-139.84726,822.0,CA-YT,Old Crow,no,,,
CA-0918,closed,Bernard Harbour Water Aerodrome,68.78,-114.78,0.0,CA-NU,Bernard Harbour,no,,,
CA-0919,closed,Buffalo Aerodrome,50.809786,-110.685482,2327.0,CA-AB,Buffalo,no,,,
CA-0921,heliport,Victoria Hospital Heliport,53.190458,-105.783584,1515.0,CA-SK,Prince Albert,no,CPV3,,CPV3
CA-0922,seaplane_base,Jenny's Landing Water Aerodrome,45.239311,-78.609046,1217.0,CA-ON,Kennisis Lake,no,CKL4,,CKL4
CA-0923,seaplane_base,Montague Harbour Seaplane Base,48.89225,-123.39215,,CA-BC,Galiano Island,yes,,YMF,
CA-0924,seaplane_base,Herschel Island Water Aerodrome,69.572,-138.93,0.0,CA-YT,Herschel,no,,,EG8
CA-0925,small_airport,Misaw Lake Airport,59.753883,-102.422852,1301.0,CA-SK,,no,,,CAM2
CA-0926,small_airport,Clayton Air 1 Airport,52.932952,-106.639813,1715.0,CA-SK,,no,,,CMC4
CA-0927,small_airport,Django Field,45.410816,-75.937112,334.0,CA-ON,Dunrobin,no,CDJ8,,CDJ8
CA-0928,small_airport,Glendale Airport,44.40952,-80.82802,1093.0,CA-ON,Holland Centre,no,,,
CA-0929,closed,Elrose Airfield,51.19789,-108.01542,2044.0,CA-SK,Elrose,no,,,
CA-0930,closed,Clinton Airfield,51.1534,-121.52784,3796.0,CA-BC,Clinton,no,,,
CA-0931,closed,Connolly Airfield,53.24338,-110.84139,2156.0,CA-AB,Islay,no,,,
CA-0932,small_airport,Darling Airport,53.47817,-110.84782,2060.0,CA-AB,Clandonald,no,,,
CA-0933,small_airport,Ojay Airport,54.671647,-120.342214,3547.0,CA-BC,Peace River,no,,,
CA-0934,seaplane_base,Kegaska Water Aerodrome,50.19,-61.26,0.0,CA-QC,Kégashka,no,,,SP7
CA-0935,closed,King Eddys Landing Field,50.21596,-119.17362,1710.0,CA-BC,Coldstream,no,,,
CA-0936,small_airport,Castle Rock Airport,52.51069,-122.47769,2113.0,CA-BC,Cariboo,no,,,
CA-0937,closed,Iron Bridge Aerodrome,46.28056,-83.1854,692.0,CA-ON,Iron Bridge,no,,,
CA-0938,small_airport,Nazko Airfield,53.09207,-123.56459,2700.0,CA-BC,Nazko,no,,,
CA-0939,closed,Covered Bridge Airfield,44.65139,-79.88777,689.0,CA-ON,Barrie,no,,,
CA-0940,small_airport,Asquith Aerodrome,52.14135,-107.23144,1690.0,CA-SK,Asquith,no,,,
CA-0941,small_airport,Schroeder Field,43.73491,-80.27759,1385.0,CA-ON,Centre Wellington,no,,,
CA-0942,small_airport,Bellamy Airport,43.67175,-80.36046,1325.0,CA-ON,Centre Wellington,no,,,
CA-0943,small_airport,Sunshine Bay Airport,53.54327,-114.72154,2415.0,CA-AB,Fallis,no,,,
CA-0944,small_airport,Springdale Airport,52.83336,-114.26125,3110.0,CA-AB,Bluffton,no,,,
CA-0945,closed,RCAF Station Jericho Beach / Vancouver Air Station,49.271669,-123.197894,,CA-BC,,no,,,
CA-0946,closed,Orton West Airfield,43.78599,-80.24503,1483.0,CA-ON,East Garafraxa,no,,,
CA-0947,small_airport,Heid Field,43.79068,-80.21247,1499.0,CA-ON,Orton,no,,,
CA-0948,closed,Elliott Field,43.82609,-80.17371,1558.0,CA-ON,Hillsburgh,no,,,
CA-0949,small_airport,Erin Northwest Airport,43.842718,-80.139461,1591.0,CA-ON,Erin,no,,,
CA-0950,heliport,Kingbridge Heliport,43.917106,-79.556247,932.0,CA-ON,King City,no,CKC3,,CKC3
CA-0951,small_airport,Cockburn Island Airport,45.95698,-83.37357,774.0,CA-ON,Tolsmaville,no,,,
CA-0952,heliport,Waldhof Heliport,51.255,-114.073667,3690.0,CA-AB,Airdrie,no,CAW3,,CAW3
CA-0953,small_airport,Cardwell Airfield,43.98063,-80.0937,1517.0,CA-ON,Mono,no,,,
CA-0954,small_airport,Rolands Aerodrome,44.01112,-80.2122,1627.0,CA-ON,Amaranth,no,,,
CA-0955,small_airport,Southwestern Ontario Gliding Association Airfield,44.01803,-80.32459,1588.0,CA-ON,Amaranth,no,,,
CA-0956,small_airport,Briggs Field,44.07121,-80.23112,1627.0,CA-ON,Shelburne,no,,,
CA-0957,closed,Carmon Creek Airport,56.36172,-116.99339,1926.0,CA-AB,Peace River,no,,,
CA-0958,closed,Hygreen Field,44.23885,-80.28243,1693.0,CA-ON,Melancthon,no,,,
CA-0959,small_airport,Nenagh Field,44.05242,-80.84795,1207.0,CA-ON,Ayton,no,,,
CA-0960,closed,Cressview Lakes Airport,43.884,-80.1277,1516.0,CA-ON,East Garafraxa,no,,,
CA-0961,closed,Garafraxa Woods Airport,43.88547,-80.12942,1519.0,CA-ON,East Garafraxa,no,,,
CA-0962,small_airport,Mile 62 1/2 Airport,56.38144,-121.12662,2741.0,CA-BC,Mile 62 1/2,no,,,
CA-0963,closed,Skyglen Airpark,53.66806,-113.53827,2267.0,CA-AB,Sturgeon,no,,,
CA-0964,closed,Winterburn Airfield,53.53684,-113.69584,2313.0,CA-AB,Edmonton,no,,,
CA-0965,small_airport,52 Airport,49.73484,-63.3,617.0,CA-QC,Le 52-Milles,no,,,
CA-0966,heliport,Bearspaw Fire Station 103 Heliport,51.17008,-114.32101,4236.0,CA-AB,Calgary,no,,,
CA-0967,small_airport,Vauréal Airstrip,49.61578,-62.60428,46.0,CA-QC,Vauréal,no,,,
CA-0968,small_airport,Baie Innommée Airstrip,49.25099,-61.80181,95.0,CA-QC,Baie-du-Renard (Les Squatters),no,,,
CA-0969,small_airport,Pointe au Cormoran Airstrip,49.0766,-61.83316,30.0,CA-QC,Heath-Point,no,,,
CA-0970,small_airport,Chicotte-la-Mer Airstrip,49.23114,-63.06909,62.0,CA-QC,Chicotte-la-Mer,no,,,
CA-0971,closed,Belwood North Field,43.80514,-80.33111,1565.0,CA-ON,Belwood,no,,,
CA-0972,closed,Dracon Field,43.80943,-80.38183,1506.0,CA-ON,Belwood,no,,,
CA-0973,closed,Coulterville Field,43.82804,-80.04132,1371.0,CA-ON,Alton,no,,,
CA-0974,small_airport,Blacks Lake Airfield,44.33575,-80.75897,1411.0,CA-ON,Chatsworth,no,,,
CA-0975,closed,Farmington Field,43.93175,-80.16016,1637.0,CA-ON,Amaranth,no,,,
CA-0976,heliport,Rotor Maxx Support Heliport,49.31296,-124.36237,236.0,CA-BC,Parksville,no,,,
CA-0977,heliport,CMH Bugaboos Helipad,50.89842,-116.35744,2644.0,CA-BC,East Kootenay,no,,,
CA-0978,heliport,CMH Bobbie Burns Helipad,51.05952,-116.65393,2635.0,CA-BC,Columbia-Shuswap,no,,,
CA-0979,seaplane_base,Sakinaw Lake South Water Aerodrome,49.654,-124.0638,27.0,CA-BC,Garden Bay,no,CAS8,,CAS8
CA-0980,heliport,Antler Valley Farm Heliport,52.087228,-113.849974,3018.0,CA-AB,Innisfail,no,CAV2,,CAV2
CA-0981,seaplane_base,Big Gull Lake Water Aerodrome,44.82,-76.93,833.0,CA-ON,Henderson,no,CBG6,,CBG6
CA-0982,seaplane_base,Lake Doucette Water Aerodrome,44.0583,-66.126111,38.0,CA-NS,Lake Doucette,no,CDU9,,CDU9
CA-0983,heliport,Pr Muskoka Helideck,44.956111,-79.411944,742.0,CA-ON,Gravenhurst,no,CGV4,,CGV4
CA-0984,heliport,H. Stever Heliport,50.211085,-66.284815,114.0,CA-QC,Sept-Îles,no,CHS2,,CHS2
CA-0985,seaplane_base,Scots Lake Water Aerodrome,44.79,-63.18,46.0,CA-NS,Musquodoboit Harbour,no,CSL2,,CSL2
CA-0986,heliport,Scheinberg Heliport,45.16194,-79.69833,744.0,CA-ON,Lake Joseph,no,CSH7,,CSH7
CA-0987,seaplane_base,Peterson's Landing Water Aerodrome,49.8424,-94.457,1038.0,CA-ON,Kenora,no,CPL7,,CPL7
CA-0988,heliport,H. Stever Heliport,49.846667,-64.103333,222.0,CA-QC,Port-Menier,no,CPM2,,CPM2
CA-0989,seaplane_base,Paces Lake Water Aerodrome,44.82,-63.214,56.0,CA-NS,Musquodoboit Harbour,no,CPL5,,CPL5
CA-0990,closed,Fancy Lake Water Aerodrome,44.313,-64.547,203.0,CA-NS,Bridgewater,no,,,
CA-0991,closed,Fort Mackay Water Aerodrome,57.18,-111.63,783.0,CA-AB,Fort Mackay,no,,,
CA-0992,seaplane_base,Gravenhurst Downtown Water Aerodrome,44.9225,-79.385,741.0,CA-ON,Gravenhurst,no,CGR6,,CGR6
CA-0993,small_airport,Paintearth (Fetaz) Airstrip,52.382833,-112.002167,2458.0,CA-AB,Halkirk,no,CPE8,,CPE8
CA-0994,small_airport,Dobie Field,42.70141,-81.64238,681.0,CA-ON,Glencoe,no,,,
CA-0995,small_airport,Cherry Hill Field,43.17053,-81.11405,1086.0,CA-ON,Thorndale,no,,,
CA-0996,closed,Carlingford Field,43.38387,-81.16213,1129.0,CA-ON,Saint Pauls Station,no,,,
CA-0997,closed,Monkton Field,43.57336,-81.08236,1184.0,CA-ON,Monkton,no,,,
CA-0998,closed,Milverton Field,43.54838,-80.93308,1224.0,CA-ON,Perth East,no,,,
CA-0999,closed,Alma Field,43.72065,-80.50094,1424.0,CA-ON,Alma,no,,,
CA-1000,closed,Ponsonby Field,43.61694,-80.37148,1201.0,CA-ON,Centre Wellington,no,,,
CA-1001,closed,Tsacha Lake Airport,53.019365,-124.843891,3450.0,CA-BC,Tsacha Lake,no,,,
CA-1002,closed,Kamloops (BC Hydro) Heliport,50.666766,-120.370989,1770.0,CA-BC,Kamloops,no,,,
CA-1003,closed,Crawford Bay Airport,49.668111,-116.818,1760.0,CA-BC,Crawford Bay,no,,,
CA-1004,closed,Barkerville Airport,53.0881,-121.514999,4060.0,CA-BC,Barkerville,no,,,
CA-1005,closed,Hope (Fraser Canyon Hospital) Heliport,49.376911,-121.423465,114.0,CA-BC,Hope,no,,,
CA-1006,closed,Gang Ranch Airport,51.551862,-122.327932,2150.0,CA-BC,Gang Ranch,no,,,
CA-1007,closed,Campbell River (West Coast) Heliport,50.046398,-125.252996,7.0,CA-BC,Campbell River,no,,,
CA-1008,closed,Tipella Airport,49.743099,-122.163002,55.0,CA-BC,Tipella,no,,,
CA-1009,closed,Takla Narrows Airport,55.163549,-125.706124,2380.0,CA-BC,Takla Narrows,no,,,
CA-1010,closed,Telegraph Creek Airport,57.914369,-131.125592,1100.0,CA-BC,Telegraph Creek,no,,,
CA-1011,closed,Quilchena Airport,50.162154,-120.506935,2100.0,CA-BC,Quilchena,no,,,
CA-1012,closed,Mission (Memorial Hospital) Heliport,49.1362047065,-122.331220061,174.0,CA-BC,Mission,no,,,
CA-1013,closed,Terrace / BC Hydro Heliport,54.5192008823,-128.628015518,195.0,CA-BC,Terrace,no,,,
CA-1014,closed,Apple River Airport,45.461899,-64.821404,135.0,CA-NS,Apple River,no,,,
CA-1015,closed,Grand River Airport,46.481269,-63.95368,50.0,CA-PE,Grand River,no,,,
CA-1016,closed,Campbellton (Regional Hospital) Heliport,47.994176,-66.665466,76.0,CA-NB,Campbellton,no,,,
CA-1017,closed,Valley Airport,45.396702,-63.215599,175.0,CA-NS,Valley,no,,,
CA-1018,closed,Deerhurst Resort Airport,45.354198,-79.151398,1029.0,CA-ON,Huntsville,no,,,
CA-1019,closed,Dunnville Airport,42.8722,-79.595802,600.0,CA-ON,Dunnville,no,,,
CA-1020,closed,Halifax (South Battery) Heliport,44.6437368934,-63.5677018762,10.0,CA-NS,Halifax,no,,,
CA-1021,closed,Colville Lake Airport,67.0392,-126.08,850.0,CA-NT,Colville Lake,no,,,
CA-1022,closed,Chinchaga Airport,57.5428009033,-119.130996704,2280.0,CA-AB,Chinchaga,no,,,
CA-1023,closed,S.I.R.Bernard Forestburg Airpark,52.573786,-112.083664,2334.0,CA-AB,Forestburg,no,,,
CA-1024,closed,Acme Airport,51.456402,-113.514999,3035.0,CA-AB,Acme,no,,,
CA-1025,closed,Yellowknife (Regional Hospital) Heliport,62.447498,-114.405998,650.0,CA-NT,Yellowknife,no,,,
CA-1026,closed,Andrew Airport,53.87471,-112.364783,2060.0,CA-AB,Andrew,no,,,
CA-1027,closed,Cadotte Airport,56.457558,-116.353841,1900.0,CA-AB,Cadotte Lake,no,,,
CA-1028,closed,Blairmore (Forestry) Heliport,49.608601,-114.450996,4224.0,CA-AB,Blairmore,no,,,
CA-1029,closed,Grande Cache Airport,53.916901,-118.874001,4117.0,CA-AB,Grande Cache,no,,,
CA-1030,closed,Conklin Airport,55.6347007751,-111.087997437,1850.0,CA-AB,Conklin,no,,,
CA-1031,closed,Trout Lake Airport,60.440216,-121.236198,1635.0,CA-NT,Sambaa K'e,no,,,
CA-1032,closed,Zama Airport,59.1519012451,-118.707000732,1296.0,CA-AB,Zama,no,,,
CA-1033,closed,Bjorgum Farm Airport,53.083302,-112.803001,2415.0,CA-AB,Bjorgum Farm,no,,,
CA-1034,closed,St. Francis Airport,53.2756004333,-114.449996948,2649.0,CA-AB,St. Francis,no,,,
CA-1035,closed,Steen Tower Airport,59.633301,-117.782997,2320.0,CA-AB,Steen Tower,no,,,
CA-1036,closed,Fontas Airport,57.795974,-119.456692,2950.0,CA-AB,Fontas,no,,,
CA-1037,closed,Hamburg Airport,57.355285,-119.76531,2540.0,CA-AB,Manning,no,,,
CA-1038,closed,Fort Nelson (Mile 301) Heliport,58.805852,-122.728829,1400.0,CA-BC,Fort Nelson,no,,,
CA-1039,closed,Embarras Airport,58.2047490455,-111.383900642,778.0,CA-AB,Embarras,no,,,
CA-1040,closed,Calgary (Foothills Hospital) Heliport,51.065572,-114.133186,3635.0,CA-AB,Calgary,no,,,
CA-1041,closed,Calgary (Westport) Heliport,51.0367012024,-114.195999146,3983.0,CA-AB,Calgary,no,,,
CA-1042,closed,Vancouver (Vancouver Film Studios) Heliport,49.260877,-123.028082,50.0,CA-BC,Vancouver,no,,,
CA-1043,closed,Zama Lake Airport,59.0639,-118.889999,1242.0,CA-AB,Zama Lake,no,,,
CA-1044,closed,Colomac Airport,64.3850021362,-115.125,1073.0,CA-NT,Colomac,no,,,
CA-1045,closed,Golden (Canadian Helicopters) Heliport,51.304475,-116.983535,2575.0,CA-BC,Golden,no,,,
CA-1046,closed,Stewart (Health Centre) Heliport,55.9402999878,-129.990997314,26.0,CA-BC,Stewart,no,,,
CA-1047,closed,Ponoka (Hospital & Care Centre) Heliport,52.685237,-113.589392,2676.0,CA-AB,Ponoka,no,,,
CA-1048,closed,Aldergrove (Hicks) Heliport,49.108781,-122.480052,300.0,CA-BC,Aldergrove,no,,,
CA-1049,closed,Chicoutimi (Hydro-Québec) Heliport,48.400001525879,-71.116897583008,451.0,CA-QC,Chicoutimi,no,,,
CA-1050,closed,Buffalo Narrows Heliport,55.868598938,-108.482002258,1392.0,CA-SK,Buffalo Narrows,no,,,
CA-1051,closed,Paradise Hill Airport,53.535389,-109.436273,1927.0,CA-SK,Paradise Hill,no,,,
CA-1052,closed,West Poplar Airport,49.003101,-106.387001,2885.0,CA-SK,West Poplar,no,,,
CA-1053,closed,Beechy Airport,50.83356,-107.372344,2100.0,CA-SK,Beechy,no,,,
CA-1054,closed,Arnes Airport,50.836103,-96.957199,725.0,CA-MB,Arnes,no,,,
CA-1055,closed,Old Arctic Bay Airport,73.00585,-85.035439,100.0,CA-NU,Arctic Bay,no,,,
CA-1056,closed,Virden (West) Airport,49.8833007812,-101.067001343,1510.0,CA-MB,Virden,no,,,
CA-1057,closed,Eastend Airport,49.54974,-108.797312,3040.0,CA-SK,Eastend,no,,,
CA-1058,closed,Hidden Bay Airport,58.127899169922,-103.77976989746,1444.0,CA-SK,Hidden Bay,no,,,
CA-1059,closed,Ste. Rose du Lac Airport,51.040798,-99.494784,900.0,CA-MB,Ste. Rose du Lac,no,,,
CA-1060,closed,Lumsden (Metz) Airport,50.7172012329,-104.96900177,1791.0,CA-SK,Lumsden,no,,,
CA-1061,closed,Outlook Airport,51.482498,-107.037003,1771.0,CA-SK,Outlook,no,,,
CA-1062,closed,Thompson (Canadian Helicopters) Heliport,55.766700744629,-97.816703796387,630.0,CA-MB,Thompson,no,,,
CA-1063,closed,Wilkie Airport,52.403099,-108.720001,2149.0,CA-SK,Wilkie,no,,,
CA-1064,closed,Warren / Woodlands Airport,50.157024,-97.608333,817.0,CA-MB,Warren,no,,,
CA-1065,closed,Eagle River Airport,49.7556525536,-93.1401157379,1210.0,CA-ON,Eagle River,no,,,
CA-1066,closed,Gainsborough Airport,49.1833000183,-101.432998657,1650.0,CA-SK,Gainsborough,no,,,
CA-1067,closed,Willow Bunch Airport,49.400002,-105.667,2427.0,CA-SK,Willow Bunch,no,,,
CA-1068,closed,Lucknow Airpark,43.9678,-81.493301,960.0,CA-ON,Lucknow,no,,,
CA-1069,closed,Lewvan (Farr Strip) Airport,49.985001,-104.114998,1904.0,CA-SK,Lewvan,no,,,
CA-1070,closed,Winchester Airport,45.0456008911,-75.3032989502,250.0,CA-ON,Winchester,no,,,
CA-1071,closed,Sudbury (Regional Hospital) Heliport,46.4794600253,-80.9894970059,912.0,CA-ON,Sudbury,no,,,
CA-1072,closed,Mulock Airport,44.229198,-80.913902,1100.0,CA-ON,Elmwood,no,,,
CA-1073,closed,Ellis Field Airport,44.156101,-81.400597,925.0,CA-ON,Kincardine,no,,,
CA-1074,closed,Atwood Airport,43.69388,-81.002626,1232.0,CA-ON,Atwood,no,,,
CA-1075,closed,Straffordville Airport,42.738337,-80.817125,732.0,CA-ON,Straffordville,no,,,
CA-1076,small_airport,Morrisburg Airport,44.946993,-75.076961,254.0,CA-ON,Morrisburg,no,,,CNS8
CA-1077,closed,Picton Airport,43.989201,-77.139198,465.0,CA-ON,Prince Edward County,no,,,
CA-1078,closed,Windermere Airport,45.162247,-79.534251,746.0,CA-ON,Windermere,no,,,
CA-1079,closed,Hawkesbury (Windover Field) Airport,45.5643997192,-74.8097000122,165.0,CA-ON,Hawkesbury,no,,,
CA-1080,closed,New Lowell Airport,44.387503,-79.943298,625.0,CA-ON,New Lowell,no,,,
CA-1081,closed,Trafalgar Memorial Hospital Heliport,43.47408,-79.671594,362.0,CA-ON,Oakville,no,,,
CA-1082,closed,Pryde Field Airport,44.458229,-81.378715,661.0,CA-ON,Port Elgin,no,,,
CA-1083,closed,Brockville (Medical) Heliport,44.6055016694,-75.6798309088,302.0,CA-ON,Brockville,no,,,
CA-1084,closed,Thessalon Municipal Airport,46.316031,-83.533244,750.0,CA-ON,Thessalon,no,,,
CA-1085,closed,Bowmanville (Memorial Hospital) Heliport,43.909501,-78.67652,328.0,CA-ON,Bowmanville,no,,,
CA-1086,closed,"Brampton (National ""P"") Heliport",43.811584,-79.698442,700.0,CA-ON,Brampton,no,,,
CA-1087,closed,Lefroy Airport,44.2919095924,-79.5472812653,724.0,CA-ON,Lefroy,no,,,
CA-1088,closed,Smith Field,43.775179,-80.228119,1450.0,CA-ON,Orton,no,,,
CA-1089,closed,St. Joseph Island Airport,46.281469,-83.950531,600.0,CA-ON,Richards Landing,no,,,
CA-1090,closed,Nobleton Airport,43.936698913574,-79.679702758789,970.0,CA-ON,Nobleton,no,,,
CA-1091,closed,New Liskeard Airport,47.533298492432,-79.61669921875,800.0,CA-ON,New Liskeard,no,,,
CA-1092,closed,Port Colborne (General Hospital) Heliport,42.8785566729,-79.2595794797,575.0,CA-ON,Port Colborne,no,,,
CA-1093,closed,Norwood Airport,44.365692,-77.997785,650.0,CA-ON,Norwood,no,,,
CA-1094,closed,Lac Etchemin Airport,46.4072,-70.501404,1500.0,CA-QC,Lac Etchemin,no,,,
CA-1095,closed,Montreal / Mascouche Airport,45.718601,-73.598099,75.0,CA-QC,Montréal,no,,,
CA-1096,closed,King George Airpark,49.093248,-122.822493,5.0,CA-BC,Surrey,no,,,
CA-1097,closed,La Sarre Heliport,48.808601,-79.251701,900.0,CA-QC,La Sarre,no,,,
CA-1098,closed,Ste-Julienne Airport,45.9407997131,-73.7238998413,280.0,CA-QC,Ste-Julienne,no,,,
CA-1099,closed,Stanhope Airport,45.01572,-71.793888,1450.0,CA-QC,Stanhope,no,,,
CA-1100,closed,Rimouski (Hydro-Québec) Heliport,48.441101074219,-68.542503356934,45.0,CA-QC,Rimouski,no,,,
CA-1101,closed,Montreal / Les Cèdres Airport,45.3475,-74.076698,160.0,CA-QC,Montréal,no,,,
CA-1102,closed,Sainte-Lucie-de-Beauregard Airport,46.740799,-70.032501,1212.0,CA-QC,Sainte-Lucie-de-Beauregard,no,,,
CA-1103,closed,Ottawa / Hull (Expressair) Heliport,45.464377,-75.737363,180.0,CA-QC,Ottawa,no,,,
CA-1104,closed,Quebec / Hôpital de l'enfant-Jésus Heliport,46.837568,-71.225179,110.0,CA-QC,Québec,no,,,
CA-1105,closed,Airview Airport,45.353254,-71.86087,575.0,CA-QC,Lennoxville,no,,,
CA-1106,closed,Val-D'Or / L'Escale Heliport,48.103592916,-77.8074422479,1010.0,CA-QC,Val-D'Or,no,,,
CA-1107,closed,Chambly Airport,45.401100158691,-73.295303344727,95.0,CA-QC,Chambly,no,,,
CA-1108,closed,Buttonville Municipal Airport,43.862202,-79.370003,650.0,CA-ON,Toronto,no,,,
CA-1109,closed,Nanisivik Airport,72.980839,-84.610862,2106.0,CA-NU,Nanisivik,no,,,
CA-1110,closed,Edmonton City Centre (Blatchford Field) Airport,53.5724983215,-113.521003723,2202.0,CA-AB,Edmonton,no,,,
CA-1111,closed,Bonnechere Airport,45.663101196289,-77.602798461914,595.0,CA-ON,Killaloe,no,,,
CA-1112,closed,Victoria STOLport,45.47739,-73.54388,,CA-QC,Montreal,no,,,
CA-1113,closed,Cartierville Airport,45.516701,-73.716698,120.0,CA-QC,Montreal,no,,,
CA-1114,closed,Leo Creek Airport,55.119853,-125.614054,2360.0,CA-BC,Leo Creek,no,,,
CA-1115,closed,Bronson Creek Airport,56.681098938,-131.087005615,396.0,CA-BC,Bronson Creek,no,,,
CA-1116,closed,Salmo Airport,49.166698455811,-117.26699829102,,CA-BC,Salmo,no,,,
CA-1117,closed,Aguanish Water Aerodrome,50.230595,-62.112499,,CA-QC,Aguanish,no,,,
CA-1118,closed,Alice Arm/Silver City Seaplane Base,55.466702,-129.483002,,CA-BC,Alice Arm,no,,,
CA-1119,closed,Armstrong/Waweig Lake Seaplane Base,50.133301,-89.116699,1025.0,CA-ON,,no,,,
CA-1120,closed,Barrie/Little Lake Seaplane Base,44.418735,-79.665545,775.0,CA-ON,Barrie,no,,,
CA-1121,closed,Caledonia/Grand River Seaplane Base,43.086103,-80.051695,605.0,CA-ON,Caledonia,no,,,
CA-1122,closed,Dawson Creek Seaplane Base,55.744274,-120.182942,2145.0,CA-BC,,no,,,
CA-1123,closed,Deer Lake Seaplane Base,52.616699,-94.050003,1017.0,CA-ON,Deer Lake First Nation,no,,,
CA-1124,closed,Finlay Bay Seaplane Base,55.98,-123.78,2205.0,CA-BC,,no,,,
CA-1125,closed,Fort Grahame Seaplane Base,56.5275,-124.473,2205.0,CA-BC,,no,,,
CA-1126,closed,Gananoque Seaplane Base,44.325000762939,-76.156898498535,246.0,CA-ON,,no,,,
CA-1127,closed,Lac Gagnon Seaplane Base,46.1175,-75.115303,700.0,CA-QC,Duhamel,no,,,
CA-1128,closed,Lac Gobeil Water Aerodrome,48.241699,-69.647202,450.0,CA-QC,Grandes-Bergeronnes,no,,,
CA-1129,closed,Lac Kaiagamac Seaplane Base,46.651699,-73.894995,1190.0,CA-QC,,no,,,
CA-1130,closed,La Loche Seaplane Base,56.483299,-109.417,1467.0,CA-SK,La Loche,no,,,
CA-1131,closed,Matagami Seaplane Base,49.750292,-77.620339,775.0,CA-QC,Matagami,no,,,
CA-1132,closed,Mission Seaplane Base,49.127765,-122.301961,10.0,CA-BC,Mission,no,,,
CA-1133,closed,Nahanni Butte Seaplane Base,61.033298,-123.349998,550.0,CA-NT,Nahanni Butte,no,,,
CA-1134,closed,Parc De La Vérendrye (Le Domaine) Seaplane Base,47.036701,-76.536697,1200.0,CA-QC,,no,,,
CA-1135,closed,Parry Sound/Derbyshire Island Seaplane Base,45.2447013855,-80.1549987793,580.0,CA-ON,,no,,,
CA-1136,closed,Penticton Seaplane Base,49.45003,-119.599998,1108.0,CA-BC,,no,,,
CA-1137,closed,Port Alice/Jeune Landing Seaplane Base,50.423233,-127.486232,,CA-BC,Port Alice,no,,,
CA-1138,closed,Port Simpson Seaplane Base,54.5667,-130.432999,0.0,CA-BC,Lax Kw'alaams,no,,,
CA-1139,closed,Pukatawagan Seaplane Base,55.736696,-101.327002,898.0,CA-MB,Pukatawagan,no,,,
CA-1140,closed,Rykerts Seaplane Base,49.004482,-116.503057,,CA-BC,Creston,no,,,
CA-1141,closed,Témiscaming/Lac Kipawa Seaplane Base,46.778335,-78.979556,884.0,CA-QC,,no,,,
CA-1142,closed,Grace Lake Seaplane Base,53.82072,-101.192665,855.0,CA-MB,The Pas,no,,,
CA-1143,closed,Vanderhoof (District) Seaplane Base,54.0206,-123.995001,2050.0,CA-BC,Vanderhoof,no,,,
CA-1144,closed,Williams Lake Seaplane Base,52.116699,-122.099998,1859.0,CA-BC,Williams Lake,no,,,
CA-1145,closed,Mount Pleasant Airport,46.598189,-64.00661,,CA-PE,Ellerslie,no,,,
CA-1146,closed,Otway Heliport,53.951668,-122.831665,1954.0,CA-BC,,no,,,
CA-1147,closed,Highgate South Airport,42.468953,-81.831107,740.0,CA-ON,Highgate,no,,,
CA-1148,closed,Red Deer / South 40 Airstrip,52.261944,-113.951389,3040.0,CA-AB,,no,,,
CA-1149,closed,Sorel-Tracy/Air Nature Inc. Heliport,46.037072,-73.124621,40.0,CA-QC,Sorel,no,,,
CA-1150,closed,Victoria (BC Hydro) Heliport,48.490004,-123.390292,40.0,CA-BC,Victoria,no,,,
CA-1151,closed,Grand Valley (Madill Field),43.861886,-80.266671,1530.0,CA-ON,East Garafraxa,no,,,
CA-1152,closed,Mont-Tremblant / Lac Ouimet Water Aerodrome,46.162354,-74.585495,761.0,CA-QC,,no,,,
CA-1153,closed,Caroline Airfield,52.1043173886,-114.775350094,3540.0,CA-AB,,no,,,
CA-1154,closed,Tasu Water Aerodrome,52.7630555556,-132.04,0.0,CA-BC,Tasu,no,,,
CA-1155,closed,Canton Aerodrome,44.002807,-78.361816,520.0,CA-ON,Port Hope,no,,,
CA-1156,closed,Brabant Lodge Water Aerodrome,61.059,-116.6005,514.0,CA-NT,Fort Providence,no,,,
CA-1157,closed,Fitzgerald Water Aerodrome,59.858,-111.597,653.0,CA-AB,Fort Smith,no,,,
CA-1158,closed,Canadian Skydive Centre Airport,51.6322,-114.1099,3470.0,CA-AB,Didsbury,no,,,
CA-1159,closed,Guliker Field,52.526743,-106.359473,1620.0,CA-SK,Hague,no,,,
CA-1160,closed,Innisfail Hospital Heliport,52.019302,-113.9536,3141.0,CA-AB,Innisfail,no,,,
CA-1161,closed,Kahntah Airport,58.041502,-120.9092,1630.0,CA-BC,Kahntah,no,,,
CA-1162,closed,Devon Camp Airport,59.3186,-120.2769,1510.0,CA-BC,Peggo,no,,,
CA-1163,closed,Roberval (Air Saguenay) Water Aerodrome,48.526,-72.22,321.0,CA-QC,Roberval,no,,,
CA-1164,closed,Scandium City Heliport,69.355287,-138.93931,4.0,CA-YT,(Old) Scandium City,no,,,
CA-1165,closed,Mt Logan Airstrip,60.79299,-138.694027,1997.0,CA-YT,Unorganized Yukon,no,,,
CA-1166,closed,Yukonia Airstrip,60.673158,-125.266799,1886.0,CA-YT,(Old) Yukonia,no,,,
CA-1167,closed,Croker River Airport,69.290565,-119.174259,,CA-NU,,no,,,
CA-1168,closed,Washago Aerodrome,44.740439,-79.361866,749.0,CA-ON,Washago,no,,,
CA-1169,closed,Quebec Police Heliport,45.395527,-71.944764,617.0,CA-QC,Sherbrooke,no,,,
CA-1170,closed,Hull/Quebec Police Heliport,45.466877,-75.741586,180.0,CA-QC,Ottawa-Gatineau(Hull),no,,,
CA-1171,small_airport,Herschel Island Field,69.548229,-139.091608,19.0,CA-YT,Herschel Island (Yukon Territory),no,,,ZHZH
CA-1172,small_airport,Penfold Airstrip,52.767722,-120.749134,3642.0,CA-BC,,no,,,CYWB
CA-1173,closed,Vernon Airport,45.126803,-75.468993,,CA-ON,Ottawa,no,,,
CA-1174,closed,Beaver Mines Airstrip,49.46436,-114.17937,4167.0,CA-AB,Beaver Mines,no,,,
CA-1175,heliport,Vaughan Smart Centres Helipad,43.796453,-79.539267,,CA-ON,Vaughan,no,,,
CA-1176,heliport,Eagle's Nest Golf Club Helipad,43.866408,-79.492258,,CA-ON,Maple,no,,,
CA-1177,heliport,York Region EMS HQ Helipad,44.081187,-79.396305,,CA-ON,Sharon,no,,,
CA-1178,heliport,Polson Pier Helipad,43.641681,-79.35605,,CA-ON,Toronto,no,,,
CA-1179,small_airport,Cassiar Aerodrome,59.277137,-129.805044,3618.0,CA-BC,Cassiar,no,,,AU9
CA-1180,small_airport,Flint Field,45.146027,-76.119161,,CA-ON,Carleton Place,no,,,
CA-1181,small_airport,Fumerton Field,45.172597,-76.063392,,CA-ON,Carleton Place,no,,,
CA-1182,closed,Ruissellet Rd Strip,45.408781,-75.310893,,CA-ON,Sarsfield,no,,,
CA-1183,closed,Russell (South) Airfield,45.247216,-75.348712,,CA-ON,Russell,no,,,
CA-1184,closed,Piperville Airfield,45.329039,-75.519118,,CA-ON,Ottawa,no,,,
CA-1185,small_airport,Kenmore Aerodrome,45.22845,-75.425177,,CA-ON,Kenmore,no,,,
CA-1186,small_airport,Hicks Field,44.997127,-75.717216,,CA-ON,Kemptville,no,,,
CA-1187,seaplane_base,Tweed Water Aerodrome,44.4667,-77.3,453.0,CA-ON,Tweed,no,,,NE8
CA-1188,closed,National Defence Medical Centre Heliport,45.402318,-75.656946,,CA-ON,Ottawa,no,,,
CA-1189,closed,CFS Carp (Diefenbunker) Helipad,45.351414,-76.047996,348.0,CA-ON,Carp,no,,,
CA-1190,closed,Campbellford Airfield,44.327118,-77.841268,761.0,CA-ON,Campbellford,no,,,
CA-1191,closed,Perth Airport,44.886891,-76.239882,459.0,CA-ON,Perth,no,,,
CA-1192,small_airport,Burritts Rapids Private Strip,44.981549,-75.777737,302.0,CA-ON,Burritts Rapids,no,,,
CA-1193,small_airport,Merrickville Private Strip,44.950919,-75.797768,348.0,CA-ON,Merrickville,no,,,
CA-1194,closed,Port Elmesley Private Strip,44.893089,-76.087039,420.0,CA-ON,Smiths Falls,no,,,
CA-1195,closed,Northbrook Airport,44.736277,-77.152133,850.0,CA-ON,Northbrook,no,,,
CA-1196,closed,Oxford Mills Aerodrome,44.95262,-75.688012,328.0,CA-ON,Oxford Mills,no,,,
CA-1197,closed,Oxford Mills Private Strip,44.936764,-75.705028,348.0,CA-ON,Oxford Mills,no,,,
CA-1198,closed,Patterson's Corners Private Strip,44.923973,-75.658797,,CA-ON,Oxford Mills,no,,,
CA-1199,closed,Ferris Farm Private Airstrip,45.432943,-75.896387,400.0,CA-QC,Gatineau,no,,,
CA-1200,closed,RCAF Station St. Eugene,45.487455,-74.472027,185.0,CA-ON,Saint Eugene,no,,,
CA-1201,small_airport,Platinum Park Airport,44.196333,-79.763,985.0,CA-ON,Cookstown,no,CRJ2,,CRJ2
CA-1202,closed,Lakeview Farm (Ottawa Gliding Club) Field,45.347802,-75.807853,,CA-ON,Ottawa,no,,,
CA-1203,closed,Mulvihill Farm (Gatineau Gliding Club) Field,45.471266,-75.858192,,CA-QC,Gatineau,no,,,
CA-1204,small_airport,Grey's Creek Private Airstrip,45.208588,-75.521221,,CA-ON,Ottawa,no,,,
CA-1205,small_airport,Devereaux Rd Farm Strip,45.204507,-75.496395,,CA-ON,Ottawa,no,,,
CA-1206,closed,Avonmore Aerodrome,45.16753,-74.959266,,CA-ON,Avonmore,no,,,
CA-1207,closed,St Andrews West Aerodrome,45.092323,-74.822237,,CA-ON,Cornwall,no,,,
CA-1208,closed,Dixon Aerodrome,45.089186,-74.993083,,CA-ON,Dixon,no,,,
CA-1209,closed,McMillans Corners Aerodrome,45.155381,-74.879637,,CA-ON,,no,,,
CA-1210,small_airport,Williamsburg (South) Aerodrome,44.955296,-75.207553,,CA-ON,Williamsburg,no,,,
CA-1211,small_airport,Williamsburg (North) Farm Strip,44.991572,-75.262721,,CA-ON,Williamsburg,no,,,
CA-1212,closed,South Mountain Aerodrome,44.999616,-75.434232,,CA-ON,,no,,,
CA-1213,closed,Inkerman Private Aerodrome,45.031182,-75.388978,,CA-ON,,no,,,
CA-1214,closed,Gananoque (Clark's Marina) Aerodrome,44.31948,-76.209143,-1.0,CA-ON,Gananoque,no,,,
CA-1215,closed,Lac des Plages Aerodrome,46.012074,-74.903326,,CA-QC,,no,,,
CA-1216,seaplane_base,Comak Landing Water Aerodrome,45.154,-78.833,1087.0,CA-ON,Nora Lake,no,CNL7,,CNL7
CA-1217,small_airport,Truway Field,44.229668,-79.568575,840.0,CA-ON,Churchill,no,CKS3,,CKS3
CA-1218,seaplane_base,Tête-à-la-Baleine Water Aerodrome,50.695,-59.32,0.0,CA-QC,Tête-à-la-Baleine,no,,,ZTB
CA-1219,small_airport,Portland / Red Neck Air Force Field,44.739181,-76.145757,,CA-ON,,no,,,
CA-1220,small_airport,Hawkesbury / L'Ange Gardien Farm Field,45.597224,-74.733381,,CA-ON,Hawkesbury,no,,,
CA-1221,closed,Perth / Harper Field,44.91814,-76.336184,,CA-ON,Perth,no,,,
CA-1222,closed,McDonalds Corners Airstrip,44.952552,-76.545482,,CA-ON,,no,,,
CA-1223,small_airport,Lavant Private Field,45.044358,-76.649895,,CA-ON,,no,,,
CA-1224,small_airport,Ompah Airport,44.999644,-76.881895,,CA-ON,,no,,,
CA-1225,closed,Fernleigh Field,44.878088,-76.997337,,CA-ON,,no,,,
CA-1226,heliport,North Frontenac Astronomy Park Heliport,44.917592,-76.938844,,CA-ON,,no,,,
CA-1227,closed,Irvine Lake Airport,45.027041,-77.264078,,CA-ON,,no,,,
CA-1228,closed,Griffith Field,45.206806,-77.155073,,CA-ON,,no,,,
CA-1229,closed,Beachburg Airport,45.697577,-76.837821,,CA-ON,Beachburg,no,,,
CA-1230,closed,Northbrook (West) Airstrip,44.735302,-77.171187,,CA-ON,Northbrook,no,,,
CA-1231,small_airport,Eton Rugby Airport,49.874338,-92.956953,,CA-ON,Dryden,no,,,
CA-1232,closed,La Guadeloupe Airport,45.981128,-70.942798,,CA-QC,La Guadeloupe,no,,,
CA-1233,closed,Frampton Aerodrome,46.509277,-70.821927,,CA-QC,Frampton,no,,,
CA-1234,closed,Ste Therese Airport,45.698964,-73.806517,,CA-QC,Montreal,no,,,
CA-1235,small_airport,Cedar Hill Aerodrome,45.276683,-76.327021,,CA-ON,Almonte,no,,,
CA-1236,small_airport,Morrinville Farm Airstrip,53.749288,-113.64923,2294.0,CA-AB,Morrinville,no,,,
CA-1237,small_airport,Val Morin Airstrip,45.991983,-74.19194,1453.0,CA-QC,Val Morin,no,,,
CA-1239,seaplane_base,Shelburne Water Aerodrome,43.758,-65.323,,CA-NS,Shelburne,no,,,CM2
CA-1240,small_airport,Dominion Airpark,46.640245,-81.03301,740.0,CA-ON,Hanmer,no,,,
CA-1241,heliport,Grouse Mountain Helipad,49.37898,-123.0819,,CA-BC,Vancouver,no,,,
CA-1242,heliport,Valley Helicopters,49.366388,-121.479145,,CA-BC,Hope,no,,,
CA-1243,heliport,Kestrel Helicopters,49.31076,-124.34637,,CA-BC,Parksville,no,,,
CA-1244,heliport,HMCS Cornwallis,44.657075,-65.632571,,CA-NS,Cornwallis,no,,,
CA-1245,small_airport,Dave Carlaw Strip,44.41223,-78.04436,,CA-ON,Norwood,no,,,
CA-1246,small_airport,London Soaring Society,43.153469,-80.950431,,CA-ON,Embro,no,,,
CA-1247,seaplane_base,Port Neville Seaplane Dock,50.492163,-126.089272,,CA-BC,,no,,,
CA-1248,seaplane_base,McLeod Bay Dock,50.469442,-125.977521,,CA-BC,,no,,,01BC
CA-1249,small_airport,Fort Conger Airstrip,81.754925,-64.824958,15.0,CA-NU,Qikiqtaaluk Region,no,,,CA1249
CA-1250,small_airport,Lake Hazen Airstrip,81.823025,-71.360321,10.0,CA-NU,Qikiqtaaluk Region,no,,,CA1250
CA-1251,small_airport,McGill Arctic Research Station (MARS),79.41596,-90.761018,,CA-NU,Axel Heiberg Island,no,,,
CA-1252,small_airport,Ward Hunt Island Airport,83.091029,-74.138317,,CA-NU,Qikiqtaaluk Region,no,,,CA1252
CA-1253,closed,Bigwin Island Airfield,45.247094,-79.022169,,CA-ON,Bigwin,no,,,
CA-1254,small_airport,Milton Rd Private Airstrip,45.373015,-75.413418,,CA-ON,Navan,no,,,
CA-1255,heliport,Ompah Heliport,45.008125,-76.842778,,CA-ON,Ompah,no,,,
CA-1256,small_airport,St-Thomas,46.007039,-73.382707,100.0,CA-QC,Joliette,no,,,CJO2
CA-1257,heliport,Mirabel Private Helipad,45.607016,-74.053366,,CA-QC,Montreal,no,,,
CA-1258,small_airport,Belle Riviere Private Field,45.607133,-74.125056,,CA-QC,Montreal,no,,,
CA-1259,small_airport,Bathurst Inlet Airport,66.836865,-108.011278,36.0,CA-NU,Bathurst Inlet/Qingaut,no,,,
CA-1260,closed,Ascot Corner Field,45.473863,-71.763586,,CA-QC,Sherbrooke,no,,,
CA-1261,small_airport,Trotter Field,44.728336,-78.750579,1039.0,CA-ON,Norland,no,,,CNR5
CA-1262,closed,Victoria Road Airstrip,44.589886,-78.873425,,CA-ON,Victoria Road,no,,,
CA-1263,small_airport,Oakwood Field,44.336373,-78.911855,920.0,CA-ON,Oakwood,no,COK3,,COK3
CA-1264,small_airport,Gotz Farm Field,45.100305,-79.432955,,CA-ON,Bracebridge,no,,,CBG3
CA-1265,small_airport,Jackson's Point Private Field,44.276332,-79.375062,,CA-ON,Baldwin,no,,,
CA-1266,small_airport,Sutton West Field,44.255929,-79.382529,,CA-ON,Baldwin,no,,,
CA-1267,closed,Granby Airport,45.413572,-72.687349,,CA-QC,Granby,no,,,
CA-1268,closed,Granby Ouest Airfield,45.418304,-72.819657,,CA-QC,Granby,no,,,
CA-1269,closed,Granby Airfield,45.346475,-72.83309,,CA-QC,Granby,no,,,
CA-1270,seaplane_base,Chute-Saint-Philippe Water Aerodrome,46.6505,-75.2372,807.0,CA-QC,Chute-Saint-Philippe,no,,,SS6
CA-1271,small_airport,Baie St Paul Field,47.432096,-70.494132,13.0,CA-QC,Baie St Paul,no,,,
CA-1272,small_airport,Ted Smith Farm,51.383057,-114.199412,,CA-AB,Crossfield,no,,,
CA-1273,small_airport,New Woodlands Airport,50.158947,-97.59128,820.0,CA-MB,Warren,no,,,
CA-1274,closed,Provincial Motorgliding and Soaring Association Field,43.893822,-78.740467,,CA-ON,Oshawa,no,,,
CA-1275,closed,Pioneer Soaring Club Field,44.161764,-79.795675,,CA-ON,Alliston,no,,,
CA-1276,closed,Erin Soaring Society Field,43.766379,-80.040464,,CA-ON,Erin,no,,,
CA-1277,closed,Caledon Gliding Club Field,43.80734,-80.062308,,CA-ON,Caledon,no,,,
CA-1278,closed,Huronia Soaring Association Field,44.760874,-80.098014,,CA-ON,Lafontaine,no,,,
CA-1279,closed,Algoma Soaring Club Field,46.356226,-84.036055,,CA-ON,Desbarats,no,,,
CA-1280,small_airport,Pineview Airpark,48.393357,-89.583796,,CA-ON,Kakabeka Falls,no,,,
CA-1281,closed,Red River Soaring Association Field,49.540804,-97.092018,,CA-MB,Ste Agathe,no,,,
CA-1282,closed,Pigeon Lake Airport,49.978024,-97.666225,,CA-MB,Pigeon Lake,no,,,
CA-1283,closed,Port Alberni Airport,49.25992,-124.832475,,CA-BC,Port Alberni,no,,,
CA-1284,closed,Central Ontario Soaring Association Field,44.308833,-78.560915,,CA-ON,Omemee,no,,,
CA-1285,closed,Bethanie Airport,45.510019,-72.433634,,CA-QC,Roxton Falls,no,,,
CA-1286,small_airport,Roxton Falls Airport,45.583343,-72.530494,,CA-QC,Roxton Falls,no,,,
CA-1287,closed,Beaver Valley Soaring Field,44.589428,-80.537167,,CA-ON,Meaford,no,,,
CA-1288,closed,St-Eugene Airport,45.790509,-72.66425,,CA-QC,Saint-Eugène-de-Grantham,no,,,
CA-1289,small_airport,Guelph Private Field,43.5851,-80.330594,,CA-ON,Guelph,no,,,
CA-1290,small_airport,Lloyd Lake,57.341878,-109.02669,1000.0,CA-SK,,no,,,
CA-1293,closed,Orillia-Mara Airport,44.606049,-79.33485,,CA-ON,Orillia,no,,,
CA-1294,closed,Brown Bear Airstrip,55.801703,-128.878834,,CA-BC,Van Dyke Camp,no,,,
CA-1295,closed,Burns Lake Water Aerodrome,54.228,-125.771,2297.0,CA-BC,Burns Lake,no,,,
CA-1296,heliport,Elie Acres Heliport,48.56,-123.602833,1010.0,CA-BC,Shawnigan Lake,no,CLE3,,CLE3
CA-1297,small_airport,Spencerville STOLport (Private Aerodrome),44.857894,-75.532537,295.0,CA-ON,Spencerville,no,,,CSV5
CA-CAB5,heliport,Abbotsford (Regional Hospital & Cancer Centre) Heliport,49.0361500085,-122.314048558,287.0,CA-BC,Abbotsford,no,CAB5,,CAB5
CAA2,small_airport,St. André-Avellin Aerodrome,45.744319,-75.070267,550.0,CA-QC,St. Andre Avellin,no,CAA2,,CAA2
CAA3,heliport,Westlock Healthcare Centre Heliport,54.1466,-113.854998,2153.0,CA-AB,Westloc,no,CAA3,,CAA3
CAA4,small_airport,Saint-Apollinaire (Airpro) Aerodrome,46.586944,-71.561111,380.0,CA-QC,Saint-Apollinaire,no,CAA4,,CAA4
CAA5,seaplane_base,Zeballos Seaplane Base,49.9778,-126.8445,0.0,CA-BC,Zeballos,no,CAA5,,CAA5
CAA6,heliport,Smithers (Canadian) Heliport,54.772295,-127.141599,1600.0,CA-BC,Smithers,no,CAA6,,CAA6
CAA7,seaplane_base,Gilford Island/Echo Bay Seaplane Base,50.766701,-126.483002,,CA-BC,Gilford Island,yes,CAA7,,CAA7
CAA8,small_airport,Invermere Airport,50.521502,-116.005775,2820.0,CA-BC,Invermere,no,CAA8,,CAA8
CAA9,seaplane_base,Port Alberni/Sproat Lake Seaplane Base,49.2891524507,-124.937746525,95.0,CA-BC,Sproat Lake,no,CAA9,,CAA9
CAB3,seaplane_base,Bedwell Harbour Seaplane Base,48.75,-123.233002,,CA-BC,Bedwell Harbour,yes,CAB3,YBW,CAB3
CAB4,seaplane_base,Tofino Harbour Seaplane Base,49.155,-125.91,,CA-BC,Tofino,yes,CAB4,YTP,CAB4
CAB7,heliport,Alpine Heliport,49.8636,-119.568045,1640.0,CA-BC,West Kelowna,no,CAB7,CBA,CAB7
CAC6,heliport,Calgary (Alberta Children's Hospital) Heliport,51.075826,-114.147708,3670.0,CA-AB,Calgary,no,CAC6,,CAC6
CAC8,seaplane_base,Nanaimo Harbour Water Aerodrome,49.169813,-123.933845,,CA-BC,Nanaimo,yes,CAC8,ZNA,CAC8
CAC9,seaplane_base,Stewart Seaplane Base,55.916698,-130.0,,CA-BC,Stewart,no,CAC9,,CAC9
CAD2,heliport,Allan Dale Residence Heliport,52.2699,-113.6974,3248.0,CA-AB,Red Deer,no,CAD2,,CAD2
CAD3,heliport,Allan Dale Trailers & RV Heliport,52.308801,-113.8633,2930.0,CA-AB,Red Deer,no,CAD3,,CAD3
CAD4,small_airport,Trail Regional Airport,49.055599,-117.609001,1427.0,CA-BC,Trail,yes,CAD4,YZZ,CAD4
CAD5,small_airport,Merritt Airport,50.122504,-120.745368,2080.0,CA-BC,Merritt,no,CAD5,YMB,CAD5
CAD6,seaplane_base,Atlin Seaplane Base,59.5666999817,-133.716995239,2190.0,CA-BC,Atlin,no,CAD6,,CAD6
CAD7,seaplane_base,Gilford Island/Health Bay Seaplane Base,50.7000007629,-126.599998474,0.0,CA-BC,Gilford Island,no,CAD7,,CAD7
CAD8,seaplane_base,Nelson Seaplane Base,49.5,-117.300003052,1740.0,CA-BC,Nelson,no,CAD8,,CAD8
CAD9,small_airport,Norwood Dale Field,44.52616,-79.631277,1214.0,CA-ON,Coulson,no,CAD9,,CAD9
CAE2,heliport,Cranbrook (East Kootenay Regional Hospital) Heliport,49.51250076293945,-115.75,3050.0,CA-BC,Cranbrook,no,CAE2,,CAE2
CAE3,seaplane_base,Campbell River Seaplane Base,50.049999,-125.25,,CA-BC,Campbell River,yes,CAE3,YHH,CAE3
CAE5,seaplane_base,Whistler/Green Lake Water Aerodrome,50.1436004639,-122.948997498,2100.0,CA-BC,Whistler,yes,CAE5,YWS,CAE5
CAE7,seaplane_base,Harrison Hot Springs Seaplane Base,49.3048530057,-121.785936356,34.0,CA-BC,Harrison Hot Springs,no,CAE7,,CAE7
CAE9,seaplane_base,Bamfield Seaplane Base,48.835967,-125.137453,,CA-BC,Bamfield,yes,CAE9,YBF,CAE9
CAF2,small_airport,Cayuga East Airport,42.960301,-79.788,644.0,CA-ON,Cayuga,no,CAF2,,CAF2
CAF4,small_airport,Tsuniah Lake Lodge Airport,51.526371,-124.163961,4000.0,CA-BC,Cariboo,no,CAF4,,CAF4
CAF6,seaplane_base,Big Bay Seaplane Base,50.3923,-125.1372,,CA-BC,Stuart Island,yes,CAF6,YIG,CAF6
CAF8,seaplane_base,Nimpo Lake Seaplane Base,52.327,-125.145,3665.0,CA-BC,Nimpo Lake,no,CAF8,,CAF8
CAG3,small_airport,Chilko Lake (Tsylos Park Lodge) Airport,51.625797,-124.144478,3850.0,CA-BC,Chilko Lake,no,CAG3,CJH,CAG3
CAG4,small_airport,Agro 1 Airstrip,50.3175,-113.257778,3399.0,CA-AB,Vulcan,no,CAG4,,CAG4
CAG6,seaplane_base,Blind Channel Seaplane Base,50.416698,-125.5,0.0,CA-BC,,no,CAG6,,CAG6
CAG8,seaplane_base,Pender Harbour Seaplane Base,49.623785,-124.024884,,CA-BC,Sunshine Coast,no,CAG8,YPT,CAG8
CAG9,seaplane_base,Surge Narrows Seaplane Base,50.219679,-125.125596,,CA-BC,Surge Narrows,no,CAG9,,CAG9
CAH2,seaplane_base,Ocean Falls Seaplane Base,52.3666992188,-127.717002869,0.0,CA-BC,Ocean Falls,no,CAH2,ZOF,CAH2
CAH3,small_airport,Courtenay Airpark,49.679237,-124.98064,26.0,CA-BC,Courtenay,no,CAH3,YCA,CAH3
CAH4,small_airport,Valemount Airport,52.852736,-119.336266,2615.0,CA-BC,Valemount,no,CAH4,,CAH4
CAH5,heliport,Ascent Helicopters Heliport,49.311667,-124.370333,261.0,CA-BC,Parksville,no,CAH5,,CAH5
CAH7,seaplane_base,Kamloops Water Aerodrome,50.698499,-120.431862,1129.0,CA-BC,Kamloops,no,CAH7,,CAH7
CAH9,seaplane_base,Telegraph Creek Seaplane Base,57.9071,-131.18946,1129.0,CA-BC,Telegraph Creek,no,CAH9,,CAH9
CAJ2,small_airport,Wiley Airport,66.49109649658203,-136.572998046875,2365.0,CA-YT,Eagle Plains,no,CAJ2,,CAJ2
CAJ3,small_airport,Creston Valley Regional Airport - Art Sutcliffe Field,49.03689956665,-116.49800109863,2070.0,CA-BC,Creston,no,CAJ3,CFQ,CAJ3
CAJ4,medium_airport,Anahim Lake Airport,52.451501,-125.303776,3635.0,CA-BC,Anahim Lake,yes,CAJ4,YAA,CAJ4
CAJ5,small_airport,PR Ajax Airfield,43.906883,-79.04711,431.0,CA-ON,Ajax,no,CAJ5,,CAJ5
CAJ7,small_airport,A J Flying Ranch Airport,50.453887,-113.747191,3450.0,CA-AB,Cayley,no,CAJ7,,CAJ7
CAJ8,seaplane_base,Pitt Meadows Seaplane Base,49.209215,-122.709646,6.0,CA-BC,,yes,CAJ8,,CAJ8
CAJ9,small_airport,Fort Ware Airport,57.427857,-125.648189,2450.0,CA-BC,Fort Ware,yes,CAJ9,,CAJ9
CAK3,small_airport,Delta Heritage Air Park,49.0774,-122.941002,10.0,CA-BC,Delta,no,CAK3,,CAK3
CAK6,seaplane_base,Camp Cordero Seaplane Base,50.446694,-125.453785,0.0,CA-BC,,no,CAK6,,CAK6
CAK7,heliport,Vancouver (Children & Women's Health Centre) Heliport,49.2438419064,-123.127095848,225.0,CA-BC,Vancouver,no,CAK7,,CAK7
CAL2,heliport,Arrow Lakes Hospital Heliport,50.238378,-117.795043,1515.0,CA-BC,Nakusp,no,CAL2,,CAL2
CAL3,small_airport,Douglas Lake Airport,50.1654600485,-120.171273351,2770.0,CA-BC,Douglas Lake,no,CAL3,DGF,CAL3
CAL4,small_airport,Fort MacKay/Albian Aerodrome,57.2238998413,-111.418998718,1048.0,CA-AB,Albian Village,no,CAL4,JHL,CAL4
CAL6,heliport,Prince Albert (Fire Centre) Heliport,53.228574,-105.755736,1476.0,CA-SK,Prince Albert,no,CAL6,,CAL6
CAL7,heliport,Ganges (Lady Minto / Gulf Islands Hospital) Heliport,48.862529,-123.508717,148.0,CA-BC,Ganges,no,CAL7,,CAL7
CAL9,seaplane_base,Tahsis Seaplane Base,49.92,-126.655,0.0,CA-BC,Tahsis,no,CAL9,ZTS,CAL9
CAM3,small_airport,Duncan Airport,48.754534,-123.709702,300.0,CA-BC,Duncan,no,CAM3,DUQ,CAM3
CAM4,small_airport,Alhambra / Ahlstrom Airport,52.346194,-114.667525,3212.0,CA-AB,Alhambra,no,CAM4,,CAM4
CAM5,small_airport,Houston Airport,54.440299,-126.780023,2150.0,CA-BC,Houston,no,CAM5,,CAM5
CAM8,seaplane_base,Port McNeill Seaplane Base,50.592231,-127.088385,,CA-BC,,no,CAM8,,CAM8
CAM9,seaplane_base,Vancouver International Seaplane Base,49.177047,-123.168154,0.0,CA-BC,Vancouver,yes,CAM9,,CAM9
CAN3,seaplane_base,Ucluelet Seaplane Base,48.950003,-125.550005,,CA-BC,Ucluelet,yes,CAN3,,CAN3
CAN5,small_airport,Allan Airport,51.765166,-106.066752,1950.0,CA-SK,,no,CAN5,,CAN5
CAN6,seaplane_base,Prince Rupert/Digby Island Seaplane Base,54.313646,-130.405058,0.0,CA-BC,Prince Rupert,no,CAN6,,CAN6
CAP3,small_airport,Sechelt-Gibsons Airport,49.4606018066,-123.71900177,340.0,CA-BC,Sechelt,no,CAP3,YHS,CAP3
CAP5,seaplane_base,Victoria Airport Water Aerodrome,48.653892,-123.450451,,CA-BC,Victoria,yes,CAP5,,CAP5
CAP6,small_airport,Ingenika Airport,56.790599823,-124.897003174,2230.0,CA-BC,Ingenika,no,CAP6,,CAP6
CAP7,seaplane_base,Kitkatla Seaplane Base,53.7999992371,-130.432998657,,CA-BC,Kitkatla,no,CAP7,YKK,CAP7
CAP8,seaplane_base,Port Washington Seaplane Base,48.812,-123.321,,CA-BC,Port Washington,yes,,,
CAP9,small_airport,Appleton Field,50.9904,-113.3703,3080.0,CA-AB,Strathmore,no,CAP9,,CAP9
CAQ3,seaplane_base,Coal Harbour Seaplane Base,50.597378,-127.57865,0.0,CA-BC,Coal Harbour,no,CAQ3,,CAQ3
CAQ4,small_airport,Springhouse Airpark,51.954881,-122.140045,3250.0,CA-BC,Springhouse,no,CAQ4,,CAQ4
CAQ5,small_airport,Nakusp Airport,50.26639938354492,-117.81300354003906,1689.0,CA-BC,Nakusp,no,CAQ5,,CAQ5
CAQ6,seaplane_base,Queen Charlotte City Seaplane Base,53.25282,-132.074214,,CA-BC,Queen Charlotte,no,CAQ6,ZQS,CAQ6
CAQ8,seaplane_base,Powell Lake Seaplane Base,49.887335,-124.53372,174.0,CA-BC,Powell River,yes,CAQ8,WPL,CAQ8
CAR4,small_airport,Cameron/Arbour Airfield,44.481964,-78.73558,853.0,CA-ON,Cameron,no,CAR4,,
CAR5,small_airport,Arthur South Airport,43.782385,-80.433927,1530.0,CA-ON,Arthur,no,CAR5,,CAR5
CAR7,seaplane_base,Kyuquot Seaplane Base,50.02803,-127.374427,,CA-BC,,no,CAR7,,CAR7
CAR9,seaplane_base,Bella Bella/Waglisla Seaplane Base,52.166698,-128.132994,,CA-BC,,no,CAR9,,CAR9
CAS2,small_airport,Moose Lake Lodge Airport,53.073803,-125.408358,3500.0,CA-BC,Anahim Lake,no,CAS2,,CAS2
CAS4,seaplane_base,Fort Langley Seaplane Base,49.166698,-122.532997,10.0,CA-BC,Fort Langley,no,CAS4,,CAS4
CAS5,heliport,Aerosmith Heli Service Heliport,49.3074,-124.413302,282.0,CA-BC,Qualicum Beach,no,CAS5,,CAS5
CAS6,seaplane_base,Casselman / Nation River Seaplane Base,45.286239,-75.129619,197.0,CA-ON,Casselman,no,CAS6,,CAS6
CAT1,small_airport,Atwood / Coghlin Airport,43.6833000183,-81.00440216060001,1215.0,CA-ON,Atwood,no,CAT1,,CAT1
CAT3,seaplane_base,Nanaimo/Long Lake Seaplane Base,49.209538,-124.008982,390.0,CA-BC,Nanaimo,no,CAT3,,CAT3
CAT4,medium_airport,Qualicum Beach Airport,49.337456,-124.393086,191.0,CA-BC,Qualicum Beach,yes,CAT4,XQU,CAT4
CAT5,small_airport,Port McNeill Airport,50.57348,-127.027702,225.0,CA-BC,Port McNeill,yes,CAT5,YMP,CAT5
CAT6,heliport,Campbell River (Campbell River & District General Hospital) Heliport,50.008556,-125.242845,228.0,CA-BC,Campbell River,no,CAT6,,CAT6
CAT7,seaplane_base,Lasqueti Island/False Bay Seaplane Base,49.5,-124.349998,,CA-BC,,no,CAT7,,CAT7
CAU3,small_airport,Oliver Airport,49.173301696777344,-119.5510025024414,1015.0,CA-BC,Oliver,no,CAU3,,CAU3
CAU4,small_airport,Vanderhoof Airport,54.051607,-124.010804,2225.0,CA-BC,Vanderhoof,no,CAU4,,CAU4
CAU6,seaplane_base,Gold River Seaplane Base,49.679217,-126.116203,0.0,CA-BC,Gold River,no,CAU6,,CAU6
CAU8,seaplane_base,Rivers Inlet Seaplane Base,51.683985,-127.264044,,CA-BC,Rivers Inlet,no,CAU8,YRN,CAU8
CAV3,small_airport,One Hundred Mile House Airport,51.64250183105469,-121.30699920654295,3055.0,CA-BC,One Hundred Mile House,no,CAV3,,CAV3
CAV4,small_airport,McBride Airport/Charlie Leake Field,53.314999,-120.170998,2350.0,CA-BC,McBride,no,CAV4,,CAV4
CAV5,seaplane_base,Sullivan Bay Seaplane Base,50.885359,-126.831069,,CA-BC,Sullivan Bay,yes,CAV5,YTG,CAV5
CAV6,small_airport,Beausejour/Av-Ranch Airpark,50.041111,-96.585833,800.0,CA-MB,Beausejour,no,CAV6,,CAV6
CAV7,seaplane_base,Mansons Landing Seaplane Base,50.07137,-124.98362,,CA-BC,Mansons Landing,no,CAV7,YMU,CAV7
CAV8,seaplane_base,Shawnigan Lake Seaplane Base,48.633301,-123.633003,380.0,CA-BC,,no,CAV8,,CAV8
CAV9,small_airport,Oak Hammock Air Park,50.142053,-97.061148,755.0,CA-MB,Saint Andrews,no,CAV9,,CAV9
CAW3,small_airport,Scum Lake Airport,51.795375,-123.5816,3950.0,CA-BC,Scum Lake,no,,,
CAW4,heliport,Whistler (Hospital) Heliport,50.120253,-122.954679,2182.0,CA-BC,Whistler,no,CAW4,,CAW4
CAW5,seaplane_base,Port Hardy Seaplane Base,50.716702,-127.483002,,CA-BC,Port Hardy,no,CAW5,,CAW5
CAW6,seaplane_base,Fort Ware Seaplane Base,57.4236,-125.6442,2480.0,CA-BC,,no,CAW6,,CAW6
CAW7,seaplane_base,Mayne Island Seaplane Base,48.852241,-123.301982,,CA-BC,Miners Bay,yes,,YAV,
CAW8,seaplane_base,Bella Bella/Shearwater Seaplane Base,52.150002,-128.08299,0.0,CA-BC,Bella Bella,no,CAW8,YSX,CAW8
CAW9,seaplane_base,Whaletown Seaplane Base,50.108504,-125.051001,0.0,CA-BC,,no,CAW9,,CAW9
CAX2,small_airport,Axe Lake Aerodrome,57.269165,-109.847504,1758.0,CA-SK,Axe Lake,no,CAX2,,CAX2
CAX3,seaplane_base,Sechelt/Porpoise Bay Water Aerodrome,49.483,-123.7577,,CA-BC,Sechelt,yes,,,
CAX5,small_airport,Likely Airport,52.61297,-121.507748,3225.0,CA-BC,Likely,no,CAX5,,CAX5
CAX6,seaplane_base,Ganges Seaplane Base,48.8545,-123.4969,0.0,CA-BC,Salt Spring Island,yes,CAX6,YGG,CAX6
CAX7,seaplane_base,Minstrel Island Seaplane Base,50.608299,-126.306038,,CA-BC,Minstrel Island/Lagoon Cove,yes,,,
CAX8,seaplane_base,Smithers/Tyhee Lake Seaplane Base,54.716702,-127.050005,1640.0,CA-BC,Smithers,no,CAX8,,CAX8
CAY4,seaplane_base,Hartley Bay Seaplane Base,53.416698,-129.25,0.0,CA-BC,Hartley Bay,no,CAY4,YTB,CAY4
CAY5,small_airport,Sargeant Private Airfield,43.305173,-80.499759,970.0,CA-ON,Ayr,no,CAY5,,
CAY9,seaplane_base,Winfield (Wood Lake) Seaplane Base,50.049999,-119.400002,1283.0,CA-BC,,no,CAY9,,CAY9
CAZ3,seaplane_base,Takla Landing Seaplane Base,55.484,-125.987,2260.0,CA-BC,Takla Landing,no,CAZ3,,CAZ3
CAZ4,heliport,Quesnel (G.R. Baker Memorial Hospital) Heliport,52.9826679166,-122.500758469,1600.0,CA-BC,Quesnel,no,CAZ4,,CAZ4
CAZ5,medium_airport,Cache Creek-Ashcroft Regional Airport,50.775258,-121.321314,2034.0,CA-BC,Cache Creek,no,CAZ5,YZA,CAZ5
CAZ6,seaplane_base,Fort St. James/Stuart River Seaplane Base,54.419,-124.271,2238.0,CA-BC,Fort St. James,no,CAZ6,,CAZ6
CBA3,seaplane_base,Kincolith Seaplane Base,54.99,-129.96,0.0,CA-BC,,no,CBA3,,CBA3
CBA6,seaplane_base,Bala/Muskoka Float Flying Club Seaplane Base,45.0355,-79.555333,739.0,CA-ON,Bala,no,CBA6,,CBA6
CBA7,small_airport,Butler Airfield,42.916333,-82.206333,650.0,CA-ON,Petrolia,no,CBA7,,CBA7
CBA8,small_airport,Beaverley Airport,53.85559844970703,-122.90799713134766,2420.0,CA-BC,Beaverley,no,CBA8,,CBA8
CBA9,small_airport,Ospika Airport,56.271002,-124.063282,2300.0,CA-BC,Ospika,yes,CBA9,,CBA9
CBB3,seaplane_base,Lake Muskoka/Boyd Bay Seaplane Base,45.0505,-79.409002,742.0,CA-ON,Lake Muskoka,no,CBB3,,CBB3
CBB4,heliport,Beddis Beach Helipad,48.79997,-123.4236,717.0,CA-BC,Strait of Georgia,no,CBB4,,CBB4
CBB5,heliport,Port Alice (Hospital) Heliport,50.425754,-127.488595,50.0,CA-BC,Port Alice,no,CBB5,,CBB5
CBB6,small_airport,Bowser Aerodrome,56.395182,-129.945021,1452.0,CA-BC,Brucejack Mine,no,CBB6,,CBB6
CBB8,heliport,Ste-Barbe Heliport,45.17681,-74.219633,150.0,CA-QC,Sainte-Barbe,no,CBB8,,CBB8
CBB9,small_airport,Osoyoos Airport,49.0372009277,-119.488998413,1100.0,CA-BC,Osoyoos,no,CBB9,,CBB9
CBBC,medium_airport,Bella Bella (Campbell Island) Airport,52.185001,-128.156994,141.0,CA-BC,Bella Bella,yes,CBBC,ZEL,CBBC
CBC2,small_airport,Ford Bay Airport,66.0374984741211,-124.71499633789062,673.0,CA-NT,Ford Bay,no,CBC2,,CBC2
CBC3,seaplane_base,Alert Bay Seaplane Base,50.583302,-126.932999,,CA-BC,,no,CBC3,,CBC3
CBC4,heliport,Kamloops (Royal Inland Hospital) Heliport,50.66903,-120.333002,1349.0,CA-BC,Kamloops,no,CBC4,,CBC4
CBC6,heliport,Calgary / Blue-Con Heliport,50.996964,-113.893889,3440.0,CA-AB,Calgary,no,CBC6,,CBC6
CBC7,heliport,Harbour (Public) Heliport,49.286892,-123.106112,2.0,CA-BC,Vancouver,yes,CBC7,,CBC7
CBC8,heliport,Tofino General Hospital Heliport,49.1511,-125.908997,50.0,CA-BC,Tofino,no,CBC8,,CBC8
CBC9,heliport,Calder Health Care Corp Heliport,47.613179,-57.623999,100.0,CA-NL,Burgeo,no,CBC9,,CBC9
CBD2,heliport,Delta (North) Heliport,49.1199607211,-123.047267944,10.0,CA-BC,Vancouver,no,CBD2,,CBD2
CBD6,small_airport,Nahanni Butte Airport,61.02970123291016,-123.38899993896484,600.0,CA-NT,Nahanni Butte,no,CBD6,,CBD6
CBD9,heliport,White Saddle Ranch Heliport,51.741853,-124.738887,2925.0,CA-BC,White Saddle Ranch,no,CBD9,,CBD9
CBE2,small_airport,Lionel P. Demers Memorial Airpark,49.285798,-115.156923,2850.0,CA-BC,Elko,no,CBE2,,CBE2
CBE3,heliport,Beamsville/Panterra Heliport,43.186553,-79.474245,300.0,CA-ON,Beamsville,no,,,
CBE4,seaplane_base,Belmont Lake Water Aerodrome,44.506,-77.822,613.0,CA-ON,Cordova Mines,no,CBE4,,CBE4
CBE6,seaplane_base,Balsam Lake (Erlandson) Water Aerodrome,44.5699,-78.8919,853.0,CA-ON,Kirkfield,no,CBE6,,CBE6
CBE7,seaplane_base,Alliford Bay Seaplane Base,53.214717,-131.992082,,CA-BC,,no,CBE7,,CBE7
CBE8,seaplane_base,Moose Lake Lodge Seaplane Base,53.075802,-125.401001,,CA-BC,Anahim Lake,no,CBE8,,CBE8
CBE9,heliport,Whistler (Municipal) Heliport,50.168377,-122.904754,2116.0,CA-BC,Whistler,no,CBE9,,CBE9
CBF2,small_airport,Belwood (Baird Field),43.808333,-80.311944,1410.0,CA-ON,East Garafraxa,no,CBF2,,
CBF3,small_airport,Beeton Field,44.078368,-79.810394,787.0,CA-ON,Beeton,no,CBF3,,CBF3
CBF4,heliport,Mission (Public Safety) Heliport,49.132753634,-122.343615219,85.0,CA-BC,Mission,no,CBF4,,CBF4
CBF5,heliport,Mayne Island (Medical Emergency) Heliport,48.846656,-123.284197,100.0,CA-BC,Mayne Island,no,CBF5,,CBF5
CBF6,heliport,Seal Cove (Public) Heliport,54.33000183105469,-130.2779998779297,17.0,CA-BC,Prince Rupert,no,CBF6,,CBF6
CBF7,heliport,Victoria Harbour (Camel Point) Heliport,48.418098,-123.388,15.0,CA-BC,Victoria,yes,CBF7,,CBF7
CBF8,seaplane_base,Muncho Lake/Mile 462 Seaplane Base,59.009,-125.775,2681.0,CA-BC,,no,CBF8,,CBF8
CBF9,small_airport,Mabel Lake Airport,50.6088981628418,-118.7310028076172,1410.0,CA-BC,Mabel Lake,no,CBF9,,CBF9
CBG2,small_airport,Green Lake Airport,51.42940139770508,-121.20999908447266,3550.0,CA-BC,Green Lake,no,CBG2,,CBG2
CBG5,heliport,Nanaimo (Regional General Hospital) Heliport,49.185749,-123.971757,292.0,CA-BC,Nanaimo,no,CBG5,,CBG5
CBG8,heliport,Prince George (Pacific Western Helicopters) Heliport,53.8775233186,-122.766669989,1940.0,CA-BC,Prince George,no,CBG8,,CBG8
CBG9,seaplane_base,Courtenay Airpark Seaplane Base,49.6814,-124.981003,,CA-BC,,no,CBG9,,CBG9
CBH2,small_airport,Helmet Airport,59.4258,-120.797997,1930.0,CA-BC,Helmet,no,CBH2,,CBH2
CBH4,small_airport,Prairie Creek Airport,61.564701080322266,-124.81500244140624,2950.0,CA-NT,Prairie Creek,no,CBH4,,CBH4
CBH5,small_airport,Bushhawk Creek Airport,42.71413,-80.745035,715.0,CA-ON,Straffordville,no,CBH5,,CBH5
CBH7,small_airport,Hillmans Farm Airport,52.228,-114.256202,2995.0,CA-AB,Benalto,no,CBH7,,CBH7
CBI2,small_airport,Bice Farm Airport,55.697242,-117.939885,1932.0,CA-AB,Eaglesham,no,CBI2,,CBI2
CBJ4,small_airport,Echo Valley Airport,51.241707,-121.989785,3650.0,CA-BC,Clinton,no,CBJ4,,CBJ4
CBJ8,seaplane_base,Fraser Lake Seaplane Base,54.0667,-124.883003,2205.0,CA-BC,,no,CBJ8,,CBJ8
CBJ9,heliport,San Juan Point (Coast Guard) Heliport,48.531491,-124.458178,25.0,CA-BC,San Juan Point,no,CBJ9,,CBJ9
CBK4,heliport,Vancouver General Hospital Heliport,49.261947,-123.124411,235.0,CA-BC,Vancouver,no,CBK4,,CBK4
CBK5,heliport,Port Alberni (West Coast General Hospital) Heliport,49.2488391687,-124.783036038,272.0,CA-BC,Port Alberni,no,CBK5,,CBK5
CBK6,small_airport,Quesnel Lake Airport,52.513952,-121.045938,2500.0,CA-BC,Horsefly,no,CBK6,,CBK6
CBK7,small_airport,Mile 422 (Alaska Highway) Airport,58.848403,-125.236351,2400.0,CA-BC,Toad River,no,CBK7,,CBK7
CBK8,heliport,Victoria (Royal Jubilee Hospital) Heliport,48.4342939918,-123.325164914,50.0,CA-BC,Victoria,no,CBK8,,CBK8
CBK9,heliport,Little Parker Island Heliport,48.8964,-123.417999,22.0,CA-BC,Little Parker Island,no,CBK9,,CBK9
CBL2,seaplane_base,Buck Lake Seaplane Base,44.7717,-79.413,709.0,CA-ON,Severn Bridge,no,CBL2,,CBL2
CBL3,small_airport,Gordon Field,58.81669998168945,-122.78299713134766,1625.0,CA-BC,Fort Nelson,no,CBL3,,CBL3
CBL4,heliport,Bassano (Health Centre) Heliport,50.79029846191406,-112.46099853515624,2606.0,CA-AB,Bassano,no,CBL4,,CBL4
CBL5,heliport,Bluearth Bow Lake Windfarm Heliport,47.242513,-84.542702,1022.0,CA-ON,Montreal River Harbour,no,CBL5,,CBL5
CBL6,small_airport,Radium Hot Springs Airport,50.627155,-116.094981,2650.0,CA-BC,Radium Hot Springs,no,CBL6,,CBL6
CBL7,heliport,Cortes Island Heliport,50.05860137939453,-124.98200225830078,230.0,CA-BC,Cortes Island,no,CBL7,,CBL7
CBL8,small_airport,Bala Airport,45.030605,-79.617801,814.0,CA-ON,Bala,no,CBL8,,CBL8
CBL9,small_airport,Elkin Creek Guest Ranch Airport,51.510453,-123.806161,4080.0,CA-BC,Elkin Creek,no,CBL9,,CBL9
CBM2,small_airport,Blackstock / Martyn,44.093,-78.7367,1000.0,CA-ON,,no,CBM2,,
CBM3,small_airport,Bruce Mines Kerr Field Aerodrome,46.338277,-83.71125,700.0,CA-ON,Plummer Additional,no,CBM3,,CBM3
CBM4,heliport,Collingwood (Blue Mountain) Heliport,44.529449,-80.354669,735.0,CA-ON,Collingwood,no,CBM4,,
CBM6,small_airport,Midway Airport,49.0099983215332,-118.79000091552734,1896.0,CA-BC,Midway,no,CBM6,,CBM6
CBM7,heliport,Banff - Mineral Springs Hospital Helipad,51.179658,-115.576093,4593.0,CA-AB,Banff,no,CBM7,,CBM7
CBM9,heliport,Port McNeill (Hospital) Heliport,50.581676562,-127.066806257,150.0,CA-BC,Port Mcneill,no,CBM9,,CBM9
CBN2,heliport,Bonnyville Health Care Centre Helipad,54.264,-110.7405,1810.0,CA-AB,Bonnyville,no,CBN2,,CBN2
CBN3,heliport,Buffalo Narrows (Fire Centre) Heliport,55.8342407027,-108.404202461,1411.0,CA-SK,Buffalo Narrows,no,CBN3,,CBN3
CBN4,seaplane_base,Masset Seaplane Base,54.009,-132.15,,CA-BC,,no,CBN4,,CBN4
CBN7,closed,Beaverton North,44.459513,-79.125896,800.0,CA-ON,,no,,,
CBN9,small_airport,Tsay Keh Airport,56.906101,-124.964996,2280.0,CA-BC,Tsay Keh,yes,CBN9,,CBN9
CBP2,heliport,Banff Park Compound Heliport,51.191085,-115.558311,4570.0,CA-AB,Banff,no,CBP2,,CBP2
CBP3,heliport,Fernie (Elk Valley Hospital) Heliport,49.512858,-115.056179,3300.0,CA-BC,Fernie,no,CBP3,,CBP3
CBP4,heliport,Sechelt (St. Mary's Hospital) Heliport,49.476225,-123.748554,179.0,CA-BC,Sechelt,no,CBP4,,CBP4
CBP5,heliport,Blackcomb Helicopters Heliport,50.685104,-121.927246,700.0,CA-BC,Lillooet,no,CBP5,,CBP5
CBP7,seaplane_base,Lake Scugog/Ball Point (Smith) Seaplane Base,44.206667,-78.809167,816.0,CA-ON,Ball Point,no,CBP7,,CBP7
CBQ2,small_airport,Fort Langley Airport,49.16749954223633,-122.55500030517578,30.0,CA-BC,Fort Langley,no,CBQ2,,CBQ2
CBQ7,small_airport,Kemess Creek Airport,56.97439956665039,-126.74099731445312,4191.0,CA-BC,Kemess Creek,no,CBQ7,,CBQ7
CBQ8,small_airport,Woodcock Airport,55.06669998168945,-128.23300170898438,537.0,CA-BC,Woodcock,no,CBQ8,,CBQ8
CBQ9,seaplane_base,Quennell Lake Seaplane Base,49.077497,-123.831001,122.0,CA-BC,Nanaimo,no,CBQ9,,CBQ9
CBR2,small_airport,Kaslo Airport,49.90359878540039,-116.93499755859376,2354.0,CA-BC,Kaslo,no,CBR2,,CBR2
CBR3,small_airport,Brigden Field,49.617285,-102.770083,2017.0,CA-SK,Kisbey,no,CBR3,,CBR3
CBR4,small_airport,Clinton/Bleibler Ranch Aerodrome,51.266802,-121.685772,3695.0,CA-BC,Clinton,no,CYIN,,CYIN
CBR7,heliport,Tofino Lifeboat Station Helipad,49.15472,-125.908077,10.0,CA-BC,Tofino,no,CBR7,,CBR7
CBR8,heliport,Prince Rupert (Hospital) Heliport,54.305128,-130.330183,279.0,CA-BC,Prince Rupert,no,CBR8,,CBR8
CBR9,small_airport,Anchor 9 Ranch Airport,51.4125,-114.580201,4266.0,CA-AB,Bottrel,no,CBR9,,CBR9
CBS2,small_airport,Blue Sky Airport,49.2939,-103.0197,1921.0,CA-SK,Estevan,no,CBS2,,CBS2
CBS3,heliport,H. Stever Heliport,48.051097,-65.446878,52.0,CA-QC,Bonaventure,no,CBS3,,CBS3
CBS4,small_airport,Mule Creek Airport,59.773819,-136.596161,2900.0,CA-BC,Mule Creek,no,CBS4,,CBS4
CBS5,heliport,Port Hardy (Hospital) Heliport,50.72061,-127.502614,85.0,CA-BC,Port Hardy,no,CBS5,,CBS5
CBS6,seaplane_base,Outaouais Aviation Seaplane Base,46.196257,-76.057843,561.0,CA-QC,Blue Sea Lake,no,CBS6,,CBS6
CBS7,small_airport,Briercrest South Airport,50.066509,-105.29962,2120.0,CA-SK,Briercrest South,no,CBS7,,CBS7
CBS8,small_airport,Alberni Valley Regional Airport,49.321899,-124.931,250.0,CA-BC,Port Alberni,no,CBS8,YPB,CBS8
CBS9,heliport,Blairmore (Crowsnest Pass Health Centre) Heliport,49.6161,-114.457001,4292.0,CA-AB,Blairmore,no,CBS9,,CBS9
CBT2,seaplane_base,Wiarton/Beattie Lake Seaplane Base,44.827802,-81.273789,561.0,CA-ON,Wiarton,no,CBT2,,CBT2
CBT3,small_airport,Tsetzi Lake (Pan Phillips) Airport,52.970091,-125.028674,3550.0,CA-BC,Tsetzi Lake,no,CBT3,,CBT3
CBT5,heliport,Golden (Golden & District General Hospital) Heliport,51.297048,-116.966994,2575.0,CA-BC,Golden,no,CBT5,,CBT5
CBT9,heliport,Sproat Lake Tanker Base Heliport,49.28981723689999,-124.939095676,103.0,CA-BC,Port Alberni,no,CBT9,,CBT9
CBU2,small_airport,Eddontenajon / Iskut Village Airport,57.847994155,-129.983968735,3100.0,CA-BC,Eddontenajon,no,CBU2,,CBU2
CBU4,heliport,Prince Rupert (Hydro) Heliport,54.31169891357422,-130.29400634765625,98.0,CA-BC,Prince Rupert,no,CBU4,,CBU4
CBU5,heliport,Terrace (Mills Memorial Hospital) Heliport,54.5108709665,-128.597647548,250.0,CA-BC,Terrace,no,CBU5,,CBU5
CBV5,heliport,Belleville (QHC) Heliport,44.1672131754,-77.3504027374,277.0,CA-ON,,no,CBV5,,
CBV7,heliport,Valemount (Yellowhead Helicopters) Heliport,52.866247,-119.297577,2600.0,CA-BC,Valemount,no,CBV7,,CBV7
CBV8,heliport,Comox (St. Joseph's Hospital) Heliport,49.675075,-124.941185,60.0,CA-BC,Comox,no,CBV8,,CBV8
CBW2,small_airport,Kitimat Airport,54.167758,-128.578663,250.0,CA-BC,Kitimat,no,CBW2,,CBW2
CBW3,small_airport,Fort Grahame Airport,56.52138778769999,-124.470291138,2230.0,CA-BC,Fort Graham,no,CBW3,,CBW3
CBW4,small_airport,Bob Quinn Lake Airport,56.966702,-130.25,2000.0,CA-BC,Bob Quinn Lake,no,CBW4,YBO,CBW4
CBW5,heliport,Bluewater Health Heliport,42.975365,-82.388135,598.0,CA-ON,Sarnia,no,CBW5,,CBW5
CBW6,small_airport,Belwood (Wright Field) Aerodrome,43.793889,-80.4025,1490.0,CA-ON,Belwood,no,CBW6,,CBW6
CBW7,heliport,Victoria (General Hospital) Heliport,48.46796,-123.43241,55.0,CA-BC,Victoria,no,CBW7,,CBW7
CBW8,small_airport,Baldwin West Aerodrome,44.277193,-79.361844,755.0,CA-ON,Baldwin,no,CBW8,,CBW8
CBW9,heliport,Madrona Bay Heliport,48.855801,-123.486,35.0,CA-BC,Madrona Bay,no,CBW9,,CBW9
CBX5,small_airport,Tungsten (Cantung) Airport,61.956901550293,-128.20300292969,3500.0,CA-NT,Tungsten,no,CBX5,TNS,CBX5
CBX7,small_airport,Tumbler Ridge Airport,55.025001525879,-120.93499755859,3075.0,CA-BC,Tumbler Ridge,no,CBX7,TUX,CBX7
CBY2,heliport,Edmonton/Bailey Heliport,53.5078,-113.2363,2392.0,CA-AB,Edmonton,no,CBY2,,CBY2
CBY5,heliport,Seal Cove (Coast Guard) Heliport,54.331459,-130.27684,17.0,CA-BC,Prince Rupert,no,CBY5,,CBY5
CBY6,seaplane_base,Green Lake Seaplane Base,51.421902,-121.213997,3507.0,CA-BC,,no,CBY6,,CBY6
CBZ2,heliport,Kemano Heliport,53.562531,-127.94858,160.0,CA-BC,Kemano,no,CBZ2,,CBZ2
CBZ7,heliport,Victoria Harbour (Shoal Point) Heliport,48.423208,-123.387526,10.0,CA-BC,Victoria,no,CBZ7,,CBZ7
CBZ9,small_airport,Fraser Lake Airport,54.014454,-124.771354,2690.0,CA-BC,Fraser Lake,no,CBZ9,,CBZ9
CCA2,seaplane_base,New Germany Seaplane Base,44.552222,-64.736389,205.0,CA-NS,New Germany,no,CCA2,,CCA2
CCA3,small_airport,Cable Head Airpark,46.444806,-62.593961,94.0,CA-PE,Saint Peters Bay,no,CCA3,,CCA3
CCA4,seaplane_base,Lake Muskoka / Cottage Air Seaplane Base,45.0002,-79.4052,,CA-ON,Bracebridge,no,CCA4,,CCA4
CCA5,small_airport,Stenen/Clayton Air 3 Airport,51.8245,-102.376333,1710.0,CA-SK,,no,CCA5,,CCA5
CCA6,small_airport,Williams Harbour Airport,52.567377,-55.784883,70.0,CA-NL,Williams Harbour,yes,CCA6,YWM,CCA6
CCB2,small_airport,Seabee Mine Airport,55.688809,-103.610925,1602.0,CA-SK,Laonil Lake,no,CCB2,,CCB2
CCB3,heliport,Amherst Heliport,45.812052,-64.220248,99.0,CA-NS,Amherst,no,CCB3,,CCB3
CCB5,seaplane_base,Goose (Otter Creek) Seaplane Base,53.350664,-60.4078,,CA-NL,,no,CCB5,,CCB5
CCB7,seaplane_base,Cumberland Bay Water Aerodrome,46.0063,-65.9062,350.0,CA-NB,Bracebridge,no,CCB7,,CCB7
CCB8,heliport,Kilbride (Bot),43.448236,-79.94885,895.0,CA-ON,,no,CCB8,,CCB8
CCB9,seaplane_base,Bracebridge/Spirit Bay Water Aerodrome,45.048451,-79.391409,739.0,CA-ON,Lake Muskoka,no,CCB9,,CCB9
CCC2,small_airport,Winterland Airport,47.13706,-55.329176,156.0,CA-NL,Winterland,no,CCC2,,CCC2
CCC3,small_airport,Cooks Creek Aerodrome,50.031944,-96.732778,785.0,CA-MB,,no,CCC3,,CCC3
CCD2,small_airport,Springdale Airport,49.479446,-56.177773,250.0,CA-NL,Springdale,no,CCD2,,CCD2
CCD3,small_airport,Woodstock Airport,46.152079,-67.545098,481.0,CA-NB,Newbridge,no,CCD3,,CCD3
CCD4,small_airport,Postville Airport,54.9105,-59.78507,193.0,CA-NL,Postville,yes,CCD4,YSO,CCD4
CCE3,small_airport,Juniper Airport,46.562801361083984,-67.16829681396484,837.0,CA-NB,Juniper,no,CCE3,,CCE3
CCE4,small_airport,Black Tickle Airport,53.469836,-55.787501,57.0,CA-NL,Black Tickle,yes,CCE4,YBI,CCE4
CCE5,heliport,Canso (Eastern Memorial Hospital) Heliport,45.333042,-60.981824,19.0,CA-NS,Canso,no,CCE5,,CCE5
CCE6,small_airport,Camden East Airstrip,44.325629,-76.792502,,CA-ON,Odessa,no,,,CCE6
CCE7,heliport,Edmonton City Heliport,53.535683,-113.663777,2254.0,CA-AB,Edmonton,no,CCE7,,CCE7
CCF4,small_airport,Porters Lake Airport,44.709994,-63.299682,20.0,CA-NS,Porters Lake,no,CCF4,,CCF4
CCF6,small_airport,Edmonton/Morinville (Currie Field) Aerodrome,53.819638,-113.760837,2374.0,CA-AB,Morinville,no,CCF6,,CCF6
CCF7,small_airport,Alida/Cowan Farm Private Aerodrome,49.395901,-101.8249,1869.0,CA-SK,Alida,no,CCF7,,CCF7
CCF9,small_airport,Scottsfield Airpark,45.9603,-67.095299,600.0,CA-NB,Scottsfield,no,CCF9,,CCF9
CCG3,small_airport,Weyman Airpark,46.03749847412109,-66.85890197753906,140.0,CA-NB,Burtt's Corner,no,CCG3,,CCG3
CCG4,small_airport,Moncton / McEwen Airport,46.1539001465,-64.7686004639,214.0,CA-NB,Moncton,no,CCG4,,CCG4
CCG5,small_airport,Cayuga Airport (Bruce Field),42.9512,-79.825,630.0,CA-ON,Cayuga,no,CCG5,,CCG5
CCG6,seaplane_base,St. Peter's/Cape George Water Aerodrome,45.730564,-60.810387,0.0,CA-NS,Bras d'Or Lake,no,CCG6,,CCG6
CCH4,small_airport,Charlottetown Airport,52.765774,-56.11237,209.0,CA-NL,Charlottetown,yes,CCH4,YHG,CCH4
CCH5,heliport,Montreal / Longueuil (Centre Hospitalier Pierre-Boucher) Heliport,45.538144,-73.460048,95.0,CA-QC,Montréal,no,CCH5,,CCH5
CCH6,heliport,Summerside (Prince County Hospital) Heliport,46.417811,-63.773983,39.0,CA-PE,Summerside,no,CCH6,,CCH6
CCH7,heliport,Capitale Hélicoptère Heliport,46.8008,-71.3741,203.0,CA-QC,Québec,no,CCH7,,CCH7
CCH9,heliport,Cold Lake Health Care Centre Heliport,54.468206,-110.195453,,CA-AB,Cold Lake,no,CCH9,,CCH9
CCI9,small_airport,Cortes Island (Hansen Airfield) Airport,50.020301818847656,-124.98400115966795,164.0,CA-BC,Cortes Island,no,CCI9,,CCI9
CCJ3,small_airport,Boston Brook Airport,47.4486,-67.62463,958.0,CA-NB,Drummond,no,CCJ3,,CCJ3
CCK2,heliport,St John's Health Sciences Centre Heliport,47.572504,-52.7455,244.0,CA-NL,St John's,no,CCK2,,CCK2
CCK3,small_airport,Grand Falls Airport,47.075837,-67.68531,712.0,CA-NB,Grand Falls,no,CCK3,,CCK3
CCK4,small_airport,St. Lewis (Fox Harbour) Airport,52.372799,-55.673901,74.0,CA-NL,St. Lewis,yes,CCK4,YFX,CCK4
CCK5,small_airport,Owen Sound (Cook Field),44.634764,-80.741306,1040.0,CA-ON,Owen Sound,no,CCK5,,CCK5
CCL2,small_airport,Candle Lake Airpark,53.7682991027832,-105.30799865722656,1650.0,CA-SK,Candle Lake,no,CCL2,,CCL2
CCL3,small_airport,Christina Lake Airport,55.628385,-110.751114,1905.0,CA-AB,Christina Lake,no,CCL3,,CCL3
CCL5,seaplane_base,Chandos Lake/Sciuk's Landing Seaplane Base,44.804667,-77.970833,1037.0,CA-ON,Chandos Lake,no,CCL5,,CCL5
CCL7,small_airport,Ceilidh Airport,42.690715,-80.500268,716.0,CA-ON,Walsingham,no,CCL7,,CCL7
CCL9,small_airport,Outlook (South) Airport,51.439235,-107.001995,1767.0,CA-SK,Outlok,no,CCL9,,CCL9
CCM3,small_airport,Sevogle Airport,47.190179,-66.158123,1350.0,CA-NB,Sevogle,no,CCM3,,CCM3
CCM4,small_airport,Port au Choix Airport,50.690229,-57.329664,90.0,CA-NL,Port au Choix,no,CCM4,,CCM4
CCN2,small_airport,Grand Manan Airport,44.71329879760742,-66.79640197753906,238.0,CA-NB,Grand Manan,no,CCN2,,CCN2
CCN4,small_airport,Conn Field,44.0325,-80.485556,1658.0,CA-ON,Southgate,no,CCN4,,CCN4
CCP2,small_airport,Exploits Valley Botwood Airport,49.056,-55.447701,365.0,CA-NL,Exploits Valley,no,CCP2,,CCP2
CCP3,small_airport,Chute-Saint-Philippe Airport,46.660924,-75.243674,860.0,CA-QC,Chute-Saint-Philippe,no,CCP3,,CCP3
CCP4,small_airport,Port Hope Simpson Airport,52.528099060058594,-56.28609848022461,347.0,CA-NL,Port Hope Simpson,yes,CCP4,YHA,CCP4
CCP5,seaplane_base,Camping Pontbriand Water Aerodrome,46.053333,-73.756167,505.0,CA-QC,Rawdon,no,CCP5,,CCP5
CCP6,small_airport,Caniapiscau Airport,54.837799072265625,-69.8927993774414,1672.0,CA-QC,Caniapiscau,no,CCP6,,CCP6
CCP7,small_airport,Codessa South Airport,55.719801,-118.039116,2000.0,CA-AB,Eaglesham,no,CCP7,,CCP7
CCQ3,small_airport,Debert Airport,45.41859817504883,-63.46060180664063,142.0,CA-NS,Debert,no,CCQ3,,CCQ3
CCQ5,seaplane_base,St. John's (Paddys Pond) Seaplane Base,47.468257,-52.889542,375.0,CA-NL,St. John's,no,CCQ5,,CCQ5
CCR3,small_airport,Florenceville Airport,46.426102,-67.628098,508.0,CA-NB,Florenceville-Bristol,no,CCR3,,CCR3
CCR5,heliport,Cline River Heliport,52.178902,-116.478996,4386.0,CA-AB,Cline River,no,CCR5,,CCR5
CCR6,heliport,Campbell River (E & B Heli) Heliport,50.041349,-125.26857,7.0,CA-BC,Campbell River,yes,CCR6,,CCR6
CCR7,heliport,Castor (Our Lady of the Rosary Hospital) Heliport,52.223501,-111.906577,2678.0,CA-AB,Castor,no,CCR7,,CCR7
CCR8,seaplane_base,Conne River Water Aerodrome,47.9235,-55.578,350.0,CA-NL,,no,CCR8,,CCR8
CCR9,small_airport,Creemore Aerodrome,44.346504,-80.1336,1375.0,CA-ON,Creemore,no,CCR9,,CCR9
CCS2,heliport,Consort Health Centre Helipad,52.009103,-110.782,2467.0,CA-MB,Consort,no,CCS2,,CCS2
CCS3,small_airport,Saint Stephen Airport,45.2075,-67.250603,96.0,CA-NB,Saint Stephen,no,CCS3,,CCS3
CCS4,small_airport,Chipman Airport,46.148602,-65.904198,65.0,CA-NB,Chipman,no,CCS4,,CCS4
CCS5,small_airport,Havelock Airport,45.98640060424805,-65.3019027709961,425.0,CA-NB,Havelock,no,CCS5,,CCS5
CCS6,small_airport,Smit Field,49.666938,-125.097654,500.0,CA-BC,Courtenay,no,CCS6,,CCS6
CCS7,heliport,Chicoutimi Central Hospital Helipad,48.4258,-71.047601,198.0,CA-QC,Chicoutimi,no,CCS7,,CCS7
CCT2,small_airport,Cookstown Airport,44.238649,-79.638178,750.0,CA-ON,Cookstown,no,CCT2,,CCT2
CCT3,heliport,Castlegar (Tarrys Convention Centre) Heliport,49.38610076904297,-117.552001953125,1632.0,CA-BC,Castlegar,no,CCT3,,CCT3
CCT5,seaplane_base,South Brook Seaplane Base,49.016701,-57.633301,17.0,CA-NL,,no,CCT5,,CCT5
CCU2,small_airport,ULM Québec Aerodrome,46.173889,-73.278889,250.0,CA-QC,Saint-Cuthbert,no,CCU2,,CCU2
CCV4,small_airport,Bell Island Airport,47.635031,-52.980452,150.0,CA-NL,Bell Island,no,CCV4,,CCV4
CCW2,heliport,Collingwood (Wilsons) Heliport,44.509607,-80.229401,592.0,CA-ON,Collingwood,no,CCW2,,CCW2
CCW3,small_airport,Waterville / Kings County Municipal Airport,45.0518989563,-64.6517028809,119.0,CA-NS,Waterville,no,CCW3,,CCW3
CCW4,small_airport,Stanley Airport,45.10060119628906,-63.92060089111328,95.0,CA-NS,Stanley,no,CCW4,,CCW4
CCW5,seaplane_base,Thorburn Lake Seaplane Base,48.266701,-54.150002,350.0,CA-NL,Thorburn Lake,no,CCW5,,CCW5
CCW6,seaplane_base,Clearwater Lake Seaplane Base,44.8018,-79.242,820.0,CA-ON,Washago,no,CCW6,,CCW6
CCX2,heliport,Long Pond Heliport,47.516383,-52.981086,20.0,CA-NL,Long Pond,no,CCX2,,CCX2
CCX3,small_airport,Brockway Airport,45.56669998168945,-67.0999984741211,300.0,CA-NB,Brockway,no,CCX3,,CCX3
CCX5,seaplane_base,Wabush Seaplane Base,52.9333,-66.900002,1700.0,CA-NL,,no,CCX5,,CCX5
CCX6,seaplane_base,Comox Seaplane Base,49.670601,-124.932999,0.0,CA-BC,Comox,yes,CCX6,,CCX6
CCY2,heliport,Cypress Regional Hospital Heliport,50.310887,-107.774246,2398.0,CA-SK,Swift Current,no,CCY2,,CCY2
CCY3,small_airport,Sussex Airport,45.689999,-65.540001,467.0,CA-NB,Sussex,no,CCY3,,CCY3
CCY4,small_airport,East Gore Eco Airpark,45.11750030517578,-63.70280075073242,615.0,CA-NS,East Gore,no,CCY4,,CCY4
CCY5,heliport,Edmundston (Regional Hospital) Heliport,47.37639999389648,-68.31189727783203,682.0,CA-NB,Edmundston,no,CCY5,,CCY5
CCZ2,small_airport,Rigolet Airport,54.1796989440918,-58.45750045776367,180.0,CA-NL,Rigolet,yes,CCZ2,YRG,CCZ2
CCZ3,small_airport,Clarenville Airport,48.2747,-53.923901,199.0,CA-NL,Clarenville,no,CCZ3,,CCZ3
CCZ4,small_airport,Margaree Airport,46.340413,-60.980508,181.0,CA-NS,Margaree,no,CCZ4,,CCZ4
CCZ5,small_airport,Thorburn Airport,45.56111,-62.595583,120.0,CA-NS,Thorburn,no,CCZ5,,CCZ5
CCZ9,heliport,Roseway Hospital Heliport,43.75032,-65.309748,75.0,CA-NS,Shelburne,no,CCZ9,,CCZ9
CDA4,small_airport,Pokemouche Airport,47.7164,-64.8825,68.0,CA-NB,Village-Blanchard,no,CDA4,,CDA4
CDA5,small_airport,St. Andrews Codroy Valley Airport,47.775098,-59.312525,65.0,CA-NL,St. Andrews,no,CDA5,,CDA5
CDA6,small_airport,Bristol Airport,46.4594,-67.564697,574.0,CA-NB,Florenceville-Bristol,no,CDA6,,CDA6
CDA7,heliport,Shunda (Fire Base) Heliport,52.491254,-115.757494,4700.0,CA-AB,Shunda,no,CDA7,,CDA7
CDB2,heliport,DeBolt Fire Hall Heliport,55.217234,-118.029302,2093.0,CA-AB,DeBolt,no,CDB2,,CDB2
CDB3,heliport,Hall Residence Heliport,52.236333,-113.408833,2761.0,CA-AB,Delburne,no,CDB3,,CDB3
CDB5,heliport,Moncton / Salisbury Heliport,46.049103,-65.061893,230.0,CA-NB,Salisbury,no,CDB5,,CDB5
CDC2,heliport,St. John's (Universal) Heliport,47.608342,-52.727071,412.0,CA-NL,St. John's,no,CDC2,,CDC2
CDC3,small_airport,Flying L Ranch Airport,55.819489,-120.460281,2680.0,CA-BC,Dawson Creek,no,CDC3,,CDC3
CDC4,small_airport,Saint-Quentin Airport,47.521099,-67.421097,875.0,CA-NB,Saint-Quentin,no,CDC4,,CDC4
CDC5,small_airport,Dougall Campbell Field,52.010801,-121.2107,3060.0,CA-BC,Oie Lake,no,CDC5,,CDC5
CDD2,seaplane_base,Porters Lake Water Aerodrome,44.712178,-63.298509,,CA-NS,Porters Lake,no,CDD2,,CDD2
CDD3,small_airport,Ste-Agnès-de-Dundee Airport,45.047722,-74.340102,160.0,CA-QC,Ste-Agnès-de-Dundee,no,CDD3,,CDD3
CDD7,heliport,Didsbury District Health Services Heliport,51.661693,-114.122919,3374.0,CA-AB,Didsbury,no,CDD7,,CDD7
CDE2,heliport,Lac-Des-Ecorces / Heliport Belle-Ile,46.525,-75.3852778,802.0,CA-QC,,no,CDE2,,CDE2
CDF2,small_airport,Teeswater (Dent Field) Aerodrome,43.994,-81.294,1000.0,CA-ON,Teeswater,no,,,CDF2
CDF3,small_airport,Englehart (Dave's Field),47.809722,-79.811111,700.0,CA-ON,Englehart,no,CDF3,,CDF3
CDF5,small_airport,Elora Airport,43.631904,-80.355666,1236.0,CA-ON,Guelph,no,CDF5,,CDF5
CDF6,small_airport,Damascus Field,43.896964,-80.519099,1580.0,CA-ON,Wellington North,no,CDF6,,CDF6
CDF7,heliport,Dragon's Fire Heliport,43.3805,-79.940833,876.0,CA-ON,Millgrove,no,CDF7,,CDF7
CDG2,heliport,Digby General Hospital Heliport,44.615989,-65.762021,105.0,CA-NS,Digby,no,CDG2,,CDG2
CDG3,small_airport,Dungannon Aerodrome,43.836245,-81.606746,870.0,CA-ON,Ashfield-Colborne-Wawanosh,no,CDG3,,CDG3
CDH2,heliport,Drumheller (Health Centre) Heliport,51.469111,-112.728186,2246.0,CA-AB,Drumheller,no,CDH2,,CDH2
CDH3,small_airport,Finlay Air Park,43.959239,-65.998429,145.0,CA-NS,South Ohio,no,CDH3,,CDH3
CDH4,heliport,Cowichan District Hospital Heliport,48.7862,-123.7214,132.0,CA-BC,Duncan,no,CDH4,,CDH4
CDH5,heliport,Nanaimo Harbour Heliport,49.160814,-123.923217,12.0,CA-BC,Nanaimo,yes,CDH5,,CDH5
CDH6,small_airport,Delhi Airport,42.8846,-80.4062,775.0,CA-ON,Delhi,no,CDH6,,CDH6
CDJ4,small_airport,Clearwater Airport,46.71329879760742,-66.82830047607422,1330.0,CA-NB,Clearwater,no,CDJ4,,CDJ4
CDJ5,small_airport,Strathmore (D.J. Murray) Airport,51.133146,-113.55996,3150.0,CA-AB,Lyalta,no,CDJ5,,CDJ5
CDK2,small_airport,Diavik Airport,64.5113983154,-110.289001465,1413.0,CA-NT,Diavik,no,CDK2,DVK,CDK2
CDK3,seaplane_base,Dorset/Kawagama Lake (South) Seaplane Base,45.2638,-78.7922,1165.0,CA-ON,Dorset,no,CDK3,,CDK3
CDL3,heliport,Daysland Health Centre Heliport,52.8689,-112.273003,2307.0,CA-AB,Daysland,no,CDL3,,CDL3
CDL5,seaplane_base,Doctor’s Lake East Water Aerodrome,43.8817,-66.0975,13.0,CA-NS,Hebron,no,CDL5,,CDL5
CDL6,seaplane_base,Doctor's Lake West Water Aerodrome,43.8836,-66.1028,13.0,CA-NS,Lakeside,no,CDL6,,CDL6
CDL7,small_airport,Doris Lake,68.1252746582,-106.585281372,50.0,CA-NU,Hope Bay,no,,JOJ,CDL7
CDL8,small_airport,Centredale Airport,45.4094,-62.618401,595.0,CA-NS,Centredale,no,CDL8,,CDL8
CDM3,small_airport,Dimkovski Airpark,44.57,-78.90174,860.0,CA-ON,Kirkfield,no,CDM3,,CDM3
CDM4,heliport,Dunby Manor Heliport,44.005556,-80.057222,1407.0,CA-ON,Mono,no,CDM4,,CDM4
CDO2,small_airport,Ostergard's Airport,51.295015,-112.610207,2900.0,CA-AB,Dalum,no,CDO2,,CDO2
CDP3,small_airport,Dennis G Punches Field,55.291105,-95.804263,675.0,CA-MB,Utik Lake,no,CDP3,,CDP3
CDR2,seaplane_base,Powers Water Aerodrome,44.683,-79.106,735.0,CA-ON,Dalrymple Lake,no,CDR2,,CDR2
CDS5,seaplane_base,Dunsford Seaplane Base,44.502,-78.618,812.0,CA-ON,,no,CDS5,,CDS5
CDT2,seaplane_base,Hoopers Lake Seaplane Base,43.9538,-65.990065,100.0,CA-NS,Deerfield,no,CDT2,,CDT2
CDT3,heliport,Arichat (St. Anne Ladies Auxiliary Hospital) Heliport,45.511372,-61.032945,70.0,CA-NS,Arichat,no,CDT3,,CDT3
CDT5,small_airport,Bouctouche Airport,46.509399,-64.693901,57.0,CA-NB,Buctouche,no,CDT5,,CDT5
CDT6,heliport,South Shore Regional Hospital Heliport,44.382111,-64.510484,100.0,CA-NS,Bridgewater,no,CDT6,,CDT6
CDT7,small_airport,Dutton Airport,42.6592,-81.512602,715.0,CA-ON,Dutton,no,CDT7,,CDT7
CDT9,small_airport,Detour Lake Airport,50.043953,-79.746178,953.0,CA-ON,Detour Lake Mine,no,CDT9,,CDT9
CDU2,heliport,Dundas Heliport,43.2455,-80.018333,680.0,CA-ON,Dundas,no,CDU2,,CDU2
CDU3,heliport,Yarmouth Regional Hospital Heliport,43.848319,-66.12129,43.0,CA-NS,Yarmouth,no,CDU3,,CDU3
CDU4,seaplane_base,Springdale/Davis Pond Seaplane Base,49.550052,-56.064591,80.0,CA-NL,Springdale,no,CDU4,,CDU4
CDU5,small_airport,Dunsford Airport,44.454667,-78.630522,900.0,CA-ON,Dunsford,no,CDU5,,CDU5
CDU6,small_airport,Doaktown Airport,46.552502,-66.093903,326.0,CA-NB,Doaktown,no,CDU6,,CDU6
CDU8,heliport,Dunsford Heliport,44.502,-78.617833,854.0,CA-ON,Dunsford,no,CDU8,,CDU8
CDV2,small_airport,Downs Gulch Airport,47.753601,-67.426102,883.0,CA-NB,Downs Gulch,no,CDV2,,CDV2
CDV3,heliport,Charlottetown (Queen Elizabeth Hospital) Heliport,46.255493,-63.098887,20.0,CA-PE,Charlottetown,no,CDV3,,CDV3
CDW2,small_airport,Crown Jewel Airport,46.165001,-60.783901,290.0,CA-NS,Baddeck,no,CDW2,,CDW2
CDW3,heliport,Hamlet Heliport,50.826333,-114.023833,3593.0,CA-AB,De Winton,no,CDW3,,CDW3
CDY3,small_airport,Fogo Aeroddrome,49.657501,-54.237499,80.0,CA-NL,Fogo,no,CDY3,,CDY3
CDY5,heliport,St. Martha's Regional Hospital Heliport,45.626836,-61.981933,70.0,CA-NS,Antigonish,no,CDY5,,CDY5
CDY6,small_airport,Dayspring Airpark,44.381901,-64.456703,150.0,CA-NS,Bridgewater,no,CDY6,,CDY6
CEA3,small_airport,Olds-Didsbury Airport,51.7118988037,-114.107002258,3360.0,CA-AB,Olds-Didsbury,no,CEA3,,CEA3
CEA5,small_airport,Hardisty Airport,52.64690017700195,-111.38400268554688,2326.0,CA-AB,Hardisty,no,CEA5,,CEA5
CEA6,small_airport,Cardston Airport,49.163631,-113.241888,3887.0,CA-AB,Cardston,no,CEA6,,CEA6
CEB4,small_airport,Rockyford/Early Bird Air Airport,51.1777,-113.2791,2876.0,CA-AB,Rockyford,no,CEB4,,CEB4
CEB5,small_airport,Fairview Airport,56.081401825,-118.434997559,2166.0,CA-AB,Fairview,no,CEB5,ZFW,CEB5
CEB7,seaplane_base,Carcross Seaplane Base,60.172428,-134.697404,2152.0,CA-YT,Carcross,no,CEB7,,CEB7
CEB8,small_airport,Essex/Billing Airstrip,42.186668,-82.782219,630.0,CA-ON,Lakeshore,no,,,CEB8
CEB9,seaplane_base,Lutselk'e Seaplane Base,62.400002,-110.75,514.0,CA-NT,Łutselk'e,no,CEB9,,CEB9
CEC3,small_airport,Fox Lake Airport,58.47364,-114.54932,850.0,CA-AB,Fox Lake,no,CEC3,,CEC3
CEC4,small_airport,Jasper-Hinton Airport,53.319199,-117.752998,4006.0,CA-AB,Hinton,no,CEC4,YJP,CEC4
CEC5,heliport,Fort Smith (District) Heliport,60.002822,-111.908967,665.0,CA-NT,Fort Smith,no,CEC5,,CEC5
CED3,small_airport,Oyen Municipal Airport,51.33420181274414,-110.49099731445312,2498.0,CA-AB,Oyen,no,CED3,,CED3
CED4,small_airport,Fox Creek Airport,54.380001068115234,-116.76599884033205,2842.0,CA-AB,Fox Creek,no,CED4,,CED4
CED5,small_airport,Taber Airport,49.826698303222656,-112.18499755859376,2648.0,CA-AB,Taber,no,CED5,,CED5
CED6,small_airport,Highwood Airport,50.80189895629883,-113.88899993896484,3450.0,CA-AB,De Winton,no,CED6,,CED6
CED7,seaplane_base,Colville Lake Seaplane Base,67.050003,-126.099998,801.0,CA-NT,Colville Lake,no,CED7,,CED7
CED8,small_airport,Eldorado Aerodrome,48.571194,-88.816481,700.0,CA-ON,Eldorado,no,CED8,,CED8
CED9,seaplane_base,Taltheilei Narrows Seaplane Base,62.599998,-111.516998,514.0,CA-NT,,no,CED9,,CED9
CEE3,seaplane_base,Inuvik/Shell Lake Seaplane Base,68.323293,-133.629441,57.0,CA-NT,,no,CEE3,,CEE3
CEE4,small_airport,Hinton / Entrance Airport,53.381401062,-117.700996399,3450.0,CA-AB,Hinton,no,CEE4,,CEE4
CEE5,small_airport,Wabasca Airport,55.961445,-113.81866,1827.0,CA-AB,Wabasca-Desmarais,no,CEE5,,CEE5
CEE6,small_airport,Edmonton / Twin Island Airpark,53.471087,-113.155665,2435.0,CA-AB,Sherwood Park,no,CEE6,,CEE6
CEE7,seaplane_base,Edmonton/Cooking Lake Seaplane Base,53.422317,-113.104272,2419.0,CA-AB,,no,CEE7,,CEE7
CEE8,small_airport,Viking Airport,53.1089685346,-111.864938736,2260.0,CA-AB,Viking,no,CEE8,,CEE8
CEF2,small_airport,Belwood (Ellen Field),43.837235,-80.369453,1540.0,CA-ON,Centre Wellington,no,CEF2,,CEF2
CEF3,small_airport,Bow Island Airport,49.88330078125,-111.33300018310548,2634.0,CA-AB,Bow Island,no,CEF3,,CEF3
CEF4,small_airport,Airdrie Aerodrome,51.263901,-113.933998,3648.0,CA-AB,Airdrie,no,CEF4,,CEF4
CEF8,seaplane_base,Hay River Seaplane Base,60.851835,-115.729587,514.0,CA-NT,,no,CEF8,,CEF8
CEF9,seaplane_base,Tincup Lake Seaplane Base,61.748904,-139.246004,2686.0,CA-YT,Tincup Lake,no,CEF9,,CEF9
CEG3,small_airport,Lacombe Airport,52.48830032348633,-113.71199798583984,2783.0,CA-AB,Lacombe,no,CEG3,,CEG3
CEG4,small_airport,Drumheller Municipal Airport,51.49639892578125,-112.7490005493164,2597.0,CA-AB,Drumheller,no,CEG4,,CEG4
CEG5,small_airport,Chipewyan Lake Airport,56.951336,-113.498259,1800.0,CA-AB,Chipewyan Lake,no,CEG5,,CEG5
CEG6,heliport,Nordegg / Ahlstrom Heliport,52.49366,-116.084103,4411.0,CA-AB,Nordegg,no,CEG6,,
CEG7,seaplane_base,Dawson City Seaplane Base,64.066704,-139.432999,1050.0,CA-YT,Dawson City,no,,,
CEG8,small_airport,North Seal River Airport,58.969398,-99.974998,980.0,CA-MB,North Seal River,no,CEG8,,CEG8
CEG9,seaplane_base,Trout Lake Seaplane Base,60.436163,-121.257935,,CA-NT,Sambaa K'e,no,CEG9,,CEG9
CEH2,small_airport,Cu Nim Airport,50.722868,-114.180716,3700.0,CA-AB,Black Diamond,no,CEH2,,CEH2
CEH3,small_airport,Ponoka Industrial (Labrie Field) Airport,52.651699,-113.606003,2669.0,CA-AB,Ponoka Industrial,no,CEH3,,CEH3
CEH4,small_airport,De Winton South Calgary Airport,50.8218994140625,-113.8239974975586,3355.0,CA-AB,De Winton,no,CEH4,,CEH4
CEH5,small_airport,Red Earth Creek Airport,56.546142,-115.27575,1790.0,CA-AB,Red Earth Creek,no,CEH5,,CEH5
CEH6,small_airport,Provost Airport,52.33810043334961,-110.27899932861328,2197.0,CA-AB,Provost,no,CEH6,,CEH6
CEH8,heliport,Évasion Hélicoptère Heliport,45.6406,-73.642702,95.0,CA-QC,Montréal/Laval,no,CEH8,,CEH8
CEH9,heliport,Colchester Health Centre Heliport,45.349597,-63.305465,144.0,CA-NS,Truro,no,CEH9,,CEH9
CEJ3,small_airport,Stettler Airport,52.310001373291016,-112.75399780273438,2686.0,CA-AB,Stettler,no,CEJ3,,CEJ3
CEJ4,small_airport,Claresholm Industrial Airport,50.00469970703125,-113.62999725341795,3325.0,CA-AB,Claresholm,no,CEJ4,,CEJ4
CEJ6,small_airport,Elk Point Airport,53.892946,-110.772017,1981.0,CA-AB,Elk Point,no,CEJ6,,CEJ6
CEJ9,seaplane_base,Watson Lake Seaplane Base,60.111638,-128.766875,2232.0,CA-YT,,no,CEJ9,,CEJ9
CEK2,small_airport,Braeburn Airport,61.48440170288086,-135.7760009765625,2400.0,CA-YT,Braeburn,no,CEK2,,CEK2
CEK6,small_airport,Killam-Sedgewick Airport,52.795446,-111.76037,2182.0,CA-AB,Killam,no,CEK6,,CEK6
CEK7,seaplane_base,Footner Lake Seaplane Base,58.616694,-117.182999,1084.0,CA-AB,High Level,no,,,EK7
CEL2,heliport,Calgary (City / Bow River) Heliport,51.052834,-114.078843,3443.0,CA-AB,Calgary,no,CEL2,,CEL2
CEL3,small_airport,East Linton (Kerr Field),44.661068,-80.944026,750.0,CA-ON,East Linton,no,CEL3,,CEL3
CEL4,small_airport,Hanna Airport,51.632158,-111.904651,2738.0,CA-AB,Hanna,no,CEL4,,CEL4
CEL5,small_airport,Valleyview Airport,55.032941,-117.294545,2435.0,CA-AB,Valleyview,no,CEL5,,CEL5
CEL6,small_airport,Two Hills Airport,53.709759,-111.788162,2010.0,CA-AB,Two Hills,no,CEL6,,CEL6
CEL7,seaplane_base,Ford Bay Seaplane Base,66.030093,-124.687376,512.0,CA-NT,Ford Bay,no,CEL7,,CEL7
CEL8,small_airport,Eleonore Aerodrome,52.718861,-76.079807,750.0,CA-QC,Opinaca Reservoir,no,CEL8,,
CEL9,heliport,Calgary (Eastlake) Heliport,50.955011,-113.972867,3418.0,CA-AB,Calgary,no,CEL9,,CEL9
CEM2,heliport,Calgary (Rockyview Hospital) Heliport,50.988279,-114.098302,3590.0,CA-AB,Calgary,no,CEM2,,CEM2
CEM3,small_airport,Whatì Airport,63.131699,-117.246002,882.0,CA-NT,Whatì,yes,CEM3,YLE,CEM3
CEM4,small_airport,Big Bend Airport,52.078602,-114.027,3017.0,CA-AB,Innisfail,no,CEM4,,CEM4
CEM5,small_airport,Swan Hills Airport,54.67079925537109,-115.41500091552734,3473.0,CA-AB,Swan Hills,no,CEM5,,CEM5
CEN2,small_airport,Bassano Airport,50.804107,-112.464065,2613.0,CA-AB,Bassano,no,CEN2,,CEN2
CEN3,small_airport,Three Hills Airport,51.69670104980469,-113.20899963378906,2975.0,CA-AB,Three Hills,no,CEN3,,CEN3
CEN4,small_airport,High River Airport,50.534162,-113.843396,3431.0,CA-AB,High River,no,CEN4,,CEN4
CEN5,small_airport,Cold Lake Regional Airport,54.477500915527344,-110.2689971923828,1786.0,CA-AB,Cold Lake,no,CEN5,,CEN5
CEN6,small_airport,Vauxhall Airport,50.03329849243164,-112.08300018310548,2579.0,CA-AB,Vauxhall,no,CEN6,,CEN6
CEN7,seaplane_base,Deliné Seaplane Base,65.183299,-123.417,512.0,CA-NT,Deliné,no,CEN7,,CEN7
CEN9,seaplane_base,Yellowknife Seaplane Base,62.466702,-114.349998,514.0,CA-NT,,no,CEN9,,CEN9
CEP2,heliport,Calgary (Bow Crow) Heliport,51.103165,-114.214962,3540.0,CA-AB,Calgary,no,CEP2,,CEP2
CEP3,small_airport,Barrhead Airport,54.096874,-114.438868,2121.0,CA-AB,Barrhead,no,CEP3,,CEP3
CEP4,small_airport,Ross International Airport,48.9987048532,-111.975414276,3550.0,CA-AB,Coutts,no,CEP4,,CEP4
CEP5,small_airport,Janvier Airport,55.900001525878906,-110.73300170898438,1575.0,CA-AB,Janvier,no,CEP5,,CEP5
CEP6,small_airport,Warner Airport,49.29332,-112.189965,3319.0,CA-AB,Warner,no,CEP6,,CEP6
CEP7,heliport,Elk Point Health Care Centre Heliport,53.8983,-110.908,1980.0,CA-AB,Elk Point,no,CEP7,,CEP7
CEP8,heliport,Edmonton (Eastport) Heliport,53.504902,-113.3322,2367.0,CA-AB,Edmonton,no,CEP8,,CEP8
CEP9,seaplane_base,Namushka Lodge Seaplane Base,62.416698,-113.349998,670.0,CA-NT,,no,CEP9,,CEP9
CEQ3,small_airport,Camrose Airport,53.04029846191406,-112.81600189208984,2426.0,CA-AB,Camrose,no,CEQ3,,CEQ3
CEQ4,small_airport,Del Bonita / Whetstone International Airport,48.9986000061,-112.776000977,4335.0,CA-AB,Del Bonita,no,CEQ4,,CEQ4
CEQ8,seaplane_base,Whatì Seaplane Base,63.14191,-117.275791,870.0,CA-NT,Whati,no,CEQ8,,CEQ8
CER2,small_airport,Castor Airport,52.2209249248,-111.926887035,2704.0,CA-AB,Castor,no,CER2,,CER2
CER3,small_airport,Drayton Valley Industrial Airport,53.265800476074,-114.95999908447,2776.0,CA-AB,Drayton Valley,no,CER3,YDC,CER3
CER4,small_airport,Fort McMurray / Mildred Lake Airport,57.0555992126,-111.573997498,1046.0,CA-AB,Fort McMurray,no,CER4,NML,CER4
CER6,seaplane_base,Aklavik Seaplane Base,68.222504,-134.992007,7.0,CA-NT,Aklavik,no,CER6,,CER6
CER9,seaplane_base,Fort Nelson (Parker Lake) Seaplane Base,58.825217,-122.900345,1255.0,CA-BC,Fort Nelson,no,CER9,,CER9
CES2,small_airport,St-Esprit Aerodrome,45.9144,-73.672395,192.0,CA-QC,St-Esprit,no,CES2,,CES2
CES3,heliport,Edmonton / St. Albert (Delta Helicopters) Heliport,53.68662,-113.687192,2265.0,CA-AB,Edmonton,no,CES3,,CES3
CES4,small_airport,Westlock Airport,54.141733,-113.74044,2214.0,CA-AB,Clyde,no,CES4,,CES4
CES5,small_airport,Centralia (Essery Field) Airport,43.293753,-81.467474,872.0,CA-ON,Centralia,no,CES5,,CES5
CES6,seaplane_base,Arctic Red River Seaplane Base,67.449997,-133.75,20.0,CA-NT,,no,,,ES6
CES7,seaplane_base,Fort McMurray Seaplane Base,56.733297,-111.366997,795.0,CA-AB,,no,CES7,,CES7
CES8,heliport,Grey Nuns Community Hospital Heliport,53.46229,-113.427801,2274.0,CA-AB,Edmonton,no,CES8,,CES8
CES9,seaplane_base,Great Bear Lake Seaplane Base,66.708,-119.686,512.0,CA-NT,,no,CES9,,CES9
CET2,small_airport,Conklin (Leismer) Airport,55.695301,-111.278999,1930.0,CA-AB,Conklin,no,CET2,CFM,CET2
CET4,small_airport,Fort Simpson Island Airport,61.867265,-121.368524,405.0,CA-NT,Fort Simpson Island,no,CET4,,CET4
CET5,heliport,Hay River (District) Heliport,60.785723,-115.82369,550.0,CA-NT,Hay River,no,CET5,,CET5
CET9,small_airport,Jean Marie River Airport,61.522449,-120.625334,470.0,CA-NT,Jean Marie River,no,CET9,,CET9
CEU2,small_airport,Beaverlodge Airport,55.184200286865234,-119.447998046875,2289.0,CA-AB,Beaverlodge,no,CEU2,,CEU2
CEU4,heliport,Rocky Mountain House General Hospital Heliport,52.378866,-114.920955,2561.0,CA-AB,Rocky Mountain House,no,CEU4,,CEU4
CEU8,seaplane_base,Norman Wells Seaplane Base,65.25861,-126.691591,200.0,CA-NT,,no,CEU8,,CEU8
CEV2,small_airport,Edra Airport,57.84999847412109,-113.25,2625.0,CA-AB,Edra,no,CEV2,,CEV2
CEV3,small_airport,Vegreville Airport,53.51440048217773,-112.0270004272461,2072.0,CA-AB,Vegreville,no,CEV3,,CEV3
CEV5,small_airport,Mayerthorpe Airport,53.9375,-115.1790008544922,2432.0,CA-AB,Mayerthorpe,no,CEV5,,CEV5
CEV7,small_airport,Tofield Airport,53.3713,-112.696731,2311.0,CA-AB,Tofield,no,CEV7,,CEV7
CEV9,small_airport,Snare River Airport,63.4333,-116.174963,700.0,CA-NT,Snare River,no,CEV9,,CEV9
CEW2,small_airport,Combine World Field,52.000163,-106.116257,1725.0,CA-SK,Elstow,no,CEW2,,CEW2
CEW3,small_airport,St. Paul Airport,53.993695,-111.377993,2147.0,CA-AB,St. Paul,no,CEW3,,CEW3
CEW5,small_airport,Milk River Airport,49.13330078125,-112.0500030517578,3449.0,CA-AB,Milk River,no,CEW5,,CEW5
CEW7,heliport,Edmonton / University of Alberta (Stollery Children's Hospital Mahi) Heliport,53.520437,-113.525309,2367.0,CA-AB,Edmonton,no,CEW7,,CEW7
CEW8,seaplane_base,Paulatuk Seaplane Base,69.349998,-124.067001,0.0,CA-NT,,no,CEW8,,CEW8
CEW9,heliport,Canmore Municipal Heliport,51.078965,-115.337711,4296.0,CA-AB,Canmore,no,CEW9,,CEW9
CEX3,small_airport,Wetaskiwin Regional Airport,52.965000152600005,-113.411003113,2509.0,CA-AB,Wetaskiwin,no,CEX3,,CEX3
CEX4,small_airport,Carmacks Airport,62.11063,-136.179993,1770.0,CA-YT,Carmacks,no,CEX4,,CEX4
CEX9,small_airport,Brant (Dixon Farm) Airport,50.41939926147461,-113.54100036621094,3342.0,CA-AB,Brant,no,CEX9,,CEX9
CEY3,small_airport,Fort Macleod Airport,49.70000076293945,-113.41699981689452,3138.0,CA-AB,Fort Macleod,no,CEY3,,CEY3
CEY7,seaplane_base,Fort St. John (Charlie Lake) Seaplane Base,56.286026,-120.965824,2266.0,CA-BC,Charlie Lake,no,CEY7,,CEY7
CEZ2,small_airport,Chapman Lake Airport,64.903561,-138.277255,3100.0,CA-YT,Chapman Lake,no,CEZ2,,CEZ2
CEZ3,small_airport,Edmonton / Cooking Lake Airport,53.427502,-113.115997,2437.0,CA-AB,Sherwood Park,no,CEZ3,,CEZ3
CEZ4,small_airport,Fort Vermilion Airport,58.40420150756836,-115.95099639892578,836.0,CA-AB,Fort Vermilion,no,CEZ4,,CEZ4
CEZ5,seaplane_base,Whitehorse Seaplane Base,60.691101,-135.037003,2138.0,CA-YT,,no,CEZ5,,CEZ5
CEZ7,seaplane_base,Fort Simpson Island Seaplane Base,61.8694048342,-121.36133194,375.0,CA-NT,Fort Simpson Island,no,CEZ7,,CEZ7
CEZ9,heliport,Grande Prairie (Forestry) Heliport,55.153601,-118.822501,2151.0,CA-AB,Grande Prairie,no,CEZ9,,CEZ9
CFA2,heliport,Fig Air Heliport,45.128,-79.5378,748.0,CA-ON,Port Carling,no,CFA2,,CFA2
CFA4,small_airport,Carcross Airport,60.173762,-134.697683,2161.0,CA-YT,Carcross,no,CFA4,,CFA4
CFA5,small_airport,Grande Airport,56.29999923706055,-112.23300170898438,1750.0,CA-AB,Grande,no,CFA5,,CFA5
CFA7,small_airport,Taltheilei Narrows Airport,62.5980987549,-111.542999268,570.0,CA-NT,Taltheilei Narrows,no,CFA7,GSL,CFA7
CFA8,heliport,Three Hills (Hospital) Heliport,51.708678,-113.25188,3000.0,CA-AB,Three Hills,no,CFA8,,CFA8
CFB2,heliport,Frank Channel (Forestry) Heliport,62.786345,-115.945498,520.0,CA-NT,Frank Channel,no,CFB2,,CFB2
CFB3,small_airport,Hespero Airport,52.29999923706055,-114.46399688720705,3175.0,CA-AB,Hespero,no,CFB3,,CFB3
CFB4,small_airport,Trout Lake Airport,56.498952,-114.547735,2290.0,CA-AB,Trout Lake,no,CFB4,,CFB4
CFB5,small_airport,Namur Lake Airport,57.38330078125,-112.8000030517578,2560.0,CA-AB,Namur Lake,no,CFB5,,CFB5
CFB6,small_airport,Edmonton / Josephburg Airport,53.727998032,-113.086566925,2069.0,CA-AB,Edmonton,no,CFB6,,CFB6
CFB7,small_airport,Steen River Airport,59.633301,-117.167,996.0,CA-AB,Steen River,no,CFB7,,CFB7
CFB8,seaplane_base,Foot's Bay Seaplane Base,45.1296,-79.708601,742.0,CA-ON,Foot's Bay,no,CFB8,,CFB8
CFC4,small_airport,Macmillan Pass Airport,63.181098938,-130.20199585,3810.0,CA-YT,Macmillan Pass,no,CFC4,XMP,CFC4
CFC6,small_airport,Rockyford Airport,51.266700744628906,-113.11699676513672,2860.0,CA-AB,Rockyford,no,CFC6,,CFC6
CFC7,small_airport,Rimbey Airport,52.681561,-114.236518,2963.0,CA-AB,Rimbey,no,CFC7,,CFC7
CFC9,seaplane_base,Faro/Johnson Lake Seaplane Base,62.20330047607422,-133.39300537109375,,CA-YT,,no,CFC9,,CFC9
CFD4,small_airport,Foremost Airport,49.48310089111328,-111.49400329589844,2909.0,CA-AB,Foremost,no,CFD4,,CFD4
CFD5,small_airport,Grimshaw Airport,56.19611,-117.625278,2050.0,CA-AB,Grimshaw,no,CFD5,,CFD5
CFD8,heliport,Fort Simpson (Great Slave No. 2) Heliport,61.8369198831,-121.325728297,480.0,CA-NT,Fort Simpson,no,CFD8,,CFD8
CFE7,heliport,Kananaskis Village Helistop,50.923551,-115.144048,5003.0,CA-AB,Kananaskis Village,no,CFE7,,CFE7
CFE8,seaplane_base,Haines Junction/Pine Lake Seaplane Base,60.80279922485352,-137.49099731445312,,CA-YT,,no,CFE8,,CFE8
CFF2,small_airport,Christina Basin Airport,55.59000015258789,-111.822998046875,2365.0,CA-AB,Christina Basin,no,CFF2,,CFF2
CFF3,small_airport,Jean Lake Airport,57.48329925537109,-113.88300323486328,2370.0,CA-AB,Jean Lake,no,CFF3,,CFF3
CFF4,small_airport,Great Bear Lake Airport,66.703053,-119.716816,562.0,CA-NT,Great Bear Lake,no,CFF4,DAS,CFF4
CFF7,heliport,Wainwright / Camp Wainwright Field,52.8279336823,-110.904278755,2170.0,CA-AB,Wainwright,no,CFF7,,CFF7
CFF8,seaplane_base,Bakers Narrows Seaplane Base,54.6786,-101.660004,965.0,CA-MB,Flin Flon,no,CFF8,,CFF8
CFF9,small_airport,Marek Farms Airport,53.03139877319336,-112.77799987792967,2449.0,CA-AB,Marek Farms,no,CFF9,,CFF9
CFG3,small_airport,Consort Airport,52.023788,-110.748762,2499.0,CA-AB,Consort,no,CFG3,,CFG3
CFG4,small_airport,Debolt Airport,55.235238,-118.040028,2120.0,CA-AB,Debolt,no,CFG4,,CFG4
CFG5,small_airport,John D'Or Prairie Airport,58.49140167236328,-115.13800048828124,950.0,CA-AB,John D'Or Prairie,no,CFG5,,CFG5
CFG6,small_airport,Fort Mackay / Firebag,57.275833,-110.976666,1762.0,CA-AB,Suncor Energy Site,no,CYFI,YFI,CYFI
CFG8,seaplane_base,Fenelon Falls/Sturgeon Lake Seaplane Base,44.523899,-78.730301,812.0,CA-ON,,no,CFG8,,CFG8
CFH2,heliport,Frontline Helicopters Heliport,51.964601,-121.812201,2644.0,CA-BC,Williams Lake,no,CFH2,,CFH2
CFH4,small_airport,Fox Harbour Airport,45.869999,-63.461102,62.0,CA-NS,Fox Harbour,no,CFH4,,CFH4
CFH7,heliport,Edmonton (Royal Alexandra Hospital) Heliport,53.5579085978,-113.496558666,2247.0,CA-AB,Edmonton,no,CFH7,,CFH7
CFH8,small_airport,Warburg / Zajes Airport,53.2177775261,-114.336605072,2530.0,CA-AB,Warburg,no,CFH8,,CFH8
CFJ7,heliport,Fort St. John (Hospital) Heliport,56.246700286865234,-120.84200286865234,2304.0,CA-BC,Fort St. John,no,CFJ7,,CFJ7
CFK2,small_airport,Bashaw Airport,52.557889,-112.964071,2610.0,CA-AB,Bashaw,no,CFK2,,CFK2
CFK4,small_airport,Calling Lake Airport,55.31669998168945,-113.25,2092.0,CA-AB,Calling Lake,no,CFK4,,CFK4
CFK6,small_airport,Olds (Netook) Airport,51.84999847412109,-114.06700134277344,3330.0,CA-AB,Olds,no,CFK6,,CFK6
CFL2,small_airport,Empress McNeill Spectra Energy Airport,50.681831,-110.043182,2395.0,CA-AB,Hilda,no,CFL2,,CFL2
CFL3,heliport,Black Diamond (Oilfields General Hospital) Heliport,50.67890167236328,-114.23400115966795,3906.0,CA-AB,Black Diamond,no,CFL3,,CFL3
CFL4,small_airport,Flesherton (Smithorrs Field),44.265002,-80.527602,1462.0,CA-ON,Flesherton,no,CFL4,,CFL4
CFL9,small_airport,Johnson Lake Airport,57.56669998168945,-110.31700134277344,2000.0,CA-AB,Johnson Lake,no,CFL9,,CFL9
CFM2,small_airport,Birch Mountain Airport,57.70000076293945,-111.83300018310548,2600.0,CA-AB,Birch Mountain,no,CFM2,,CFM2
CFM4,small_airport,Donnelly Airport,55.7094,-117.094002,1949.0,CA-AB,Donnelly,no,CFM4,YOE,CFM4
CFM6,small_airport,Teepee Airport,56.45940017700195,-114.11900329589844,2565.0,CA-AB,Teepee,no,CFM6,,CFM6
CFM7,small_airport,Boyle Airport,54.574036,-112.820494,2154.0,CA-AB,Boyle,no,CFM7,,CFM7
CFM8,small_airport,Fort Macleod (Alcock Farm) Airport,49.583302,-113.300001,3340.0,CA-AB,Fort Macleod,no,CFM8,,CFM8
CFM9,heliport,Fort Macleod (Hospital) Heliport,49.725975,-113.392858,3095.0,CA-AB,Fort Macleod,no,CFM9,,CFM9
CFN5,small_airport,La Crete Airport,58.1728751982,-116.337919235,1046.0,CA-AB,La Crete,no,CFN5,,CFN5
CFN7,small_airport,Sundre Airport,51.774200439453125,-114.677001953125,3656.0,CA-AB,Sundre,no,CFN7,,CFN7
CFN8,heliport,Fort Nelson (Guardian) Heliport,58.752201080322266,-122.68699645996094,1292.0,CA-BC,Fort Nelson,no,CFN8,,CFN8
CFP2,seaplane_base,Fox Point Seaplane Base,45.273701,-79.012101,1035.0,CA-ON,Dwight,no,CFP2,,CFP2
CFP4,small_airport,McQuesten Airport,63.606515,-137.567787,1500.0,CA-YT,McQuesten,no,CFP4,,CFP4
CFP5,small_airport,Glendon Airport,54.270802,-111.067002,1835.0,CA-AB,Glendon,no,CFP5,,CFP5
CFP6,small_airport,La Biche River Airport,60.12919998168945,-124.04900360107422,1356.0,CA-YT,La Biche River,no,CFP6,,CFP6
CFP7,small_airport,CFB Wainwright Field 21 Airport,52.830601,-111.100998,2260.0,CA-AB,Wainwright,no,CYWN,,CFP7
CFP8,small_airport,Whitehorse / Cousins Airport,60.8117343999,-135.182132721,2200.0,CA-YT,Whitehorse,no,CFP8,,CFP8
CFQ3,small_airport,Milk River (Madge) Airport,49.14469909667969,-112.08399963378906,3400.0,CA-AB,Milk River,no,CFQ3,,CFQ3
CFQ4,small_airport,Cheadle Airport,51.057498931885,-113.62400054932,3300.0,CA-AB,Cheadle,no,CFQ4,TIL,CFQ4
CFQ5,small_airport,Silver City Airport,61.030402,-138.404903,2570.0,CA-YT,Kluane Lake,no,CFQ5,,CFQ5
CFQ6,small_airport,Pelly Crossing Airport,62.837509,-136.528151,1870.0,CA-YT,Pelly Crossing,no,CFQ6,,CFQ6
CFQ7,small_airport,Edmonton / Gartner Airport,53.280966,-113.455868,2390.0,CA-AB,Leduc,no,CFQ7,,CFQ7
CFR2,small_airport,Bawlf (Blackwells) Airport,52.900001525878906,-112.5500030517578,2325.0,CA-AB,Bawlf,no,CFR2,,CFR2
CFR3,seaplane_base,Fall River Water Aerodrome,44.7844,-63.6417,122.0,CA-NS,Fall River,no,CFR3,,CFR3
CFR5,small_airport,Alban Airport,46.091185,-80.608456,700.0,CA-ON,French River,no,CFR5,,CFR5
CFR6,heliport,Vancouver / Coquitlam Fire and Rescue Heliport,49.2916156136,-122.792148292,180.0,CA-BC,,no,CFR6,,
CFR7,small_airport,Red Deer Forestry Airport,51.651402,-115.238998,4646.0,CA-AB,Clearwater,no,CFR7,,CFR7
CFS2,heliport,Fort Simpson (Great Slave No. 1) Heliport,61.8382997446,-121.328061819,500.0,CA-NT,,no,CFS2,,
CFS3,small_airport,Fort Selkirk Airport,62.7683,-137.384704,1501.0,CA-YT,Fort Selkirk,no,CFS3,,CFS3
CFS4,small_airport,Ogilvie River Airport,65.675025,-138.11442,1640.0,CA-YT,Ogilvie River,no,CFS4,,CFS4
CFS5,small_airport,Spirit River Municipal Airport,55.783797,-118.840806,2044.0,CA-AB,Spirit River,no,CFS5,,CFS5
CFS6,small_airport,Loon River Airport,57.14189910888672,-115.0749969482422,1550.0,CA-AB,Loon River,no,CFS6,,CFS6
CFS7,small_airport,Twin Creeks Airport,62.61940002441406,-131.2790069580078,2913.0,CA-YT,Twin Creeks,no,CFS7,,CFS7
CFS8,small_airport,Clearwater River Airport,51.988098,-115.227997,4100.0,CA-AB,Caroline,no,CFS8,,CFS8
CFT2,small_airport,Wilderman Farm Airport,50.552434748,-113.583183289,3350.0,CA-AB,Blackie,no,CFT2,,CFT2
CFT3,small_airport,Finlayson Lake Airport,61.6913986206,-130.774002075,3094.0,CA-YT,Finlayson Lake,no,CFT3,,CFT3
CFT5,small_airport,Hyland Airport,61.52389907836914,-128.2689971923828,3000.0,CA-YT,Hyland,no,CFT5,,CFT5
CFT8,small_airport,Pelican Airport,56.16080093383789,-113.4739990234375,2059.0,CA-AB,Pelican,no,CFT8,,CFT8
CFU3,small_airport,Chipman Airport,53.718754,-112.63586,2195.0,CA-AB,Chipman,no,CFU3,,CFU3
CFU4,small_airport,Garden River Airport,58.71390151977539,-113.8759994506836,790.0,CA-AB,Garden River,no,CFU4,,CFU4
CFU8,small_airport,Irma Airport,52.912200927734375,-111.17400360107422,2230.0,CA-AB,Irma,no,CFU8,,CFU8
CFU9,heliport,Olds (Hospital) Heliport,51.801408,-114.116887,3360.0,CA-AB,Olds,no,CFU9,,CFU9
CFV2,small_airport,Beiseker Airport,51.3932991027832,-113.47200012207033,3036.0,CA-AB,Beiseker,no,CFV2,,CFV2
CFV3,small_airport,Mobil Bistcho Airport,59.4747326918,-119.006137848,2000.0,CA-AB,Mobil Bistcho,no,CFV3,,CFV3
CFV5,seaplane_base,Virginia Falls Seaplane Base,61.607575,-125.756272,1702.0,CA-NT,,no,CFV5,,CFV5
CFV6,small_airport,Margaret Lake Airport,58.9458023034,-115.256538391,2750.0,CA-AB,Margaret Lake,no,CFV6,,CFV6
CFV7,heliport,Claresholm (General Hospital) Heliport,50.018298,-113.582942,3394.0,CA-AB,Claresholm,no,CFV7,,CFV7
CFV8,heliport,Brooks (Community Health Centre) Heliport,50.568649,-111.888312,2496.0,CA-AB,Brooks,no,CFV8,,CFV8
CFV9,heliport,Drayton Valley (Health Centre) Heliport,53.2117,-114.971001,2879.0,CA-AB,Drayton Valley,no,CFV9,,CFV9
CFW2,small_airport,Gordon Lake Airport,56.61669921875,-110.5,1600.0,CA-AB,Gordon Lake,no,CFW2,,CFW2
CFW4,small_airport,Muskeg Tower Airport,57.13750076293945,-110.89299774169922,2020.0,CA-AB,Muskeg Tower,no,CFW4,,CFW4
CFW5,small_airport,Taltson River Airport,60.394243,-111.347638,875.0,CA-NT,Taltson River,no,CFW5,,CFW5
CFW8,heliport,Grand Falls-Windsor Heliport,48.924796,-55.647293,157.0,CA-NL,Grand Falls,no,CFW8,,CFW8
CFX2,small_airport,Calgary / Okotoks Air Park,50.7352981567,-113.934997559,3601.0,CA-AB,Calgary,no,CFX2,,CFX2
CFX3,small_airport,Doig Airport,56.956315,-119.514886,3500.0,CA-AB,Doig,no,CFX3,,CFX3
CFX4,small_airport,Manning Municipal Airport,56.950802,-117.643997,1612.0,CA-AB,Manning,no,CFX4,,CFX4
CFX5,small_airport,Clarence and Abel Swallow Airport,52.730001,-72.221001,1560.0,CA-QC,Renard Diamond Mine,no,CFX5,,CFX5
CFX6,small_airport,Vulcan Airport,50.40447,-113.285223,3437.0,CA-AB,Vulcan,no,CFX6,,CFX6
CFX8,small_airport,Chestermere (Kirkby Field) Airport,51.04205,-113.754531,3339.0,CA-AB,Chestermere,no,CFX8,,CFX8
CFY2,small_airport,Grist Lake Airport,55.400001525878906,-110.48300170898438,2000.0,CA-AB,Grist Lake,no,CFY2,,CFY2
CFY4,small_airport,Winters Aire Park Airport,50.9048190147,-113.796215057,3370.0,CA-AB,Indus,no,CFY4,,CFY4
CFY5,small_airport,Pine Lake,60.10309982299805,-130.9340057373047,3250.0,CA-YT,Pine Lake,no,CFY5,,CFY5
CFY6,small_airport,Turner Valley Bar N Ranch Airport,50.65439987182617,-114.34400177001952,4210.0,CA-AB,Turner Valley Bar N Ranch,no,CFY6,,CFY6
CFZ3,small_airport,Schlenker Airport,49.971671,-110.72439,2365.0,CA-AB,Medicine Hat,no,CFZ3,,CFZ3
CFZ5,small_airport,Sundre / Goodwins Farm Airport,51.739805714700005,-114.662600756,3700.0,CA-AB,Sundre,no,CFZ5,,CFZ5
CGB2,small_airport,Bishell's Airport,51.582801818847656,-114.052001953125,3400.0,CA-AB,Carstairs,no,CGB2,,CGB2
CGB4,heliport,Nanaimo/Gabriola Island (Health Clinic) Heliport,49.178333,-123.83533,341.0,CA-BC,,no,CGB4,,
CGD2,seaplane_base,Alma (Rivière La Grande Décharge) Seaplane Base,48.563301,-71.615799,227.0,CA-QC,Alma,no,CGD2,,CGD2
CGE2,seaplane_base,Grand Etang Pubnico Water Aerodrome,43.6287,-65.8137,10.0,CA-NS,Lower West Pubnico,no,CGE2,,CGE2
CGF2,small_airport,Edmonton / Lechelt Field,53.576289,-112.982025,2400.0,CA-AB,Ardrossan,no,CGF2,,CGF2
CGF4,heliport,Boundary Hospital Heliport,49.030615,-118.469894,1747.0,CA-BC,Grand Forks,no,CGF4,,CGF4
CGF5,small_airport,Goodwood Field,53.345413,-114.155799,2393.0,CA-AB,Huggett,no,CGF5,,CGF5
CGF6,small_airport,Gilford,44.219444,-79.541667,738.0,CA-ON,,no,CGF6,,CGF6
CGF7,small_airport,Grenfel Field,44.353573,-79.790894,735.0,CA-ON,Barrie,no,CGF7,,CGF7
CGH2,heliport,James Paton Memorial Regional Health Centre Heliport,48.9552,-54.627374,432.0,CA-NL,Gander,no,CGH2,,CGH2
CGK2,small_airport,Gahcho Kue,63.435198,-109.144812,1371.0,CA-NT,Kennedy Lake,no,CGK2,GHK,CGK2
CGL2,small_airport,Harrow Airport,42.05939865112305,-82.8407974243164,610.0,CA-ON,Harrow,no,CGL2,,CGL2
CGL3,seaplane_base,Bala/Gibson Lake Seaplane Base,44.948601,-79.726097,635.0,CA-ON,,no,CGL3,,CGL3
CGL4,small_airport,Eaglesham (South) Airport,55.67110061645508,-117.93599700927734,1920.0,CA-AB,Eaglesham,no,CGL4,,CGL4
CGL5,heliport,Gun Lake Heliport,50.88970184326172,-122.84700012207033,2950.0,CA-BC,Gun Lake,no,CGL5,,CGL5
CGL6,heliport,Vancouver / Burnaby (Global BC) Heliport,49.2546009761,-122.935177088,262.0,CA-BC,Burnaby,no,CGL6,,
CGM2,heliport,Smoky Lake (George Mcdougall Health Centre) Heliport,54.12189865112305,-112.46600341796876,2200.0,CA-AB,Smoky Lake,no,CGM2,,CGM2
CGN3,small_airport,Gunnlaugson Airport,49.636701,-112.6916,3058.0,CA-AB,Lethbridge,no,CGN3,,CGN3
CGP2,heliport,Queen Elizabeth II Hospital Helipad,55.17597,-118.78757,2194.0,CA-AB,Grande Prairie,no,CGP2,,CGP2
CGP4,heliport,Grand Prairie Regional Hospital,55.179758,-118.824055,2180.0,CA-AB,Grand Prairie,no,CGP4,,CGP4
CGR2,heliport,Gold River (E & B Helicopters) Heliport,49.7533097005,-126.055626869,182.0,CA-BC,,no,CGR2,,
CGR3,small_airport,George Lake Aerodrome,65.928056,-107.462222,1150.0,CA-NU,,no,CGR3,,CGR3
CGR4,heliport,The Ridge Heliport,49.7832,-126.043701,478.0,CA-BC,Gold River,no,CGR4,,CGR4
CGR5,heliport,Viking Health Centre George H. Roddick Heliport,53.101667,-111.776667,2016.0,CA-AB,Viking,no,CGR5,,CGR5
CGR7,small_airport,Graham Field,46.391674,-67.725413,450.0,CA-NB,Centreville,no,CGR7,,CGR7
CGR8,heliport,Grovedale Fire Hall Heliport,55.021625,-118.861901,2188.0,CA-AB,Greenview No. 16,no,CGR8,,CGR8
CGS2,small_airport,Goose Lake Aerodrome,65.552778,-106.433611,907.0,CA-NU,,no,CGS2,,CGS2
CGV2,small_airport,Grand Valley / Luther Field,43.9758,-80.387848,1602.0,CA-ON,Grand Valley,no,CGV2,,
CGV3,small_airport,Grand Valley North Airfield,43.964207,-80.35611,1555.0,CA-ON,Grand Valley,no,,,CGV3
CGV5,small_airport,Grand Valley (Black Field),43.860092,-80.288687,1580.0,CA-ON,East Garafraxa,no,CGV5,,
CGV6,small_airport,Grand Valley/Martin Field,43.87469,-80.282185,1550.0,CA-ON,East Garafraxa,no,CGV6,,
CGV7,small_airport,Springvale Aerodrome,42.96983,-80.15953,741.0,CA-ON,Hagersville,no,CGV7,,
CHA2,seaplane_base,Hydravion Aventure Water Aerodrome,46.4778,-72.7761,115.0,CA-QC,St-Étienne-des-Grès,no,CHA2,,CHA2
CHA3,seaplane_base,Hydro Aéroport de Montréal,45.544,-73.515,23.0,CA-QC,Montréal,no,CHA3,,CHA3
CHB2,heliport,Hudson Bay Helicopters Heliport,58.7664,-94.1677,20.0,CA-MB,Churchill,no,CHB2,,CHB2
CHC3,heliport,Barrhead (Healthcare Centre) Heliport,54.1182820612,-114.400066137,2121.0,CA-AB,Barrhead,no,CHC3,,CHC3
CHC5,small_airport,Hayes Camp Aerodrome,66.661012,-91.55346,780.0,CA-NU,,no,CHC5,,CHC5
CHD2,heliport,Hardisty Health Centre Helipad,52.6689,-111.307101,2075.0,CA-AB,Hardistry,no,CHD2,,CHD2
CHD3,heliport,Hanna District Ambulance Heliport,51.651126,-111.92929,2687.0,CA-AB,Hanna,no,CHD3,,CHD3
CHD4,small_airport,Harydale Farms Airport,43.108333,-81.019167,1050.0,CA-ON,Thamesford,no,CHD4,,CHD4
CHF2,small_airport,Ottawa / Manotick (Hope Field),45.1906013489,-75.70860290530001,315.0,CA-ON,Manotick,no,CHF2,,CHF2
CHF3,small_airport,Hnatko Farms Airport,54.1996,-114.123502,2053.0,CA-AB,Westlock,no,CHF3,,CHF3
CHF5,small_airport,Harkes Field,43.857477,-81.143117,1103.0,CA-ON,Wroxeter,no,CHF5,,CHF5
CHG2,small_airport,Harbour Grace Airport,47.685708,-53.252433,325.0,CA-NL,Harbour Grace,no,CHG2,,CHG2
CHH2,seaplane_base,Hamilton Harbour Seaplane Base,43.2988,-79.8498,244.0,CA-ON,Burlington,no,CHH2,,CHH2
CHJ4,heliport,Boyle (Healthcare Centre) Heliport,54.588661,-112.801913,2150.0,CA-AB,Boyle,no,CHJ4,,CHJ4
CHL2,small_airport,Hillaton/Kings Aerodrome,45.1442,-64.4229,89.0,CA-NS,Hillaton,no,CHL2,,CHL2
CHL3,seaplane_base,Church Lake Seaplane Base,44.5588,-64.6117,280.0,CA-NS,Newburne,no,CHL3,,CHL3
CHL5,heliport,Monashee Helicopters Heliport,58.514165,-117.114725,1060.0,CA-AB,High Level,no,CHL5,,CHL5
CHL6,seaplane_base,Huntsville (North) Seaplane Base,45.331402,-79.258102,931.0,CA-ON,,no,CHL6,,CHL6
CHM2,small_airport,Spiritwood / H & M Fast Farms,53.275,-107.570278,2250.0,CA-SK,,no,CHM2,,CHM2
CHP2,seaplane_base,Heurisko Pond Water Aerodrome,43.7722,-80.3739,1420.0,CA-ON,Belwood,no,CHP2,,CHP2
CHP3,heliport,Mont-Tremblant/Heliport P3,46.1953,-74.571201,816.0,CA-QC,Mont-Tremblant,no,CHP3,,CHP3
CHQE,heliport,Queen Elizabeth II Health Science Centre Helipad,44.645955,-63.586624,260.0,CA-NS,Halifax,no,CHQE,,CHQE
CHR2,heliport,High River Hospital Helipad,50.5761,-113.8793,3411.0,CA-AB,High River,no,CHR2,,CHR2
CHS3,small_airport,Beck Farm Airport,49.3366,-113.5733,3695.0,CA-AB,Hillspring,no,CHS3,,CHS3
CHS4,seaplane_base,Scugog /Charlies Landing Seaplane Base,44.161301,-78.8245,816.0,CA-ON,Scugog,no,CHS4,,CHS4
CHS5,heliport,Heliport Senneville,45.4428,-73.9605,94.0,CA-QC,Montréal,no,CHS5,,CHS5
CHS7,heliport,Halifax (South End) Heliport,44.625429,-63.563392,13.0,CA-NS,Halifax,no,CHS7,,CHS7
CHT3,heliport,Mont Tremblant/St-Jovite Heli-Tremblant,46.114200592041016,-74.54139709472656,803.0,CA-QC,,no,CHT3,,CHT3
CHT4,heliport,Nelson (High Terrain Helicopters) Heliport,49.486702,-117.327201,1950.0,CA-BC,Nelson,no,CHT4,,CHT4
CHW2,heliport,Orangeville/Headwaters Healthcare Centre Heliport,43.919901,-80.0754,1520.0,CA-ON,Orangeville,no,CHW2,,CHW2
CIO2,heliport,Îles aux Oies Heliport,47.1375,-70.478333,3.0,CA-QC,Îles aux Oies,no,CIO2,,CIO2
CIV2,heliport,Invermere (Hospital) Heliport,50.507211,-116.032813,2900.0,CA-BC,Invermere,no,CIV2,,CIV2
CIW2,heliport,Halifax (IWK Health Centre) Heliport,44.636994,-63.58442,223.0,CA-NS,Halifax,no,CIW2,,CIW2
CJA2,small_airport,Selkirk Airport,42.8068,-79.9768,592.0,CA-ON,Selkirk,no,CJA2,,CJA2
CJA3,small_airport,Morden Regional Airport,49.208626,-98.063536,950.0,CA-MB,Morden,no,CJA3,,CJA3
CJA5,small_airport,Nestor Falls Airport,49.14030075073242,-93.91690063476562,1195.0,CA-ON,Nestor Falls,no,CJA5,,CJA5
CJA7,small_airport,Arcola Airport,49.626755,-102.485747,1985.0,CA-SK,Arcola,no,CJA7,,CJA7
CJA9,seaplane_base,Hudson Seaplane Base,50.099998,-92.166702,1171.0,CA-ON,,no,CJA9,,CJA9
CJB2,small_airport,Friendship Field,49.491443,-98.018189,882.0,CA-MB,Carman,no,CJB2,,CJB2
CJB3,small_airport,Steinbach Airport,49.54940032958984,-96.6793975830078,850.0,CA-MB,Steinbach,no,CJB3,,CJB3
CJB5,small_airport,Moosomin Airport,50.16859817504883,-101.6439971923828,1853.0,CA-SK,Moosomin,no,CJB5,,CJB5
CJB6,small_airport,Gods Lake Airport,54.780469,-93.718228,605.0,CA-MB,Gods Lake,yes,CJB6,,CJB6
CJB7,seaplane_base,Buffalo Narrows Seaplane Base,55.849998,-108.483002,1382.0,CA-SK,Buffalo Narrows,no,CJB7,,CJB7
CJB8,small_airport,Kyle Airport,50.833548,-108.069713,2175.0,CA-SK,Kyle,no,CJB8,,CJB8
CJC2,small_airport,Craik Airport,51.05609893798828,-105.83799743652344,1950.0,CA-SK,Craik,no,CJC2,,CJC2
CJC3,small_airport,Davidson Municipal Airport,51.247823,-105.976982,2025.0,CA-SK,Davidson,no,CJC3,,CJC3
CJC4,small_airport,Central Butte Airport,50.799715,-106.495712,2030.0,CA-SK,Central Butte,no,CJC4,,CJC4
CJC5,small_airport,Shaunavon Airport,49.658766,-108.406091,3028.0,CA-SK,Shaunavon,no,CJC5,,CJC5
CJC6,small_airport,Hafford Airport,52.732528,-107.374956,1935.0,CA-SK,Hafford,no,CJC6,,CJC6
CJC7,seaplane_base,Burditt Lake Seaplane Base,48.919399,-93.8022,1150.0,CA-ON,,no,CJC7,,CJC7
CJC8,small_airport,Laurie River Airport,56.2486000061,-101.304000854,1200.0,CA-MB,Laurie River,no,CJC8,LRQ,CJC8
CJD2,small_airport,Cudworth Municipal Airport,52.48329925537109,-105.71700286865234,1878.0,CA-SK,Cudworth,no,CJD2,,CJD2
CJD3,small_airport,Birch Hills Airport,52.99079895019531,-105.44499969482422,1500.0,CA-SK,Birch Hills,no,CJD3,,CJD3
CJD5,small_airport,Leader Airport,50.877883,-109.501977,2201.0,CA-SK,Leader,no,CJD5,,CJD5
CJD6,seaplane_base,Sand Point Lake Seaplane Base,48.333302,-92.449997,1119.0,CA-ON,,no,CJD6,,CJD6
CJD7,seaplane_base,Cambridge Bay Seaplane Base,69.122202,-105.021003,,CA-NU,Cambridge Bay,no,CJD7,,CJD7
CJD8,seaplane_base,Dryden Seaplane Base,49.762876,-92.830315,1208.0,CA-ON,Dryden,no,CJD8,,CJD8
CJD9,seaplane_base,Ignace Seaplane Base,49.416698,-91.666702,1486.0,CA-ON,,no,CJD9,,CJD9
CJE2,small_airport,Dore Lake Airport,54.61669921875,-107.38300323486328,1565.0,CA-SK,Dore Lake,no,CJE2,,CJE2
CJE3,small_airport,Weyburn Airport,49.6974983215332,-103.8010025024414,1934.0,CA-SK,Weyburn,no,CJE3,,CJE3
CJE4,small_airport,Snow Lake Airport,54.89720153808594,-99.81890106201172,993.0,CA-MB,Snow Lake,no,CJE4,,CJE4
CJE5,small_airport,Glaslyn Airport,53.377201080322266,-108.34200286865234,2250.0,CA-SK,Glaslyn,no,CJE5,,CJE5
CJE7,small_airport,Ashern Airport,51.158599853515625,-98.33190155029295,976.0,CA-MB,Ashern,no,CJE7,,CJE7
CJE8,seaplane_base,Ear Falls Seaplane Base,50.583302,-93.166702,1171.0,CA-ON,,no,CJE8,,CJE8
CJE9,heliport,Eagle Island Heliport,45.177549,-79.696097,830.0,CA-ON,Lake Joseph,no,CJE9,,CJE9
CJF2,seaplane_base,Carignan/Rivière L’Acadie Water Aerodrome,45.4736,-73.2948,32.0,CA-QC,Carignan,no,CJF2,,CJF2
CJF3,small_airport,Île-à-la-Crosse Airport,55.48970031738281,-107.93000030517578,1394.0,CA-SK,Île-à-la-Crosse,no,CJF3,,CJF3
CJF4,small_airport,Jaques Farms Airport,50.860523,-110.651743,2000.0,CA-AB,Buffalo,no,CJF4,,CJF4
CJF6,seaplane_base,Armstrong Seaplane Base,50.25,-89.050003,1120.0,CA-ON,,no,CJF6,,CJF6
CJF8,small_airport,Biggar Airport,52.05110168457031,-107.98799896240234,2130.0,CA-SK,Biggar,no,CJF8,,CJF8
CJG2,small_airport,Eatonia (Elvie Smith) Municipal Airport,51.219456,-109.392879,2365.0,CA-SK,Eatonia,no,CJG2,,CJG2
CJG6,heliport,Kenora (Lake of the Woods District Hospital) Heliport,49.76860046386719,-94.4989013671875,1100.0,CA-ON,Kenora,no,CJG6,,CJG6
CJH2,small_airport,Gilbert Plains Airport,51.13330078125,-100.5,1310.0,CA-MB,Gilbert Plains,no,CJH2,,CJH2
CJH3,small_airport,Maidstone Airport,53.097922,-109.328815,1975.0,CA-SK,Maidstone,no,CJH3,,CJH3
CJH4,small_airport,Ferland Airport,49.44499969482422,-106.93199920654295,2550.0,CA-SK,Ferland,no,CJH4,,CJH4
CJH6,seaplane_base,Atikokan Seaplane Base,48.766701,-91.666702,1296.0,CA-ON,Atikokan,no,CJH6,,CJH6
CJH8,small_airport,Leask Airport,53.016700744628906,-106.75,1715.0,CA-SK,Leask,no,CJH8,,CJH8
CJJ2,small_airport,Glenboro Airport,49.54999923706055,-99.3332977294922,1240.0,CA-MB,Glenboro,no,CJJ2,,CJJ2
CJJ3,small_airport,Wildwood / Loche Mist Farms Airstrip,53.546531,-115.260657,2880.0,CA-AB,Wildwood,no,CJJ3,,CJJ3
CJJ4,small_airport,Deloraine Airport,49.15060043334961,-100.5009994506836,1680.0,CA-MB,Deloraine,no,CJJ4,,CJJ4
CJJ5,small_airport,Cabri Airport,50.619355,-108.470221,2175.0,CA-SK,Cabri,no,CJJ5,,CJJ5
CJJ7,seaplane_base,Churchill Seaplane Base,58.700004,-94.050004,46.0,CA-MB,Churchill,no,CJJ7,,CJJ7
CJJ8,small_airport,Macklin Airport,52.343616,-109.920215,2280.0,CA-SK,Macklin,no,CJJ8,,CJJ8
CJK2,small_airport,Gunisao Lake Airport,53.52000045776367,-96.37110137939452,886.0,CA-MB,Gunisao Lake,no,CJK2,,CJK2
CJK3,small_airport,Beauval Airport,55.11029815673828,-107.71600341796876,1436.0,CA-SK,Beauval,no,CJK3,,CJK3
CJK4,small_airport,Esterhazy Airport,50.642799377441406,-102.0999984741211,1700.0,CA-SK,Esterhazy,no,CJK4,,CJK4
CJK5,small_airport,Gull Lake Airport,50.05780029296875,-108.48999786376952,2665.0,CA-SK,Gull Lake,no,CJK5,,CJK5
CJK6,seaplane_base,Baker Lake Seaplane Base,64.314,-96.014,8.0,CA-NU,Baker Lake,no,CJK6,,CJK6
CJK8,seaplane_base,Flin Flon/Channing Seaplane Base,54.746415,-101.828,957.0,CA-MB,Flin Flon,no,CJK8,,CJK8
CJK9,small_airport,Preeceville Airport,51.95000076293945,-102.6500015258789,1750.0,CA-SK,Preeceville,no,CJK9,,CJK9
CJL2,small_airport,Hatchet Lake Airport,58.662498474121,-103.53800201416,1362.0,CA-SK,Hatchet Lake,no,CJL2,YDJ,CJL2
CJL4,small_airport,La Loche Airport,56.47330093383789,-109.40399932861328,1501.0,CA-SK,La Loche,no,CJL4,,CJL4
CJL5,small_airport,Winnipeg / Lyncrest Airport,49.852501,-96.973602,775.0,CA-MB,Winnipeg,no,CJL5,,CJL5
CJL6,small_airport,Altona Municipal Airport,49.093069,-97.52926,806.0,CA-MB,Altona,no,CJL6,,CJL6
CJL7,seaplane_base,Confederation Lake Seaplane Base,51.049999,-92.833298,1323.0,CA-ON,,no,CJL7,,CJL7
CJL8,small_airport,Kasba Lake Airport,60.291900634766,-102.50199890137,1131.0,CA-NT,Kasba Lake,no,CJL8,YDU,CJL8
CJL9,small_airport,Radisson Airport,52.46310043334961,-107.3769989013672,1675.0,CA-SK,Radisson,no,CJL9,,CJL9
CJM2,small_airport,Ituna Airport,51.14609909057617,-103.4260025024414,2200.0,CA-SK,Ituna,no,CJM2,,CJM2
CJM4,small_airport,Gravelbourg Airport,49.866207122802734,-106.57107543945312,2296.0,CA-SK,Gravelbourg,no,CJM4,,CJM4
CJM5,small_airport,Frontier Airport,49.172523,-108.574636,2960.0,CA-SK,Frontier,no,CJM5,,CJM5
CJM6,small_airport,Arborfield Airport,53.1077995300293,-103.6510009765625,1183.0,CA-SK,Arborfield,no,CJM6,,CJM6
CJM8,seaplane_base,Fort Frances Seaplane Base,48.6278,-93.357801,1107.0,CA-ON,Fort Frances,no,CJM8,,CJM8
CJM9,seaplane_base,Kenora Seaplane Base,49.767424,-94.49274,1060.0,CA-ON,,no,CJM9,,CJM9
CJN2,small_airport,Kamsack Airport,51.55970001220703,-101.87899780273438,1510.0,CA-SK,Kamsack,no,CJN2,,CJN2
CJN3,heliport,Ignace Heliport,49.407558,-91.634453,1500.0,CA-ON,Ignace,no,CJN3,,CJN3
CJN4,small_airport,Assiniboia Airport,49.73469924926758,-105.9469985961914,2370.0,CA-SK,Assiniboia,no,CJN4,,CJN4
CJN5,small_airport,Corman Air Park,52.000579,-106.462752,1690.0,CA-SK,Saskatoon,no,CJN5,,CJN5
CJN7,small_airport,Little Churchill River / Dunlop's Fly-In Lodge Airport,56.5800018311,-96.2474975586,700.0,CA-MB,Little Churchill River,no,CJN7,,CJN7
CJN8,seaplane_base,Fort Reliance Seaplane Base,62.7,-109.167,514.0,CA-NT,Fort Reliance,no,CJN8,YFL,CJN8
CJO3,seaplane_base,Jenkins Cove Water Aerodrome,45.593833,-65.957,20.0,CA-NB,Kars,no,CJO3,,CJO3
CJP2,small_airport,Kerrobert Airport,51.92689895629883,-109.12899780273438,2208.0,CA-SK,Kerrobert,no,CJP2,,CJP2
CJP3,seaplane_base,Savant Lake (Sturgeon Lake) Seaplane Base,50.188354,-90.689043,1342.0,CA-ON,,no,CJP3,,CJP3
CJP4,heliport,Jim Pattison Children' Hospital Helipad,52.13203,-106.6424,1758.0,CA-SK,Saskatoon,no,CJP4,,CJP4
CJP5,seaplane_base,Kasba Lake Seaplane Base,60.283298,-102.516998,1089.0,CA-NT,,no,CJP5,,CJP5
CJP6,small_airport,Camsell Portage Airport,59.61000061035156,-109.26699829101562,750.0,CA-SK,Camsell Portage,no,CJP6,,CJP6
CJP7,small_airport,Bird River (Lac Du Bonnet) Airport,50.39670181274414,-95.73500061035156,950.0,CA-MB,Bird River,no,CJP7,,CJP7
CJP8,seaplane_base,Gillam Seaplane Base,56.354401,-94.656403,470.0,CA-MB,,no,CJP8,,CJP8
CJP9,small_airport,Charlot River Airport,59.60169982910156,-109.13700103759766,700.0,CA-SK,Charlot River,no,CJP9,,CJP9
CJQ2,small_airport,Lampman Airport,49.36669921875,-102.76699829101562,1950.0,CA-SK,Lampman,no,CJQ2,,CJQ2
CJQ3,small_airport,Carlyle Airport,49.64440155029297,-102.28700256347656,2074.0,CA-SK,Carlyle,no,CJQ3,,CJQ3
CJQ4,small_airport,Maple Creek Airport,49.89580154418945,-109.4749984741211,2517.0,CA-SK,Maple Creek,no,CJQ4,,CJQ4
CJQ6,small_airport,Tanquary Fiord Airport,81.409422,-76.867901,50.0,CA-NU,Tanquary Fiord,no,CJQ6,,CJQ6
CJQ8,small_airport,Maryfield Aerodrome,49.846387,-101.514167,1885.0,CA-SK,Maryfield,no,CJQ8,,CJQ8
CJQ9,small_airport,Big Sand Lake Airport,57.61940002441406,-99.87529754638672,1050.0,CA-MB,Big Sand Lake,no,CJQ9,,CJQ9
CJR2,small_airport,Luseland Airport,52.069453,-109.375052,2300.0,CA-SK,Luseland,no,CJR2,,CJR2
CJR3,small_airport,The Pas / Grace Lake Airport,53.8264007568,-101.205001831,873.0,CA-MB,The Pas,no,CJR3,,CJR3
CJR4,small_airport,Eston Airport,51.14419937133789,-108.76300048828124,2225.0,CA-SK,Eston,no,CJR4,,CJR4
CJR5,small_airport,Gladstone Airport,50.16360092163086,-98.94249725341795,900.0,CA-MB,Gladstone,no,CJR5,,CJR5
CJR7,small_airport,Canora Airport,51.628876,-102.449101,1603.0,CA-SK,Canora,no,,,
CJR8,small_airport,Mccreary Airport,50.76470184326172,-99.49669647216795,1000.0,CA-MB,Mccreary,no,CJR8,,CJR8
CJR9,small_airport,Naicam Airport,52.411399841308594,-104.48400115966795,1780.0,CA-SK,Naicam,no,CJR9,,CJR9
CJS2,small_airport,Malcolm Island Airport,56.94940185546875,-102.23899841308594,1120.0,CA-SK,Malcolm Island,no,CJS2,,CJS2
CJS3,small_airport,Cluff Lake Airport,58.3911018372,-109.51599884,1112.0,CA-SK,Cluff Lake,no,CJS3,XCL,CJS3
CJS4,small_airport,Moose Jaw Municipal Airport,50.43466,-105.387744,1896.0,CA-SK,Moose Jaw,no,CJS4,,CJS4
CJS5,small_airport,Killarney Municipal Airport,49.15169906616211,-99.69029998779295,1680.0,CA-MB,Killarney,no,CJS5,,CJS5
CJS6,seaplane_base,Big Hook Wilderness Camp Seaplane Base,53.5667,-92.949997,860.0,CA-ON,,no,CJS6,,CJS6
CJS7,small_airport,Carman (South) Airport,49.48030090332031,-98.01499938964844,870.0,CA-MB,Carman,no,CJS7,,CJS7
CJS8,seaplane_base,Gods Lake Narrows Seaplane Base,54.54999923706055,-94.4666976928711,595.0,CA-MB,,no,CJS8,,CJS8
CJS9,seaplane_base,Lac Du Bonnet (North) Seaplane Base,50.283298,-96.0,836.0,CA-MB,,no,CJS9,,CJS9
CJT2,small_airport,Matheson Island Airport,51.732200622558594,-96.93440246582033,725.0,CA-MB,Matheson Island,no,CJT2,,CJT2
CJT3,small_airport,Knee Lake Airport,54.915298,-94.798103,625.0,CA-MB,Knee Lake,no,CJT3,YKE,CJT3
CJT4,small_airport,Cumberland House Airport,53.95610046386719,-102.2979965209961,877.0,CA-SK,Cumberland House,no,CJT4,,CJT4
CJT5,small_airport,Melita Airport,49.26169967651367,-101.01399993896484,1475.0,CA-MB,Melita,no,CJT5,,CJT5
CJT7,seaplane_base,Cushing Lake Seaplane Base,48.94419860839844,-90.50859832763672,1500.0,CA-ON,,no,CJT7,,CJT7
CJT8,small_airport,Homewood Airport,49.50920104980469,-97.85060119628906,815.0,CA-MB,Homewood,no,CJT8,,CJT8
CJT9,small_airport,Leoville Airport,53.620601654052734,-107.60900115966795,1960.0,CA-SK,Leoville,no,CJT9,,CJT9
CJU3,small_airport,Macdonald Airport,50.09640121459961,-98.50080108642578,840.0,CA-MB,Macdonald,no,CJU3,,CJU3
CJU4,small_airport,Humboldt Airport,52.17610168457031,-105.1269989013672,1865.0,CA-SK,Humboldt,no,CJU4,,CJU4
CJU5,small_airport,Minnedosa Airport,50.27190017700195,-99.76309967041016,1840.0,CA-MB,Minnedosa,no,CJU5,,CJU5
CJU6,small_airport,Arborg Airport,50.91279983520508,-97.3043975830078,765.0,CA-MB,Arborg,no,CJU6,,CJU6
CJU7,small_airport,Edam Airport,53.185001373291016,-108.78900146484376,1790.0,CA-SK,Edam,no,CJU7,,CJU7
CJU9,seaplane_base,Lac La Croix Water Aerodrome,48.3545,-92.215,1184.0,CA-ON,,no,,,
CJV2,small_airport,Neilburg Airport,52.83140182495117,-109.63999938964844,2222.0,CA-SK,Neilburg,no,CJV2,,CJV2
CJV4,small_airport,Otter Lake Airport,55.5811004639,-104.785003662,1300.0,CA-SK,Otter Lake,no,CJV4,,CJV4
CJV5,small_airport,Neepawa Airport,50.2327995300293,-99.5105972290039,1277.0,CA-MB,Neepawa,no,CJV5,,CJV5
CJV7,small_airport,Summer Beaver Airport,52.70859909057617,-88.54190063476562,832.0,CA-ON,Summer Beaver,yes,CJV7,SUR,CJV7
CJV8,small_airport,Grand Rapids Airport,53.17250061035156,-99.3230972290039,860.0,CA-MB,Grand Rapids,no,CJV8,,CJV8
CJV9,small_airport,Melville Municipal Airport,50.94139862060547,-102.73799896240234,1800.0,CA-SK,Melville,no,CJV9,,CJV9
CJW2,small_airport,Oxbow Airport,49.23329925537109,-102.1500015258789,1850.0,CA-SK,Oxbow,no,CJW2,,CJW2
CJW3,small_airport,Loon Lake Airport,54.0182991027832,-109.13500213623048,1790.0,CA-SK,Loon Lake,no,CJW3,,CJW3
CJW4,small_airport,Pelican Narrows Airport,55.28689956665039,-102.75,1242.0,CA-SK,Pelican Narrows,no,CJW4,,CJW4
CJW5,small_airport,Russell Airport,50.7658,-101.294998,1825.0,CA-MB,Russell,no,CJW5,,CJW5
CJW7,small_airport,Cigar Lake Airport,58.0531005859375,-104.48400115966795,1562.0,CA-SK,Cigar Lake,no,CJW7,,CJW7
CJW8,seaplane_base,Gunisao Lake Seaplane Base,53.516701,-96.366699,866.0,CA-MB,,no,CJW8,,CJW8
CJX3,heliport,La Ronge Heliport,55.11470031738281,-105.29499816894533,1225.0,CA-SK,La Ronge,no,CJX3,,CJX3
CJX4,small_airport,Rosetown Airport,51.564462,-107.916649,1920.0,CA-SK,Rosetown,no,CJX4,,CJX4
CJX5,small_airport,Souris Glenwood Industrial Air Park,49.63330078125,-100.1999969482422,1480.0,CA-MB,Souris Glenwood,no,CJX5,,CJX5
CJX6,seaplane_base,Bird River Seaplane Base,50.400002,-95.75,826.0,CA-MB,,no,CJX6,,CJX6
CJX8,seaplane_base,Hatchet Lake Seaplane Base,58.633301,-103.583,1286.0,CA-SK,,no,CJX8,,CJX8
CJY3,small_airport,Tisdale Airport,52.836700439453,-104.06700134277,1525.0,CA-SK,Tisdale,no,CJY3,YTT,CJY3
CJY4,small_airport,Sandy Bay Airport,55.54560089111328,-102.27200317382812,1001.0,CA-SK,Sandy Bay,no,CJY4,,CJY4
CJY5,small_airport,Strathclair Airport,50.39609909057617,-100.4250030517578,1875.0,CA-MB,Strathclair,no,CJY5,,CJY5
CJY6,seaplane_base,Bissett Seaplane Base,51.016701,-95.683296,824.0,CA-MB,,no,CJY6,,CJY6
CJZ2,small_airport,Portage La Prairie (North) Airport,49.99250030517578,-98.3031005859375,860.0,CA-MB,Portage La Prairie,no,CJZ2,,CJZ2
CJZ3,small_airport,Melfort Airport,52.86669921875,-104.6999969482422,1495.0,CA-SK,Melfort,no,CJZ3,,CJZ3
CJZ4,small_airport,Shellbrook Airport,53.22829818725586,-106.36299896240234,1640.0,CA-SK,Shellbrook,no,CJZ4,,CJZ4
CJZ6,seaplane_base,Black Lake Seaplane Base,59.150002,-105.550003,909.0,CA-SK,,no,CJZ6,,CJZ6
CJZ7,seaplane_base,Deer Lake/Keyamawun Seaplane Base,52.66669845581055,-94.4167022705078,1017.0,CA-ON,,no,CJZ7,,CJZ7
CJZ9,seaplane_base,La Ronge Seaplane Base,55.099998,-105.282997,1193.0,CA-SK,,no,CJZ9,,CJZ9
CKA2,small_airport,Heffley Creek Airstrip,50.868973,-120.274115,,CA-BC,Kamloops,no,CKA2,,CKA2
CKA3,seaplane_base,Leaf Rapids Seaplane Base,56.549999,-99.933296,849.0,CA-MB,,no,CKA3,,CKA3
CKA4,small_airport,Zhoda Airport,49.280799865722656,-96.5010986328125,950.0,CA-MB,Zhoda,no,CKA4,,CKA4
CKA6,seaplane_base,Sioux Lookout Seaplane Base,50.0919,-91.912498,1171.0,CA-ON,,no,CKA6,,CKA6
CKA8,small_airport,St. François Xavier Airport,49.92440032958984,-97.54889678955078,798.0,CA-MB,St. François Xavier,no,CKA8,,CKA8
CKA9,small_airport,Southend Airport / Hans Ulricksen Field,56.3372,-103.292999,1120.0,CA-SK,Southend,no,CKA9,,CKA9
CKB2,small_airport,Patuanak Airport,55.900001525878906,-107.72100067138672,1426.0,CA-SK,Patuanak,no,CKB2,,CKB2
CKB3,heliport,Kootenay Boundary Regional Hospital Heliport,49.103583,-117.700315,1526.0,CA-BC,Trail,no,CKB3,,CKB3
CKB4,seaplane_base,Otter Lake Seaplane Base,55.599998,-104.766998,1143.0,CA-SK,,no,CKB4,,CKB4
CKB5,seaplane_base,Sandy Bay Seaplane Base,55.516701,-102.317001,933.0,CA-SK,,no,CKB5,,CKB5
CKB6,small_airport,Wapekeka Airport,53.84920120239258,-89.57939910888672,712.0,CA-ON,Angling Lake,yes,CKB6,YAX,CKB6
CKB7,small_airport,Roblin Airport,51.23440170288086,-101.39299774169922,1821.0,CA-MB,Roblin,no,CKB7,,CKB7
CKB8,small_airport,Silver Falls Airport,50.5,-96.0980987548828,775.0,CA-MB,Silver Falls,no,CKB8,,CKB8
CKB9,seaplane_base,Shoal Lake Seaplane Base,50.4333,-100.599998,,CA-MB,,no,CKB9,,CKB9
CKC2,seaplane_base,Points North Landing Seaplane Base,58.266701,-104.083,,CA-SK,,no,CKC2,,CKC2
CKC5,seaplane_base,Selkirk Seaplane Base,50.166698,-96.866699,735.0,CA-MB,,no,CKC5,,CKC5
CKC6,small_airport,Lanigan Airport,51.84529876708984,-104.99199676513672,1750.0,CA-SK,Lanigan,no,CKC6,,CKC6
CKC7,small_airport,Rockglen Airport,49.16669845581055,-105.93299865722656,2700.0,CA-SK,Rockglen,no,CKC7,,CKC7
CKC8,small_airport,Somerset Airport,49.400299072265625,-98.69249725341795,1563.0,CA-MB,Somerset,no,CKC8,,CKC8
CKC9,small_airport,Pangman Airport,49.64640045166016,-104.66600036621094,2300.0,CA-SK,Pangman,no,CKC9,,CKC9
CKD2,small_airport,Porcupine Plain Airport,52.61970138549805,-103.2480010986328,1635.0,CA-SK,Porcupine Plain,no,CKD2,,CKD2
CKD3,seaplane_base,Lynn Lake (Eldon Lake) Seaplane Base,56.8172,-101.018997,1100.0,CA-MB,,no,CKD3,,CKD3
CKD5,small_airport,Kipling Airport,50.09920120239258,-102.60700225830078,2157.0,CA-SK,Kipling,no,CKD5,,CKD5
CKD6,seaplane_base,Thompson Seaplane Base,55.75,-97.833298,596.0,CA-MB,,no,CKD6,,CKD6
CKD7,small_airport,Roland (Graham Field) Airport,49.40829849243164,-97.9906005859375,865.0,CA-MB,Roland,no,CKD7,,CKD7
CKD8,small_airport,Kirkfield / Balsam Lake Airfield,44.539988,-78.88926,864.0,CA-ON,Kirkfield,no,CKD8,,
CKD9,small_airport,Slate Falls Airport,51.130001,-91.665604,1355.0,CA-ON,Slate Falls,yes,CKD9,,CKD9
CKE2,small_airport,Quill Lake Airport,52.06669998168945,-104.26699829101562,1750.0,CA-SK,Quill Lake,no,CKE2,,CKE2
CKE4,seaplane_base,Pelican Narrows Seaplane Base,55.166698,-102.932999,1030.0,CA-SK,,no,CKE4,,CKE4
CKE5,seaplane_base,Sandy Lake Seaplane Base,53.049999,-93.333298,901.0,CA-ON,,no,CKE5,,CKE5
CKE6,seaplane_base,Thunder Bay Seaplane Base,48.450001,-89.166702,601.0,CA-ON,,no,CKE6,,CKE6
CKE8,small_airport,Unity Airport,52.44580078125,-109.18499755859376,2090.0,CA-SK,Unity,no,CKE8,,CKE8
CKE9,heliport,Nipigon (District Memorial Hospital) Heliport,49.0161018371582,-88.27890014648438,761.0,CA-ON,Nipigon,no,CKE9,,CKE9
CKF2,small_airport,Radville Airport,49.46060180664063,-104.27200317382812,2067.0,CA-SK,Radville,no,CKF2,,CKF2
CKF3,heliport,Atikokan General Hospital Heliport,48.7547,-91.5967,1285.0,CA-ON,Atikokan,no,CKF3,,CKF3
CKF4,small_airport,Goodsoil Airport,54.41669845581055,-109.23300170898438,1750.0,CA-SK,Goodsoil,no,CKF4,,CKF4
CKF5,seaplane_base,Kashabowie/Upper Shebandowan Lake Seaplane Base,48.650002,-90.400002,1474.0,CA-ON,,no,CKF5,,CKF5
CKF6,small_airport,Macgregor Airport,49.96670150756836,-98.75,950.0,CA-MB,Macgregor,no,CKF6,,CKF6
CKF7,heliport,Sioux Lookout Heliport,50.06669998168945,-91.9167022705078,1181.0,CA-ON,Sioux Lookout,no,CKF7,,CKF7
CKF8,small_airport,Cookstown / Kirby Field Aerodrome,44.132675,-79.723825,704.0,CA-ON,Cookstown,no,CKF8,,CKF8
CKF9,small_airport,De Lesseps Lake Airport,50.71749877929688,-90.68360137939452,1312.0,CA-ON,De Lesseps Lake,no,CKF9,,CKF9
CKG2,small_airport,Riverton Airport,50.971805,-96.998889,725.0,CA-MB,Riverton,no,CKG2,,CKG2
CKG4,seaplane_base,Pickle Lake Seaplane Base,51.466702,-90.199997,1180.0,CA-ON,,no,CKG4,,CKG4
CKG5,small_airport,Manitou Airport,49.25,-98.5333023071289,1592.0,CA-MB,Manitou,no,CKG5,,CKG5
CKG6,seaplane_base,Uranium City Seaplane Base,59.564809,-108.599869,820.0,CA-SK,Uranium City,no,CKG6,,CKG6
CKG8,small_airport,Kakabeka Falls Airport,48.41830062866211,-89.60189819335938,1000.0,CA-ON,Kakabeka Falls,no,CKG8,,CKG8
CKH2,small_airport,Rocanville Airport,50.46469879150391,-101.5540008544922,1585.0,CA-SK,Rocanville,no,CKH2,,CKH2
CKH3,small_airport,Debden Airport,53.53189849853516,-106.88400268554688,1700.0,CA-SK,Debden,no,CKH3,,CKH3
CKH4,seaplane_base,Pikangikum Seaplane Base,51.799999,-93.983299,1076.0,CA-ON,Pikangikum,no,CKH4,,CKH4
CKH6,seaplane_base,Vermilion Bay Seaplane Base,49.8688,-93.402501,1278.0,CA-ON,Vermilion Bay,no,CKH6,,CKH6
CKH7,small_airport,Spiritwood Airport,53.36330032348633,-107.5479965209961,1915.0,CA-SK,Spiritwood,no,CKH7,,CKH7
CKH8,small_airport,Lumsden (Colhoun) Airport,50.66749954223633,-104.78900146484376,1900.0,CA-SK,Lumsden,no,CKH8,,CKH8
CKH9,heliport,Kelowna General Hospital Helipad,49.8743,-119.4924,1180.0,CA-BC,Kelowna,no,CKH9,,CKH9
CKJ2,small_airport,Rosenort Airport,49.45309829711914,-97.42250061035156,779.0,CA-MB,Rosenort,no,CKJ2,,CKJ2
CKJ3,seaplane_base,Mcgavock Lake Seaplane Base,56.5667,-101.5,1100.0,CA-MB,,no,CKJ3,,CKJ3
CKJ4,small_airport,Hanley Airport,51.62419891357422,-106.44200134277344,1925.0,CA-SK,Hanley,no,CKJ4,,CKJ4
CKJ5,seaplane_base,Silver Falls Seaplane Base,50.5,-96.099998,755.0,CA-MB,,no,CKJ5,,CKJ5
CKJ7,small_airport,Starbuck Airport,49.706132,-97.677926,785.0,CA-MB,Starbuck,no,CKJ7,,CKJ7
CKJ8,small_airport,Molson Lake Airport,54.25809860229492,-97.01110076904295,750.0,CA-MB,Molson Lake,no,CKJ8,,CKJ8
CKJ9,small_airport,Lemberg Airport,50.70890045166016,-103.1969985961914,2050.0,CA-SK,Lemberg,no,CKJ9,,CKJ9
CKK2,small_airport,St. Brieux Airport,52.650001525878906,-104.86699676513672,1780.0,CA-SK,St. Brieux,no,CKK2,,CKK2
CKK3,small_airport,Scobey Border Station Airport,49.000001,-105.399338,2501.0,CA-SK,Coronach,no,CKK3,,CKK3
CKK4,small_airport,Estevan (South) Airport,49.03889846801758,-102.97599792480467,1900.0,CA-SK,Estevan,no,CKK4,,CKK4
CKK6,seaplane_base,Wabowden Seaplane Base,54.91669845581055,-98.61669921875,744.0,CA-MB,,no,CKK6,,CKK6
CKK7,small_airport,Steinbach (South) Airport,49.493900299072266,-96.69889831542967,888.0,CA-MB,Steinbach,no,CKK7,,CKK7
CKK8,seaplane_base,Staunton Lake Seaplane Base,50.383099,-90.6586,1365.0,CA-ON,,no,CKK8,,CKK8
CKL2,small_airport,Selkirk Airport,50.172308,-96.870346,747.0,CA-MB,Selkirk,no,CKL2,,CKL2
CKL3,small_airport,Wunnumin Lake Airport,52.893902,-89.2892,819.0,CA-ON,Wunnumin Lake,yes,CKL3,WNN,CKL3
CKL5,small_airport,Shoal Lake Airport,50.457003,-100.609267,1836.0,CA-MB,Shoal Lake,no,CKL5,,CKL5
CKL6,small_airport,Little Bear Lake Airport,54.291900634765625,-104.6709976196289,2100.0,CA-SK,Little Bear Lake,no,CKL6,,CKL6
CKL8,heliport,Upsala Heliport,49.049786,-90.469481,1581.0,CA-ON,Upsala,no,CKL8,,CKL8
CKL9,small_airport,Regina Beach Airport,50.75279998779297,-104.97899627685548,1850.0,CA-SK,Regina Beach,no,CKL9,,CKL9
CKM2,small_airport,Sioux Narrows Airport,49.38999938964844,-93.99530029296876,1100.0,CA-ON,Sioux Narrows,no,CKM2,,CKM2
CKM3,heliport,Shilo Heliport,49.799999,-99.633301,1225.0,CA-MB,Shilo,no,CKM3,,CKM3
CKM4,small_airport,Jan Lake Airport,54.8307991027832,-102.78900146484376,1135.0,CA-SK,Jan Lake,no,CKM4,,CKM4
CKM5,seaplane_base,Snow Lake Seaplane Base,54.883301,-100.032997,890.0,CA-MB,,no,CKM5,,CKM5
CKM6,small_airport,Easterville Airport,53.11669921875,-99.8000030517578,850.0,CA-MB,Easterville,no,CKM6,,CKM6
CKM7,heliport,Thompson Heliport,55.7074225009,-97.8912359476,702.0,CA-MB,Thompson,no,CKM7,,CKM7
CKM8,small_airport,Opapimiskan Lake Airport,52.6067008972,-90.3768997192,1023.0,CA-ON,Opapimiskan Lake,no,CKM8,YBS,CKM8
CKM9,heliport,Camp Aldershot Heliport,45.093842,-64.509382,100.0,CA-NS,Kentville,no,CKM9,,CKM9
CKN5,small_airport,Fillmore Airport,49.868900299072266,-103.44499969482422,2000.0,CA-SK,Fillmore,no,CKN5,,CKN5
CKN8,small_airport,Nekweaga Bay Airport,57.74250030517578,-103.94499969482422,1320.0,CA-SK,Nekweaga Bay,no,CKN8,,CKN8
CKN9,heliport,Shilo (Flewin Field) Heliport,49.780799865722656,-99.63890075683594,1223.0,CA-MB,Shilo,no,CKN9,,CKN9
CKP2,small_airport,Spring Valley (North) Airport,50.05692,-105.403061,2200.0,CA-SK,Spring Valley,no,CKP2,,CKP2
CKP3,seaplane_base,Minaki/Pistol Lake Seaplane Base,49.983299,-94.716698,1037.0,CA-ON,,no,CKP3,,CKP3
CKP5,seaplane_base,Southend Seaplane Base,56.333302,-103.282997,1106.0,CA-SK,,no,CKP5,,CKP5
CKP6,seaplane_base,Round Lake (Weagamow Lake) Seaplane Base,52.948299,-91.349197,951.0,CA-ON,,no,CKP6,,CKP6
CKP7,heliport,Sensenbrenner Hospital Heliport,49.4264,-82.426501,725.0,CA-ON,Kapuskasing,no,CKP7,,CKP7
CKP8,seaplane_base,Obre Lake/North of Sixty Seaplane Base,60.320301,-103.126999,,CA-NT,,no,CKP8,,CKP8
CKQ2,small_airport,Squaw Rapids Airport,53.6786003112793,-103.3499984741211,1040.0,CA-SK,Squaw Rapids,no,CKQ2,,CKQ2
CKQ3,small_airport,North Spirit Lake Airport,52.4900016784668,-92.97109985351562,1082.0,CA-ON,North Spirit Lake,yes,CKQ3,YNO,CKQ3
CKQ4,seaplane_base,Rainy River Seaplane Base,48.716702,-94.566704,1062.0,CA-ON,,no,CKQ4,,CKQ4
CKQ5,small_airport,Lucky Lake Airport,50.994095,-107.129846,2084.0,CA-SK,Lucky Lake,no,CKQ5,,CKQ5
CKQ6,small_airport,Erickson Municipal Airport,50.4994010925293,-99.89779663085938,2114.0,CA-MB,Erickson,no,CKQ6,,CKQ6
CKQ7,small_airport,Vermilion Bay Airport,49.87969970703125,-93.4364013671875,1284.0,CA-ON,Vermilion Bay,no,CKQ7,,CKQ7
CKQ8,small_airport,McArthur River Airport,57.76750183105469,-105.02400207519533,1718.0,CA-SK,Mcarthur River,no,CKQ8,,CKQ8
CKQ9,small_airport,Pine Dock Airport,51.619998931884766,-96.81079864501952,750.0,CA-MB,Pine Dock,no,CKQ9,,CKQ9
CKR2,heliport,Kerrobert Heliport,51.912769,-109.133416,2275.0,CA-SK,Kerrobert,no,CKR2,,CKR2
CKR4,small_airport,Lundar Airport,50.70330047607422,-98.05670166015624,830.0,CA-MB,Lundar,no,CKR4,,CKR4
CKR7,small_airport,Virden (Gabrielle Farm) Airport,49.784698486328125,-100.95600128173828,1440.0,CA-MB,Virden,no,CKR7,,CKR7
CKS2,seaplane_base,Kennisis Lake Seaplane Base,45.234,-78.622,1227.0,CA-ON,Kennisis Lake,no,CKS2,,CKS2
CKS3,small_airport,Cudworth Airport,52.488098,-105.764,1875.0,CA-SK,Cudworth,no,,,
CKS4,seaplane_base,Red Lake Seaplane Base,51.033298,-93.833298,1165.0,CA-ON,,no,CKS4,,CKS4
CKS6,small_airport,Bryant Airport,49.40999984741211,-103.1439971923828,1970.0,CA-SK,Estevan,no,CKS6,,CKS6
CKS7,small_airport,Wadena Airport,51.92944807589999,-103.833761215,1740.0,CA-SK,Wadena,no,CKS7,,CKS7
CKS8,small_airport,Cree Lake (Crystal Lodge) Airport,57.464199,-106.748001,1615.0,CA-SK,Cree Lake,no,CKS8,,CKS8
CKS9,small_airport,Shepherd's Landing Airport,44.116446,-81.695323,675.0,CA-ON,Kincardine,no,CKS9,,CKS9
CKT3,seaplane_base,Nestor Falls Seaplane Base,49.116699,-93.916702,1076.0,CA-ON,,no,CKT3,,CKT3
CKT4,seaplane_base,Red Sucker Lake Seaplane Base,54.154701,-93.563301,720.0,CA-MB,,no,CKT4,,CKT4
CKT5,small_airport,Hartney Airport,49.45000076293945,-100.5500030517578,1450.0,CA-MB,Hartney,no,CKT5,,CKT5
CKT6,heliport,St-Remi-D'Amherst / Kanata Tremblant Resort Heliport,45.9916667,-74.7497222,950.0,CA-QC,,no,CKT6,,CKT6
CKT7,small_airport,Wakaw Airport,52.649052,-105.763063,1660.0,CA-SK,Wakaw,no,CKT7,,CKT7
CKT8,seaplane_base,Pine Dock Seaplane Base,51.610802,-96.8172,712.0,CA-MB,,no,CKT8,,CKT8
CKU2,small_airport,Treherne Airport,49.63109970092773,-98.66639709472656,1200.0,CA-MB,Treherne,no,CKU2,,CKU2
CKU3,seaplane_base,Nipawin Seaplane Base,53.400001525878906,-104.01699829101562,1029.0,CA-SK,,no,CKU3,,CKU3
CKU4,small_airport,Cut Knife Airport,52.7401,-109.014415,2100.0,CA-SK,Cut Knife,no,CKU4,,CKU4
CKU5,small_airport,Imperial Airport,51.34999847412109,-105.4000015258789,1665.0,CA-SK,Imperial,no,CKU5,,CKU5
CKU6,small_airport,Grenfell Airport,50.4192008972168,-102.93499755859376,1964.0,CA-SK,Grenfell,no,CKU6,,CKU6
CKU7,small_airport,Watrous Airport,51.68713736,-105.362319946,1700.0,CA-SK,Watrous,no,CKU7,,CKU7
CKV2,small_airport,Kelvington Airport,52.133301,-103.535004,1860.0,CA-SK,Kelvington,no,CKV2,,CKV2
CKV3,heliport,Dryden Best Western Heliport,49.78329849243164,-92.8332977294922,1200.0,CA-ON,Dryden,no,CKV3,,CKV3
CKV4,small_airport,North of Sixty Airport,60.315719,-103.131324,1195.0,CA-NT,Obre Lake,no,CKV4,YDW,CKV4
CKV5,seaplane_base,Stewart Lake Seaplane Base,49.8167,-93.716698,1200.0,CA-ON,,no,CKV5,,CKV5
CKV6,small_airport,Churchbridge Airport,51.016700744628906,-101.81700134277344,1745.0,CA-SK,Churchbridge,no,CKV6,,CKV6
CKV7,small_airport,Wawota Airport,49.8944823433,-102.03045845,2168.0,CA-SK,Wawota,no,CKV7,,CKV7
CKV8,heliport,Valley Regional Hospital Heliport,45.081747,-64.500034,80.0,CA-NS,Kentville,no,CKV8,,CKV8
CKV9,heliport,Country Gardens B&B Heliport,58.350602,-115.948998,915.0,CA-AB,Fort Vermilion,no,CKV9,,CKV9
CKW3,seaplane_base,Nestor Falls/Sabaskong Bay Seaplane Base,49.133301,-93.933296,1060.0,CA-ON,,no,CKW3,,CKW3
CKW5,seaplane_base,Stony Rapids Seaplane Base,59.259998,-105.831001,686.0,CA-SK,,no,CKW5,,CKW5
CKW6,small_airport,Davin Lake Airport,56.88330078125,-103.58300018310548,1200.0,CA-SK,Davin Lake,no,CKW6,,CKW6
CKW8,seaplane_base,Knee Lake Seaplane Base,54.8908,-94.807503,577.0,CA-MB,,no,CKW8,,CKW8
CKX4,small_airport,Fisher Branch Airport,51.07863,-97.46976,825.0,CA-MB,Fisher Branch,no,CKX4,,CKX4
CKX5,small_airport,Dinsmore Airport,51.33060073852539,-107.43800354003906,1900.0,CA-SK,Dinsmore,no,CKX5,,CKX5
CKX8,small_airport,Big River Airport,53.83610153198242,-107.00900268554688,1592.0,CA-SK,Big River,no,CKX8,,CKX8
CKY2,small_airport,Whitewood Airport,50.3347783814,-102.274475098,2000.0,CA-SK,Whitewood,no,CKY2,,CKY2
CKY3,seaplane_base,Norway House Seaplane Base,53.985298,-97.7939,712.0,CA-MB,,no,CKY3,,CKY3
CKY4,seaplane_base,Killarney (Killarney Mountain Lodge) Seaplane Base,45.96882,-81.507547,570.0,CA-ON,Killarney,no,CKY4,,CKY4
CKY8,small_airport,Arkayla Springs Airport,51.203569,-114.776329,4000.0,CA-AB,Cochrane,no,CKY8,,CKY8
CKZ3,small_airport,Elk Island Airport,54.6713981628418,-94.14530181884766,625.0,CA-MB,Elk Island,no,CKZ3,,CKZ3
CKZ5,small_airport,Keizers Air Park,44.1725,-66.16249,134.0,CA-NS,Meteghan,no,CKZ5,,CKZ5
CKZ6,small_airport,Louise Municipal Airport,49.14720153808594,-98.88079833984376,1525.0,CA-MB,Crystal City-Pilot Mound,no,CKZ6,,CKZ6
CKZ7,small_airport,Winkler Airport,49.166900634765625,-97.92030334472656,850.0,CA-MB,Winkler,no,CKZ7,,CKZ7
CLA2,closed,L'Assomption Airport,45.823101,-73.460602,52.0,CA-QC,L'Assomption,no,,,
CLA4,small_airport,Holland Landing Airpark,44.08940124511719,-79.49500274658203,855.0,CA-ON,Holland Landing,no,CLA4,,CLA4
CLA5,small_airport,Lethbridge / Anderson Field,49.6569444445,-112.772777778,3020.0,CA-AB,Lethbridge,no,CLA5,,
CLA6,small_airport,Lancaster Airpark,45.20040130615234,-74.36100006103516,145.0,CA-ON,Bainsville,no,CLA6,,
CLB2,small_airport,Lubitz Field,43.305948,-80.548514,980.0,CA-ON,Bright,no,CLB2,,
CLB3,seaplane_base,South Portage Water Aerodrome,45.317,-79.068,1033.0,CA-ON,Dwight,no,CLB3,,CLB3
CLB6,seaplane_base,Lac de la Falaise Water Aerodrome,53.7094,-73.720801,1132.0,CA-QC,La Grande-4,no,,,
CLC2,small_airport,Chapeskie Field Airport,43.068198,-81.126158,930.0,CA-ON,Thorndale,no,CLC2,,CLC2
CLC3,heliport,Calgary (Peter Lougheed Centre) Heliport,51.079527,-113.982634,3562.0,CA-AB,Calgary,no,CLC3,,
CLC4,small_airport,Loon Creek Airfield,50.8434,-104.323,1816.0,CA-SK,,no,CLC4,,CLC4
CLD2,heliport,Edmonton / Leduc Heliport,53.253172,-113.542599,2411.0,CA-AB,Leduc,no,CLD2,,CLD2
CLD3,seaplane_base,LD Air Water Aerodrome,54.21,-125.756901,2300.0,CA-BC,Burns Lake,no,CLD3,,CLD3
CLE4,small_airport,LA Field Airport,43.622522,-65.760203,107.0,CA-NS,Lower East Pubnico,no,CLE4,,CLE4
CLF2,small_airport,Country Lane Farms Airport,51.041267,-113.554517,3250.0,CA-AB,Cheadle,no,CLF2,,CLF2
CLG3,small_airport,Liege / CNRL Airport,57.0018997192,-113.194000244,1728.0,CA-AB,Liege,no,CLG3,,CLG3
CLG7,small_airport,Legend Airfield,57.196944,-112.895556,2061.0,CA-AB,Fort McMurray,no,CLG7,,CLG7
CLH2,heliport,Stettler Health Centre Heliport,52.323154,-112.725257,2694.0,CA-AB,Stettler,no,CLH2,,CLH2
CLH4,heliport,Lethbridge/Chinook Regional Hospital Heliport,49.685891,-112.816785,2993.0,CA-AB,Lethbridge,no,CLH4,,CLH4
CLH5,small_airport,Chesher Lakehurst Airport,44.525564,-78.44827,892.0,CA-ON,Bobcaygeon,no,CLH5,,CLH5
CLH6,heliport,Lloydminster Hospital Heliport,53.274047,-109.989097,2117.0,CA-SK,Lloydminster,no,CLH6,,CLH6
CLH7,heliport,Long Harbour River Helideck,47.904515,-54.920265,300.0,CA-NL,,no,CLH7,,CLH7
CLH8,heliport,Haines Street Hospital Heliport,43.906519,-78.66394,290.0,CA-ON,Bowmanville,no,CLH8,,CLH8
CLJ2,seaplane_base,Lake Joseph Water Aerodrome,45.114499,-79.6225,742.0,CA-ON,Port Carling,no,CLJ2,,CLJ2
CLJ3,small_airport,Lethbridge / J3 Airfield,49.741621,-112.73833,2910.0,CA-AB,Lethbridge,no,CLJ3,,
CLJ4,seaplane_base,Burnegie Bay Water Aerodrome,45.235,-79.744,742.0,CA-ON,Lake Joseph,no,CLJ4,,CLJ4
CLL2,seaplane_base,Langille Lake Seaplane Base,44.450001,-64.4478,185.0,CA-NS,,no,CLL2,,CLL2
CLL3,seaplane_base,Lac Lamothe Water Aerodrome,48.739403,-71.1383,975.0,CA-QC,Lac Lamothe,no,CLL3,,CLL3
CLL6,seaplane_base,Long Lake (Wavy) Water Aerodrome,46.4055,-81.033,739.0,CA-ON,Sudbury,no,CLL6,,CLL6
CLM2,small_airport,Leamington Airport,42.025001525878906,-82.5250015258789,576.0,CA-ON,Leamington,no,CLM2,,CLM2
CLM3,seaplane_base,Lake Muskoka/Alport Bay Seaplane Base,45.021099,-79.382797,739.0,CA-ON,,no,CLM3,,CLM3
CLM4,heliport,Lamont Health Care Centre Heliport,53.7636,-112.7877,2126.0,CA-AB,Lamont,no,CLM4,,CLM4
CLM5,seaplane_base,Lake Muskoka South Seaplane Base,44.966101,-79.4298,742.0,CA-ON,Lake Muskoka,no,CLM5,,CLM5
CLM6,seaplane_base,Miller Island Seaplane Base,44.9922,-79.465401,742.0,CA-ON,Lake Muskoka,no,CLM6,,CLM6
CLN4,small_airport,Beaverlodge / Clanachan Field,55.234493,-119.841591,2694.0,CA-AB,,no,CLN4,,CLN4
CLP2,heliport,Montreal / Laval (Artopex Plus) Heliport,45.5785956158,-73.7500204146,133.0,CA-QC,Montréal,no,CLP2,,CLP2
CLP3,seaplane_base,Lac Polaris (pourvoirie Mirage),53.800556,-72.866667,1300.0,CA-QC,,no,CLP3,,
CLQ2,heliport,Queens General Hospital Heliport,44.038483,-64.705263,67.0,CA-NS,Liverpool,no,CLQ2,,CLQ2
CLR2,seaplane_base,Lake Rosseau/John's Bay Seaplane Base,45.170104,-79.5975,742.0,CA-ON,Lake Rosseau,no,CLR2,,CLR2
CLS3,small_airport,Fort McMurray / South Liege Airfield,56.832353,-113.098841,1707.0,CA-AB,,no,CLS3,,
CLS4,seaplane_base,Porters Lake South Seaplane Base,44.66538,-63.31477,,CA-NS,East Lawrencetown,no,CLS4,,CLS4
CLS7,seaplane_base,Blais Aéronautique Inc Water Aerodrome,45.913,-75.095,653.0,CA-QC,Lac Simon,no,CLS7,,CLS7
CLV2,small_airport,Slayner (Clearview Field) Aerodrome,44.404638,-80.147978,870.0,CA-ON,Stayner,no,CLV2,,CLV2
CLW3,small_airport,Laurel / Whittington Aerodrome,43.979441,-80.175735,1550.0,CA-ON,Laurel,no,CLW3,,CLW3
CLW6,small_airport,Conestogo / Largo Woods Field,43.566695,-80.470916,1130.0,CA-ON,Conestogo,no,CLW6,,
CMA2,small_airport,Mattawa Airport,46.29970169067383,-78.747802734375,600.0,CA-ON,Mattawa,no,CMA2,,CMA2
CMA3,heliport,Aeria Helicentre Heliport,45.281375,-72.103043,659.0,CA-QC,Magog,no,CMA3,,CMA3
CMA4,seaplane_base,Miminiska Seaplane Base,51.601398,-88.580803,,CA-ON,,no,CMA4,,CMA4
CMA7,seaplane_base,Martin Lake Water Aerodrome.,45.3669,-79.8326,831.0,CA-ON,Orrville,no,CMA7,,CMA7
CMB2,small_airport,Meadowbank Airport,65.0246615457,-96.0686588287,475.0,CA-NU,Agnico-Eagle Meadowbank Gold Mine,no,CMB2,,CMB2
CMB3,seaplane_base,Cambridge (Puslinch Lake) Seaplane Base,43.4205,-80.257002,1000.0,CA-ON,Cambridge,no,CMB3,,CMB3
CMB6,seaplane_base,Lake Muskoka East (Milford Bay) Seaplane Base,45.074922,-79.480289,739.0,CA-ON,Milford Bay,no,CMB6,,CMB6
CMB7,small_airport,Maxville (Bourdon Farm) Airport,45.253,-74.807,359.0,CA-ON,Maxville,no,CMB7,,
CMBH,heliport,Mount Belcher Heliport,48.832801818847656,-123.50499725341795,1000.0,CA-BC,Mount Belcher,no,CMBH,,CMBH
CMC2,heliport,Edmonton / Misericordia (Community Hospital) Heliport,53.5203770852,-113.611055464,2320.0,CA-AB,Edmonton,no,CMC2,,CMC2
CMC3,heliport,Mayerthorpe (Healthcare Centre) Heliport,53.948711409,-115.133017302,2432.0,CA-AB,Mayerthorpe,no,CMC3,,CMC3
CME2,small_airport,Omemee Airport,44.2854,-78.6276,835.0,CA-ON,Omemee,no,CME2,,CME2
CME3,small_airport,Bala (Medora Lake),45.064167,-79.679722,825.0,CA-ON,,no,CME3,,CME3
CMF2,small_airport,Edmonton / Calmar (Maplelane Farm),53.184654,-113.738236,2520.0,CA-AB,Edmonton,no,CMF2,,CMF2
CMF3,small_airport,Lethbridge (Mercer Field),49.554811,-112.561541,3085.0,CA-AB,,no,CMF3,,MF3
CMF4,small_airport,Port Hope (Millson Field),43.989209,-78.428691,525.0,CA-ON,,no,CMF4,,CMF4
CMH2,heliport,Milton (Afi) Heliport,43.532223736400006,-79.9027343094,687.0,CA-ON,Milton,no,CMH2,,CMH2
CMH3,heliport,Lacombe (Mustang Helicopters),52.37888717651367,-113.82250213623048,2889.0,CA-AB,,no,CMH3,,CMH3
CMH4,heliport,Mirabel Hélico Heliport,45.69555,-73.9525,223.0,CA-QC,Montréal,no,CMH4,,CMH4
CMH6,heliport,Canadian Mountain Holidays Heliport,52.78836,-119.256235,2711.0,CA-BC,Valemount,no,CMH6,,CMH6
CMI2,heliport,Minden (Hospital) Heliport,44.92470169067383,-78.72940063476562,905.0,CA-ON,Minden,no,CMI2,,CMI2
CMK2,seaplane_base,McKellar (Manitouwabing) Seaplane Base,45.501796,-79.917757,800.0,CA-ON,McKellar,no,CMK2,,CMK2
CML2,small_airport,Quamichan Lake (Raven Field) Airport,48.8119010925293,-123.6510009765625,130.0,CA-BC,Quamichan Lake,no,CML2,,CML2
CML3,seaplane_base,Mink Lake Water Aerodrome,44.010731,-65.888588,70.0,CA-NS,Carleton,no,CML3,,CML3
CML4,seaplane_base,Morrison Lake Seaplane Base,44.8705,-79.461,716.0,CA-ON,Gravenhurst,no,CML4,,CML4
CML5,small_airport,Martin's Landing,48.2936,-89.543002,1115.0,CA-ON,Thunder Bay,no,CML5,,CML5
CML6,seaplane_base,Six Mile Lake (Hungry Bay) Seaplane Base,44.9163,-79.7212,622.0,CA-ON,,no,CML6,,CML6
CML7,small_airport,Minto Landing,62.593542,-136.871374,1507.0,CA-YT,Minto,no,CML7,,CML7
CML8,small_airport,Saint-Mathieu-de-Laprairie Aerodrome,45.31156,-73.566492,155.0,CA-QC,St-Mathieu-de-Laprairie,no,CML8,,
CMN3,small_airport,St-Michel-de-Napierville Airport,45.213804,-73.576,206.0,CA-QC,St-Michel-de-Napierville,no,CMN3,,CMN3
CMN4,small_airport,Minto,62.604722,-137.221944,2969.0,CA-YT,,no,CMN4,,
CMN5,small_airport,Manic-Cinq Airport,50.657732,-68.831019,1332.0,CA-QC,Manicouagan,no,CMN5,,
CMN6,small_airport,Edmonton/Morinville (Mike's Field) Aerodrome,53.836944,-113.563333,2302.0,CA-AB,Morinville,no,CMN6,,
CMR4,heliport,Mountain Road Heliport,44.495,-80.2925,735.0,CA-ON,Collingwood,no,CMR4,,CMR4
CMR6,heliport,Camrose / St Mary's Hospital Heliport,53.0151382454,-112.830169201,2413.0,CA-AB,Camrose,no,CMR6,,CMR6
CMS2,heliport,Middleton (Soldiers Memorial Hospital) Heliport,44.94619,-65.058841,53.0,CA-NS,Middleton,no,CMS2,,CMS2
CMS3,seaplane_base,Marina le Nautique Water Aerodrome,46.69,-73.898702,1177.0,CA-QC,St-Michel-des-Saints,no,CMS3,,CMS3
CMT2,seaplane_base,Mont-Tremblant (Lac Maskinongé) Seaplane Base,46.087825,-74.608452,790.0,CA-QC,Mont-Tremblant,no,CMT2,,CMT2
CMW3,small_airport,Matawatchan Aerodrome,45.163709,-77.095356,990.0,CA-ON,Matawatchan,no,CMW3,,
CMW4,small_airport,Collins Field,45.507401,-77.9906,1048.0,CA-ON,Madawaska,no,CMW4,,CMW4
CMZ2,small_airport,Arthur (Metz Field),43.811249,-80.435716,1525.0,CA-ON,Centre Wellington,no,CMZ2,,CMZ2
CNA2,small_airport,Highgate Airport,42.553039,-81.801424,710.0,CA-ON,Highgate,no,CNA2,,CNA2
CNA3,small_airport,Barrie Executive Airport,44.407066,-79.731655,963.0,CA-ON,Barrie,no,CNA3,,CNA3
CNA4,small_airport,Emsdale Airport,45.546196,-79.344233,1150.0,CA-ON,Katrine,no,CNA4,,CNA4
CNA5,heliport,Uxbridge (Cottage Hospital) Heliport,44.1024562729,-79.1285777092,900.0,CA-ON,Uxbridge,no,CNA5,,CNA5
CNA9,small_airport,Tomvale Airport,44.916528,-76.936655,890.0,CA-ON,Arioch,no,CNA9,,CNA9
CNB2,heliport,Bolton Heliport,43.8521607791,-79.6948215365,700.0,CA-ON,Bolton,no,CNB2,,CNB2
CNB3,heliport,North Bay Regional Health Centre Helipad,46.334854,-79.495869,715.0,CA-ON,North Bay,no,CNB3,,CNB3
CNB4,heliport,Cobourg (Northumberland Hills Hospital) Heliport,43.97719955444336,-78.19999694824219,343.0,CA-ON,Cobourg,no,CNB4,,CNB4
CNB5,seaplane_base,Arnprior Seaplane Base,45.407501,-76.359703,330.0,CA-ON,Arnprior,no,CNB5,,CNB5
CNB7,seaplane_base,Moosonee Seaplane Base,51.266701,-80.650002,,CA-ON,,no,CNB7,,CNB7
CNB8,seaplane_base,Sudbury/Ramsey Lake Seaplane Base,46.48,-80.985298,810.0,CA-ON,,no,CNB8,,CNB8
CNC2,heliport,Cornwall (DEV Centre) Heliport,45.027671,-74.679447,185.0,CA-ON,Cornwall,no,CNC2,,
CNC3,medium_airport,Brampton-Caledon Airport,43.7603,-79.875,935.0,CA-ON,,no,CNC3,,CNC3
CNC4,small_airport,Guelph Airport,43.56389999389648,-80.19609832763672,1100.0,CA-ON,Guelph,no,CNC4,,CNC4
CNC5,seaplane_base,Sudbury/Azilda Seaplane Base,46.533298,-81.133301,869.0,CA-ON,,no,CNC5,,CNC5
CNC7,seaplane_base,Lake Muskoka/Mortimer'S Point Seaplane Base,45.049999,-79.561095,739.0,CA-ON,Port Carling,no,CNC7,,CNC7
CNC8,seaplane_base,Temagami Seaplane Base,47.0625,-79.793297,962.0,CA-ON,Temagami,no,CNC8,,CNC8
CNC9,heliport,Perth (Great War Memorial Hospital) Heliport,44.9069379415,-76.2536466122,450.0,CA-ON,Perth,no,CNC9,,CNC9
CND4,small_airport,Stanhope Municipal Airport,45.111255,-78.640047,1066.0,CA-ON,Haliburton,no,CND4,,CND4
CND6,seaplane_base,Granitehill Lake Seaplane Base,49.099998,-85.199997,1200.0,CA-ON,,no,CND6,,CND6
CND7,heliport,Slocan Community Hospital Helipad,49.9841,-117.3744,1769.0,CA-BC,New Denver,no,CND7,,CND7
CND9,seaplane_base,Portage Lake Seaplane Base,45.766701,-80.233299,710.0,CA-ON,,no,CND9,,CND9
CNE3,small_airport,Bearskin Lake Airport,53.965599060058594,-91.0271987915039,800.0,CA-ON,Bearskin Lake,yes,CNE3,XBE,CNE3
CNE4,small_airport,Iroquois Falls Airport,48.74169921875,-80.79329681396484,1008.0,CA-ON,Iroquois Falls,no,CNE4,,CNE4
CNE5,seaplane_base,Bar River Seaplane Base,46.424215,-84.100206,580.0,CA-ON,Bar River,no,CNE5,,CNE5
CNE6,seaplane_base,Geraldton/Hutchison Lake Seaplane Base,49.784199,-86.938904,1113.0,CA-ON,Geraldton,no,CNE6,,CNE6
CNE7,seaplane_base,Nakina Seaplane Base,50.216702,-86.699997,975.0,CA-ON,,no,CNE7,,CNE7
CNE9,small_airport,Essex Airport,42.09579849243164,-82.87940216064453,620.0,CA-ON,Essex,no,CNE9,,CNE9
CNF2,heliport,Haliburton (Hospital) Heliport,45.03810119628906,-78.5302963256836,1050.0,CA-ON,Haliburton,no,CNF2,,CNF2
CNF3,small_airport,Pendleton Airport,45.486099,-75.0961,260.0,CA-ON,Pendleton,no,CNF3,,CNF3
CNF4,small_airport,Kawartha Lakes Municipal Airport,44.3647,-78.783897,882.0,CA-ON,Lindsay,no,CNF4,,CNF4
CNF5,seaplane_base,Batchawana Seaplane Base,46.91669845581055,-84.5999984741211,601.0,CA-ON,,no,CNF5,,CNF5
CNF6,seaplane_base,Haliburton Seaplane Base,45.00830078125,-78.56670379638672,1043.0,CA-ON,,no,CNF6,,CNF6
CNF8,small_airport,Dwight Airport,45.314445,-78.972504,1100.0,CA-ON,Dwight,no,CNF8,,CNF8
CNF9,small_airport,Niagara South Airport,42.9994010925293,-79.0635986328125,576.0,CA-ON,Niagara Falls,no,CNF9,,CNF9
CNG2,heliport,Aberdeen Hospital Heliport,45.57223,-62.644368,75.0,CA-NS,New Glasgow,no,CNG2,,CNG2
CNG5,heliport,Pembroke (Regional Hospital) Heliport,45.81529998779297,-77.10780334472656,496.0,CA-ON,Pembroke,no,CNG5,,CNG5
CNG6,heliport,Bruce County General Hospital Heliport,44.121354,-81.152452,875.0,CA-ON,Walkerton,no,CNG6,,CNG6
CNG8,heliport,Greater Niagara General Hospital Heliport,43.105803,-79.0919,640.0,CA-ON,Niagara Falls,no,CNG8,,CNG8
CNH2,small_airport,Natuashish Airport,55.913898,-61.184399,30.0,CA-NL,Natuashish,yes,CNH2,YNP,CNH2
CNH4,heliport,Niagara Health System Heliport,43.1518,-79.2807,332.0,CA-ON,Saint Catharines,no,CNH4,,CNH4
CNH6,seaplane_base,Hawk Junction Seaplane Base,48.083302,-84.550003,1030.0,CA-ON,,no,CNH6,,CNH6
CNH7,seaplane_base,North Bay Seaplane Base,46.3311,-79.401398,663.0,CA-ON,,no,CNH7,,CNH7
CNH9,heliport,Nanaimo (West Coast) Heliport,49.184838,-123.989171,200.0,CA-BC,Nanaimo,no,CNH9,,CNH9
CNJ3,small_airport,Fort Erie Airport,42.91713,-78.957785,625.0,CA-ON,Fort Erie,no,CNJ3,,CNJ3
CNJ4,small_airport,Orillia-Rama Regional Airport,44.677656,-79.310217,725.0,CA-ON,Orillia,no,CNJ4,,CNJ4
CNJ5,seaplane_base,Hearst/Carey Lake Seaplane Base,49.7439,-84.0247,801.0,CA-ON,Hearst,no,CNJ5,,CNJ5
CNJ6,seaplane_base,Hornepayne Seaplane Base,49.1833,-84.883301,1100.0,CA-ON,,no,CNJ6,,CNJ6
CNJ8,seaplane_base,White River Seaplane Base,48.6269,-85.223297,1380.0,CA-ON,White River,no,CNJ8,YWR,CNJ8
CNK4,small_airport,Parry Sound Area Municipal Airport,45.2575,-79.829697,832.0,CA-ON,Parry Sound,no,CNK4,YPD,CNK4
CNK5,seaplane_base,Dorset/Kawagama Lake (Old Mill Marina) Seaplane Base,45.266700744628906,-78.80829620361328,1165.0,CA-ON,,no,CNK5,,CNK5
CNK6,heliport,Owen Sound (Grey Bruce Health Services) Heliport,44.56809997558594,-80.91329956054688,794.0,CA-ON,Owen Sound,no,CNK6,,CNK6
CNK7,heliport,Canmore/Nakoda Heliport,51.103332,-115.012222,4260.0,CA-AB,Kananaskis,no,CNK7,,CNK7
CNK9,heliport,Grand River Hospital Heliport,43.452886,-80.503719,1110.0,CA-ON,Kitchener-Waterloo,no,CNK9,,CNK9
CNL2,small_airport,Fort McMurray / North Liege Airfield,57.1361,-113.290071,2236.0,CA-AB,,no,CNL2,,
CNL3,small_airport,Brockville - Thousand Islands Regional Tackaberry Airport,44.6394004822,-75.7502975464,402.0,CA-ON,Brockville,no,CNL3,XBR,CNL3
CNL4,small_airport,Port Elgin Airport,44.414349,-81.417017,650.0,CA-ON,Saugeen Shores,no,CNL4,,CNL4
CNL5,seaplane_base,Chapleau Seaplane Base,47.84999847412109,-83.4000015258789,1443.0,CA-ON,,no,CNL5,,CNL5
CNL6,seaplane_base,Hurds Lake Seaplane Base,45.416698,-76.650002,608.0,CA-ON,Renfrew,no,CNL6,,CNL6
CNL7,small_airport,Lumsden Air Park,45.408578,-80.077947,720.0,CA-ON,Nobel,no,,,
CNL8,small_airport,Wyevale (Boker Field) Airport,44.655253,-79.879746,705.0,CA-ON,Tiny,no,CNL8,,CNL8
CNL9,small_airport,Nueltin Lake Airport,59.708099365234375,-100.1269989013672,971.0,CA-MB,Nueltin Lake,no,CNL9,,CNL9
CNM2,small_airport,Melbourne Airport,42.82419967651367,-81.54859924316406,735.0,CA-ON,Melbourne,no,CNM2,,CNM2
CNM3,heliport,West Nipissing General Hospital Heliport,46.3734,-79.916207,680.0,CA-ON,Sturgeon Falls,no,CNM3,,CNM3
CNM5,small_airport,Kingfisher Lake Airport,53.01250076293945,-89.85530090332031,866.0,CA-ON,Kingfisher Lake,yes,CNM5,KIF,CNM5
CNM6,heliport,Naramata Heliport,49.6029,-119.578501,1856.0,CA-BC,Naramata,no,CNM6,,CNM6
CNM7,seaplane_base,Pays Plat Seaplane Base,48.88330078125,-87.58329772949219,601.0,CA-ON,,no,CNM7,,CNM7
CNN3,small_airport,Shelburne / Fisher Field,44.027734,-80.205922,1675.0,CA-ON,Shelburne,no,CNN3,,CNN3
CNN5,seaplane_base,Cochrane Seaplane Base,49.109699,-81.033302,807.0,CA-ON,,no,CNN5,,CNN5
CNN7,seaplane_base,Gooderham/Pencil Lake Seaplane Base,44.799999,-78.349998,1060.0,CA-ON,,no,CNN7,,CNN7
CNN8,small_airport,Gananoque Airport,44.40190124511719,-76.24420166015625,395.0,CA-ON,Gananoque,no,CNN8,,CNN8
CNP2,seaplane_base,Lake Rosseau/Windermere Seaplane Base,45.159329,-79.532159,742.0,CA-ON,Windermere,no,CNP2,,CNP2
CNP3,small_airport,Arnprior Airport,45.41360092163086,-76.36579895019531,358.0,CA-ON,Arnprior,no,CNP3,,CNP3
CNP5,seaplane_base,Kamaniskeg Lake Water Aerodrome,45.383301,-77.650002,928.0,CA-ON,Combermere,no,,,
CNP6,small_airport,Nampa / Hockey,55.914901,-117.136155,2050.0,CA-AB,,no,CNP6,,
CNP7,small_airport,Iroquois Airport,44.84217834472656,-75.31140899658203,246.0,CA-ON,Iroquois,no,CNP7,,CNP7
CNP8,small_airport,Greenbank-Uxbridge-Port Perry Airfield,44.133697,-79.013028,975.0,CA-ON,Uxbridge,no,CNP8,,CNP8
CNQ3,small_airport,Niagara Central Dorothy Rungeling Airport,42.979198,-79.324699,585.0,CA-ON,Welland,no,CNQ3,,CNQ3
CNQ4,small_airport,Tillsonburg Airport,42.9275,-80.746944,894.0,CA-ON,Tillsonburg,no,CYTB,,CYTB
CNQ5,seaplane_base,Constance Lake Seaplane Base,45.402802,-75.975601,196.0,CA-ON,Ottawa,no,CNQ5,,CNQ5
CNQ6,seaplane_base,Keene/Elmhirst's Resort Seaplane Base,44.252346,-78.102429,613.0,CA-ON,,no,CNQ6,,CNQ6
CNQ7,seaplane_base,Port Loring Seaplane Base,45.892338,-80.103014,668.0,CA-ON,,no,CNQ7,,CNQ7
CNR2,small_airport,Innerkip Airport,43.2326002,-80.6947,1015.0,CA-ON,,no,CNR2,,CNR2
CNR3,heliport,Sault Ste. Marie Heliport,46.50439834594727,-84.32330322265625,580.0,CA-ON,Sault Ste. Marie,no,CNR3,,CNR3
CNR4,small_airport,Tobermory Airport,45.2214680842,-81.62755966190001,700.0,CA-ON,Tobermory,no,CNR4,,CNR4
CNR6,small_airport,Carleton Place Airport,45.10390090942383,-76.12329864501953,450.0,CA-ON,Carleton Place,no,CNR6,,CNR6
CNR9,small_airport,Arnstein Airport,45.92559814453125,-79.92780303955078,745.0,CA-ON,Arnstein,no,CNR9,,CNR9
CNS2,seaplane_base,Smoky Lake Seaplane Base,45.849998,-80.216698,725.0,CA-ON,,no,CNS2,,CNS2
CNS3,heliport,Englehart (District Hospital) Heliport,47.823240475,-79.8800468445,679.0,CA-ON,Englehart,no,CNS3,,CNS3
CNS4,small_airport,Alexandria Aerodrome,45.3307,-74.625725,260.0,CA-ON,North Glengarry,no,CNS4,,CNS4
CNS9,heliport,Smiths Falls (Community Hospital) Heliport,44.9071754018,-76.0277831554,409.0,CA-ON,Smiths Falls,no,CNS9,,CNS9
CNT2,seaplane_base,Nobel/Sawdust Bay Seaplane Base,45.401901,-80.125801,580.0,CA-ON,Carling,no,CNT2,,CNT2
CNT4,heliport,Little Current (Manitoulin Health Centre) Heliport,45.97809982299805,-81.92639923095703,625.0,CA-ON,Little Current,no,CNT4,,CNT4
CNT5,seaplane_base,Dudley Bay Water Aerodrome,45.033133,-79.601536,739.0,CA-ON,Lake Muskoka,no,,,
CNT6,small_airport,Elmira Airport,43.58470153808594,-80.60310363769531,1250.0,CA-ON,Elmira,no,CNT6,,CNT6
CNU3,heliport,Peterborough (Civic Hospital) Heliport,44.30059814453125,-78.3458023071289,738.0,CA-ON,Peterborough,no,CNU3,,CNU3
CNU4,small_airport,Belleville Aerodrome,44.1922,-77.309402,320.0,CA-ON,Belleville,no,CNU4,,CNU4
CNU6,seaplane_base,Huntsville Seaplane Base,45.3172,-79.257797,931.0,CA-ON,,no,CNU6,,CNU6
CNU8,small_airport,Toronto Markham Airport,43.93526,-79.263491,807.0,CA-ON,Markham,no,CNU8,,CNU8
CNV2,heliport,Inverness Consolidated Memorial Hospital Heliport,46.199358,-61.291597,100.0,CA-NS,Inverness,no,CNV2,,CNV2
CNV3,heliport,New Liskeard (Temiskaming Hospital) Heliport,47.4944798164,-79.69294667240001,895.0,CA-ON,New Liskeard,no,CNV3,,CNV3
CNV4,small_airport,Hawkesbury Airport,45.616699,-74.650002,167.0,CA-ON,Hawkesbury,no,CNV4,,CNV4
CNV5,seaplane_base,Elk Lake Seaplane Base,47.727908,-80.321549,925.0,CA-ON,,no,CNV5,,CNV5
CNV6,seaplane_base,Orillia/Lake St John Seaplane Base,44.681743,-79.307761,718.0,CA-ON,Orillia,no,CNV6,,CNV6
CNV7,seaplane_base,Sault Ste. Marie/Partridge Point Seaplane Base,46.520802,-84.240799,580.0,CA-ON,Sault Ste. Marie,no,CNV7,,CNV7
CNV8,small_airport,Edenvale Aerodrome,44.441101,-79.962799,718.0,CA-ON,Edenvale,no,CNV8,,CNV8
CNV9,small_airport,Québec / Neuville Airport,46.7214759694,-71.5854978561,314.0,CA-QC,"Neuville, QC",no,CNV9,,CNV9
CNW3,small_airport,Bancroft Community Airport,45.072652,-77.880678,1085.0,CA-ON,Bancroft,no,CNW3,,CNW3
CNW4,heliport,Mindemoya (Hospital) Heliport,45.73889923095703,-82.16670227050781,675.0,CA-ON,Mindemoya,no,CNW4,,CNW4
CNW8,heliport,The Hospital for Sick Children Helistop,43.656673,-79.387629,498.0,CA-ON,Toronto,no,CNW8,,CNW8
CNW9,heliport,Royal Columbian Hospital Helistop,49.226644,-122.89226,124.0,CA-BC,New Westminster,no,CNW9,,CNW9
CNX3,small_airport,Carey Lake Airport,49.7442,-84.034,837.0,CA-ON,Carey Lake,no,CNX3,,CNX3
CNX7,seaplane_base,Sparrow Lake Seaplane Base,44.799136,-79.410558,698.0,CA-ON,Port Stanton,no,CNX7,,CNX7
CNX8,small_airport,Nixon Airport,42.847328,-80.39521,780.0,CA-ON,Simcoe,no,CNX8,,CNX8
CNY3,small_airport,Collingwood Regional Airport,44.448273,-80.158911,730.0,CA-ON,Collingwood,no,CNY3,,CNY3
CNY4,small_airport,Alliston Airport,44.18330001831055,-79.83709716796875,720.0,CA-ON,Alliston,no,CNY4,,CNY4
CNY5,seaplane_base,Five Mile Lake Seaplane Base,47.56669998168945,-83.2166976928711,1475.0,CA-ON,,no,CNY5,,CNY5
CNY8,heliport,Toronto (Sunnybrook Medical Centre) Heliport,43.7212999835,-79.37076509,480.0,CA-ON,Toronto,no,CNY8,,CNY8
CNZ2,heliport,Anzac (Long Lake) Heliport,56.4243222,-110.964489,1612.0,CA-AB,,no,CNZ2,,
CNZ4,small_airport,Madawaska Valley Airpark,45.504803,-77.645323,1000.0,CA-ON,Barry's Bay,no,CNZ4,,CNZ4
CNZ6,heliport,Georgetown (Georgetown & District Hospital) Heliport,43.64440155029297,-79.93440246582031,878.0,CA-ON,Georgetown,no,CNZ6,,CNZ6
CNZ7,heliport,Hanover (District Hospital) Heliport,44.14080047607422,-81.0291976928711,935.0,CA-ON,Hanover,no,CNZ7,,CNZ7
CNZ8,small_airport,Grimsby Regional Airport,43.16,-79.599197,640.0,CA-ON,Grimsby,no,CNZ8,,CNZ8
CNZ9,seaplane_base,Little Current Seaplane Base,45.9838981628418,-81.95860290527344,581.0,CA-ON,,no,CNZ9,,CNZ9
COB2,seaplane_base,Oak Bay Water Aerodrome,44.796,-79.736,579.0,CA-ON,Port Severen,no,COB2,,COB2
COB4,small_airport,Brundle Field,43.874509,-80.179896,1630.0,CA-ON,Orangeville,no,,,COB4
COL2,small_airport,Orangeville / Laurel Airstrip,43.916799,-80.205731,1620.0,CA-ON,Orangeville,no,COL2,,COL2
COP2,heliport,Orillia (Ontario Provincial Police) Heliport,44.5846983447,-79.4275474548,820.0,CA-ON,Orillia,no,COP2,,COP2
COP5,small_airport,Cooper Falls Airstrip,44.778056,-79.248333,781.0,CA-ON,,no,COP5,,COP5
COR2,heliport,Val D'or (St. Pierre) Heliport,48.0774338086,-77.8686261177,1000.0,CA-QC,,no,COR2,,
COR3,small_airport,Orono Field,43.97278,-78.58945,590.0,CA-ON,,no,COR3,,COR3
COR8,closed,Orangeville/Rosehill Airfield,43.901929,-80.023782,1500.0,CA-ON,Orangeville,no,,,
COS2,small_airport,Iona Station (Bobier Strip),42.676389,-81.451111,755.0,CA-ON,,no,COS2,,COS2
CPA2,heliport,Mount Forest (Louise Marshall Hospital) Heliport,43.97420120239258,-80.73750305175781,1365.0,CA-ON,Mount Forest,no,CPA2,,CPA2
CPA3,heliport,Palmerston (District Hospital) Heliport,43.83829879760742,-80.84190368652344,1300.0,CA-ON,Palmerston,no,CPA3,,CPA3
CPA4,small_airport,Simcoe (Dennison Field) Airport,42.819408,-80.265019,722.0,CA-ON,Simcoe,no,CPA4,,CPA4
CPA5,heliport,Tarten Heliport,43.6539083949,-79.65785399079999,560.0,CA-ON,Toronto,no,CPA5,,CPA5
CPA6,heliport,Hagersville (West Haldimand General Hospital) Heliport,42.9583698102,-80.04342556,730.0,CA-ON,Hagersville,no,CPA6,,CPA6
CPA7,heliport,Meaford (General Hospital) Heliport,44.60689926147461,-80.5988998413086,675.0,CA-ON,Meaford,no,CPA7,,CPA7
CPA8,heliport,Simcoe (Norfolk General Hospital) Heliport,42.847259685100006,-80.32039046290001,710.0,CA-ON,Simcoe,no,CPA8,,CPA8
CPA9,heliport,Dunnville (Haldimand War Memorial Hospital) Heliport,42.913644916,-79.62854146960001,596.0,CA-ON,Dunnville,no,CPA9,,CPA9
CPB2,heliport,Fergus (Groves Memorial Community Hospital) Heliport,43.7214899523,-80.37602752450002,1411.0,CA-ON,Fergus,no,CPB2,,CPB2
CPB3,heliport,Welland County General Hospital Heliport,42.97759,-79.249687,585.0,CA-ON,Welland,no,CPB3,,CPB3
CPB5,small_airport,Pilot Butte Airport,50.46110153198242,-104.43099975585938,2000.0,CA-SK,Pilot Butte,no,CPB5,,CPB5
CPB7,heliport,Bancroft (North Hastings District Hospital) Heliport,45.071851,-77.879092,1085.0,CA-ON,Bancroft,no,CPB7,,CPB7
CPB8,small_airport,Paramount Bistcho Airport,59.6381,-118.333,1969.0,CA-AB,Paramount Bistcho,no,CPB8,,CPB8
CPB9,small_airport,Baldwin Airport,44.2672004699707,-79.3405990600586,750.0,CA-ON,Baldwin,no,CPB9,,CPB9
CPC2,small_airport,Port Carling Airport,45.093001,-79.597301,857.0,CA-ON,Port Carling,no,CPC2,,CPC2
CPC3,small_airport,Walter's Field,43.840579,-80.442882,1550.0,CA-ON,Belwood,no,CPC3,,CPC3
CPC4,heliport,Brampton (National D) Heliport,43.833112432,-79.70222041010001,780.0,CA-ON,Brampton,no,CPC4,,CPC4
CPC5,heliport,Avon Bay Helideck,45.126779,-79.667786,747.0,CA-ON,Port Carling,no,CPC5,,CPC5
CPC6,small_airport,Teeswater (Thompson Field) Airport,43.94829940795898,-81.27189636230469,1000.0,CA-ON,Teeswater,no,CPC6,,CPC6
CPC7,seaplane_base,Pontiac Airpark Water Aerodrome,45.523611,-76.170833,190.0,CA-QC,Pontiac,no,CPC7,,CPC7
CPC8,heliport,W Shores Helideck,45.062956,-79.579866,741.0,CA-ON,Port Carling,no,CPC8,,CPC8
CPC9,heliport,Huntsville (Memorial District Hospital) Heliport,45.34000015258789,-79.2042007446289,975.0,CA-ON,Huntsville,no,CPC9,,CPC9
CPD2,small_airport,Ethel Airport,43.744998931884766,-81.17669677734375,1170.0,CA-ON,Ethel,no,CPD2,,CPD2
CPD3,heliport,Durham (Memorial Hospital) Heliport,44.18330001831055,-80.83329772949219,1125.0,CA-ON,Durham,no,CPD3,,CPD3
CPD4,small_airport,Brussels (Armstrong Field) Airport,43.749079,-81.237341,1100.0,CA-ON,Brussels,no,CPD4,,CPD4
CPD5,seaplane_base,Paudash Lake Seaplane Base,44.959206,-78.036835,1126.0,CA-ON,Paudash,no,CPD5,,CPD5
CPD6,seaplane_base,Parry Sound/St. Waleran Island Seaplane Base,45.249199,-80.203598,580.0,CA-ON,,no,CPD6,,CPD6
CPD9,heliport,Markdale (Centre Grey General Hospital) Heliport,44.31499862670898,-80.65809631347656,1395.0,CA-ON,Markdale,no,CPD9,,CPD9
CPE2,heliport,Ajax (Pickering General Hospital) Heliport,43.835887893400006,-79.0173760056,300.0,CA-ON,Ajax,no,CPE2,,CPE2
CPE3,small_airport,Elk Lake Airport,47.72859954833984,-80.31580352783203,950.0,CA-ON,Elk Lake,no,CPE3,,CPE3
CPE4,small_airport,Cambridge / Reid's Field,43.4427306923,-80.23251056670001,1050.0,CA-ON,Cambridge,no,CPE4,,CPE4
CPE5,small_airport,Port Colborne Airport,42.877499,-79.352798,600.0,CA-ON,Wainfleet,no,CPE5,,CPE5
CPE6,small_airport,Sundridge/South River Airpark,45.82212,-79.323664,1160.0,CA-ON,South River,no,CPE6,,CPE6
CPE9,heliport,Armstrong Heliport,50.30670166015625,-89.02999877929688,1125.0,CA-ON,Armstrong,no,CPE9,,CPE9
CPF2,small_airport,Bar River Airport,46.421233,-84.096478,591.0,CA-ON,Echo Bay,no,CPF2,YEB,CPF2
CPF3,small_airport,Parti Field,45.428297,-76.067941,240.0,CA-ON,Dunrobin,no,CPF3,,CPF3
CPF4,small_airport,Bruce McPhail Memorial Airport,45.595032,-76.832721,500.0,CA-ON,Haley Station,no,CPF4,,CPF4
CPF6,small_airport,Stoney Creek Airport,43.1696925259,-79.7094154358,680.0,CA-ON,Stoney Creek,no,CPF6,,CPF6
CPF7,small_airport,Southampton Airport,44.493900299072266,-81.33529663085938,685.0,CA-ON,Southampton,no,CPF7,,CPF7
CPF9,seaplane_base,Lake Rosseau/Arthurlie Bay Seaplane Base,45.116699,-79.550003,742.0,CA-ON,,no,CPF9,,CPF9
CPG3,heliport,Fort Erie (Eurocopter Canada) Heliport,42.921189708,-78.9561331272,625.0,CA-ON,Fort Erie,no,CPG3,,CPG3
CPG4,small_airport,Elmira (East) Airport,43.59189987182617,-80.51219940185547,1150.0,CA-ON,Elmira,no,CPG4,,CPG4
CPG5,small_airport,Hawkesbury (East) Airport,45.582801818847656,-74.54889678955078,200.0,CA-ON,Hawkesbury,no,CPG5,,CPG5
CPG7,small_airport,Juergensen Field,43.735047,-80.44781,1450.0,CA-ON,Centre Wellington,no,CPG7,,CPG7
CPG8,heliport,Chatham (Public General Hospital) Heliport,42.40359878540039,-82.19329833984375,593.0,CA-ON,Chatham,no,CPG8,,CPG8
CPG9,heliport,Renfrew (Victoria Hospital) Heliport,45.48249816894531,-76.69609832763672,400.0,CA-ON,Renfrew,no,CPG9,,CPG9
CPH2,small_airport,Rolph Airport,46.11669921875,-77.5333023071289,490.0,CA-ON,Deep River,no,CPH2,,CPH2
CPH4,heliport,Potvin Heli-Base Heliport,48.930801,-72.205002,425.0,CA-QC,Dolbeau-Mistassini,no,CPH4,,CPH4
CPH7,heliport,Markham Stouffville Heliport,43.8851011299,-79.2305901647,647.0,CA-ON,Toronto,no,CPH7,,CPH7
CPH9,small_airport,Fordwich Airport,43.88809967041016,-80.99530029296875,1250.0,CA-ON,Fordwich,no,CPH9,,CPH9
CPJ2,heliport,Alliston Heliport,44.1411018371582,-79.80139923095703,760.0,CA-ON,Alliston,no,CPJ2,,CPJ2
CPJ3,heliport,Hamilton (Chedoke-McMaster Hospital) Heliport,43.2659885521,-79.9289220572,260.0,CA-ON,Hamilton,no,CPJ3,,CPJ3
CPJ4,heliport,Geraldton (District Hospital) Heliport,49.72169876098633,-86.95719909667969,1101.0,CA-ON,Geraldton,no,CPJ4,,CPJ4
CPJ5,small_airport,Stirling Airport,44.2414016724,-77.5616989136,625.0,CA-ON,Stirling,no,CPJ5,,CPJ5
CPJ6,small_airport,St-Pierre-Jolys (Carl's Field),49.436,-96.927002,828.0,CA-MB,St-Pierre-Jolys,no,CPJ6,,CPJ6
CPJ7,heliport,Kingston (General Hospital) Heliport,44.222145045,-76.4932590723,261.0,CA-ON,Kingston,no,CPJ7,,CPJ7
CPJ9,seaplane_base,Manitowaning Seaplane Base,45.733297,-81.800001,581.0,CA-ON,,no,CPJ9,,CPJ9
CPK2,small_airport,Strathroy (Blue Yonder) Airport,42.96580123901367,-81.5916976928711,780.0,CA-ON,Strathroy,no,CPK2,,CPK2
CPK3,heliport,Hamilton (General Hospital) Heliport,43.26191223279999,-79.85472545030001,384.0,CA-ON,Hamilton,no,CPK3,,CPK3
CPK6,heliport,Toronto (Mississauga Credit Valley Hospital) Heliport,43.5614123982,-79.70273673530001,542.0,CA-ON,Toronto,no,CPK6,,CPK6
CPK7,heliport,Ottawa (Children's Hospital) Heliport,45.4009821144,-75.6501294672,272.0,CA-ON,Ottawa,no,CPK7,,CPK7
CPK8,seaplane_base,Black Donald Lake Seaplane Base,45.205002,-76.956703,815.0,CA-ON,Renfrew,no,CPK8,,CPK8
CPK9,small_airport,Arthur (Peskett Field),43.771543,-80.483522,1555.0,CA-ON,,no,CPK9,,
CPL2,heliport,Bracebridge (South Muskoka Memorial Hospital) Heliport,45.0487,-79.3151,850.0,CA-ON,Bracebridge,no,CPL2,,CPL2
CPL3,small_airport,Kars / Rideau Valley Air Park,45.1030620653,-75.6281661987,286.0,CA-ON,Kars,no,CPL3,,CPL3
CPL4,small_airport,Grand Bend Airport,43.28689956665039,-81.71420288085938,642.0,CA-ON,Grand Bend,no,CPL4,,CPL4
CPL6,small_airport,Parkland Airport,53.474102,-113.824282,2324.0,CA-AB,Spruce Grove,no,CPL6,,
CPL8,closed,Cardinal Couriers Heliport,43.631272,-79.664703,612.0,CA-ON,Toronto,no,,,
CPM3,small_airport,Pourvoirie Mirage Aerodrome,53.8025,-72.841389,1300.0,CA-QC,Mirage Lodge,no,CPM3,,
CPM5,small_airport,Volk Airport,43.993803,-79.778445,1020.0,CA-ON,Tottenham,no,CPM5,,CPM5
CPM7,small_airport,Bradford Aerodrome,44.135971,-79.628688,973.0,CA-ON,Bradford West Gwillimbury,no,CPM7,,CPM7
CPN3,heliport,Moose Factory Heliport,51.2494010925293,-80.618896484375,20.0,CA-ON,Moose Factory,no,CPN3,,CPN3
CPN5,small_airport,Listowel Airport,43.742803,-80.991402,1232.0,CA-ON,Listowel,no,CPN5,,CPN5
CPN6,seaplane_base,Algoma Mills Seaplane Base,46.188124,-82.824603,602.0,CA-ON,,no,CPN6,,CPN6
CPN7,heliport,Carleton Place (District Memorial Hospital) Heliport,45.14176852959999,-76.13709926610001,436.0,CA-ON,Carleton Place,no,CPN7,,CPN7
CPN8,small_airport,London (Pioneer Airpark),43.0975,-81.234301,980.0,CA-ON,London,no,CPN8,,CPN8
CPN9,seaplane_base,Lake Panache Water Aerodrome,46.278,-81.337833,719.0,CA-ON,Whitefish,no,CPN9,,CPN9
CPO2,heliport,Portage District General Hospital Heliport,49.966305,-98.282168,857.0,CA-MB,Portage la Prairie,no,CPO2,,CPO2
CPP2,heliport,Collingwood General and Marine Hospital Heliport,44.499276,-80.203916,600.0,CA-ON,Collingwood,no,CPP2,,CPP2
CPP3,small_airport,Hoskin Airport,44.062949,-78.885807,900.0,CA-ON,Port Perry,no,CPP3,,CPP3
CPP6,small_airport,Grand River Executive Airport,43.037581,-79.853497,670.0,CA-ON,York,no,CPP6,,CPP6
CPP7,heliport,Ottawa (Civic Hospital) Heliport,45.391468,-75.720598,265.0,CA-ON,Ottawa,no,CPP7,,CPP7
CPP8,heliport,Passport Helico Heliport,45.722546,-73.595429,,CA-QC,Montreal,no,CPP8,,CPP8
CPQ3,heliport,Niagara Falls Heliport,43.1190603068,-79.0753144026,589.0,CA-ON,Niagara Falls,no,CPQ3,,CPQ3
CPQ6,seaplane_base,Lake Rosseau/Cameron Bay Seaplane Base,45.25,-79.650002,742.0,CA-ON,Rosseau,no,CPQ6,,CPQ6
CPQ7,seaplane_base,Skeleton Lake Seaplane Base,45.231899,-79.436096,920.0,CA-ON,,no,CPQ7,,CPQ7
CPR2,small_airport,Ottawa/Embrun Aerodrome,45.239703,-75.302423,230.0,CA-ON,Embrun,no,CPR2,,CPR2
CPR3,small_airport,Palmerston Airport,43.853009,-80.78148,1360.0,CA-ON,Palmerston,no,CPR3,,CPR3
CPR4,heliport,London (University Hospital) Heliport,43.0130545012,-81.2743918598,795.0,CA-ON,London,no,CPR4,,CPR4
CPR5,small_airport,Woodstock Airport,43.108268,-80.821867,1040.0,CA-ON,Woodstock,no,CPR5,,CPR5
CPR7,small_airport,Wingham / Richard W. LeVan Airport,43.8675,-81.298599,1075.0,CA-ON,Wingham,no,CPR7,,CPR7
CPR8,heliport,Pincher Creek (Hospital) Heliport,49.49250030517578,-113.9469985961914,3754.0,CA-AB,Pincher Creek,no,CPR8,,CPR8
CPR9,small_airport,Fergus (Royland Field),43.741755,-80.386201,1400.0,CA-ON,,no,CPR9,,
CPS1,seaplane_base,Parry Sound Harbour Seaplane Base,45.339199,-80.034698,580.0,CA-ON,,no,CPS1,,CPS1
CPS2,small_airport,Elmhirst's Resort Airport,44.252085,-78.106699,650.0,CA-ON,Keene,no,CPS2,,CPS2
CPS4,small_airport,Lucan Airport,43.1633,-81.412498,960.0,CA-ON,Lucan,no,CPS4,,CPS4
CPS5,small_airport,Miminiska Airport,51.604400634765625,-88.58219909667969,1000.0,CA-ON,Miminiska,no,CPS5,,CPS5
CPS6,heliport,Cornwall (Community Hospital McConnell Site) Heliport,45.020301818847656,-74.7177963256836,230.0,CA-ON,Cornwall,no,CPS6,,CPS6
CPS8,seaplane_base,Parry Sound/Huron Island Seaplane Base,45.179401,-80.106697,580.0,CA-ON,,no,CPS8,,CPS8
CPS9,seaplane_base,Parry Sound/Frying Pan Island-Sans Souci Seaplane Base,45.173302,-80.137497,580.0,CA-ON,Frying Pan Island,no,CPS9,YSI,CPS9
CPT2,small_airport,Killarney Airport,45.977500915527344,-81.49469757080078,608.0,CA-ON,Killarney,no,CPT2,,CPT2
CPT3,small_airport,Rockton Airport,43.32220077514648,-80.17639923095703,846.0,CA-ON,Rockton,no,CPT3,,CPT3
CPT6,seaplane_base,Perry Lake Seaplane Base,48.532501,-80.107202,1050.0,CA-ON,,no,CPT6,,CPT6
CPT7,seaplane_base,Mattawa Seaplane Base,46.311401,-78.722801,500.0,CA-ON,,no,CPT7,,CPT7
CPT8,seaplane_base,Parry Sound/Deep Bay Seaplane Base,45.398602,-80.1819,580.0,CA-ON,,no,CPT8,,CPT8
CPT9,small_airport,Pintendre Airport,46.7584,-71.110202,269.0,CA-QC,Pintendre,no,CPT9,,CPT9
CPU2,heliport,Kincardine (South Bruce Grey Health Centre Hospital) Heliport,44.18752,-81.624459,700.0,CA-ON,Kincardine,no,CPU2,,CPU2
CPU3,small_airport,Rodney (New Glasgow) Airport,42.531932,-81.605937,670.0,CA-ON,Rodney,no,CPU3,,CPU3
CPU4,heliport,Manitouwadge (General Hospital) Heliport,49.128284,-85.825088,1052.0,CA-ON,Manitouwadge,no,CPU4,,CPU4
CPU5,seaplane_base,Orillia/Matchedash Lake Seaplane Base,44.788927,-79.500205,738.0,CA-ON,Orillia,no,CPU5,,CPU5
CPU6,small_airport,Tyendinaga Mohawk Airport,44.1847,-77.107803,260.0,CA-ON,Tyendinaga,no,CPU6,,CPU6
CPV2,small_airport,Orangeville / Castlewood Field,43.958599,-80.154999,1550.0,CA-ON,Orangeville,no,CPV2,,CPV2
CPV4,small_airport,Mansfield Airport,44.1439218832,-80.0136208534,995.0,CA-ON,Mansfield,no,CPV4,,CPV4
CPV5,seaplane_base,Head Lake Seaplane Base,44.721401,-78.910797,880.0,CA-ON,,no,CPV5,,CPV5
CPV6,heliport,Barry's Bay (St. Francis Memorial Hospital) Heliport,45.481807,-77.695194,1000.0,CA-ON,Barry's Bay,no,CPV6,,CPV6
CPV8,small_airport,Keewaywin Airport,52.9911,-92.836403,988.0,CA-ON,Keewaywin,yes,CPV8,KEW,CPV8
CPV9,small_airport,Poverty Valley Airport,50.038078,-107.254872,2589.0,CA-SK,Poverty Valley,no,CPV9,,CPV9
CPW2,heliport,London (Victoria Hospital) Heliport,42.9590666613,-81.2255716324,875.0,CA-ON,London,no,CPW2,,CPW2
CPW5,seaplane_base,Timmins/Porcupine Lake Seaplane Base,48.483297,-81.199997,900.0,CA-ON,,no,CPW5,,CPW5
CPW6,heliport,Midland (Huronia District Hospital) Heliport,44.74169921875,-79.91439819335938,775.0,CA-ON,Midland,no,CPW6,,CPW6
CPW8,heliport,Powell River (Hospital) Heliport,49.851447,-124.517455,300.0,CA-BC,Powell River,no,CPW8,,CPW8
CPW9,seaplane_base,Port Alberni Seaplane Base,49.231899,-124.815002,,CA-BC,Port Alberni,yes,CPW9,,CPW9
CPX2,heliport,Marathon (Wilson Memorial Hospital) Heliport,48.71860122680664,-86.37470245361328,750.0,CA-ON,Marathon,no,CPX2,,CPX2
CPX6,heliport,Port Perry (Community Memorial Hospital) Heliport,44.104863829900005,-78.95409196620001,875.0,CA-ON,Port Perry,no,CPX6,,CPX6
CPX8,seaplane_base,Sault Ste. Marie Seaplane Base,46.504398,-84.323303,580.0,CA-ON,,no,CPX8,,CPX8
CPY2,heliport,Milton (District Hospital) Heliport,43.4958882862,-79.86969083550001,657.0,CA-ON,Milton,no,CPY2,,CPY2
CPY3,heliport,Beardmore (Health Centre) Heliport,49.60860061645508,-87.9531021118164,1015.0,CA-ON,Beardmore,no,CPY3,,CPY3
CPY5,heliport,Wilson's Heliport,43.617781,-79.563966,370.0,CA-ON,Toronto,no,CPY5,,CPY5
CPY7,seaplane_base,Huntsville/Bella Lake Seaplane Base,45.452801,-79.025597,1168.0,CA-ON,,no,CPY7,,CPY7
CPY8,seaplane_base,Port Carling/Butterfly Lake Seaplane Base,45.093899,-79.6306,765.0,CA-ON,,no,CPY8,,CPY8
CPY9,small_airport,Holyoake Airfield,43.728611,-80.283056,1380.0,CA-ON,Centre Wellington,no,CPY9,,
CPZ2,heliport,Alliston (Stevenson Memorial Hospital) Heliport,44.1554191206,-79.8737168312,750.0,CA-ON,Alliston,no,CPZ2,,CPZ2
CPZ3,small_airport,Trenton/Mountain View Airport,44.069401,-77.338097,362.0,CA-ON,Ameliasburgh,no,CPZ3,,CPZ3
CPZ6,heliport,Montreal / Point Zero Helipad,45.529803,-73.657787,152.0,CA-QC,Montreal,no,CPZ6,,CPZ6
CPZ7,seaplane_base,MacTier/Francis Island Seaplane Base,45.150299,-80.019203,580.0,CA-ON,,no,CPZ7,,CPZ7
CPZ9,seaplane_base,Toronto/City Centre Seaplane Base,43.633099,-79.394402,246.0,CA-ON,Toronto,no,CPZ9,,CPZ9
CQH2,heliport,Questral Helicopters Heliport,45.298753,-75.500451,280.0,CA-ON,Ottawa,no,CQH2,,CQH2
CR8A,heliport,Reef Hueston Helicopter Landing,53.823101,-126.172228,,CA-BC,Streatham,no,CR8A,,XV8
CRA2,small_airport,Rollick Airpark,44.1406,-79.484802,726.0,CA-ON,Queensville,no,CRA2,,CRA2
CRB2,small_airport,Cottam Airport,42.13999938964844,-82.65280151367188,635.0,CA-ON,Cottam,no,CRB2,,CRB2
CRB4,small_airport,Rivière Bonnard Airport,50.70439910888672,-71.1624984741211,1585.0,CA-QC,Rivière Bonnard,no,CRB4,,CRB4
CRB5,small_airport,Rivière Bell Aerodrome,49.0788993835,-62.2369003296,89.0,CA-QC,Rivière Bell,no,CRB5,,CRB5
CRB6,seaplane_base,Richards Beach Water Aerodrome,44.7384,-79.746,548.0,CA-ON,Sturgeon Bay,no,CRB6,,CRB6
CRB7,seaplane_base,Cardinal Aviation Seaplane Base,45.547501,-75.6278,,CA-QC,Rivière Blanche,no,CRB7,,CRB7
CRC2,heliport,RCMP Heliport,45.93174,-66.666681,369.0,CA-NB,Fredericton,no,CRC2,,CRC2
CRC3,small_airport,Ross Creek Airport,50.965502,-119.2254,1257.0,CA-BC,Magna Bay,no,CRC3,,CRC3
CRD3,heliport,Red Deer Regional Hospital Centre Heliport,52.26190185546875,-113.81600189208984,2877.0,CA-AB,Red Deer,no,CRD3,,CRD3
CRD5,small_airport,Red Deer / Truant Airfield,52.287043,-113.913181,3100.0,CA-AB,Red Deer,no,CRD5,,
CRD6,small_airport,Truant South Airport,52.2782,-113.9151,3122.0,CA-AB,Red Deer,no,CRD6,,CRD6
CRD8,seaplane_base,Aird Island Seaplane Base,46.143,-82.4145,577.0,CA-ON,Spanish,no,CRD8,,CRD8
CRE2,small_airport,Edzo Airport,62.766701,-116.084,587.0,CA-NT,Rae-Edzo,no,CRE2,,CRE2
CRE3,small_airport,Rand Private Airfield,43.066501,-80.6986,1060.0,CA-ON,Curries,no,CRE3,,CRE3
CRF2,heliport,Langley (Russell Farm) Heliport,49.0110458923,-122.672213316,250.0,CA-BC,Langley,no,CRF2,,CRF2
CRF3,small_airport,Edmonton / Villeneuve (Rose Field) Aerodrome,53.645664,-113.80275,2190.0,CA-AB,Villeneuve,no,CRF3,,CRF3
CRF4,small_airport,Calgary / Okotoks (Rowland Field),50.764722,-113.958056,3800.0,CA-AB,Calgary,no,CRF4,,CRF4
CRF5,small_airport,Saskatoon/Richter Field Airport,52.280342,-106.684242,1700.0,CA-SK,Martensville,no,CRF5,,CRF5
CRF6,seaplane_base,Quamichan Lake (Raven Field) Seaplane Base,48.8083,-123.650001,100.0,CA-BC,,no,CRF6,,CRF6
CRG2,heliport,Argus Heliport,49.9616,-119.445801,1894.0,CA-BC,Kelowna,no,CRG2,,CRG2
CRG3,small_airport,Bouthillier Airport,45.4778,-73.3016,45.0,CA-QC,Carignan,no,CRG3,,CRG3
CRH2,heliport,Coronation (Health Centre) Heliport,52.096071,-111.459752,2614.0,CA-AB,Coronation,no,CRH2,,CRH2
CRH3,seaplane_base,Rifflin' Hitch Water Aerodrome,53.42,-57.694,151.0,CA-NL,Eagle River,no,CRH3,,CRH3
CRH5,heliport,Rimbey (Hospital & Care Centre) Heliport,52.6406155976,-114.247781038,3067.0,CA-AB,Rimbey,no,CRH5,,CRH5
CRHA,small_airport,Streatham Reef Hueston Airfield,53.822569,-126.172957,,CA-BC,Streatham,yes,CRHA,,CRHA
CRJ2,closed,Trepanier Aerodrome,42.288887,-82.598335,630.0,CA-ON,Stoney Point,no,,,
CRK2,small_airport,Millet/Creekview Airport,53.0778,-113.506601,2535.0,CA-AB,Millet,no,CRK2,,CRK2
CRK3,seaplane_base,Pourvoirie Cecaurel Water Aerodrome,46.6216,-75.066,876.0,CA-QC,Kiamka Reservoir,no,CRK3,,CRK3
CRL2,small_airport,Westport / Rideau Lakes Airport,44.666665176600006,-76.3966673613,500.0,CA-ON,Westport,no,CRL2,,CRL2
CRL3,heliport,Red Lake (Margaret Cochenour Memorial Hospital) Heliport,51.013599,-93.82177,1254.0,CA-ON,Red Lake,no,CRL3,,CRL3
CRL4,small_airport,Kirby Lake Airport,55.355598,-110.637001,2260.0,CA-AB,Kirby Lake,no,CRL4,KFM,CRL4
CRL6,seaplane_base,West Guilford/Redstone Lake Water Aerodrome,45.21,-78.546002,1198.0,CA-ON,West Guilford,no,CRL6,,CRL6
CRL7,small_airport,Reindeer Lake / Lindbergh Lodge Airstrip,57.288056,-102.525,1128.0,CA-SK,,no,CRL7,,
CRL8,seaplane_base,Roberts Lake Seaplane Base,45.249602,-79.8258,813.0,CA-ON,Parry Sound,no,CRL8,,CRL8
CRL9,small_airport,Kingston / Riverland Airfield,44.311996,-76.538272,367.0,CA-ON,Kingston,no,CRL9,,
CRM2,small_airport,Riding Mountain Airport,50.57360076904297,-99.36139678955078,1016.0,CA-MB,Riding Mountain,no,CRM2,,CRM2
CRM3,closed,Richelieu/Messier Airport,45.3779,-73.2267,118.0,CA-QC,Richelieu,no,,,
CRM4,small_airport,Cormier Airport,46.1808,-64.3758,105.0,CA-NB,Cormier,no,CRM4,,CRM4
CRM5,small_airport,Wheatly (Robinson Motorcycles) Airfield,42.143056,-82.3625,617.0,CA-ON,Coatsworth,no,CRM5,,CRM5
CRML,small_airport,Stoney Point (Le Cunff) Airport,42.29560089111328,-82.53500366210938,625.0,CA-ON,Stoney Point,no,CRML,,CRML
CRO2,heliport,Onward Aviation Heliport,43.312522,-80.129401,836.0,CA-ON,Rockton,no,CRO2,,CRO2
CRP2,small_airport,R.M. of Pipestone Airport,49.58060073852539,-101.0530014038086,1488.0,CA-MB,Reston,no,CRP2,,CRP2
CRQ2,heliport,Regina General Hospital Helipad,50.444008,-104.601327,1981.0,CA-SK,Regina,no,CRQ2,,CRQ2
CRS2,heliport,Parry Sound Medical Heliport,45.341702,-80.016454,800.0,CA-ON,Parry Sound,no,CRS2,,CRS2
CRS3,small_airport,Calgary / Christiansen Field,50.79948,-114.051261,3820.0,CA-AB,Calgary,no,CRS3,,CRS3
CRS4,small_airport,Rosseau Airport,45.2691,-79.6558,835.0,CA-ON,,no,CRS4,,CRS4
CRS6,heliport,Rostrevor Heliport,45.183333,-79.567833,811.0,CA-ON,Windermere,no,CRS6,,CRS6
CRS7,small_airport,Matoush Airport,51.905,-72.12388888,2608.0,CA-QC,,no,CRS7,,
CRT2,small_airport,Rivière Témiscamie (Air Roberval) Airport,51.009247,-72.983594,1300.0,CA-QC,Jamésie,no,CRT2,,CRT2
CRV2,heliport,Barrie (Royal Victoria Hospital) Heliport,44.4144095448,-79.66574370859999,855.0,CA-ON,Barrie,no,CRV2,,CRV2
CRV3,small_airport,Whistlewing Airstrip,45.038333,-78.7645,1175.0,CA-ON,Carnarvon,no,CRV3,,CRV3
CRV7,seaplane_base,Revilo Island Seaplane Base,45.243917,-80.20245,580.0,CA-ON,Parry Sound,no,CRV7,,CRV7
CRV8,seaplane_base,Arviat Water Aerodrome,61.1472,-94.1158,20.0,CA-NU,Arviat,no,CRV8,,CRV8
CRW2,heliport,Redwater (Heliworks) Heliport,53.919252,-113.104248,2200.0,CA-AB,,no,CRW2,,CRW2
CRW3,seaplane_base,Rankin Island Water Aerodrome,44.97482,-79.442175,739.0,CA-ON,Lake Muskoka,no,CRW3,,CRW3
CRW8,heliport,Redwater Health Centre Heliport,53.9498,-113.1271,2090.0,CA-AB,Redwater,no,CRW8,,CRW8
CSA2,small_airport,Lac Agile (Mascouche) Airport,45.791900634765625,-73.63809967041016,160.0,CA-QC,Lac Agile,no,CSA2,,CSA2
CSA3,heliport,Edmonton / Sturgeon Community Hospital Heliport,53.654578,-113.627361,2251.0,CA-AB,,no,CSA3,,CSA3
CSA4,seaplane_base,Boisvert & Fils Seaplane Base,45.645599,-73.596901,,CA-QC,Montréal,no,CSA4,,CSA4
CSA5,seaplane_base,St-Charles-de-Bourget Water Aerodrome,48.509103,-71.4632,227.0,CA-QC,Saguenay,no,CSA5,,CSA5
CSA7,seaplane_base,Drummondville Seaplane Base,45.854401,-72.389395,320.0,CA-QC,Drummondville,no,CSA7,,CSA7
CSA8,seaplane_base,Saguenay (Harvey) Water Aerodrome,48.44,-71.13,0.0,CA-QC,Saguenay,no,CSA8,,CSA8
CSA9,seaplane_base,Lac-Des-Îles Seaplane Base,46.4119,-75.519995,660.0,CA-QC,,no,CSA9,,CSA9
CSB2,small_airport,Sable Island Airport.,43.928235,-59.948986,6.0,CA-NS,Sable Island,no,CSB2,YSA,CSB2
CSB3,small_airport,St-Mathieu-De-Beloeil Airport,45.59000015258789,-73.23860168457031,47.0,CA-QC,St-Mathieu-De-Beloeil,no,CSB3,,CSB3
CSB4,heliport,Chibougamau Heliport,49.900002,-74.383302,1150.0,CA-QC,Chibougamau,no,CSB4,,CSB4
CSB5,small_airport,Shediac Bridge Airport,46.25469970703125,-64.57669830322266,25.0,CA-NB,Shediac Bridge,no,CSB5,,CSB5
CSB6,seaplane_base,Montebello Seaplane Base,45.6339,-74.977501,,CA-QC,Montebello,no,CSB6,,CSB6
CSB7,small_airport,Severn Bridge Airport,44.7692,-79.40834,755.0,CA-ON,Severn Bridge,no,CSB7,,CSB7
CSC3,small_airport,Drummondville Airport,45.84529876708984,-72.39469909667969,365.0,CA-QC,Drummondville,no,CSC3,,CSC3
CSC4,heliport,Shefford Heliport,45.335933,-72.593558,661.0,CA-QC,Shefford,no,CSC4,,CSC4
CSC6,seaplane_base,Amos (Lac Figuery) Seaplane Base,48.499698638916016,-78.1177978515625,,CA-QC,,no,CSC6,,CSC6
CSC9,small_airport,Sudbury / Coniston Airport,46.4822006226,-80.8339004517,886.0,CA-ON,Sudbury,no,CSC9,,CSC9
CSD2,heliport,Sundre (Hospital & Health Care Centre) Heliport,51.807165301400005,-114.636540413,3589.0,CA-AB,Sundre,no,CSD2,,CSD2
CSD3,small_airport,Salaberry-de-Valleyfield Aerodrome,45.208952,-74.140349,155.0,CA-QC,Beauharnois-Salaberry,no,CSD3,,CSD3
CSD4,small_airport,Mont Laurier Airport,46.56439971923828,-75.57779693603516,815.0,CA-QC,Mont-Laurier,no,CSD4,,CSD4
CSD5,heliport,Fermont Heliport,52.80609893798828,-67.10220336914062,2009.0,CA-QC,Fermont,no,CSD5,,CSD5
CSD6,seaplane_base,Baie-Comeau Water Aerodrome,49.204201,-68.340599,125.0,CA-QC,Baie-Comeau,no,CSD6,,CSD6
CSD7,small_airport,Sunderland field/Blackwater creek,44.227233,-79.097314,950.0,CA-ON,North Durham and Kawartha Lakes,no,CSD7,,
CSD8,heliport,Burnt Island Helipad,45.218354,-79.747437,742.0,CA-ON,Lake Joseph,no,CSD8,,CSD8
CSD9,seaplane_base,Parc Gatineau Seaplane Base,45.6833,-76.208603,640.0,CA-QC,La Peche,no,CSD9,,CSD9
CSE2,heliport,Chibougamau (Hydro-Québec) Heliport,49.88779830932617,-74.40029907226562,1270.0,CA-QC,Chibougamau,no,CSE2,,CSE2
CSE3,small_airport,Lourdes-de-Joliette Airport,46.111146,-73.452959,350.0,CA-QC,Notre-Dame-de-Lourdes,no,CSE3,,CSE3
CSE4,small_airport,Lachute Airport,45.63940048217773,-74.37059783935547,221.0,CA-QC,Lachute,no,CSE4,,CSE4
CSE5,small_airport,Montmagny Airport,47.000834,-70.518293,37.0,CA-QC,Montmagny,no,CSE5,,CSE5
CSE6,seaplane_base,Mistissini Seaplane Base,50.416698,-73.866699,1229.0,CA-QC,,no,CSE6,,CSE6
CSE7,heliport,Delta (SEI) Heliport,49.129088,-123.018395,37.0,CA-BC,Vancouver,no,CSE7,,CSE7
CSE8,seaplane_base,Lac Duhamel Seaplane Base,46.14080047607422,-74.6417007446289,800.0,CA-QC,Mont-Tremblant,no,CSE8,,CSE8
CSE9,seaplane_base,Parent Seaplane Base,47.891899,-74.640602,1350.0,CA-QC,Parent,no,,,
CSF3,small_airport,Poste Montagnais (Mile 134) Airport,51.88859939575195,-65.71499633789062,1987.0,CA-QC,Poste Montagnais,no,CSF3,,CSF3
CSF4,small_airport,Shelburne (Schaefer Field),44.008903,-80.262597,1620.0,CA-ON,Amaranth,no,CSF4,,
CSF5,small_airport,Safron Farms Airport,52.199,-114.237301,3005.0,CA-AB,Markerville,no,CSF5,,CSF5
CSF6,heliport,Ste-Marguerite Heliport,46.03110122680664,-74.05329895019531,1100.0,CA-QC,Ste-Marguerite,no,CSF6,,CSF6
CSF7,small_airport,Ottawa / Casselman (Shea Field),45.299675,-75.171504,216.0,CA-ON,Ottawa,no,CSF7,,CSF7
CSG2,heliport,East Angus Heliport,45.48329925537109,-71.66670227050781,597.0,CA-QC,East Angus,no,CSG2,,CSG2
CSG3,small_airport,Joliette Airport,46.044464,-73.501539,225.0,CA-QC,Joliette,no,CSG3,,CSG3
CSG5,small_airport,Saint-Jean-Chrysostome Airport,46.685299,-71.151703,325.0,CA-QC,Saint-Jean-Chrysostome,no,CSG5,,CSG5
CSG6,heliport,Edmonton / Kelsonae Heliport,53.36661,-113.837505,2325.0,CA-AB,,no,CSG6,,CSG6
CSG7,heliport,François Desourdy Heliport,45.44969940185547,-71.868896484375,722.0,CA-QC,Sherbrooke,no,CSG7,,CSG7
CSG9,heliport,Sagard Heliport,47.990844,-70.0774864,795.0,CA-QC,Sagard,no,CSG9,,CSG9
CSH2,small_airport,Île-aux-Grues Airport,47.072402,-70.533235,60.0,CA-QC,L'Isle-aux-Grues,no,CSH2,,CSH2
CSH4,small_airport,Lebel-sur-Quevillon Airport,49.0303001404,-77.0171966553,960.0,CA-QC,Lebel-sur-Quévillon,no,CSH4,YLS,CSH4
CSH5,small_airport,Saint-Ferdinand Airport,46.126099,-71.536102,1050.0,CA-QC,Saint-Ferdinand,no,CSH5,,CSH5
CSH6,heliport,Montreal / Les Cèdres Heliport,45.347165,-74.086985,160.0,CA-QC,Montréal,no,CSH6,,CSH6
CSH8,seaplane_base,Manicouagan/Lac Louise Seaplane Base,50.657501,-68.8228,1300.0,CA-QC,,no,CSH8,,CSH8
CSH9,heliport,Montréal East (AIM) Heliport,45.635193,-73.562138,179.0,CA-QC,Montréal,no,CSH9,,CSH9
CSJ2,small_airport,Kanawata Aeroparc Airport,47.595315,-74.132991,1350.0,CA-QC,Rivière-Windigo,no,CSJ2,,CSJ2
CSJ3,heliport,St. Joseph's Hospital Helipad,49.152903,-103.013001,1881.0,CA-SK,Estevan,no,CSJ3,,CSJ3
CSJ4,small_airport,Louiseville Airport,46.245468,-72.90897,40.0,CA-QC,Louiseville,no,CSJ4,,CSJ4
CSJ5,small_airport,St-Louis-de-France Airport,46.436903,-72.630079,225.0,CA-QC,St-Louis-de-France,no,CSJ5,,CSJ5
CSJ9,seaplane_base,Salmon Lake Seaplane Base,45.258771,-79.969341,690.0,CA-ON,Parry Sound,no,CSJ9,,CSJ9
CSK4,small_airport,Mansonville Airport,45.0266,-72.401928,575.0,CA-QC,Mansonville,no,,,
CSK5,small_airport,Paquet Airport,46.89500045776367,-71.78579711914062,582.0,CA-QC,St-Raymond,no,CSK5,,CSK5
CSK6,small_airport,Snap Lake Airport,63.593601,-110.905998,1557.0,CA-NT,Snap Lake Mine,no,,YNX,
CSK7,heliport,Skyline Helicopter Technologies,46.435556,-81.121944,860.0,CA-ON,Sudbury / Lively,no,CSK7,,
CSK9,heliport,Nicolet Heliport,46.22029876708984,-72.64779663085938,33.0,CA-QC,Nicolet,no,CSK9,,CSK9
CSL3,small_airport,Lac-à-la-Tortue Airport,46.621806,-72.632889,434.0,CA-QC,Lac-à-la-Tortue,no,CSL3,,CSL3
CSL5,small_airport,Saint-Victor-de-Beauce Airport,46.119268,-70.887094,1100.0,CA-QC,Saint-Victor,no,CSL5,,CSL5
CSL6,heliport,Slave Lake Helicopters Heliport,55.293302,-114.781355,1902.0,CA-AB,Slave Lake,no,CSL6,,
CSL7,small_airport,Odessa / Strawberry Lakes Airstrip,50.364518,-103.740807,2160.0,CA-SK,Qu'Appelle,no,CSL7,,CSL7
CSL8,heliport,Sudbury / Laurentian (Hospital),46.4666476682,-80.9964895248,985.0,CA-ON,,no,CSL8,,
CSL9,small_airport,Baie-Comeau (Manic 1) Airport,49.18439865112305,-68.36250305175781,250.0,CA-QC,Baie-Comeau,no,CSL9,,CSL9
CSM2,heliport,Strathmore Hospital Heliport,51.0599,-113.3862,3222.0,CA-AB,Strathmore,no,CSM2,,CSM2
CSM3,small_airport,Thetford Mines Airport,46.051700592041016,-71.2572021484375,1408.0,CA-QC,Thetford Mines,no,CSM3,,CSM3
CSM5,small_airport,Saint-Michel-des-Saints Aerodrome,46.680036,-73.992863,1372.0,CA-QC,Saint-Michel-Des-Saints,no,CSM5,,CSM5
CSM6,seaplane_base,Blue Sea Lake Seaplane Base,46.242,-76.047,560.0,CA-QC,Maniwaki,no,CSM6,,CSM6
CSM7,heliport,Abbotsford (Sumas Mountain) Heliport,49.105322,-122.197441,1067.0,CA-BC,Abbotsford,no,CSM7,,
CSM8,seaplane_base,Sept-Îles/Lac des Rapides Water Aerodrome,50.298901,-66.415604,255.0,CA-QC,Sept-Îles,no,CSM8,,CSM8
CSM9,heliport,Sault Area Hospital Heliport,46.5474,-84.312601,797.0,CA-ON,Sault Ste. Marie,no,CSM9,,CSM9
CSN2,heliport,Montreal / Kruger Heliport,45.5073497512,-73.6360439658,180.0,CA-QC,Montréal,no,CSN2,,CSN2
CSN3,small_airport,St-Jérôme Airport,45.779799,-74.067088,550.0,CA-QC,St-Jérôme,no,,,
CSN4,heliport,Woodstock/Snokist Heliport,46.202784,-67.659436,481.0,CA-NB,Woodstock,no,CSN4,,CSN4
CSN6,heliport,Saint John (Saint John Regional Hospital) Heliport,45.302264,-66.087919,246.0,CA-NB,Saint John,no,CSN6,,CSN6
CSN7,small_airport,Farnham Airport,45.28559875488281,-73.00779724121094,180.0,CA-QC,Farnham,no,CSN7,,CSN7
CSN8,seaplane_base,Québec/Lac St-Augustin Seaplane Base,46.7514,-71.394203,133.0,CA-QC,Quebec City,no,CSN8,,CSN8
CSN9,heliport,Baie-Comeau / Héli-Manicouagan Heliport,49.1989559539,-68.28541785479999,76.0,CA-QC,Baie-Comeau,no,CSN9,,CSN9
CSP2,heliport,Stony Plain (Westview Health Centre) Heliport,53.5373346229,-113.97831291,2311.0,CA-AB,Stony Plain,no,CSP2,,CSP2
CSP3,small_airport,Stony Plain (Stony Field) Airport,53.537498,-114.068001,2415.0,CA-AB,Stony Plain,no,CSP3,,CSP3
CSP4,seaplane_base,Sproat Lake Landing Water Aerodrome.,49.284,-124.973,105.0,CA-BC,Port Alberni,no,CSP4,,CSP4
CSP5,small_airport,St-Mathias Airport,45.50080108642578,-73.24169921875,50.0,CA-QC,St-Mathias,no,CSP5,,CSP5
CSP6,small_airport,Montreal / Aéroparc Île Perrot,45.3760986328,-73.9072036743,100.0,CA-QC,Montréal,no,CSP6,,CSP6
CSP8,seaplane_base,Lac Sept-Îles Seaplane Base,46.939701,-71.745003,685.0,CA-QC,,no,CSP8,,CSP8
CSP9,seaplane_base,Ste-Anne-du-Lac Seaplane Base,46.885817,-75.326789,817.0,CA-QC,Ste-Anne-du-Lac,no,CSP9,,CSP9
CSQ3,small_airport,Valcourt Airport,45.48109817504883,-72.310302734375,740.0,CA-QC,Valcourt,no,CSQ3,,CSQ3
CSR2,small_airport,PVA1 Airport,52.168543,-101.59113,1420.0,CA-MB,Swan River,no,CSR2,,CSR2
CSR3,small_airport,Victoriaville Airport,46.110604,-71.931906,486.0,CA-QC,Victoriaville,no,CSR3,,CSR3
CSR5,heliport,Île d'Orléans Heliport,46.990799,-70.826698,170.0,CA-QC,Île d'Orléans,no,CSR5,,CSR5
CSR6,heliport,Sonora Resort Heliport,50.3817339685,-125.157558918,46.0,CA-BC,Sonora Resort,no,CSR6,,CSR6
CSR8,small_airport,La Sarre Airport,48.917198181152,-79.178596496582,1048.0,CA-QC,La Sarre,no,CSR8,SSQ,CSR8
CSS2,heliport,Rivière-du-Loup Heliport,47.8490389984,-69.5422527194,10.0,CA-QC,Rivière-du-Loup,no,CSS2,,CSS2
CSS4,small_airport,St-Dominique Airport,45.63249969482422,-72.81890106201172,250.0,CA-QC,St-Dominique,no,CSS4,,CSS4
CSS7,seaplane_base,Lac-à-Beauce Seaplane Base,47.321401,-72.764997,670.0,CA-QC,Lac-à-Beauce,no,CSS7,,CSS7
CST2,heliport,Montreal / Marina Venise,45.6322408462,-73.7810871005,65.0,CA-QC,,no,CST2,,ST2
CST3,small_airport,Montreal / St-Lazare Airport,45.3903282887,-74.1340041161,175.0,CA-QC,Montréal,no,CST3,,CST3
CST5,heliport,Sable Island Heliport,43.933101654052734,-60.00559997558594,15.0,CA-NS,Sable Island,no,CST5,,CST5
CST6,seaplane_base,Clova/Lac Duchamp Seaplane Base,48.110001,-75.365799,1375.0,CA-QC,,no,CST6,,CST6
CST7,small_airport,St-Lambert-De-Lauzon Airport,46.56029891967773,-71.18250274658203,475.0,CA-QC,St-Lambert-De-Lauzon,no,CST7,,CST7
CST8,seaplane_base,Montreal / Marina Venise Seaplane Base,45.632856,-73.782409,65.0,CA-QC,Montréal,no,CST8,,CST8
CSU2,small_airport,Chisasibi Airport,53.80559921264648,-78.91690063476562,43.0,CA-QC,Chisasibi,yes,CSU2,YKU,CSU2
CSU3,small_airport,Saint-Hyacinthe Aerodrome,45.60687,-73.015146,115.0,CA-QC,Saint-Hyacinthe,no,CSU3,,CSU3
CSU4,heliport,Shubenacadie Heliport,45.093228,-63.396957,80.0,CA-NS,Shubenacadie,no,CSU4,,CSU4
CSU5,small_airport,Weymontachie Airport,47.937133,-73.818004,1171.0,CA-QC,Wemotaci,no,CSU5,,CSU5
CSU6,seaplane_base,Spout Lake Seaplane Base,52.0075,-121.445,3560.0,CA-BC,,no,CSU6,,CSU6
CSU7,seaplane_base,Lac-à-la-Tortue Water Aerodrome,46.616699,-72.625801,427.0,CA-QC,Lac-à-la-Tortue,no,CSU7,,CSU7
CSU8,heliport,Kelly Lake Heliport,46.449457,-81.04492,833.0,CA-ON,Sudbury,no,CSU8,,CSU8
CSV2,heliport,Ste-Agathe (AIM) Heliport,46.110987,-74.293832,1250.0,CA-QC,Ste-Agathe,no,CSV2,,CSV2
CSV3,heliport,Bécancour Heliport,46.3650016784668,-72.39610290527344,31.0,CA-QC,Bécancour,no,CSV3,,CSV3
CSV4,heliport,Fort Saskatchewan Community Hospital Heliport,53.6931,-113.2102,2056.0,CA-AB,Fort Saskatchewan,no,CSV4,,CSV4
CSV6,seaplane_base,Island View Water Aerodrome,44.129,-78.941,820.0,CA-ON,Lake Scugog,no,CSV6,,CSV6
CSV8,small_airport,Sloan Valley View Farm Airfield,43.98684,-79.729335,890.0,CA-ON,Schomberg,no,CSV8,,
CSV9,seaplane_base,St-Mathias Seaplane Base,45.5028,-73.252197,25.0,CA-QC,,no,CSV9,,CSV9
CSW5,heliport,Montréal (Bell) Heliport,45.685001373291016,-73.93109893798828,221.0,CA-QC,Montréal,no,CSW5,,CSW5
CSW6,small_airport,Hastings / Sweetwater Farms Airport,44.345991,-77.928141,690.0,CA-ON,Asphodel-Norwood,no,CSW6,,CSW6
CSW9,seaplane_base,Ste-Véronique Seaplane Base,46.514702,-74.990303,823.0,CA-QC,Ste-Véronique,no,CSW9,,CSW9
CSX3,small_airport,Richelieu Airport,45.447077,-73.232683,115.0,CA-QC,Richelieu,no,CSX3,,CSX3
CSX5,small_airport,Grant Airport,45.471900939941406,-73.19940185546875,110.0,CA-QC,St-Mathias,no,CSX5,,CSX5
CSX7,small_airport,Sexsmith (Exeter) Airport,43.376357,-81.507139,856.0,CA-ON,Bluewater,no,CSX7,,CSX7
CSY3,small_airport,Sorel Airport,45.980301,-73.042198,76.0,CA-QC,Saint-Robert,no,CSY3,,CSY3
CSY4,small_airport,Saint-Donat Aerodrome,46.30614,-74.181862,1270.0,CA-QC,Saint-Donat,no,CSY4,,CSY4
CSY5,heliport,Valleyfield (Ciment Deval Inc) Heliport,45.26359939575195,-74.14920043945312,100.0,CA-QC,Valleyfield,no,CSY5,,CSY5
CSY6,heliport,Poste Lemoyne (Complex Lg-3) Heliport,53.4827995300293,-75.03140258789062,874.0,CA-QC,Poste Lemoyne,no,CSY6,,CSY6
CSY8,seaplane_base,Natashquan (Lac De L'Avion) Seaplane Base,50.189201,-61.753899,35.0,CA-QC,,no,CSY8,,CSY8
CSY9,heliport,Cape Breton Regional Hospital Heliport,46.109078,-60.179492,224.0,CA-NS,Sydney,no,CSY9,,CSY9
CSZ2,heliport,Québec (Complex H) Heliport,46.80720520019531,-71.21343231201172,352.0,CA-QC,Québec,no,CSZ2,,CSZ2
CSZ3,small_airport,Mont-Tremblant/Saint-Jovite Airport,46.154202,-74.583603,790.0,CA-QC,Mont-Tremblant,no,CSZ3,,CSZ3
CSZ4,small_airport,St-Frédéric Airport,46.33140182495117,-70.96330261230469,991.0,CA-QC,St-Frédéric,no,CSZ4,,CSZ4
CSZ6,heliport,St-Jérôme (Hydro-Québec) Heliport,45.7707634958,-74.0269973874,340.0,CA-QC,St-Jérôme,no,CSZ6,,CSZ6
CSZ7,seaplane_base,Chibougamau/Lac Caché Water Aerodrome,49.823371,-74.424285,1255.0,CA-QC,Chibougamau,no,CSZ7,,CSZ7
CSZ8,heliport,Montréal (Sacré-Coeur) Heliport,45.5331686314,-73.7124305964,84.0,CA-QC,Montréal,no,CSZ8,,CSZ8
CSZ9,seaplane_base,Schefferville/Squaw Lake Seaplane Base,54.828098,-66.801399,1616.0,CA-QC,,no,CSZ9,,CSZ9
CTA2,heliport,Sept-Îles (Hydro-Québec) Heliport,50.288352156,-66.4124178886,220.0,CA-QC,Sept-Îles,no,CTA2,,CTA2
CTA3,small_airport,Île aux Coudres Airport,47.3894,-70.384399,110.0,CA-QC,L'Isle-aux-Coudres,no,CTA3,,CTA3
CTA4,small_airport,St Bruno-de-Guigues Airport,47.4491996765,-79.41809844970001,820.0,CA-QC,St-Bruno-de-Guigues,no,CTA4,,CTA4
CTA5,seaplane_base,Val-d'Or/Hydrobase Piché Dubuisson Seaplane Base,48.085301,-77.888601,,CA-QC,Val-d'Or,no,CTA5,,CTA5
CTA6,small_airport,Bracebridge (Tinks) Airport,45.007,-79.414101,780.0,CA-ON,Bracebridge,no,CTA6,,CTA6
CTA9,heliport,Ottawa / Gatineau (Casino) Heliport,45.4467020875,-75.72676420210001,220.0,CA-QC,Ottawa,no,CTA9,,CTA9
CTB2,heliport,Thunder Bay (Health Science Centre) Heliport,48.423099517822266,-89.26920318603516,705.0,CA-ON,Thunder Bay,no,CTB2,,CTB2
CTB6,small_airport,Tête-à-la-Baleine Airport,50.67440032958984,-59.38359832763672,107.0,CA-QC,Tête-à-la-Baleine,yes,CTB6,ZTB,CTB6
CTB7,heliport,Taber (Health Centre) Heliport,49.78559875488281,-112.16600036621094,2669.0,CA-AB,Taber,no,CTB7,,CTB7
CTB8,small_airport,Three Bears Landing Airport,54.273302,-110.162505,1841.0,CA-AB,Cold Lake,no,CTB8,,CTB8
CTC2,seaplane_base,St-Alphonse/Lac Cloutier Seaplane Base,46.192799,-73.654404,720.0,CA-QC,Saint-Alphonse,no,CTC2,,CTC2
CTD3,seaplane_base,Lac Sébastien Seaplane Base,48.651699,-71.145798,,CA-QC,,no,CTD3,,CTD3
CTD4,heliport,Baie-St-Paul Heliport,47.443682,-70.515942,100.0,CA-QC,Baie-St-Paul,no,CTD4,,CTD4
CTE3,seaplane_base,Havre St-Pierre Seaplane Base,50.263302,-63.550598,100.0,CA-QC,,no,CTE3,,CTE3
CTE5,closed,Lac à la Perchaude Airport,46.622501,-72.848297,550.0,CA-QC,Lac à la Perchaude,no,,,
CTF2,heliport,Tofield Health Centre Heliport,53.373004,-112.6506,2297.0,CA-AB,Tofield,no,CTF2,,CTF2
CTF3,small_airport,Causapscal Airport,48.311857,-67.250147,340.0,CA-QC,Causapscal,no,CTF3,,CTF3
CTF4,small_airport,Dundalk (Tripp Field) Aerodrome,44.173018,-80.310297,1700.0,CA-ON,Melancthon,no,CTF4,,
CTF5,small_airport,Pierceland (Turchyn Field),54.300305,-109.9269,1790.0,CA-SK,Pierceland,no,CTF5,,CTF5
CTG2,heliport,St-Hubert Helicraft / Metropolitan Airport Heliport,45.532093,-73.411488,96.0,CA-QC,Montréal,no,CTG2,,CTG2
CTG3,small_airport,Du Rocher-Percé (Pabok) Airport,48.38378,-64.562703,87.0,CA-QC,Grande-Rivière-Ouest,no,CTG3,,CTG3
CTH2,small_airport,Thor Lake Airport,62.1007902302,-112.624111176,809.0,CA-NT,,no,CTH2,,CTH2
CTH3,small_airport,Grandes-Bergeronnes Airport,48.232200622558594,-69.54280090332031,69.0,CA-QC,Grandes-Bergeronnes,no,CTH3,,CTH3
CTH5,heliport,Harrington Harbour Heliport,50.49610137939453,-59.48059844970703,102.0,CA-QC,Harrington Harbour,no,CTH5,,CTH5
CTH6,seaplane_base,La Tuque Seaplane Base,47.461399,-72.781097,,CA-QC,La Tuque,no,CTH6,,CTH6
CTH8,small_airport,Cookstown / Tally-Ho Field,44.2143,-79.7769,850.0,CA-ON,Cookstown,no,CTH8,,CTH8
CTH9,heliport,St-Augustin Heliport,51.2236745629,-58.642385602,105.0,CA-QC,St-Augustin,no,CTH9,,CTH9
CTI2,seaplane_base,Two Island Lake Water Aerodrome,48.687096,-89.359957,1455.0,CA-ON,Thunder Bay,no,CTI2,,CTI2
CTI3,seaplane_base,Ottawa / Gatineau Seaplane Base,45.464401,-75.68,,CA-QC,Gatineau,no,CTI3,,CTI3
CTJ2,heliport,Québec (Coast Guard) Heliport,46.80633544921875,-71.2039794921875,20.0,CA-QC,Québec,no,CTJ2,,CTJ2
CTJ3,small_airport,Rivière-la-Madeleine Airport,49.24195,-65.33049,125.0,CA-QC,Rivière-la-Madeleine,no,,,TJ3
CTK2,small_airport,Senneterre Airport,48.337279,-77.181219,1106.0,CA-QC,Senneterre,no,CTK2,,CTK2
CTK6,small_airport,Kégashka Airport,50.195801,-61.2658,32.0,CA-QC,Côte-Nord-du-Golfe-du-Saint-Laurent,no,CTK6,ZKG,CTK6
CTK7,small_airport,Selkirk / Kindy Airstrip,42.851112,-79.879166,686.0,CA-ON,Selkirk,no,CTK7,,TK7
CTK8,heliport,Abbotsford (Teck) Heliport,49.126854,-122.395003,165.0,CA-BC,Abbotsford,no,CTK8,,CTK8
CTM2,seaplane_base,Temagami/Mine Landing Seaplane Base,46.9603,-80.023102,962.0,CA-ON,,no,CTM2,,CTM2
CTM3,seaplane_base,Chute-Des-Passes/Lac Margane Seaplane Base,49.9434,-71.138,1310.0,CA-QC,Chutes-des-Passes,no,CTM3,YWQ,CTM3
CTM4,heliport,Toronto (St. Michael's Hospital) Heliport,43.654152915,-79.37847107650002,529.0,CA-ON,Toronto,no,CTM4,,CTM4
CTM5,seaplane_base,Katrine (Three Mile Lake) Water Aerodrome,45.587,-79.302,1135.0,CA-ON,Burk's Falls,no,CTM5,,CTM5
CTM6,heliport,Timmins & District Hospital Heliport,48.486944,-81.313611,950.0,CA-ON,Timmins,no,CTM6,,CTM6
CTM7,small_airport,Tundra Mine/Salamita Mine Aerodrome,64.0725,-111.158,1445.0,CA-NT,Tundra and Salamita Mines,no,CTM7,,CTM7
CTM8,seaplane_base,Témiscouata-sur-le-Lac Water Aerodrome,47.685,-68.875,489.0,CA-QC,Témiscouata-sur-le-Lac,no,CTM8,,CTM8
CTM9,heliport,New Oakville Trafalgar Memorial Hospital Heliport,43.449102,-79.763801,531.0,CA-ON,Oakville,no,CTM9,,CTM9
CTN3,seaplane_base,Lac Beauregard Seaplane Base,46.953098,-74.892197,,CA-QC,,no,CTN3,,CTN3
CTN6,small_airport,Treherne (South Norfolk Airpark) Airport,49.659698486328125,-98.66529846191406,1190.0,CA-MB,Treherne,no,CTN6,,CTN6
CTN8,small_airport,Triple Nickel Airport,43.044777,-81.600684,796.0,CA-ON,Nairn,no,CTN8,,CTN8
CTP3,seaplane_base,Barrage Gouin Seaplane Base,48.354198,-74.102798,1325.0,CA-QC,,no,CTP3,,CTP3
CTP4,seaplane_base,Lac Pau (Caniapiscau) Seaplane Base,54.845001,-69.881897,1657.0,CA-QC,,no,CTP4,,CTP4
CTP5,heliport,St. Paul (Health Care Centre) Heliport,53.98809814453125,-111.29100036621094,2113.0,CA-AB,St. Paul,no,CTP5,,CTP5
CTP9,small_airport,Donaldson Airport,61.662201,-73.321404,1902.0,CA-QC,Kattiniq,no,CTP9,YAU,CTP9
CTQ2,small_airport,Weller Airport,45.034401,-72.035004,1250.0,CA-QC,Stanstead,no,CTQ2,,CTQ2
CTQ6,small_airport,St-Anselme Airport,46.621899,-70.955002,560.0,CA-QC,St-Anselme,no,CTQ6,,CTQ6
CTR4,heliport,Artopex Plus Heliport,45.39080047607422,-72.76609802246094,295.0,CA-QC,Granby,no,CTR4,,CTR4
CTR6,small_airport,St-Basile (Marcotte) Airport,46.783599853515625,-71.82640075683594,300.0,CA-QC,St-Basile,no,CTR6,,CTR6
CTR7,seaplane_base,Ottawa / Rockcliffe Seaplane Base,45.463833,-75.642543,,CA-ON,Ottawa,no,CTR7,,CTR7
CTS2,heliport,Quebec / Beauport (HQ) Heliport,46.8795206445,-71.1941441149,320.0,CA-QC,Québec,no,CTS2,,CTS2
CTS3,seaplane_base,Lac Berthelot Seaplane Base,48.52,-76.162498,1250.0,CA-QC,,no,CTS3,,CTS3
CTS6,heliport,Hespero / Safron Residence Heliport,52.28016,-114.427972,3192.0,CA-AB,Hespero,no,CTS6,,
CTT5,small_airport,La Romaine Airport,50.259553,-60.674357,90.0,CA-QC,Le Golfe-du-Saint-Laurent,yes,CTT5,ZGS,CTT5
CTU2,small_airport,Fontanges Airport,54.553901672363,-71.173301696777,1550.0,CA-QC,Fontanges,no,CTU2,YFG,CTU2
CTU5,small_airport,La Tabatière Airport,50.8307991027832,-58.97560119628906,102.0,CA-QC,La Tabatière,yes,CTU5,ZLT,CTU5
CTV2,seaplane_base,Lac-Des-Écorces Seaplane Base,46.548599,-75.418602,753.0,CA-QC,,no,CTV2,,CTV2
CTV4,small_airport,Tavares Field,43.861167,-79.598667,745.0,CA-ON,Kleinburg,no,CTV4,,CTV4
CTX2,seaplane_base,Lac Trévet Seaplane Base,48.159401,-76.137802,1420.0,CA-QC,,no,CTX2,,CTX2
CTY3,seaplane_base,Cascades Seaplane Base,45.5858,-75.868103,340.0,CA-QC,Cantley,no,CTY3,,CTY3
CTY4,small_airport,Olds / North 40 Ranch Airstrip,51.9001705129,-114.147820473,3410.0,CA-AB,,no,CTY4,,
CTY5,small_airport,Rougemont Airport,45.43830108642578,-73.03780364990234,80.0,CA-QC,Rougemont,no,CTY5,,CTY5
CUB2,seaplane_base,Buckhorn Water Aerodrome,44.53,-78.355,806.0,CA-ON,Upper Buckhorn Lake,no,CUB2,,CUB2
CVA3,heliport,Valhalla Heliport,49.867697,-119.560701,1539.0,CA-BC,Kelowna,no,CVA3,,CVA3
CVB2,small_airport,Voisey's Bay Airport,56.344722,-62.088056,246.0,CA-NL,Natuashish,no,CVB2,,CVB2
CVC2,seaplane_base,Voyageur Channel Water Aerodrome,45.950415,-81.031109,570.0,CA-ON,Round Lake,no,CVC2,,CVC2
CVF2,small_airport,Vodarek Field,43.723387,-80.289659,1380.0,CA-ON,Centre Wellington,no,CVF2,,
CVF3,small_airport,Bethany / Whitetail Valley Farm Airfield,44.21647,-78.554102,1051.0,CA-ON,Kawartha Lakes,no,CVF3,,
CVG8,heliport,Vegreville (St. Joseph's General Hospital) Heliport,53.493900299072266,-112.03299713134766,2079.0,CA-AB,Vegreville,no,CVG8,,CVG8
CVH2,heliport,Vermilion Health Centre Heliport,53.35580062866211,-110.87200164794922,2011.0,CA-AB,Vermilion,no,CVH2,,CVH2
CVH7,heliport,Vulcan (Hospital) Heliport,50.395718,-113.259233,3451.0,CA-AB,Vulcan,no,CVH7,,CVH7
CVK2,heliport,Viking Health Centre Helipad,53.100453,-111.776597,2240.0,CA-AB,Viking,no,CVK2,,CVK2
CVL3,small_airport,Camden East / Varty Lake Airport,44.409,-76.8051,480.0,CA-ON,Camden East,no,CVL3,,CVL3
CVL4,seaplane_base,Vermette Landing,45.943,-77.267,364.0,CA-QC,Pontiac,no,CVL4,,CVL4
CVM2,small_airport,Victor Mine Airport,52.832802,-83.924801,284.0,CA-ON,Victor Diamond Mine,no,CVM2,,CVM2
CVP2,seaplane_base,Île Sainte-Hélène Water Airport,45.5212,-73.5394,23.0,CA-QC,Montréal,no,CVP2,,CVP2
CVS2,small_airport,Viking (South) Airport,53.0256,-111.948997,2242.0,CA-AB,Viking,no,CVS2,,CVS2
CVS3,heliport,Surrey Memorial Hospital Helipad,49.176015,-122.84372,245.0,CA-BC,Vancouver,no,CVS3,,CVS3
CVW2,seaplane_base,Vernon/Wildlife Seaplane Base,50.243599,-119.344002,1122.0,CA-BC,,no,CVW2,,CVW2
CWB2,small_airport,Bracebridge West Aerodrome,45.059008,-79.399828,755.0,CA-ON,Bracebridge,no,CWB2,,CWB2
CWC1,small_airport,White City (Radomsky) Airport,50.439701,-104.306,2020.0,CA-SK,White City,no,,,
CWC2,heliport,Kelowna (Wildcat Helicopters) Heliport,49.867423,-119.579229,1640.0,CA-BC,Kelowna,no,CWC2,,CWC2
CWC4,heliport,Wetaskiwin (Hospital & Care Centre) Heliport,52.988375,-113.368254,2494.0,CA-AB,Wetaskiwin,no,CWC4,,CWC4
CWCV,heliport,Nootka Lightstation Helipad,49.59225,-126.616383,48.0,CA-BC,San Rafael Island,no,CWCV,,BH6
CWD2,heliport,Collingwood / Alta Heliport,44.530007,-80.353693,725.0,CA-ON,Collingwood,no,CWD2,,CWD2
CWD3,heliport,Hamilton/Waterdown Heliport,43.3243,-79.9361,795.0,CA-ON,Hamilton,no,CWD3,,CWD3
CWF2,small_airport,Walter's Falls (Piper Way) Aerodrome,44.464268,-80.621016,1400.0,CA-ON,Meaford,no,CWF2,,
CWF4,small_airport,Wilkinson Field,44.510606,-80.47467,807.0,CA-ON,Clarksburg,no,CWF4,,CWF4
CWFM,heliport,Chatham Point Light Station Helipad,50.333101,-125.445263,75.0,CA-BC,Chatham Point,no,CWFM,,BM3
CWG2,heliport,Winnipeg (City of Winnipeg) Heliport,49.900473,-97.095553,763.0,CA-MB,Winnipeg,no,CWG2,,CWG2
CWH2,heliport,Wainwright (Health Centre) Heliport,52.8429785277,-110.864734948,2262.0,CA-AB,Wainwright,no,CWH2,,CWH2
CWH3,heliport,Woodstock (Hospital) Heliport,43.105557566,-80.7544201612,1046.0,CA-ON,,no,CWH3,,
CWH4,heliport,Winchester District Memorial Hospital Heliport,45.088,-75.3549,256.0,CA-ON,Ottawa,no,CWH4,,CWH4
CWH6,heliport,Dr. F. H. Wigmore Hospital Heliport,50.419983,-105.525591,1879.0,CA-SK,Moose Jaw,no,CWH6,,CWH6
CWH7,heliport,Health Sciences Centre Helipad,49.904164,-97.156563,880.0,CA-MB,Winnipeg,no,CWH7,,CWH7
CWIF,heliport,Quatsino Light Station Helipad,50.441691,-128.031474,35.0,CA-BC,Kains Island,no,CWIF,,WIF
CWJC,small_airport,Ennadai Lake Airport,61.1333333333,-100.9,1021.0,CA-NU,Ennadai,no,CWJC,,
CWL2,seaplane_base,White Lake Seaplane Base,45.32345,-76.487267,295.0,CA-ON,,no,CWL2,,CWL2
CWL3,small_airport,Calmar/Wizard Lake Airport,53.115969,-113.769039,2600.0,CA-AB,Calmar,no,CWL3,,CWL3
CWL4,small_airport,Kendall Farm Airport,50.252167,-97.636667,860.0,CA-MB,Woodlands,no,CWL4,,CWL4
CWOB,small_airport,Brevoort Island Airstrip,63.325446,-64.154428,621.0,CA-NU,Brevoort Island,no,CWOB,,XAS
CWP3,heliport,Leslieville / W. Pidhirney Residence Heliport,52.359274,-114.571347,3130.0,CA-AB,Leslieville,no,CWP3,,
CWP4,seaplane_base,Murrays Landing Seaplane Base,44.969167,-78.048,1126.0,CA-ON,Paudash Lake,no,CWP4,,CWP4
CWP5,small_airport,Walkers Point Airstrip,45.011051,-79.458541,779.0,CA-ON,Torrance,no,CWP5,,CWP5
CWR2,small_airport,Wild Rose Airport,50.360833,-113.407167,3475.0,CA-AB,Vulcan,no,CWR2,,CWR2
CWZM,heliport,Boat Bluff Lighthouse Helipad,52.643733,-128.524586,44.0,CA-BC,Sarah Island,no,CWZM,,AC6
CYAB,small_airport,Arctic Bay Airport,73.006101,-85.04616,72.0,CA-NU,Arctic Bay,yes,CYAB,YAB,
CYAC,small_airport,Cat Lake Airport,51.7272,-91.824402,1344.0,CA-ON,Cat Lake,yes,CYAC,YAC,
CYAD,small_airport,La Grande-3 Airport,53.5717010498,-76.19640350339999,775.0,CA-QC,La Grande-3,no,CYAD,YAR,YAD
CYAG,medium_airport,Fort Frances Municipal Airport,48.655749,-93.44349,1125.0,CA-ON,Fort Frances,yes,CYAG,YAG,
CYAH,medium_airport,La Grande-4 Airport,53.754699707,-73.6753005981,1005.0,CA-QC,La Grande-4,no,CYAH,YAH,
CYAL,small_airport,Alert Bay Airport,50.582199,-126.916,240.0,CA-BC,Alert Bay,yes,CYAL,YAL,
CYAM,medium_airport,Sault Ste Marie Airport,46.483216,-84.508467,630.0,CA-ON,Sault Ste Marie,yes,CYAM,YAM,
CYAQ,medium_airport,Kasabonika Airport,53.52470016479492,-88.6427993774414,672.0,CA-ON,Kasabonika,yes,CYAQ,XKS,
CYAS,small_airport,Kangirsuk Airport,60.027199,-69.999199,403.0,CA-QC,Kangirsuk,yes,CYAS,YKG,
CYAT,small_airport,Attawapiskat Airport,52.927502,-82.4319,31.0,CA-ON,Attawapiskat,yes,CYAT,YAT,
CYAU,small_airport,Liverpool South Shore Regional Airport,44.230301,-64.856102,321.0,CA-NS,Greenfield,no,CYAU,,
CYAV,medium_airport,Winnipeg / St. Andrews Airport,50.0564,-97.032501,760.0,CA-MB,Winnipeg/Saint Andrews,yes,CYAV,,
CYAW,heliport,CFB Shearwater Heliport,44.636782,-63.502107,144.0,CA-NS,Halifax,no,CYAW,,YAW
CYAX,small_airport,Lac du Bonnet Airport,50.294399,-96.010002,850.0,CA-MB,Lac du Bonnet,no,CYAX,,
CYAY,medium_airport,St. Anthony Airport,51.391909,-56.08321,108.0,CA-NL,St. Anthony,yes,CYAY,YAY,
CYAZ,medium_airport,Tofino / Long Beach Airport,49.079833,-125.775583,80.0,CA-BC,Tofino,yes,CYAZ,YAZ,
CYB3,heliport,Nelson/Baylock Estate Heliport,49.54472222,-117.2605555,1830.0,CA-BC,,no,CYB3,,CYB3
CYBA,small_airport,Banff Airport,51.208222,-115.540624,4583.0,CA-AB,Banff,no,CYBA,YBA,
CYBB,small_airport,Kugaaruk Airport,68.535711,-89.805508,56.0,CA-NU,Kugaaruk,yes,CYBB,YBB,
CYBC,medium_airport,Baie-Comeau Airport,49.1325,-68.204399,71.0,CA-QC,Baie-Comeau,yes,CYBC,YBC,YBC
CYBD,medium_airport,Bella Coola Airport,52.387501,-126.596001,117.0,CA-BC,Bella Coola,yes,CYBD,QBC,
CYBE,small_airport,Uranium City Airport,59.561401,-108.481003,1044.0,CA-SK,Uranium City,yes,CYBE,YBE,
CYBF,medium_airport,Bonnyville Airport,54.304199,-110.744003,1836.0,CA-AB,Bonnyville,yes,CYBF,YBY,
CYBG,medium_airport,Saguenay-Bagotville Airport,48.330123,-70.992012,522.0,CA-QC,Saguenay,yes,CYBG,YBG,
CYBK,medium_airport,Baker Lake Airport,64.29889678960001,-96.077796936,59.0,CA-NU,Baker Lake,yes,CYBK,YBK,
CYBL,medium_airport,Campbell River Airport,49.950802,-125.271004,346.0,CA-BC,Campbell River,yes,CYBL,YBL,YBL
CYBN,heliport,CFB Borden Heliport,44.271702,-79.912498,729.0,CA-ON,Borden,no,CYBN,,
CYBP,small_airport,Brooks Regional Airport,50.633598,-111.926003,2490.0,CA-AB,Brooks,no,CYBP,,CYBP
CYBQ,small_airport,Tadoule Lake Airport,58.706308,-98.511057,923.0,CA-MB,Tadoule Lake,yes,CYBQ,XTL,
CYBR,medium_airport,Brandon Municipal Airport,49.91,-99.951897,1343.0,CA-MB,Brandon,yes,CYBR,YBR,
CYBT,small_airport,Brochet Airport,57.8894,-101.679001,1136.0,CA-MB,Brochet,yes,CYBT,YBT,
CYBU,medium_airport,Nipawin Airport,53.33250045776367,-104.00800323486328,1220.0,CA-SK,Nipawin,no,CYBU,,
CYBV,small_airport,Berens River Airport,52.358898,-97.018303,728.0,CA-MB,Berens River,yes,CYBV,YBV,
CYBW,medium_airport,Calgary / Springbank Airport,51.103982,-114.369378,3940.0,CA-AB,Calgary,no,CYBW,,
CYBX,medium_airport,Lourdes-de-Blanc-Sablon Airport,51.4436,-57.185299,121.0,CA-QC,Blanc-Sablon,yes,CYBX,YBX,
CYCA,small_airport,Cartwright Airport,53.682501,-57.042303,40.0,CA-NL,Cartwright,yes,CYCA,YRF,
CYCB,medium_airport,Cambridge Bay Airport,69.1081008911,-105.138000488,90.0,CA-NU,Cambridge Bay,yes,CYCB,YCB,
CYCC,medium_airport,Cornwall Regional Airport,45.092637,-74.567724,175.0,CA-ON,Cornwall,no,CYCC,YCC,
CYCD,medium_airport,Nanaimo Airport,49.05497,-123.869863,92.0,CA-BC,Nanaimo,yes,CYCD,YCD,
CYCE,medium_airport,Centralia / James T. Field Memorial Aerodrome,43.285599,-81.508301,824.0,CA-ON,Huron Park,no,CYCE,YCE,CYCE
CYCG,medium_airport,Castlegar/West Kootenay Regional Airport,49.296398,-117.632004,1624.0,CA-BC,Castlegar,yes,CYCG,YCG,
CYCH,medium_airport,Miramichi Airport,47.007801,-65.449203,108.0,CA-NB,Miramichi,no,CYCH,YCH,
CYCK,small_airport,Chatham Kent Airport,42.3064002991,-82.0819015503,650.0,CA-ON,Chatham-Kent,no,CYCK,XCM,NZ3
CYCL,medium_airport,Charlo Airport,47.990799,-66.330299,132.0,CA-NB,Charlo,no,CYCL,YCL,
CYCN,medium_airport,Cochrane Airport,49.10559844970703,-81.01360321044922,861.0,CA-ON,Cochrane,no,CYCN,YCN,
CYCO,small_airport,Kugluktuk Airport,67.816408,-115.14307,74.0,CA-NU,Kugluktuk,yes,CYCO,YCO,
CYCP,medium_airport,Blue River Airport,52.11669921875,-119.28299713134766,2240.0,CA-BC,Blue River,no,CYCP,,
CYCQ,medium_airport,Chetwynd Airport,55.687198638916016,-121.6269989013672,2000.0,CA-BC,Chetwynd,no,CYCQ,YCQ,
CYCR,small_airport,Cross Lake (Charlie Sinclair Memorial) Airport,54.609758,-97.762442,709.0,CA-MB,Cross Lake,yes,CYCR,YCR,
CYCS,small_airport,Chesterfield Inlet Airport,63.346901,-90.731102,32.0,CA-NU,Chesterfield Inlet,yes,CYCS,YCS,
CYCT,small_airport,Coronation Airport,52.0750007629,-111.444999695,2595.0,CA-AB,Coronation,no,CYCT,YCT,
CYCW,small_airport,Chilliwack Airport,49.153157,-121.939309,32.0,CA-BC,Chilliwack,no,CYCW,YCW,
CYCX,heliport,CFB Gagetown Heliport,45.837766,-66.436729,166.0,CA-NB,Oromocto,no,CYCX,,
CYCY,small_airport,Clyde River Airport,70.486099,-68.516701,87.0,CA-NU,Clyde River,yes,CYCY,YCY,
CYCZ,small_airport,Fairmont Hot Springs Airport,50.331052,-115.873739,2661.0,CA-BC,Fairmont Hot Springs,no,CYCZ,YCZ,
CYD2,seaplane_base,Yellow Dog Lodge Seaplane Base,62.890556,-113.867778,725.0,CA-NT,Graham Lake,no,CYD2,,CYD2
CYDA,medium_airport,Dawson City Airport,64.04309844970703,-139.1280059814453,1215.0,CA-YT,Dawson City,yes,CYDA,YDA,
CYDB,medium_airport,Burwash Airport,61.371101,-139.041,2647.0,CA-YT,Burwash Landing,no,CYDB,YDB,
CYDC,small_airport,Princeton Airport,49.468102,-120.511002,2298.0,CA-BC,Town of Princeton,no,CYDC,,
CYDF,medium_airport,Deer Lake Airport,49.208159,-57.396147,72.0,CA-NL,Deer Lake,yes,CYDF,YDF,
CYDH,heliport,Ottawa / Dwyer Hill Heliport,45.1305999756,-75.9483032227,325.0,CA-ON,Ottawa,no,CYDH,,CYDH
CYDL,small_airport,Dease Lake Airport,58.422199,-130.031998,2600.0,CA-BC,Dease Lake,yes,CYDL,YDL,
CYDM,medium_airport,Ross River Airport,61.9706001282,-132.42300415,2314.0,CA-YT,Ross River,no,CYDM,XRR,YDM
CYDN,medium_airport,Dauphin Barker Airport,51.1008,-100.052002,999.0,CA-MB,Dauphin,yes,CYDN,YDN,
CYDO,medium_airport,Dolbeau-Saint-Felicien Airport,48.7785,-72.375,372.0,CA-QC,Dolbeau-Saint-Felicien,no,CYDO,YDO,
CYDP,small_airport,Nain Airport,56.550778,-61.682224,22.0,CA-NL,Nain,yes,CYDP,YDP,
CYDQ,medium_airport,Dawson Creek Airport,55.741245,-120.183263,2148.0,CA-BC,Dawson Creek,no,CYDQ,YDQ,
CYEA,small_airport,Empress Airport,50.93330001831055,-110.01300048828124,2211.0,CA-AB,Empress,no,CYEA,,
CYED,heliport,Edmonton (CFB Namao) Heliport,53.667934,-113.472548,2257.0,CA-AB,Edmonton,no,CYED,,CYED
CYEE,medium_airport,Huronia Airport,44.6833000183,-79.9282989502,770.0,CA-ON,Midland,no,CYEE,,YEE
CYEG,large_airport,Edmonton International Airport,53.3097,-113.580002,2373.0,CA-AB,Edmonton,yes,CYEG,YEG,CYEG
CYEK,small_airport,Arviat Airport,61.0942,-94.070801,32.0,CA-NU,Arviat,yes,CYEK,YEK,
CYEL,medium_airport,Elliot Lake Municipal Airport,46.351398468,-82.5614013672,1087.0,CA-ON,Elliot Lake,no,CYEL,YEL,
CYEM,medium_airport,Manitoulin East Municipal Airport,45.842435,-81.857595,869.0,CA-ON,Sheguiandah,no,CYEM,YEM,
CYEN,medium_airport,Estevan Airport,49.2103004456,-102.966003418,1905.0,CA-SK,Estevan,no,CYEN,YEN,
CYER,small_airport,Fort Severn Airport,56.018902,-87.676102,48.0,CA-ON,Fort Severn,yes,CYER,YER,
CYES,small_airport,Edmundston Airport,47.487208,-68.477732,490.0,CA-NB,Edmundston,no,CYES,,
CYET,medium_airport,Edson Airport,53.5788993835,-116.464996338,3043.0,CA-AB,Edson,no,CYET,YET,
CYEU,small_airport,Eureka Airport,79.9946975708,-85.814201355,256.0,CA-NU,Eureka,no,CYEU,YEU,
CYEV,medium_airport,Inuvik Mike Zubko Airport,68.30419921880001,-133.483001709,224.0,CA-NT,Inuvik,yes,CYEV,YEV,
CYEY,medium_airport,Amos/Magny Airport,48.563903,-78.249702,1068.0,CA-QC,Amos,no,CYEY,YEY,
CYFA,small_airport,Fort Albany Airport,52.203451,-81.695194,48.0,CA-ON,Fort Albany,yes,CYFA,YFA,
CYFB,medium_airport,Iqaluit Airport,63.756402,-68.555801,110.0,CA-NU,Iqaluit,yes,CYFB,YFB,
CYFC,medium_airport,Fredericton International Airport,45.868697,-66.529891,68.0,CA-NB,Fredericton,yes,CYFC,YFC,
CYFD,medium_airport,Brantford Municipal Airport,43.131401,-80.342499,815.0,CA-ON,Brantford,no,CYFD,,
CYFE,medium_airport,Forestville Airport,48.74610137939453,-69.09719848632812,293.0,CA-QC,Forestville,no,CYFE,YFE,
CYFH,small_airport,Fort Hope Airport,51.561901,-87.907799,899.0,CA-ON,Fort Hope,yes,CYFH,YFH,
CYFJ,medium_airport,Mont-Tremblant International Airport,46.409401,-74.779999,827.0,CA-QC,La Macaza,no,CYFJ,YTM,
CYFO,small_airport,Flin Flon Airport,54.678101,-101.681999,997.0,CA-MB,Flin Flon,yes,CYFO,YFO,
CYFR,medium_airport,Fort Resolution Airport,61.1808013916,-113.690002441,526.0,CA-NT,Fort Resolution,no,CYFR,YFR,
CYFS,medium_airport,Fort Simpson Airport,61.76020050048828,-121.23699951171876,555.0,CA-NT,Fort Simpson,yes,CYFS,YFS,
CYFT,small_airport,Makkovik Airport,55.077335,-59.187942,234.0,CA-NL,Makkovik,yes,CYFT,YMN,
CYG2,small_airport,Yellow Gold Airport,43.159989,-81.703091,642.0,CA-ON,Parkhill,no,CYG2,,CYG2
CYGB,small_airport,Texada Gillies Bay Airport,49.694341,-124.518099,326.0,CA-BC,Texada,no,CYGB,YGB,
CYGD,medium_airport,Goderich Airport,43.7668991089,-81.7106018066,712.0,CA-ON,Goderich,no,CYGD,,YGD
CYGE,medium_airport,Golden Airport,51.299196,-116.982002,2575.0,CA-BC,Golden,no,CYGE,,
CYGH,small_airport,Fort Good Hope Airport,66.240658,-128.647757,268.0,CA-NT,Fort Good Hope,yes,CYGH,YGH,
CYGK,medium_airport,Kingston Norman Rogers Airport,44.2253,-76.596901,305.0,CA-ON,Kingston,no,CYGK,YGK,
CYGL,medium_airport,La Grande Rivière Airport,53.625301361083984,-77.7042007446289,639.0,CA-QC,La Grande Rivière,yes,CYGL,YGL,
CYGM,medium_airport,Gimli Industrial Park Airport,50.62810134887695,-97.04329681396484,753.0,CA-MB,Gimli,no,CYGM,YGM,
CYGO,small_airport,Gods Lake Narrows Airport,54.55768,-94.490061,617.0,CA-MB,Gods Lake Narrows,yes,CYGO,YGO,
CYGP,medium_airport,Michel-Pouliot Gaspé Airport,48.774915,-64.481893,112.0,CA-QC,Gaspé,yes,CYGP,YGP,
CYGQ,medium_airport,Geraldton Greenstone Regional Airport,49.77830123901367,-86.93939971923828,1144.0,CA-ON,Geraldton,no,CYGQ,YGQ,
CYGR,medium_airport,Îles-de-la-Madeleine Airport,47.425242,-61.778612,35.0,CA-QC,Les Îles-de-la-Madeleine,yes,CYGR,YGR,
CYGT,small_airport,Igloolik Airport,69.3647,-81.816101,174.0,CA-NU,Igloolik,yes,CYGT,YGT,
CYGV,medium_airport,Havre-Saint-Pierre Airport,50.281898,-63.611401,124.0,CA-QC,Havre-Saint-Pierre,yes,CYGV,YGV,
CYGW,medium_airport,Kuujjuarapik Airport,55.28189849853516,-77.76529693603516,34.0,CA-QC,Kuujjuarapik,yes,CYGW,YGW,
CYGX,small_airport,Gillam Airport,56.35712,-94.711504,476.0,CA-MB,Gillam,yes,CYGX,YGX,
CYGZ,small_airport,Grise Fiord Airport,76.425823,-82.908583,146.0,CA-NU,Grise Fiord,yes,CYGZ,YGZ,
CYHA,small_airport,Quaqtaq Airport,61.046398,-69.617798,103.0,CA-QC,Quaqtaq,yes,CYHA,YQC,
CYHB,small_airport,Hudson Bay Airport,52.8166999817,-102.310997009,1175.0,CA-SK,Hudson Bay,no,CYHB,YHB,
CYHC,seaplane_base,Vancouver Harbour Water Aerodrome,49.290739,-123.118541,,CA-BC,Vancouver,yes,CYHC,CXH,
CYHD,medium_airport,Dryden Regional Airport,49.831699,-92.744202,1354.0,CA-ON,Dryden,no,CYHD,YHD,
CYHE,small_airport,Hope Airport / FVRD Regional Airpark,49.368865,-121.49495,128.0,CA-BC,Hope,no,CYHE,YHE,
CYHF,medium_airport,Hearst René Fontaine Municipal Airport,49.71419906616211,-83.68609619140625,827.0,CA-ON,Hearst,no,CYHF,YHF,
CYHH,small_airport,Nemiscau Airport,51.691101,-76.135597,802.0,CA-QC,Nemiscau,yes,CYHH,YNS,
CYHI,small_airport,Ulukhaktok Holman Airport,70.762802,-117.806,117.0,CA-NT,Ulukhaktok,yes,CYHI,YHI,
CYHK,small_airport,Gjoa Haven Airport,68.635597,-95.849701,152.0,CA-NU,Gjoa Haven,yes,CYHK,YHK,
CYHM,large_airport,John C. Munro Hamilton International Airport,43.171308,-79.929416,780.0,CA-ON,Hamilton,yes,CYHM,YHM,
CYHN,medium_airport,Hornepayne Municipal Airport,49.19309997558594,-84.75890350341797,1099.0,CA-ON,Hornepayne,no,CYHN,YHN,
CYHO,small_airport,Hopedale Airport,55.448757,-60.228124,39.0,CA-NL,Hopedale,yes,CYHO,YHO,
CYHP,small_airport,Poplar Hill Airport,52.1133,-94.2556,1095.0,CA-ON,Poplar Hill,yes,CYHP,YHP,CPV7
CYHR,small_airport,Chevery Airport,50.468322,-59.637823,39.0,CA-QC,Chevery,yes,CYHR,YHR,
CYHS,small_airport,Hanover / Saugeen Municipal Airport,44.158298,-81.062798,939.0,CA-ON,Hanover,no,CYHS,,CYHS
CYHT,medium_airport,Haines Junction Airport,60.7892,-137.546005,2150.0,CA-YT,Haines Junction,no,CYHT,YHT,
CYHU,medium_airport,Montréal / Saint-Hubert Metropolitan Airport,45.517502,-73.416901,90.0,CA-QC,Montréal,yes,CYHU,YHU,
CYHY,medium_airport,Hay River / Merlyn Carter Airport,60.8396987915,-115.782997131,541.0,CA-NT,Hay River,yes,CYHY,YHY,
CYHZ,large_airport,Halifax / Stanfield International Airport,44.8807983398,-63.5085983276,477.0,CA-NS,Halifax,yes,CYHZ,YHZ,
CYIB,medium_airport,Atikokan Municipal Airport,48.773899,-91.638603,1408.0,CA-ON,Atikokan,no,CYIB,YIB,
CYID,medium_airport,Digby / Annapolis Regional Airport,44.5458450365,-65.7854247093,499.0,CA-NS,Digby,no,CYID,YDG,
CYIF,medium_airport,St Augustin Airport,51.2117,-58.658298,20.0,CA-QC,St-Augustin,yes,CYIF,YIF,
CYIK,small_airport,Ivujivik Airport,62.417301,-77.925301,126.0,CA-QC,Ivujivik,yes,CYIK,YIK,
CYIO,small_airport,Pond Inlet Airport,72.689494,-77.968941,181.0,CA-NU,Pond Inlet,yes,CYIO,YIO,
CYIV,medium_airport,Island Lake Airport,53.857200622558594,-94.65360260009766,770.0,CA-MB,Island Lake,yes,CYIV,YIV,
CYJA,small_airport,Jasper Airport,52.996418,-118.060233,3350.0,CA-AB,Jasper,no,CYJA,YJA,
CYJF,medium_airport,Fort Liard Airport,60.2358016968,-123.46900177,708.0,CA-NT,Fort Liard,no,CYJF,YJF,
CYJM,small_airport,Fort St James Airport,54.39720153808594,-124.26300048828124,2364.0,CA-BC,Fort St. James,no,CYJM,,
CYJN,medium_airport,St Jean Airport,45.29439926147461,-73.28109741210938,136.0,CA-QC,St Jean,no,CYJN,YJN,
CYJP,small_airport,Fort Providence Airport,61.31940078735352,-117.6060028076172,524.0,CA-NT,Fort Providence,no,CYJP,,
CYJQ,small_airport,Denny Island Airport,52.136474,-128.056182,162.0,CA-BC,Denny Island,no,CYJQ,,
CYJT,closed,Stephenville Dymond International Airport,48.54339,-58.552892,84.0,CA-NL,Stephenville,no,,,
CYKA,medium_airport,Kamloops John Moose Fulton Field Regional Airport,50.703038,-120.448641,1133.0,CA-BC,Kamloops,yes,CYKA,YKA,
CYKC,small_airport,Collins Bay Airport,58.2360992432,-103.678001404,1341.0,CA-SK,Collins Bay,no,CYKC,YKC,
CYKD,small_airport,Aklavik/Freddie Carmichael Airport,68.223297,-135.00599,23.0,CA-NT,Aklavik,yes,CYKD,LAK,
CYKF,medium_airport,Region of Waterloo International Airport,43.4608,-80.378601,1054.0,CA-ON,Breslau,yes,CYKF,YKF,
CYKG,small_airport,Kangiqsujuaq (Wakeham Bay) Airport,61.5886,-71.929398,501.0,CA-QC,Kangiqsujuaq,yes,CYKG,YWB,
CYKJ,medium_airport,Key Lake Airport,57.25609970092773,-105.61799621582033,1679.0,CA-SK,Key Lake,no,CYKJ,YKJ,
CYKL,medium_airport,Schefferville Airport,54.805301666259766,-66.8052978515625,1709.0,CA-QC,Schefferville,yes,CYKL,YKL,
CYKM,medium_airport,Kincardine Municipal Airport,44.201401,-81.606697,772.0,CA-ON,Kincardine,no,CYKM,YKD,CYKM
CYKO,small_airport,Akulivik Airport,60.8186,-78.148598,75.0,CA-QC,Akulivik,yes,CYKO,AKV,
CYKP,small_airport,Ogoki Post Airport,51.6585998535,-85.9017028809,594.0,CA-ON,Ogoki Post,yes,CYKP,YOG,CYKP
CYKQ,small_airport,Waskaganish Airport,51.473301,-78.758301,80.0,CA-QC,Waskaganish,yes,CYKQ,YKQ,
CYKT,small_airport,Tranquille Valley Airfield,50.859547,-120.671132,,CA-BC,Tranquille,no,CYKT,,
CYKX,medium_airport,Kirkland Lake Airport,48.21030044555664,-79.98139953613281,1157.0,CA-ON,Kirkland Lake,no,CYKX,YKX,
CYKY,medium_airport,Kindersley Airport,51.5175018311,-109.180999756,2277.0,CA-SK,Kindersley,no,CYKY,YKY,YKY
CYLA,small_airport,Aupaluk Airport,59.2967,-69.599701,119.0,CA-QC,Aupaluk,yes,CYLA,YPJ,
CYLB,small_airport,Lac La Biche Airport,54.7703018188,-112.031997681,1884.0,CA-AB,Lac La Biche,no,CYLB,YLB,
CYLC,small_airport,Kimmirut Airport,62.848253,-69.877853,175.0,CA-NU,Kimmirut,yes,CYLC,YLC,
CYLD,medium_airport,Chapleau Airport,47.81999969482422,-83.3467025756836,1470.0,CA-ON,Chapleau,no,CYLD,YLD,
CYLH,small_airport,Lansdowne House Airport,52.195599,-87.934196,834.0,CA-ON,Lansdowne House,yes,CYLH,YLH,
CYLI,small_airport,Lillooet Airport,50.674702,-121.893997,1320.0,CA-BC,Lillooet,no,CYLI,,
CYLJ,medium_airport,Meadow Lake Airport,54.125301361083984,-108.52300262451172,1576.0,CA-SK,Meadow Lake,no,CYLJ,YLJ,
CYLK,small_airport,Lutselk'e Airport,62.417823,-110.682793,596.0,CA-NT,Lutselk'e,yes,CYLK,YSG,
CYLL,medium_airport,Lloydminster Airport,53.3092,-110.072998,2193.0,CA-AB,Lloydminster,yes,CYLL,YLL,
CYLQ,small_airport,La Tuque Airport,47.4096984863,-72.7889022827,548.0,CA-QC,La Tuque,no,CYLQ,YLQ,
CYLR,medium_airport,Leaf Rapids Airport,56.513301849365234,-99.98529815673828,959.0,CA-MB,Leaf Rapids,no,CYLR,YLR,
CYLS,medium_airport,Barrie-Lake Simcoe Regional Airport,44.485056,-79.554663,972.0,CA-ON,Barrie,yes,CYLS,YLK,CYLS
CYLT,medium_airport,Alert Airport,82.517263,-62.283037,100.0,CA-NU,Alert,no,CYLT,YLT,
CYLU,small_airport,Kangiqsualujjuaq (Georges River) Airport,58.711399,-65.992798,215.0,CA-QC,Kangiqsualujjuaq,yes,CYLU,XGR,
CYLW,large_airport,Kelowna International Airport,49.9561,-119.377998,1421.0,CA-BC,Kelowna,yes,CYLW,YLW,
CYMA,medium_airport,Mayo Airport,63.61640167236328,-135.8679962158203,1653.0,CA-YT,Mayo,no,CYMA,YMA,
CYME,medium_airport,Matane Airport,48.85689926147461,-67.45330047607422,102.0,CA-QC,Matane,no,CYME,YME,
CYMG,medium_airport,Manitouwadge Airport,49.08390045166016,-85.86060333251953,1198.0,CA-ON,Manitouwadge,no,CYMG,YMG,
CYMH,small_airport,Mary's Harbour Airport,52.302837,-55.847433,38.0,CA-NL,Mary's Harbour,yes,CYMH,YMH,
CYMJ,medium_airport,Moose Jaw Air Vice Marshal C. M. McEwen Airport,50.330299377441406,-105.55899810791016,1892.0,CA-SK,Moose Jaw,no,CYMJ,YMJ,
CYML,medium_airport,Charlevoix Airport,47.59749984741211,-70.2238998413086,977.0,CA-QC,Charlevoix,no,CYML,YML,
CYMM,medium_airport,Fort McMurray International Airport,56.653301,-111.222,1211.0,CA-AB,Fort McMurray,yes,CYMM,YMM,
CYMO,medium_airport,Moosonee Airport,51.29109954833984,-80.60780334472656,30.0,CA-ON,Moosonee,yes,CYMO,YMO,
CYMT,medium_airport,Chapais Airport,49.77190017700195,-74.5280990600586,1270.0,CA-QC,Chibougamau,yes,CYMT,YMT,
CYMU,small_airport,Umiujaq Airport,56.536098,-76.518303,250.0,CA-QC,Umiujaq,yes,CYMU,YUD,
CYMW,small_airport,Maniwaki Airport,46.2728,-75.990601,656.0,CA-QC,Messines,no,CYMW,YMW,YMW
CYMX,medium_airport,Montreal Mirabel International Airport,45.679501,-74.038696,270.0,CA-QC,Montréal,yes,CYMX,YMX,
CYMY,small_airport,Ear Falls Airport,50.717231,-93.384501,1269.0,CA-ON,Ear Falls,no,CDP2,,CDP2
CYN6,seaplane_base,Gravenhurst/Muskoka Bay Seaplane Base,44.9438,-79.4045,742.0,CA-ON,Gravenhurst,no,CYN6,,CYN6
CYNA,medium_airport,Natashquan Airport,50.190114,-61.78898,39.0,CA-QC,Natashquan,yes,CYNA,YNA,
CYNC,small_airport,Wemindji Airport,53.010601,-78.8311,66.0,CA-QC,Wemindji,yes,CYNC,YNC,
CYND,medium_airport,Ottawa / Gatineau Airport,45.521702,-75.563599,211.0,CA-QC,Gatineau,yes,CYND,YND,CYND
CYNE,small_airport,Norway House Airport,53.958302,-97.8442,734.0,CA-MB,Norway House,yes,CYNE,YNE,
CYNH,small_airport,Hudson's Hope Airport,56.035142,-121.978326,2220.0,CA-BC,Hudson's Hope,no,CYNH,YNH,
CYNJ,medium_airport,Langley Airport,49.1008,-122.630997,34.0,CA-BC,Langley,no,CYNJ,YLY,
CYNL,medium_airport,Points North Landing Airport,58.27669906616211,-104.08200073242188,1605.0,CA-SK,Points North Landing,yes,CYNL,YNL,
CYNM,medium_airport,Matagami Airport,49.76169967651367,-77.80280303955078,918.0,CA-QC,Matagami,no,CYNM,YNM,
CYNN,medium_airport,Nejanilini Lake Airport,59.4874992371,-97.7802963257,1000.0,CA-MB,Nejanilini Lake,no,CYNN,,
CYNR,small_airport,Fort Mackay / Horizon Airport,57.381699,-111.700996,916.0,CA-AB,Fort Mackay,no,CYNR,HZP,CYNR
CYOA,medium_airport,Ekati Airport,64.6988983154,-110.614997864,1536.0,CA-NT,Ekati,no,CYOA,YOA,
CYOC,small_airport,Old Crow Airport,67.570602,-139.839005,824.0,CA-YT,Old Crow,yes,CYOC,YOC,
CYOD,medium_airport,CFB Cold Lake,54.40499877929688,-110.27899932861328,1775.0,CA-AB,Cold Lake,no,CYOD,YOD,
CYOH,small_airport,Oxford House Airport,54.9333,-95.2789,663.0,CA-MB,Oxford House,yes,CYOH,YOH,
CYOJ,medium_airport,High Level Airport,58.62139892578125,-117.16500091552734,1110.0,CA-AB,High Level,yes,CYOJ,YOJ,
CYOO,medium_airport,Oshawa Executive Airport,43.922798,-78.894997,460.0,CA-ON,Oshawa,no,CYOO,YOO,CYOO
CYOP,medium_airport,Rainbow Lake Airport,58.491402,-119.407997,1759.0,CA-AB,Rainbow Lake,no,CYOP,YOP,
CYOS,medium_airport,Owen Sound / Billy Bishop Regional Airport,44.5903015137,-80.8375015259,1007.0,CA-ON,Owen Sound,no,CYOS,YOS,
CYOW,large_airport,Ottawa Macdonald-Cartier International Airport,45.322498,-75.669197,374.0,CA-ON,Ottawa,yes,CYOW,YOW,YOW
CYOY,heliport,C J.H.L.(Joe) Lecomte) Heliport,46.902885,-71.503658,550.0,CA-QC,Valcartier,no,CYOY,,
CYP2,heliport,Halifax (Windsor Park) Heliport,44.657422,-63.611795,125.0,CA-NS,Halifax,no,CYP2,,CYP2
CYPA,medium_airport,Prince Albert Glass Field,53.2141990662,-105.672996521,1405.0,CA-SK,Prince Albert,yes,CYPA,YPA,
CYPC,small_airport,Paulatuk (Nora Aliqatchialuk Ruben) Airport,69.360838,-124.07547,15.0,CA-NT,Paulatuk,yes,CYPC,YPC,
CYPD,medium_airport,Port Hawkesbury Airport,45.6567001343,-61.3680992126,377.0,CA-NS,Port Hawkesbury,no,CYPD,YPS,
CYPE,medium_airport,Peace River Airport,56.226898,-117.446999,1873.0,CA-AB,Peace River,yes,CYPE,YPE,
CYPG,medium_airport,Portage-la-Prairie / Southport Airport,49.903099,-98.273817,885.0,CA-MB,Portage la Prairie,no,CYPG,YPG,
CYPH,small_airport,Inukjuak Airport,58.471901,-78.076897,83.0,CA-QC,Inukjuak,yes,CYPH,YPH,
CYPK,medium_airport,Pitt Meadows Regional Airport,49.21488,-122.709294,11.0,CA-BC,Pitt Meadows,yes,CYPK,,
CYPL,medium_airport,Pickle Lake Airport,51.4463996887207,-90.21420288085938,1267.0,CA-ON,Pickle Lake,yes,CYPL,YPL,
CYPM,small_airport,Pikangikum Airport,51.819698,-93.973297,1114.0,CA-ON,Pikangikum,yes,CYPM,YPM,
CYPN,medium_airport,Port-Menier Airport,49.836399,-64.288597,167.0,CA-QC,Port-Menier,yes,CYPN,YPN,
CYPO,small_airport,Peawanuck Airport,54.987932,-85.442648,173.0,CA-ON,Peawanuck,yes,CYPO,YPO,
CYPP,small_airport,Parent Airport,47.931901,-74.608103,1400.0,CA-QC,Parent,no,CYPP,,
CYPQ,medium_airport,Peterborough Regional Airport,44.232251,-78.362053,628.0,CA-ON,Peterborough,yes,CYPQ,YPQ,
CYPR,medium_airport,Prince Rupert Airport,54.2860984802,-130.445007324,116.0,CA-BC,Prince Rupert,yes,CYPR,YPR,
CYPS,small_airport,Pemberton Regional Airport,50.302502,-122.737999,670.0,CA-BC,Pemberton,no,CYPS,,
CYPT,small_airport,Pelee Island Airport,41.778033,-82.674222,572.0,CA-ON,Pelee Island,yes,CYPT,,
CYPU,small_airport,Puntzi Mountain Airport,52.11280059814453,-124.1449966430664,2985.0,CA-BC,Puntzi Mountain,no,CYPU,,
CYPW,medium_airport,Powell River Airport,49.83420181274414,-124.5,425.0,CA-BC,Powell River,yes,CYPW,YPW,
CYPX,medium_airport,Puvirnituq Airport,60.050598,-77.286903,74.0,CA-QC,Puvirnituq,yes,CYPX,YPX,
CYPY,medium_airport,Fort Chipewyan Airport,58.7672004699707,-111.11699676513672,761.0,CA-AB,Fort Chipewyan,yes,CYPY,YPY,
CYPZ,medium_airport,Burns Lake Airport,54.3764,-125.950996,2343.0,CA-BC,Burns Lake,yes,CYPZ,YPZ,YPZ
CYQA,medium_airport,Muskoka Airport,44.975376,-79.306546,925.0,CA-ON,Gravenhurst,yes,CYQA,YQA,
CYQB,large_airport,Quebec Jean Lesage International Airport,46.7911,-71.393303,244.0,CA-QC,Quebec,yes,CYQB,YQB,YQB
CYQD,medium_airport,The Pas Airport,53.97140121459961,-101.09100341796876,887.0,CA-MB,The Pas,yes,CYQD,YQD,
CYQF,medium_airport,Red Deer Regional Airport,52.182201,-113.893997,2968.0,CA-AB,Springbrook,no,CYQF,YQF,
CYQG,large_airport,Windsor International Airport,42.2756,-82.955597,622.0,CA-ON,Windsor,yes,CYQG,YQG,
CYQH,medium_airport,Watson Lake Airport,60.116839,-128.821993,2255.0,CA-YT,Watson Lake,yes,CYQH,YQH,
CYQI,medium_airport,Yarmouth Airport,43.82690048217773,-66.08809661865234,141.0,CA-NS,Yarmouth,no,CYQI,YQI,
CYQK,medium_airport,Kenora Airport,49.78829956054688,-94.36309814453124,1332.0,CA-ON,Kenora,yes,CYQK,YQK,
CYQL,medium_airport,Lethbridge County Airport,49.6302986145,-112.800003052,3048.0,CA-AB,Lethbridge,yes,CYQL,YQL,
CYQM,medium_airport,Greater Moncton Roméo LeBlanc International Airport,46.113189,-64.67719,232.0,CA-NB,Moncton,yes,CYQM,YQM,
CYQN,medium_airport,Nakina Airport,50.18280029296875,-86.69640350341797,1057.0,CA-ON,Nakina,yes,CYQN,YQN,
CYQQ,medium_airport,Comox Valley International Airport / CFB Comox,49.7108,-124.887001,84.0,CA-BC,Comox,yes,CYQQ,YQQ,
CYQR,medium_airport,Regina International Airport,50.431938,-104.660906,1894.0,CA-SK,Regina,yes,CYQR,YQR,
CYQS,medium_airport,St Thomas Municipal Airport,42.77000045776367,-81.11080169677734,778.0,CA-ON,St Thomas,no,CYQS,YQS,
CYQT,medium_airport,Thunder Bay International Airport,48.371899,-89.323898,653.0,CA-ON,Thunder Bay,yes,CYQT,YQT,
CYQU,medium_airport,Grande Prairie Airport,55.1796989441,-118.885002136,2195.0,CA-AB,Grande Prairie,yes,CYQU,YQU,
CYQV,medium_airport,Yorkton Municipal Airport,51.264702,-102.461998,1635.0,CA-SK,Yorkton,no,CYQV,YQV,
CYQW,medium_airport,North Battleford Airport,52.769409,-108.243742,1799.0,CA-SK,North Battleford,no,CYQW,YQW,
CYQX,medium_airport,Gander International Airport,48.936258,-54.567719,496.0,CA-NL,Gander,yes,CYQX,YQX,
CYQY,medium_airport,Sydney / J.A. Douglas McCurdy Airport,46.161072,-60.049759,203.0,CA-NS,Sydney,yes,CYQY,YQY,
CYQZ,medium_airport,Quesnel Airport,53.026100158691406,-122.51000213623048,1789.0,CA-BC,Quesnel,yes,CYQZ,YQZ,
CYRA,small_airport,Rae Lakes Airport,64.116096,-117.309998,723.0,CA-NT,Gamètì,yes,CYRA,YRA,
CYRB,medium_airport,Resolute Bay Airport,74.7169036865,-94.9693984985,215.0,CA-NU,Resolute Bay,yes,CYRB,YRB,
CYRC,small_airport,Chicoutimi/Saint-Honoré Aerodrome,48.520963,-71.05256,543.0,CA-QC,Saint-Honoré,no,CYRC,,
CYRI,medium_airport,Rivière-du-Loup Airport,47.76440048217773,-69.58470153808594,427.0,CA-QC,Rivière-du-Loup,no,CYRI,YRI,
CYRJ,medium_airport,Roberval Airport,48.519665,-72.265735,586.0,CA-QC,Roberval,yes,CYRJ,YRJ,
CYRL,medium_airport,Red Lake Airport,51.06689834594727,-93.79309844970705,1265.0,CA-ON,Red Lake,yes,CYRL,YRL,
CYRM,small_airport,Rocky Mountain House Airport,52.4296989441,-114.903999329,3244.0,CA-AB,Rocky Mountain House,no,CYRM,YRM,
CYRO,medium_airport,Ottawa / Rockcliffe Airport,45.460496,-75.644001,188.0,CA-ON,Ottawa,yes,CYRO,YRO,CYRO
CYRP,medium_airport,Ottawa / Carp Airport,45.3191986084,-76.0222015381,382.0,CA-ON,Ottawa,no,CYRP,,YRP
CYRQ,medium_airport,Trois-Rivières Airport,46.35279846191406,-72.67939758300781,199.0,CA-QC,Trois-Rivières,no,CYRQ,YRQ,
CYRS,small_airport,Red Sucker Lake Airport,54.167198,-93.557198,729.0,CA-MB,Red Sucker Lake,yes,CYRS,YRS,
CYRT,medium_airport,Rankin Inlet Airport,62.8114013672,-92.1157989502,94.0,CA-NU,Rankin Inlet,yes,CYRT,YRT,
CYRV,medium_airport,Revelstoke Airport,50.962245,-118.184258,1459.0,CA-BC,Revelstoke,no,CYRV,YRV,
CYS7,heliport,Wallaceburg/Chatham-Kent Health Alliance Heliport,42.5992,-82.3668,584.0,CA-ON,Wallaceburg,no,CSY7,,CSY7
CYSA,small_airport,Stratford Municipal Airport,43.415599823,-80.93440246579999,1215.0,CA-ON,Stratford,no,CYSA,,CYSA
CYSB,medium_airport,Sudbury Airport,46.625,-80.79889678955078,1141.0,CA-ON,Sudbury,yes,CYSB,YSB,
CYSC,medium_airport,Sherbrooke Airport,45.438599,-71.691399,792.0,CA-QC,Sherbrooke,no,CYSC,YSC,
CYSD,heliport,Canadian Forces Base Suffield Heliport,50.276359,-111.180189,2525.0,CA-AB,Ralston,no,CYSD,YSD,
CYSE,small_airport,Squamish Airport,49.7817001343,-123.162002563,171.0,CA-BC,Squamish,no,CYSE,YSE,YSE
CYSF,medium_airport,Stony Rapids Airport,59.250301361083984,-105.84100341796876,805.0,CA-SK,Stony Rapids,yes,CYSF,YSF,
CYSG,medium_airport,Saint-Georges Airport,46.096401,-70.714699,893.0,CA-QC,Saint-Georges,no,CYSG,,
CYSH,medium_airport,Smiths Falls-Montague (Russ Beach) Airport,44.945801,-75.940598,416.0,CA-ON,Smiths Falls,no,CYSH,YSH,
CYSJ,medium_airport,Saint John Airport,45.31610107421875,-65.89029693603516,357.0,CA-NB,Saint John,yes,CYSJ,YSJ,
CYSK,small_airport,Sanikiluaq Airport,56.536891,-79.250221,104.0,CA-NU,Sanikiluaq,yes,CYSK,YSK,
CYSL,medium_airport,Saint-Léonard Airport,47.157097,-67.836242,793.0,CA-NB,Saint-Léonard,no,CYSL,YSL,
CYSM,medium_airport,Fort Smith Airport,60.020302,-111.961998,671.0,CA-NT,Fort Smith,yes,CYSM,YSM,
CYSN,medium_airport,Niagara District Airport,43.191598,-79.171686,321.0,CA-ON,Niagara-on-the-Lake,yes,CYSN,YCM,
CYSP,medium_airport,Marathon Airport,48.75529861450195,-86.34439849853516,1035.0,CA-ON,Marathon,no,CYSP,YSP,
CYSQ,small_airport,Atlin Airport,59.57833,-133.668938,2348.0,CA-BC,Atlin,no,CYSQ,,
CYST,small_airport,St. Theresa Point Airport,53.845261,-94.851966,773.0,CA-MB,St. Theresa Point,yes,CYST,YST,
CYSU,medium_airport,Summerside Airport,46.440601,-63.833599,56.0,CA-PE,Slemon Park,no,CYSU,YSU,
CYSW,small_airport,Sparwood Elk Valley Airport,49.834273,-114.878653,3800.0,CA-BC,Sparwood,no,CYSW,,
CYSY,small_airport,Sachs Harbour (David Nasogaluak Jr. Saaryuaq) Airport,71.993896,-125.242996,282.0,CA-NT,Sachs Harbour,yes,CYSY,YSY,
CYSZ,small_airport,Sainte-Anne-des-Monts Aerodrome,49.1203,-66.529198,71.0,CA-QC,Sainte-Anne-des-Monts,no,CYSZ,,
CYTA,medium_airport,Pembroke Airport,45.86439895629883,-77.25170135498047,529.0,CA-ON,Pembroke,no,CYTA,YTA,
CYTE,small_airport,Cape Dorset Airport,64.230003,-76.526703,164.0,CA-NU,Kinngait,yes,CYTE,YTE,
CYTF,medium_airport,Alma Airport,48.5089,-71.641899,445.0,CA-QC,Alma,no,CYTF,YTF,
CYTH,medium_airport,Thompson Airport,55.80110168457031,-97.86419677734376,729.0,CA-MB,Thompson,yes,CYTH,YTH,
CYTL,small_airport,Big Trout Lake Airport,53.817799,-89.896896,729.0,CA-ON,Big Trout Lake,yes,CYTL,YTL,
CYTN,small_airport,Trenton Airport,45.611904,-62.621102,319.0,CA-NS,Trenton,no,CYTN,,
CYTQ,small_airport,Tasiujaq Airport,58.667801,-69.955803,122.0,CA-QC,Tasiujaq,yes,CYTQ,YTQ,
CYTR,medium_airport,CFB Trenton,44.118900299072266,-77.5280990600586,283.0,CA-ON,Trenton,no,CYTR,YTR,
CYTS,medium_airport,Timmins/Victor M. Power,48.5696983337,-81.376701355,967.0,CA-ON,Timmins,yes,CYTS,YTS,
CYTZ,medium_airport,Billy Bishop Toronto City Airport,43.627852,-79.39553,252.0,CA-ON,Toronto,yes,CYTZ,YTZ,
CYUB,small_airport,Tuktoyaktuk / James Gruben Airport,69.433296,-133.026001,15.0,CA-NT,Tuktoyaktuk,no,CYUB,YUB,
CYUL,large_airport,Montreal / Pierre Elliott Trudeau International Airport,45.467837,-73.742294,118.0,CA-QC,Montréal,yes,CYUL,YUL,YUL
CYUT,small_airport,Naujaat Airport,66.521024,-86.225166,80.0,CA-NU,Repulse Bay,yes,CYUT,YUT,
CYUX,medium_airport,Hall Beach Airport,68.7761,-81.2425,30.0,CA-NU,Sanirajak,yes,CYUX,YUX,
CYUY,medium_airport,Rouyn Noranda Airport,48.20610046386719,-78.83560180664062,988.0,CA-QC,Rouyn-Noranda,yes,CYUY,YUY,
CYVB,medium_airport,Bonaventure Airport,48.071098,-65.460297,123.0,CA-QC,Bonaventure,yes,CYVB,YVB,
CYVC,medium_airport,La Ronge Airport,55.1514015198,-105.262001038,1242.0,CA-SK,La Ronge,yes,CYVC,YVC,
CYVD,medium_airport,Virden / RJ (Bob) Andrew Field Regional Aerodrome,49.8783,-100.917999,1454.0,CA-MB,Virden,no,CYVD,,YVD
CYVG,small_airport,Vermilion Airport,53.357714,-110.827388,2025.0,CA-AB,Vermilion,no,CYVG,YVG,YVG
CYVK,medium_airport,Vernon Regional Airport,50.246163,-119.330963,1140.0,CA-BC,Vernon,no,CYVK,YVE,
CYVL,small_airport,Tommy Kochon Airport,67.02015,-126.128364,870.0,CA-NT,Colville Lake,yes,CYVL,YCK,
CYVM,small_airport,Qikiqtarjuaq Airport,67.54656,-64.03141,21.0,CA-NU,Qikiqtarjuaq,yes,CYVM,YVM,
CYVO,medium_airport,Val-d'Or Airport,48.0532989502,-77.7827987671,1107.0,CA-QC,Val-d'Or,yes,CYVO,YVO,
CYVP,medium_airport,Kuujjuaq Airport,58.096099853515625,-68.4269027709961,129.0,CA-QC,Kuujjuaq,yes,CYVP,YVP,
CYVQ,medium_airport,Norman Wells Airport,65.28160095214844,-126.7979965209961,238.0,CA-NT,Norman Wells,yes,CYVQ,YVQ,
CYVR,large_airport,Vancouver International Airport,49.193901,-123.183998,14.0,CA-BC,Vancouver,yes,CYVR,YVR,
CYVT,small_airport,Buffalo Narrows Airport,55.8418998718,-108.417999268,1423.0,CA-SK,Buffalo Narrows,no,CYVT,YVT,
CYVV,medium_airport,Wiarton Airport,44.7458,-81.107201,729.0,CA-ON,Wiarton,yes,CYVV,YVV,
CYVZ,small_airport,Deer Lake Airport,52.655613,-94.061208,1092.0,CA-ON,Deer Lake,yes,CYVZ,YVZ,
CYWA,heliport,Petawawa Heliport,45.952202,-77.319199,427.0,CA-ON,Petawawa,no,CYWA,YWA,
CYWE,small_airport,Wekweètì Airport,64.190804,-114.077002,1208.0,CA-NT,Wekweètì,yes,CYWE,YFJ,CFJ7
CYWG,large_airport,Winnipeg / James Armstrong Richardson International Airport,49.9099998474,-97.2398986816,783.0,CA-MB,Winnipeg,yes,CYWG,YWG,YWG
CYWH,seaplane_base,Victoria Harbour Seaplane Base,48.423782,-123.37198,,CA-BC,Victoria,yes,CYWH,YWH,
CYWJ,small_airport,Déline Airport,65.211098,-123.435997,703.0,CA-NT,Déline,yes,CYWJ,YWJ,
CYWK,medium_airport,Wabush Airport,52.92190170288086,-66.8644027709961,1808.0,CA-NL,Wabush,yes,CYWK,YWK,
CYWL,medium_airport,Williams Lake Airport,52.1831016541,-122.054000854,3085.0,CA-BC,Williams Lake,yes,CYWL,YWL,
CYWM,small_airport,Athabasca Airport,54.74309921264648,-113.20500183105467,1971.0,CA-AB,Athabasca,no,CYWM,,
CYWP,small_airport,Webequie Airport,52.959393,-87.374868,685.0,CA-ON,Webequie,yes,CYWP,YWP,
CYWV,small_airport,Wainwright Airport,52.796404,-110.858445,2230.0,CA-AB,Wainwright,no,CYWV,,
CYWY,medium_airport,Wrigley Airport,63.20940017700195,-123.43699645996094,489.0,CA-NT,Wrigley,no,CYWY,YWY,
CYXC,medium_airport,Cranbrook/Canadian Rockies International Airport,49.610802,-115.781998,3082.0,CA-BC,Cranbrook,yes,CYXC,YXC,
CYXE,large_airport,Saskatoon John G. Diefenbaker International Airport,52.170723,-106.700793,1653.0,CA-SK,Saskatoon,yes,CYXE,YXE,
CYXH,medium_airport,Medicine Hat Regional Airport,50.018902,-110.721001,2352.0,CA-AB,Medicine Hat,yes,CYXH,YXH,
CYXJ,medium_airport,Fort St John / North Peace Regional Airport,56.238098,-120.739998,2280.0,CA-BC,Fort Saint John,yes,CYXJ,YXJ,
CYXK,medium_airport,Rimouski Airport,48.477644,-68.496323,82.0,CA-QC,Rimouski,no,CYXK,YXK,
CYXL,medium_airport,Sioux Lookout Airport,50.11389923095703,-91.9052963256836,1258.0,CA-ON,Sioux Lookout,yes,CYXL,YXL,
CYXN,small_airport,Whale Cove Airport,62.240002,-92.598099,40.0,CA-NU,Whale Cove,yes,CYXN,YXN,
CYXP,small_airport,Pangnirtung Airport,66.144878,-65.713606,75.0,CA-NU,Pangnirtung,yes,CYXP,YXP,
CYXQ,medium_airport,Beaver Creek Airport,62.410301208496094,-140.86700439453125,2131.0,CA-YT,Beaver Creek,no,CYXQ,YXQ,
CYXR,medium_airport,Earlton (Timiskaming Regional) Airport,47.6974006546,-79.8473453522,800.0,CA-ON,Earlton,no,CYXR,YXR,
CYXS,medium_airport,Prince George (International) Airport,53.884311,-122.666554,2267.0,CA-BC,Prince George,yes,CYXS,YXS,
CYXT,medium_airport,Northwest Regional Airport Terrace-Kitimat,54.468498,-128.576009,713.0,CA-BC,Terrace,yes,CYXT,YXT,
CYXU,medium_airport,London International Airport,43.032845,-81.149003,912.0,CA-ON,London,yes,CYXU,YXU,
CYXX,medium_airport,Abbotsford International Airport,49.025299,-122.361,195.0,CA-BC,Abbotsford,yes,CYXX,YXX,
CYXY,medium_airport,Whitehorse / Erik Nielsen International Airport,60.708533,-135.065705,2317.0,CA-YT,Whitehorse,yes,CYXY,YXY,
CYXZ,medium_airport,Wawa Airport,47.96670150756836,-84.78669738769531,942.0,CA-ON,Wawa,no,CYXZ,YXZ,
CYYB,medium_airport,North Bay Jack Garland Airport,46.363602,-79.422798,1215.0,CA-ON,North Bay,yes,CYYB,YYB,
CYYC,large_airport,Calgary International Airport,51.118822,-114.009933,3557.0,CA-AB,Calgary,yes,CYYC,YYC,
CYYD,medium_airport,Smithers Airport,54.82469940185547,-127.18299865722656,1712.0,CA-BC,Smithers,yes,CYYD,YYD,
CYYE,medium_airport,Fort Nelson Airport,58.8363990784,-122.597000122,1253.0,CA-BC,Fort Nelson,yes,CYYE,YYE,
CYYF,medium_airport,Penticton Airport,49.46310043334961,-119.60199737548828,1129.0,CA-BC,Penticton,yes,CYYF,YYF,
CYYG,medium_airport,Charlottetown Airport,46.288911,-63.125174,160.0,CA-PE,Charlottetown,yes,CYYG,YYG,
CYYH,small_airport,Taloyoak Airport,69.5467,-93.576698,92.0,CA-NU,Taloyoak,yes,CYYH,YYH,
CYYJ,large_airport,Victoria International Airport,48.647201,-123.427792,63.0,CA-BC,Victoria,yes,CYYJ,YYJ,
CYYL,medium_airport,Lynn Lake Airport,56.86389923095703,-101.07599639892578,1170.0,CA-MB,Lynn Lake,yes,CYYL,YYL,
CYYM,small_airport,Cowley Airport,49.6363983154,-114.09400177,3876.0,CA-AB,Cowley,no,CYYM,YYM,YYM
CYYN,medium_airport,Swift Current Airport,50.2919006348,-107.691001892,2680.0,CA-SK,Swift Current,no,CYYN,YYN,
CYYO,small_airport,Wynyard / W.B. Needham Field,51.8098883726,-104.169788361,1740.0,CA-SK,Wynyard,no,CYYO,,
CYYQ,medium_airport,Churchill Airport,58.739200592041016,-94.06500244140624,94.0,CA-MB,Churchill,yes,CYYQ,YYQ,
CYYR,medium_airport,Goose Bay Airport,53.3191986084,-60.4258003235,160.0,CA-NL,Goose Bay,yes,CYYR,YYR,
CYYT,large_airport,St. John's International Airport,47.618599,-52.7519,461.0,CA-NL,St. John's,yes,CYYT,YYT,
CYYU,medium_airport,Kapuskasing Airport,49.411587,-82.469645,743.0,CA-ON,Kapuskasing,no,CYYU,YYU,
CYYW,medium_airport,Armstrong Airport,50.29029846191406,-88.90969848632812,1058.0,CA-ON,Armstrong,no,CYYW,YYW,
CYYY,medium_airport,Mont Joli Airport,48.60860061645508,-68.20809936523438,172.0,CA-QC,Mont-Joli,yes,CYYY,YYY,
CYYZ,large_airport,Toronto Pearson International Airport,43.675935,-79.629421,569.0,CA-ON,Toronto,yes,CYYZ,YYZ,YYZ
CYZD,closed,Downsview Airport,43.742522,-79.465399,652.0,CA-ON,North York,no,,,
CYZE,medium_airport,Gore Bay Manitoulin Airport,45.8853,-82.567802,623.0,CA-ON,Gore Bay,no,CYZE,YZE,
CYZF,medium_airport,Yellowknife International Airport,62.462799,-114.440002,675.0,CA-NT,Yellowknife,yes,CYZF,YZF,
CYZG,small_airport,Salluit Airport,62.179401,-75.667198,743.0,CA-QC,Salluit,yes,CYZG,YZG,
CYZH,medium_airport,Slave Lake Airport,55.292945,-114.777276,1912.0,CA-AB,Slave Lake,no,CYZH,YZH,
CYZP,medium_airport,Sandspit Airport,53.25429916379999,-131.813995361,21.0,CA-BC,Sandspit,yes,CYZP,YZP,
CYZR,medium_airport,Chris Hadfield Airport,42.999401,-82.308899,594.0,CA-ON,Sarnia,no,CYZR,YZR,
CYZS,medium_airport,Coral Harbour Airport,64.1932983398,-83.3593978882,210.0,CA-NU,Coral Harbour,yes,CYZS,YZS,
CYZT,medium_airport,Port Hardy Airport,50.68059921264648,-127.36699676513672,71.0,CA-BC,Port Hardy,yes,CYZT,YZT,
CYZU,medium_airport,Whitecourt Airport,54.143902,-115.787003,2567.0,CA-AB,Whitecourt,yes,CYZU,YZU,
CYZV,medium_airport,Sept-Îles Airport,50.22330093383789,-66.2656021118164,180.0,CA-QC,Sept-Îles,yes,CYZV,YZV,
CYZW,medium_airport,Teslin Airport,60.17279815673828,-132.7429962158203,2313.0,CA-YT,Teslin,no,CYZW,YZW,
CYZX,medium_airport,CFB Greenwood,44.98440170288086,-64.91690063476562,92.0,CA-NS,Greenwood,no,CYZX,YZX,
CYZY,medium_airport,Mackenzie Airport,55.297786,-123.133907,2264.0,CA-BC,Mackenzie,no,CYZY,,
CZAC,small_airport,York Landing Airport,56.089401,-96.089203,621.0,CA-MB,York Landing,no,CZAC,ZAC,
CZAM,medium_airport,Shuswap Regional Airport,50.682802,-119.228996,1751.0,CA-BC,Salmon Arm,no,CZAM,YSN,
CZBA,small_airport,Burlington Executive Airpark,43.441453,-79.850103,602.0,CA-ON,Burlington,no,CZBA,,
CZBB,medium_airport,Boundary Bay Airport,49.074338,-123.006877,6.0,CA-BC,Delta,no,CZBB,YDT,
CZBD,small_airport,Ilford Airport,56.051622,-95.61882,642.0,CA-MB,Ilford,yes,CZBD,ILF,
CZBF,medium_airport,Bathurst Airport,47.6297,-65.738899,193.0,CA-NB,South Tetagouche,yes,CZBF,ZBF,
CZBM,medium_airport,Bromont (Roland Désourdy) Airport,45.290798,-72.741402,375.0,CA-QC,Bromont,no,CZBM,ZBM,
CZEE,medium_airport,Kelsey Airport,56.0374984741,-96.5096969604,600.0,CA-MB,Kelsey,no,CZEE,KES,ZEE
CZEM,small_airport,Eastmain River Airport,52.226398,-78.522499,24.0,CA-QC,Eastmain River,yes,CZEM,ZEM,
CZF2,small_airport,Dillon Field,44.19659,-79.309402,860.0,CA-ON,"Zephyr,",no,CZF2,,CZF2
CZFA,medium_airport,Faro Airport,62.20750045776367,-133.37600708007812,2351.0,CA-YT,Faro,no,CZFA,ZFA,
CZFD,small_airport,Fond-du-Lac Airport,59.3344,-107.181999,814.0,CA-SK,Fond-du-Lac,yes,CZFD,ZFD,
CZFG,small_airport,Pukatawagan Airport,55.749199,-101.265999,958.0,CA-MB,Pukatawagan,yes,CZFG,XPK,ZFG
CZFM,small_airport,Fort Mcpherson Airport,67.406993,-134.860182,116.0,CA-NT,Fort Mcpherson,yes,CZFM,ZFM,
CZFN,small_airport,Tulita Airport,64.909496,-125.570297,332.0,CA-NT,Tulita,yes,CZFN,ZFN,
CZGF,medium_airport,Grand Forks Airport,49.015598,-118.431,1720.0,CA-BC,Grand Forks,no,CZGF,ZGF,
CZGI,small_airport,Gods River Airport,54.839699,-94.078598,627.0,CA-MB,Gods River,yes,CZGI,ZGI,
CZGR,small_airport,Little Grand Rapids Airport,52.045417,-95.46617,1005.0,CA-MB,Little Grand Rapids,no,CZGR,ZGR,
CZHP,small_airport,High Prairie Airport,55.3936,-116.474998,1974.0,CA-AB,High Prairie,no,CZHP,ZHP,
CZJG,medium_airport,Jenpeg Airport,54.51890182495117,-98.0460968017578,729.0,CA-MB,Jenpeg,no,CZJG,ZJG,
CZJN,medium_airport,Swan River Airport,52.120602,-101.236,1100.0,CA-MB,Swan River,no,CZJN,ZJN,
CZKE,small_airport,Kashechewan Airport,52.282501,-81.677803,35.0,CA-ON,Kashechewan,yes,CZKE,ZKE,
CZLQ,medium_airport,Thicket Portage Airport,55.31890106201172,-97.70780181884766,678.0,CA-MB,Thicket Portage,no,CZLQ,YTD,
CZMD,small_airport,Muskrat Dam Airport,53.441399,-91.762802,911.0,CA-ON,Muskrat Dam,yes,CZMD,MSA,
CZML,small_airport,South Cariboo Region / 108 Mile Airport,51.7360992432,-121.333000183,3126.0,CA-BC,108 Mile,no,CZML,ZMH,
CZMN,medium_airport,Pikwitonei Airport,55.58890151977539,-97.16419982910156,630.0,CA-MB,Pikwitonei,no,CZMN,PIW,
CZMT,medium_airport,Masset Airport,54.0275,-132.125,25.0,CA-BC,Masset,yes,CZMT,ZMT,
CZNG,small_airport,Poplar River Airport,52.996526,-97.274194,728.0,CA-MB,Poplar River,no,CZNG,XPP,
CZNL,small_airport,Nelson Airport,49.494202,-117.301003,1755.0,CA-BC,Nelson,no,CZNL,,
CZPB,small_airport,Sachigo Lake Airport,53.890885,-92.195935,876.0,CA-ON,Sachigo Lake,yes,CZPB,ZPB,
CZPC,medium_airport,Pincher Creek Airport,49.520429,-113.997002,3903.0,CA-AB,Pincher Creek,no,CZPC,WPC,
CZPO,small_airport,Pinehouse Lake Airport,55.5280990601,-106.582000732,1278.0,CA-SK,Pinehouse Lake,no,CZPO,ZPO,
CZRJ,small_airport,Round Lake (Weagamow Lake) Airport,52.9436,-91.312798,974.0,CA-ON,Round Lake,yes,CZRJ,ZRJ,
CZSJ,medium_airport,Sandy Lake Airport,53.06420135498047,-93.34439849853516,951.0,CA-ON,Sandy Lake,yes,CZSJ,ZSJ,
CZSN,small_airport,South Indian Lake Airport,56.792801,-98.907204,951.0,CA-MB,South Indian Lake,yes,CZSN,XSI,ZSN
CZST,medium_airport,Stewart Airport,55.935410448,-129.982434511,24.0,CA-BC,Stewart,no,CZST,ZST,CZST
CZSW,seaplane_base,Prince Rupert/Seal Cove Seaplane Base,54.333302,-130.283005,,CA-BC,Prince Rupert,no,CZSW,ZSW,
CZTA,small_airport,Bloodvein River Airport,51.784568,-96.692305,721.0,CA-MB,Bloodvein River,yes,CZTA,YDV,ZTA
CZTM,small_airport,Shamattawa Airport,55.86356,-92.081137,289.0,CA-MB,Shamattawa,yes,CZTM,ZTM,
CZUC,medium_airport,Ignace Municipal Airport,49.428204,-91.720418,1435.0,CA-ON,Ignace,no,CZUC,ZUC,
CZUM,small_airport,Churchill Falls Airport,53.5619010925293,-64.10639953613281,1442.0,CA-NL,Churchill Falls,yes,CZUM,ZUM,
CZVL,small_airport,Edmonton / Villeneuve Airport,53.6675,-113.853996,2256.0,CA-AB,Edmonton,no,CZVL,,
CZWH,small_airport,Lac Brochet Airport,58.614279,-101.468954,1211.0,CA-MB,Lac Brochet,yes,CZWH,XLB,ZWH
CZWL,small_airport,Wollaston Lake Airport,58.106899,-103.171997,1360.0,CA-SK,Wollaston Lake,yes,CZWL,ZWL,
GIG,small_airport,Black Diamond/Flying R Ranch Airport,50.645,-114.203,4060.0,CA-AB,,no,CBD8,,CBD8
JN6,seaplane_base,Bathurst Inlet Water Aerodrome,66.841445,-108.027088,0.0,CA-NU,Bathurst/Qingaut,no,JN6,,JN6
JN9,seaplane_base,Kenyon Lake Water Aerodrome,56.288,-104.903001,1489.0,CA-SK,,no,JN9,,JN9
KCA2,small_airport,The Hill Airstrip,52.218848,-123.449538,,CA-BC,The Hill,no,,,CA69
SYF,seaplane_base,Silva Bay Seaplane Base,49.151,-123.698,,CA-BC,Gabriola Island,yes,,SYF,
TG2,seaplane_base,Saint-Eustache Water Aerodrome,45.564,-73.872,65.0,CA-QC,Saint-Eustache,no,TG2,,TG2
US-0242,small_airport,Campbellville (Bellshill Airpark),43.431435,-80.024607,950.0,CA-ON,Hamilton,no,CMB5,,CMB5
US-0243,heliport,Almonte (General Hospital),45.230286,-76.187342,440.0,CA-ON,,no,CAL5,,
UZM,small_airport,Hope Bay Aerodrome,68.156,-106.618,150.0,CA-NU,Hope Bay,no,,UZM,CHB3
XBB,seaplane_base,Blubber Bay Seaplane Base,49.793958,-124.621064,0.0,CA-BC,Blubber Bay,no,,XBB,
YAJ,seaplane_base,Lyall Harbour Seaplane Base,48.795274,-123.181801,,CA-BC,Saturna Island,yes,,YAJ,
YAQ,seaplane_base,Maple Bay Seaplane Base,48.8167,-123.6084,,CA-BC,Maple Bay,yes,,YAQ,
YBH,seaplane_base,Bull Harbour Water Aerodrome,50.9179,-127.9372,0.0,CA-BC,Bull Harbour,no,,YBH,AH6
YBJ,seaplane_base,Baie-Johan-Beetz Water Aerodrome,50.283745,-62.81004,,CA-QC,Baie-Johan-Beetz,no,,YBJ,SG6
YBQ,seaplane_base,Telegraph Harbour Seaplane Base,48.97,-123.664,,CA-BC,Thetis Island,yes,,YBQ,
YCF,seaplane_base,Cortes Bay Water Aerodrome,50.063,-124.930002,,CA-BC,Cortes Bay,no,,YCF,
YGE,seaplane_base,Gorge Harbour Seaplane Base,50.0994,-125.0235,0.0,CA-BC,Gorge Harbour,no,,YGE,
YGN,seaplane_base,Greenway Sound Seaplane Base,50.839,-126.775,,CA-BC,Broughton Island,yes,CYGN,YGN,CYGN
YKT,seaplane_base,Klemtu Water Aerodrome,52.6076345452,-128.521757126,0.0,CA-BC,Klemtu,no,,YKT,
YLP,small_airport,Mingan Airport,50.2869,-64.1528,70.0,CA-QC,Longue-Pointe-de-Mingan,no,,YLP,
YOI,small_airport,Opinaca Aerodrome,52.221944,-76.611944,692.0,CA-QC,Éléonore Mine,no,,YOI,
YQJ,seaplane_base,April Point Seaplane Base,50.065,-125.235,,CA-BC,Quadra Island,no,,YQJ,
YRC,seaplane_base,Refuge Cove Seaplane Base,50.1234,-124.843,0.0,CA-BC,Desolation Sound,no,,YRC,
YRD,small_airport,Dean River Airport,52.82371,-126.964957,62.0,CA-BC,Kimsquit Valley,no,,YRD,
ZNU,seaplane_base,Namu Water Aerodrome,51.862825,-127.869357,0.0,CA-BC,Namu,no,,ZNU,
