geonameid,name,province,latitude,longitude,population,fcode,timezone
5913490,Calgary,AB,51.05011,-114.08529,1306784,PPL,America/Edmonton
5946768,Edmonton,AB,53.55014,-113.46871,1010899,PPLA,America/Edmonton
6053154,Lethbridge,AB,49.69999,-112.81856,103197,PPL,America/Edmonton
6118158,Red Deer,AB,52.26682,-113.802,100844,PPL,America/Edmonton
5882799,Airdrie,AB,51.30011,-114.03528,90044,PPL,America/Edmonton
6146279,Sherwood Park,AB,53.51684,-113.3187,70618,PPL,America/Edmonton
5964347,Grande Prairie,AB,55.16667,-118.80271,70385,PPL,America/Edmonton
5955895,Fort McMurray,AB,56.72676,-111.38103,66573,PPL,America/Edmonton
6071618,Medicine Hat,AB,50.03928,-110.67661,63138,PPL,America/Edmonton
6155033,St. Albert,AB,53.63344,-113.63533,57719,PPL,America/Edmonton
6154383,Spruce Grove,AB,53.53344,-113.91874,38985,PPL,America/Edmonton
5921060,Chestermere,AB,51.03341,-113.81867,32255,PPL,America/Edmonton
5924618,Cochrane,AB,51.18341,-114.46871,32199,PPL,America/Edmonton
6058024,Lloydminster,AB,53.27237,-110.02256,31582,PPLA2,America/Edmonton
6093010,Okotoks,AB,50.72885,-113.98281,30214,PPL,America/Edmonton
5914653,Camrose,AB,53.01684,-112.83525,20405,PPL,America/Edmonton
6157536,Stony Plain,AB,53.53343,-114.00205,17993,PPL,America/Edmonton
6160806,Sylvan Lake,AB,52.311,-114.08375,17477,PPL,America/Edmonton
6051562,Leduc,AB,53.26682,-113.55201,15561,PPL,America/Edmonton
5955948,Fort Saskatchewan,AB,53.69814,-113.21382,14957,PPL,America/Edmonton
5909514,Brooks,AB,50.58341,-111.88509,14451,PPL,America/Edmonton
5975038,High River,AB,50.58341,-113.86867,14324,PPL,America/Edmonton
6035615,Lacombe,AB,52.46681,-113.7353,14258,PPL,America/Edmonton
5914894,Canmore,AB,51.08335,-115.35206,13992,PPL,America/Edmonton
6158023,Strathmore,AB,51.05011,-113.38523,13592,PPL,America/Edmonton
6179602,Wetaskiwin,AB,52.96683,-113.36869,12594,PPL,America/Edmonton
5925024,Cold Lake,AB,54.46525,-110.18154,11595,PPL,America/Edmonton
5902599,Blackfalds,AB,52.38342,-113.7853,11015,PPL,America/Edmonton
5975503,Hinton,AB,53.40009,-117.58567,9889,PPL,America/Edmonton
6078636,Morinville,AB,53.80014,-113.65203,9848,PPL,America/Edmonton
6093347,Olds,AB,51.78341,-114.10199,9209,PPL,America/Edmonton
6180285,Whitecourt,AB,54.15015,-115.68548,8763,PPL,America/Edmonton
5942798,Drumheller,AB,51.46171,-112.71011,8430,PPL,America/Edmonton
5892532,Banff,AB,51.17622,-115.56982,8305,PPL,America/Edmonton
5924417,Coaldale,AB,49.7167,-112.61854,8215,PPL,America/Edmonton
6160919,Taber,AB,49.78703,-112.14603,8163,PPL,America/Edmonton
5946820,Edson,AB,53.58345,-116.43559,7975,PPL,America/Edmonton
5983430,Innisfail,AB,52.02688,-113.95071,7672,PPL,America/Edmonton
5896522,Beaumont,AB,53.35013,-113.41871,7366,PPL,America/Edmonton
12070752,Grand Centre,AB,54.41628,-110.21304,7256,PPL,America/Edmonton
6100069,Peace River,AB,56.23715,-117.29176,6842,PPL,America/Edmonton
6149374,Slave Lake,AB,55.28344,-114.76896,6836,PPL,America/Edmonton
6109273,Ponoka,AB,52.6768,-113.58147,6656,PPL,America/Edmonton
5938801,Devon,AB,53.36683,-113.73533,6545,PPL,America/Edmonton
6126749,Rocky Mountain House,AB,52.36683,-114.9188,6527,PPL,America/Edmonton
6175059,Wainwright,AB,52.83482,-110.85342,6270,PPL,America/Edmonton
5942547,Drayton Valley,AB,53.21682,-114.98544,6099,PPL,America/Edmonton
5905616,Bonnyville,AB,54.26684,-110.73505,5975,PPL,America/Edmonton
6157795,St. Paul,AB,53.98347,-111.28507,5728,PPL,America/Edmonton
6173635,Vegreville,AB,53.50015,-112.05182,5708,PPL,America/Edmonton
6118091,Redcliff,AB,50.08336,-110.78495,5581,PPL,America/Edmonton
5896271,Bearspaw,AB,51.13341,-114.302,5567,PPLL,America/Edmonton
6156307,Stettler,AB,52.31683,-112.71861,5494,PPL,America/Edmonton
6179138,Westlock,AB,54.15016,-113.86876,4678,PPL,America/Edmonton
5894164,Barrhead,AB,54.13345,-114.40211,4579,PPL,America/Edmonton
5939210,Didsbury,AB,51.66681,-114.13529,4134,PPL,America/Edmonton
6173801,Vermilion,AB,53.35409,-110.85849,4084,PPL,America/Edmonton
5917688,Carstairs,AB,51.56681,-114.102,4077,PPL,America/Edmonton
6354954,Jasper,AB,52.87946,-118.08041,3948,PPL,America/Edmonton
5985934,Jasper Park Lodge,AB,52.88633,-118.05625,3907,PPLL,America/Edmonton
6104841,Pincher Creek,AB,49.48328,-113.95195,3855,PPL,America/Edmonton
5923125,Claresholm,AB,50.03332,-113.58524,3780,PPL,America/Edmonton
6117675,Raymond,AB,49.46382,-112.66024,3708,PPL,America/Edmonton
5902458,Black Diamond,AB,50.68771,-114.23241,3663,PPL,America/Edmonton
5916821,Cardston,AB,49.19998,-113.3019,3585,PPL,America/Edmonton
6100954,Penhold,AB,52.13342,-113.8687,3277,PPL,America/Edmonton
5964304,Grande Cache,AB,53.88335,-119.13585,3276,PPL,America/Edmonton
5975004,High Level,AB,58.51688,-117.13605,3159,PPL,America/Edmonton
5970234,Hanna,AB,51.63343,-111.90181,3140,PPL,America/Edmonton
5955891,Fort Macleod,AB,49.71671,-113.41857,3060,PPL,America/Edmonton
6165875,Three Hills,AB,51.70012,-113.26863,3051,PPL,America/Edmonton
5951036,Fairview,AB,56.06675,-118.38606,2998,PPL,America/Edmonton
5887916,Athabasca,AB,54.71687,-113.28537,2965,PPL,America/Edmonton
6039722,La Crête,AB,58.18348,-116.40268,2911,PPL,America/Edmonton
5975034,High Prairie,AB,55.4334,-116.4858,2878,PPL,America/Edmonton
5922904,Clairmont,AB,55.26668,-118.78601,2799,PPL,America/Edmonton
5960842,Gibbons,AB,53.83345,-113.33531,2790,PPL,America/Edmonton
6159474,Sundre,AB,51.8001,-114.63532,2672,PPL,America/Edmonton
5924428,Coalhurst,AB,49.7464,-112.93246,2668,PPL,America/Edmonton
6170469,Turner Valley,AB,50.66681,-114.2853,2611,PPL,America/Edmonton
6122374,Rimbey,AB,52.6334,-114.23532,2567,PPL,America/Edmonton
5967157,Grimshaw,AB,56.18339,-117.6027,2560,PPL,America/Edmonton
5933070,Crossfield,AB,51.43341,-114.03528,2512,PPL,America/Edmonton
6144602,Sexsmith,AB,55.34998,-118.78602,2461,PPL,America/Edmonton
5956869,Fox Creek,AB,54.40007,-116.80238,2457,PPL,America/Edmonton
6028050,Lac La Biche,AB,54.7669,-111.96861,2314,PPL,America/Edmonton
5896969,Beaverlodge,AB,55.21664,-119.43605,2271,PPL,America/Edmonton
5913601,Calmar,AB,53.26683,-113.81874,2228,PPL,America/Edmonton
6085892,Nanton,AB,50.35008,-113.76866,2181,PPL,America/Edmonton
6064202,Magrath,AB,49.41668,-112.86856,2095,PPL,America/Edmonton
6113828,Provost,AB,52.35014,-110.26828,2082,PPL,America/Edmonton
12070753,Heritage Pointe,AB,50.84213,-114.00493,2075,PPL,America/Edmonton
5906757,Bow Island,AB,49.86676,-111.36843,2025,PPL,America/Edmonton
6174687,Vulcan,AB,50.40008,-113.25189,1917,PPL,America/Edmonton
6167254,Tofield,AB,53.36684,-112.66862,1911,PPL,America/Edmonton
6074099,Millet,AB,53.09415,-113.47056,1905,PPL,America/Edmonton
6160291,Swan Hills,AB,54.71681,-115.40226,1900,PPL,America/Edmonton
6173220,Valleyview,AB,55.06673,-117.28585,1863,PPL,America/Edmonton
6049046,Lamont,AB,53.76686,-112.80195,1774,PPL,America/Edmonton
6104231,Picture Butte,AB,49.8833,-112.78516,1700,PPL,America/Edmonton
6174738,Wabasca-Desmarais,AB,55.96667,-113.85,1594,PPL,America/Edmonton
5905348,Bon Accord,AB,53.83345,-113.41872,1529,PPL,America/Edmonton
5903535,Blairmore,AB,49.60002,-114.4353,1522,PPL,America/Edmonton
6178038,Wembley,AB,55.14995,-119.13602,1516,PPL,America/Edmonton
12070746,Springbrook,AB,52.1792,-113.87981,1507,PPL,America/Edmonton
5925154,Coleman,AB,49.63332,-114.502,1441,PPL,America/Edmonton
5947754,Elk Point,AB,53.90017,-110.9017,1399,PPL,America/Edmonton
12070751,Westlake,AB,55.22228,-118.80415,1363,PPL,America/Edmonton
6065306,Manning,AB,56.92166,-117.63117,1359,PPL,America/Edmonton
6171332,Two Hills,AB,53.71031,-111.74595,1352,PPL,America/Edmonton
6068315,Mayerthorpe,AB,53.95015,-115.13547,1320,PPL,America/Edmonton
5906664,Bowden,AB,51.9288,-114.0349,1280,PPL,America/Edmonton
5886795,Ardrossan,AB,53.55014,-113.13529,1238,PPL,America/Edmonton
6173600,Vauxhall,AB,50.06678,-112.11853,1222,PPL,America/Edmonton
5984019,Irricana,AB,51.32372,-113.60475,1216,PPL,America/Edmonton
5894642,Bassano,AB,50.78998,-112.46805,1206,PPL,America/Edmonton
6153766,Spirit River,AB,55.78327,-118.83607,1157,PPL,America/Edmonton
6174254,Viking,AB,53.09606,-111.77527,1106,PPL,America/Edmonton
5944128,Dunmore,AB,49.96676,-110.60163,1088,PPL,America/Edmonton
6150293,Smoky Lake,AB,54.11687,-112.46863,1063,PPL,America/Edmonton
5991888,Killam,AB,52.78344,-111.85175,1056,PPL,America/Edmonton
5898596,Bentley,AB,52.46544,-114.05008,1024,PPL,America/Edmonton
5946480,Eckville,AB,52.36274,-114.37011,1014,PPL,America/Edmonton
5951224,Falher,AB,55.73339,-117.20262,1001,PPL,America/Edmonton
6048483,Lake Louise,AB,51.42544,-116.17887,1000,PPL,America/Edmonton
5893315,Barnwell,AB,49.76673,-112.25181,978,PPL,America/Edmonton
6165741,Thorsby,AB,53.23343,-114.05205,976,PPL,America/Edmonton
5965321,Grassy Lake,AB,49.81676,-111.71846,856,PPL,America/Edmonton
5979136,Hythe,AB,55.32714,-119.55836,854,PPL,America/Edmonton
6065347,Mannville,AB,53.33345,-111.1684,828,PPL,America/Edmonton
5955793,Fort Chipewyan,AB,58.72224,-111.12053,798,PPLL,America/Edmonton
5883712,Alix,AB,52.40012,-113.18525,774,PPL,America/Edmonton
5956004,Fort Vermilion,AB,58.39182,-116.00704,753,PPLL,America/Edmonton
12076664,Wedgewood,AB,55.12245,-118.77316,753,PPL,America/Edmonton
5959476,Garden Creek,AB,58.70023,-113.88558,706,PPLL,America/Edmonton
5920442,Chateh,AB,58.6714,-118.67638,700,PPL,America/Edmonton
6070595,McLennan,AB,55.70009,-116.90259,695,PPL,America/Edmonton
5899068,Berwyn,AB,56.15008,-117.73601,577,PPL,America/Edmonton
12076677,Saprae Creek,AB,56.6515,-111.1426,572,PPL,America/Edmonton
6136875,Rycroft,AB,55.74997,-118.71946,550,PPL,America/Edmonton
8051142,Bragg Creek,AB,50.95129,-114.56028,550,PPL,America/Edmonton
6095989,Paddle Prairie,AB,57.95014,-117.48608,544,PPL,America/Edmonton
5917652,Carseland,AB,50.85011,-113.46864,542,PPL,America/Edmonton
5886316,Anzac,AB,56.45021,-111.03512,506,PPL,America/Edmonton
6116030,Rainbow Lake,AB,58.50011,-119.38624,495,PPL,America/Edmonton
5916711,Carbon,AB,51.48343,-113.15191,492,PPL,America/Edmonton
6075123,Mirror,AB,52.46682,-113.11866,481,PPL,America/Edmonton
6940305,Exshaw,AB,51.05904,-115.16521,449,PPL,America/Edmonton
6084046,Mulhurst,AB,53.05444,-113.99556,447,PPL,America/Edmonton
5932187,Cremona,AB,51.5501,-114.48531,437,PPL,America/Edmonton
5949092,Entwistle,AB,53.60014,-115.00213,389,PPL,America/Edmonton
6145420,Shaughnessy,AB,49.852,-112.84171,388,PPLL,America/Edmonton
5936122,Dead Man's Flats,AB,51.04035,-115.26595,377,PPLL,America/Edmonton
6085759,Nampa,AB,56.0334,-117.13594,367,PPL,America/Edmonton
6155100,Standard,AB,51.11682,-112.9852,353,PPL,America/Edmonton
5941611,Donnelly,AB,55.72786,-117.10546,342,PPL,America/Edmonton
12489743,Burdett,AB,49.83025,-111.52167,331,PPL,America/Edmonton
6166542,Tilley,AB,50.45011,-111.65177,318,PPL,America/Edmonton
5930953,Coutts,AB,49.00201,-111.96304,305,PPL,America/Edmonton
6059898,Longview,AB,50.53341,-114.2353,297,PPL,America/Edmonton
5961502,Girouxville,AB,55.75008,-117.33593,278,PPL,America/Edmonton
13589422,Seven Persons,AB,49.87683,-110.90656,277,PPL,America/Edmonton
5948749,Enchant,AB,50.16677,-112.41852,259,PPL,America/Edmonton
11071526,Kananaskis,AB,51.04821,-115.02223,249,PPL,America/Edmonton
6062042,Lundbreck,AB,49.5856,-114.1619,244,PPL,America/Edmonton
6156847,St. Isidore,AB,56.2001,-117.10267,236,PPLL,America/Edmonton
5967992,Gull Lake,AB,52.46511,-113.93217,226,PPL,America/Edmonton
5931201,Cowley,AB,49.56892,-114.07379,216,PPL,America/Edmonton
5901380,Birchcliff,AB,52.36121,-114.1187,211,PPL,America/Edmonton
6047939,La Glace,AB,55.39996,-119.15275,179,PPL,America/Edmonton
5955783,Fort Assiniboine,AB,54.33344,-114.76887,176,PPLL,America/Edmonton
6115728,Radway,AB,54.06686,-112.95199,171,PPLL,America/Edmonton
6141867,Scandia,AB,50.28339,-112.0351,169,PPL,America/Edmonton
5978906,Hussar,AB,51.05012,-112.68517,164,PPL,America/Edmonton
6125414,Robb,AB,53.21677,-116.96899,144,PPL,America/Edmonton
13527430,Wanham,AB,55.73441,-118.38849,141,PPL,America/Edmonton
6159364,Sunbreaker Cove,AB,52.38864,-114.19421,131,PPL,America/Edmonton
5986982,Joffre,AB,52.33342,-113.53528,128,PPLL,America/Edmonton
5904482,Bluesky,AB,56.06676,-118.23605,113,PPL,America/Edmonton
5919289,Cereal,AB,51.41683,-110.80169,111,PPL,America/Edmonton
6074357,Milo,AB,50.5668,-112.88518,111,PPL,America/Edmonton
5920521,Cheadle,AB,51.0128,-113.54274,108,PPLL,America/Edmonton
5991182,Keoma,AB,51.21682,-113.65195,104,PPLL,America/Edmonton
5940363,Dixonville,AB,56.5334,-117.66943,96,PPL,America/Edmonton
5883235,Alcomdale,AB,53.90015,-113.83535,88,PPLL,America/Edmonton
6176887,Waterton,AB,49.04995,-113.91864,88,PPL,America/Edmonton
8051143,Rosebud,AB,51.3003,-112.9507,80,PPL,America/Edmonton
6176376,Warspite,AB,54.10017,-112.61864,76,PPLL,America/Edmonton
5921518,Chipewyan Lake,AB,56.93349,-113.45213,72,PPLL,America/Edmonton
5943564,Duffield,AB,53.52646,-114.346,69,PPL,America/Edmonton
6066339,Marie-Reine,AB,56.07639,-117.28944,67,PPL,America/Edmonton
6183605,Woking,AB,55.58327,-118.76944,62,PPL,America/Edmonton
5934715,Dalroy,AB,51.13342,-113.66865,55,PPLL,America/Edmonton
5913148,Cadomin,AB,53.03337,-117.33562,54,PPL,America/Edmonton
13535801,Zama City,AB,59.15495,-118.68673,52,PPLL,America/Edmonton
5990174,Keephills,AB,53.44183,-114.35208,48,PPLL,America/Edmonton
11820688,Markerville,AB,52.12399,-114.1701,42,PPL,America/Edmonton
6173077,Valhalla Centre,AB,55.39994,-119.38607,40,PPL,America/Edmonton
5989777,Kavanagh,AB,53.18342,-113.5187,39,PPL,America/Edmonton
6088642,Niton Junction,AB,53.61954,-115.7716,38,PPLL,America/Edmonton
5910895,Buford,AB,53.2475,-113.93111,33,PPL,America/Edmonton
5910187,Brûlé,AB,53.28337,-117.88569,31,PPLL,America/Edmonton
6060002,Looma,AB,53.36683,-113.252,30,PPLL,America/Edmonton
5960200,Gem,AB,50.95011,-112.18513,29,PPLL,America/Edmonton
6114366,Purple Springs,AB,49.81675,-111.90177,29,PPLL,America/Edmonton
5972712,Haynes,AB,52.31681,-113.40195,15,PPLL,America/Edmonton
6063111,MacKay,AB,53.65014,-115.58549,10,PPLL,America/Edmonton
5899341,Beynon,AB,51.33343,-112.78517,8,PPLL,America/Edmonton
8051152,Waterton Lakes,AB,49.08252,-113.86909,5,PPL,America/Edmonton
5892426,Balzac,AB,51.21681,-114.01868,1,PPLL,America/Edmonton
5882261,Adams Landing,AB,58.38351,-115.06916,0,PPLL,America/Edmonton
5882591,Aggie,AB,55.45009,-116.63582,0,PPLL,America/Edmonton
5883207,Albright,AB,55.26664,-119.50276,0,PPLL,America/Edmonton
5884439,Amesbury,AB,55.0835,-112.48526,0,PPLL,America/Edmonton
5886590,Arcadia,AB,55.4001,-116.13576,0,PPLL,America/Edmonton
5887792,Assineau,AB,55.36683,-115.18562,0,PPLL,America/Edmonton
5887831,Assumption,AB,58.69944,-118.68722,0,PPL,America/Edmonton
5887973,Atikameg,AB,55.93345,-115.65246,0,PPL,America/Edmonton
5888501,Avenir,AB,55.03351,-112.26864,0,PPLL,America/Edmonton
5889225,Bad Heart,AB,55.50001,-118.30271,0,PPLL,America/Edmonton
5895460,Bay Tree,AB,55.81661,-119.90284,0,PPLL,America/Edmonton
5895791,Bear Canyon,AB,56.21662,-119.81957,0,PPLL,America/Edmonton
5896106,Bear Lake,AB,55.28327,-118.98603,0,PPLL,America/Edmonton
5897576,Behan,AB,55.26692,-111.43514,0,PPLL,America/Edmonton
5898024,Belloy,AB,55.75003,-118.25272,0,PPLL,America/Edmonton
5898652,Berdinskies,AB,58.05024,-111.3686,0,PPLL,America/Edmonton
5900888,Big Slough,AB,58.81693,-113.15217,0,PPLL,America/Edmonton
5902022,Bison Lake,AB,57.20017,-116.13588,0,PPLL,America/Edmonton
5902098,Bitumount,AB,57.38352,-111.63515,0,PPLL,America/Edmonton
5904203,Blueberry Mountain,AB,55.93325,-119.1528,0,PPLL,America/Edmonton
5905358,Bonanza,AB,55.91661,-119.81954,0,PPLL,America/Edmonton
5906989,Boyer,AB,58.46689,-116.08593,0,PPLL,America/Edmonton
5907278,Braeburn,AB,55.53328,-118.73603,0,PPLL,America/Edmonton
5907329,Brainard,AB,55.38323,-119.73608,0,PPLL,America/Edmonton
5908338,Bredin,AB,55.26667,-118.93602,0,PPLL,America/Edmonton
5908579,Breynat,AB,55.13351,-112.46866,0,PPLL,America/Edmonton
5908719,Bridgeview,AB,55.64996,-118.85276,0,PPLL,America/Edmonton
5910828,Buffalo Head Prairie,AB,58.05083,-116.34944,0,PPL,America/Edmonton
5910840,Buffalo Lake,AB,55.38327,-119.01944,0,PPLL,America/Edmonton
5913156,Cadotte Lake,AB,56.46722,-116.38083,0,PPL,America/Edmonton
5913319,Calais,AB,55.07194,-117.53889,0,PPL,America/Edmonton
5913570,Calling Lake,AB,55.2502,-113.20209,0,PPL,America/Edmonton
5913576,Calling River,AB,55.0835,-112.88533,0,PPLL,America/Edmonton
5916732,Carcajou,AB,57.76706,-117.04,0,PPL,America/Edmonton
5917247,Carlson Landing,AB,58.96697,-111.80201,0,PPLL,America/Edmonton
5920047,Chard,AB,55.83351,-110.9185,0,PPL,America/Edmonton
5920574,Cheecham,AB,56.28351,-110.8685,0,PPLL,America/Edmonton
5920973,Cherry Point,AB,56.18321,-119.95287,0,PPLL,America/Edmonton
5921494,Chinook Valley,AB,56.4834,-117.65272,0,PPLL,America/Edmonton
5921890,Christina Crossing,AB,56.25852,-110.45734,0,PPLL,America/Edmonton
5923334,Clarkson Valley,AB,55.11672,-117.76928,0,PPLL,America/Edmonton
5923566,Cleardale,AB,56.33324,-119.58619,0,PPLL,America/Edmonton
5923569,Clear Hills,AB,56.5501,-117.88606,0,PPLL,America/Edmonton
5923647,Clear Prairie,AB,56.56669,-119.5196,0,PPLL,America/Edmonton
5924757,Codesa,AB,55.76675,-118.06941,0,PPLL,America/Edmonton
5926720,Conklin,AB,55.64555,-111.12716,0,PPL,America/Edmonton
5932844,Crooked Creek,AB,55.17083,-117.88972,0,PPL,America/Edmonton
5933856,Culp,AB,55.75008,-117.53595,0,PPLL,America/Edmonton
5936199,Deadwood,AB,56.73342,-117.45273,0,PPLL,America/Edmonton
5936349,DeBolt,AB,55.22167,-118.02028,0,PPL,America/Edmonton
5936833,Decrene,AB,55.20016,-114.16889,0,PPLL,America/Edmonton
5937192,Deer Hill,AB,56.28336,-118.33607,0,PPLL,America/Edmonton
5937701,Demmitt,AB,55.44991,-119.90281,0,PPLL,America/Edmonton
5938548,Devenish,AB,55.53351,-111.20182,0,PPLL,America/Edmonton
5939419,Dimsdale,AB,55.13327,-118.98602,0,PPLL,America/Edmonton
5942519,Draper,AB,56.6669,-111.25187,0,PPLL,America/Edmonton
5942563,Dreau,AB,55.75008,-117.28593,0,PPLL,America/Edmonton
5942626,Driftpile,AB,55.33341,-115.7691,0,PPLL,America/Edmonton
5944285,Dunvegan,AB,55.9167,-118.60276,0,PPLL,America/Edmonton
5944893,Eaglesham,AB,55.78336,-117.88599,0,PPLL,America/Edmonton
5944980,Early Gardens,AB,56.08338,-117.6027,0,PPLL,America/Edmonton
5948105,Elmworth,AB,55.04994,-119.61947,0,PPLL,America/Edmonton
5948227,Embarras Portage,AB,58.45025,-111.46863,0,PPLL,America/Edmonton
5949257,Erin Lodge,AB,55.95005,-118.25274,0,PPLL,America/Edmonton
5950385,Eureka River,AB,56.45005,-118.73611,0,PPLL,America/Edmonton
5952646,Fifth Meridian,AB,58.65083,-114.00389,0,PPL,America/Edmonton
5953863,Fitzgerald,AB,59.8503,-111.60208,0,PPL,America/Edmonton
5953912,Fitzsimmons,AB,55.3333,-118.36939,0,PPLL,America/Edmonton
5955889,Fort MacKay,AB,57.185,-111.646,0,PPL,America/Edmonton
5957049,Fox Lake,AB,58.46692,-114.51908,0,PPL,America/Edmonton
5958323,Friedenstal,AB,56.05005,-118.33606,0,PPLL,America/Edmonton
5958938,Gage,AB,56.13335,-118.50277,0,PPLL,America/Edmonton
5961023,Gift Lake,AB,55.8825,-115.8125,0,PPL,America/Edmonton
5961995,Glen Leslie,AB,55.19999,-118.46939,0,PPLL,America/Edmonton
5962870,Goodfare,AB,55.26663,-119.71947,0,PPLL,America/Edmonton
5962983,Goodwin,AB,55.2167,-118.18596,0,PPLL,America/Edmonton
5963448,Gordondale,AB,55.83322,-119.55282,0,PPLL,America/Edmonton
5967058,Griffin Creek,AB,56.01677,-117.85271,0,PPLL,America/Edmonton
5967457,Grouard,AB,55.52028,-116.16111,0,PPL,America/Edmonton
5967517,Grovedale,AB,55.04997,-118.86941,0,PPLL,America/Edmonton
5968595,Guy,AB,55.54889,-117.12,0,PPL,America/Edmonton
5968720,Habay,AB,58.83346,-118.7362,0,PPL,America/Edmonton
5969068,Halcourt,AB,55.11664,-119.51946,0,PPLL,America/Edmonton
5971065,Harmon Valley,AB,56.11682,-116.83591,0,PPLL,America/Edmonton
5972386,Hawk Hills,AB,57.23342,-117.46945,0,PPLL,America/Edmonton
5972532,Hay Camp,AB,59.525,-111.46583,0,PPL,America/Edmonton
5972620,Hayfield,AB,55.16664,-119.60276,0,PPLL,America/Edmonton
5972889,Hazelmere,AB,55.03324,-119.73609,0,PPLL,America/Edmonton
5973161,Heart River,AB,55.5834,-116.50252,0,PPLL,America/Edmonton
5974211,Hermit Lake,AB,55.19996,-119.03602,0,PPLL,America/Edmonton
5974983,Highland Park,AB,56.1,-118.8695,0,PPLL,America/Edmonton
5975472,Hines Creek,AB,56.25005,-118.60278,0,PPL,America/Edmonton
5976470,Homestead,AB,55.51664,-119.36948,0,PPLL,America/Edmonton
5976495,Hondo,AB,55.06686,-114.03547,0,PPLL,America/Edmonton
5977633,Hotchkiss,AB,57.06683,-117.55275,0,PPLL,America/Edmonton
5978020,Huallen,AB,55.16664,-119.28603,0,PPLL,America/Edmonton
5978957,Hutch Lake,AB,58.74598,-117.26528,0,PPLL,America/Edmonton
5982624,Imperial Mills,AB,55.00021,-111.73518,0,PPL,America/Edmonton
5982742,Indian Cabins,AB,59.8675,-117.03472,0,PPL,America/Edmonton
5984940,Jackfish,AB,58.43355,-110.90187,0,PPLL,America/Edmonton
5985037,Jackfish River,AB,59.00025,-112.86885,0,PPLL,America/Edmonton
5987072,John D'Or Prairie,AB,58.50022,-115.13578,0,PPLL,America/Edmonton
5988058,Joussard,AB,55.36681,-115.93573,0,PPL,America/Edmonton
5988059,Joussard,AB,55.39778,-115.95222,0,PPL,America/Edmonton
5988145,Judah,AB,56.15009,-117.31938,0,PPLL,America/Edmonton
5989663,Kathleen,AB,55.61679,-116.83587,0,PPL,America/Edmonton
5990263,Keg River,AB,57.75013,-117.63609,0,PPLL,America/Edmonton
5990264,Keg River,AB,57.80013,-117.86952,0,PPL,America/Edmonton
5990705,Kemp River,AB,57.55013,-117.50277,0,PPLL,America/Edmonton
5991034,Kenny Woods,AB,58.11694,-111.38521,0,PPLL,America/Edmonton
5991172,Kenzie,AB,55.51678,-116.75254,0,PPLL,America/Edmonton
5992650,Kinosis,AB,56.33351,-110.96851,0,PPLL,America/Edmonton
5992692,Kinuso,AB,55.33342,-115.41906,0,PPL,America/Edmonton
5993363,Kleskun Hill,AB,55.24999,-118.48599,0,PPLL,America/Edmonton
5994303,Ksituan,AB,55.89997,-119.01949,0,PPLL,America/Edmonton
6048662,Lake Saskatoon,AB,55.23325,-119.11943,0,PPLL,America/Edmonton
6050300,Last Lake,AB,56.21678,-117.95274,0,PPLL,America/Edmonton
6051500,Leddy,AB,56.3668,-117.51941,0,PPLL,America/Edmonton
6052021,Leicester,AB,55.71681,-116.40253,0,PPLL,America/Edmonton
6052033,Leighmore,AB,55.11664,-119.63606,0,PPLL,America/Edmonton
6052053,Leismer,AB,55.79945,-111.36149,0,PPLL,America/Edmonton
6052265,Lenarthur,AB,56.51691,-111.05182,0,PPLL,America/Edmonton
6055091,Little Buffalo,AB,56.4375,-116.1075,0,PPL,America/Edmonton
6055619,Little Fishery,AB,58.70022,-113.55223,0,PPLL,America/Edmonton
6057086,Little Red River,AB,58.40022,-114.76912,0,PPLL,America/Edmonton
6057438,Little Smoky,AB,55.43338,-116.86924,0,PPLL,America/Edmonton
6060140,Loon Lake,AB,56.53889,-115.39389,0,PPL,America/Edmonton
6060701,Lothrop,AB,55.95005,-118.13604,0,PPLL,America/Edmonton
6061741,Lubicon Lake,AB,56.36689,-115.86922,0,PPLL,America/Edmonton
6062174,Lutose,AB,59.4169,-117.26951,0,PPLL,America/Edmonton
6062264,Lymburn,AB,55.34993,-119.78609,0,PPLL,America/Edmonton
6065163,Manir,AB,55.73328,-118.55275,0,PPLL,America/Edmonton
6066218,Margie,AB,55.43351,-111.33513,0,PPLL,America/Edmonton
6066276,Mariana Lake,AB,55.95439,-112.01999,0,PPLL,America/Edmonton
6066366,Marina,AB,56.50004,-119.16955,0,PPLL,America/Edmonton
6067025,Marten River,AB,56.5002,-116.16927,0,PPLL,America/Edmonton
6071528,Meander River,AB,59.03348,-117.70282,0,PPL,America/Edmonton
6072521,Metis,AB,58.20016,-117.35278,0,PPLL,America/Edmonton
6075724,Mitsue,AB,55.26684,-114.61895,0,PPLL,America/Edmonton
6078299,Moose Portage,AB,55.21687,-113.86886,0,PPLL,America/Edmonton
6083060,Mount Valley,AB,55.08322,-119.8361,0,PPLL,America/Edmonton
6087557,New Fish Creek,AB,55.30005,-117.25257,0,PPLL,America/Edmonton
6088461,Niobe,AB,55.33326,-119.08604,0,PPLL,America/Edmonton
6089186,Normandville,AB,55.86679,-117.36935,0,PPLL,America/Edmonton
6090284,Northmark,AB,55.59996,-118.90275,0,PPLL,America/Edmonton
6090655,North Star,AB,56.85012,-117.63605,0,PPL,America/Edmonton
6091272,Notikewin,AB,56.98343,-117.63605,0,PPL,America/Edmonton
6095553,Overlea,AB,55.26685,-114.48553,0,PPLL,America/Edmonton
6100057,Peace Grove,AB,56.30004,-118.7195,0,PPLL,America/Edmonton
6100065,Peace Point,AB,59.11697,-112.4521,0,PPLL,America/Edmonton
6100695,Pelican Portage,AB,55.8002,-112.61869,0,PPLL,America/Edmonton
6101170,Peoria,AB,55.61671,-118.28601,0,PPLL,America/Edmonton
6103881,Philomena,AB,55.16691,-111.63516,0,PPL,America/Edmonton
6105308,Pingle,AB,55.91691,-110.9185,0,PPLL,America/Edmonton
6105540,Pipestone Creek,AB,55.06666,-119.10273,0,PPLL,America/Edmonton
6105770,Pitlochrie,AB,55.03351,-111.73517,0,PPLL,America/Edmonton
6106649,Point Brule,AB,58.01694,-111.33518,0,PPLL,America/Edmonton
6110961,Poplar Hill,AB,55.34995,-119.30276,0,PPLL,America/Edmonton
6111031,Poplar Ridge,AB,55.93328,-118.98609,0,PPLL,America/Edmonton
6112752,Prairie Echo,AB,55.60011,-116.38581,0,PPLL,America/Edmonton
6113166,Prestville,AB,55.73327,-118.61945,0,PPLL,America/Edmonton
6115015,Quatre Fourches,AB,58.63355,-111.28521,0,PPLL,America/Edmonton
6115244,Quigley,AB,56.11691,-110.88509,0,PPLL,America/Edmonton
6116383,Ranch,AB,55.08346,-113.88545,0,PPLL,America/Edmonton
6118746,Red Star,AB,56.01675,-118.26945,0,PPLL,America/Edmonton
6122440,Rio Grande,AB,55.09993,-119.70277,0,PPLL,America/Edmonton
6126742,Rocky Lane,AB,58.45019,-116.28596,0,PPLL,America/Edmonton
6127261,Roma,AB,56.21679,-117.41939,0,PPLL,America/Edmonton
6127265,Roma Junction,AB,56.23339,-117.486,0,PPLL,America/Edmonton
6128679,Roxana,AB,55.78339,-116.9693,0,PPLL,America/Edmonton
6128753,Royce,AB,56.21672,-118.83611,0,PPLL,America/Edmonton
6139812,Salt Prairie,AB,55.63342,-116.06917,0,PPLL,America/Edmonton
6140817,Sandy Lake,AB,55.82154,-113.42671,0,PPL,America/Edmonton
6141415,Saulteaux,AB,55.23345,-114.31891,0,PPLL,America/Edmonton
6142501,Scotswood,AB,56.11674,-118.65278,0,PPLL,America/Edmonton
6147935,Silver Valley,AB,56.03323,-119.56954,0,PPLL,America/Edmonton
6147941,Silverwood,AB,55.68327,-118.71945,0,PPLL,America/Edmonton
6148069,Simon Lakes,AB,56.48348,-116.63591,0,PPLL,America/Edmonton
6149380,Slavey Creek,AB,59.21689,-117.50281,0,PPLL,America/Edmonton
6149905,Smith,AB,55.16686,-114.03548,0,PPL,America/Edmonton
6150097,Smithmill,AB,56.46679,-117.78604,0,PPLL,America/Edmonton
6150280,Smoky Heights,AB,55.40001,-118.3027,0,PPLL,America/Edmonton
6154113,Springburn,AB,55.93341,-116.91931,0,PPLL,America/Edmonton
6154569,Spurfield,AB,55.21685,-114.26891,0,PPL,America/Edmonton
6155973,Steen River,AB,59.6275,-117.16722,0,PPL,America/Edmonton
6158583,Sturgeon Heights,AB,55.08861,-117.67417,0,PPL,America/Edmonton
6159702,Sunset House,AB,55.11676,-116.86921,0,PPLL,America/Edmonton
6160457,Sweathouse Creek,AB,55.01675,-116.8858,0,PPLL,America/Edmonton
6160544,Sweetgrass Landing,AB,58.92722,-111.91639,0,PPL,America/Edmonton
6161471,Tangent,AB,55.80007,-117.66937,0,PPL,America/Edmonton
6161683,Tar Island,AB,57.01693,-111.4852,0,PPL,America/Edmonton
6162494,Teepee Creek,AB,55.3667,-118.4027,0,PPLL,America/Edmonton
6165850,Three Creeks,AB,56.35012,-117.08596,0,PPLL,America/Edmonton
6168828,Triangle,AB,55.43338,-116.71923,0,PPLL,America/Edmonton
6173076,Valhalla,AB,55.46664,-119.43608,0,PPLL,America/Edmonton
6173453,Vanrena,AB,56.05005,-118.51947,0,PPLL,America/Edmonton
6173808,Vermilion Chutes,AB,58.36692,-114.85243,0,PPL,America/Edmonton
6174976,Wagner,AB,55.35013,-114.98559,0,PPL,America/Edmonton
6175823,Wandering River,AB,55.20021,-112.46866,0,PPLL,America/Edmonton
6176352,Warrensville,AB,56.30009,-117.66942,0,PPLL,America/Edmonton
6176353,Warrensville Centre,AB,56.30009,-117.61941,0,PPLL,America/Edmonton
6176777,Waterhole,AB,56.01675,-118.40276,0,PPLL,America/Edmonton
6176914,Watino,AB,55.71677,-117.61936,0,PPL,America/Edmonton
6177477,Weberville,AB,56.2834,-117.31939,0,PPLL,America/Edmonton
6177486,Webster,AB,55.43329,-118.68602,0,PPLL,America/Edmonton
6178190,Wesley Creek,AB,56.2501,-117.15268,0,PPLL,America/Edmonton
6180168,Whitburn,AB,55.86664,-119.2028,0,PPLL,America/Edmonton
6180747,Whitemud Creek,AB,55.46676,-117.41931,0,PPLL,America/Edmonton
6184594,Worsley,AB,56.51673,-119.13616,0,PPLL,America/Edmonton
6943720,Jean D'Or,AB,58.4944,-115.151,0,PPL,America/Edmonton
7838996,Red Earth,AB,56.547,-115.282,0,PPLL,America/Edmonton
7838997,Wabasca,AB,55.98746,-113.91913,0,PPLL,America/Edmonton
9408332,Faust,AB,55.31645,-115.63158,0,PPL,America/Edmonton
11886721,Primrose,AB,55.38348,-111.10376,0,PPLL,America/Edmonton
12110495,Kirby Lake,AB,55.51876,-110.87133,0,PPLL,America/Edmonton
6173331,Vancouver,BC,49.24966,-123.11934,662248,PPL,America/Vancouver
6159905,Surrey,BC,49.10635,-122.82509,568322,PPL,America/Vancouver
6174041,Victoria,BC,48.4359,-123.35155,289625,PPLA,America/Vancouver
5911606,Burnaby,BC,49.26636,-122.95263,249125,PPLA3,America/Vancouver
6122085,Richmond,BC,49.17003,-123.13683,209937,PPL,America/Vancouver
5927690,Coquitlam,BC,49.2846,-122.78217,148625,PPLA3,America/Vancouver
5990579,Kelowna,BC,49.88307,-119.48568,144576,PPL,America/Vancouver
5881791,Abbotsford,BC,49.05798,-122.25257,141397,PPL,America/Vancouver
6049429,Langley,BC,49.10107,-122.65883,132603,PPL,America/Vancouver
6136944,Saanich,BC,48.54964,-123.36931,117735,PPL,America/Vancouver
5989045,Kamloops,BC,50.66648,-120.3192,104460,PPL,America/Vancouver
5937615,Delta,BC,49.08917,-123.05322,101668,PPL,America/Vancouver
5921356,Chilliwack,BC,49.16638,-121.95257,101491,PPLA2,America/Vancouver
6085772,Nanaimo,BC,49.16638,-123.94003,90504,PPL,America/Vancouver
6090785,North Vancouver,BC,49.31636,-123.06934,88168,PPL,America/Vancouver
6065686,Maple Ridge,BC,49.21939,-122.60193,82256,PPL,America/Vancouver
6113365,Prince George,BC,53.9166,-122.75301,78943,PPL,America/Vancouver
6087844,New Westminster,BC,49.20678,-122.91092,78916,PPL,America/Vancouver
5954556,Fleetwood,BC,49.16667,-122.8,65565,PPL,America/Vancouver
6111706,Port Coquitlam,BC,49.26637,-122.76932,58000,PPLA3,America/Vancouver
6049388,Langford,BC,48.44963,-123.50261,46584,PPL,America/Vancouver
8533869,West Vancouver,BC,49.3286,-123.16019,45487,PPL,America/Vancouver
6075292,Mission,BC,49.13298,-122.30258,41519,PPL,America/Vancouver
6158070,Strawberry Hill,BC,49.13333,-122.88333,41000,PPL,America/Vancouver
6173864,Vernon,BC,50.26729,-119.27337,40116,PPL,America/Vancouver
6101141,Penticton,BC,49.48062,-119.58584,33761,PPL,America/Vancouver
5914132,Campbell River,BC,50.01634,-125.24459,33430,PPL,America/Vancouver
6174068,Victoria-Fraserview,BC,49.21667,-123.06667,31065,PPL,America/Vancouver
6089661,North Cowichan,BC,48.84133,-123.68596,29676,PPL,America/Vancouver
7281936,West Kelowna,BC,49.8625,-119.58333,28793,PPL,America/Vancouver
5930890,Courtenay,BC,49.68657,-124.9936,28420,PPL,America/Vancouver
6111962,Port Moody,BC,49.28124,-122.82457,27512,PPLA3,America/Vancouver
6154636,Squamish,BC,49.69925,-123.15631,23819,PPL,America/Vancouver
6180961,White Rock,BC,49.02049,-122.79507,23670,PPL,America/Vancouver
13495380,Riley Park,BC,49.24303,-123.09319,22555,PPL,America/Vancouver
5943865,Duncan,BC,48.78293,-123.70266,22199,PPL,America/Vancouver
5955960,Fort St. John,BC,56.24988,-120.85292,21465,PPL,America/Dawson_Creek
6111632,Port Alberni,BC,49.24133,-124.8028,20712,PPL,America/Vancouver
5931800,Cranbrook,BC,49.49991,-115.76879,20047,PPL,America/Edmonton
6162949,Terrace,BC,54.51634,-128.60345,19443,PPL,America/Vancouver
6139417,Salmon Arm,BC,50.69981,-119.26907,19432,PPL,America/Vancouver
6105815,Pitt Meadows,BC,49.22119,-122.68965,18573,PPL,America/Vancouver
6091919,Oak Bay,BC,48.44964,-123.3026,18015,PPL,America/Vancouver
5949512,Esquimalt,BC,48.43569,-123.41174,17655,PPL,America/Vancouver
5919137,Central Saanich,BC,48.56634,-123.41932,17385,PPL,America/Vancouver
5926268,Colwood,BC,48.43293,-123.48591,16859,PPL,America/Vancouver
12070755,Lake Country,BC,50.0088,-119.39672,15817,PPL,America/Vancouver
6151264,Sooke,BC,48.37463,-123.72762,15086,PPL,America/Vancouver
5912150,Burquitlam,BC,49.26667,-122.88333,14896,PPL,America/Vancouver
5926432,Comox,BC,49.68294,-124.93613,14806,PPL,America/Vancouver
6113406,Prince Rupert,BC,54.31507,-130.32098,14708,PPL,America/Vancouver
6182212,Williams Lake,BC,52.14153,-122.14451,14168,PPL,America/Vancouver
6112608,Powell River,BC,49.83278,-124.52368,13157,PPL,America/Vancouver
7669018,Aldergrove,BC,49.05801,-122.47087,12363,PPL,America/Vancouver
5935804,Dawson Creek,BC,55.75984,-120.2403,12323,PPL,America/Dawson_Creek
6147439,Sidney,BC,48.64964,-123.40262,12318,PPL,America/Vancouver
6098642,Parksville,BC,49.31947,-124.31575,12000,PPL,America/Vancouver
5923436,Clayburn,BC,49.0691,-122.26176,11755,PPL,America/Vancouver
6159232,Summerland,BC,49.59977,-119.66911,11615,PPL,America/Vancouver
6174232,View Royal,BC,48.45793,-123.45261,11575,PPL,America/Vancouver
5925058,Coldstream,BC,50.21649,-119.20235,11171,PPL,America/Vancouver
6090579,North Saanich,BC,48.66634,-123.41933,11089,PPL,America/Vancouver
6086871,Nelson,BC,49.49985,-117.28553,10664,PPL,America/Vancouver
6166563,Tillicum,BC,48.45,-123.4,10080,PPL,America/Vancouver
5970063,Hanceville,BC,51.91922,-123.04458,10000,PPLL,America/Vancouver
6115187,Quesnel,BC,52.97842,-122.4931,9879,PPL,America/Vancouver
6114862,Qualicum Beach,BC,49.34783,-124.44231,9303,PPL,America/Vancouver
5993072,Kitimat,BC,54.05244,-128.65342,8987,PPL,America/Vancouver
6143367,Sechelt,BC,49.47512,-123.75903,8832,PPL,America/Vancouver
13512378,Harewood,BC,49.1474,-123.94739,8769,PPLG,America/Vancouver
6180144,Whistler,BC,50.11817,-122.95396,8713,PPL,America/Vancouver
6047817,Ladysmith,BC,48.99016,-123.81699,8537,PPL,America/Vancouver
5918118,Castlegar,BC,49.32317,-117.65831,8338,PPL,America/Vancouver
6168326,Trail,BC,49.09983,-117.70223,7920,PPL,America/Vancouver
5908473,Brentwood Bay,BC,48.58294,-123.45262,7581,PPL,America/Vancouver
6121621,Revelstoke,BC,50.99712,-118.1953,7547,PPL,America/Vancouver
5992059,Kimberley,BC,49.67071,-115.9776,7425,PPL,America/Edmonton
6073743,Mill Bay,BC,48.65,-123.55,7200,PPL,America/Vancouver
6072350,Merritt,BC,50.11225,-120.7942,7139,PPL,America/Vancouver
5960971,Gibsons,BC,49.39539,-123.50555,6821,PPL,America/Vancouver
5976783,Hope,BC,49.38299,-121.44144,6686,PPL,America/Vancouver
8504652,Nanoose Bay,BC,49.27237,-124.19332,6540,PPL,America/Vancouver
5882534,Agassiz,BC,49.23298,-121.76926,6300,PPL,America/Vancouver
5959360,Ganges,BC,48.85342,-123.50032,6000,PPL,America/Vancouver
5932311,Creston,BC,49.09987,-116.50211,5583,PPL,America/Creston
6094665,Osoyoos,BC,49.032,-119.468,5556,PPL,America/Vancouver
6149996,Smithers,BC,54.78036,-127.17428,5351,PPL,America/Vancouver
5887048,Armstrong,BC,50.44979,-119.20235,5323,PPL,America/Vancouver
5952370,Fernie,BC,49.49996,-115.06871,5249,PPL,America/Edmonton
6093514,Oliver,BC,49.18306,-119.5524,5094,PPL,America/Vancouver
6072482,Metchosin,BC,48.38293,-123.53591,5067,PPL,America/Vancouver
12156434,Spallumcheen,BC,50.40146,-119.22039,5055,PPL,America/Vancouver
6100086,Peachland,BC,49.76862,-119.74633,5006,PPL,America/Vancouver
13561601,Greektown,BC,49.26412,-123.1757,4836,PPL,America/Vancouver
5958891,Gabriola,BC,49.17043,-123.8499,4500,PPL,America/Vancouver
6173361,Vanderhoof,BC,54.01657,-124.01982,4346,PPL,America/Vancouver
5906690,Bowen Island,BC,49.3847,-123.33622,4256,PPL,America/Vancouver
6127950,Rossland,BC,49.08313,-117.80224,4140,PPL,America/Vancouver
5964401,Grand Forks,BC,49.03309,-118.4356,4049,PPL,America/Vancouver
5962582,Golden,BC,51.29995,-116.9689,4038,PPL,America/Edmonton
5993879,Koksilah,BC,48.76667,-123.68333,4000,PPL,America/Vancouver
6153250,Sparwood,BC,49.73332,-114.88532,3990,PPL,America/Edmonton
8593675,Shawnigan Lake,BC,48.65055,-123.64494,3908,PPL,America/Vancouver
6111862,Port Hardy,BC,50.72086,-127.49231,3902,PPL,America/Vancouver
8593677,Lantzville,BC,49.2454,-124.07547,3817,PPL,America/Vancouver
5933885,Cumberland,BC,49.61634,-125.03613,3753,PPL,America/Vancouver
6178583,West End,BC,49.2,-122.93333,3600,PPL,America/Vancouver
5958590,Fruitvale,BC,49.11654,-117.55222,3491,PPL,America/Vancouver
12070754,Aldergrove East,BC,49.05614,-122.45457,3491,PPL,America/Vancouver
5983626,Invermere,BC,50.51666,-116.03538,3391,PPL,America/Edmonton
7669010,Yarrow,BC,49.08207,-122.05034,3326,PPL,America/Vancouver
6063191,Mackenzie,BC,55.33637,-123.09374,3262,PPL,America/Vancouver
6048316,Lake Cowichan,BC,48.82495,-124.05461,3226,PPL,America/Vancouver
5907237,Bradner,BC,49.1,-122.41667,3213,PPL,America/Vancouver
5947954,Ellison,BC,49.93307,-119.36907,3094,PPL,America/Vancouver
7290229,Madeira Park,BC,49.61967,-124.02319,3039,PPL,America/Vancouver
5920668,Chemainus,BC,48.91633,-123.71937,3021,PPL,America/Vancouver
5977783,Houston,BC,54.39976,-126.67008,2993,PPL,America/Vancouver
5948770,Enderby,BC,50.5498,-119.15234,2964,PPL,America/Vancouver
5918767,Cedar,BC,49.11633,-123.8527,2836,PPL,America/Vancouver
6113463,Princeton,BC,49.45802,-120.51076,2828,PPL,America/Vancouver
5969185,Halfmoon Bay,BC,49.51289,-123.9087,2800,PPL,America/Vancouver
7870334,Cowichan Bay,BC,48.73366,-123.61739,2799,PPL,America/Vancouver
6065568,Maple Bay,BC,48.81633,-123.61936,2640,PPL,America/Vancouver
5955902,Fort Nelson,BC,58.80533,-122.7002,2611,PPL,America/Fort_Nelson
5921091,Chetwynd,BC,55.69988,-121.63627,2587,PPL,America/Dawson_Creek
5947708,Elkford,BC,50.01529,-114.92348,2585,PPL,America/Edmonton
6100799,Pemberton,BC,50.31641,-122.80273,2574,PPL,America/Vancouver
6179394,Westridge,BC,49.28333,-122.95,2521,PPL,America/Vancouver
6354950,Tofino,BC,49.15314,-125.90744,2516,PPL,America/Vancouver
5920381,Chase,BC,50.8165,-119.68571,2471,PPL,America/Vancouver
6170118,Tumbler Ridge,BC,55.13027,-120.99415,2454,PPL,America/Dawson_Creek
6049357,Langdale,BC,49.43386,-123.4798,2407,PPL,America/Vancouver
5923667,Clearwater,BC,51.64061,-120.02769,2388,PPL,America/Vancouver
5903793,Blind Bay,BC,50.88311,-119.38569,2369,PPL,America/Vancouver
6122741,River Springs,BC,49.28333,-122.76667,2325,PPL,America/Vancouver
6945979,Lillooet,BC,50.6856,-121.942,2324,PPL,America/Vancouver
6092889,Okanagan Falls,BC,49.35,-119.56667,2266,PPL,America/Vancouver
6111953,Port McNeill,BC,50.59,-127.08638,2234,PPL,America/Vancouver
5885383,Anmore,BC,49.31637,-122.85263,2210,PPLA3,America/Vancouver
6058415,Logan Lake,BC,50.49225,-120.8149,2190,PPL,America/Vancouver
8062543,Bella Coola,BC,52.37183,-126.7539,2163,PPL,America/Vancouver
6100802,Pemberton Heights,BC,49.33056,-123.10833,2090,PPL,America/Vancouver
6139678,Saltair,BC,48.94963,-123.76939,2069,PPL,America/Vancouver
6171633,Ucluelet,BC,48.94153,-125.54635,2066,PPL,America/Vancouver
6061958,Lumby,BC,50.24979,-118.96904,2063,PPL,America/Vancouver
5899894,Big Eddy,BC,51.0,-118.21667,2000,PPL,America/Vancouver
5881639,100 Mile House,BC,51.64982,-121.28594,1980,PPL,America/Vancouver
6125519,Roberts Creek,BC,49.42359,-123.64778,1949,PPL,America/Vancouver
5971372,Harrison Hot Springs,BC,49.29969,-121.78586,1905,PPL,America/Vancouver
5991216,Keremeos,BC,49.19975,-119.8357,1791,PPL,America/Vancouver
6147353,Sicamous,BC,50.83312,-118.98565,1786,PPL,America/Vancouver
5911745,Burns Lake,BC,54.22972,-125.76084,1779,PPL,America/Vancouver
5894188,Barrière,BC,51.18308,-120.1192,1765,PPL,America/Vancouver
6176205,Warfield,BC,49.09563,-117.74533,1753,PPL,America/Vancouver
5906853,Bowser,BC,49.44472,-124.6886,1729,PPL,America/Vancouver
7669003,Popkum,BC,49.20366,-121.73813,1710,PPL,America/Vancouver
6085665,Nakusp,BC,50.24987,-117.80226,1706,PPL,America/Vancouver
8449722,Naramata,BC,49.59513,-119.59442,1625,PPL,America/Vancouver
6128795,Royston,BC,49.64703,-124.9467,1616,PPL,America/Vancouver
5927308,Coombs,BC,49.29963,-124.41946,1612,PPL,America/Vancouver
6136948,Saanichton,BC,48.6,-123.41667,1565,PPL,America/Vancouver
5887531,Ashcroft,BC,50.72372,-121.28207,1558,PPL,America/Vancouver
6081543,Mount Lehman,BC,49.11667,-122.38333,1558,PPL,America/Vancouver
5967170,Grindrod,BC,50.6331,-119.11905,1526,PPL,America/Vancouver
5946133,East Sooke,BC,48.36639,-123.68361,1500,PPL,America/Vancouver
6095875,Oyster River,BC,49.86667,-125.13333,1500,PPL,America/Vancouver
6113535,Pritchard,BC,50.6831,-119.81911,1500,PPL,America/Vancouver
12188701,Anahim Lake,BC,52.46652,-125.3066,1500,PPL,America/Vancouver
6162623,Telkwa,BC,54.69696,-127.05346,1474,PPL,America/Vancouver
5932743,Crofton,BC,48.86633,-123.65266,1446,PPL,America/Vancouver
5946209,East Wellington,BC,49.17385,-124.01745,1444,PPL,America/Vancouver
5990000,Keating,BC,48.56667,-123.4,1403,PPL,America/Vancouver
6159626,Sun Peaks,BC,50.8762,-119.91075,1400,PPL,America/Vancouver
6114228,Puntledge,BC,49.67322,-125.02907,1387,PPLL,America/Vancouver
5881688,Fort St. James,BC,54.45597,-124.26275,1386,PPL,America/Vancouver
6115713,Radium Hot Springs,BC,50.61667,-116.06878,1339,PPL,America/Edmonton
6054578,Lions Bay,BC,49.45218,-123.2376,1334,PPL,America/Vancouver
5921896,Christina Lake,BC,49.03967,-118.20847,1329,PPL,America/Vancouver
6093992,Ootischenia,BC,49.28314,-117.63554,1320,PPL,America/Vancouver
12076640,North Oyster/Yellow Point,BC,49.04807,-123.83395,1320,PPL,America/Vancouver
6162051,Taylor,BC,56.15282,-120.68138,1317,PPL,America/Dawson_Creek
6151373,Sorrento,BC,50.87808,-119.47067,1309,PPL,America/Vancouver
6185619,Youbou,BC,48.86632,-124.20271,1302,PPL,America/Vancouver
5962735,Gold River,BC,49.78091,-126.05013,1246,PPL,America/Vancouver
6080420,Mount Currie,BC,50.31667,-122.71667,1242,PPL,America/Vancouver
6171951,Union Bay,BC,49.58377,-124.88611,1200,PPL,America/Vancouver
5897730,Bella Bella,BC,52.16311,-128.14399,1193,PPL,America/Vancouver
12076642,South Pender Harbour,BC,49.62202,-124.02484,1187,PPL,America/Vancouver
7292559,Kaleden,BC,49.39835,-119.60421,1186,PPL,America/Vancouver
5936957,Deep Cove,BC,48.68333,-123.46667,1177,PPL,America/Vancouver
12076644,Denman Island Trust Area,BC,49.55189,-124.79881,1165,PPL,America/Vancouver
5933869,Cultus Lake,BC,49.06667,-121.96667,1164,PPL,America/Vancouver
12070756,Fairwinds,BC,49.27588,-124.12782,1147,PPL,America/Vancouver
6139413,Salmo,BC,49.19554,-117.27704,1141,PPL,America/Vancouver
6177814,Welcome Beach,BC,49.47959,-123.89239,1125,PPLL,America/Vancouver
5949543,Essondale,BC,49.22972,-122.81111,1116,PPL,America/Vancouver
5976999,Hornby Island,BC,49.53448,-124.66923,1100,PPL,America/Vancouver
5914977,Canoe,BC,50.75,-119.23333,1081,PPL,America/Vancouver
5913049,Cache Creek,BC,50.81011,-121.3246,1061,PPL,America/Vancouver
6173031,Valemount,BC,52.83329,-119.2525,1052,PPL,America/Vancouver
5989566,Kaslo,BC,49.91658,-116.91887,1049,PPL,America/Vancouver
13060929,108 Mile Ranch,BC,51.74891,-121.36895,1043,PPL,America/Vancouver
8629216,Cawston,BC,49.18254,-119.75965,1040,PPL,America/Vancouver
12076649,Six Mile,BC,48.45767,-123.46088,1031,PPL,America/Vancouver
5957946,French Creek,BC,49.34123,-124.35541,1024,PPL,America/Vancouver
5937819,Denman Island,BC,49.53294,-124.8195,1020,PPL,America/Vancouver
5886787,Ardmore,BC,48.63854,-123.46933,1014,PPLL,America/Vancouver
6077295,Montrose,BC,49.08314,-117.58552,996,PPL,America/Vancouver
5918040,Cassidy,BC,49.04963,-123.886,995,PPL,America/Vancouver
6095840,Oyama,BC,50.11667,-119.36667,985,PPL,America/Vancouver
5935303,Dashwood,BC,49.36633,-124.51947,982,PPL,America/Vancouver
6061393,Lower Nicola,BC,50.14975,-120.88581,980,PPL,America/Vancouver
6161619,Tappen,BC,50.78311,-119.33568,976,PPL,America/Vancouver
5957607,Fraser Lake,BC,54.05814,-124.8504,965,PPL,America/Vancouver
6115065,Daajing Giids,BC,53.25494,-132.08788,964,PPL,America/Vancouver
12076656,Mount Currie 6,BC,50.32937,-122.66395,961,PPL,America/Vancouver
6116394,Ranchero,BC,50.654,-119.20236,959,PPL,America/Vancouver
5951475,Fanny Bay,BC,49.49,-124.81194,921,PPL,America/Vancouver
6185007,Wynndel,BC,49.18,-116.5525,900,PPL,America/Creston
6180096,Whisky Creek,BC,49.30833,-124.50556,890,PPL,America/Vancouver
5951233,Falkland,BC,50.49979,-119.55239,878,PPL,America/Vancouver
5978186,Hudson's Hope,BC,56.0318,-121.90995,841,PPL,America/Dawson_Creek
6067676,Masset,BC,54.01141,-132.14707,838,PPL,America/Vancouver
6148858,Skidegate,BC,53.26614,-131.99069,837,PPL,America/Vancouver
5914778,Canal Flats,BC,50.14994,-115.81879,802,PPL,America/Edmonton
6050726,Lavington,BC,50.23333,-119.1,800,PPL,America/Vancouver
6149476,Sliammon,BC,49.89718,-124.60792,797,PPL,America/Vancouver
8593670,Genelle,BC,49.21278,-117.69087,770,PPL,America/Vancouver
6112409,Pouce Coupe,BC,55.7166,-120.13615,762,PPL,America/Dawson_Creek
12076666,Englishman River South,BC,49.28209,-124.28164,748,PPL,America/Vancouver
6111640,Port Alice,BC,50.38447,-127.45101,739,PPL,America/Vancouver
5964410,Grand Haven,BC,56.23333,-120.9,735,PPL,America/Dawson_Creek
13512591,Rose Hill,BC,50.6345,-120.25817,734,PPLL,America/Vancouver
5920990,Cherryville,BC,50.24152,-118.61901,717,PPL,America/Vancouver
6142418,Scotch Creek,BC,50.89981,-119.4524,711,PPL,America/Vancouver
5914025,Campbell Creek,BC,50.65668,-120.08308,707,PPL,America/Vancouver
6168302,Traders Cove,BC,49.94139,-119.50696,707,PPL,America/Vancouver
5966694,Greenwood,BC,49.09979,-118.68561,702,PPL,America/Vancouver
6173602,Vavenby,BC,51.58333,-119.71667,700,PPL,America/Vancouver
5897652,Belcarra,BC,49.31777,-122.93043,687,PPL,America/Vancouver
12076671,Sion,BC,49.01682,-118.4921,658,PPL,America/Vancouver
6180675,White Lake,BC,50.88311,-119.30238,656,PPL,America/Vancouver
6073409,Midway,BC,49.01648,-118.769,651,PPL,America/Vancouver
7669006,Baker Trails,BC,49.08668,-121.93743,635,PPL,America/Vancouver
5976524,Honeymoon Bay,BC,48.81667,-124.16667,632,PPL,America/Vancouver
6087624,New Hazelton,BC,55.24635,-127.5923,627,PPL,America/Vancouver
12076672,Skowkale 10,BC,49.13631,-121.94244,623,PPL,America/Vancouver
11550115,Anglemont,BC,50.96413,-119.16398,613,PPL,America/Vancouver
6159570,Sunnybrae,BC,50.76651,-119.26907,610,PPL,America/Vancouver
12076680,Fox Mountain,BC,52.14438,-122.1121,597,PPL,America/Vancouver
5973411,Heffley Creek,BC,50.85722,-120.27472,594,PPL,America/Vancouver
5974149,Heriot Bay,BC,50.10072,-125.2135,594,PPL,America/Vancouver
6068627,McBride,BC,53.29995,-120.16932,588,PPL,America/Vancouver
7669005,Bell Acres,BC,49.07791,-121.86756,582,PPL,America/Vancouver
12076679,Cherry Point,BC,48.71216,-123.55872,582,PPL,America/Vancouver
5938855,Dewdney,BC,49.16667,-122.2,570,PPL,America/Vancouver
6064699,Malakwa,BC,50.93313,-118.80234,559,PPL,America/Vancouver
5944673,Eagle Bay,BC,50.93311,-119.21908,557,PPL,America/Vancouver
5985477,Jaffray,BC,49.38324,-115.30204,554,PPL,America/Edmonton
6092887,Okanagan Centre,BC,50.05,-119.45,547,PPL,America/Vancouver
8617172,Myrtle Point,BC,49.79805,-124.48162,537,PPL,America/Vancouver
12076674,Hatzic Island,BC,49.16446,-122.23755,522,PPL,America/Vancouver
6141600,Savona,BC,50.75337,-120.84369,519,PPL,America/Vancouver
6156427,Stewart,BC,55.93598,-129.9866,517,PPL,America/Vancouver
7290266,Quathiaski Cove,BC,50.05153,-125.22013,516,PPL,America/Vancouver
6151026,Sointula,BC,50.63079,-127.01775,513,PPL,America/Vancouver
6163141,Tête Jaune,BC,52.97828,-119.50815,500,PPL,America/Vancouver
5892174,Balfour,BC,49.6166,-116.96889,493,PPL,America/Vancouver
6087524,New Denver,BC,49.99155,-117.3758,487,PPL,America/Vancouver
6146642,Shirley,BC,48.38909,-123.90486,485,PPLL,America/Vancouver
5993194,Kitwanga,BC,55.09971,-128.07026,480,PPL,America/Vancouver
6111742,Port Edward,BC,54.22261,-130.29208,470,PPL,America/Vancouver
5883385,Alert Bay,BC,50.58377,-126.92707,449,PPL,America/Vancouver
6693049,Celista,BC,50.94296,-119.35302,433,PPL,America/Vancouver
6159683,Sunset Beach,BC,49.39976,-123.24843,424,PPL,America/Vancouver
5993349,Klemtu,BC,52.5885,-128.52133,420,PPL,America/Vancouver
6093036,Olalla,BC,49.26646,-119.83571,415,PPL,America/Vancouver
5936286,Dease Lake,BC,58.43569,-129.98749,400,PPL,America/Vancouver
6161139,Tahsis,BC,49.92526,-126.6549,393,PPL,America/Vancouver
6049928,Lardeau,BC,50.15,-116.95,387,PPL,America/Vancouver
5909028,Britannia Beach,BC,49.62741,-123.20476,384,PPL,America/Vancouver
5908640,Bridal Falls,BC,49.18333,-121.73333,382,PPL,America/Vancouver
6149600,Slocan,BC,49.76656,-117.46893,379,PPL,America/Vancouver
5887738,Aspen Grove,BC,49.93303,-120.61917,377,PPLL,America/Vancouver
6179583,Westwold,BC,50.46667,-119.75,369,PPL,America/Vancouver
6176416,Wasa,BC,49.78333,-115.73333,365,PPL,America/Edmonton
6173290,Van Anda,BC,49.75867,-124.5575,362,PPL,America/Vancouver
6111701,Port Clements,BC,53.68678,-132.18439,340,PPL,America/Vancouver
5964759,Granisle,BC,54.8831,-126.22011,337,PPL,America/Vancouver
6141822,Sayward,BC,50.38324,-125.96106,334,PPL,America/Vancouver
13513024,Coldwater,BC,50.03006,-120.85696,318,PPLL,America/Vancouver
6140529,Sandspit,BC,53.24352,-131.82723,310,PPL,America/Vancouver
5899073,Beryl Prairie,BC,56.08319,-122.03635,300,PPLL,America/Dawson_Creek
6062033,Lund,BC,49.98087,-124.7607,292,PPL,America/Vancouver
5984262,Iskut,BC,57.8375,-129.9875,275,PPL,America/Vancouver
5958812,Furry Creek,BC,49.58306,-123.21133,270,PPL,America/Vancouver
5973379,Hedley,BC,49.34975,-120.06914,261,PPL,America/Vancouver
5972901,Hazelton,BC,55.24973,-127.67025,257,PPL,America/Vancouver
5901845,Birken,BC,50.48303,-122.6194,253,PPLL,America/Vancouver
5892444,Bamfield,BC,48.83577,-125.14018,251,PPL,America/Vancouver
5949497,Esperanza,BC,49.87244,-126.7441,250,PPLL,America/Vancouver
6161240,Takla Landing,BC,55.48313,-125.97017,250,PPLL,America/Vancouver
12534958,Cassiar,BC,59.2859,-129.83943,241,PPL,America/Vancouver
7669004,Slesse Park,BC,49.07611,-121.82954,238,PPL,America/Vancouver
6083490,Mud Bay,BC,49.46633,-124.8028,222,PPLL,America/Vancouver
13512454,Fort Fraser,BC,54.06063,-124.55268,220,PPL,America/Vancouver
5888081,Atlin,BC,59.57807,-133.68945,219,PPL,America/Creston
6177949,Wells,BC,53.10552,-121.57359,218,PPL,America/Vancouver
13513023,Sunshine Valley,BC,49.27381,-121.23348,208,PPL,America/Vancouver
6184616,Woss,BC,50.21667,-126.6,206,PPL,America/Vancouver
5975610,Hixon,BC,53.41704,-122.58219,202,PPL,America/Vancouver
6170048,Tulameen,BC,49.54551,-120.76079,200,PPL,America/Vancouver
7602072,Montague Harbour,BC,48.89452,-123.39166,200,PPL,America/Vancouver
6075812,Moberly Lake,BC,55.83319,-121.73629,199,PPL,America/Dawson_Creek
6111995,Port Renfrew,BC,48.55281,-124.4221,190,PPL,America/Vancouver
7669001,Yale,BC,49.56202,-121.42974,186,PPL,America/Vancouver
6126260,Rock Creek,BC,49.0503,-118.98871,185,PPL,America/Vancouver
6118748,Redstone,BC,52.1331,-123.70296,181,PPLL,America/Vancouver
6167054,Tlell,BC,53.56204,-131.92999,180,PPL,America/Vancouver
5904450,Blue River,BC,52.11009,-119.31049,175,PPL,America/Vancouver
5951842,Fauquier,BC,49.87235,-118.07172,170,PPL,America/Vancouver
5952555,Field,BC,51.39997,-116.48551,169,PPL,America/Edmonton
5906055,Boston Bar,BC,49.87002,-121.44399,166,PPL,America/Vancouver
6940352,Elko,BC,49.29737,-115.11071,163,PPL,America/Edmonton
6144618,Seymour Arm,BC,51.23314,-118.95238,162,PPL,America/Vancouver
6148670,Swansea Point,BC,50.76667,-119.01667,161,PPL,America/Vancouver
13512736,Beaverdell,BC,49.43617,-119.08762,151,PPLL,America/Vancouver
6147932,Silverton,BC,49.95265,-117.3605,149,PPL,America/Vancouver
5938097,Deroche,BC,49.18298,-122.06928,141,PPL,America/Vancouver
5887244,Arras,BC,55.75,-120.53333,133,PPL,America/Dawson_Creek
6185911,Zeballos,BC,49.98142,-126.84647,126,PPL,America/Vancouver
6161915,Tatla Lake,BC,51.89974,-124.60321,123,PPLL,America/Vancouver
7304211,Panorama,BC,50.4687,-116.22256,122,PPL,America/Edmonton
6093300,Old Massett,BC,54.04026,-132.1893,107,PPL,America/Vancouver
6053510,Liard River,BC,59.4163,-126.08643,100,PPLL,America/Fort_Nelson
6145615,Shearwater,BC,52.14808,-128.09222,100,PPLL,America/Vancouver
6173954,Vesuvius,BC,48.88137,-123.57207,100,PPL,America/Vancouver
8556278,Coal Harbour,BC,50.59909,-127.58217,91,PPL,America/Vancouver
5924444,Coalmont,BC,49.51667,-120.7,85,PPL,America/Vancouver
6167774,Topley,BC,54.49979,-126.30337,80,PPL,America/Vancouver
6153533,Spences Bridge,BC,50.4223,-121.34296,76,PPL,America/Vancouver
5938768,Devine,BC,50.51643,-122.48598,58,PPLL,America/Vancouver
6162579,Telegraph Creek,BC,57.911,-131.16,51,PPL,America/Vancouver
6099912,Pavilion,BC,50.88333,-121.83333,48,PPL,America/Vancouver
5907355,Bralorne,BC,50.76646,-122.8195,36,PPLL,America/Vancouver
5935104,D'Arcy,BC,50.55,-122.48333,35,PPL,America/Vancouver
6149013,Skookumchuck,BC,49.91664,-115.73539,30,PPLL,America/Edmonton
6153259,Spatsum,BC,50.54976,-121.30258,22,PPLL,America/Vancouver
6154596,Spuzzum,BC,49.6886,-121.41506,22,PPLL,America/Vancouver
5976009,Holberg,BC,50.65473,-128.00993,15,PPL,America/Vancouver
6158467,Stuie,BC,52.36667,-126.06667,3,PPL,America/Vancouver
7910942,Stuie,BC,52.37127,-126.0658,3,PPL,America/Vancouver
6088455,Ninstints,BC,52.09984,-131.21724,1,PPLL,America/Vancouver
6183235,Winnipeg,MB,49.8844,-97.14704,749607,PPLA,America/Winnipeg
5907896,Brandon,MB,49.84692,-99.95306,48859,PPL,America/Winnipeg
6156102,Steinbach,MB,49.52579,-96.68451,15829,PPL,America/Winnipeg
6165406,Thompson,MB,55.7435,-97.85579,13678,PPL,America/Winnipeg
6111529,Portage la Prairie,MB,49.97282,-98.29263,13304,PPL,America/Winnipeg
6183204,Winkler,MB,49.1817,-97.94104,12660,PPL,America/Winnipeg
6144054,Selkirk,MB,50.1436,-96.88452,10278,PPL,America/Winnipeg
6078447,Morden,MB,49.1919,-98.10136,8668,PPL,America/Winnipeg
5935341,Dauphin,MB,51.14941,-100.05023,8457,PPL,America/Winnipeg
13100188,West St. Paul,MB,50.01043,-97.14213,6682,PPL,America/Winnipeg
5954718,Flin Flon,MB,54.76703,-101.87433,5865,PPL,America/Winnipeg
7732488,Norway House,MB,53.98214,-97.83265,5753,PPL,America/Winnipeg
6164499,The Pas,MB,53.82159,-101.24488,5513,PPL,America/Winnipeg
6086673,Neepawa,MB,50.22892,-99.46642,4609,PPL,America/Winnipeg
5884260,Altona,MB,49.10469,-97.55961,4212,PPL,America/Winnipeg
6160362,Swan River,MB,52.1058,-101.26759,4198,PPL,America/Winnipeg
6157355,Stonewall,MB,50.13441,-97.32676,4177,PPL,America/Winnipeg
6088677,Niverville,MB,49.60559,-97.04234,4083,PPL,America/Winnipeg
5972961,Headingley,MB,49.8753,-97.40896,3215,PPL,America/Winnipeg
6060325,Lorette,MB,49.73919,-96.87232,3208,PPL,America/Winnipeg
5896549,Beausejour,MB,50.0622,-96.51669,3126,PPL,America/Winnipeg
6174457,Virden,MB,49.8508,-100.93262,3114,PPL,America/Winnipeg
5917275,Carman,MB,49.4992,-98.00156,3027,PPL,America/Winnipeg
6155866,Ste. Anne,MB,49.66969,-96.65,2891,PPL,America/Winnipeg
6074882,Minnedosa,MB,50.24532,-99.84364,2449,PPL,America/Winnipeg
5991907,Killarney,MB,49.18332,-99.66364,2362,PPL,America/Winnipeg
5961417,Gimli,MB,50.63362,-96.99066,2246,PPL,America/Winnipeg
12070757,Cross Lake 19A,MB,54.65135,-97.76848,2018,PPL,America/Winnipeg
6095788,Oxford House,MB,54.94853,-95.26598,1950,PPL,America/Winnipeg
6078727,Morris,MB,49.35499,-97.36567,1916,PPL,America/Winnipeg
6151456,Souris,MB,49.6172,-100.2612,1876,PPL,America/Winnipeg
5916706,Carberry,MB,49.86893,-99.36021,1738,PPL,America/Winnipeg
5967590,Grunthal,MB,49.40668,-96.85873,1680,PPL,America/Winnipeg
5905191,Boissevain,MB,49.23062,-100.05586,1656,PPL,America/Winnipeg
6125862,Roblin,MB,51.22999,-101.3565,1614,PPL,America/Winnipeg
5980472,Ile des Chênes,MB,49.7106,-96.98893,1546,PPL,America/Winnipeg
8617250,Shilo,MB,49.80551,-99.64634,1419,PPL,America/Winnipeg
6154897,St. Adolphe,MB,49.6744,-97.11124,1362,PPL,America/Winnipeg
6049255,Landmark,MB,49.67169,-96.82232,1292,PPL,America/Winnipeg
5886561,Arborg,MB,50.90721,-97.21757,1279,PPL,America/Winnipeg
6122707,Rivers,MB,50.03081,-100.24029,1257,PPL,America/Winnipeg
6078177,Moose Lake,MB,49.20559,-95.30629,1225,PPLL,America/Winnipeg
6014443,Lac du Bonnet,MB,50.2536,-96.06116,1089,PPL,America/Winnipeg
6150786,Snow Lake,MB,54.87903,-100.0374,1088,PPL,America/Winnipeg
5994866,La Broquerie,MB,49.51688,-96.50029,1073,PPL,America/Winnipeg
5937577,Deloraine,MB,49.19082,-100.49477,1068,PPL,America/Winnipeg
6071900,Melita,MB,49.26811,-100.99669,1042,PPL,America/Winnipeg
5961153,Gillam,MB,56.34745,-94.70808,1007,PPL,America/Winnipeg
6183238,Winnipegosis,MB,51.64861,-99.92664,945,PPL,America/Winnipeg
6171515,Tyndall,MB,50.0828,-96.6589,935,PPL,America/Winnipeg
5922111,Churchill,MB,58.76811,-94.16674,899,PPL,America/Winnipeg
5914273,Camperville,MB,51.98832,-100.14365,820,PPL,America/Winnipeg
6176300,Warren,MB,50.13171,-97.54738,818,PPL,America/Winnipeg
5931789,Cranberry Portage,MB,54.58623,-101.37797,771,PPL,America/Winnipeg
6112681,Powerview,MB,50.56611,-96.19868,684,PPL,America/Winnipeg
6156606,St. François Xavier,MB,49.9128,-97.54237,662,PPL,America/Winnipeg
5959805,Garson,MB,50.0778,-96.7073,647,PPL,America/Winnipeg
5962499,Gods River,MB,54.84192,-94.09035,643,PPL,America/Winnipeg
6104966,Pine Falls,MB,50.56641,-96.21808,632,PPL,America/Winnipeg
6155762,St. Claude,MB,49.65861,-98.34244,600,PPL,America/Winnipeg
6156874,St. Jean Baptiste,MB,49.26559,-97.34037,563,PPL,America/Winnipeg
6072606,Miami,MB,49.3711,-98.24466,464,PPL,America/Winnipeg
6174830,Wabowden,MB,54.90903,-98.63031,442,PPL,America/Winnipeg
5901657,Birch River,MB,52.39612,-101.10478,144,PPL,America/Winnipeg
5961494,Giroux,MB,49.57439,-96.56779,100,PPL,America/Winnipeg
5982466,Ilford,MB,56.06722,-95.59925,43,PPL,America/Winnipeg
6176427,Wasagaming,MB,50.65866,-99.97026,33,PPL,America/Winnipeg
6076211,Moncton,NB,46.09454,-64.7965,86106,PPL,America/Moncton
6138517,Saint John,NB,45.27076,-66.05616,71808,PPL,America/Moncton
5957776,Fredericton,NB,45.94541,-66.66558,63116,PPLA,America/Moncton
5939219,Dieppe,NB,46.07844,-64.68735,27304,PPL,America/Moncton
6122758,Riverview,NB,46.05455,-64.81597,20584,PPL,America/Moncton
6115383,Quispamsis,NB,45.42135,-65.95127,18768,PPL,America/Moncton
6075081,Miramichi,NB,47.02895,-65.50186,17537,PPL,America/Moncton
6545023,Edmundston,NB,47.3737,-68.32512,16580,PPL,America/Moncton
6062163,Lutes Mountain,NB,46.146,-64.908,16311,PPL,America/Moncton
6138525,Saint John West,NB,45.25937,-66.07776,15255,PPL,America/Moncton
6138520,Saint John East,NB,45.2878,-66.04066,14579,PPL,America/Moncton
13592168,Tantramar,NB,45.93365,-64.39984,14545,PPL,America/Moncton
13592147,Belle-Baie,NB,47.76532,-65.74496,14335,PPL,America/Moncton
6128033,Rothesay,NB,45.38046,-65.96744,11977,PPL,America/Moncton
6696259,Bathurst,NB,47.61814,-65.65112,11897,PPL,America/Moncton
13592162,Maple Hills,NB,46.21332,-64.86945,9547,PPL,America/Moncton
5968410,Gunningsville,NB,46.0739,-64.77304,9479,PPL,America/Moncton
13592183,Carleton North,NB,46.49895,-67.55754,9170,PPL,America/Moncton
13592163,Cap-Acadie,NB,46.20142,-64.32416,9165,PPL,America/Moncton
6053462,Lewisville,NB,46.10437,-64.7532,9060,PPL,America/Moncton
5961862,Glen Cairn,NB,46.11667,-64.85,8960,PPL,America/Moncton
6094407,Oromocto,NB,45.83512,-66.47917,8805,PPL,America/Moncton
13592161,Beausoleil,NB,46.29835,-64.60329,8620,PPL,America/Moncton
5978464,Humphrey,NB,46.11987,-64.77797,8195,PPL,America/Moncton
5919004,Centennial Place,NB,46.08333,-64.81667,7698,PPL,America/Moncton
6145668,Shediac,NB,46.21981,-64.54107,7535,PPL,America/Moncton
13592176,Sunbury-York South,NB,45.83776,-66.60984,7455,PPL,America/Moncton
13592175,Eastern Charlotte,NB,45.10301,-66.79484,7325,PPL,America/Moncton
13592178,Central York,NB,46.0051,-66.90803,6930,PPL,America/Moncton
6696258,Campbellton,NB,48.00751,-66.67272,6883,PPL,America/Moncton
6137419,Saint-Anselme,NB,46.06395,-64.71261,6740,PPL,America/Moncton
13592165,Beaubassin East,NB,46.20917,-64.418,6718,PPL,America/Moncton
6074123,Millidgeville,NB,45.3017,-66.10319,6527,PPL,America/Moncton
13592157,Beaurivage,NB,46.68206,-64.96023,6160,PPL,America/Moncton
13592151,Hautes-Terres,NB,47.62877,-65.09284,6140,PPL,America/Moncton
13592169,Fundy Albert,NB,45.80271,-64.65977,6100,PPL,America/Moncton
5942099,Douglas,NB,45.97832,-66.73108,5935,PPL,America/Moncton
13592177,Grand Lake,NB,46.11258,-65.95682,5725,PPL,America/Moncton
13592150,Île-de-Lamèque,NB,47.84661,-64.59607,5627,PPL,America/Moncton
5920343,Chartersville,NB,46.08494,-64.73339,5600,PPL,America/Moncton
6184364,Woodstock,NB,46.15796,-67.58377,5553,PPL,America/Moncton
13592146,Heron Bay,NB,48.02185,-66.39597,5536,PPL,America/Moncton
13592171,Butternut Valley,NB,45.83331,-65.5347,5435,PPL,America/Moncton
5975135,Hildegarde,NB,46.12296,-64.85392,5327,PPL,America/Moncton
6159980,Sussex,NB,45.72266,-65.50663,5298,PPL,America/Moncton
13592173,Fundy-St. Martins,NB,45.40777,-65.43908,5225,PPL,America/Moncton
6621033,Grand Falls,NB,47.04609,-67.74179,5220,PPL,America/Moncton
13592160,Champdoré,NB,46.38601,-64.78239,5115,PPL,America/Moncton
12070760,Hanwell,NB,45.88308,-66.76905,5108,PPL,America/Moncton
5951023,Fairvale,NB,45.40083,-65.97167,5075,PPL,America/Moncton
6072045,Memramcook,NB,46.00435,-64.55156,5029,PPL,America/Moncton
6048292,Lakeburn,NB,46.10014,-64.68205,5014,PPL,America/Moncton
5964243,Grand Bay-Westfield,NB,45.34075,-66.25275,4967,PPL,America/Moncton
5978478,Humphreys Mills,NB,46.11237,-64.7589,4754,PPL,America/Moncton
6136437,Rusagonis,NB,45.80276,-66.6204,4661,PPL,America/Moncton
13592172,Valley Waters,NB,45.67299,-65.83704,4549,PPL,America/Moncton
6158349,St. Stephen,NB,45.18044,-67.29529,4415,PPL,America/Moncton
5970018,Hampton,NB,45.52876,-65.85354,4395,PPL,America/Moncton
6640171,Beresford,NB,47.69128,-65.69893,4294,PPL,America/Moncton
6942803,Caraquet,NB,47.79413,-64.9386,4285,PPL,America/Moncton
13592145,Vallée-des-Rivières,NB,47.21512,-67.96074,4250,PPL,America/Moncton
5971450,Harrisville,NB,46.11771,-64.72209,4201,PPL,America/Moncton
6087704,New Maryland,NB,45.89662,-66.68225,4153,PPL,America/Moncton
5898972,Berry Mills Heights,NB,46.1,-64.85,4021,PPL,America/Moncton
13592170,Three Rivers,NB,45.91178,-65.15228,3990,PPL,America/Moncton
13592148,Bois-Joli,NB,47.99101,-66.5116,3900,PPL,America/Moncton
13592181,Nackawic-Millville,NB,46.07831,-67.23335,3765,PPL,America/Moncton
13592144,Haut-Madawaska,NB,47.26057,-68.63689,3720,PPL,America/Moncton
13592143,Arcadia,NB,45.8081,-66.06383,3700,PPL,America/Moncton
13592153,Alnwick,NB,47.21568,-65.18062,3575,PPL,America/Moncton
13592149,Rivière-du-Nord,NB,47.72309,-65.1839,3530,PPL,America/Moncton
13592158,Five Rivers,NB,46.55684,-64.90456,3400,PPL,America/Moncton
6064145,Magnetic Hill,NB,46.13466,-64.88852,3300,PPL,America/Moncton
11838440,Atholville,NB,47.9894,-66.7125,3290,PPL,America/Moncton
6943599,Dalhousie,NB,48.06442,-66.37495,3223,PPL,America/Moncton
7302644,Tracadie-Sheila,NB,47.51444,-64.91806,3184,PPL,America/Moncton
5955536,Forest Hills,NB,45.31242,-66.0122,3084,PPL,America/Moncton
5983122,Indiantown,NB,45.27515,-66.07847,3078,PPL,America/Moncton
13592156,Nouvelle-Arcadie,NB,46.69807,-65.36133,3060,PPL,America/Moncton
6137063,Sackville,NB,45.89868,-64.36836,2963,PPL,America/Moncton
5992397,Kingsclear,NB,45.88437,-66.90853,2839,PPL,America/Moncton
5924597,Cocagne,NB,46.33494,-64.61504,2757,PPL,America/Moncton
13592185,Tobique Valley,NB,46.93494,-67.39112,2740,PPL,America/Moncton
12123375,Elsipogtog First Nation,NB,46.58544,-64.98583,2736,PPL,America/Moncton
7731836,Saint-Léonard,NB,47.16317,-67.9246,2700,PPL,America/Moncton
6179221,Westmorland Heights,NB,45.29198,-66.04228,2635,PPL,America/Moncton
6184118,Woodhaven Court,NB,46.11667,-64.86667,2608,PPL,America/Moncton
5964606,Grand Manan,NB,44.69824,-66.82109,2595,PPL,America/Moncton
11789760,Shippagan,NB,47.74424,-64.70804,2580,PPL,America/Moncton
13592184,Southern Victoria,NB,46.77378,-67.72136,2550,PPL,America/Moncton
13592159,Grand-Bouctouche,NB,46.48888,-64.71034,2513,PPL,America/Moncton
6054258,Lincoln,NB,45.90012,-66.58218,2504,PPL,America/Moncton
13592179,Lakeland Ridges,NB,45.97149,-67.48985,2450,PPL,America/Moncton
5916546,Cap-Pele,NB,46.21294,-64.27844,2441,PPL,America/Moncton
6139354,Salisbury,NB,46.03905,-65.04628,2387,PPL,America/Moncton
5906281,Bouctouche,NB,46.46844,-64.73905,2361,PPL,America/Moncton
5958752,Fundy Heights,NB,45.25171,-66.07227,2331,PPL,America/Moncton
5964318,Grande-Digue,NB,46.30014,-64.56546,2261,PPL,America/Moncton
6075003,Minto,NB,46.08483,-66.06217,2234,PPL,America/Moncton
6067475,Marysville,NB,45.98341,-66.58218,2223,PPL,America/Moncton
6101041,Pennfield,NB,45.10157,-66.73896,2222,PPL,America/Moncton
13592155,Upper Miramichi,NB,46.46603,-66.41116,2175,PPL,America/Moncton
6943723,Saint-Quentin,NB,47.51326,-67.39288,2141,PPL,America/Moncton
6159572,Sunny Brae,NB,46.10352,-64.7768,2135,PPL,America/Moncton
13592167,Strait Shores,NB,46.08969,-64.07635,2077,PPL,America/Moncton
13592174,Fundy Shores,NB,45.16663,-66.39178,2050,PPL,America/Moncton
6137411,Saint Andrews,NB,45.0737,-67.05312,2048,PPL,America/Moncton
13592154,Miramichi River Valley,NB,46.61496,-65.90167,1996,PPL,America/Moncton
6942800,Kedgwick,NB,47.64457,-67.34344,1986,PPL,America/Moncton
8593690,Petit-Rocher,NB,47.78271,-65.71747,1954,PPL,America/Moncton
6065295,Manners Sutton,NB,45.68885,-67.03985,1920,PPL,America/Moncton
12097478,Estey's Bridge,NB,46.035,-66.714,1908,PPL,America/Moncton
5966048,Greendale,NB,45.2532,-66.10327,1863,PPL,America/Moncton
11838445,Eel River Crossing,NB,48.0159,-66.422,1844,PPL,America/Moncton
6068121,Maugerville,NB,45.87165,-66.44528,1808,PPL,America/Moncton
12096431,St-André,NB,47.10103,-67.7592,1794,PPL,America/Moncton
12096534,Burnt Church,NB,47.19887,-65.13958,1715,PPL,America/Moncton
6943718,Neguac,NB,47.24894,-65.07408,1692,PPL,America/Moncton
5991374,Keswick Ridge,NB,46.00011,-66.88218,1652,PPL,America/Moncton
6089694,North Devon,NB,45.97081,-66.63255,1652,PPL,America/Moncton
8581594,Florenceville-Bristol,NB,46.44353,-67.61536,1639,PPL,America/Moncton
12096348,Balmoral,NB,47.97262,-66.4455,1628,PPL,America/Moncton
6156608,St. George,NB,45.12654,-66.83138,1579,PPL,America/Moncton
6943605,Perth-Andover,NB,46.73551,-67.70393,1574,PPL,America/Moncton
6159979,Sussex Corner,NB,45.71024,-65.48334,1532,PPL,America/Moncton
12076652,Greater Lakeburn,NB,46.07651,-64.66818,1529,PPL,America/Moncton
6101112,Penobsquis,NB,45.77626,-65.381,1500,PPL,America/Moncton
6118313,Red Head,NB,45.24936,-66.00041,1500,PPL,America/Moncton
6115362,Quinton Heights,NB,45.25214,-66.12015,1493,PPL,America/Moncton
5938798,Devon,NB,45.96378,-66.61696,1477,PPL,America/Moncton
6101906,Petitcodiac,NB,45.93935,-65.1802,1476,PPL,America/Moncton
6086361,Nauwigewauk,NB,45.46686,-65.89884,1472,PPL,America/Moncton
12070759,McEwen,NB,46.1452,-64.78615,1462,PPL,America/Moncton
6122053,Richibucto,NB,46.68073,-64.88044,1411,PPL,America/Moncton
6091108,Norton,NB,45.63884,-65.69843,1410,PPL,America/Moncton
5975301,Hillsborough,NB,45.91985,-64.65516,1348,PPL,America/Moncton
12069868,Belledune,NB,47.88581,-65.8113,1325,PPL,America/Moncton
11126288,Charlo,NB,48.00072,-66.32875,1323,PPL,America/Moncton
12076641,Baie Ste. Anne,NB,47.05231,-64.95355,1319,PPL,America/Moncton
12069871,Bas-Caraquet,NB,47.80059,-64.83195,1311,PPL,America/Moncton
6943717,Lamèque,NB,47.79361,-64.6475,1301,PPL,America/Moncton
6068483,McAdam,NB,45.59232,-67.307,1261,PPL,America/Moncton
6137422,Saint-Antoine,NB,46.36294,-64.74985,1252,PPL,America/Moncton
5921527,Chipman,NB,46.16934,-65.88386,1201,PPL,America/Moncton
6127159,Rogersville,NB,46.73452,-65.42705,1193,PPL,America/Moncton
12076646,Shediac Bridge-Shediac River,NB,46.26886,-64.60047,1177,PPL,America/Moncton
12076643,Fundy Bay,NB,44.741,-66.76041,1167,PPL,America/Moncton
6086944,Nelson-Miramichi,NB,46.9786,-65.54061,1164,PPL,America/Moncton
8593688,Bertrand,NB,47.75675,-65.0655,1153,PPL,America/Moncton
6087456,Newcastle,NB,47.00011,-65.56544,1149,PPL,America/Moncton
5984626,Island View Heights,NB,45.23366,-66.12661,1148,PPL,America/Moncton
5946961,Eel Ground,NB,46.96537,-65.62883,1094,PPL,America/Moncton
13607844,Black River-Hardwicke,NB,47.02116,-65.20756,1067,PPL,America/Moncton
13607853,Cap-de-Richibucto,NB,46.59458,-64.77935,1067,PPL,America/Moncton
6089009,Noonan,NB,45.96682,-66.53218,1042,PPL,America/Moncton
6114943,Quarryville,NB,46.8334,-65.78205,1036,PPL,America/Moncton
7290171,Plaster Rock,NB,46.90654,-67.38997,1002,PPL,America/Moncton
5983843,Irishtown,NB,46.18789,-64.79206,1000,PPL,America/Moncton
11838441,Nigadoo,NB,47.7395,-65.7123,997,PPL,America/Moncton
6138668,Saint-Louis de Kent,NB,46.74013,-64.96983,981,PPL,America/Moncton
6147939,Silverwood,NB,45.96528,-66.76403,975,PPL,America/Moncton
5972068,Haute-Aboujagane,NB,46.14834,-64.39892,974,PPL,America/Moncton
13607855,Dennis-Weston,NB,45.24165,-67.28451,970,PPL,America/Moncton
12070137,Robertville,NB,47.69624,-65.77344,969,PPL,America/Moncton
12076658,Carlisle Road,NB,45.98808,-66.75876,967,PPL,America/Moncton
6085444,Nackawic,NB,45.99666,-67.24028,962,PPL,America/Moncton
12096813,Tide Head,NB,47.98534,-66.77831,951,PPL,America/Moncton
13580564,Campobello Island,NB,44.89486,-66.92528,949,PPL,America/Moncton
5883353,Aldouane,NB,46.63343,-65.06544,947,PPL,America/Moncton
12069941,Dunlop,NB,47.68713,-65.73386,930,PPL,America/Moncton
5903420,Blackville,NB,46.7398,-65.83186,914,PPL,America/Moncton
5903322,Blacks Harbour,NB,45.05882,-66.78499,907,PPL,America/Moncton
5941759,Dorchester,NB,45.90155,-64.50795,906,PPL,America/Moncton
7303784,Hartland,NB,46.29986,-67.51669,902,PPL,America/Moncton
12076657,Fairisle,NB,47.27888,-65.12442,895,PPL,America/Moncton
12076659,Brantville,NB,47.36922,-64.97122,891,PPL,America/Moncton
12077044,Sainte-Anne-de-Madawaska,NB,47.2498,-68.03091,891,PPL,America/Moncton
6121663,Rexton,NB,46.64983,-64.88294,874,PPL,America/Moncton
7290045,Pointe-Verte,NB,47.85418,-65.76622,865,PPL,America/Moncton
12076660,Tabusintac,NB,47.3278,-65.01139,861,PPL,America/Moncton
12069946,Nicholas Denys,NB,47.69863,-65.88047,852,PPLL,America/Moncton
12076661,Saint Irénée and Alderwood,NB,47.49887,-64.98691,847,PPL,America/Moncton
6145672,Shediac Cape,NB,46.23344,-64.56545,838,PPL,America/Moncton
12069939,Sainte-Marie-Saint-Raphaël,NB,47.78468,-64.56556,820,PPL,America/Moncton
6943607,Saint-Isidore,NB,47.55545,-65.04473,810,PPL,America/Moncton
6943731,Doaktown,NB,46.55697,-66.12568,808,PPL,America/Moncton
6052623,Lepreau,NB,45.17033,-66.46749,803,PPL,America/Moncton
12076663,Pepper Creek,NB,45.95286,-66.59038,802,PPL,America/Moncton
6060392,Lorneville,NB,45.18294,-66.1556,800,PPL,America/Moncton
11822501,Clair,NB,47.25407,-68.60589,794,PPL,America/Moncton
11838446,Big River,NB,47.57863,-65.67404,791,PPL,America/Moncton
6159580,Sunny Corner,NB,46.946,-65.815,789,PPL,America/Moncton
5958945,Gagetown,NB,45.77014,-66.16166,787,PPL,America/Moncton
12070146,Notre-Dame-des-Érables,NB,47.63825,-65.23986,767,PPL,America/Moncton
6107644,Pointe-du-Chêne,NB,46.23604,-64.51661,761,PPL,America/Moncton
12076665,Haut-Sheila,NB,47.74639,-64.91151,752,PPL,America/Moncton
12070163,Le Goulet,NB,47.70569,-64.7128,749,PPL,America/Moncton
9034820,Rivière-Verte,NB,47.32035,-68.14343,744,PPL,America/Moncton
12069938,Sainte-Cécile,NB,47.85468,-64.66494,732,PPLL,America/Moncton
6943830,Grande-Anse,NB,47.80779,-65.1945,731,PPL,America/Moncton
12077047,Drummond,NB,47.0355,-67.68255,729,PPL,America/Moncton
5957777,Fredericton Junction,NB,45.66043,-66.61387,719,PPL,America/Moncton
11838443,Paquetville,NB,47.66844,-65.10356,718,PPL,America/Moncton
11789602,Saint-Basile,NB,47.39149,-68.2711,717,PPL,America/Moncton
5913708,Cambridge-Narrows,NB,45.81204,-65.96415,715,PPL,America/Moncton
6942802,Inkerman,NB,47.66724,-64.82483,712,PPL,America/Moncton
6090129,North Head,NB,44.7636,-66.74528,711,PPL,America/Moncton
12069937,Saint-Simon,NB,47.73657,-64.84123,700,PPLL,America/Moncton
11523812,Lac Baker,NB,47.33487,-68.64344,685,PPL,America/Moncton
12076670,Evergreen Park,NB,46.11307,-64.86358,674,PPL,America/Moncton
12070150,Saint-Sauveur,NB,47.52955,-65.26898,673,PPLL,America/Moncton
5976866,Hopewell Cape,NB,45.84773,-64.57644,647,PPL,America/Moncton
12069928,Saint-Léolin,NB,47.76933,-65.17311,615,PPL,America/Moncton
6168274,Tracy,NB,45.67653,-66.68357,610,PPL,America/Moncton
12070173,Leech,NB,47.45314,-64.98185,608,PPLL,America/Moncton
12076673,Lorne,NB,47.8738,-66.12687,600,PPL,America/Moncton
12069899,Petit-Rocher-Nord,NB,47.80925,-65.73246,572,PPLL,America/Moncton
6106676,Point de Bute,NB,45.90064,-64.24186,571,PPL,America/Moncton
6138380,Saint-Ignace,NB,46.70013,-65.08204,567,PPL,America/Moncton
13607835,Baker-Brook,NB,47.3038,-68.5106,555,PPL,America/Moncton
6143045,Seal Cove,NB,44.6526,-66.84084,549,PPL,America/Moncton
11789599,Maisonnette,NB,47.82364,-64.99838,535,PPL,America/Moncton
6943602,Miscou,NB,47.94395,-64.57111,530,PPL,America/Moncton
13592182,Centreville,NB,46.42989,-67.71103,508,PPL,America/Moncton
12069894,Pokemouche,NB,47.66828,-64.87647,490,PPLL,America/Moncton
13592239,Pointe-Sapin,NB,46.96395,-64.82985,475,PPL,America/Moncton
11838448,Saint-François-de-Madawaska,NB,47.24781,-68.71404,470,PPL,America/Moncton
12069901,Tremblay,NB,47.74788,-65.75775,463,PPL,America/Moncton
13607854,Chiasson-Savoy,NB,47.74592,-64.65605,462,PPL,America/Moncton
12069932,Pigeon Hill,NB,47.84741,-64.5114,443,PPLL,America/Moncton
12089206,Bath,NB,46.50778,-67.58732,440,PPL,America/Moncton
5891548,Baie Verte,NB,46.01483,-64.10318,421,PPL,America/Moncton
13590561,Collette,NB,46.77858,-65.45305,420,PPL,America/Moncton
13607851,Bonny River-Second Falls,NB,45.21757,-66.85041,420,PPL,America/Moncton
5984622,Island View,NB,45.96655,-66.80892,413,PPL,America/Moncton
5971697,Harvey,NB,45.72902,-67.00638,402,PPL,America/Moncton
12096587,Dalhousie Junction,NB,48.04431,-66.49699,402,PPL,America/Moncton
6118001,Red Bank,NB,46.93903,-65.82125,398,PPL,America/Moncton
13580569,Stanley,NB,46.2826,-66.73978,397,PPL,America/Moncton
12070171,Village-Blanchard,NB,47.7269,-64.90086,396,PPL,America/Moncton
12069929,Coteau Road,NB,47.83592,-64.55777,393,PPLL,America/Moncton
5970650,Harcourt,NB,46.46683,-65.24877,390,PPL,America/Moncton
12096589,McLeods,NB,48.0184,-66.57362,383,PPL,America/Moncton
6111744,Port Elgin,NB,46.04874,-64.08683,381,PPL,America/Moncton
13580179,Murray Corner,NB,46.17176,-63.95876,371,PPL,America/Moncton
12088912,Boudreau-Ouest,NB,46.22683,-64.48948,360,PPL,America/Moncton
5895440,Bayside,NB,45.13114,-67.10797,355,PPL,America/Moncton
6122725,Riverside-Albert,NB,45.74486,-64.73206,348,PPL,America/Moncton
12070157,Evangeline,NB,47.69239,-64.84511,340,PPLL,America/Moncton
12069869,Anse-Bleue,NB,47.82833,-65.0815,338,PPL,America/Moncton
5915119,Canterbury,NB,45.89541,-67.46781,320,PPL,America/Moncton
6157040,St. Martins,NB,45.34819,-65.55563,320,PPL,America/Moncton
12096346,Laplante,NB,47.76887,-65.77496,320,PPL,America/Moncton
12070176,Saint-Pons,NB,47.47739,-64.96091,319,PPLL,America/Moncton
12096887,Aroostook,NB,46.80117,-67.72446,313,PPL,America/Moncton
12069933,Pointe-Alexandre,NB,47.80529,-64.66755,303,PPLL,America/Moncton
6073346,Midgic,NB,45.98333,-64.3,300,PPL,America/Moncton
5950940,Fairfield,NB,45.33347,-65.68212,295,PPL,America/Moncton
7302872,Beaver Harbour,NB,45.07164,-66.74272,291,PPL,America/Moncton
5884081,Alma,NB,45.65186,-64.92377,282,PPL,America/Moncton
12096805,Glencoe,NB,47.95346,-66.80399,280,PPL,America/Moncton
12070165,Maltempec,NB,47.67312,-64.9821,275,PPLL,America/Moncton
6943601,Millville,NB,46.13072,-67.19616,274,PPL,America/Moncton
12096415,Saint-Hilaire,NB,47.29677,-68.39141,273,PPL,America/Moncton
13592152,Oak Point - Bartibog Bridge,NB,47.11567,-65.29822,272,PPL,America/Moncton
12069897,Madran,NB,47.81674,-65.77205,260,PPLL,America/Moncton
12069935,Pointe-Canot,NB,47.83338,-64.69454,247,PPLL,America/Moncton
12069883,Cap-Bateau,NB,47.81199,-64.53749,229,PPL,America/Moncton
12069936,Pokesudie,NB,47.79774,-64.76512,228,PPLL,America/Moncton
12069934,Pointe-Brûlée,NB,47.75567,-64.73041,221,PPLL,America/Moncton
13607837,Barryville-New Jersey,NB,47.18286,-65.22422,214,PPL,America/Moncton
5947580,Elgin,NB,45.80016,-65.1155,213,PPL,America/Moncton
6062477,Lyttleton,NB,46.93868,-65.91137,210,PPL,America/Moncton
12069867,Alcida,NB,47.7704,-65.82871,208,PPLL,America/Moncton
12096439,Siegas,NB,47.21903,-67.98524,185,PPL,America/Moncton
6071662,Meductic,NB,45.991,-67.476,180,PPL,America/Moncton
12069877,Baie du Petit-Pokemouche,NB,47.70695,-64.73384,162,PPL,America/Moncton
12069875,Benoit,NB,47.48644,-64.96081,161,PPL,America/Moncton
12096803,Flatlands,NB,47.99128,-66.87171,153,PPL,America/Moncton
12096559,Escuminac,NB,47.07694,-64.91424,152,PPL,America/Moncton
12096695,Saint-Jean-Baptiste-de-Restigouche,NB,47.76795,-67.21195,146,PPL,America/Moncton
12095444,Debec,NB,46.06833,-67.69138,104,PPL,America/Moncton
12096853,Whites Brook,NB,47.6809,-67.27003,104,PPL,America/Moncton
12095427,Coldstream,NB,46.34033,-67.46451,102,PPL,America/Moncton
5891628,Bailey,NB,45.63343,-66.58217,98,PPL,America/Moncton
11611636,Cape Tormentine,NB,46.12721,-63.79237,97,PPL,America/Moncton
5898613,Benton,NB,45.9834,-67.59892,88,PPL,America/Moncton
13607856,Dugas,NB,47.80377,-65.11517,67,PPLL,America/Moncton
13607847,Blair Athol,NB,47.93879,-66.57971,52,PPL,America/Moncton
13607838,Bayfield,NB,46.13678,-63.81772,42,PPL,America/Moncton
6324733,St. John's,NL,47.56494,-52.70931,110525,PPLA,America/St_Johns
5926511,Conception Bay South,NL,47.49989,-52.99806,27168,PPL,America/St_Johns
6096729,Paradise,NL,47.52909,-52.88136,22957,PPL,America/St_Johns
6082231,Mount Pearl,NL,47.51659,-52.78135,22477,PPL,America/St_Johns
5927969,Corner Brook,NL,48.95001,-57.95202,19316,PPL,America/St_Johns
5964378,Grand Falls-Windsor,NL,48.93324,-55.66492,13853,PPL,America/St_Johns
5959335,Gander,NL,48.95624,-54.61647,11880,PPL,America/St_Johns
6112040,Portugal Cove-St. Phillip’s,NL,47.62944,-52.84801,8415,PPL,America/St_Johns
6167817,Torbay,NL,47.66659,-52.73135,7852,PPL,America/St_Johns
5970458,Happy Valley-Goose Bay,NL,53.3038,-60.32576,7572,PPL,America/Goose_Bay
5994839,Labrador City,NL,52.94626,-66.91137,7220,PPL,America/Goose_Bay
5923118,Clarenville,NL,48.1666,-53.96482,6704,PPL,America/St_Johns
6156244,Stephenville,NL,48.55001,-58.5818,6540,PPL,America/St_Johns
5895424,Bay Roberts,NL,47.59989,-53.26478,6012,PPL,America/St_Johns
5937252,Deer Lake,NL,49.16671,-57.43163,5319,PPL,America/St_Johns
6067472,Marystown,NL,47.16663,-55.14829,5204,PPL,America/St_Johns
5916722,Carbonear,NL,47.73919,-53.2272,4838,PPL,America/St_Johns
5964230,Grand Bank,NL,47.09995,-55.76504,4623,PPL,America/St_Johns
5963821,Goulds,NL,47.45532,-52.77552,4418,PPL,America/St_Johns
6098924,Pasadena,NL,49.01671,-57.59837,3620,PPL,America/St_Johns
5919815,Channel-Port aux Basques,NL,47.57286,-59.13808,3547,PPL,America/St_Johns
5923119,Clarenville-Shoal Harbour,NL,48.1805,-53.96982,3478,PPL,America/St_Johns
5905393,Bonavista,NL,48.64989,-53.11474,3448,PPL,America/St_Johns
6105892,Placentia,NL,47.2332,-53.96483,3289,PPL,America/St_Johns
6053446,Lewisporte,NL,49.24343,-55.06196,3288,PPL,America/St_Johns
5901989,Bishop's Falls,NL,49.01664,-55.4815,3082,PPL,America/St_Johns
5970492,Harbour Grace,NL,47.68647,-53.23257,2796,PPL,America/St_Johns
5906229,Botwood,NL,49.14994,-55.34819,2778,PPL,America/St_Johns
6153111,Spaniard's Bay,NL,47.61659,-53.28138,2630,PPL,America/St_Johns
5976393,Holyrood,NL,47.38319,-53.13137,2471,PPL,America/St_Johns
6058488,Logy Bay-Middle Cove-Outer Cove,NL,47.63319,-52.68134,2364,PPL,America/St_Johns
5911495,Burin,NL,47.0829,-55.19071,2237,PPL,America/St_Johns
6174727,Wabana,NL,47.63319,-52.94806,2146,PPL,America/St_Johns
6170930,Twillingate,NL,49.64992,-54.76486,2121,PPL,America/St_Johns
11810378,Fogo Island,NL,49.71649,-54.16981,2117,PPL,America/St_Johns
6154159,Springdale,NL,49.49995,-56.06492,2080,PPL,America/St_Johns
6112414,Pouch Cove,NL,47.76659,-52.76474,2063,PPL,America/St_Johns
6155302,St. Anthony,NL,51.37039,-55.59743,2049,PPL,America/St_Johns
6087846,New-Wes-Valley,NL,49.14988,-53.56475,2044,PPL,America/St_Johns
5959271,Gambo,NL,48.7832,-54.21482,1978,PPL,America/St_Johns
6174844,Wabush,NL,52.90015,-66.86541,1964,PPL,America/Goose_Bay
5962232,Glovertown,NL,48.68321,-54.03141,1948,PPL,America/St_Johns
5970478,Harbour Breton,NL,47.48325,-55.79833,1898,PPL,America/St_Johns
5992746,Kippens,NL,48.55001,-58.6318,1842,PPL,America/St_Johns
5954433,Flatrock,NL,47.69989,-52.71475,1722,PPL,America/St_Johns
6174031,Victoria,NL,47.76659,-53.23138,1658,PPL,America/St_Johns
12495574,Trinity Bay North,NL,48.5221,-53.0713,1649,PPL,America/St_Johns
6183533,Witless Bay,NL,47.28319,-52.83135,1640,PPL,America/St_Johns
6156245,Stephenville Crossing,NL,48.50366,-58.43749,1634,PPL,America/St_Johns
6067687,Massey Drive,NL,48.93331,-57.8984,1606,PPL,America/St_Johns
5895263,Bay Bulls,NL,47.31659,-52.81475,1566,PPL,America/St_Johns
5978381,Humber Arm South,NL,49.00912,-58.1348,1537,PPL,America/St_Johns
5923223,Clarke's Beach,NL,47.54246,-53.28395,1400,PPL,America/St_Johns
5891545,Baie Verte,NL,49.93325,-56.18152,1311,PPL,America/St_Johns
5911440,Burgeo,NL,47.61668,-57.61516,1307,PPL,America/St_Johns
5955964,Fortune,NL,47.06665,-55.83164,1285,PPL,America/St_Johns
5983847,Irishtown-Summerside,NL,48.98331,-57.9817,1260,PPL,America/St_Johns
6943610,Nain,NL,56.54193,-61.69549,1204,PPLL,America/Goose_Bay
6155030,St. Alban's,NL,47.86665,-55.84832,1189,PPL,America/St_Johns
6172355,Upper Island Cove,NL,47.64989,-53.21478,1142,PPL,America/St_Johns
6156619,St. George's,NL,48.42852,-58.48151,1139,PPL,America/St_Johns
5919273,Centreville-Wareham-Trinity,NL,49.011,-53.889,1116,PPL,America/St_Johns
6156979,St. Lawrence,NL,46.91664,-55.39832,1115,PPL,America/St_Johns
5895446,Bay St. George South,NL,48.22781,-58.84162,1103,PPL,America/St_Johns
6180166,Whitbourne,NL,47.4166,-53.5314,1066,PPL,America/St_Johns
5970554,Harbour Main-Chapel's Cove-Lakeview,NL,47.41659,-53.16478,1065,PPL,America/St_Johns
6947099,Sheshatshiu,NL,53.51868,-60.14594,1049,PPL,America/Goose_Bay
6050218,LaScie,NL,49.94995,-55.59811,970,PPL,America/St_Johns
5970873,Hare Bay,NL,48.8499,-54.01481,968,PPL,America/St_Johns
6103621,Petty Harbour-Maddox Cove,NL,47.4695,-52.70528,947,PPL,America/St_Johns
6084782,Musgrave Harbour,NL,49.44991,-53.96477,946,PPL,America/St_Johns
6126632,Rocky Harbour,NL,49.60001,-57.91502,937,PPL,America/St_Johns
5887188,Arnold's Cove,NL,47.7693,-53.98703,916,PPL,America/St_Johns
6126959,Roddickton,NL,50.86679,-56.13139,911,PPL,America/St_Johns
6169040,Triton,NL,49.51664,-55.61489,896,PPL,America/St_Johns
13561972,Port de Grave,NL,47.58678,-53.21174,874,PPL,America/St_Johns
7910166,Natuashish,NL,55.91564,-61.12415,856,PPL,America/Goose_Bay
5959340,Gander Bay North,NL,49.34992,-54.48141,853,PPL,America/St_Johns
5918243,Catalina,NL,48.51659,-53.08135,845,PPL,America/St_Johns
5916295,Cape St. George,NL,48.49175,-59.17697,809,PPL,America/St_Johns
6159219,Summerford,NL,49.48322,-54.78144,805,PPL,America/St_Johns
5939341,Dildo,NL,47.56659,-53.5481,803,PPL,America/St_Johns
5917294,Carmanville,NL,49.39992,-54.2981,784,PPL,America/St_Johns
5986842,Joe Batt's Arm-Barr'd Islands-Shoal Bay,NL,49.71662,-54.18141,778,PPL,America/St_Johns
6139445,Salmon Cove,NL,47.78319,-53.16477,764,PPL,America/St_Johns
6111663,Port au Choix,NL,50.71677,-57.36492,742,PPL,America/St_Johns
5962123,Glenwood,NL,48.98322,-54.88146,739,PPL,America/St_Johns
6101860,Peterview,NL,49.11664,-55.34819,723,PPL,America/St_Johns
6125506,Robert's Arm,NL,49.48325,-55.81489,722,PPL,America/St_Johns
13580375,George's Brook-Milton,NL,48.2206,-53.96266,719,PPL,America/St_Johns
6089277,Norris Arm,NL,49.08323,-55.24818,708,PPL,America/St_Johns
6081982,Mount Moriah,NL,48.96671,-58.03171,700,PPL,America/St_Johns
5908881,Brigus,NL,47.52489,-53.21058,699,PPL,America/St_Johns
6049580,L'Anse-au-Loup,NL,51.5168,-56.83139,692,PPL,America/St_Johns
5889189,Badger,NL,48.98325,-56.03154,682,PPL,America/St_Johns
5948493,Embree,NL,49.30273,-55.04256,679,PPL,America/St_Johns
6112018,Port Saunders,NL,50.65007,-57.29822,678,PPL,America/St_Johns
6152555,South River,NL,47.52258,-53.27852,674,PPL,America/St_Johns
6074284,Milltown-Head of Bay D'Espoir,NL,47.92774,-55.72752,669,PPL,America/St_Johns
5931327,Cox's Cove,NL,49.11672,-58.0817,664,PPL,America/St_Johns
5992477,King's Point,NL,49.58327,-56.1815,653,PPL,America/St_Johns
6957320,Churchill Falls,NL,53.53153,-64.00849,650,PPLL,America/Goose_Bay
6089226,Norman's Cove-Long Cove,NL,47.56674,-53.67096,647,PPL,America/St_Johns
5973174,Heart's Delight-Islington,NL,47.76659,-53.48139,646,PPL,America/St_Johns
5966580,Green's Harbour,NL,47.63319,-53.49809,642,PPL,America/St_Johns
6053153,Lethbridge,NL,48.3666,-53.8648,635,PPL,America/St_Johns
6694966,Hopedale,NL,55.46737,-60.20319,625,PPL,America/Goose_Bay
5926512,Conception Harbour,NL,47.44269,-53.21808,624,PPL,America/St_Johns
5886456,Appleton,NL,48.98322,-54.86486,620,PPL,America/St_Johns
6174468,Virgin Arm-Carter's Cove,NL,49.53322,-54.78145,615,PPL,America/St_Johns
5925355,Colliers,NL,47.45295,-53.23148,613,PPL,America/St_Johns
6093319,Old Perlican,NL,48.08038,-53.00683,608,PPL,America/St_Johns
5903593,Blaketown,NL,47.4832,-53.5648,605,PPL,America/St_Johns
6157013,St. Lunaire-Griquet,NL,51.51678,-55.46465,603,PPL,America/St_Johns
6089311,Norris Point,NL,49.52721,-57.88456,602,PPL,America/St_Johns
5910505,Buchans,NL,48.82461,-56.85669,590,PPL,America/St_Johns
5888557,Avondale,NL,47.41659,-53.19808,584,PPL,America/St_Johns
6050803,Lawn,NL,46.94994,-55.53163,583,PPL,America/St_Johns
5942233,Dover,NL,48.8666,-53.9648,579,PPL,America/St_Johns
5984636,Isle aux Morts,NL,47.58331,-58.98187,578,PPL,America/St_Johns
6108749,Point Leamington,NL,49.334,-55.4,574,PPL,America/St_Johns
6084788,Musgravetown,NL,48.40618,-53.88762,561,PPL,America/St_Johns
6071459,Meadows,NL,48.99478,-58.04779,560,PPL,America/St_Johns
6091054,North West River,NL,53.53346,-60.13151,560,PPL,America/Goose_Bay
6119243,Reidville,NL,49.23331,-57.38162,550,PPL,America/St_Johns
6053339,Lewin's Cove,NL,47.08324,-55.215,546,PPL,America/St_Johns
6156864,St. Jacques-Coomb's Cove,NL,47.46664,-55.51501,546,PPL,America/St_Johns
5959731,Garnish,NL,47.23,-55.356,542,PPL,America/St_Johns
5911982,Burnt Islands,NL,47.6,-58.88186,540,PPL,America/St_Johns
6061977,Lumsden,NL,49.29988,-53.59804,535,PPL,America/St_Johns
5903997,Bloomfield,NL,48.3832,-53.8981,523,PPL,America/St_Johns
6069966,McIver's,NL,49.08332,-58.13171,513,PPL,America/St_Johns
6111677,Port Blandford,NL,48.34991,-54.16483,513,PPL,America/St_Johns
5901684,Birchy Bay,NL,49.34993,-54.73143,511,PPL,America/St_Johns
6049990,Lark Harbour,NL,49.10248,-58.36697,508,PPL,America/St_Johns
6169467,Trout River,NL,49.48333,-58.13165,508,PPL,America/St_Johns
6060890,Lourdes,NL,48.65002,-58.99852,502,PPL,America/St_Johns
5915577,Cape Broyle,NL,47.09859,-52.95319,499,PPL,America/St_Johns
6075825,Mobile,NL,47.24989,-52.84805,494,PPL,America/St_Johns
5927900,Cormack,NL,49.30001,-57.38162,492,PPL,America/St_Johns
6087592,New Harbour,NL,47.58319,-53.53139,491,PPL,America/St_Johns
13593919,New Chelsea-New Melbourne-Brownsdale-Sibley's Cove-Lead Cove,NL,48.03724,-53.1671,491,PPL,America/St_Johns
5948839,Englee,NL,50.73339,-56.0981,489,PPL,America/St_Johns
5946001,Eastport,NL,48.6499,-53.74809,462,PPL,America/St_Johns
5914202,Campbellton,NL,49.28323,-54.93145,459,PPL,America/St_Johns
6055192,Little Catalina,NL,48.54988,-53.03135,458,PPL,America/St_Johns
5919860,Chapel Arm,NL,47.51691,-53.66933,446,PPL,America/St_Johns
6163020,Terrenceville,NL,47.66661,-54.73152,446,PPL,America/St_Johns
6144033,Seldom-Little Seldom,NL,49.59992,-54.19812,444,PPL,America/St_Johns
6072836,Middle Arm,NL,49.70417,-56.10648,443,PPL,America/St_Johns
5969990,Hampden,NL,49.543,-56.856,439,PPL,America/St_Johns
6943726,Cartwright,NL,53.70824,-57.01801,439,PPL,America/Goose_Bay
6183357,Winterton,NL,47.95605,-53.32797,436,PPL,America/St_Johns
6155707,St. Bernard's-Jacques Fontaine,NL,47.51932,-54.91496,433,PPL,America/St_Johns
5961157,Gillams,NL,49.01671,-58.06511,429,PPL,America/St_Johns
6151735,South Brook,NL,49.43325,-56.08153,420,PPL,America/St_Johns
13580395,Marysvale,NL,47.48893,-53.22319,419,PPL,America/St_Johns
6155806,Steady Brook,NL,48.954,-57.825,416,PPL,America/St_Johns
12495571,Small Point-Adam's Cove-Blackhead-Broad Cove,NL,47.84539,-53.1033,414,PPLL,America/St_Johns
6111668,Port au Port East,NL,48.5548,-58.70235,413,PPL,America/St_Johns
5895200,Bauline,NL,47.71659,-52.83135,412,PPL,America/St_Johns
13580374,Milton,NL,48.20639,-53.95666,410,PPL,America/St_Johns
6159599,Sunnyside,NL,47.8555,-53.91483,407,PPL,America/St_Johns
6168779,Trepassey,NL,46.73319,-53.36483,405,PPL,America/St_Johns
5974193,Hermitage-Sandyville,NL,47.53325,-55.93164,404,PPL,America/St_Johns
6111885,Port Hope Simpson,NL,52.55009,-56.29803,403,PPL,America/St_Johns
5931110,Cow Head,NL,49.91673,-57.81499,398,PPL,America/St_Johns
6183336,Winterland,NL,47.14994,-55.2983,398,PPL,America/St_Johns
6178620,Western Bay,NL,47.88319,-53.08136,395,PPL,America/St_Johns
6185576,York Harbour,NL,49.06673,-58.38174,395,PPL,America/St_Johns
13589049,Northwest Brook-Ivany's Cove-Queens Cove,NL,48.01424,-53.94806,391,PPL,America/St_Johns
6116233,Ramea,NL,47.525,-57.386,388,PPL,America/St_Johns
6155699,Savage Cove-Sandy Cove-Shoal Cove East,NL,51.35009,-56.66478,385,PPL,America/St_Johns
6111670,Port au Port West-Aguathuna-Felix Cove,NL,48.55539,-58.75184,384,PPL,America/St_Johns
6080181,Mount Carmel-Mitchells Brook-St. Catherines,NL,47.1499,-53.4814,382,PPL,America/St_Johns
13580373,Hickman's Harbour-Robinson Bight,NL,48.10429,-53.74876,379,PPL,America/St_Johns
5955808,Forteau,NL,51.4668,-56.96481,377,PPL,America/St_Johns
6167923,Tors Cove,NL,47.21659,-52.84806,377,PPL,America/St_Johns
5952452,Ferryland,NL,47.03319,-52.88136,371,PPL,America/St_Johns
6089904,Northern Arm,NL,49.16664,-55.38149,371,PPL,America/St_Johns
6098801,Parson's Pond,NL,50.03333,-57.71498,368,PPL,America/St_Johns
6943727,Makkovik,NL,55.08665,-59.1776,365,PPL,America/Goose_Bay
6111996,Port Rexton,NL,48.39019,-53.33137,361,PPL,America/St_Johns
5960451,Georges Brook,NL,48.2332,-53.96481,358,PPL,America/St_Johns
6181200,Whiteway,NL,47.68319,-53.48139,351,PPL,America/St_Johns
6103988,Piccadilly,NL,48.55002,-58.91522,350,PPL,America/St_Johns
5897854,Belleoram,NL,47.51664,-55.41501,348,PPL,America/St_Johns
5895287,Bay de Verde,NL,48.08319,-52.89805,347,PPL,America/St_Johns
5926338,Comfort Cove-Newstead,NL,49.39993,-54.86484,345,PPL,America/St_Johns
6127550,Rose Blanche-Harbour Le Cou,NL,47.6167,-58.68184,344,PPL,America/St_Johns
5910379,Bryant's Cove,NL,47.67633,-53.18979,343,PPL,America/St_Johns
5973166,Heart's Content,NL,47.88319,-53.36478,330,PPL,America/St_Johns
13060936,Bunyan's Cove,NL,48.39599,-54.01789,330,PPL,America/St_Johns
5957157,Fox Roost-Margaree,NL,47.57346,-59.05501,327,PPL,America/St_Johns
5970410,Hant's Harbour,NL,48.01659,-53.26477,318,PPL,America/St_Johns
5947965,Elliston,NL,48.63318,-53.04804,315,PPL,America/St_Johns
6143004,Seal Cove,NL,49.93326,-56.38151,315,PPL,America/St_Johns
6152039,Southern Harbour,NL,47.7166,-53.96483,313,PPL,America/St_Johns
6157063,St. Mary's,NL,46.9166,-53.58142,313,PPL,America/St_Johns
6067456,Mary's Harbour,NL,52.30554,-55.83698,312,PPL,America/St_Johns
5882352,Adeytown,NL,48.07443,-53.934,307,PPL,America/St_Johns
5884779,Anchor Point,NL,51.23339,-56.7981,305,PPL,America/St_Johns
5911589,Burlington,NL,49.74997,-56.01488,304,PPL,America/St_Johns
6064438,Main Point-Davidsville,NL,49.34944,-54.41834,302,PPL,America/St_Johns
5918580,Cavendish,NL,47.71659,-53.48139,301,PPL,America/St_Johns
6074652,Ming's Bight,NL,49.98327,-56.04816,298,PPL,America/St_Johns
5972357,Hawke's Bay,NL,50.60007,-57.16491,297,PPL,America/St_Johns
6051059,Leading Tickles,NL,49.48414,-55.42177,296,PPL,America/St_Johns
5920287,Charlottetown,NL,52.76964,-56.12014,292,PPL,America/St_Johns
6104703,Pilley's Island,NL,49.51665,-55.73148,286,PPL,America/St_Johns
6155134,St. Andrew's,NL,47.77758,-59.27304,284,PPL,America/St_Johns
6119433,Renews-Cappahayden,NL,46.93104,-52.939,280,PPL,America/St_Johns
6168596,Traytown,NL,48.66661,-53.96481,279,PPL,America/St_Johns
13597438,Stoneville,NL,49.45758,-54.54564,274,PPL,America/St_Johns
5954952,Flower's Cove,NL,51.30031,-56.74095,272,PPL,America/St_Johns
6155715,St. Bride's,NL,46.91661,-54.16486,272,PPL,America/St_Johns
13580439,Deep Bight,NL,48.0955,-53.94658,271,PPL,America/St_Johns
13580377,Summerville-Princeton-Southern Bay,NL,48.4325,-53.57127,267,PPL,America/St_Johns
5952334,Fermeuse,NL,46.97629,-52.95637,266,PPL,America/St_Johns
6158670,St. Vincent's-St. Stephen's-Peter's River,NL,46.7666,-53.61483,263,PPL,America/St_Johns
5911808,Burnt Cove,NL,47.19989,-52.84806,260,PPL,America/St_Johns
5924787,Codroy,NL,47.88227,-59.39362,258,PPL,America/St_Johns
5966617,Greenspond,NL,49.06658,-53.56476,257,PPL,America/St_Johns
6108763,Point May,NL,46.89995,-55.93165,254,PPL,America/St_Johns
5901986,Bishop's Cove,NL,47.63631,-53.23172,252,PPL,America/St_Johns
5956852,Fox Cove-Mortier,NL,47.08323,-55.115,252,PPL,America/St_Johns
5895458,Baytona,NL,49.33323,-54.76483,251,PPL,America/St_Johns
6166614,Tilting,NL,49.69992,-54.06481,248,PPL,America/St_Johns
5941952,Doting Cove,NL,49.44991,-53.94807,247,PPL,America/St_Johns
5928552,Cottlesville,NL,49.49992,-54.84815,246,PPL,America/St_Johns
6064382,Main Brook,NL,51.18338,-56.01476,246,PPL,America/St_Johns
6184480,Woody Point,NL,49.50001,-57.93162,244,PPL,America/St_Johns
13580397,Hopeall,NL,47.61171,-53.50604,242,PPL,America/St_Johns
5961856,Glenburnie-Birchy Head-Shoal Brook,NL,49.45001,-57.91502,241,PPL,America/St_Johns
6055114,Little Burnt Bay,NL,49.34073,-55.08396,238,PPL,America/St_Johns
5897889,Bellevue,NL,47.63319,-53.73141,237,PPL,America/St_Johns
5978254,Hughes Brook,NL,49.0,-57.8817,236,PPL,America/St_Johns
13580368,West Bay,NL,48.6177,-58.97021,235,PPL,America/St_Johns
5895353,Bay L'Argent,NL,47.54992,-54.89825,234,PPL,America/St_Johns
6098499,Parkers Cove,NL,47.39992,-54.86496,233,PPL,America/St_Johns
6136508,Rushoon,NL,47.34993,-54.91497,229,PPL,America/St_Johns
5920286,Charlottetown,NL,48.4332,-54.01481,227,PPL,America/St_Johns
13589048,Hodge's Cove,NL,48.00872,-53.74361,225,PPL,America/St_Johns
5907368,Branch,NL,46.8832,-53.94814,223,PPL,America/St_Johns
5934957,Daniel's Harbour,NL,50.23333,-57.58156,220,PPL,America/St_Johns
6048894,Lamaline,NL,46.86665,-55.81505,218,PPL,America/St_Johns
6143025,Seal Cove,NL,47.48325,-56.06505,215,PPL,America/St_Johns
13580381,Aspen Cove,NL,49.45744,-54.10142,215,PPL,America/St_Johns
5919709,Chance Cove,NL,47.6832,-53.83142,213,PPL,America/St_Johns
13597295,Horwood,NL,49.45682,-54.5221,210,PPL,America/St_Johns
5926314,Come By Chance,NL,47.8499,-53.98143,208,PPL,America/St_Johns
5954684,Fleur de Lys,NL,50.11668,-56.13144,207,PPL,America/St_Johns
6160601,Swift Current,NL,47.88527,-54.20929,207,PPL,America/St_Johns
13580387,Forresters Point,NL,51.18443,-56.80542,207,PPL,America/St_Johns
6140504,Sandringham,NL,48.66661,-53.83139,205,PPL,America/St_Johns
6157805,St. Pauls,NL,49.86673,-57.815,202,PPL,America/St_Johns
6087720,New Perlican,NL,47.89989,-53.34808,200,PPL,America/St_Johns
6184361,Woodstock,NL,49.96666,-55.88146,195,PPL,America/St_Johns
13580396,South Dildo,NL,47.51515,-53.55734,195,PPL,America/St_Johns
5899430,Bide Arm,NL,50.81679,-56.09809,192,PPL,America/St_Johns
6106225,Plate Cove West,NL,48.4999,-53.49808,191,PPL,America/St_Johns
5959866,Gaskiers-Point La Haye,NL,46.874,-53.605,189,PPL,America/St_Johns
6110847,Pool's Cove,NL,47.68323,-55.4316,188,PPL,America/St_Johns
6943728,Postville,NL,54.90795,-59.77258,188,PPL,America/Goose_Bay
13580383,Boyd's Cove,NL,49.44193,-54.65928,187,PPL,America/St_Johns
6058982,Long Harbour-Mount Arlington Heights,NL,47.4332,-53.84812,185,PPL,America/St_Johns
6179361,Westport,NL,49.7833,-56.63151,185,PPL,America/St_Johns
13580391,Green Island Cove,NL,51.38151,-56.5818,185,PPL,America/St_Johns
13592026,St. Judes,NL,49.14746,-57.46351,185,PPL,America/St_Johns
5973178,Heart's Desire,NL,47.81659,-53.44809,184,PPL,America/St_Johns
5970430,Happy Adventure,NL,48.6332,-53.76479,183,PPL,America/St_Johns
13592025,Little Rapids,NL,48.99949,-57.70083,183,PPL,America/St_Johns
6168945,Trinity,NL,48.36891,-53.36046,182,PPL,America/St_Johns
6156995,St. Lewis,NL,52.36894,-55.68463,181,PPL,America/St_Johns
5965417,Grates Cove,NL,48.16288,-52.93787,180,PPL,America/St_Johns
13580382,Noggin Cove,NL,49.41437,-54.31795,180,PPL,America/St_Johns
5977966,Howley,NL,49.16669,-57.11497,179,PPL,America/St_Johns
6151681,South Branch,NL,47.91671,-59.03186,178,PPL,America/St_Johns
6118272,Red Harbour,NL,47.29993,-54.98157,177,PPL,America/St_Johns
5964599,Grand Le Pierre,NL,47.68321,-54.78152,176,PPL,America/St_Johns
5901740,Bird Cove,NL,51.05008,-56.93141,175,PPL,America/St_Johns
6122690,River of Ponds,NL,50.535,-57.378,173,PPL,America/St_Johns
6172268,Upper Ferry,NL,47.85001,-59.24858,173,PPL,America/St_Johns
13580367,Fox Island River-Point au Mal,NL,48.66942,-58.67695,173,PPL,America/St_Johns
5982688,Indian Bay,NL,49.03319,-53.84809,172,PPL,America/St_Johns
13580369,Black Duck Brook and Winterhouse,NL,48.69562,-58.91351,172,PPL,America/St_Johns
6122640,Riverhead,NL,46.9666,-53.51481,165,PPL,America/St_Johns
5908831,Brighton,NL,49.54994,-55.63148,163,PPL,America/St_Johns
5954220,Flat Bay,NL,48.40002,-58.58182,162,PPL,America/St_Johns
13580366,Frenchman's Cove,NL,49.05509,-58.17944,159,PPL,America/St_Johns
5933343,Crow Head,NL,49.68322,-54.79816,156,PPL,America/St_Johns
6060286,Lord's Cove,NL,46.88325,-55.66503,155,PPL,America/St_Johns
13580388,Black Duck Cove,NL,51.19417,-56.79686,155,PPL,America/St_Johns
5898612,Benton,NL,48.89991,-54.41483,154,PPL,America/St_Johns
6116154,Raleigh,NL,51.56679,-55.73128,150,PPL,America/St_Johns
5926519,Conche,NL,50.88338,-55.89808,149,PPL,America/St_Johns
5958172,Freshwater,NL,47.75867,-53.20306,145,PPL,America/St_Johns
6095978,Pacquet,NL,49.98326,-55.88146,145,PPL,America/St_Johns
13589503,Fairbanks-Hillgrade,NL,49.56707,-54.70449,143,PPL,America/St_Johns
6118013,Red Bay,NL,51.73341,-56.41474,142,PPL,America/St_Johns
6108776,Point of Bay,NL,49.24993,-55.24817,137,PPL,America/St_Johns
13580392,Green Island Brook,NL,51.39767,-56.52804,135,PPL,America/St_Johns
13580438,Goobies,NL,47.94226,-53.96379,132,PPL,America/St_Johns
13580442,Smith's Harbour,NL,49.74086,-55.97061,131,PPL,America/St_Johns
6060011,Loon Bay,NL,49.26663,-54.83144,130,PPL,America/St_Johns
13607769,Deadman's Bay,NL,49.3497,-53.69214,130,PPL,America/St_Johns
13589502,Cobb's Arm,NL,49.61836,-54.57217,129,PPL,America/St_Johns
6143308,Searston,NL,47.82629,-59.31519,128,PPLL,America/St_Johns
5891721,Baine Harbour,NL,47.36663,-54.89826,126,PPL,America/St_Johns
5957771,Frederickton,NL,49.43322,-54.36481,126,PPL,America/St_Johns
13580370,Burgoyne's Cove,NL,48.17119,-53.71571,126,PPL,America/St_Johns
13580440,Jackson's Cove-Langdon's Cove-Silverdale,NL,49.68543,-55.98508,123,PPL,America/St_Johns
13580389,Pidgeon Cove-St. Barbe,NL,51.19799,-56.77089,121,PPL,America/St_Johns
6140651,Sandy Cove,NL,48.6332,-53.73139,120,PPL,America/St_Johns
5908468,Brent's Cove,NL,49.93325,-55.71482,119,PPL,America/St_Johns
5927229,Cook's Harbour,NL,51.60009,-55.86469,118,PPL,America/St_Johns
5948888,English Harbour East,NL,47.63322,-54.89824,117,PPL,America/St_Johns
6057508,Little St. Lawrence,NL,46.92972,-55.36109,117,PPL,America/St_Johns
6119394,Rencontre East,NL,47.63323,-55.21498,115,PPL,America/St_Johns
6167523,Tompkins,NL,47.80001,-59.21528,114,PPL,America/St_Johns
6114539,Pynns Brook,NL,49.0984,-57.5325,113,PPL,America/St_Johns
13580384,Phillips Head,NL,49.22617,-55.30688,112,PPL,America/St_Johns
5924364,Coachman's Cove,NL,50.06667,-56.11484,111,PPL,America/St_Johns
6087691,Newman's Cove,NL,48.58319,-53.19805,111,PPL,America/St_Johns
13589498,Moreton's Harbour,NL,49.56913,-54.86423,111,PPL,America/St_Johns
6054826,Little Bay,NL,49.59996,-55.94818,110,PPL,America/St_Johns
6111650,Port Anson,NL,49.53325,-55.83148,110,PPL,America/St_Johns
6139884,Salvage,NL,48.6832,-53.63139,108,PPL,America/St_Johns
13607950,O'Donnells,NL,47.06922,-53.5661,108,PPL,America/St_Johns
5965790,Great Codroy,NL,47.83943,-59.26643,107,PPL,America/St_Johns
5925267,Colinet,NL,47.2166,-53.5481,103,PPL,America/St_Johns
6179503,West St. Modeste,NL,51.6001,-56.69808,102,PPL,America/St_Johns
5908780,Brig Bay,NL,51.06679,-56.9148,101,PPL,America/St_Johns
5960017,Gaultois,NL,47.60901,-55.90442,100,PPL,America/St_Johns
6162976,Terra Nova,NL,48.49991,-54.21482,99,PPL,America/St_Johns
13589497,Bridgeport,NL,49.55152,-54.87256,99,PPL,America/St_Johns
5882388,Admirals Beach,NL,47.00884,-53.63621,97,PPL,America/St_Johns
6073625,Miles Cove,NL,49.53325,-55.78148,97,PPL,America/St_Johns
6078922,Morrisville,NL,47.86665,-55.76502,93,PPL,America/St_Johns
13580398,Little Harbour East,NL,47.64506,-53.93544,91,PPL,America/St_Johns
13580385,Plum Point,NL,51.07583,-56.88164,90,PPL,America/St_Johns
5985656,Jamestown,NL,48.4332,-53.7981,89,PPL,America/St_Johns
13580371,Petley,NL,48.15341,-53.74651,88,PPL,America/St_Johns
6049826,La Poile,NL,47.68488,-58.39546,87,PPL,America/St_Johns
6074096,Millertown,NL,48.81673,-56.54817,87,PPL,America/St_Johns
6108745,Point Lance,NL,46.8166,-54.08146,87,PPL,America/St_Johns
13591685,Bellevue Beach,NL,47.61572,-53.77511,87,PPL,America/St_Johns
6111913,Portland Creek,NL,50.15848,-57.61745,86,PPL,America/St_Johns
6112039,Portugal Cove South,NL,46.69989,-53.26481,86,PPL,America/St_Johns
6156936,St. Joseph's,NL,47.1166,-53.5148,86,PPL,America/St_Johns
13580372,Lower Lance Cove,NL,48.14533,-53.70555,85,PPL,America/St_Johns
13589047,St. Joseph's Cove-St. Veronica's,NL,47.93251,-55.79075,85,PPL,America/St_Johns
6054836,Little Bay East,NL,47.54992,-54.84825,84,PPL,America/St_Johns
13589044,Sheppardville,NL,49.45007,-56.43704,80,PPL,America/St_Johns
5911714,Burnside,NL,48.7166,-53.79809,79,PPL,America/St_Johns
5965769,Great Brehat,NL,51.43338,-55.49796,78,PPL,America/St_Johns
6106222,Plate Cove East,NL,48.5166,-53.48137,78,PPL,America/St_Johns
13580441,Harry's Harbour,NL,49.70062,-55.92658,77,PPL,America/St_Johns
5992405,King's Cove,NL,48.56659,-53.33136,75,PPL,America/St_Johns
5886511,Aquaforte,NL,47.008,-52.955,74,PPL,America/St_Johns
5895562,Beachside,NL,49.63326,-55.89818,73,PPL,America/St_Johns
13589050,Boat Harbour,NL,47.43102,-54.84528,73,PPL,America/St_Johns
5964244,Grand Beach,NL,47.13324,-55.51501,71,PPL,America/St_Johns
6106635,Point au Gaul,NL,46.86665,-55.74834,67,PPL,America/St_Johns
6105449,Pinware,NL,51.6168,-56.69808,64,PPL,America/St_Johns
11838450,Francois,NL,47.56833,-56.74167,64,PPLL,America/St_Johns
13607917,North Harbour,NL,47.15067,-53.66455,62,PPL,America/St_Johns
5910509,Buchans Junction,NL,48.85,-56.4649,61,PPL,America/St_Johns
13591684,Thornlea,NL,47.60871,-53.72003,61,PPL,America/St_Johns
13580379,Upper Amherst Cove,NL,48.55828,-53.23226,58,PPL,America/St_Johns
13589504,Tizzard's Harbour,NL,49.59511,-54.80299,58,PPL,America/St_Johns
6099585,Patrick's Cove-Angels Cove,NL,47.03672,-54.11469,56,PPLL,America/St_Johns
13589501,Herring Neck,NL,49.64144,-54.61618,56,PPL,America/St_Johns
6113461,Princeton,NL,48.4166,-53.59809,55,PPL,America/St_Johns
6158344,St. Shott's,NL,46.63319,-53.58145,55,PPL,America/St_Johns
13591686,Fairhaven,NL,47.53491,-53.89809,55,PPL,America/St_Johns
6126310,Rock Harbour,NL,47.17493,-55.04499,54,PPL,America/St_Johns
13598166,Open Hall-Red Cliffe,NL,48.55716,-53.48311,54,PPL,America/St_Johns
5897766,Bellburns,NL,50.33333,-57.53155,52,PPL,America/St_Johns
5959121,Gallants,NL,48.7056,-58.23597,50,PPL,America/St_Johns
5990144,Keels,NL,48.5999,-53.39806,46,PPL,America/St_Johns
13580394,Croque,NL,51.05861,-55.82897,45,PPL,America/St_Johns
13589496,McCallum,NL,47.63108,-56.22884,45,PPL,America/St_Johns
13589499,Valley Pond,NL,49.57144,-54.89858,42,PPL,America/St_Johns
13591811,Pleasantview,NL,49.36068,-55.32375,42,PPL,America/St_Johns
6163362,The Beaches,NL,49.5833,-56.83156,38,PPL,America/St_Johns
5944280,Duntara,NL,48.5999,-53.36476,36,PPL,America/St_Johns
5959468,Garden Cove,NL,47.85233,-54.15728,32,PPL,America/St_Johns
5946542,Eddies Cove West,NL,50.75006,-57.16489,30,PPL,America/St_Johns
13589500,Merritt's Harbour,NL,49.63134,-54.64843,29,PPL,America/St_Johns
13592027,Journois,NL,48.35659,-58.68117,14,PPLL,America/St_Johns
7302252,Crooks Lake Lodge,NL,52.65577,-59.43775,8,PPL,America/Goose_Bay
13580571,Paradise River,NL,53.41738,-57.23928,5,PPL,America/St_Johns
6166602,Tilt Cove,NL,49.88325,-55.63142,4,PPL,America/St_Johns
6324729,Halifax,NS,44.64269,-63.57688,471559,PPLA,America/Halifax
6354908,Sydney,NS,46.1351,-60.1831,105968,PPL,America/Glace_Bay
5935277,Dartmouth,NS,44.67134,-63.57719,101343,PPL,America/Halifax
10287505,Lower Sackville,NS,44.77599,-63.67865,51749,PPL,America/Halifax
5897321,Bedford,NS,44.72552,-63.66732,21474,PPL,America/Halifax
6087579,New Glasgow,NS,45.58344,-62.64863,18665,PPL,America/Halifax
5961564,Glace Bay,NS,46.19695,-59.95698,16915,PPL,America/Glace_Bay
6169587,Truro,NS,45.36685,-63.26538,12954,PPL,America/Halifax
5991148,Kentville,NS,45.0771,-64.49605,12636,PPL,America/Halifax
7303783,Sydney Mines,NS,46.23669,-60.21767,12353,PPL,America/Glace_Bay
5945566,Eastern Passage,NS,44.61685,-63.48199,11738,PPL,America/Halifax
5951289,Fall River,NS,44.81685,-63.6154,11526,PPL,America/Halifax
6154544,Spryfield,NS,44.61163,-63.61771,10118,PPL,America/Halifax
5884467,Amherst,NS,45.83345,-64.19874,9404,PPL,America/Halifax
5908723,Bridgewater,NS,44.37856,-64.51882,8790,PPL,America/Halifax
5883214,Albro Lake,NS,44.68414,-63.58129,8503,PPL,America/Halifax
5911715,Burnside,NS,44.70175,-63.60051,7506,PPL,America/Halifax
6112050,Port Wallace,NS,44.69882,-63.54767,6963,PPL,America/Halifax
6185217,Yarmouth,NS,43.83345,-66.11557,6829,PPL,America/Halifax
6087843,New Waterford,NS,46.25014,-60.08175,6723,PPL,America/Glace_Bay
5948805,Enfield,NS,44.9434,-63.53613,6583,PPL,America/Halifax
5969976,Hammonds Plains,NS,44.73386,-63.77551,6242,PPL,America/Halifax
5896590,Beaver Bank,NS,44.82484,-63.68079,6000,PPL,America/Halifax
6090698,North Sydney,NS,46.20777,-60.25489,5699,PPL,America/Glace_Bay
6166694,Timberlea,NS,44.66239,-63.74625,5627,PPL,America/Halifax
5927043,Convoy Place,NS,44.66785,-63.61431,5581,PPL,America/Halifax
6113466,Princeville,NS,45.76684,-61.29853,5571,PPL,America/Halifax
5966689,Greenwood,NS,44.97413,-64.93169,5369,PPL,America/Halifax
5899368,Bible Hill,NS,45.375,-63.238,5076,PPL,America/Halifax
5886182,Antigonish,NS,45.61685,-61.99858,5003,PPL,America/Halifax
6087708,New Minas,NS,45.0691,-64.46958,4662,PPL,America/Halifax
6181303,Whitney Pier,NS,46.15931,-60.18662,4612,PPL,America/Glace_Bay
6073248,Middle Sackville,NS,44.817,-63.715,4329,PPL,America/Halifax
6183858,Wolfville,NS,45.08345,-64.36546,4195,PPL,America/Halifax
6156141,Stellarton,NS,45.55854,-62.66069,4007,PPL,America/Halifax
6182958,Windsor,NS,44.98345,-64.13204,3864,PPL,America/Halifax
5894228,Barrington,NS,43.56285,-65.56173,3856,PPL,America/Halifax
6111831,Porters Lake,NS,44.73768,-63.31307,3716,PPL,America/Halifax
6179560,Westville,NS,45.56685,-62.71534,3628,PPL,America/Halifax
12070762,Eskasoni 3,NS,45.94522,-60.61617,3521,PPL,America/Glace_Bay
6083052,Mount Uniacke,NS,44.90015,-63.83202,3501,PPL,America/Halifax
5992495,Kingston,NS,44.99185,-64.94092,3466,PPL,America/Halifax
6050874,Lawrencetown,NS,44.6596,-63.36732,3402,PPL,America/Halifax
6156750,Stillwater Lake,NS,44.69895,-63.83524,3379,PPL,America/Halifax
6113141,Preston,NS,44.71569,-63.43423,3223,PPL,America/Halifax
5989973,Kearney Lake,NS,44.68695,-63.68498,3220,PPL,America/Halifax
6111867,Port Hawkesbury,NS,45.61652,-61.35636,3210,PPL,America/Halifax
6104221,Pictou,NS,45.67875,-62.70936,3107,PPL,America/Halifax
6179225,Westmount,NS,46.13548,-60.21924,3000,PPL,America/Glace_Bay
5974316,Herring Cove,NS,44.5703,-63.56822,2790,PPL,America/Halifax
6154202,Springhill,NS,45.65015,-64.04873,2743,PPL,America/Halifax
5983225,Ingonish,NS,46.70014,-60.36516,2673,PPL,America/Halifax
6157828,St. Peter's,NS,45.65659,-60.87421,2634,PPL,America/Halifax
6057856,Liverpool,NS,44.03639,-64.72044,2546,PPL,America/Halifax
6177154,Waverley,NS,44.78345,-63.5987,2541,PPL,America/Halifax
6161445,Tam O'Shanter Ridge,NS,44.68904,-63.52681,2519,PPL,America/Halifax
5899061,Berwick,NS,45.05015,-64.73208,2455,PPL,America/Halifax
6168767,Trenton,NS,45.61548,-62.63743,2407,PPL,America/Halifax
6121429,Reserve Mines,NS,46.18033,-60.01962,2402,PPL,America/Glace_Bay
6122675,River John,NS,45.75015,-63.04866,2399,PPL,America/Halifax
6062069,Lunenburg,NS,44.37847,-64.31658,2396,PPL,America/Halifax
6048347,Lake Echo,NS,44.73345,-63.38198,2365,PPL,America/Halifax
5921028,Chester,NS,44.54225,-64.23891,2348,PPL,America/Halifax
5931287,Coxheath,NS,46.11684,-60.23175,2333,PPL,America/Glace_Bay
6049634,Lantz,NS,44.98345,-63.48199,2229,PPL,America/Halifax
5908717,Bridgeview,NS,44.67125,-63.65586,2206,PPL,America/Halifax
6165682,Thornhill,NS,44.60347,-63.61147,2188,PPL,America/Halifax
5897460,Beechville,NS,44.63619,-63.68205,2100,PPL,America/Halifax
6144711,Shad Bay,NS,44.52293,-63.78745,2053,PPL,America/Halifax
5939236,Digby,NS,44.62188,-65.7586,2001,PPL,America/Halifax
5941414,Dominion,NS,46.21684,-60.01515,1953,PPL,America/Glace_Bay
6073289,Middleton,NS,44.94284,-65.07022,1873,PPL,America/Halifax
6172326,Upper Hammonds Plains,NS,44.75448,-63.84165,1840,PPL,America/Halifax
6060800,Louisdale,NS,45.60686,-61.06636,1770,PPL,America/Halifax
6085154,Musquodoboit Harbour,NS,44.78345,-63.14867,1714,PPL,America/Halifax
6066419,Marion Bridge,NS,45.98088,-60.21232,1711,PPL,America/Glace_Bay
5954848,Florence,NS,46.25985,-60.26586,1684,PPL,America/Glace_Bay
5931082,Cow Bay,NS,44.63141,-63.43218,1619,PPL,America/Halifax
6156586,Stewiacke,NS,45.13345,-63.34868,1557,PPL,America/Halifax
6154187,Springfield Lake,NS,44.81349,-63.74456,1500,PPL,America/Halifax
6098717,Parrsboro,NS,45.40567,-64.32585,1472,PPL,America/Halifax
11126345,Brookside,NS,44.554,-63.72388,1439,PPL,America/Halifax
5936339,Debert,NS,45.43345,-63.46539,1422,PPL,America/Halifax
6073290,Middleton,NS,45.71659,-63.17932,1391,PPL,America/Halifax
6145887,Shelburne,NS,43.76325,-65.32355,1330,PPL,America/Halifax
6166386,Tidnish,NS,45.99367,-64.00949,1327,PPL,America/Halifax
6111874,Port Hood,NS,46.01684,-61.53185,1300,PPL,America/Halifax
5883116,Albert Bridge,NS,46.01654,-60.05951,1285,PPL,America/Glace_Bay
6060789,Louisbourg,NS,45.92046,-59.97099,1265,PPL,America/Glace_Bay
5970414,Hantsport,NS,45.06657,-64.17968,1253,PPL,America/Halifax
5983628,Inverness,NS,46.23344,-61.29852,1228,PPL,America/Halifax
6062534,Mabou,NS,46.06684,-61.38183,1207,PPL,America/Halifax
5924989,Coldbrook,NS,45.06685,-64.58207,1206,PPLL,America/Halifax
6182976,Windsor Junction,NS,44.78938,-63.64228,1199,PPL,America/Halifax
6095779,Oxford,NS,45.73345,-63.86542,1170,PPL,America/Halifax
5919257,Centreville,NS,45.13345,-64.53207,1159,PPL,America/Halifax
5965938,Green Acres,NS,44.59496,-63.59942,1140,PPL,America/Halifax
12070761,Hayes Subdivision,NS,45.05519,-64.58795,1121,PPL,America/Halifax
6061187,Lower Economy,NS,45.40129,-63.98589,1111,PPL,America/Halifax
6112057,Port Williams,NS,45.10015,-64.41546,1110,PPL,America/Halifax
5977942,Howie Centre,NS,46.07518,-60.26849,1106,PPL,America/Glace_Bay
6073666,Milford Station,NS,45.0408,-63.43636,1100,PPL,America/Halifax
6087839,New Victoria,NS,46.25367,-60.12781,1093,PPL,America/Glace_Bay
6142460,Scotchtown,NS,46.23888,-60.09968,1082,PPL,America/Glace_Bay
6160759,Sydney Forks,NS,46.0604,-60.30385,1081,PPL,America/Glace_Bay
6074631,Mineville,NS,44.69163,-63.37466,1073,PPL,America/Halifax
6064280,Mahone Bay,NS,44.44882,-64.38158,1064,PPL,America/Halifax
5948870,English Corner,NS,44.73345,-63.78201,1058,PPL,America/Halifax
6172595,Upper Sackville,NS,44.819,-63.76,1035,PPL,America/Halifax
5978071,Hubley,NS,44.67343,-63.82215,1029,PPL,America/Halifax
5908715,Bridgetown,NS,44.843,-65.289,970,PPL,America/Halifax
6090474,North Preston,NS,44.74618,-63.46453,903,PPL,America/Halifax
5946011,East Preston,NS,44.72238,-63.41816,869,PPL,America/Halifax
6181367,Whycocomagh,NS,45.98344,-61.11521,854,PPL,America/Halifax
5909489,Brooklyn,NS,45.00604,-64.01009,849,PPL,America/Halifax
5971236,Harrietsfield,NS,44.56967,-63.63455,849,PPL,America/Halifax
5888703,Aylesford,NS,45.03345,-64.83209,834,PPL,America/Halifax
5882443,Advocate Harbour,NS,45.33337,-64.77752,826,PPL,America/Halifax
6062430,Lyons Brook,NS,45.66846,-62.78739,824,PPL,America/Halifax
6048305,Lake Charlotte,NS,44.76776,-62.95011,821,PPL,America/Halifax
5889156,Baddeck,NS,46.10014,-60.74849,818,PPL,America/Halifax
6145815,Sheet Harbour,NS,44.91685,-62.53192,800,PPL,America/Halifax
5973278,Hebbville,NS,44.35015,-64.53207,796,PPL,America/Halifax
5906634,Boutiliers Point,NS,44.66569,-63.95055,781,PPL,America/Halifax
5892314,Balls Creek,NS,46.15,-60.31118,757,PPL,America/Glace_Bay
6114041,Pugwash,NS,45.85015,-63.66541,746,PPL,America/Halifax
5914921,Canning,NS,45.15792,-64.4252,716,PPL,America/Halifax
5960518,Georges River,NS,46.21309,-60.3152,711,PPL,America/Glace_Bay
5913693,Cambridge,NS,45.05725,-64.63478,703,PPL,America/Halifax
5988173,Judique,NS,45.87627,-61.49117,700,PPL,America/Halifax
6111963,Port Morien,NS,46.13421,-59.87403,700,PPL,America/Glace_Bay
6161860,Tatamagouche,NS,45.71685,-63.29868,691,PPL,America/Halifax
6162907,Terence Bay,NS,44.47011,-63.72159,678,PPL,America/Halifax
6104229,Pictou Landing,NS,45.67206,-62.67796,673,PPL,America/Halifax
6151555,South Bar,NS,46.20165,-60.20099,673,PPL,America/Glace_Bay
5978036,Hubbards,NS,44.64228,-64.05387,654,PPL,America/Halifax
6146266,Sherwood Heights,NS,44.67518,-63.66784,651,PPL,America/Halifax
6050875,Lawrencetown,NS,44.8837,-65.16734,636,PPL,America/Halifax
6084035,Mulgrave,NS,45.61246,-61.39119,627,PPL,America/Halifax
5924347,Clyde River,NS,43.63346,-65.48213,614,PPL,America/Halifax
5959556,Gardiner Mines,NS,46.20849,-60.0475,613,PPL,America/Glace_Bay
5939449,Dingwall,NS,46.90014,-60.46516,600,PPL,America/Halifax
5910229,Brule Shore,NS,45.74074,-63.23788,592,PPL,America/Halifax
5888560,Avondale,NS,45.02296,-64.12366,584,PPL,America/Halifax
5941588,Donkin,NS,46.18344,-59.86514,532,PPL,America/Glace_Bay
5885421,Annapolis Royal,NS,44.74268,-65.51761,530,PPL,America/Halifax
5965889,Great Village,NS,45.41685,-63.5987,500,PPL,America/Halifax
5970643,Harbourville,NS,45.15143,-64.81213,495,PPL,America/Halifax
6052020,Leiblin Park,NS,44.60112,-63.62984,495,PPL,America/Halifax
6111888,Port Howe,NS,45.85345,-63.75299,492,PPL,America/Halifax
7302870,Cornwallis,NS,44.65229,-65.62992,488,PPL,America/Halifax
5903002,Black Point,NS,44.65154,-63.98141,486,PPL,America/Halifax
6172165,Upper Burlington,NS,45.0453,-64.03967,483,PPL,America/Halifax
6058237,Lockeport,NS,43.6999,-65.11236,476,PPL,America/Halifax
6160771,Sydney River,NS,46.11684,-60.21515,455,PPL,America/Glace_Bay
6087575,New Germany,NS,44.55015,-64.71547,447,PPL,America/Halifax
6054449,Lingan Road,NS,46.18255,-60.13323,440,PPL,America/Glace_Bay
5909464,Brookfield,NS,45.25015,-63.28198,439,PPL,America/Halifax
5948075,Elmsdale,NS,44.96685,-63.49869,413,PPL,America/Halifax
6147186,Shubenacadie,NS,45.08345,-63.39869,411,PPL,America/Halifax
6144805,Shag Harbour,NS,43.49405,-65.71802,400,PPL,America/Halifax
6139922,Sambro,NS,44.48017,-63.60733,399,PPL,America/Halifax
5968619,Guysborough,NS,45.38345,-61.49854,397,PPL,America/Halifax
6107758,Point Edward,NS,46.16271,-60.27664,396,PPL,America/Glace_Bay
5963660,Goshen,NS,45.38345,-61.98188,395,PPL,America/Halifax
6170684,Tusket,NS,43.86685,-65.96556,395,PPL,America/Halifax
6172503,Upper North Sydney,NS,46.18057,-60.28648,387,PPL,America/Glace_Bay
6073131,Middle Musquodoboit,NS,45.05015,-63.14867,371,PPL,America/Halifax
5933199,Cross Roads Country Harbour,NS,45.27789,-61.88469,301,PPL,America/Halifax
5966678,Greenwich,NS,45.08432,-64.39832,300,PPL,America/Halifax
6086775,Neils Harbour,NS,46.80859,-60.3228,300,PPL,America/Halifax
6167033,Tiverton,NS,44.38918,-66.21366,300,PPL,America/Halifax
5946917,Edwardsville,NS,46.16684,-60.23175,287,PPL,America/Glace_Bay
5972227,Havre Boucher,NS,45.68344,-61.53185,281,PPL,America/Halifax
11184642,East Lawrencetown,NS,44.6584,-63.33249,251,PPL,America/Halifax
5972994,Head of Chezzetcook,NS,44.74239,-63.24848,245,PPL,America/Halifax
6163976,The Hawk,NS,43.41777,-65.62102,243,PPL,America/Halifax
6122706,River Ryan,NS,46.22331,-60.08637,239,PPL,America/Glace_Bay
6054446,Lingan,NS,46.23041,-60.06137,229,PPL,America/Glace_Bay
6066200,Margaretsville,NS,45.04763,-65.06494,212,PPL,America/Halifax
6111691,Port Caledonia,NS,46.18219,-59.90204,212,PPL,America/Glace_Bay
5901671,Birchtown,NS,43.74769,-65.37882,200,PPL,America/Halifax
6142484,Scot's Bay,NS,45.30867,-64.39984,200,PPL,America/Halifax
6184373,Woodville,NS,45.09948,-64.65702,200,PPL,America/Halifax
7280471,ColeRidge Estates,NS,44.6796,-63.46509,200,PPL,America/Halifax
6178564,West Dover,NS,44.49541,-63.87658,180,PPL,America/Halifax
5965027,Granville Ferry,NS,44.75786,-65.51388,152,PPL,America/Halifax
5990957,Kennetcook,NS,45.18345,-63.73201,150,PPL,America/Halifax
6055032,Little Bras d'Or,NS,46.23987,-60.29683,148,PPL,America/Glace_Bay
6106621,Point Aconi,NS,46.33344,-60.29846,134,PPLL,America/Glace_Bay
5908722,Bridgeville,NS,45.43408,-62.60825,125,PPL,America/Halifax
5975322,Hillside,NS,45.629,-62.64,122,PPL,America/Halifax
5916921,Caribou,NS,45.73275,-62.6964,103,PPL,America/Halifax
6111652,Portapique,NS,45.40508,-63.70369,100,PPL,America/Halifax
5908032,Bras d'Or,NS,46.25328,-60.28947,91,PPL,America/Glace_Bay
6111866,Port Hastings,NS,45.65014,-61.39854,90,PPL,America/Halifax
6066147,Margaree Harbour,NS,46.43344,-61.11521,78,PPL,America/Halifax
6100559,Peggys Cove,NS,44.4929,-63.91611,30,PPL,America/Halifax
6104226,Pictou Island,NS,45.80935,-62.55388,28,PPL,America/Halifax
5897428,Beech Hill,NS,44.76685,-62.91535,23,PPLL,America/Halifax
6185377,Yellowknife,NT,62.45411,-114.37248,20340,PPLA,America/Edmonton
5972762,Hay River,NT,60.81555,-115.79993,3528,PPL,America/Edmonton
5983607,Inuvik,NT,68.36166,-133.72817,3243,PPL,America/Inuvik
5955954,Fort Smith,NT,60.00439,-111.88871,2542,PPL,America/Edmonton
11837933,Behchokǫ̀,NT,62.8025,-116.04639,1746,PPL,America/Edmonton
5955953,Fort Simpson,NT,61.86269,-121.35159,1100,PPL,America/Edmonton
6089245,Norman Wells,NT,65.28201,-126.8329,1027,PPL,America/Edmonton
6170031,Tuktoyaktuk,NT,69.44472,-133.03422,978,PPL,America/Edmonton
5955898,Fort McPherson,NT,67.43863,-134.88543,700,PPL,America/Edmonton
5955921,Fort Providence,NT,61.35026,-117.65276,618,PPL,America/Edmonton
5882953,Aklavik,NT,68.21913,-135.01071,590,PPL,America/Edmonton
6943714,Deline,NT,65.19844,-123.40565,533,PPL,America/Edmonton
5955887,Fort Liard,NT,60.23947,-123.47371,530,PPL,America/Edmonton
5955840,Fort Good Hope,NT,66.25698,-128.6374,516,PPL,America/Edmonton
5955925,Fort Resolution,NT,61.17073,-113.6727,412,PPL,America/Edmonton
5976257,Ulukhaktok,NT,70.7364,-117.77155,396,PPL,America/Edmonton
6170056,Tulita,NT,64.90171,-125.57407,396,PPL,America/Edmonton
6943716,Łutselk'e,NT,62.4056,-110.736,303,PPL,America/Edmonton
6099793,Paulatuk,NT,69.35097,-124.06886,298,PPL,America/Edmonton
6184824,Wrigley,NT,63.22373,-123.45715,117,PPL,America/Edmonton
6137052,Sachs Harbour,NT,71.98495,-125.24665,90,PPLL,America/Edmonton
5988814,Kakisa,NT,60.93927,-117.40883,36,PPL,America/Edmonton
5884975,Anderson River,NT,69.70641,-128.98121,0,PPLL,America/Edmonton
5884993,Andersons Landing,NT,66.71674,-129.82098,0,PPLL,America/Edmonton
5888658,Axe Point,NT,61.30023,-118.68615,0,PPLL,America/Edmonton
5898059,Bell Rock,NT,60.02389,-112.09385,0,PPLL,America/Edmonton
5898662,Berens Landing,NT,61.828,-120.92936,0,PPLL,America/Edmonton
5898819,Bernard House,NT,66.4998,-133.07116,0,PPLL,America/Edmonton
5909847,Brownings Landing,NT,61.3002,-119.8029,0,PPLL,America/Edmonton
5910866,Buffalo River,NT,60.88087,-115.04012,0,PPLL,America/Edmonton
5913939,Camlaren,NT,62.98374,-113.20243,0,PPLL,America/Edmonton
5914276,Camp Farewell,NT,69.28315,-134.91942,0,PPLL,America/Edmonton
5915075,Canol,NT,65.23341,-127.10371,0,PPLL,America/Edmonton
5916134,Cape Parry,NT,70.15052,-124.67183,0,PPLL,America/Edmonton
5926246,Colville Lake,NT,67.04331,-126.08751,0,PPL,America/Edmonton
5934008,Cunningham Landing,NT,60.02809,-112.12715,0,PPLL,America/Edmonton
5935833,Dawson Landing,NT,60.98359,-114.16921,0,PPLL,America/Edmonton
5938311,Dettah,NT,62.41162,-114.30741,0,PPL,America/Edmonton
5939598,Discovery,NT,63.18375,-113.90253,0,PPLL,America/Edmonton
5946393,Echo Bay,NT,66.08664,-118.04077,0,PPLL,America/Edmonton
5946942,Edzo,NT,62.77878,-116.03301,0,PPL,America/Edmonton
5949030,Enterprise,NT,60.55023,-116.13604,0,PPL,America/Edmonton
5955795,Fort Collinson,NT,71.61762,-117.88854,0,PPLL,America/Edmonton
5955814,Fort Enterprise,NT,64.47274,-113.15255,0,PPLL,America/Edmonton
5986031,Jean Marie River,NT,61.5238,-120.62792,0,PPLL,America/Edmonton
5987815,Jones Landing,NT,62.83347,-123.21988,0,PPLL,America/Edmonton
5993156,Kittigazuit,NT,69.34028,-133.69999,0,PPLL,America/Edmonton
6053212,Letty Harbour,NT,69.85121,-124.42763,0,PPLL,America/Edmonton
6055237,Little Chicago,NT,67.20003,-130.25445,0,PPLL,America/Edmonton
6067112,Martin House,NT,66.7831,-133.1045,0,PPLL,America/Edmonton
6079446,Mould Bay,NT,76.2422,-119.33873,0,PPLL,America/Edmonton
6085532,Nahanni Butte,NT,61.03346,-123.38639,0,PPLA3,America/Edmonton
6086424,Naylors Landing,NT,61.8335,-121.10297,0,PPLL,America/Edmonton
6087210,Netla,NT,60.95016,-123.2698,0,PPLL,America/Edmonton
6093171,Old Fort Providence,NT,62.26715,-114.16925,0,PPLL,America/Edmonton
6093172,Old Fort Rae,NT,62.6504,-115.83598,0,PPLL,America/Edmonton
6105173,Pine Point,NT,60.83425,-114.44887,0,PPLL,America/Edmonton
6115730,Rae,NT,62.82932,-116.05029,0,PPL,America/Edmonton
6115740,Rae-Edzo,NT,62.80041,-116.05271,0,PPLL,America/Edmonton
6115754,Gamèti,NT,64.11203,-117.35304,0,PPLA3,America/Edmonton
6117411,Rat River,NT,61.11557,-112.61884,0,PPLL,America/Edmonton
6119277,Reindeer Station,NT,68.69293,-134.13165,0,PPLL,America/Edmonton
6119310,Fort Reliance,NT,62.71297,-109.1658,0,PPL,America/Edmonton
6126113,Rocher River,NT,61.38213,-112.74234,0,PPLL,America/Edmonton
6139818,Salt River,NT,60.1086,-112.23686,0,PPLL,America/Edmonton
6141689,Sawmill Bay,NT,65.71719,-118.90327,0,PPLL,America/Edmonton
6144487,Seven Islands Crossing,NT,67.38324,-131.9379,0,PPLL,America/Edmonton
6155315,Stanton,NT,69.80018,-128.68865,0,PPLL,America/Edmonton
6165497,Thompson Landing,NT,62.91705,-110.6687,0,PPLL,America/Edmonton
6169397,Trout Lake,NT,60.43344,-121.25306,0,PPL,America/Edmonton
6169740,Tsiigehtchic,NT,67.4429,-133.74369,0,PPL,America/Edmonton
6170171,Tungsten,NT,61.95683,-128.20358,0,PPLL,America/Edmonton
6177776,Wekweètì,NT,64.1899,-114.18184,0,PPLL,America/Edmonton
6179858,Whatì,NT,63.14429,-117.27567,0,PPLL,America/Edmonton
6180424,Whitefish Station,NT,69.37918,-133.62229,0,PPLL,America/Edmonton
6943712,Inner Whaleback Rocks,NT,61.91944,-113.7625,0,PPLL,America/Edmonton
6943715,Fort Franklin,NT,65.20896,-123.36325,0,PPLL,America/Edmonton
5983720,Iqaluit,NU,63.74697,-68.51727,7429,PPLA,America/Iqaluit
6116548,Rankin Inlet,NU,62.80906,-92.08534,2975,PPLL,America/Rankin_Inlet
5887448,Arviat,NU,61.10883,-94.05848,2864,PPLL,America/Rankin_Inlet
5891871,Baker Lake,NU,64.32009,-96.02123,2061,PPLL,America/Rankin_Inlet
5979345,Igloolik,NU,69.37771,-81.79991,2049,PPLL,America/Iqaluit
5913698,Cambridge Bay,NU,69.11489,-105.05484,1760,PPLL,America/Cambridge_Bay
6109205,Pond Inlet,NU,72.6992,-77.9595,1555,PPLL,America/Iqaluit
6096551,Pangnirtung,NU,66.14642,-65.69996,1504,PPLL,America/Iqaluit
5915732,Kinngait,NU,64.23378,-76.54372,1396,PPLL,America/Iqaluit
5994339,Kugluktuk,NU,67.82743,-115.09649,1382,PPLL,America/Cambridge_Bay
5961560,Gjoa Haven,NU,68.62602,-95.87836,1349,PPLL,America/Cambridge_Bay
6119528,Naujaat,NU,66.52913,-86.24371,1225,PPLL,America/Rankin_Inlet
5924351,Clyde River,NU,70.47233,-68.58987,1181,PPLL,America/Iqaluit
5927708,Coral Harbour,NU,64.13829,-83.16539,1035,PPL,America/Atikokan
6140995,Sanikiluaq,NU,56.54106,-79.22576,1010,PPLL,America/Iqaluit
5969475,Sanirajak,NU,68.79134,-81.23598,891,PPLL,America/Iqaluit
5886735,Arctic Bay,NU,73.03752,-85.15057,841,PPLL,America/Rankin_Inlet
5992095,Kimmirut,NU,62.84726,-69.87009,426,PPLL,America/Iqaluit
5921048,Chesterfield Inlet,NU,63.34212,-90.70501,397,PPLL,America/Rankin_Inlet
6121522,Resolute,NU,74.69736,-94.83062,183,PPLL,America/Resolute
5967230,Grise Fiord,NU,76.4184,-82.89468,144,PPLL,America/Iqaluit
5883470,Alexandra Fiord,NU,78.88518,-75.7966,0,PPLL,America/Iqaluit
5884318,Amadjuak,NU,64.01733,-72.64827,0,PPLL,America/Iqaluit
5886353,Apex,NU,63.72279,-68.44669,0,PPL,America/Iqaluit
5886520,Aquiatulavik Point,NU,64.36736,-74.69843,0,PPLL,America/Iqaluit
5894954,Bathurst Inlet,NU,66.861,-108.102,0,PPLL,America/Cambridge_Bay
5915743,Cape Dyer,NU,66.66579,-61.35834,0,PPLL,America/Iqaluit
5916256,Cape Smith,NU,60.73386,-78.46607,0,PPLL,America/Iqaluit
5920299,Charlton Depot,NU,51.96689,-79.31615,0,PPLL,America/Iqaluit
5931511,Craig Harbour,NU,76.20862,-80.99835,0,PPLL,America/Iqaluit
5943981,Dundas Harbour,NU,74.53262,-82.36794,0,PPLL,America/Iqaluit
5948965,Ennadai,NU,61.13379,-100.88419,0,PPLL,America/Rankin_Inlet
5955851,Fort Hope,NU,66.53418,-86.69925,0,PPLL,America/Rankin_Inlet
5972916,Hazen Camp,NU,81.81882,-71.32792,0,PPLL,America/Iqaluit
5984185,Isachsen,NU,78.7853,-103.50476,0,PPLL,America/Cambridge_Bay
5990358,Kekerten,NU,65.71599,-65.82503,0,PPLL,America/Iqaluit
5992719,Kipisa,NU,65.20065,-66.94743,0,PPLL,America/Iqaluit
5993209,Kivitoo,NU,67.93488,-64.88465,0,PPLL,America/Iqaluit
5994330,Kugaaruk,NU,68.53406,-89.82503,0,PPLL,America/Cambridge_Bay
6064228,Maguse River,NU,61.28114,-94.06267,0,PPLL,America/Rankin_Inlet
6091510,Nottingham Island,NU,63.11733,-77.93272,0,PPLL,America/Iqaluit
6091876,Nuwata,NU,65.13404,-77.61505,0,PPLL,America/Iqaluit
6096090,Padlei,NU,61.91725,-96.66718,0,PPLL,America/Rankin_Inlet
6096095,Padloping Island,NU,67.03395,-62.73017,0,PPLL,America/Iqaluit
6101473,Perry Island,NU,67.80091,-102.55158,0,PPLL,America/Cambridge_Bay
6108916,Polaris,NU,75.39599,-96.88228,0,PPLL,America/Rankin_Inlet
6111689,Port Burwell,NU,60.42517,-64.83173,0,PPLL,America/Toronto
6114685,Qikiqtarjuaq,NU,67.55706,-64.02942,0,PPLL,America/Iqaluit
6117789,Read Island,NU,69.20684,-113.83359,0,PPLL,America/Cambridge_Bay
6161366,Taloyoak,NU,69.53722,-93.52112,0,PPLL,America/Cambridge_Bay
6161560,Tanquary Camp,NU,81.40211,-76.89626,0,PPLL,America/Iqaluit
6162002,Tavani,NU,62.06728,-93.10008,0,PPLL,America/Rankin_Inlet
6165393,Thom Bay,NU,70.15117,-92.40017,0,PPLL,America/Cambridge_Bay
6174961,Wager Bay,NU,65.9342,-90.81659,0,PPLL,America/Rankin_Inlet
6179724,Whale Cove,NU,62.17138,-92.57782,0,PPLL,America/Rankin_Inlet
13535721,Alert,NU,82.50169,-62.34735,0,PPL,America/Halifax
6167865,Toronto,ON,43.70643,-79.39864,2794356,PPLA,America/Toronto
6094817,Ottawa,ON,45.41117,-75.69812,1017449,PPLC,America/Toronto
6075357,Mississauga,ON,43.5789,-79.6583,717961,PPL,America/Toronto
5907364,Brampton,ON,43.68341,-79.76633,656480,PPL,America/Toronto
5969782,Hamilton,ON,43.25011,-79.84963,569353,PPL,America/Toronto
6058560,London,ON,42.98339,-81.23304,422324,PPL,America/Toronto
5950268,Etobicoke,ON,43.64415,-79.56985,365000,PPL,America/Toronto
6066513,Markham,ON,43.86682,-79.2663,338503,PPL,America/Toronto
6173577,Vaughan,ON,43.8361,-79.49827,323103,PPL,America/Toronto
5992996,Kitchener,ON,43.42537,-80.5112,256885,PPLA2,America/Toronto
6182962,Windsor,ON,42.30008,-83.01654,229660,PPL,America/Toronto
6092122,Oakville,ON,43.45011,-79.68292,213759,PPL,America/Toronto
6122091,Richmond Hill,ON,43.87111,-79.43725,202022,PPL,America/Toronto
5911592,Burlington,ON,43.38621,-79.83713,186948,PPL,America/Toronto
6087029,Nepean,ON,45.33619,-75.7225,180000,PPL,America/Toronto
6094578,Oshawa,ON,43.90012,-78.84957,175383,PPL,America/Toronto
5964700,Greater Sudbury,ON,46.49,-80.99001,166004,PPLA3,America/Toronto
5962204,Gloucester,ON,45.35,-75.63333,150012,PPL,America/Toronto
5894171,Barrie,ON,44.40011,-79.66634,147829,PPL,America/Toronto
5967629,Guelph,ON,43.54594,-80.25599,143740,PPL,America/Toronto
6180170,Whitby,ON,43.88342,-78.93287,138501,PPL,America/Toronto
6155721,St. Catharines,ON,43.17126,-79.24267,136803,PPL,America/Toronto
6074377,Milton,ON,43.51681,-79.88294,132979,PPLA2,America/Toronto
5992500,Kingston,ON,44.22976,-76.48098,132485,PPL,America/Toronto
5913695,Cambridge,ON,43.3601,-80.31269,129920,PPL,America/Toronto
8556295,Orléans,ON,45.45732,-75.50433,125937,PPL,America/Toronto
6094835,Ottawa South,ON,45.3921,-75.68725,125090,PPL,America/Toronto
5882873,Ajax,ON,43.85012,-79.03288,119677,PPL,America/Toronto
6165683,Thornhill,ON,43.815,-79.4242,115292,PPL,America/Toronto
6166142,Thunder Bay,ON,48.38202,-89.25018,108843,PPL,America/Toronto
6176823,Waterloo,ON,43.4668,-80.51639,104986,PPL,America/Toronto
5907990,Brantford,ON,43.1334,-80.26636,104688,PPL,America/Toronto
6087892,Niagara Falls,ON,43.10012,-79.06627,99818,PPL,America/Toronto
6104111,Pickering,ON,43.90012,-79.13289,91771,PPL,America/Toronto
6087701,Newmarket,ON,44.05011,-79.46631,91034,PPL,America/Toronto
5989117,Kanata,ON,45.3001,-75.91606,90000,PPL,America/Toronto
6101645,Peterborough,ON,44.30012,-78.31623,85807,PPL,America/Toronto
8558534,Willowdale,ON,43.76672,-79.39909,79440,PPLL,America/Toronto
5913414,Caledon,ON,43.86544,-79.99322,76581,PPL,America/Toronto
6157390,Stoney Creek,ON,43.21681,-79.76633,76382,PPL,America/Toronto
6141190,Sarnia,ON,42.97866,-82.40407,72125,PPL,America/Toronto
6141439,Sault Ste. Marie,ON,46.51677,-84.33325,72051,PPLA2,America/Toronto
5969721,Halton Hills,ON,43.6403,-79.93146,62951,PPL,America/Toronto
6089125,Norfolk County,ON,42.8334,-80.38297,60847,PPL,America/Toronto
5888377,Aurora,ON,44.00011,-79.46632,55445,PPL,America/Toronto
6177869,Welland,ON,42.98342,-79.24958,52293,PPL,America/Toronto
5897884,Belleville,ON,44.16682,-77.38277,50716,PPL,America/Toronto
6089426,North Bay,ON,46.3168,-79.46633,50396,PPL,America/Toronto
6180176,Whitchurch-Stouffville,ON,44.00012,-79.3163,49864,PPL,America/Toronto
5928065,Cornwall,ON,45.01809,-74.72815,48821,PPL,America/Toronto
5960533,Georgetown,ON,43.65011,-79.91634,44058,PPL,America/Toronto
6115355,Quinte West,ON,44.10742,-77.57035,43577,PPL,America/Toronto
5920457,Chatham,ON,42.41224,-82.18494,43550,PPL,America/Toronto
5983433,Innisfil,ON,44.30011,-79.64964,43326,PPL,America/Toronto
6166739,Timmins,ON,48.46686,-81.33312,41788,PPL,America/Toronto
6156855,Stittsville,ON,45.2501,-75.91606,40889,PPL,America/Toronto
8285452,Ancaster,ON,43.21806,-79.98716,40557,PPL,America/Toronto
6184365,Woodstock,ON,43.13339,-80.7497,40404,PPLA2,America/Toronto
5906831,Bowmanville,ON,43.91682,-78.68286,39371,PPL,America/Toronto
6158357,St. Thomas,ON,42.77361,-81.18038,38909,PPL,America/Toronto
6157718,Stouffville,ON,43.96682,-79.2496,36753,PPL,America/Toronto
6051122,Leamington,ON,42.05009,-82.59981,35730,PPL,America/Toronto
5907983,Brant,ON,43.1334,-80.34967,34415,PPL,America/Toronto
6050177,LaSalle,ON,42.24481,-83.06095,32721,PPL,America/Toronto
6157977,Stratford,ON,43.36679,-80.94972,31465,PPL,America/Toronto
6094325,Orillia,ON,44.60868,-79.42068,31166,PPL,America/Toronto
6094201,Orangeville,ON,43.9168,-80.09967,30734,PPL,America/Toronto
5955815,Fort Erie,ON,42.90012,-78.93286,30710,PPL,America/Toronto
5967149,Grimsby,ON,43.20011,-79.56631,27314,PPL,America/Toronto
5905308,Bolton,ON,43.87952,-79.73791,26795,PPL,America/Toronto
6113355,Prince Edward,ON,44.00012,-77.24946,25496,PPL,America/Toronto
5909483,Brooklin,ON,43.95833,-78.95972,25000,PPL,America/Toronto
12070742,Fallingbrook,ON,45.47558,-75.48401,25000,PPL,America/Toronto
5908737,Bridlewood,ON,45.28522,-75.8569,24400,PPL,America/Toronto
6176722,Waterdown,ON,43.33341,-79.88293,24400,PPL,America/Toronto
6073363,Midland,ON,44.7501,-79.88296,24353,PPL,America/Toronto
5945707,East Gwillimbury,ON,44.10087,-79.43785,23991,PPL,America/Toronto
5909294,Brockville,ON,44.59132,-75.68705,23886,PPL,America/Toronto
6158027,Strathroy,ON,42.9551,-81.62232,23871,PPL,America/Toronto
6162416,Tecumseh,ON,42.316,-82.884,23229,PPL,America/Toronto
5992526,Kingsville,ON,42.10009,-82.73312,22119,PPL,America/Toronto
5925975,Collingwood,ON,44.4834,-80.21638,21793,PPL,America/Toronto
6095645,Owen Sound,ON,44.56717,-80.94349,21341,PPL,America/Toronto
6172932,Uxbridge,ON,44.10012,-79.11628,21176,PPL,America/Toronto
5923101,Clarence-Rockland,ON,45.5501,-75.29101,20790,PPL,America/Toronto
7871320,Fergus,ON,43.70604,-80.37761,20767,PPL,America/Toronto
6176421,Wasaga Beach,ON,44.5168,-80.01637,20675,PPL,America/Toronto
6054350,Lindsay,ON,44.35012,-78.73286,20354,PPL,America/Toronto
5978765,Huntsville,ON,45.33341,-79.21632,19816,PPL,America/Toronto
5884051,Alliston,ON,44.15011,-79.86635,18809,PPL,America/Toronto
6165719,Thorold,ON,43.11682,-79.19958,18801,PPL,America/Toronto
6166580,Tillsonburg,ON,42.85986,-80.72617,18615,PPL,America/Toronto
6111704,Port Colborne,ON,42.90012,-79.23288,18306,PPL,America/Toronto
5924579,Cobourg,ON,43.95977,-78.16515,18099,PPL,America/Toronto
6087905,Niagara-on-the-Lake,ON,43.25655,-79.08527,17511,PPL,America/Toronto
12070764,Valley East,ON,46.64499,-80.9973,17451,PPL,America/Toronto
6101606,Petawawa,ON,45.89452,-77.28007,17187,PPL,America/Toronto
6173404,Vanier,ON,45.4399,-75.66498,17000,PPL,America/Toronto
5907092,Bracebridge,ON,45.03341,-79.31633,16010,PPL,America/Toronto
5965812,Greater Napanee,ON,44.25012,-76.94944,15892,PPL,America/Toronto
5991055,Kenora,ON,49.76741,-94.48985,15096,PPL,America/Winnipeg
6075370,Mississippi Mills,ON,45.23341,-76.19939,14740,PPL,America/Toronto
6179259,West Nipissing,ON,46.37157,-79.92451,14583,PPL,America/Toronto
6117731,Rayside-Balfour,ON,46.60873,-81.20763,14557,PPL,America/Toronto
5904032,Blossom Park,ON,45.34889,-75.62667,14190,PPL,America/Toronto
6147962,Simcoe,ON,42.8334,-80.29967,13922,PPL,America/Toronto
5884472,Amherstburg,ON,42.10009,-83.09985,13910,PPL,America/Toronto
6100832,Pembroke,ON,45.81681,-77.11616,13882,PPL,America/Toronto
5983175,Ingersoll,ON,43.03339,-80.88302,13693,PPL,America/Toronto
6087591,New Hamburg,ON,43.38339,-80.6997,13595,PPL,America/Toronto
6090405,North Perth,ON,43.7251,-80.96723,13130,PPL,America/Toronto
6061551,Lowertown,ON,45.43193,-75.69319,12824,PPL,America/Toronto
6111882,Port Hope,ON,44.01682,-78.39953,12587,PPL,America/Toronto
5947866,Elliot Lake,ON,46.38336,-82.63315,12508,PPL,America/Toronto
6140750,Sandy Hill,ON,45.42519,-75.67863,12490,PPL,America/Toronto
5965546,Gravenhurst,ON,44.91681,-79.36633,12312,PPL,America/Toronto
6942553,Paris,ON,43.2,-80.38333,12310,PPL,America/Toronto
6115156,Queenswood Heights,ON,45.47083,-75.50556,12000,PPL,America/Toronto
5949247,Erin,ON,43.7729,-80.06436,11981,PPL,America/Toronto
5917158,Carleton Place,ON,45.13341,-76.14938,11901,PPL,America/Toronto
5961863,Glen Cairn,ON,45.29278,-75.88,11836,PPL,America/Toronto
5948045,Elmira,ON,43.60009,-80.5497,10790,PPL,America/Toronto
6049024,Lambton Shores,ON,43.16678,-81.93309,10631,PPL,America/Toronto
6162659,Temiskaming Shores,ON,47.49376,-79.71529,10442,PPL,America/Toronto
6175411,Wallaceburg,ON,42.59303,-82.38853,10323,PPL,America/Toronto
5885280,Angus,ON,44.31681,-79.88295,10269,PPLL,America/Toronto
5972360,Hawkesbury,ON,45.60009,-74.61595,10263,PPL,America/Toronto
6100932,Penetanguishene,ON,44.7834,-79.91637,10077,PPL,America/Toronto
6152244,South Huron,ON,43.31679,-81.51647,9982,PPL,America/Toronto
6106158,Plantagenet,ON,45.5326,-74.99369,9680,PPL,America/Toronto
5897865,Belle River,ON,42.29264,-82.71192,9650,PPL,America/Toronto
6095514,Overbrook,ON,45.42726,-75.65204,9650,PPL,America/Toronto
7499201,Port Perry,ON,44.10676,-78.94441,9553,PPL,America/Toronto
5933618,Crystal Beach,ON,42.86382,-79.05865,9531,PPL,America/Toronto
5904414,The Blue Mountains,ON,44.5584,-80.458,9390,PPL,America/Toronto
5882134,Acton,ON,43.62969,-80.04149,9377,PPL,America/Toronto
5941761,Dorchester,ON,42.98339,-81.06643,9329,PPL,America/Toronto
5898070,Bells Corners,ON,45.31588,-75.83012,9272,PPL,America/Toronto
5978831,Huron East,ON,43.61679,-81.29975,9264,PPL,America/Toronto
5965932,Greely,ON,45.26139,-75.56111,9049,PPL,America/Toronto
6150174,Smiths Falls,ON,44.90452,-76.02333,8885,PPL,America/Toronto
5887214,Arnprior,ON,45.43341,-76.34939,8795,PPL,America/Toronto
8617396,Embrun,ON,45.27573,-75.27266,8680,PPL,America/Toronto
5992211,King City,ON,43.92856,-79.52694,8396,PPL,America/Toronto
5989403,Kapuskasing,ON,49.41694,-82.43308,8292,PPL,America/Toronto
5926526,Concord,ON,43.80011,-79.48291,8255,PPL,America/Toronto
5949531,Essex,ON,42.17509,-82.82483,8233,PPL,America/Toronto
6119448,Renfrew,ON,45.46681,-76.68272,8223,PPL,America/Toronto
5942913,Dryden,ON,49.78334,-92.75032,8195,PPL,America/Winnipeg
5902353,Blackburn Hamlet,ON,45.43671,-75.56462,8173,PPL,America/Toronto
6145890,Shelburne,ON,44.0787,-80.20408,8126,PPL,America/Toronto
5884492,Amherstview,ON,44.22327,-76.64538,7959,PPL,America/Toronto
6111745,Port Elgin,ON,44.43605,-81.38981,7862,PPL,America/Toronto
5975504,Hintonburg,ON,45.40379,-75.7283,7844,PPL,America/Toronto
5948111,Elora,ON,43.6834,-80.43299,7800,PPL,America/Toronto
5992836,Kirkland Lake,ON,48.14461,-80.03767,7775,PPL,America/Toronto
5955826,Fort Frances,ON,48.61667,-93.4003,7739,PPL,America/Winnipeg
5970301,Hanover,ON,44.15009,-81.03303,7688,PPL,America/Toronto
5962442,Goderich,ON,43.74171,-81.71339,7628,PPL,America/Toronto
6054677,Listowel,ON,43.7334,-80.94973,7530,PPL,America/Toronto
5913934,Camlachie,ON,43.03596,-82.1616,7506,PPL,America/Toronto
5888716,Aylmer,ON,42.76679,-80.98302,7492,PPL,America/Toronto
6085931,Napanee,ON,44.25012,-76.94944,7439,PPL,America/Toronto
6157062,St. Marys,ON,43.25009,-81.13304,7386,PPL,America/Toronto
13680011,"United Townships of Dysart, Dudley, Harcourt, Guilford, Harburn, Bruton, Havelock, Eyre and Clyde",ON,45.2,-78.41667,7182,PPLS,America/Toronto
5904501,Bluewater,ON,43.46679,-81.59977,7044,PPL,America/Toronto
5992180,King,ON,43.96514,-79.59011,6970,PPL,America/Toronto
6158573,Sturgeon Falls,ON,46.36679,-79.91636,6939,PPL,America/Toronto
5992144,Kincardine,ON,44.18339,-81.63307,6725,PPLA3,America/Toronto
6098747,Parry Sound,ON,45.34732,-80.03527,6321,PPL,America/Toronto
6136572,Russell,ON,45.2501,-75.36602,6135,PPL,America/Toronto
5921556,Chippawa,ON,43.0571,-79.04717,6077,PPL,America/Toronto
5944222,Dunnville,ON,42.90011,-79.61631,5907,PPL,America/Toronto
6148373,Sioux Lookout,ON,50.09906,-91.92158,5839,PPL,America/Winnipeg
5928202,Corunna,ON,42.88338,-82.43313,5686,PPL,America/Toronto
6103581,Petrolia,ON,42.882,-82.152,5632,PPL,America/Toronto
6057842,Lively,ON,46.43338,-81.14975,5608,PPL,America/Toronto
6101546,Perth,ON,44.90011,-76.24939,5573,PPL,America/Toronto
5959326,Gananoque,ON,44.33342,-76.16607,5458,PPL,America/Toronto
6174516,Viscount Alexander Park,ON,45.45273,-75.6312,5430,PPL,America/Toronto
5924614,Cochrane,ON,49.06689,-81.03307,5390,PPL,America/Toronto
5888737,Ayr,ON,43.2834,-80.44968,5383,PPL,America/Toronto
5937522,Delhi,ON,42.8501,-80.49968,5344,PPL,America/Toronto
6167983,Tottenham,ON,44.02437,-79.80553,5143,PPL,America/Toronto
5908481,Breslau,ON,43.4668,-80.41638,5053,PPL,America/Toronto
6080782,Mount Forest,ON,43.97948,-80.72205,5040,PPL,America/Toronto
8125781,Almonte,ON,45.22993,-76.19585,5039,PPL,America/Toronto
5992404,Kingscourt,ON,44.24694,-76.50389,5005,PPL,America/Toronto
5889167,Baden,ON,43.4001,-80.6497,4940,PPL,America/Toronto
6079673,Mount Albert,ON,44.13341,-79.3163,4925,PPL,America/Toronto
6071497,Meaford,ON,44.60725,-80.61081,4910,PPL,America/Toronto
5950674,Exeter,ON,43.34353,-81.47933,4863,PPL,America/Toronto
5973108,Hearst,ON,49.68351,-83.66654,4746,PPL,America/Toronto
6694299,Walkerton,ON,44.13023,-81.15309,4724,PPL,America/Toronto
6104215,Picton,ON,44.00176,-77.14637,4702,PPL,America/Toronto
6166510,Tilbury,ON,42.26679,-82.43311,4687,PPL,America/Toronto
5949493,Espanola,ON,46.25837,-81.76649,4682,PPL,America/Toronto
5888759,Azilda,ON,46.55008,-81.09975,4663,PPL,America/Toronto
6075359,Mississauga Beach,ON,43.25876,-79.08625,4662,PPL,America/Toronto
5966622,Greenstone,ON,49.73343,-87.16668,4636,PPL,America/Toronto
6126540,Rockwood,ON,43.61899,-80.14441,4629,PPL,America/Toronto
5913417,Caledon East,ON,43.86913,-79.86691,4568,PPL,America/Toronto
6113027,Prescott,ON,44.71681,-75.51604,4466,PPL,America/Toronto
6118417,Red Lake,ON,51.01678,-93.82736,4366,PPL,America/Winnipeg
5937073,Deep River,ON,46.10012,-77.49949,4296,PPL,America/Toronto
5984000,Iroquois Falls,ON,48.76688,-80.68307,4232,PPL,America/Toronto
5897540,Beeton,ON,44.07988,-79.7816,4151,PPL,America/Toronto
6174406,Vineland,ON,43.15132,-79.39449,4074,PPL,America/Toronto
5892510,Bancroft,ON,45.05752,-77.85702,4065,PPL,America/Toronto
6122081,Richmond,ON,45.1834,-75.83266,4055,PPL,America/Toronto
5913550,Callander,ON,46.2168,-79.36632,3964,PPL,America/Toronto
5913665,Calvin Park,ON,44.23282,-76.52405,3685,PPL,America/Toronto
8125787,Bobcaygeon,ON,44.5462,-78.54203,3576,PPL,America/Toronto
6087533,New Edinburgh,ON,45.44139,-75.68778,3539,PPL,America/Toronto
5903851,Blind River,ON,46.18336,-82.95817,3422,PPL,America/Toronto
5914033,Campbellford,ON,44.30842,-77.79949,3372,PPL,America/Toronto
5897183,Beaverton,ON,44.43342,-79.1496,3347,PPL,America/Toronto
5989520,Kashechewan,ON,52.29126,-81.64026,3309,PPLL,America/Toronto
5916567,Capreol,ON,46.70626,-80.92109,3260,PPL,America/Toronto
7290516,St. George,ON,43.24495,-80.25144,3255,PPL,America/Toronto
6160739,Sydenham,ON,44.56679,-80.79972,3249,PPL,America/Toronto
5884456,Amethyst Harbour,ON,48.54267,-88.87291,3247,PPL,America/Toronto
5968992,Haileybury,ON,47.44904,-79.63732,3247,PPL,America/Toronto
6943594,Shuniah Township,ON,48.5242,-89.1147,3247,PPL,America/Toronto
6177893,Wellesley,ON,43.47691,-80.76209,3246,PPL,America/Toronto
5892205,Ballantrae,ON,44.03342,-79.2996,3223,PPL,America/Toronto
6158003,Strathcona Park,ON,44.25528,-76.52444,3135,PPL,America/Toronto
6176751,Waterford,ON,42.9334,-80.28296,3132,PPL,America/Toronto
5924039,Clinton,ON,43.61679,-81.53307,3113,PPL,America/Toronto
5918021,Casselman,ON,45.3168,-75.0826,3074,PPL,America/Toronto
7626289,ByWard Market,ON,45.4271,-75.69234,3063,PPLL,America/Toronto
5964250,Grand Bend,ON,43.31678,-81.74978,3031,PPL,America/Toronto
6078737,Morrisburg,ON,44.9001,-75.18261,3014,PPL,America/Toronto
6109074,Polson Park,ON,44.23222,-76.53028,3005,PPL,America/Toronto
6122230,Ridgetown,ON,42.43536,-81.88733,3002,PPL,America/Toronto
6162007,Tavistock,ON,43.31679,-80.83302,2955,PPL,America/Toronto
6148374,Sioux Lookout,ON,50.06676,-91.98358,2941,PPL,America/Winnipeg
6174462,Virgil,ON,43.21682,-79.13288,2937,PPL,America/Toronto
6183141,Wingham,ON,43.88793,-81.31145,2934,PPL,America/Toronto
5883490,Alexandria,ON,45.31317,-74.63665,2906,PPL,America/Toronto
6177178,Wawa,ON,47.98877,-84.77411,2905,PPL,America/Toronto
5943968,Dundalk,ON,44.16792,-80.39357,2803,PPL,America/Toronto
5888001,Atikokan,ON,48.75667,-91.62409,2753,PPL,America/Atikokan
6048370,Lakefield,ON,44.43342,-78.26623,2753,PPL,America/Toronto
6066595,Markstay-Warren,ON,46.46678,-80.483,2708,PPL,America/Toronto
13680906,Williamsville,ON,44.23839,-76.49897,2695,PPL,America/Toronto
6142917,Seaforth,ON,43.55009,-81.39976,2680,PPL,America/Toronto
6080088,Mount Brydges,ON,42.90009,-81.48306,2656,PPLL,America/Toronto
5948095,Elmvale Acres,ON,45.39651,-75.63212,2627,PPL,America/Toronto
8593684,Thamesford,ON,43.0571,-80.99876,2622,PPL,America/Toronto
6094573,Osgoode,ON,45.14887,-75.59778,2578,PPLA4,America/Toronto
5971462,Harrow,ON,42.03339,-82.91654,2562,PPL,America/Toronto
6061745,Lucan,ON,43.18339,-81.39976,2541,PPL,America/Toronto
5937497,Delaware,ON,42.91679,-81.41646,2521,PPLL,America/Toronto
5955497,Forest,ON,43.10008,-81.9998,2429,PPL,America/Toronto
6182823,Winchester,ON,45.0834,-75.34933,2394,PPL,America/Toronto
6185024,Wyoming,ON,42.95008,-82.11651,2348,PPL,America/Toronto
5924984,Colchester,ON,41.98339,-82.93314,2334,PPL,America/Toronto
5926968,Constance Bay,ON,45.50011,-76.08267,2314,PPL,America/Toronto
5948094,Elmvale,ON,44.5834,-79.86636,2314,PPL,America/Toronto
5979458,Ilderton,ON,43.07924,-81.38051,2250,PPL,America/Toronto
6055388,Little Current,ON,45.97927,-81.9248,2156,PPL,America/Toronto
6112027,Port Stanley,ON,42.66679,-81.21644,2148,PPL,America/Toronto
5961876,Glencoe,ON,42.75009,-81.71648,2126,PPL,America/Toronto
6054238,Limoges,ON,45.3334,-75.24931,2048,PPL,America/Toronto
6156822,Stirling,ON,44.30012,-77.54948,2030,PPL,America/Toronto
8556287,Wiarton,ON,44.74186,-81.13961,1996,PPL,America/Toronto
6067959,Mattawa,ON,46.31681,-78.69957,1993,PPL,America/Toronto
6086590,Neebing,ON,48.1668,-89.41683,1986,PPL,America/Toronto
8593834,St. Jacobs,ON,43.53162,-80.55725,1960,PPL,America/Toronto
5919915,Chapleau,ON,47.84053,-83.4034,1942,PPL,America/Toronto
5952121,Fenelon Falls,ON,44.53342,-78.74957,1915,PPL,America/Toronto
5938187,Deseronto,ON,44.20012,-77.04944,1897,PPL,America/Toronto
6126245,Rockcliffe Park,ON,45.4501,-75.68264,1888,PPL,America/Toronto
6175609,Walpole Island,ON,42.6152,-82.51398,1878,PPLL,America/Detroit
6077991,Moose Factory,ON,51.26689,-80.61624,1807,PPL,America/Toronto
5971448,Harriston,ON,43.91199,-80.87199,1797,PPL,America/Toronto
6072470,Metcalfe,ON,45.2334,-75.46603,1776,PPL,America/Toronto
5960603,Geraldton,ON,49.72667,-86.94842,1761,PPL,America/Toronto
6098542,Parkhill,ON,43.15993,-81.68464,1737,PPL,America/Toronto
6065253,Manitouwadge,ON,49.12152,-85.8403,1708,PPL,America/Toronto
6170799,Tweed,ON,44.47512,-77.31616,1701,PPL,America/Toronto
6073749,Millbrook,ON,44.15012,-78.44954,1695,PPL,America/Toronto
5911433,Burford,ON,43.10292,-80.42869,1615,PPL,America/Toronto
5884497,Amigo Beach,ON,44.6919,-79.39317,1545,PPL,America/Toronto
6069732,McGregor,ON,42.15008,-82.96654,1536,PPL,America/Toronto
6176902,Watford,ON,42.95008,-81.88309,1536,PPL,America/Toronto
6063989,Madoc,ON,44.50842,-77.47448,1535,PPL,America/Toronto
6162951,Terrace Bay,ON,48.78341,-87.09996,1528,PPL,America/Toronto
5888118,Attawapiskat,ON,52.92774,-82.41669,1501,PPL,America/Toronto
6092839,Ohsweken,ON,43.06681,-80.11635,1500,PPL,America/Toronto
6066654,Marmora,ON,44.48342,-77.68279,1499,PPL,America/Toronto
5948844,Englehart,ON,47.82397,-79.87386,1479,PPL,America/Toronto
5917434,Carp,ON,45.3501,-76.03267,1477,PPL,America/Toronto
6088485,Nipigon,ON,49.01681,-88.26673,1473,PPL,America/Toronto
5942290,Dowling,ON,46.59111,-81.33917,1466,PPL,America/Toronto
8556299,L'Orignal,ON,45.6198,-74.6915,1450,PPL,America/Toronto
6049858,Lappe,ON,48.5668,-89.35013,1436,PPL,America/Toronto
6167125,Tobermory,ON,45.25007,-81.66647,1427,PPL,America/Toronto
6078372,Moosonee,ON,51.27931,-80.6345,1405,PPL,America/Toronto
6145255,Sharbot Lake,ON,44.77389,-76.68722,1400,PPL,America/Toronto
6157433,Stoney Point/Pointe-aux-Roches,ON,42.30472,-82.54861,1394,PPL,America/Toronto
6091197,Norwood,ON,44.38342,-77.98281,1380,PPL,America/Toronto
6106255,Plattsville,ON,43.30794,-80.61618,1366,PPL,America/Toronto
6179147,West Lorne,ON,42.60009,-81.59976,1337,PPL,America/Toronto
6150321,Smooth Rock Falls,ON,49.28349,-81.63307,1330,PPL,America/Toronto
7803723,Omemee,ON,44.29897,-78.55989,1323,PPL,America/Toronto
11152651,Longlac,ON,49.78169,-86.5348,1316,PPLL,America/Toronto
11838088,Wendover,ON,45.57275,-75.12757,1302,PPL,America/Toronto
6112530,Powassan,ON,46.0334,-79.34961,1243,PPL,America/Toronto
6155763,St. Clements,ON,43.5168,-80.6497,1240,PPL,America/Toronto
6073561,Mildmay,ON,44.043,-81.11889,1219,PPL,America/Toronto
6066504,Markdale,ON,44.3168,-80.64971,1216,PPL,America/Toronto
5927277,Cookstown,ON,44.18341,-79.69964,1214,PPL,America/Toronto
5979367,Ignace,ON,49.41633,-91.65902,1206,PPL,America/Winnipeg
5948682,Emo,ON,48.63323,-93.83363,1204,PPL,America/Winnipeg
6173803,Vermilion Bay,ON,49.86045,-93.38782,1200,PPL,America/Winnipeg
5894924,Bath,ON,44.18342,-76.78273,1180,PPL,America/Toronto
6118425,Red Lake,ON,51.06676,-93.73373,1177,PPL,America/Winnipeg
6164831,Thessalon,ON,46.25006,-83.5666,1175,PPL,America/Toronto
6087530,New Dundee,ON,43.35101,-80.53657,1174,PPL,America/Toronto
5906575,Bourget,ON,45.43475,-75.16028,1169,PPLL,America/Toronto
5910322,Brussels,ON,43.74316,-81.24998,1158,PPL,America/Toronto
6061818,Lucknow,ON,43.96054,-81.51284,1154,PPL,America/Toronto
12070763,Golden,ON,51.05917,-93.73568,1154,PPL,America/Winnipeg
5947035,Eganville,ON,45.53341,-77.09945,1149,PPL,America/Toronto
12076628,Haliburton Village,ON,45.04921,-78.50854,1149,PPL,America/Toronto
6084340,Munster,ON,45.16476,-75.9396,1145,PPL,America/Toronto
5898124,Belmont,ON,42.88339,-81.08303,1140,PPL,America/Toronto
5974031,Hensall,ON,43.43339,-81.49976,1126,PPL,America/Toronto
6152561,South River,ON,45.8334,-79.38293,1114,PPL,America/Toronto
6112000,Port Rowan,ON,42.6168,-80.46638,1102,PPL,America/Toronto
6157430,Stoney Point,ON,44.26681,-79.53292,1087,PPLL,America/Toronto
5924565,Cobden,ON,45.63341,-76.88273,1071,PPL,America/Toronto
5977046,Hornepayne,ON,49.21451,-84.77617,1050,PPL,America/Toronto
6096232,Paisley,ON,44.30641,-81.27265,1045,PPL,America/Toronto
6142256,Schreiber,ON,48.81252,-87.26458,1039,PPL,America/Toronto
5985873,Jarvis,ON,42.88559,-80.1122,1037,PPL,America/Toronto
5973420,Heidelberg,ON,43.5168,-80.6164,1032,PPL,America/Toronto
5919483,Chalk River,ON,46.01682,-77.44948,1025,PPL,America/Toronto
6065301,Mannheim,ON,43.39812,-80.54538,1002,PPL,America/Toronto
5944935,Ear Falls,ON,50.63955,-93.23526,995,PPL,America/Winnipeg
5887942,Athens,ON,44.63341,-75.94936,982,PPL,America/Toronto
6162524,Teeswater,ON,43.99589,-81.28645,980,PPL,America/Toronto
5911570,Burk's Falls,ON,45.6168,-79.39965,957,PPL,America/Toronto
6159476,Sundridge,ON,45.7668,-79.39964,938,PPL,America/Toronto
5955777,Fort Albany,ON,52.21,-81.678,900,PPLL,America/Toronto
5923954,Clifford,ON,43.96917,-80.97917,875,PPL,America/Toronto
5906129,Bothwell,ON,42.63339,-81.86648,856,PPL,America/Toronto
5913174,Caesarea,ON,44.15012,-78.83286,823,PPL,America/Toronto
5963553,Gore Bay,ON,45.91271,-82.46166,808,PPL,America/Toronto
5886139,Anten Mills,ON,44.4815,-79.81722,800,PPL,America/Toronto
5903356,Blackstock,ON,44.10012,-78.81626,781,PPL,America/Toronto
6054551,Linwood,ON,43.58171,-80.72815,759,PPL,America/Toronto
6068242,Maxville,ON,45.28808,-74.85533,748,PPL,America/Toronto
5963013,Goodwood,ON,44.03342,-79.19959,663,PPL,America/Toronto
6092857,Oil Springs,ON,42.78338,-82.11651,647,PPL,America/Toronto
5913035,Cache Bay,ON,46.36679,-79.98297,641,PPL,America/Toronto
6153117,Spanish,ON,46.20007,-82.34984,639,PPL,America/Toronto
8616971,Lion's Head,ON,44.9869,-81.25866,624,PPL,America/Toronto
5992512,Kingston Mills,ON,44.29342,-76.44488,605,PPL,America/Toronto
8593679,Maryhill,ON,43.53362,-80.38851,605,PPL,America/Toronto
6944118,Dubreuilville,ON,48.37165,-84.52555,576,PPL,America/Toronto
6696813,White River,ON,48.5916,-85.27768,557,PPL,America/Toronto
5965944,Greenbank,ON,44.15012,-79.01628,554,PPL,America/Toronto
6087315,Neustadt,ON,44.08339,-80.99973,517,PPL,America/Toronto
6186038,Zephyr,ON,44.20011,-79.2663,505,PPL,America/Toronto
5899156,Bethany,ON,44.18342,-78.56625,500,PPL,America/Toronto
5920648,Chelmsford,ON,46.58338,-81.19976,500,PPL,America/Toronto
5990737,Kemptville,ON,45.0168,-75.64104,500,PPL,America/Toronto
8593694,Port Carling,ON,45.11533,-79.57603,500,PPL,America/Toronto
6154920,St. Agatha,ON,43.43556,-80.63083,450,PPL,America/Toronto
6160443,Swastika,ON,48.10017,-80.09971,450,PPL,America/Toronto
6174790,Wabigoon,ON,49.71674,-92.58361,419,PPL,America/Winnipeg
11748824,Killarney,ON,45.97263,-81.51091,386,PPL,America/Toronto
13580731,Petersburg,ON,43.41419,-80.60539,374,PPL,America/Toronto
6067736,Matachewan,ON,47.93686,-80.64896,268,PPL,America/Toronto
5917771,Cartier,ON,46.70008,-81.54978,241,PPL,America/Toronto
5887630,Ashton,ON,45.15011,-76.03267,200,PPL,America/Toronto
5962075,Glen Robertson,ON,45.35009,-74.49925,189,PPL,America/Toronto
5955176,Foleyet,ON,48.24194,-82.44733,165,PPL,America/Toronto
6087745,New Prussia,ON,43.45361,-80.75694,122,PPL,America/Toronto
6116338,Ramsayville,ON,45.37472,-75.56472,90,PPL,America/Toronto
5920288,Charlottetown,PE,46.23459,-63.1256,38809,PPLA,America/Halifax
6159244,Summerside,PE,46.3912,-63.78869,14829,PPL,America/Halifax
6157974,Stratford,PE,46.21792,-63.07948,10927,PPL,America/Halifax
12495557,Three Rivers,PE,46.1845,-62.5679,7883,PPL,America/Halifax
5928063,Cornwall,PE,46.22652,-63.21809,6574,PPL,America/Halifax
6076690,Montague,PE,46.16681,-62.64866,2027,PPL,America/Halifax
5897681,Belfast,PE,46.08341,-62.88197,1687,PPLL,America/Halifax
5991080,Kensington,PE,46.43343,-63.64871,1619,PPL,America/Halifax
5883166,Alberton,PE,46.81685,-64.06542,1301,PPL,America/Halifax
6151455,Souris,PE,46.3501,-62.24862,1079,PPL,America/Halifax
6093437,O'Leary,PE,46.71685,-64.23204,876,PPL,America/Halifax
5905881,Borden-Carleton,PE,46.26183,-63.67262,788,PPL,America/Halifax
6166455,Tignish,PE,46.95014,-64.03202,744,PPL,America/Halifax
5945539,Eastern Kings,PE,46.4334,-62.09861,687,PPL,America/Halifax
6090575,North Rustico,PE,46.45012,-63.3154,648,PPL,America/Halifax
5924345,Clyde River,PE,46.21682,-63.26539,614,PPL,America/Halifax
5907123,Brackley,PE,46.31682,-63.14869,586,PPL,America/Halifax
5960531,Georgetown,PE,46.1834,-62.53195,544,PPL,America/Halifax
5919120,Central Kings,PE,46.3168,-62.49864,386,PPL,America/Halifax
6151474,Souris West,PE,46.3668,-62.28192,379,PPLL,America/Halifax
5931920,Crapaud,PE,46.23343,-63.49871,361,PPL,America/Halifax
6155193,Stanley Bridge,PE,46.46683,-63.4487,359,PPL,America/Halifax
5881990,Abram-Village,PE,46.45014,-64.08204,340,PPL,America/Halifax
6084723,Murray River,PE,46.01681,-62.61535,337,PPL,America/Halifax
5918581,Cavendish,PE,46.48342,-63.382,323,PPLL,America/Halifax
5916776,Cardigan,PE,46.23341,-62.61535,269,PPL,America/Halifax
6078487,Morell,PE,46.41681,-62.69865,269,PPL,America/Halifax
6157830,St. Peters Bay,PE,46.4168,-62.58195,253,PPL,America/Halifax
5883462,Alexandra,PE,46.19592,-63.03058,252,PPL,America/Halifax
6142421,Scotchfort,PE,46.35011,-62.91537,230,PPL,America/Halifax
6082834,Mount Stewart,PE,46.36681,-62.86536,226,PPL,America/Halifax
5972853,Hazelbrook,PE,46.21681,-62.99868,220,PPL,America/Halifax
6091082,North Wiltshire,PE,46.30012,-63.332,176,PPLL,America/Halifax
5919013,Central Bedeque,PE,46.33343,-63.69872,159,PPL,America/Halifax
6174032,Victoria,PE,46.216,-63.497,139,PPL,America/Halifax
6077243,Montréal,QC,45.50884,-73.58781,1762949,PPLA2,America/Toronto
6325494,Québec,QC,46.81228,-71.21454,531902,PPLA,America/Toronto
6050610,Laval,QC,45.56995,-73.692,438366,PPL,America/Toronto
5959974,Gatineau,QC,45.47723,-75.70164,300045,PPL,America/Toronto
6059891,Longueuil,QC,45.5152,-73.46818,229330,PPLA2,America/Toronto
6137270,Saguenay,QC,48.41675,-71.06573,148886,PPL,America/Toronto
13546323,Rosemont–La Petite-Patrie,QC,45.53661,-73.60686,146501,PPLA4,America/Toronto
13546324,Villeray–Saint-Michel–Parc-Extension,QC,45.55869,-73.60535,144814,PPLA4,America/Toronto
6169141,Trois-Rivières,QC,46.34515,-72.5477,144472,PPL,America/Toronto
6325521,Lévis,QC,46.80326,-71.17793,143414,PPL,America/Toronto
13546319,Mercier–Hochelaga-Maisonneuve,QC,45.57194,-73.54626,142753,PPLA4,America/Toronto
6146143,Sherbrooke,QC,45.40008,-71.89908,129447,PPL,America/Toronto
6138671,Saint-Louis-de-Terrebonne,QC,45.70198,-73.78669,119944,PPL,America/Toronto
13546322,Rivière-des-Prairies–Pointe-aux-Trembles,QC,45.64064,-73.58463,113868,PPLA4,America/Toronto
6163012,Terrebonne,QC,45.70004,-73.64732,111575,PPL,America/Toronto
13546316,Le Plateau-Mont-Royal,QC,45.52833,-73.58081,105813,PPLA4,America/Toronto
13546317,Ville-Marie,QC,45.49899,-73.57046,104944,PPLA4,America/Toronto
6138495,Saint-Jean-sur-Richelieu,QC,45.30713,-73.26259,98036,PPL,America/Toronto
13546320,Montréal-Nord,QC,45.6016,-73.63063,86857,PPLA4,America/Toronto
13546318,Le Sud-Ouest,QC,45.47187,-73.58986,86347,PPLA4,America/Toronto
6119518,Repentigny,QC,45.74222,-73.45008,84965,PPL,America/Toronto
13546321,Pierrefonds-Roxboro,QC,45.5019,-73.8417,73194,PPLA4,America/Toronto
5909629,Brossard,QC,45.45008,-73.46583,69575,PPL,America/Toronto
5964215,Granby,QC,45.40008,-72.73243,66222,PPL,America/Toronto
5942845,Drummondville,QC,45.88336,-72.48241,59489,PPL,America/Toronto
6104319,Pierrefonds,QC,45.45989,-73.89284,59093,PPL,America/Toronto
6354934,Aylmer,QC,45.4002,-75.80644,56542,PPL,America/Toronto
6138791,Saint-Michel,QC,45.56758,-73.62168,56420,PPL,America/Toronto
6138501,Saint-Jérôme,QC,45.78036,-74.00365,54948,PPL,America/Toronto
6138374,Saint-Hyacinthe,QC,45.63076,-72.95699,50326,PPL,America/Toronto
5940956,Dollard-Des Ormeaux,QC,45.49452,-73.82419,48930,PPL,America/Toronto
5903510,Blainville,QC,45.66678,-73.88249,46493,PPL,America/Toronto
6139289,Salaberry-de-Valleyfield,QC,45.25008,-74.13253,42787,PPL,America/Toronto
5920433,Châteauguay,QC,45.38338,-73.74919,42786,PPL,America/Toronto
6354895,Rimouski,QC,48.44879,-68.52396,42240,PPL,America/Toronto
6138175,Saint-Eustache,QC,45.565,-73.90554,42062,PPL,America/Toronto
6151350,Sorel-Tracy,QC,46.04178,-73.11358,41629,PPL,America/Toronto
6173004,Val-des-Arbres,QC,45.59837,-73.67542,40974,PPL,America/Toronto
5906267,Boucherville,QC,45.59104,-73.43605,39062,PPL,America/Toronto
6145489,Shawinigan,QC,46.56675,-72.74913,38211,PPLA3,America/Toronto
11838437,Neufchâtel-Est–Lebourgneuf,QC,46.85436,-71.34191,37540,PPL,America/Toronto
6050619,Laval-des-Rapides,QC,45.55642,-73.70007,36933,PPL,America/Toronto
5987650,Joliette,QC,46.0164,-73.4236,34772,PPL,America/Toronto
5917781,Cartierville,QC,45.53118,-73.70358,34667,PPL,America/Toronto
6067494,Mascouche,QC,45.74965,-73.59956,34626,PPL,America/Toronto
6075061,Mirabel,QC,45.65008,-74.08251,34626,PPL,America/Toronto
6174151,Victoriaville,QC,46.05007,-71.96579,34426,PPL,America/Toronto
5928488,Côte-Saint-Luc,QC,45.46536,-73.66585,31395,PPL,America/Toronto
6620953,Saint-Georges,QC,46.11353,-70.66526,31173,PPL,America/Toronto
6107325,Pointe-Claire,QC,45.44868,-73.81669,30161,PPL,America/Toronto
5884083,Alma,QC,48.55009,-71.6491,29526,PPL,America/Toronto
6137941,Sainte-Julie,QC,45.58338,-73.33246,29019,PPL,America/Toronto
6144312,Sept-Îles,QC,50.20011,-66.38208,28534,PPL,America/Toronto
6137633,Saint-Constant,QC,45.36678,-73.56588,27359,PPL,America/Toronto
5905132,Boisbriand,QC,45.61678,-73.83249,26483,PPL,America/Toronto
6173570,Vaudreuil-Dorion,QC,45.40008,-74.03251,25789,PPL,America/Toronto
6943827,Thetford-Mines,QC,46.09371,-71.30539,25704,PPL,America/Toronto
6173017,Val-d'Or,QC,48.0974,-77.79737,25541,PPL,America/Toronto
6138121,Sainte-Thérèse,QC,45.63922,-73.82757,25224,PPL,America/Toronto
6137540,Saint-Bruno-de-Montarville,QC,45.53341,-73.34916,24388,PPL,America/Toronto
6128577,Rouyn-Noranda,QC,48.23656,-79.02311,23504,PPL,America/Toronto
6049863,La Prairie,QC,45.41678,-73.49917,23357,PPL,America/Toronto
5919566,Chambly,QC,45.45008,-73.28246,22608,PPL,America/Toronto
5889745,Baie-Comeau,QC,49.21679,-68.14894,21536,PPL,America/Toronto
6173508,Varennes,QC,45.68338,-73.43246,20994,PPL,America/Toronto
6179226,Westmount,QC,45.48341,-73.59918,20494,PPL,America/Toronto
5992830,Kirkland,QC,45.45008,-73.86586,20491,PPL,America/Toronto
6138617,Saint-Lazare,QC,45.40008,-74.13256,19889,PPL,America/Toronto
12626120,L'Île-Bizard–Sainte-Geneviève,QC,45.49391,-73.8956,19857,PPLA4,America/Toronto
5895650,Beaconsfield,QC,45.43341,-73.86586,19194,PPL,America/Toronto
5941925,Dorval,QC,45.4473,-73.75335,18980,PPL,America/Toronto
6077315,Mont-Royal,QC,45.51675,-73.64918,18933,PPL,America/Toronto
5898138,Beloeil,QC,45.56839,-73.20568,18927,PPL,America/Toronto
6354897,Rivière-du-Loup,QC,47.82699,-69.54243,18586,PPL,America/Toronto
5884588,Amos,QC,48.56688,-78.11624,17918,PPL,America/Toronto
6047861,Laflèche,QC,45.50008,-73.46587,17499,PPL,America/Toronto
6138643,Saint-Lin-Laurentides,QC,45.85008,-73.76588,17463,PPL,America/Toronto
5938513,Deux-Montagnes,QC,45.53455,-73.90168,17402,PPL,America/Toronto
6052788,Les Coteaux,QC,45.28338,-74.23254,17396,PPL,America/Toronto
7535681,Saint-Augustin-de-Desmaures,QC,46.74064,-71.45131,17281,PPL,America/Toronto
6137780,Sainte-Catherine,QC,45.40008,-73.58248,16762,PPL,America/Toronto
5966078,Greenfield Park,QC,45.48649,-73.46223,16733,PPL,America/Toronto
6942645,Buckingham,QC,45.58563,-75.4208,16685,PPL,America/Toronto
6534203,L'Ancienne-Lorette,QC,46.79392,-71.35191,16516,PPL,America/Toronto
6137781,Sainte-Catherine,QC,46.31836,-72.56632,16211,PPL,America/Toronto
5914826,Candiac,QC,45.38338,-73.51587,15947,PPL,America/Toronto
6050263,L'Assomption,QC,45.82318,-73.4294,15906,PPL,America/Toronto
6077340,Mont-Saint-Hilaire,QC,45.56515,-73.1868,15720,PPL,America/Toronto
6137489,Saint-Basile-le-Grand,QC,45.53338,-73.28246,15605,PPL,America/Toronto
6064180,Magog,QC,45.26678,-72.14909,15550,PPL,America/Toronto
6137579,Saint-Charles-Borromée,QC,46.05007,-73.46586,15285,PPL,America/Toronto
6139184,Saint-Vincent-de-Paul,QC,45.61678,-73.64918,15194,PPL,America/Toronto
10627796,Le Plateau,QC,45.43514,-75.7803,15000,PPL,America/Toronto
5959878,Gaspé,QC,48.83341,-64.48194,14819,PPL,America/Toronto
6696260,Matane,QC,48.82857,-67.52197,14812,PPL,America/Toronto
6127681,Rosemère,QC,45.63338,-73.79919,14173,PPL,America/Toronto
6138048,Sainte-Monique,QC,48.73339,-71.84911,14150,PPL,America/Toronto
5944528,Duvernay-Est,QC,45.65476,-73.60514,14000,PPL,America/Toronto
6945989,Sainte-Marie,QC,46.43401,-71.01168,13565,PPL,America/Toronto
6077128,Mont-Laurier,QC,46.55011,-75.4993,13405,PPL,America/Toronto
5940934,Dolbeau-Mistassini,QC,48.8786,-72.23142,12916,PPL,America/Toronto
6050539,Laurentides,QC,47.13336,-72.28239,12710,PPL,America/Toronto
5915327,Cap-aux-Meules,QC,47.38208,-61.85968,12190,PPL,America/Halifax
5896495,Beauharnois,QC,45.31341,-73.8725,11918,PPL,America/Toronto
6325529,Montmagny,QC,46.98043,-70.55493,11724,PPL,America/Toronto
8740846,Saint Romuald,QC,46.75818,-71.23921,11663,PPL,America/Toronto
12076633,Hauterive,QC,49.19572,-68.25813,11549,PPL,America/Toronto
6138032,Sainte-Marthe-sur-le-Lac,QC,45.53338,-73.9325,11311,PPL,America/Toronto
5951644,Farnham,QC,45.28338,-72.98244,11228,PPL,America/Toronto
6104876,Pincourt,QC,45.38338,-73.9825,11197,PPL,America/Toronto
5897209,Bécancour,QC,46.34106,-72.43224,11134,PPL,America/Toronto
8593826,Saint-Raymond,QC,46.8901,-71.83415,11108,PPL,America/Toronto
6050416,La Tuque,QC,47.43337,-72.7824,11001,PPL,America/Toronto
5931074,Cowansville,QC,45.20008,-72.74913,10887,PPL,America/Toronto
6137753,Sainte-Anne-des-Plaines,QC,45.76468,-73.81156,10680,PPL,America/Toronto
6137557,Saint-Canut,QC,45.71502,-74.08376,10643,PPL,America/Toronto
6137696,Sainte-Adèle,QC,45.95008,-74.13251,10634,PPL,America/Toronto
5915148,Cantley,QC,45.5668,-75.78265,10412,PPL,America/Toronto
6138201,Saint-Félicien,QC,48.65007,-72.44906,10278,PPL,America/Toronto
6125653,Roberval,QC,48.5168,-72.23244,10227,PPL,America/Toronto
6137702,Sainte-Agathe-des-Monts,QC,46.05009,-74.28252,10223,PPL,America/Toronto
6113198,Prévost,QC,45.86678,-74.08251,10132,PPL,America/Toronto
6072206,Mercier,QC,45.3105,-73.73976,10121,PPLA3,America/Toronto
6053877,L'Île-Perrot,QC,45.38338,-73.9492,9927,PPL,America/Toronto
6091369,Notre-Dame-de-l'Île-Perrot,QC,45.36678,-73.9325,9885,PPL,America/Toronto
6060407,Lorraine,QC,45.68338,-73.78249,9613,PPL,America/Toronto
6024829,Lachute,QC,45.65008,-74.33253,9562,PPL,America/Toronto
6173012,Val-des-Monts,QC,45.6501,-75.66604,9539,PPL,America/Toronto
6137378,Saint-Amable,QC,45.65008,-73.29916,9486,PPL,America/Toronto
6139045,Saint-Sauveur,QC,45.88686,-74.17943,9191,PPL,America/Toronto
6945986,La Malbaie,QC,47.654,-70.15268,8959,PPL,America/Toronto
6077445,Mont-Tremblant,QC,46.21274,-74.58438,8892,PPL,America/Toronto
6050650,Lavaltrie,QC,45.88338,-73.28245,8762,PPL,America/Toronto
8379100,Pont-Rouge,QC,46.75468,-71.69566,8723,PPL,America/Toronto
6094884,Otterburn Park,QC,45.53338,-73.21585,8464,PPL,America/Toronto
5905152,Bois-des-Filion,QC,45.66678,-73.74918,8383,PPL,America/Toronto
6695248,Boischatel,QC,46.89434,-71.1448,8231,PPL,America/Toronto
6091422,Notre-Dame-des-Prairies,QC,46.05007,-73.43245,8230,PPL,America/Toronto
6138352,Saint-Hippolyte,QC,45.93338,-74.0159,8083,PPL,America/Toronto
5920652,Chelsea,QC,45.5001,-75.78265,8000,PPL,America/Toronto
8604651,Saint-Apollinaire,QC,46.61289,-71.51258,7968,PPL,America/Toronto
13546315,Kahnawake,QC,45.41076,-73.68139,7965,PPL,America/Toronto
6943811,Chandler,QC,48.34935,-64.67926,7914,PPL,America/Toronto
6139047,Saint-Sauveur-des-Monts,QC,45.90008,-74.16591,7849,PPL,America/Toronto
6050194,La Sarre,QC,48.80019,-79.19964,7719,PPL,America/Toronto
5882142,Acton Vale,QC,45.65007,-72.56582,7656,PPL,America/Toronto
6138908,Saint-Philippe,QC,45.37597,-73.48111,7597,PPL,America/Toronto
5921147,Chibougamau,QC,49.91684,-74.36586,7563,PPL,America/Toronto
6110611,Pont Rouge,QC,48.88332,-72.08247,7518,PPL,America/Toronto
5917117,Carignan,QC,45.45008,-73.29916,7426,PPL,America/Toronto
5937612,Delson,QC,45.36678,-73.54917,7322,PPL,America/Toronto
7535690,Donnacona,QC,46.68042,-71.7239,7200,PPL,America/Toronto
6690232,Baie-Saint-Paul,QC,47.44109,-70.49858,7146,PPL,America/Toronto
6107683,Pointe-du-Lac,QC,48.50009,-71.78241,7104,PPL,America/Toronto
5887470,Val-des-Sources,QC,45.76678,-71.9324,7088,PPL,America/Toronto
5928337,Coteau-du-Lac,QC,45.30008,-74.18253,7044,PPL,America/Toronto
5924500,Coaticook,QC,45.13339,-71.79907,7021,PPL,America/Toronto
5970014,Hampstead,QC,45.48075,-73.6467,6996,PPL,America/Toronto
6138987,Saint-Rémi,QC,45.26678,-73.61588,6891,PPLA3,America/Toronto
6139216,Saint-Zotique,QC,45.25009,-74.24924,6773,PPL,America/Toronto
6945991,Plessisville,QC,46.21856,-71.76201,6677,PPL,America/Toronto
5909969,Brownsburg-Chatham,QC,45.68342,-74.4159,6664,PPL,America/Toronto
6944113,Mont-Joli,QC,48.58388,-68.19214,6568,PPL,America/Toronto
6111696,Port-Cartier,QC,50.03339,-66.86545,6516,PPL,America/Toronto
6107272,Pointe-Calumet,QC,45.50008,-73.9659,6396,PPL,America/Toronto
6138360,Saint-Honoré,QC,48.53338,-71.08236,6376,PPL,America/Toronto
6295855,Beauceville,QC,46.21785,-70.77873,6354,PPL,America/Toronto
6943488,Amqui,QC,48.46382,-67.43134,6261,PPL,America/Toronto
6138573,Saint-Joseph-du-Lac,QC,45.53338,-73.9992,6195,PPL,America/Toronto
6138210,Saint-Félix-de-Valois,QC,46.16977,-73.42525,6029,PPL,America/Toronto
6137573,Saint-Césaire,QC,45.40948,-73.00104,5972,PPLA3,America/Toronto
6128682,Roxboro,QC,45.50841,-73.80752,5948,PPL,America/Toronto
6070782,McMasterville,QC,45.55008,-73.26585,5936,PPL,America/Toronto
6060839,Louiseville,QC,46.25594,-72.94145,5819,PPL,America/Toronto
6032673,Lac-Mégantic,QC,45.58338,-70.88234,5747,PPL,America/Toronto
8379101,Princeville,QC,46.17163,-71.87462,5693,PPL,America/Toronto
6088132,Nicolet,QC,46.23085,-72.61292,5669,PPL,America/Toronto
6002133,Lac-Brome,QC,45.21678,-72.51581,5629,PPL,America/Toronto
6137749,Sainte-Anne-des-Monts,QC,49.12402,-66.49243,5602,PPL,America/Toronto
6066350,Marieville,QC,45.43338,-73.16585,5600,PPL,America/Toronto
5920089,Charlemagne,QC,45.71678,-73.48247,5594,PPL,America/Toronto
11696024,Saint-Roch-de-l'Achigan,QC,45.85921,-73.58959,5453,PPL,America/Toronto
6138916,Saint-Pie,QC,45.50277,-72.9089,5438,PPLA3,America/Toronto
6182959,Windsor,QC,45.56678,-71.99909,5408,PPL,America/Toronto
5921588,Chisasibi,QC,53.78333,-78.9,5397,PPL,America/Toronto
5927235,Cookshire-Eaton,QC,45.41675,-71.6324,5344,PPL,America/Toronto
6173001,Val-David,QC,46.03338,-74.21592,5209,PPL,America/Toronto
6122037,Richelieu,QC,45.44336,-73.24602,5208,PPL,America/Toronto
6137733,Sainte-Anne-de-Bellevue,QC,45.40618,-73.9456,5197,PPL,America/Toronto
6117611,Rawdon,QC,46.05007,-73.71587,5188,PPL,America/Toronto
6077265,Montréal-Ouest,QC,45.45286,-73.64918,5184,PPL,America/Toronto
5978126,Hudson,QC,45.45008,-74.14922,5088,PPL,America/Toronto
8354533,Shannon,QC,46.88026,-71.51464,5086,PPL,America/Toronto
8354586,Saint-Henri,QC,46.69314,-71.06927,5023,PPL,America/Toronto
6639619,Sainte Catherine de la Jacques Cartier,QC,46.85244,-71.62056,5021,PPL,America/Toronto
7535693,Saint-Joseph-de-Beauce,QC,46.3,-70.86667,5014,PPL,America/Toronto
8131396,Breakeyville,QC,46.68037,-71.22327,5000,PPLL,America/Toronto
6138472,Saint-Jean-de-Matha,QC,46.23147,-73.53416,4838,PPL,America/Toronto
5920996,Chertsey,QC,46.07109,-73.89095,4836,PPL,America/Toronto
6176393,Warwick,QC,45.95007,-71.9824,4766,PPL,America/Toronto
6124931,Rivière-Rouge,QC,46.41679,-74.86596,4645,PPL,America/Toronto
6052583,L'Épiphanie,QC,45.85008,-73.48246,4606,PPL,America/Toronto
7535692,La Pocatière,QC,47.36733,-70.03484,4575,PPL,America/Toronto
11696032,Saint-Agapit,QC,46.55674,-71.44186,4526,PPL,America/Toronto
5996666,Lac-Alouette,QC,45.81698,-73.9592,4473,PPL,America/Toronto
6049537,Lanoraie,QC,45.96677,-73.21585,4447,PPL,America/Toronto
5899017,Berthierville,QC,46.08336,-73.18245,4411,PPL,America/Toronto
6176821,Waterloo,QC,45.35008,-72.51582,4410,PPL,America/Toronto
6162997,Terrasse-des-Pins,QC,45.86449,-74.06627,4268,PPL,America/Toronto
6065262,Maniwaki,QC,46.38341,-75.96605,4236,PPL,America/Toronto
6128700,Roxton Pond,QC,45.48338,-72.66582,4224,PPL,America/Toronto
7535694,Metabetchouan-Lac-a-la-Croix,QC,48.41,-71.78,4084,PPL,America/Toronto
6693777,Carleton-sur-Mer,QC,48.10749,-66.128,4077,PPL,America/Toronto
6173750,Verchères,QC,45.78338,-73.34916,4030,PPL,America/Toronto
6137462,Saint-Augustin,QC,51.22602,-58.65017,3961,PPL,America/Blanc-Sablon
6078607,Morin-Heights,QC,45.90009,-74.24922,3925,PPL,America/Toronto
6160070,Sutton,QC,45.10008,-72.61582,3906,PPL,America/Toronto
5890542,Baie-D'Urfé,QC,45.41397,-73.91586,3902,PPL,America/Toronto
5909403,Bromont,QC,45.31678,-72.64912,3895,PPL,America/Toronto
6139154,Saint-Tite,QC,46.73336,-72.56581,3880,PPL,America/Toronto
6077251,Montréal-Est,QC,45.63202,-73.5075,3850,PPL,America/Toronto
6941419,L'Islet-sur-Mer,QC,47.12868,-70.3707,3803,PPL,America/Toronto
6943826,New-Richmond,QC,48.16059,-65.85823,3748,PPL,America/Toronto
6064704,Malartic,QC,48.13633,-78.12533,3710,PPL,America/Toronto
6137327,Saint-Adolphe-d'Howard,QC,45.96679,-74.33253,3702,PPL,America/Toronto
6325572,Neuville,QC,46.69823,-71.58275,3638,PPL,America/Toronto
5945016,East Angus,QC,45.48338,-71.66577,3634,PPL,America/Toronto
6325516,L'Ange-Gardien,QC,46.91976,-71.08253,3634,PPL,America/Toronto
6122288,Rigaud,QC,45.47927,-74.30238,3613,PPL,America/Toronto
5927024,Contrecoeur,QC,45.85008,-73.23245,3587,PPL,America/Toronto
6325486,Château-Richer,QC,46.96031,-71.03219,3563,PPL,America/Toronto
6137404,Saint-André-Avellin,QC,45.7168,-75.06599,3562,PPL,America/Toronto
11696023,Sainte-Claire,QC,46.60134,-70.86319,3526,PPL,America/Toronto
8593671,Saint-Pascal,QC,47.51813,-69.80301,3490,PPL,America/Toronto
6138310,Saint-Germain-de-Grantham,QC,45.83337,-72.56582,3485,PPL,America/Toronto
5944071,Dunham,QC,45.13338,-72.79913,3471,PPL,America/Toronto
5972291,Havre-Saint-Pierre,QC,50.24342,-63.60264,3460,PPL,America/Toronto
6943814,Grande-Riviere,QC,48.40026,-64.50108,3384,PPL,America/Toronto
6137982,Sainte-Marguerite-du-Lac-Masson,QC,46.03338,-74.0659,3367,PPL,America/Toronto
6620467,St-Jean-Port-Joli,QC,47.21418,-70.26969,3304,PPL,America/Toronto
6051264,Lebel-sur-Quévillon,QC,49.05018,-76.98273,3289,PPL,America/Toronto
6137947,Sainte-Julienne,QC,45.96677,-73.71587,3263,PPL,America/Toronto
6122078,Richmond,QC,45.66677,-72.1491,3232,PPL,America/Toronto
6138980,Saint-Raymond,QC,45.46698,-73.60948,3227,PPL,America/Toronto
6944109,Cabano,QC,47.68065,-68.8781,3199,PPL,America/Toronto
6139123,Saint-Thomas,QC,46.01677,-73.34915,3193,PPL,America/Toronto
6085960,Napierville,QC,45.18648,-73.40468,3124,PPL,America/Toronto
6942037,Trois Pistoles,QC,48.11667,-69.16667,3115,PPL,America/Toronto
6354894,Portneuf,QC,46.69058,-71.89011,3107,PPL,America/Toronto
6621052,Perce,QC,48.48794,-64.29852,3095,PPL,America/Toronto
6077338,Mont-Saint-Grégoire,QC,45.33338,-73.16585,3086,PPL,America/Toronto
5952337,Fermont,QC,52.79445,-67.08378,2966,PPL,America/Toronto
5955797,Fort-Coulonge,QC,45.842,-76.739,2911,PPL,America/Toronto
6138260,Saint-Gabriel,QC,46.30007,-73.38245,2901,PPL,America/Toronto
6945985,Dégelis,QC,47.54734,-68.64309,2884,PPL,America/Toronto
6075491,Mistissini,QC,50.41832,-73.86895,2869,PPL,America/Toronto
5978683,Huntingdon,QC,45.08339,-74.16593,2865,PPL,America/Toronto
6155298,Stanstead,QC,45.01455,-72.09131,2857,PPL,America/Toronto
6174335,Ville-Marie,QC,47.33345,-79.43297,2831,PPL,America/Toronto
6325479,Beaupré,QC,47.04428,-70.89529,2803,PPL,America/Toronto
6173241,Val-Morin,QC,46.00008,-74.18251,2772,PPL,America/Toronto
8379097,Pohénégamook,QC,47.46315,-69.22666,2770,PPL,America/Toronto
6062563,Macamic,QC,48.75018,-78.99962,2734,PPL,America/Toronto
6089179,Normandin,QC,48.83328,-72.53209,2728,PPL,America/Toronto
6104260,Piedmont,QC,45.90008,-74.13251,2721,PPL,America/Toronto
5897323,Bedford,QC,45.11678,-72.98244,2684,PPL,America/Toronto
6943825,Bonaventure,QC,48.04573,-65.49259,2673,PPL,America/Toronto
5994517,Kuujjuaq,QC,58.10732,-68.39968,2668,PPL,America/Toronto
7535673,Cap-Santé,QC,46.67159,-71.78812,2666,PPL,America/Toronto
5882428,Adstock,QC,46.05007,-71.08235,2643,PPL,America/Toronto
6137533,Saint-Bruno,QC,48.46679,-71.6491,2636,PPL,America/Toronto
6138535,Saint-Joseph,QC,45.95817,-73.22025,2576,PPL,America/Toronto
6945984,Saint-Anselme,QC,46.62922,-70.9734,2541,PPL,America/Toronto
6138038,Sainte-Martine,QC,45.25008,-73.79919,2535,PPL,America/Toronto
6028783,Lac-Lapierre,QC,45.89837,-73.77308,2480,PPL,America/Toronto
6166224,Thurso,QC,45.6001,-75.24931,2476,PPL,America/Toronto
13608179,Saint-Raphaël,QC,46.796,-70.75576,2458,PPL,America/Toronto
6172998,Valcourt,QC,45.50008,-72.31581,2451,PPL,America/Toronto
8354587,Saint-Lambert-de-Lauzon,QC,46.58624,-71.20892,2443,PPL,America/Toronto
6945992,Betsiamites,QC,48.94133,-68.64601,2428,PPL,America/Toronto
5885150,Ange-Gardien,QC,45.35008,-72.93244,2420,PPL,America/Toronto
6138719,Saint-Marc-des-Carrières,QC,46.68335,-72.0491,2358,PPL,America/Toronto
6944112,Forestville,QC,48.73808,-69.08478,2333,PPL,America/Toronto
6945993,Saint-Pamphile,QC,46.9578,-69.7806,2274,PPL,America/Toronto
5931427,Crabtree,QC,45.96677,-73.46586,2248,PPL,America/Toronto
6144195,Senneterre,QC,48.39302,-77.23951,2239,PPL,America/Toronto
5939663,Disraeli,QC,45.90007,-71.34907,2212,PPL,America/Toronto
8740857,Wendake,QC,46.86136,-71.35727,2200,PPL,America/Toronto
6137631,Saint-Côme--Linière,QC,46.06677,-70.51573,2167,PPL,America/Toronto
8616970,Causapscal,QC,48.36401,-67.23255,2147,PPL,America/Toronto
6114471,Puvirnituq,QC,60.03566,-77.27406,2129,PPL,America/Toronto
6072447,Métabetchouan,QC,48.36679,-72.01583,2123,PPL,America/Toronto
5952330,Ferme-Neuve,QC,46.70011,-75.44929,2115,PPL,America/Toronto
6138258,Saint-Fulgence,QC,48.45008,-70.89905,2061,PPL,America/Toronto
13712858,Saint-Ignace-de-Loyola,QC,46.06292,-73.12993,2048,PPL,America/Toronto
6065088,Mandeville,QC,46.36677,-73.34915,2043,PPL,America/Toronto
6137740,Sainte-Anne-de-la-Pérade,QC,46.58335,-72.1991,2031,PPL,America/Toronto
6138112,Saint-Esprit,QC,45.90007,-73.66587,2011,PPL,America/Toronto
5922281,Chute-aux-Outardes,QC,49.11679,-68.39896,2000,PPL,America/Toronto
6175108,Wakefield,QC,45.6668,-75.83265,2000,PPL,America/Toronto
7116273,Fossambault-sur-le-Lac,QC,46.87662,-71.61541,2000,PPL,America/Toronto
6067747,Matagami,QC,49.76326,-77.62735,1966,PPL,America/Toronto
8556283,Caplan,QC,48.10257,-65.68434,1966,PPL,America/Toronto
6137971,Sainte-Madeleine,QC,45.60008,-73.09914,1959,PPL,America/Toronto
8593691,Vallée-Jonction,QC,46.37441,-70.91881,1940,PPL,America/Toronto
6695808,Cacouna,QC,47.91657,-69.50054,1939,PPL,America/Toronto
6137952,Saint-Élie-de-Caxton,QC,46.48336,-72.96584,1934,PPL,America/Toronto
6944111,Sacré-Coeur,QC,48.2297,-69.80061,1881,PPL,America/Toronto
6138754,Saint-Mathieu,QC,45.31678,-73.51587,1879,PPL,America/Toronto
6138276,Saint-Gédéon,QC,48.50009,-71.76581,1859,PPL,America/Toronto
6162654,Témiscaming,QC,46.72122,-79.09712,1854,PPL,America/Toronto
6137764,Sainte-Béatrix,QC,46.20007,-73.61587,1849,PPL,America/Toronto
6176563,Waskaganish,QC,51.48333,-78.75,1839,PPL,America/Toronto
8593823,East Broughton,QC,46.21358,-71.07674,1832,PPL,America/Toronto
5919850,Chapais,QC,49.78344,-74.84919,1824,PPL,America/Toronto
5983577,Inukjuak,QC,58.45468,-78.10139,1821,PPL,America/Toronto
6138813,Saint-Narcisse,QC,46.56395,-72.47051,1801,PPL,America/Toronto
6138963,Saint-Placide,QC,45.53338,-74.19923,1784,PPL,America/Toronto
6138638,Saint-Liboire,QC,45.65068,-72.76348,1775,PPL,America/Toronto
5919569,Chambord,QC,48.43339,-72.06583,1773,PPL,America/Toronto
5935042,Danville,QC,45.78337,-72.0158,1761,PPL,America/Toronto
6122472,Ripon,QC,45.7834,-75.09929,1735,PPL,America/Toronto
6094391,Ormstown,QC,45.13338,-73.99922,1730,PPL,America/Toronto
11696027,Sainte-Perpétue,QC,47.06416,-69.92935,1715,PPL,America/Toronto
8605031,Sayabec,QC,48.56161,-67.68745,1706,PPL,America/Toronto
6138446,Saint-Jean-Baptiste,QC,45.3806,-74.0121,1703,PPL,America/Toronto
5957404,Franklin,QC,45.03338,-73.91591,1688,PPL,America/Toronto
6137381,Saint-Ambroise,QC,48.55447,-71.32148,1678,PPLA3,America/Toronto
6137842,Saint-Édouard,QC,45.23338,-73.51588,1672,PPL,America/Toronto
6138419,Saint-Jacques-le-Mineur,QC,45.28338,-73.41587,1672,PPL,America/Toronto
6137383,Saint-Ambroise,QC,46.07647,-73.55636,1655,PPL,America/Toronto
12076630,Manawan,QC,47.22029,-74.38606,1648,PPL,America/Toronto
5960304,Gentilly,QC,46.40005,-72.2741,1634,PPL,America/Toronto
6138103,Sainte-Sophie,QC,45.81678,-73.89919,1634,PPL,America/Toronto
6096672,Papineauville,QC,45.6168,-75.01599,1600,PPL,America/Toronto
6138569,Saint-Joseph-de-Sorel,QC,46.03336,-73.11585,1581,PPL,America/Toronto
8556261,Saint-Ulric,QC,48.78698,-67.70226,1567,PPL,America/Toronto
6137820,Sainte-Clotilde-de-Horton,QC,45.98336,-72.2324,1563,PPL,America/Toronto
11429024,Sainte-Élisabeth,QC,46.09502,-73.35176,1559,PPL,America/Toronto
6173690,Venise-en-Québec,QC,45.08338,-73.13245,1547,PPL,America/Toronto
6035592,Lacolle,QC,45.08338,-73.36585,1528,PPL,America/Toronto
6051272,Leblanc,QC,48.26683,-74.34914,1513,PPL,America/Toronto
5974029,Henryville,QC,45.13338,-73.18245,1497,PPL,America/Toronto
6943831,Lac-au-Saumon,QC,48.421,-67.34756,1488,PPL,America/Toronto
13061055,Tingwick,QC,45.88007,-71.94221,1484,PPL,America/Toronto
6137576,Saint-Charles,QC,45.70288,-73.55417,1482,PPL,America/Toronto
6128089,Rougemont,QC,45.43338,-73.04914,1481,PPL,America/Toronto
5992424,Kingsey Falls,QC,45.85007,-72.0658,1480,PPL,America/Toronto
6176654,Waswanipi,QC,49.73346,-76.16604,1473,PPL,America/Toronto
5915359,Cap-Chat,QC,49.09736,-66.68514,1466,PPL,America/Toronto
8224455,Saint-Antoine-de-Tilly,QC,46.66346,-71.57335,1462,PPL,America/Toronto
6139157,Saint-Ubalde,QC,46.75006,-72.2658,1456,PPL,America/Toronto
6052773,Les Cèdres,QC,45.31009,-74.05926,1434,PPL,America/Toronto
6091573,Noyan,QC,45.06678,-73.29915,1418,PPL,America/Toronto
5962440,Godefroy,QC,51.75012,-68.08213,1410,PPL,America/Toronto
6137823,Sainte-Croix,QC,45.13368,-72.80083,1401,PPL,America/Toronto
6137479,Saint-Barnabé-Sud,QC,45.72977,-72.92244,1387,PPL,America/Toronto
6054474,Linière,QC,46.00007,-70.41572,1385,PPL,America/Toronto
6138075,Saint-Éphrem-de-Beauce,QC,46.06677,-70.94905,1385,PPL,America/Toronto
6943833,New Carlisle,QC,48.00956,-65.33621,1358,PPL,America/Toronto
6325526,L'Isle-Verte,QC,48.01347,-69.34064,1356,PPL,America/Toronto
6137655,Saint-Damase,QC,45.53341,-72.99914,1349,PPL,America/Toronto
8616966,Pointe-à-la-Croix,QC,48.01634,-66.68186,1344,PPL,America/Toronto
11257139,Hérouxville,QC,46.66617,-72.62512,1340,PPL,America/Toronto
6955478,Les Escoumins,QC,48.35191,-69.40724,1339,PPL,America/Toronto
6138628,Saint-Léonard-d'Aston,QC,46.10723,-72.3735,1336,PPL,America/Toronto
6138118,Sainte-Thècle,QC,46.81676,-72.49911,1333,PPL,America/Toronto
5994853,Labrecque,QC,48.66679,-71.53239,1328,PPL,America/Toronto
6138558,Saint-Joseph-de-Coleraine,QC,45.96677,-71.36577,1319,PPL,America/Toronto
5935388,Daveluyville,QC,46.20006,-72.13239,1318,PPL,America/Toronto
6945997,Maliotenam,QC,50.21119,-66.18164,1316,PPL,America/Toronto
13061023,Saint-Louis-du-Ha Ha,QC,47.66602,-68.97638,1311,PPL,America/Toronto
6137353,Saint-Alexandre,QC,45.5001,-75.74935,1304,PPL,America/Toronto
8556258,Saint-Siméon,QC,47.84431,-69.87837,1300,PPL,America/Toronto
6035664,La Conception,QC,46.15009,-74.69925,1287,PPL,America/Toronto
6137649,Saint-Cyrille-de-Wendover,QC,45.93336,-72.43241,1279,PPL,America/Toronto
13060932,Riviere-Bleue,QC,47.43407,-69.04283,1261,PPL,America/Toronto
6092873,Oka,QC,45.46489,-74.08892,1254,PPL,America/Toronto
6042689,Lac-Simon,QC,46.15699,-74.74129,1243,PPL,America/Toronto
6185138,Yamachiche,QC,46.28175,-72.82873,1240,PPL,America/Toronto
5994763,Labelle,QC,46.28339,-74.73255,1239,PPL,America/Toronto
6049035,La Minerve,QC,46.25009,-74.93257,1234,PPL,America/Toronto
6139181,Saint-Victor,QC,45.61118,-73.51527,1233,PPL,America/Toronto
6137692,Saint-Donat-de-Montcalm,QC,46.31868,-74.22171,1213,PPL,America/Toronto
6005297,Lac-Connelly,QC,45.89788,-73.9723,1212,PPL,America/Toronto
6145563,Shawville,QC,45.60011,-76.4827,1203,PPL,America/Toronto
13060930,Mont-Carmel,QC,47.44084,-69.85657,1200,PPL,America/Toronto
6091445,Notre-Dame-du-Lac,QC,46.75012,-79.04961,1184,PPL,America/Toronto
5888681,Ayer's Cliff,QC,45.16773,-72.04001,1180,PPL,America/Toronto
5894033,Barraute,QC,48.43349,-77.63279,1180,PPL,America/Toronto
6050216,L'Ascension-de-Notre-Seigneur,QC,48.68339,-71.6658,1134,PPL,America/Toronto
6138802,Saint-Michel-des-Saints,QC,46.67702,-73.91881,1131,PPLA3,America/Toronto
12076636,Parc-Boutin,QC,45.29209,-73.26154,1127,PPL,America/Toronto
8616967,Maria,QC,48.1749,-65.98595,1124,PPL,America/Toronto
6138400,Saint-Isidore,QC,47.43345,-79.29965,1122,PPL,America/Toronto
6104329,Pierreville,QC,46.07034,-72.81125,1119,PPL,America/Toronto
6139166,Saint-Valère,QC,46.06676,-72.09909,1118,PPL,America/Toronto
12076634,Le Bic,QC,48.37549,-68.69415,1115,PPL,America/Toronto
6138974,Saint-Raphaël,QC,46.25011,-76.01605,1113,PPL,America/Toronto
12076629,Luceville,QC,48.54498,-68.39658,1112,PPL,America/Toronto
6067547,Maskinongé,QC,46.2286,-73.01917,1105,PPL,America/Toronto
6137927,Sainte-Jeanne-d'Arc,QC,48.86673,-72.08221,1101,PPL,America/Toronto
6943834,Carleton,QC,48.10252,-66.11962,1101,PPLL,America/Toronto
6137539,Saint-Bruno-de-Guigues,QC,47.46685,-79.43296,1100,PPL,America/Toronto
6137352,Saint-Alexandre,QC,50.02539,-66.86155,1093,PPL,America/Toronto
6091451,Notre-Dame-du-Mont-Carmel,QC,46.0168,-75.08259,1091,PPL,America/Toronto
5883074,Albanel,QC,48.88324,-72.44867,1087,PPL,America/Toronto
12076647,Saint-Pacôme,QC,47.40457,-69.95025,1087,PPL,America/Toronto
6139393,Salluit,QC,62.20411,-75.64344,1075,PPL,America/Toronto
6137676,Saint-Denis-sur-Richelieu,QC,45.78338,-73.14915,1067,PPL,America/Toronto
11429023,Saint-Norbert,QC,46.16949,-73.31494,1059,PPL,America/Toronto
12076648,Weedon Centre,QC,45.70802,-71.45986,1059,PPL,America/Toronto
6137970,Saint-Elzéar,QC,45.60338,-73.72698,1057,PPL,America/Toronto
6943733,Weymontachie,QC,47.8994,-73.7772,1038,PPL,America/Toronto
6137525,Saint-Boniface,QC,46.50011,-75.98264,1035,PPL,America/Toronto
11669521,Desbiens,QC,48.41792,-71.9477,1034,PPL,America/Toronto
6137900,Sainte-Geneviève-de-Batiscan,QC,46.53005,-72.33881,1028,PPL,America/Toronto
5927234,Cookshire,QC,45.41536,-71.62962,1021,PPL,America/Toronto
6138968,Saint-Prime,QC,48.59242,-72.33555,1021,PPL,America/Toronto
8425789,Saint-Roch-des-Aulnaies,QC,47.31078,-70.17719,1000,PPL,America/Toronto
11497449,Rivière-Ouelle,QC,47.43267,-70.01703,995,PPL,America/Toronto
6076939,Montebello,QC,45.6501,-74.93258,978,PPL,America/Toronto
6138196,Saint-Faustin,QC,46.11679,-74.48253,976,PPL,America/Toronto
12076655,Saint-Flavien,QC,46.51187,-71.59648,975,PPL,America/Toronto
5894962,Batiscan,QC,46.4947,-72.2515,958,PPL,America/Toronto
5989203,Kangiqsualujjuaq,QC,58.69143,-65.95247,956,PPL,America/Toronto
12626117,Senneville,QC,45.43256,-73.95499,951,PPL,America/Toronto
13512441,Saint-Rosaire,QC,46.16424,-72.02542,932,PPL,America/Toronto
6051726,Lefebvre,QC,45.71677,-72.41581,925,PPL,America/Toronto
6112876,Preissac,QC,48.40018,-78.36626,914,PPL,America/Toronto
8616969,Val-Brillant,QC,48.53133,-67.54626,899,PPL,America/Toronto
6126336,Rock Island,QC,45.00699,-72.09628,897,PPL,America/Toronto
6137566,Saint-Célestin,QC,46.21676,-72.43241,892,PPL,America/Toronto
13512988,Sainte-Hélène-de-Kamouraska,QC,47.5904,-69.73011,891,PPL,America/Toronto
6060697,Lotbinière,QC,46.61675,-71.93239,887,PPL,America/Toronto
6146045,Shenley,QC,46.00007,-70.83234,882,PPL,America/Toronto
5978052,Huberdeau,QC,45.97513,-74.63384,863,PPL,America/Toronto
6168788,Très-Saint-Rédempteur,QC,45.43339,-74.38254,863,PPL,America/Toronto
6639665,Tadoussac,QC,48.15001,-69.71667,858,PPL,America/Toronto
5989931,Kazabazua,QC,45.95011,-76.01606,847,PPL,America/Toronto
5989205,Kangiqsujuaq,QC,61.59852,-71.96026,837,PPL,America/Toronto
6142503,Scott,QC,49.81684,-74.58248,813,PPL,America/Toronto
5973741,Hemmingford,QC,45.05008,-73.58248,808,PPL,America/Toronto
5928972,Courcelles,QC,45.87492,-70.98378,800,PPL,America/Toronto
5928474,Côte-Nord-du-Golfe-du-Saint-Laurent,QC,50.48,-59.616,787,PPL,America/Blanc-Sablon
6089250,Normétal,QC,49.00019,-79.36635,778,PPL,America/Toronto
6943820,Murdochville,QC,48.9583,-65.5006,764,PPL,America/Toronto
6139113,Saint-Théophile,QC,45.93338,-70.48233,743,PPL,America/Toronto
5994861,Labrieville,QC,49.30009,-69.56294,718,PPL,America/Toronto
5906269,Bouchette,QC,46.21681,-75.96605,695,PPL,America/Toronto
6137587,Saint-Charles-de-Bourget,QC,48.56679,-71.36578,690,PPL,America/Toronto
6138341,Saint-Herménégilde,QC,45.10009,-71.66577,690,PPL,America/Toronto
6354900,Saint-André,QC,47.67833,-69.72229,690,PPL,America/Toronto
5994519,Kuujjuarapik,QC,55.2759,-77.76243,686,PPL,America/Toronto
7283711,Saint-Mathieu-de-Rioux,QC,48.18317,-68.98693,672,PPL,America/Toronto
13512990,Saint-Gabriel-Lalemant,QC,47.38254,-69.92955,660,PPL,America/Toronto
5882994,Akulivik,QC,60.80056,-78.19935,642,PPL,America/Toronto
6155299,Stanstead-Est,QC,45.10009,-72.04908,642,PPL,America/Toronto
5989831,Kawawachikamach,QC,54.86693,-66.76522,641,PPLL,America/Toronto
6085763,Namur,QC,45.9001,-74.93258,633,PPL,America/Toronto
13712863,Ferland-et-Boilleau,QC,48.18154,-70.84608,632,PPL,America/Toronto
6269202,Lac-des-Aigles,QC,47.99038,-68.67777,629,PPLA3,America/Toronto
6325493,Kamouraska,QC,47.56593,-69.86631,589,PPL,America/Toronto
12076678,Saint-Bernard-de-l'Île-aux-Coudres,QC,47.0686,-70.5417,576,PPL,America/Toronto
6138047,Saint-Émile-de-Suffolk,QC,45.9334,-74.91597,566,PPL,America/Toronto
5913628,Calumet,QC,45.65148,-74.63536,550,PPL,America/Toronto
6171824,Umiujaq,QC,56.55305,-76.54947,541,PPL,America/Toronto
6138947,Saint-Pierre-de-Véronne-à-Pike-River,QC,45.11678,-73.06585,525,PPL,America/Toronto
13512989,Saint-Onésime-d'Ixworth,QC,47.32664,-69.98231,522,PPL,America/Toronto
13512987,St-Bruno,QC,47.45693,-69.75424,515,PPL,America/Toronto
5964356,Grandes-Piles,QC,46.68666,-72.72606,500,PPL,America/Toronto
6101321,Péribonka,QC,48.76677,-72.04905,464,PPL,America/Toronto
6114894,Quaqtaq,QC,61.03375,-69.61472,453,PPL,America/Toronto
5992712,Kipawa,QC,46.78343,-78.98291,446,PPL,America/Toronto
6161803,Tasiujaq,QC,58.69594,-69.92764,420,PPL,America/Toronto
5891492,Baie-Trinité,QC,49.42,-67.304,419,PPL,America/Toronto
5984875,Ivujivik,QC,62.41737,-77.91592,414,PPL,America/Toronto
6074639,Mingan,QC,50.292,-64.03196,407,PPL,America/Toronto
5897874,Belleterre,QC,47.38344,-78.69961,350,PPL,America/Toronto
5957506,Franquelin,QC,49.30007,-67.84367,324,PPL,America/Toronto
5962422,Godbout,QC,49.31679,-67.5989,298,PPL,America/Toronto
6174211,Vieux-Fort,QC,51.42565,-57.81796,256,PPL,America/Blanc-Sablon
6086225,Natashquan,QC,50.18514,-61.81912,246,PPL,America/Toronto
5882640,Aguanish,QC,50.22,-62.083,245,PPL,America/Toronto
6142001,Schefferville,QC,54.80022,-66.83183,244,PPL,America/Toronto
5888355,Aupaluk,QC,59.30041,-69.59853,233,PPL,America/Toronto
6019337,Lac-Édouard,QC,47.66125,-72.27214,220,PPL,America/Toronto
6053856,L'Île-d'Anticosti,QC,49.50014,-62.99859,218,PPL,America/Toronto
5971258,Harrington Harbour,QC,50.50012,-59.47801,205,PPL,America/Blanc-Sablon
6115701,Radisson,QC,53.79179,-77.61643,203,PPL,America/Toronto
6639618,Baie-Sainte-Catherine,QC,48.10617,-69.72834,200,PPL,America/Toronto
6111957,Port-Menier,QC,49.81844,-64.35199,177,PPL,America/Toronto
6125931,Rochebaucourt,QC,48.68349,-77.49948,161,PPL,America/Toronto
5990251,Kegaska,QC,50.18374,-61.27098,124,PPL,America/Blanc-Sablon
5893094,Barkmere,QC,46.00009,-74.58254,87,PPL,America/Toronto
8593831,Routhierville,QC,48.18148,-67.14775,20,PPL,America/Toronto
6051364,Le Canton,QC,49.81276,-64.34182,17,PPL,America/Toronto
6108252,Pointe-Ouest,QC,49.86389,-64.5225,2,PPL,America/Toronto
6141256,Saskatoon,SK,52.13238,-106.66892,266141,PPL,America/Regina
6119109,Regina,SK,50.45008,-104.6178,226404,PPLA,America/Regina
6113335,Prince Albert,SK,53.20008,-105.76772,35102,PPL,America/Regina
6078112,Moose Jaw,SK,50.40005,-105.53445,33890,PPL,America/Regina
6089404,North Battleford,SK,52.77972,-108.2967,19440,PPL,America/Regina
6160603,Swift Current,SK,50.28337,-107.80135,16604,PPL,America/Swift_Current
6185607,Yorkton,SK,51.2167,-102.46766,16343,PPL,America/Regina
5919015,Central Business District,SK,52.13032,-106.66228,12101,PPL,America/Regina
5949568,Estevan,SK,49.13337,-102.98422,11258,PPL,America/Regina
6176226,Warman,SK,52.31679,-106.56791,10961,PPL,America/Regina
6179652,Weyburn,SK,49.66675,-103.85109,10870,PPL,America/Regina
6067033,Martensville,SK,52.28339,-106.66792,9645,PPL,America/Regina
6071876,Melfort,SK,52.86673,-104.61768,5778,PPL,America/Regina
6050066,La Ronge,SK,55.10013,-105.28422,5671,PPL,America/Regina
6071421,Meadow Lake,SK,54.13348,-108.43471,5266,PPL,America/Regina
5978404,Humboldt,SK,52.20005,-105.1255,4822,PPL,America/Regina
6088469,Nipawin,SK,53.36678,-104.00092,4401,PPL,America/Regina
5895070,Battleford,SK,52.73486,-108.3091,4400,PPL,America/Regina
5992154,Kindersley,SK,51.46681,-109.16818,4249,PPL,America/Regina
6071971,Melville,SK,50.91671,-102.80099,4127,PPL,America/Regina
6180266,White City,SK,50.43338,-104.36778,3099,PPL,America/Regina
6166987,Tisdale,SK,52.85002,-104.05096,2862,PPL,America/Regina
6078359,Moosomin,SK,50.14261,-101.66666,2485,PPL,America/Regina
6172009,Unity,SK,52.45014,-109.16816,2475,PPL,America/Regina
5887798,Assiniboia,SK,49.63336,-105.98446,2389,PPL,America/Regina
6127749,Rosetown,SK,51.5501,-108.00136,2309,PPL,America/Regina
6095416,Outlook,SK,51.48803,-107.05644,2279,PPL,America/Regina
5949563,Esterhazy,SK,50.65001,-102.08426,2194,PPL,America/Regina
6104745,Pilot Butte,SK,50.48011,-104.41911,2137,PPL,America/Regina
6065592,Maple Creek,SK,49.90628,-109.48094,2121,PPL,America/Regina
5899982,Biggar,SK,52.05978,-107.98844,2068,PPL,America/Regina
5915098,Canora,SK,51.63328,-102.43425,2055,PPL,America/Regina
5955922,Fort Qu'Appelle,SK,50.76677,-103.80103,1972,PPL,America/Regina
6100681,Pelican Narrows,SK,55.16685,-102.9341,1942,PPL,America/Regina
5989068,Kamsack,SK,51.56668,-101.90093,1898,PPL,America/Regina
6176928,Watrous,SK,51.66677,-105.46788,1865,PPL,America/Regina
6061979,Lumsden,SK,50.65009,-104.86783,1824,PPL,America/Regina
5892190,Balgonie,SK,50.48338,-104.26778,1756,PPL,America/Regina
6185021,Wynyard,SK,51.76674,-104.18436,1732,PPL,America/Regina
6145425,Shaunavon,SK,49.65005,-108.4181,1658,PPL,America/Regina
5982839,Indian Head,SK,50.53336,-103.66775,1642,PPL,America/Regina
6119113,Regina Beach,SK,50.79146,-104.98006,1629,PPL,America/Regina
5917262,Carlyle,SK,49.63334,-102.26765,1508,PPL,America/Regina
5934709,Dalmeny,SK,52.34077,-106.7712,1504,PPL,America/Regina
5978133,Hudson Bay,SK,52.85003,-102.38425,1504,PPL,America/Regina
6049403,Langham,SK,52.35892,-106.96167,1496,PPL,America/Regina
6128008,Rosthern,SK,52.66679,-106.33446,1405,PPL,America/Regina
6174914,Wadena,SK,51.94999,-103.80102,1306,PPL,America/Regina
6182001,Wilkie,SK,52.41683,-108.70142,1301,PPL,America/Regina
6063429,Macklin,SK,52.33344,-109.93484,1257,PPL,America/Regina
6175195,Waldheim,SK,52.621,-106.653,1237,PPL,America/Regina
6049515,Lanigan,SK,51.85006,-105.03443,1204,PPL,America/Regina
5932161,Creighton,SK,54.75014,-101.90078,1203,PPL,America/Winnipeg
6145951,Shellbrook,SK,53.21679,-106.40109,1192,PPL,America/Regina
6049379,Langenburg,SK,50.84999,-101.71763,1165,PPL,America/Regina
5935486,Davidson,SK,51.26676,-105.98449,1164,PPL,America/Regina
5955084,Foam Lake,SK,51.65001,-103.53431,1138,PPL,America/Regina
5965462,Gravelbourg,SK,49.88336,-106.55122,1109,PPL,America/Regina
5991284,Kerrobert,SK,51.91682,-109.13479,1061,PPL,America/Regina
6095751,Oxbow,SK,49.23335,-102.1676,1058,PPL,America/Regina
5937538,Delisle,SK,51.9236,-107.13518,1024,PPL,America/Regina
5910853,Buffalo Narrows,SK,55.86086,-108.479,1014,PPL,America/Regina
6112862,Preeceville,SK,51.94998,-102.66766,1003,PPL,America/Regina
5966821,Grenfell,SK,50.41674,-102.93432,997,PPL,America/Regina
5949601,Eston,SK,51.1501,-108.75144,979,PPL,America/Regina
6175101,Wakaw,SK,52.65007,-105.7344,978,PPL,America/Regina
5917430,Caronport,SK,50.45006,-105.81787,972,PPL,America/Regina
5992724,Kipling,SK,50.10003,-102.6343,969,PPL,America/Regina
5917349,Carnduff,SK,49.17379,-101.79633,950,PPL,America/Regina
5917605,Carrot River,SK,53.28337,-103.58423,950,PPL,America/Regina
5967988,Gull Lake,SK,50.10007,-108.48471,949,PPL,America/Regina
5990669,Kelvington,SK,52.16669,-103.5343,941,PPL,America/Regina
6152123,Southey,SK,50.93338,-104.5011,832,PPL,America/Regina
5974093,Herbert,SK,50.43337,-107.21799,770,PPL,America/Regina
5899466,Bienfait,SK,49.143,-102.805,668,PPL,America/Regina
5900745,Big River,SK,53.83341,-107.01783,666,PPL,America/Regina
5945364,Eastend,SK,49.51674,-108.81813,607,PPL,America/Regina
5910266,Bruno,SK,52.26676,-105.51783,604,PPL,America/Regina
6158673,St. Walburg,SK,53.635,-109.203,591,PPL,America/Regina
6177250,Wawota,SK,49.90003,-102.03427,555,PPL,America/Regina
6117705,Raymore,SK,51.40999,-104.52689,507,PPL,America/Regina
5931568,Craik,SK,51.05006,-105.81788,446,PPL,America/Regina
5994696,Kyle,SK,50.83338,-108.03467,423,PPL,America/Regina
5968839,Hafford,SK,52.72656,-107.352,414,PPL,America/Regina
6083893,Muenster,SK,52.19,-104.994,403,PPL,America/Regina
6079264,Mossbank,SK,49.93336,-105.96786,360,PPL,America/Regina
6157138,Stockholm,SK,50.65001,-102.30097,352,PPL,America/Regina
5898304,Bengough,SK,49.40006,-105.13439,332,PPL,America/Regina
5936333,Debden,SK,53.5168,-106.88444,327,PPL,America/Regina
6065395,Manor,SK,49.60003,-102.08424,295,PPL,America/Regina
6175177,Waldeck,SK,50.36676,-107.60133,294,PPL,America/Regina
6078998,Mortlach,SK,50.45007,-106.06789,274,PPL,America/Regina
5983624,Invermay,SK,51.80586,-103.15281,273,PPL,America/Regina
6048197,Laird,SK,52.71679,-106.58447,265,PPL,America/Regina
5919937,Chaplin,SK,50.46092,-106.65605,222,PPL,America/Regina
5990851,Kennedy,SK,50.01673,-102.35099,216,PPL,America/Regina
6078954,Morse,SK,50.41677,-107.05128,216,PPL,America/Regina
5902121,Bjorkdale,SK,52.71671,-103.65097,201,PPL,America/Regina
5958782,Furdale,SK,52.08339,-106.68453,181,PPL,America/Regina
5926901,Conquest,SK,51.53338,-107.23459,167,PPL,America/Regina
6167524,Tompkins,SK,50.06677,-108.78474,153,PPL,America/Regina
5924007,Climax,SK,49.207,-108.387,137,PPL,America/Regina
6173236,Val Marie,SK,49.23334,-107.73461,126,PPL,America/Regina
6062881,Macdowall,SK,53.01678,-106.01777,125,PPLL,America/Regina
5898524,Benson,SK,49.45006,-103.01766,116,PPL,America/Regina
5919514,Chamberlain,SK,50.85007,-105.56786,111,PPL,America/Regina
6183870,Wollaston Lake,SK,58.11137,-103.15646,99,PPLL,America/Regina
6155240,Stanley Mission,SK,55.41684,-104.55087,95,PPLL,America/Regina
6167261,Togo,SK,51.39998,-101.58422,83,PPL,America/Regina
6116204,Rama,SK,51.7574,-102.99894,80,PPL,America/Regina
6156938,St. Joseph's,SK,50.50008,-104.18437,76,PPLL,America/Regina
5942688,Drinkwater,SK,50.30007,-105.13442,74,PPL,America/Regina
6159739,Sunset View Beach,SK,53.54458,-108.6347,74,PPL,America/Regina
6172763,Uranium City,SK,59.56707,-108.6183,73,PPLL,America/Regina
6177399,Webb,SK,50.18337,-108.20138,71,PPL,America/Regina
5888701,Aylesbury,SK,50.93336,-105.68447,70,PPL,America/Regina
5914843,Cando,SK,52.38342,-108.23467,66,PPL,America/Regina
6175104,Wakaw Lake,SK,52.639,-105.651,66,PPL,America/Regina
6184288,Woodrow,SK,49.70006,-106.71793,58,PPL,America/Regina
6136489,Rush Lake,SK,50.40006,-107.40131,55,PPL,America/Regina
6154462,Spruce Lake,SK,53.53348,-109.08475,55,PPL,America/Regina
6177719,Weirdale,SK,53.45009,-105.25097,55,PPL,America/Regina
6103959,Piapot,SK,49.98337,-109.11817,50,PPL,America/Regina
6173604,Vawn,SK,53.11686,-108.6847,49,PPL,America/Regina
5901886,Birsay,SK,51.10007,-106.98458,46,PPL,America/Regina
5903053,Black Point,SK,56.36691,-109.45159,43,PPLL,America/Regina
5895886,Bear Creek,SK,56.29828,-108.97317,33,PPLL,America/Regina
6153024,Sovereign,SK,51.5168,-107.71803,25,PPL,America/Regina
5949307,Ernfold,SK,50.447,-106.892,20,PPL,America/Regina
6125877,Robsart,SK,49.38334,-109.28477,20,PPL,America/Regina
6158664,St. Victor,SK,49.43336,-105.86784,20,PPL,America/Regina
6173994,Viceroy,SK,49.46676,-105.3678,20,PPL,America/Regina
5961508,Girvin,SK,51.15006,-105.91788,15,PPL,America/Regina
5991609,Khedive,SK,49.61677,-104.51779,15,PPL,America/Regina
6058314,Lockwood,SK,51.65006,-105.01783,15,PPL,America/Regina
5886799,Arelee,SK,52.25011,-107.50129,10,PPL,America/Regina
5914668,Camsell Portage,SK,59.61693,-109.2513,10,PPLL,America/Regina
5959808,Garson Lake,SK,56.31692,-109.96837,10,PPLL,America/Regina
6068464,Mazenod,SK,49.86676,-106.21788,10,PPL,America/Regina
6096381,Palmer,SK,49.85006,-106.3512,10,PPL,America/Regina
6149394,Sled Lake,SK,54.43345,-107.33455,10,PPLL,America/Regina
6176576,Waskesiu Lake,SK,53.92264,-106.08192,10,PPLL,America/Regina
5938172,Descharme Lake,SK,57.10022,-109.20156,5,PPLL,America/Regina
5940954,Dollard,SK,49.61675,-108.58471,5,PPL,America/Regina
6060985,Loverna,SK,51.66682,-110.00157,5,PPL,America/Edmonton
6161702,Tarnopol,SK,52.70003,-105.38386,5,PPL,America/Regina
6180550,Whitehorse,YT,60.71611,-135.05375,28201,PPLA,America/Whitehorse
6176992,Watson Lake,YT,60.06349,-128.70893,1547,PPL,America/Whitehorse
6943713,Dawson City,YT,64.06013,-139.43328,1375,PPL,America/Dawson
6172408,Upper Liard,YT,60.04958,-128.90613,642,PPLL,America/Whitehorse
5969025,Haines Junction,YT,60.75216,-137.51082,613,PPL,America/Whitehorse
5917270,Carmacks,YT,62.08835,-136.29295,588,PPL,America/Whitehorse
6068416,Mayo,YT,63.59274,-135.89984,540,PPL,America/Whitehorse
5916754,Carcross,YT,60.16609,-134.70367,446,PPL,America/Whitehorse
6127994,Ross River,YT,61.97781,-132.44928,355,PPL,America/Whitehorse
6093114,Old Crow,YT,67.57007,-139.83047,249,PPLL,America/Whitehorse
5882841,Aishihik,YT,61.59801,-137.51226,0,PPLL,America/Whitehorse
5892222,Ballarat Creek,YT,62.91612,-138.97083,0,PPLL,America/Whitehorse
5893117,Barlow,YT,63.73285,-137.6542,0,PPLL,America/Whitehorse
5895907,Bear Creek,YT,64.02866,-139.25445,0,PPLL,America/Whitehorse
5895908,Bear Creek,YT,60.79936,-137.67753,0,PPL,America/Whitehorse
5902732,Black Hills,YT,63.46613,-138.83758,0,PPLL,America/Whitehorse
5906450,Boundary,YT,64.67726,-140.98788,0,PPLL,America/Whitehorse
5907279,Braeburn,YT,61.51191,-135.8372,0,PPLL,America/Whitehorse
5908537,Brewer Creek,YT,63.18135,-138.99592,0,PPLL,America/Whitehorse
5909032,Britannia Creek,YT,62.86612,-138.67081,0,PPLL,America/Whitehorse
5909524,Brooks Brook,YT,60.41615,-133.20077,0,PPLL,America/Whitehorse
5912314,Burwash Landing,YT,61.35515,-138.99602,0,PPL,America/Whitehorse
5913629,Calumet,YT,63.92749,-135.38916,0,PPLL,America/Whitehorse
5915190,Canyon,YT,60.85767,-137.0581,0,PPLL,America/Whitehorse
5915194,Canyon City,YT,61.81604,-140.77084,0,PPLL,America/Whitehorse
5915220,Canyon Crescent,YT,60.66111,-135.04028,0,PPL,America/Whitehorse
5916756,Carcross Cutoff,YT,60.59521,-134.88152,0,PPLL,America/Whitehorse
5916923,Caribou,YT,63.83447,-138.75107,0,PPLL,America/Whitehorse
5919592,Champagne,YT,60.78828,-136.48306,0,PPLL,America/Whitehorse
5923562,Clear Creek,YT,63.78286,-137.2875,0,PPLL,America/Whitehorse
5924045,Clinton Creek,YT,64.40084,-140.60313,0,PPLL,America/Whitehorse
5924831,Coffee Creek,YT,62.91612,-139.08744,0,PPLL,America/Whitehorse
5926904,Conrad,YT,60.06749,-134.56053,0,PPLL,America/Whitehorse
5931202,Cowley,YT,60.51751,-134.90931,0,PPLL,America/Whitehorse
5932319,Crestview,YT,60.7875,-135.16667,0,PPL,America/Whitehorse
5934737,Dalton Post,YT,60.11875,-137.04408,0,PPLL,America/Whitehorse
5935790,Dawson,YT,64.04321,-139.41668,0,PPL,America/Whitehorse
5938306,Destruction Bay,YT,61.25356,-138.81089,0,PPLL,America/Whitehorse
5938869,De Wette,YT,60.3716,-134.82039,0,PPLL,America/Whitehorse
5938928,Dezadeash,YT,60.37155,-137.05945,0,PPLL,America/Whitehorse
5941415,Dominion,YT,63.66195,-138.66122,0,PPLL,America/Whitehorse
5942566,Dredge Creek,YT,63.41614,-139.20428,0,PPLL,America/Whitehorse
5944847,Eagle Plains,YT,66.37181,-136.74075,0,PPLL,America/Whitehorse
5948128,Elsa,YT,63.87274,-135.67017,0,PPL,America/Whitehorse
5951659,Faro,YT,62.23052,-133.35325,0,PPL,America/Whitehorse
5954248,Flat Creek,YT,63.94258,-138.62378,0,PPLL,America/Whitehorse
5955569,Forestview,YT,60.81111,-135.2,0,PPL,America/Whitehorse
5955924,Fort Reliance,YT,64.14527,-139.48508,0,PPLL,America/Whitehorse
5955949,Fort Selkirk,YT,62.77499,-137.38991,0,PPLL,America/Whitehorse
5956027,Forty Mile,YT,64.42305,-140.53643,0,PPLL,America/Whitehorse
5956028,Forty Mile,YT,63.6829,-136.69581,0,PPLL,America/Whitehorse
5957259,FrancesLake,YT,61.27464,-129.28685,0,PPLL,America/Whitehorse
5961842,Glenboyle,YT,63.96448,-138.72659,0,PPLL,America/Whitehorse
5962552,Gold Bottom,YT,63.96337,-138.96271,0,PPLL,America/Whitehorse
5962743,Gold Run,YT,63.69945,-138.59602,0,PPLL,America/Whitehorse
5963500,Gordon Landing,YT,63.62606,-135.44844,0,PPLL,America/Whitehorse
5964402,Grand Forks,YT,63.92025,-139.31692,0,PPLL,America/Whitehorse
5964712,Grand Valley Roadhouse,YT,63.09948,-137.77083,0,PPLL,America/Whitehorse
5965021,Granville,YT,63.66885,-138.62102,0,PPLL,America/Whitehorse
5965499,Gravel Lake,YT,63.81622,-137.90426,0,PPLL,America/Whitehorse
5974379,Herschel,YT,69.56868,-138.91105,0,PPL,America/Whitehorse
5975173,Hillcrest,YT,60.7125,-135.09028,0,PPL,America/Whitehorse
5976763,Hootalinqua,YT,61.58276,-134.90387,0,PPLL,America/Whitehorse
5979163,Ibex Valley,YT,60.852,-135.61,0,PPLL,America/Whitehorse
5984116,Isaac Creek,YT,62.82722,-138.50409,0,PPLL,America/Whitehorse
5985511,Jakes Corner,YT,60.33972,-133.97581,0,PPLL,America/Whitehorse
5986286,Jensen Creek,YT,63.77307,-138.53763,0,PPLL,America/Whitehorse
5987448,Johnsons Crossing,YT,60.48835,-133.30078,0,PPL,America/Whitehorse
5991048,Keno Hill,YT,63.90799,-135.30686,0,PPL,America/Whitehorse
5992840,Kirkman Creek,YT,62.99252,-139.38479,0,PPLL,America/Whitehorse
5993434,Klondike,YT,64.05005,-139.43753,0,PPLL,America/Dawson
5993508,Klukshu,YT,60.29375,-137.00523,0,PPLL,America/Whitehorse
5993831,Koidern,YT,61.98266,-140.49585,0,PPLL,America/Whitehorse
5994713,Kynocks,YT,61.2619,-135.97748,0,PPLL,America/Whitehorse
6049547,Lansdowne,YT,60.26049,-134.77448,0,PPLL,America/Whitehorse
6049618,Lansing,YT,63.7441,-133.47622,0,PPLL,America/Whitehorse
6049796,Lapierre House,YT,67.39542,-137.01323,0,PPLL,America/Whitehorse
6055749,Little Gold,YT,64.08549,-141.0045,0,PPLL,America/Whitehorse
6057159,Little River,YT,60.90501,-135.69962,0,PPLL,America/Whitehorse
6057268,Little Salmon,YT,62.04948,-135.68736,0,PPLL,America/Whitehorse
6057586,Little Teslin Lake,YT,60.48135,-133.4689,0,PPLL,America/Whitehorse
6063790,MacRae,YT,60.63691,-135.00093,0,PPL,America/Whitehorse
6067626,Mason Landing,YT,61.43276,-134.65384,0,PPLL,America/Whitehorse
6068672,McCabe Creek,YT,62.53558,-136.77072,0,PPLL,America/Whitehorse
6071151,McQuesten,YT,63.55377,-137.40973,0,PPLL,America/Whitehorse
6075010,Minto,YT,60.38,-134.82039,0,PPLL,America/Whitehorse
6075011,Minto,YT,62.58839,-136.87214,0,PPLL,America/Whitehorse
6075013,Minto Bridge,YT,63.70245,-135.86236,0,PPLL,America/Whitehorse
6076693,Montague,YT,61.78271,-136.02062,0,PPLL,America/Whitehorse
6078026,Moosehide,YT,64.09526,-139.43917,0,PPLL,America/Whitehorse
6078664,Morley River,YT,60.00918,-132.1688,0,PPLL,America/Whitehorse
6081616,Mount Lorne,YT,60.44757,-134.86095,0,PPLL,America/Whitehorse
6087117,Nesketahin,YT,60.13215,-137.05938,0,PPLL,America/Whitehorse
6092747,Ogilvie,YT,63.56332,-139.74603,0,PPLL,America/Whitehorse
6098358,Paris,YT,63.81447,-138.65435,0,PPLL,America/Whitehorse
6100761,Pelly Crossing,YT,62.83031,-136.58134,0,PPL,America/Whitehorse
6100767,Pelly Lakes,YT,62.05798,-130.23696,0,PPLL,America/Whitehorse
6111781,Porter Creek,YT,60.76667,-135.14167,0,PPL,America/Whitehorse
6115265,Quill Creek,YT,61.51187,-139.33042,0,PPLL,America/Whitehorse
6116289,Rampart House,YT,67.41621,-140.98869,0,PPL,America/Whitehorse
6116391,Rancheria,YT,60.08701,-130.6062,0,PPLL,America/Whitehorse
6117782,Readford,YT,63.77724,-139.11687,0,PPLL,America/Whitehorse
6122627,Riverdale,YT,60.70694,-135.02361,0,PPL,America/Whitehorse
6126264,Rock Creek,YT,64.06197,-139.08634,0,PPLL,America/Whitehorse
6142779,Scroggie Creek,YT,63.19946,-138.83751,0,PPLL,America/Whitehorse
6144107,Selwyn,YT,62.79943,-138.28738,0,PPL,America/Whitehorse
6147682,Silver City,YT,61.03686,-138.38867,0,PPLL,America/Whitehorse
6148709,Sixtymile,YT,64.02719,-140.75028,0,PPLL,America/Whitehorse
6150381,Snag,YT,62.39937,-140.3709,0,PPL,America/Whitehorse
6150385,Snag Junction,YT,62.23266,-140.68751,0,PPLL,America/Whitehorse
6156403,Stevens Roadhouse,YT,63.18279,-137.98746,0,PPLL,America/Whitehorse
6156460,Stewart Crossing,YT,63.38229,-136.68185,0,PPL,America/Whitehorse
6157487,Stony Creek Camp,YT,60.79939,-136.00383,0,PPLL,America/Whitehorse
6159149,Sulphur,YT,63.75635,-138.88496,0,PPLL,America/Whitehorse
6159337,Summit Roadhouse,YT,63.08286,-136.43733,0,PPLL,America/Whitehorse
6161091,Tagish,YT,60.31331,-134.27173,0,PPLL,America/Whitehorse
6161220,Takhini,YT,60.7375,-135.09444,0,PPL,America/Whitehorse
6161221,Takhini,YT,60.84941,-135.45379,0,PPLL,America/Whitehorse
6161222,Takhini Hotspring,YT,60.87721,-135.36349,0,PPLL,America/Whitehorse
6162759,Ten Mile,YT,60.1661,-134.37032,0,PPLL,America/Whitehorse
6163081,Teslin,YT,60.16617,-132.72433,0,PPL,America/Whitehorse
6163082,Teslin Crossing,YT,61.24946,-134.60381,0,PPLL,America/Whitehorse
6163092,Teslin River,YT,60.48275,-133.31048,0,PPLL,America/Whitehorse
6165263,Thistle Creek,YT,63.05912,-139.50422,0,PPLL,America/Whitehorse
6169876,Tuchitua,YT,60.92041,-129.22021,0,PPLL,America/Whitehorse
6172389,Upper Laberge,YT,60.94382,-135.09958,0,PPLL,America/Whitehorse
6173222,Valleyview,YT,60.72917,-135.08889,0,PPL,America/Whitehorse
6176935,Watson,YT,60.09659,-134.83427,0,PPLL,America/Whitehorse
6178151,Wernecke,YT,63.95249,-135.27077,0,PPLL,America/Whitehorse
6178553,West Dawson,YT,64.07026,-139.45587,0,PPLL,America/Whitehorse
6180423,Whitefish Station,YT,68.8775,-136.85755,0,PPLL,America/Whitehorse
6181146,Whitestone Village,YT,66.41625,-138.42155,0,PPLL,America/Whitehorse
6185812,Yukon Crossing,YT,62.34388,-136.49432,0,PPLL,America/Whitehorse
6354909,Beaver Creek,YT,62.38266,-140.87925,0,PPL,America/Whitehorse
8556286,Marsh lake,YT,60.51555,-134.33258,0,PPL,America/Whitehorse
9884948,Mooshide,YT,64.09649,-139.44002,0,PPL,America/Whitehorse
