{"type":"FeatureCollection","features":[{"type":"Feature","properties":{"ident":"CA-0187","name":"Citadelle de Qu\u00e9bec Heliport","airport_type":"heliport","radius_km":1.9},"geometry":{"type":"Polygon","coordinates":[[[-71.20664,46.82451],[-71.20178,46.82418],[-71.1971,46.82321],[-71.19279,46.82163],[-71.18901,46.81951],[-71.18591,46.81693],[-71.1836,46.81397],[-71.18218,46.81077],[-71.18171,46.80744],[-71.18218,46.80411],[-71.1836,46.80091],[-71.18591,46.79796],[-71.18901,46.79537],[-71.19279,46.79325],[-71.1971,46.79167],[-71.20178,46.7907],[-71.20664,46.79038],[-71.21151,46.7907],[-71.21618,46.79167],[-71.2205,46.79325],[-71.22427,46.79537],[-71.22738,46.79796],[-71.22968,46.80091],[-71.2311,46.80411],[-71.23158,46.80744],[-71.2311,46.81077],[-71.22968,46.81397],[-71.22738,46.81693],[-71.22427,46.81951],[-71.2205,46.82163],[-71.21618,46.82321],[-71.21151,46.82418],[-71.20664,46.82451]]]}},{"type":"Feature","properties":{"ident":"CA-0200","name":"Manic 5 Heliport","airport_type":"heliport","radius_km":1.9},"geometry":{"type":"Polygon","coordinates":[[[-68.74043,50.67817],[-68.73517,50.67785],[-68.73012,50.67687],[-68.72547,50.6753],[-68.72139,50.67317],[-68.71804,50.67059],[-68.71555,50.66764],[-68.71402,50.66444],[-68.7135,50.66111],[-68.71402,50.65778],[-68.71555,50.65457],[-68.71804,50.65162],[-68.72139,50.64904],[-68.72547,50.64691],[-68.73012,50.64534],[-68.73517,50.64437],[-68.74043,50.64404],[-68.74568,50.64437],[-68.75073,50.64534],[-68.75538,50.64691],[-68.75946,50.64904],[-68.76281,50.65162],[-68.7653,50.65457],[-68.76683,50.65778],[-68.76735,50.66111],[-68.76683,50.66444],[-68.7653,50.66764],[-68.76281,50.67059],[-68.75946,50.67317],[-68.75538,50.6753],[-68.75073,50.67687],[-68.74568,50.67785],[-68.74043,50.67817]]]}},{"type":"Feature","properties":{"ident":"CA-0339","name":"Carmanah Point Lighthouse Heliport","airport_type":"heliport","radius_km":1.9},"geometry":{"type":"Polygon","coordinates":[[[-124.75178,48.62912],[-124.74674,48.62879],[-124.7419,48.62782],[-124.73744,48.62624],[-124.73352,48.62412],[-124.73031,48.62153],[-124.72793,48.61858],[-124.72646,48.61538],[-124.72596,48.61205],[-124.72646,48.60872],[-124.72793,48.60552],[-124.73031,48.60257],[-124.73352,48.59998],[-124.73744,48.59786],[-124.7419,48.59628],[-124.74674,48.59531],[-124.75178,48.59498],[-124.75681,48.59531],[-124.76166,48.59628],[-124.76612,48.59786],[-124.77003,48.59998],[-124.77324,48.60257],[-124.77563,48.60552],[-124.7771,48.60872],[-124.77759,48.61205],[-124.7771,48.61538],[-124.77563,48.61858],[-124.77324,48.62153],[-124.77003,48.62412],[-124.76612,48.62624],[-124.76166,48.62782],[-124.75681,48.62879],[-124.75178,48.62912]]]}},{"type":"Feature","properties":{"ident":"CA-0409","name":"Milford \"Heliport\" (PPR)","airport_type":"heliport","radius_km":1.9},"geometry":{"type":"Polygon","coordinates":[[[-77.08778,43.95459],[-77.08315,43.95426],[-77.07871,43.95329],[-77.07461,43.95171],[-77.07102,43.94959],[-77.06807,43.94701],[-77.06588,43.94406],[-77.06453,43.94085],[-77.06407,43.93752],[-77.06453,43.93419],[-77.06588,43.93099],[-77.06807,43.92804],[-77.07102,43.92545],[-77.07461,43.92333],[-77.07871,43.92175],[-77.08315,43.92078],[-77.08778,43.92046],[-77.0924,43.92078],[-77.09685,43.92175],[-77.10094,43.92333],[-77.10454,43.92545],[-77.10748,43.92804],[-77.10967,43.93099],[-77.11102,43.93419],[-77.11148,43.93752],[-77.11102,43.94085],[-77.10967,43.94406],[-77.10748,43.94701],[-77.10454,43.94959],[-77.10094,43.95171],[-77.09685,43.95329],[-77.0924,43.95426],[-77.08778,43.95459]]]}},{"type":"Feature","properties":{"ident":"CA-0433","name":"Prince Edward County Hospital Heliport","airport_type":"heliport","radius_km":1.9},"geometry":{"type":"Polygon","coordinates":[[[-77.13846,44.03335],[-77.13383,44.03302],[-77.12938,44.03205],[-77.12528,44.03047],[-77.12168,44.02835],[-77.11873,44.02576],[-77.11653,44.02281],[-77.11518,44.01961],[-77.11473,44.01628],[-77.11518,44.01295],[-77.11653,44.00975],[-77.11873,44.0068],[-77.12168,44.00421],[-77.12528,44.00209],[-77.12938,44.00051],[-77.13383,43.99954],[-77.13846,43.99921],[-77.14309,43.99954],[-77.14754,44.00051],[-77.15165,44.00209],[-77.15524,44.00421],[-77.15819,44.0068],[-77.16039,44.00975],[-77.16174,44.01295],[-77.16219,44.01628],[-77.16174,44.01961],[-77.16039,44.02281],[-77.15819,44.02576],[-77.15524,44.02835],[-77.15165,44.03047],[-77.14754,44.03205],[-77.14309,44.03302],[-77.13846,44.03335]]]}},{"type":"Feature","properties":{"ident":"CA-0435","name":"WESCAM Burlington","airport_type":"heliport","radius_km":1.9},"geometry":{"type":"Polygon","coordinates":[[[-79.83305,43.35752],[-79.82848,43.35719],[-79.82407,43.35622],[-79.82002,43.35464],[-79.81646,43.35252],[-79.81354,43.34993],[-79.81137,43.34698],[-79.81004,43.34378],[-79.80959,43.34045],[-79.81004,43.33712],[-79.81137,43.33392],[-79.81354,43.33097],[-79.81646,43.32838],[-79.82002,43.32626],[-79.82407,43.32468],[-79.82848,43.32371],[-79.83305,43.32338],[-79.83763,43.32371],[-79.84204,43.32468],[-79.84609,43.32626],[-79.84965,43.32838],[-79.85257,43.33097],[-79.85474,43.33392],[-79.85607,43.33712],[-79.85652,43.34045],[-79.85607,43.34378],[-79.85474,43.34698],[-79.85257,43.34993],[-79.84965,43.35252],[-79.84609,43.35464],[-79.84204,43.35622],[-79.83763,43.35719],[-79.83305,43.35752]]]}},{"type":"Feature","properties":{"ident":"CA-0458","name":"Newcastle (Morgan's Road) Heliport","airport_type":"heliport","radius_km":1.9},"geometry":{"type":"Polygon","coordinates":[[[-78.52886,43.94948],[-78.52423,43.94915],[-78.51979,43.94818],[-78.51569,43.9466],[-78.5121,43.94448],[-78.50915,43.94189],[-78.50696,43.93894],[-78.50561,43.93574],[-78.50516,43.93241],[-78.50561,43.92908],[-78.50696,43.92588],[-78.50915,43.92293],[-78.5121,43.92034],[-78.51569,43.91822],[-78.51979,43.91664],[-78.52423,43.91567],[-78.52886,43.91534],[-78.53348,43.91567],[-78.53793,43.91664],[-78.54202,43.91822],[-78.54562,43.92034],[-78.54856,43.92293],[-78.55075,43.92588],[-78.5521,43.92908],[-78.55256,43.93241],[-78.5521,43.93574],[-78.55075,43.93894],[-78.54856,43.94189],[-78.54562,43.94448],[-78.54202,43.9466],[-78.53793,43.94818],[-78.53348,43.94915],[-78.52886,43.94948]]]}},{"type":"Feature","properties":{"ident":"CA-0476","name":"Williams Lake / Lee Todd Heliport","airport_type":"heliport","radius_km":1.9},"geometry":{"type":"Polygon","coordinates":[[[-122.20654,52.18296],[-122.20112,52.18263],[-122.1959,52.18166],[-122.19108,52.18008],[-122.18687,52.17796],[-122.18341,52.17537],[-122.18084,52.17242],[-122.17925,52.16922],[-122.17872,52.16589],[-122.17925,52.16256],[-122.18084,52.15936],[-122.18341,52.15641],[-122.18687,52.15382],[-122.19108,52.1517],[-122.1959,52.15012],[-122.20112,52.14915],[-122.20654,52.14882],[-122.21197,52.14915],[-122.21719,52.15012],[-122.222,52.1517],[-122.22622,52.15382],[-122.22968,52.15641],[-122.23225,52.15936],[-122.23384,52.16256],[-122.23437,52.16589],[-122.23384,52.16922],[-122.23225,52.17242],[-122.22968,52.17537],[-122.22622,52.17796],[-122.222,52.18008],[-122.21719,52.18166],[-122.21197,52.18263],[-122.20654,52.18296]]]}},{"type":"Feature","properties":{"ident":"CA-0477","name":"Williams Lake / Clusko Logging","airport_type":"heliport","radius_km":1.9},"geometry":{"type":"Polygon","coordinates":[[[-122.16249,52.18293],[-122.15706,52.1826],[-122.15184,52.18163],[-122.14703,52.18005],[-122.14281,52.17793],[-122.13935,52.17534],[-122.13678,52.17239],[-122.13519,52.16919],[-122.13466,52.16586],[-122.13519,52.16253],[-122.13678,52.15933],[-122.13935,52.15638],[-122.14281,52.15379],[-122.14703,52.15167],[-122.15184,52.15009],[-122.15706,52.14912],[-122.16249,52.14879],[-122.16791,52.14912],[-122.17313,52.15009],[-122.17795,52.15167],[-122.18216,52.15379],[-122.18562,52.15638],[-122.18819,52.15933],[-122.18978,52.16253],[-122.19031,52.16586],[-122.18978,52.16919],[-122.18819,52.17239],[-122.18562,52.17534],[-122.18216,52.17793],[-122.17795,52.18005],[-122.17313,52.18163],[-122.16791,52.1826],[-122.16249,52.18293]]]}},{"type":"Feature","properties":{"ident":"CA-0478","name":"Williams Lake / Highland Helicopters","airport_type":"heliport","radius_km":1.9},"geometry":{"type":"Polygon","coordinates":[[[-122.15888,52.15754],[-122.15346,52.15721],[-122.14824,52.15624],[-122.14343,52.15466],[-122.13922,52.15254],[-122.13576,52.14995],[-122.13319,52.147],[-122.13161,52.1438],[-122.13107,52.14047],[-122.13161,52.13714],[-122.13319,52.13394],[-122.13576,52.13099],[-122.13922,52.1284],[-122.14343,52.12628],[-122.14824,52.1247],[-122.15346,52.12373],[-122.15888,52.1234],[-122.16431,52.12373],[-122.16952,52.1247],[-122.17433,52.12628],[-122.17855,52.1284],[-122.182,52.13099],[-122.18457,52.13394],[-122.18616,52.13714],[-122.18669,52.14047],[-122.18616,52.1438],[-122.18457,52.147],[-122.182,52.14995],[-122.17855,52.15254],[-122.17433,52.15466],[-122.16952,52.15624],[-122.16431,52.15721],[-122.15888,52.15754]]]}},{"type":"Feature","properties":{"ident":"CA-0479","name":"Williams Lake / Wayne Peterson Heliport","airport_type":"heliport","radius_km":1.9},"geometry":{"type":"Polygon","coordinates":[[[-122.10757,52.14086],[-122.10214,52.14053],[-122.09693,52.13956],[-122.09212,52.13798],[-122.08791,52.13586],[-122.08445,52.13327],[-122.08188,52.13032],[-122.0803,52.12712],[-122.07977,52.12379],[-122.0803,52.12046],[-122.08188,52.11726],[-122.08445,52.11431],[-122.08791,52.11172],[-122.09212,52.1096],[-122.09693,52.10802],[-122.10214,52.10705],[-122.10757,52.10672],[-122.11299,52.10705],[-122.1182,52.10802],[-122.12301,52.1096],[-122.12722,52.11172],[-122.13068,52.11431],[-122.13325,52.11726],[-122.13483,52.12046],[-122.13537,52.12379],[-122.13483,52.12712],[-122.13325,52.13032],[-122.13068,52.13327],[-122.12722,52.13586],[-122.12301,52.13798],[-122.1182,52.13956],[-122.11299,52.14053],[-122.10757,52.14086]]]}},{"type":"Feature","properties":{"ident":"CA-0480","name":"Williams Lake / Pioneer Heliport","airport_type":"heliport","radius_km":1.9},"geometry":{"type":"Polygon","coordinates":[[[-122.13437,52.12732],[-122.12894,52.12699],[-122.12373,52.12602],[-122.11893,52.12444],[-122.11471,52.12232],[-122.11126,52.11973],[-122.10869,52.11678],[-122.10711,52.11358],[-122.10657,52.11025],[-122.10711,52.10692],[-122.10869,52.10372],[-122.11126,52.10077],[-122.11471,52.09818],[-122.11893,52.09606],[-122.12373,52.09448],[-122.12894,52.09351],[-122.13437,52.09318],[-122.13979,52.09351],[-122.145,52.09448],[-122.14981,52.09606],[-122.15402,52.09818],[-122.15747,52.10077],[-122.16004,52.10372],[-122.16162,52.10692],[-122.16216,52.11025],[-122.16162,52.11358],[-122.16004,52.11678],[-122.15747,52.11973],[-122.15402,52.12232],[-122.14981,52.12444],[-122.145,52.12602],[-122.13979,52.12699],[-122.13437,52.12732]]]}},{"type":"Feature","properties":{"ident":"CA-0500","name":"D.C. Heliport","airport_type":"heliport","radius_km":1.9},"geometry":{"type":"Polygon","coordinates":[[[-76.85742,44.37531],[-76.85277,44.37499],[-76.84829,44.37402],[-76.84416,44.37244],[-76.84054,44.37032],[-76.83757,44.36773],[-76.83537,44.36478],[-76.83401,44.36158],[-76.83355,44.35825],[-76.83401,44.35492],[-76.83537,44.35172],[-76.83757,44.34876],[-76.84054,44.34618],[-76.84416,44.34406],[-76.84829,44.34248],[-76.85277,44.34151],[-76.85742,44.34118],[-76.86208,44.34151],[-76.86656,44.34248],[-76.87069,44.34406],[-76.8743,44.34618],[-76.87727,44.34876],[-76.87948,44.35172],[-76.88084,44.35492],[-76.88129,44.35825],[-76.88084,44.36158],[-76.87948,44.36478],[-76.87727,44.36773],[-76.8743,44.37032],[-76.87069,44.37244],[-76.86656,44.37402],[-76.86208,44.37499],[-76.85742,44.37531]]]}},{"type":"Feature","properties":{"ident":"CA-0513","name":"Two Hills (Health Centre) Heliport","airport_type":"heliport","radius_km":1.9},"geometry":{"type":"Polygon","coordinates":[[[-111.73087,53.73069],[-111.72524,53.73036],[-111.71983,53.72939],[-111.71485,53.72781],[-111.71048,53.72569],[-111.70689,53.7231],[-111.70423,53.72015],[-111.70259,53.71695],[-111.70203,53.71362],[-111.70259,53.71029],[-111.70423,53.70709],[-111.70689,53.70414],[-111.71048,53.70155],[-111.71485,53.69943],[-111.71983,53.69785],[-111.72524,53.69688],[-111.73087,53.69655],[-111.7365,53.69688],[-111.74191,53.69785],[-111.74689,53.69943],[-111.75126,53.70155],[-111.75485,53.70414],[-111.75752,53.70709],[-111.75916,53.71029],[-111.75971,53.71362],[-111.75916,53.71695],[-111.75752,53.72015],[-111.75485,53.7231],[-111.75126,53.72569],[-111.74689,53.72781],[-111.74191,53.72939],[-111.7365,53.73036],[-111.73087,53.73069]]]}},{"type":"Feature","properties":{"ident":"CA-0517","name":"Hastings Field Heliport","airport_type":"heliport","radius_km":1.9},"geometry":{"type":"Polygon","coordinates":[[[-123.28161,48.79891],[-123.27656,48.79858],[-123.2717,48.79761],[-123.26722,48.79604],[-123.2633,48.79391],[-123.26007,48.79133],[-123.25768,48.78838],[-123.25621,48.78517],[-123.25571,48.78184],[-123.25621,48.77851],[-123.25768,48.77531],[-123.26007,48.77236],[-123.2633,48.76978],[-123.26722,48.76765],[-123.2717,48.76608],[-123.27656,48.7651],[-123.28161,48.76478],[-123.28666,48.7651],[-123.29152,48.76608],[-123.296,48.76765],[-123.29993,48.76978],[-123.30315,48.77236],[-123.30554,48.77531],[-123.30702,48.77851],[-123.30751,48.78184],[-123.30702,48.78517],[-123.30554,48.78838],[-123.30315,48.79133],[-123.29993,48.79391],[-123.296,48.79604],[-123.29152,48.79761],[-123.28666,48.79858],[-123.28161,48.79891]]]}},{"type":"Feature","properties":{"ident":"CA-0522","name":"Calgary (Aerial Recon) Heliport","airport_type":"heliport","radius_km":1.9},"geometry":{"type":"Polygon","coordinates":[[[-114.138,50.88507],[-114.13272,50.88474],[-114.12765,50.88377],[-114.12297,50.88219],[-114.11888,50.88007],[-114.11551,50.87748],[-114.11301,50.87453],[-114.11148,50.87133],[-114.11096,50.868],[-114.11148,50.86467],[-114.11301,50.86147],[-114.11551,50.85852],[-114.11888,50.85593],[-114.12297,50.85381],[-114.12765,50.85223],[-114.13272,50.85126],[-114.138,50.85093],[-114.14328,50.85126],[-114.14835,50.85223],[-114.15303,50.85381],[-114.15712,50.85593],[-114.16049,50.85852],[-114.16299,50.86147],[-114.16452,50.86467],[-114.16504,50.868],[-114.16452,50.87133],[-114.16299,50.87453],[-114.16049,50.87748],[-114.15712,50.88007],[-114.15303,50.88219],[-114.14835,50.88377],[-114.14328,50.88474],[-114.138,50.88507]]]}},{"type":"Feature","properties":{"ident":"CA-0529","name":"Prince Edward O.P.P. Helipad","airport_type":"heliport","radius_km":1.9},"geometry":{"type":"Polygon","coordinates":[[[-77.18828,44.0123],[-77.18365,44.01197],[-77.1792,44.011],[-77.17509,44.00942],[-77.1715,44.0073],[-77.16855,44.00471],[-77.16636,44.00176],[-77.16501,43.99856],[-77.16455,43.99523],[-77.16501,43.9919],[-77.16636,43.9887],[-77.16855,43.98575],[-77.1715,43.98316],[-77.17509,43.98104],[-77.1792,43.97946],[-77.18365,43.97849],[-77.18828,43.97816],[-77.1929,43.97849],[-77.19736,43.97946],[-77.20146,43.98104],[-77.20505,43.98316],[-77.208,43.98575],[-77.2102,43.9887],[-77.21155,43.9919],[-77.212,43.99523],[-77.21155,43.99856],[-77.2102,44.00176],[-77.208,44.00471],[-77.20505,44.0073],[-77.20146,44.00942],[-77.19736,44.011],[-77.1929,44.01197],[-77.18828,44.0123]]]}},{"type":"Feature","properties":{"ident":"CA-0531","name":"Clapp Farm Heliport","airport_type":"heliport","radius_km":1.9},"geometry":{"type":"Polygon","coordinates":[[[-77.07905,43.92639],[-77.07443,43.92606],[-77.06998,43.92509],[-77.06589,43.92351],[-77.0623,43.92139],[-77.05935,43.91881],[-77.05716,43.91586],[-77.05582,43.91265],[-77.05536,43.90932],[-77.05582,43.90599],[-77.05716,43.90279],[-77.05935,43.89984],[-77.0623,43.89725],[-77.06589,43.89513],[-77.06998,43.89355],[-77.07443,43.89258],[-77.07905,43.89226],[-77.08367,43.89258],[-77.08812,43.89355],[-77.09221,43.89513],[-77.0958,43.89725],[-77.09875,43.89984],[-77.10094,43.90279],[-77.10229,43.90599],[-77.10274,43.90932],[-77.10229,43.91265],[-77.10094,43.91586],[-77.09875,43.91881],[-77.0958,43.92139],[-77.09221,43.92351],[-77.08812,43.92509],[-77.08367,43.92606],[-77.07905,43.92639]]]}},{"type":"Feature","properties":{"ident":"CA-0566","name":"Triple Island Lightstation Helipad","airport_type":"heliport","radius_km":1.9},"geometry":{"type":"Polygon","coordinates":[[[-130.88018,54.31179],[-130.87447,54.31147],[-130.86899,54.3105],[-130.86393,54.30892],[-130.8595,54.3068],[-130.85586,54.30421],[-130.85316,54.30126],[-130.8515,54.29806],[-130.85093,54.29473],[-130.8515,54.2914],[-130.85316,54.2882],[-130.85586,54.28524],[-130.8595,54.28266],[-130.86393,54.28054],[-130.86899,54.27896],[-130.87447,54.27799],[-130.88018,54.27766],[-130.88588,54.27799],[-130.89137,54.27896],[-130.89643,54.28054],[-130.90086,54.28266],[-130.9045,54.28524],[-130.9072,54.2882],[-130.90886,54.2914],[-130.90942,54.29473],[-130.90886,54.29806],[-130.9072,54.30126],[-130.9045,54.30421],[-130.90086,54.3068],[-130.89643,54.30892],[-130.89137,54.3105],[-130.88588,54.31147],[-130.88018,54.31179]]]}},{"type":"Feature","properties":{"ident":"CA-0579","name":"Amphitrite Point Heliport","airport_type":"heliport","radius_km":1.9},"geometry":{"type":"Polygon","coordinates":[[[-125.5416,48.93947],[-125.53653,48.93914],[-125.53166,48.93817],[-125.52717,48.93659],[-125.52323,48.93447],[-125.52,48.93188],[-125.5176,48.92893],[-125.51612,48.92573],[-125.51563,48.9224],[-125.51612,48.91907],[-125.5176,48.91587],[-125.52,48.91292],[-125.52323,48.91033],[-125.52717,48.90821],[-125.53166,48.90663],[-125.53653,48.90566],[-125.5416,48.90533],[-125.54667,48.90566],[-125.55154,48.90663],[-125.55603,48.90821],[-125.55997,48.91033],[-125.5632,48.91292],[-125.5656,48.91587],[-125.56708,48.91907],[-125.56758,48.9224],[-125.56708,48.92573],[-125.5656,48.92893],[-125.5632,48.93188],[-125.55997,48.93447],[-125.55603,48.93659],[-125.55154,48.93817],[-125.54667,48.93914],[-125.5416,48.93947]]]}},{"type":"Feature","properties":{"ident":"CA-0580","name":"Egg Island Lightstation Helipad","airport_type":"heliport","radius_km":1.9},"geometry":{"type":"Polygon","coordinates":[[[-127.8364,51.26677],[-127.83108,51.26644],[-127.82596,51.26547],[-127.82125,51.26389],[-127.81712,51.26177],[-127.81373,51.25918],[-127.81121,51.25623],[-127.80966,51.25303],[-127.80913,51.2497],[-127.80966,51.24637],[-127.81121,51.24317],[-127.81373,51.24022],[-127.81712,51.23763],[-127.82125,51.23551],[-127.82596,51.23393],[-127.83108,51.23296],[-127.8364,51.23263],[-127.84172,51.23296],[-127.84684,51.23393],[-127.85155,51.23551],[-127.85568,51.23763],[-127.85907,51.24022],[-127.86159,51.24317],[-127.86314,51.24637],[-127.86367,51.2497],[-127.86314,51.25303],[-127.86159,51.25623],[-127.85907,51.25918],[-127.85568,51.26177],[-127.85155,51.26389],[-127.84684,51.26547],[-127.84172,51.26644],[-127.8364,51.26677]]]}},{"type":"Feature","properties":{"ident":"CA-0581","name":"Green Island Lightstation Helipad","airport_type":"heliport","radius_km":1.9},"geometry":{"type":"Polygon","coordinates":[[[-130.70648,54.58561],[-130.70074,54.58528],[-130.69521,54.58431],[-130.69012,54.58273],[-130.68566,54.58061],[-130.682,54.57802],[-130.67928,54.57507],[-130.6776,54.57187],[-130.67704,54.56854],[-130.6776,54.56521],[-130.67928,54.56201],[-130.682,54.55906],[-130.68566,54.55647],[-130.69012,54.55435],[-130.69521,54.55277],[-130.70074,54.5518],[-130.70648,54.55147],[-130.71222,54.5518],[-130.71775,54.55277],[-130.72284,54.55435],[-130.7273,54.55647],[-130.73096,54.55906],[-130.73368,54.56201],[-130.73536,54.56521],[-130.73592,54.56854],[-130.73536,54.57187],[-130.73368,54.57507],[-130.73096,54.57802],[-130.7273,54.58061],[-130.72284,54.58273],[-130.71775,54.58431],[-130.71222,54.58528],[-130.70648,54.58561]]]}},{"type":"Feature","properties":{"ident":"CA-0583","name":"Scarlett Point Lighthouse Helipad","airport_type":"heliport","radius_km":1.9},"geometry":{"type":"Polygon","coordinates":[[[-127.6126,50.87797],[-127.60732,50.87764],[-127.60225,50.87667],[-127.59758,50.87509],[-127.59348,50.87297],[-127.59012,50.87038],[-127.58762,50.86743],[-127.58608,50.86423],[-127.58556,50.8609],[-127.58608,50.85757],[-127.58762,50.85437],[-127.59012,50.85142],[-127.59348,50.84883],[-127.59758,50.84671],[-127.60225,50.84513],[-127.60732,50.84416],[-127.6126,50.84383],[-127.61788,50.84416],[-127.62295,50.84513],[-127.62762,50.84671],[-127.63172,50.84883],[-127.63508,50.85142],[-127.63758,50.85437],[-127.63912,50.85757],[-127.63964,50.8609],[-127.63912,50.86423],[-127.63758,50.86743],[-127.63508,50.87038],[-127.63172,50.87297],[-127.62762,50.87509],[-127.62295,50.87667],[-127.61788,50.87764],[-127.6126,50.87797]]]}},{"type":"Feature","properties":{"ident":"CA-0585","name":"Race Rocks Light Helipad","airport_type":"heliport","radius_km":1.9},"geometry":{"type":"Polygon","coordinates":[[[-123.5322,48.31557],[-123.52719,48.31524],[-123.52238,48.31427],[-123.51795,48.3127],[-123.51406,48.31057],[-123.51087,48.30799],[-123.5085,48.30504],[-123.50704,48.30183],[-123.50654,48.2985],[-123.50704,48.29517],[-123.5085,48.29197],[-123.51087,48.28902],[-123.51406,48.28644],[-123.51795,48.28431],[-123.52238,48.28274],[-123.52719,48.28176],[-123.5322,48.28144],[-123.53721,48.28176],[-123.54202,48.28274],[-123.54645,48.28431],[-123.55034,48.28644],[-123.55353,48.28902],[-123.5559,48.29197],[-123.55736,48.29517],[-123.55786,48.2985],[-123.55736,48.30183],[-123.5559,48.30504],[-123.55353,48.30799],[-123.55034,48.31057],[-123.54645,48.3127],[-123.54202,48.31427],[-123.53721,48.31524],[-123.5322,48.31557]]]}},{"type":"Feature","properties":{"ident":"CA-0586","name":"Elephant Enterprises Inc. Heliport","airport_type":"heliport","radius_km":1.9},"geometry":{"type":"Polygon","coordinates":[[[-114.2956,51.13227],[-114.2903,51.13194],[-114.2852,51.13097],[-114.28049,51.12939],[-114.27637,51.12727],[-114.27299,51.12468],[-114.27048,51.12173],[-114.26893,51.11853],[-114.26841,51.1152],[-114.26893,51.11187],[-114.27048,51.10867],[-114.27299,51.10572],[-114.27637,51.10313],[-114.28049,51.10101],[-114.2852,51.09943],[-114.2903,51.09846],[-114.2956,51.09813],[-114.3009,51.09846],[-114.306,51.09943],[-114.31071,51.10101],[-114.31483,51.10313],[-114.31821,51.10572],[-114.32072,51.10867],[-114.32227,51.11187],[-114.32279,51.1152],[-114.32227,51.11853],[-114.32072,51.12173],[-114.31821,51.12468],[-114.31483,51.12727],[-114.31071,51.12939],[-114.306,51.13097],[-114.3009,51.13194],[-114.2956,51.13227]]]}},{"type":"Feature","properties":{"ident":"CA-0587","name":"Foothills Hospital McCaig Tower Helipad","airport_type":"heliport","radius_km":1.9},"geometry":{"type":"Polygon","coordinates":[[[-114.13506,51.08239],[-114.12977,51.08206],[-114.12467,51.08109],[-114.11998,51.07951],[-114.11586,51.07739],[-114.11248,51.07481],[-114.10997,51.07185],[-114.10843,51.06865],[-114.1079,51.06532],[-114.10843,51.06199],[-114.10997,51.05879],[-114.11248,51.05584],[-114.11586,51.05325],[-114.11998,51.05113],[-114.12467,51.04955],[-114.12977,51.04858],[-114.13506,51.04826],[-114.14036,51.04858],[-114.14546,51.04955],[-114.15015,51.05113],[-114.15427,51.05325],[-114.15765,51.05584],[-114.16016,51.05879],[-114.1617,51.06199],[-114.16222,51.06532],[-114.1617,51.06865],[-114.16016,51.07185],[-114.15765,51.07481],[-114.15427,51.07739],[-114.15015,51.07951],[-114.14546,51.08109],[-114.14036,51.08206],[-114.13506,51.08239]]]}},{"type":"Feature","properties":{"ident":"CA-0588","name":"K. Coffey Residence Helipad","airport_type":"heliport","radius_km":1.9},"geometry":{"type":"Polygon","coordinates":[[[-114.3148,51.18277],[-114.30949,51.18244],[-114.30438,51.18147],[-114.29968,51.17989],[-114.29555,51.17777],[-114.29217,51.17518],[-114.28965,51.17223],[-114.28811,51.16903],[-114.28758,51.1657],[-114.28811,51.16237],[-114.28965,51.15917],[-114.29217,51.15622],[-114.29555,51.15363],[-114.29968,51.15151],[-114.30438,51.14993],[-114.30949,51.14896],[-114.3148,51.14863],[-114.32011,51.14896],[-114.32522,51.14993],[-114.32992,51.15151],[-114.33405,51.15363],[-114.33743,51.15622],[-114.33995,51.15917],[-114.3415,51.16237],[-114.34202,51.1657],[-114.3415,51.16903],[-114.33995,51.17223],[-114.33743,51.17518],[-114.33405,51.17777],[-114.32992,51.17989],[-114.32522,51.18147],[-114.32011,51.18244],[-114.3148,51.18277]]]}},{"type":"Feature","properties":{"ident":"CA-0589","name":"Calgary/Okotoks (GG Ranch) Heliport","airport_type":"heliport","radius_km":1.9},"geometry":{"type":"Polygon","coordinates":[[[-113.9916,50.76187],[-113.98634,50.76154],[-113.98128,50.76057],[-113.97662,50.75899],[-113.97253,50.75687],[-113.96917,50.75428],[-113.96668,50.75133],[-113.96515,50.74813],[-113.96463,50.7448],[-113.96515,50.74147],[-113.96668,50.73827],[-113.96917,50.73532],[-113.97253,50.73273],[-113.97662,50.73061],[-113.98128,50.72903],[-113.98634,50.72806],[-113.9916,50.72773],[-113.99686,50.72806],[-114.00192,50.72903],[-114.00659,50.73061],[-114.01067,50.73273],[-114.01403,50.73532],[-114.01652,50.73827],[-114.01806,50.74147],[-114.01857,50.7448],[-114.01806,50.74813],[-114.01652,50.75133],[-114.01403,50.75428],[-114.01067,50.75687],[-114.00659,50.75899],[-114.00192,50.76057],[-113.99686,50.76154],[-113.9916,50.76187]]]}},{"type":"Feature","properties":{"ident":"CA-0590","name":"Calgary/South Health Campus Hospital Helipad","airport_type":"heliport","radius_km":1.9},"geometry":{"type":"Polygon","coordinates":[[[-113.952,50.89987],[-113.94672,50.89954],[-113.94165,50.89857],[-113.93697,50.89699],[-113.93287,50.89487],[-113.92951,50.89228],[-113.92701,50.88933],[-113.92547,50.88613],[-113.92495,50.8828],[-113.92547,50.87947],[-113.92701,50.87627],[-113.92951,50.87332],[-113.93287,50.87073],[-113.93697,50.86861],[-113.94165,50.86703],[-113.94672,50.86606],[-113.952,50.86573],[-113.95728,50.86606],[-113.96235,50.86703],[-113.96703,50.86861],[-113.97113,50.87073],[-113.97449,50.87332],[-113.97699,50.87627],[-113.97853,50.87947],[-113.97905,50.8828],[-113.97853,50.88613],[-113.97699,50.88933],[-113.97449,50.89228],[-113.97113,50.89487],[-113.96703,50.89699],[-113.96235,50.89857],[-113.95728,50.89954],[-113.952,50.89987]]]}},{"type":"Feature","properties":{"ident":"CA-0591","name":"Canmore Hospital Helipad","airport_type":"heliport","radius_km":1.9},"geometry":{"type":"Polygon","coordinates":[[[-115.3495,51.10947],[-115.3442,51.10914],[-115.3391,51.10817],[-115.3344,51.10659],[-115.33029,51.10447],[-115.32691,51.10188],[-115.32439,51.09893],[-115.32285,51.09573],[-115.32233,51.0924],[-115.32285,51.08907],[-115.32439,51.08587],[-115.32691,51.08292],[-115.33029,51.08033],[-115.3344,51.07821],[-115.3391,51.07663],[-115.3442,51.07566],[-115.3495,51.07533],[-115.3548,51.07566],[-115.3599,51.07663],[-115.3646,51.07821],[-115.36872,51.08033],[-115.3721,51.08292],[-115.37461,51.08587],[-115.37615,51.08907],[-115.37668,51.0924],[-115.37615,51.09573],[-115.37461,51.09893],[-115.3721,51.10188],[-115.36872,51.10447],[-115.3646,51.10659],[-115.3599,51.10817],[-115.3548,51.10914],[-115.3495,51.10947]]]}},{"type":"Feature","properties":{"ident":"CA-0604","name":"Stuart Lake Hospital Helipad","airport_type":"heliport","radius_km":1.9},"geometry":{"type":"Polygon","coordinates":[[[-124.2424,54.45777],[-124.23667,54.45744],[-124.23117,54.45647],[-124.22609,54.4549],[-124.22165,54.45277],[-124.218,54.45019],[-124.21528,54.44724],[-124.21361,54.44403],[-124.21305,54.44071],[-124.21361,54.43738],[-124.21528,54.43417],[-124.218,54.43122],[-124.22165,54.42864],[-124.22609,54.42651],[-124.23117,54.42494],[-124.23667,54.42397],[-124.2424,54.42364],[-124.24813,54.42397],[-124.25363,54.42494],[-124.25871,54.42651],[-124.26315,54.42864],[-124.2668,54.43122],[-124.26952,54.43417],[-124.27119,54.43738],[-124.27175,54.44071],[-124.27119,54.44403],[-124.26952,54.44724],[-124.2668,54.45019],[-124.26315,54.45277],[-124.25871,54.4549],[-124.25363,54.45647],[-124.24813,54.45744],[-124.2424,54.45777]]]}},{"type":"Feature","properties":{"ident":"CA-0612","name":"Chrome Island Lightstation Helipad","airport_type":"heliport","radius_km":1.9},"geometry":{"type":"Polygon","coordinates":[[[-124.68447,49.4889],[-124.67934,49.48857],[-124.67442,49.4876],[-124.66988,49.48602],[-124.6659,49.4839],[-124.66263,49.48131],[-124.6602,49.47836],[-124.65871,49.47516],[-124.6582,49.47183],[-124.65871,49.4685],[-124.6602,49.4653],[-124.66263,49.46235],[-124.6659,49.45976],[-124.66988,49.45764],[-124.67442,49.45606],[-124.67934,49.45509],[-124.68447,49.45476],[-124.68959,49.45509],[-124.69452,49.45606],[-124.69906,49.45764],[-124.70304,49.45976],[-124.70631,49.46235],[-124.70873,49.4653],[-124.71023,49.4685],[-124.71073,49.47183],[-124.71023,49.47516],[-124.70873,49.47836],[-124.70631,49.48131],[-124.70304,49.4839],[-124.69906,49.48602],[-124.69452,49.4876],[-124.68959,49.48857],[-124.68447,49.4889]]]}},{"type":"Feature","properties":{"ident":"CA-0621","name":"Cape Scott Lightstation Helipad","airport_type":"heliport","radius_km":1.9},"geometry":{"type":"Polygon","coordinates":[[[-128.4275,50.79897],[-128.42224,50.79864],[-128.41717,50.79767],[-128.41251,50.79609],[-128.40842,50.79397],[-128.40506,50.79138],[-128.40256,50.78843],[-128.40103,50.78523],[-128.40051,50.7819],[-128.40103,50.77857],[-128.40256,50.77537],[-128.40506,50.77242],[-128.40842,50.76983],[-128.41251,50.76771],[-128.41717,50.76613],[-128.42224,50.76516],[-128.4275,50.76483],[-128.43277,50.76516],[-128.43783,50.76613],[-128.4425,50.76771],[-128.44659,50.76983],[-128.44995,50.77242],[-128.45244,50.77537],[-128.45398,50.77857],[-128.4545,50.7819],[-128.45398,50.78523],[-128.45244,50.78843],[-128.44995,50.79138],[-128.44659,50.79397],[-128.4425,50.79609],[-128.43783,50.79767],[-128.43277,50.79864],[-128.4275,50.79897]]]}},{"type":"Feature","properties":{"ident":"CA-0626","name":"Thousand Islands Helicopter Tours Helipad","airport_type":"heliport","radius_km":1.9},"geometry":{"type":"Polygon","coordinates":[[[-76.17542,44.36424],[-76.17077,44.36391],[-76.16629,44.36294],[-76.16216,44.36136],[-76.15855,44.35924],[-76.15558,44.35665],[-76.15337,44.3537],[-76.15201,44.3505],[-76.15156,44.34717],[-76.15201,44.34384],[-76.15337,44.34064],[-76.15558,44.33769],[-76.15855,44.3351],[-76.16216,44.33298],[-76.16629,44.3314],[-76.17077,44.33043],[-76.17542,44.3301],[-76.18008,44.33043],[-76.18456,44.3314],[-76.18868,44.33298],[-76.1923,44.3351],[-76.19527,44.33769],[-76.19747,44.34064],[-76.19883,44.34384],[-76.19929,44.34717],[-76.19883,44.3505],[-76.19747,44.3537],[-76.19527,44.35665],[-76.1923,44.35924],[-76.18868,44.36136],[-76.18456,44.36294],[-76.18008,44.36391],[-76.17542,44.36424]]]}},{"type":"Feature","properties":{"ident":"CA-0629","name":"Valleyview Health Centre Heliport","airport_type":"heliport","radius_km":1.9},"geometry":{"type":"Polygon","coordinates":[[[-117.2718,55.08457],[-117.26598,55.08424],[-117.26039,55.08327],[-117.25524,55.08169],[-117.25072,55.07957],[-117.24702,55.07698],[-117.24426,55.07403],[-117.24257,55.07083],[-117.24199,55.0675],[-117.24257,55.06417],[-117.24426,55.06097],[-117.24702,55.05802],[-117.25072,55.05543],[-117.25524,55.05331],[-117.26039,55.05173],[-117.26598,55.05076],[-117.2718,55.05043],[-117.27762,55.05076],[-117.28321,55.05173],[-117.28836,55.05331],[-117.29288,55.05543],[-117.29658,55.05802],[-117.29934,55.06097],[-117.30103,55.06417],[-117.30161,55.0675],[-117.30103,55.07083],[-117.29934,55.07403],[-117.29658,55.07698],[-117.29288,55.07957],[-117.28836,55.08169],[-117.28321,55.08327],[-117.27762,55.08424],[-117.2718,55.08457]]]}},{"type":"Feature","properties":{"ident":"CA-0630","name":"Sisters Islets Lighthouse Helipad","airport_type":"heliport","radius_km":1.9},"geometry":{"type":"Polygon","coordinates":[[[-124.43506,49.50406],[-124.42994,49.50373],[-124.42501,49.50276],[-124.42047,49.50118],[-124.41648,49.49906],[-124.41322,49.49647],[-124.41079,49.49352],[-124.40929,49.49032],[-124.40879,49.48699],[-124.40929,49.48366],[-124.41079,49.48046],[-124.41322,49.47751],[-124.41648,49.47492],[-124.42047,49.4728],[-124.42501,49.47122],[-124.42994,49.47025],[-124.43506,49.46992],[-124.44019,49.47025],[-124.44512,49.47122],[-124.44966,49.4728],[-124.45364,49.47492],[-124.45691,49.47751],[-124.45934,49.48046],[-124.46083,49.48366],[-124.46134,49.48699],[-124.46083,49.49032],[-124.45934,49.49352],[-124.45691,49.49647],[-124.45364,49.49906],[-124.44966,49.50118],[-124.44512,49.50276],[-124.44019,49.50373],[-124.43506,49.50406]]]}},{"type":"Feature","properties":{"ident":"CA-0636","name":"Active Pass Lighthouse Heliport","airport_type":"heliport","radius_km":1.9},"geometry":{"type":"Polygon","coordinates":[[[-123.2914,48.89047],[-123.28634,48.89014],[-123.28147,48.88917],[-123.27698,48.88759],[-123.27305,48.88547],[-123.26982,48.88288],[-123.26743,48.87993],[-123.26595,48.87673],[-123.26545,48.8734],[-123.26595,48.87007],[-123.26743,48.86687],[-123.26982,48.86392],[-123.27305,48.86133],[-123.27698,48.85921],[-123.28147,48.85763],[-123.28634,48.85666],[-123.2914,48.85633],[-123.29646,48.85666],[-123.30133,48.85763],[-123.30582,48.85921],[-123.30975,48.86133],[-123.31298,48.86392],[-123.31537,48.86687],[-123.31685,48.87007],[-123.31735,48.8734],[-123.31685,48.87673],[-123.31537,48.87993],[-123.31298,48.88288],[-123.30975,48.88547],[-123.30582,48.88759],[-123.30133,48.88917],[-123.29646,48.89014],[-123.2914,48.89047]]]}},{"type":"Feature","properties":{"ident":"CA-0642","name":"Ivory Island Lightstation Helipad","airport_type":"heliport","radius_km":1.9},"geometry":{"type":"Polygon","coordinates":[[[-128.4053,52.28817],[-128.39986,52.28784],[-128.39463,52.28687],[-128.38981,52.2853],[-128.38558,52.28317],[-128.38211,52.28059],[-128.37954,52.27764],[-128.37795,52.27443],[-128.37741,52.2711],[-128.37795,52.26777],[-128.37954,52.26457],[-128.38211,52.26162],[-128.38558,52.25904],[-128.38981,52.25691],[-128.39463,52.25534],[-128.39986,52.25436],[-128.4053,52.25404],[-128.41075,52.25436],[-128.41598,52.25534],[-128.4208,52.25691],[-128.42503,52.25904],[-128.4285,52.26162],[-128.43107,52.26457],[-128.43266,52.26777],[-128.4332,52.2711],[-128.43266,52.27443],[-128.43107,52.27764],[-128.4285,52.28059],[-128.42503,52.28317],[-128.4208,52.2853],[-128.41598,52.28687],[-128.41075,52.28784],[-128.4053,52.28817]]]}},{"type":"Feature","properties":{"ident":"CA-0647","name":"Discovery Island Lightstation Helipad","airport_type":"heliport","radius_km":1.9},"geometry":{"type":"Polygon","coordinates":[[[-123.2258,48.44187],[-123.22078,48.44154],[-123.21596,48.44057],[-123.21151,48.43899],[-123.20762,48.43687],[-123.20442,48.43428],[-123.20204,48.43133],[-123.20058,48.42813],[-123.20008,48.4248],[-123.20058,48.42147],[-123.20204,48.41827],[-123.20442,48.41532],[-123.20762,48.41273],[-123.21151,48.41061],[-123.21596,48.40903],[-123.22078,48.40806],[-123.2258,48.40773],[-123.23082,48.40806],[-123.23564,48.40903],[-123.24009,48.41061],[-123.24399,48.41273],[-123.24719,48.41532],[-123.24956,48.41827],[-123.25103,48.42147],[-123.25152,48.4248],[-123.25103,48.42813],[-123.24956,48.43133],[-123.24719,48.43428],[-123.24399,48.43687],[-123.24009,48.43899],[-123.23564,48.44057],[-123.23082,48.44154],[-123.2258,48.44187]]]}},{"type":"Feature","properties":{"ident":"CA-0660","name":"Bonilla Island Lightstation Helipad","airport_type":"heliport","radius_km":1.9},"geometry":{"type":"Polygon","coordinates":[[[-130.6353,53.50997],[-130.6297,53.50964],[-130.62432,53.50867],[-130.61936,53.50709],[-130.61501,53.50497],[-130.61145,53.50238],[-130.60879,53.49943],[-130.60716,53.49623],[-130.60661,53.4929],[-130.60716,53.48957],[-130.60879,53.48637],[-130.61145,53.48342],[-130.61501,53.48083],[-130.61936,53.47871],[-130.62432,53.47713],[-130.6297,53.47616],[-130.6353,53.47583],[-130.6409,53.47616],[-130.64628,53.47713],[-130.65124,53.47871],[-130.65559,53.48083],[-130.65915,53.48342],[-130.66181,53.48637],[-130.66344,53.48957],[-130.66399,53.4929],[-130.66344,53.49623],[-130.66181,53.49943],[-130.65915,53.50238],[-130.65559,53.50497],[-130.65124,53.50709],[-130.64628,53.50867],[-130.6409,53.50964],[-130.6353,53.50997]]]}},{"type":"Feature","properties":{"ident":"CA-0661","name":"Addenbroke Island Lightstation Helipad","airport_type":"heliport","radius_km":1.9},"geometry":{"type":"Polygon","coordinates":[[[-127.8636,51.62157],[-127.85824,51.62124],[-127.85309,51.62027],[-127.84833,51.61869],[-127.84417,51.61657],[-127.84075,51.61398],[-127.83821,51.61103],[-127.83665,51.60783],[-127.83612,51.6045],[-127.83665,51.60117],[-127.83821,51.59797],[-127.84075,51.59502],[-127.84417,51.59243],[-127.84833,51.59031],[-127.85309,51.58873],[-127.85824,51.58776],[-127.8636,51.58743],[-127.86896,51.58776],[-127.87412,51.58873],[-127.87887,51.59031],[-127.88303,51.59243],[-127.88645,51.59502],[-127.88899,51.59797],[-127.89055,51.60117],[-127.89108,51.6045],[-127.89055,51.60783],[-127.88899,51.61103],[-127.88645,51.61398],[-127.88303,51.61657],[-127.87887,51.61869],[-127.87412,51.62027],[-127.86896,51.62124],[-127.8636,51.62157]]]}},{"type":"Feature","properties":{"ident":"CA-0713","name":"Hinton/Highland Helicopters Heliport","airport_type":"heliport","radius_km":1.9},"geometry":{"type":"Polygon","coordinates":[[[-117.57818,53.424],[-117.57259,53.42367],[-117.56722,53.4227],[-117.56227,53.42112],[-117.55793,53.419],[-117.55437,53.41641],[-117.55173,53.41346],[-117.5501,53.41026],[-117.54955,53.40693],[-117.5501,53.4036],[-117.55173,53.4004],[-117.55437,53.39745],[-117.55793,53.39486],[-117.56227,53.39274],[-117.56722,53.39116],[-117.57259,53.39019],[-117.57818,53.38986],[-117.58377,53.39019],[-117.58914,53.39116],[-117.59409,53.39274],[-117.59843,53.39486],[-117.60199,53.39745],[-117.60463,53.4004],[-117.60626,53.4036],[-117.60681,53.40693],[-117.60626,53.41026],[-117.60463,53.41346],[-117.60199,53.41641],[-117.59843,53.419],[-117.59409,53.42112],[-117.58914,53.4227],[-117.58377,53.42367],[-117.57818,53.424]]]}},{"type":"Feature","properties":{"ident":"CA-0714","name":"Hinton/Yellowhead Helicopters Heliport","airport_type":"heliport","radius_km":1.9},"geometry":{"type":"Polygon","coordinates":[[[-117.66336,53.36828],[-117.65778,53.36795],[-117.65242,53.36698],[-117.64747,53.3654],[-117.64314,53.36328],[-117.63959,53.36069],[-117.63694,53.35774],[-117.63532,53.35454],[-117.63477,53.35121],[-117.63532,53.34788],[-117.63694,53.34468],[-117.63959,53.34173],[-117.64314,53.33914],[-117.64747,53.33702],[-117.65242,53.33544],[-117.65778,53.33447],[-117.66336,53.33414],[-117.66894,53.33447],[-117.6743,53.33544],[-117.67925,53.33702],[-117.68358,53.33914],[-117.68713,53.34173],[-117.68978,53.34468],[-117.6914,53.34788],[-117.69195,53.35121],[-117.6914,53.35454],[-117.68978,53.35774],[-117.68713,53.36069],[-117.68358,53.36328],[-117.67925,53.3654],[-117.6743,53.36698],[-117.66894,53.36795],[-117.66336,53.36828]]]}},{"type":"Feature","properties":{"ident":"CA-0715","name":"Lake Louise Heliport","airport_type":"heliport","radius_km":1.9},"geometry":{"type":"Polygon","coordinates":[[[-116.18716,51.44996],[-116.18182,51.44963],[-116.17668,51.44866],[-116.17195,51.44708],[-116.1678,51.44496],[-116.1644,51.44237],[-116.16187,51.43942],[-116.16031,51.43622],[-116.15978,51.43289],[-116.16031,51.42956],[-116.16187,51.42636],[-116.1644,51.42341],[-116.1678,51.42082],[-116.17195,51.4187],[-116.17668,51.41712],[-116.18182,51.41615],[-116.18716,51.41582],[-116.1925,51.41615],[-116.19764,51.41712],[-116.20237,51.4187],[-116.20652,51.42082],[-116.20992,51.42341],[-116.21245,51.42636],[-116.21401,51.42956],[-116.21454,51.43289],[-116.21401,51.43622],[-116.21245,51.43942],[-116.20992,51.44237],[-116.20652,51.44496],[-116.20237,51.44708],[-116.19764,51.44866],[-116.1925,51.44963],[-116.18716,51.44996]]]}},{"type":"Feature","properties":{"ident":"CA-0721","name":"Westville Community Helipad","airport_type":"heliport","radius_km":1.9},"geometry":{"type":"Polygon","coordinates":[[[-62.70245,45.57055],[-62.6977,45.57022],[-62.69312,45.56925],[-62.68891,45.56767],[-62.68522,45.56555],[-62.68218,45.56296],[-62.67993,45.56001],[-62.67855,45.55681],[-62.67808,45.55348],[-62.67855,45.55015],[-62.67993,45.54695],[-62.68218,45.544],[-62.68522,45.54141],[-62.68891,45.53929],[-62.69312,45.53771],[-62.6977,45.53674],[-62.70245,45.53641],[-62.70721,45.53674],[-62.71178,45.53771],[-62.71599,45.53929],[-62.71969,45.54141],[-62.72272,45.544],[-62.72497,45.54695],[-62.72636,45.55015],[-62.72683,45.55348],[-62.72636,45.55681],[-62.72497,45.56001],[-62.72272,45.56296],[-62.71969,45.56555],[-62.71599,45.56767],[-62.71178,45.56925],[-62.70721,45.57022],[-62.70245,45.57055]]]}},{"type":"Feature","properties":{"ident":"CA-0722","name":"Cumberland Regional Health Care Centre Heliport","airport_type":"heliport","radius_km":1.9},"geometry":{"type":"Polygon","coordinates":[[[-64.19657,45.82026],[-64.19179,45.81993],[-64.1872,45.81896],[-64.18297,45.81738],[-64.17926,45.81526],[-64.17621,45.81267],[-64.17395,45.80972],[-64.17256,45.80652],[-64.17209,45.80319],[-64.17256,45.79986],[-64.17395,45.79666],[-64.17621,45.79371],[-64.17926,45.79112],[-64.18297,45.789],[-64.1872,45.78742],[-64.19179,45.78645],[-64.19657,45.78612],[-64.20135,45.78645],[-64.20594,45.78742],[-64.21017,45.789],[-64.21388,45.79112],[-64.21693,45.79371],[-64.21919,45.79666],[-64.22058,45.79986],[-64.22105,45.80319],[-64.22058,45.80652],[-64.21919,45.80972],[-64.21693,45.81267],[-64.21388,45.81526],[-64.21017,45.81738],[-64.20594,45.81896],[-64.20135,45.81993],[-64.19657,45.82026]]]}},{"type":"Feature","properties":{"ident":"CA-0724","name":"Canadian Coast Guard Base Sea Island Heliport","airport_type":"heliport","radius_km":1.9},"geometry":{"type":"Polygon","coordinates":[[[-123.18412,49.19813],[-123.17903,49.19781],[-123.17413,49.19683],[-123.16961,49.19526],[-123.16566,49.19313],[-123.16241,49.19055],[-123.16,49.1876],[-123.15851,49.1844],[-123.15801,49.18107],[-123.15851,49.17774],[-123.16,49.17453],[-123.16241,49.17158],[-123.16566,49.169],[-123.16961,49.16687],[-123.17413,49.1653],[-123.17903,49.16433],[-123.18412,49.164],[-123.18921,49.16433],[-123.19411,49.1653],[-123.19863,49.16687],[-123.20258,49.169],[-123.20583,49.17158],[-123.20824,49.17453],[-123.20973,49.17774],[-123.21023,49.18107],[-123.20973,49.1844],[-123.20824,49.1876],[-123.20583,49.19055],[-123.20258,49.19313],[-123.19863,49.19526],[-123.19411,49.19683],[-123.18921,49.19781],[-123.18412,49.19813]]]}},{"type":"Feature","properties":{"ident":"CA-0725","name":"Vancouver (HMCS Discovery) Heliport","airport_type":"heliport","radius_km":1.9},"geometry":{"type":"Polygon","coordinates":[[[-123.12346,49.31144],[-123.11835,49.31111],[-123.11344,49.31014],[-123.10892,49.30856],[-123.10495,49.30644],[-123.1017,49.30385],[-123.09928,49.3009],[-123.09779,49.2977],[-123.09729,49.29437],[-123.09779,49.29104],[-123.09928,49.28784],[-123.1017,49.28489],[-123.10495,49.2823],[-123.10892,49.28018],[-123.11344,49.2786],[-123.11835,49.27763],[-123.12346,49.2773],[-123.12857,49.27763],[-123.13348,49.2786],[-123.138,49.28018],[-123.14197,49.2823],[-123.14522,49.28489],[-123.14764,49.28784],[-123.14913,49.29104],[-123.14963,49.29437],[-123.14913,49.2977],[-123.14764,49.3009],[-123.14522,49.30385],[-123.14197,49.30644],[-123.138,49.30856],[-123.13348,49.31014],[-123.12857,49.31111],[-123.12346,49.31144]]]}},{"type":"Feature","properties":{"ident":"CA-0726","name":"Belcarra (Jug Island Trail) Heliport","airport_type":"heliport","radius_km":1.9},"geometry":{"type":"Polygon","coordinates":[[[-122.92029,49.3409],[-122.91518,49.34057],[-122.91027,49.3396],[-122.90574,49.33803],[-122.90177,49.3359],[-122.89852,49.33332],[-122.8961,49.33037],[-122.89461,49.32716],[-122.8941,49.32384],[-122.89461,49.32051],[-122.8961,49.3173],[-122.89852,49.31435],[-122.90177,49.31177],[-122.90574,49.30964],[-122.91027,49.30807],[-122.91518,49.3071],[-122.92029,49.30677],[-122.9254,49.3071],[-122.93031,49.30807],[-122.93484,49.30964],[-122.93881,49.31177],[-122.94206,49.31435],[-122.94448,49.3173],[-122.94597,49.32051],[-122.94648,49.32384],[-122.94597,49.32716],[-122.94448,49.33037],[-122.94206,49.33332],[-122.93881,49.3359],[-122.93484,49.33803],[-122.93031,49.3396],[-122.9254,49.34057],[-122.92029,49.3409]]]}},{"type":"Feature","properties":{"ident":"CA-0727","name":"Squamish General Hospital Heliport","airport_type":"heliport","radius_km":1.9},"geometry":{"type":"Polygon","coordinates":[[[-123.1419,49.71412],[-123.13675,49.71379],[-123.1318,49.71282],[-123.12724,49.71124],[-123.12324,49.70912],[-123.11996,49.70653],[-123.11752,49.70358],[-123.11602,49.70038],[-123.11551,49.69705],[-123.11602,49.69372],[-123.11752,49.69052],[-123.11996,49.68757],[-123.12324,49.68498],[-123.12724,49.68286],[-123.1318,49.68128],[-123.13675,49.68031],[-123.1419,49.67998],[-123.14705,49.68031],[-123.152,49.68128],[-123.15656,49.68286],[-123.16056,49.68498],[-123.16384,49.68757],[-123.16628,49.69052],[-123.16778,49.69372],[-123.16829,49.69705],[-123.16778,49.70038],[-123.16628,49.70358],[-123.16384,49.70653],[-123.16056,49.70912],[-123.15656,49.71124],[-123.152,49.71282],[-123.14705,49.71379],[-123.1419,49.71412]]]}},{"type":"Feature","properties":{"ident":"CA-0728","name":"Stawamus Chief Emergency Helipad","airport_type":"heliport","radius_km":1.9},"geometry":{"type":"Polygon","coordinates":[[[-123.14498,49.69689],[-123.13983,49.69656],[-123.13489,49.69559],[-123.13033,49.69401],[-123.12633,49.69189],[-123.12305,49.6893],[-123.12061,49.68635],[-123.11911,49.68315],[-123.1186,49.67982],[-123.11911,49.67649],[-123.12061,49.67329],[-123.12305,49.67034],[-123.12633,49.66775],[-123.13033,49.66563],[-123.13489,49.66405],[-123.13983,49.66308],[-123.14498,49.66275],[-123.15013,49.66308],[-123.15507,49.66405],[-123.15963,49.66563],[-123.16363,49.66775],[-123.16691,49.67034],[-123.16935,49.67329],[-123.17085,49.67649],[-123.17136,49.67982],[-123.17085,49.68315],[-123.16935,49.68635],[-123.16691,49.6893],[-123.16363,49.69189],[-123.15963,49.69401],[-123.15507,49.69559],[-123.15013,49.69656],[-123.14498,49.69689]]]}},{"type":"Feature","properties":{"ident":"CA-0729","name":"Squamish Terminals Heliport","airport_type":"heliport","radius_km":1.9},"geometry":{"type":"Polygon","coordinates":[[[-123.17314,49.70099],[-123.16799,49.70066],[-123.16304,49.69969],[-123.15848,49.69811],[-123.15449,49.69599],[-123.15121,49.6934],[-123.14877,49.69045],[-123.14727,49.68725],[-123.14676,49.68392],[-123.14727,49.68059],[-123.14877,49.67739],[-123.15121,49.67444],[-123.15449,49.67185],[-123.15848,49.66973],[-123.16304,49.66815],[-123.16799,49.66718],[-123.17314,49.66685],[-123.17829,49.66718],[-123.18324,49.66815],[-123.1878,49.66973],[-123.19179,49.67185],[-123.19507,49.67444],[-123.19751,49.67739],[-123.19901,49.68059],[-123.19952,49.68392],[-123.19901,49.68725],[-123.19751,49.69045],[-123.19507,49.6934],[-123.19179,49.69599],[-123.1878,49.69811],[-123.18324,49.69969],[-123.17829,49.70066],[-123.17314,49.70099]]]}},{"type":"Feature","properties":{"ident":"CA-0730","name":"Squamish (Woodfibre) Heliport","airport_type":"heliport","radius_km":1.9},"geometry":{"type":"Polygon","coordinates":[[[-123.25656,49.68148],[-123.25142,49.68115],[-123.24647,49.68018],[-123.24191,49.6786],[-123.23791,49.67648],[-123.23463,49.67389],[-123.2322,49.67094],[-123.2307,49.66774],[-123.23019,49.66441],[-123.2307,49.66108],[-123.2322,49.65788],[-123.23463,49.65493],[-123.23791,49.65234],[-123.24191,49.65022],[-123.24647,49.64864],[-123.25142,49.64767],[-123.25656,49.64734],[-123.2617,49.64767],[-123.26665,49.64864],[-123.27121,49.65022],[-123.27521,49.65234],[-123.27849,49.65493],[-123.28092,49.65788],[-123.28242,49.66108],[-123.28293,49.66441],[-123.28242,49.66774],[-123.28092,49.67094],[-123.27849,49.67389],[-123.27521,49.67648],[-123.27121,49.6786],[-123.26665,49.68018],[-123.2617,49.68115],[-123.25656,49.68148]]]}},{"type":"Feature","properties":{"ident":"CA-0733","name":"Nanisivik Naval Facility Heliport","airport_type":"heliport","radius_km":1.9},"geometry":{"type":"Polygon","coordinates":[[[-84.55432,73.08664],[-84.54289,73.08631],[-84.53189,73.08534],[-84.52176,73.08376],[-84.51288,73.08164],[-84.50559,73.07905],[-84.50017,73.0761],[-84.49684,73.0729],[-84.49571,73.06957],[-84.49684,73.06624],[-84.50017,73.06304],[-84.50559,73.06009],[-84.51288,73.0575],[-84.52176,73.05538],[-84.53189,73.0538],[-84.54289,73.05283],[-84.55432,73.0525],[-84.56575,73.05283],[-84.57675,73.0538],[-84.58688,73.05538],[-84.59576,73.0575],[-84.60305,73.06009],[-84.60847,73.06304],[-84.6118,73.06624],[-84.61293,73.06957],[-84.6118,73.0729],[-84.60847,73.0761],[-84.60305,73.07905],[-84.59576,73.08164],[-84.58688,73.08376],[-84.57675,73.08534],[-84.56575,73.08631],[-84.55432,73.08664]]]}},{"type":"Feature","properties":{"ident":"CA-0740","name":"Lax Kw'alaams Heliport","airport_type":"heliport","radius_km":1.9},"geometry":{"type":"Polygon","coordinates":[[[-130.42957,54.57692],[-130.42383,54.57659],[-130.41831,54.57562],[-130.41322,54.57404],[-130.40876,54.57192],[-130.4051,54.56933],[-130.40238,54.56638],[-130.4007,54.56318],[-130.40014,54.55985],[-130.4007,54.55652],[-130.40238,54.55332],[-130.4051,54.55037],[-130.40876,54.54778],[-130.41322,54.54566],[-130.41831,54.54408],[-130.42383,54.54311],[-130.42957,54.54278],[-130.43531,54.54311],[-130.44083,54.54408],[-130.44592,54.54566],[-130.45038,54.54778],[-130.45404,54.55037],[-130.45676,54.55332],[-130.45844,54.55652],[-130.459,54.55985],[-130.45844,54.56318],[-130.45676,54.56638],[-130.45404,54.56933],[-130.45038,54.57192],[-130.44592,54.57404],[-130.44083,54.57562],[-130.43531,54.57659],[-130.42957,54.57692]]]}},{"type":"Feature","properties":{"ident":"CA-0741","name":"Kitkatla Heliport","airport_type":"heliport","radius_km":1.9},"geometry":{"type":"Polygon","coordinates":[[[-130.42563,53.81222],[-130.41999,53.81189],[-130.41457,53.81092],[-130.40958,53.80934],[-130.4052,53.80722],[-130.4016,53.80463],[-130.39893,53.80168],[-130.39729,53.79848],[-130.39673,53.79515],[-130.39729,53.79182],[-130.39893,53.78862],[-130.4016,53.78567],[-130.4052,53.78308],[-130.40958,53.78096],[-130.41457,53.77938],[-130.41999,53.77841],[-130.42563,53.77808],[-130.43127,53.77841],[-130.43669,53.77938],[-130.44168,53.78096],[-130.44606,53.78308],[-130.44966,53.78567],[-130.45233,53.78862],[-130.45397,53.79182],[-130.45453,53.79515],[-130.45397,53.79848],[-130.45233,53.80168],[-130.44966,53.80463],[-130.44606,53.80722],[-130.44168,53.80934],[-130.43669,53.81092],[-130.43127,53.81189],[-130.42563,53.81222]]]}},{"type":"Feature","properties":{"ident":"CA-0742","name":"Hartley Bay Heliport","airport_type":"heliport","radius_km":1.9},"geometry":{"type":"Polygon","coordinates":[[[-129.25036,53.44237],[-129.24477,53.44204],[-129.2394,53.44107],[-129.23445,53.43949],[-129.23011,53.43737],[-129.22654,53.43478],[-129.2239,53.43183],[-129.22227,53.42863],[-129.22172,53.4253],[-129.22227,53.42197],[-129.2239,53.41877],[-129.22654,53.41582],[-129.23011,53.41323],[-129.23445,53.41111],[-129.2394,53.40953],[-129.24477,53.40856],[-129.25036,53.40823],[-129.25595,53.40856],[-129.26132,53.40953],[-129.26627,53.41111],[-129.27061,53.41323],[-129.27418,53.41582],[-129.27682,53.41877],[-129.27845,53.42197],[-129.279,53.4253],[-129.27845,53.42863],[-129.27682,53.43183],[-129.27418,53.43478],[-129.27061,53.43737],[-129.26627,53.43949],[-129.26132,53.44107],[-129.25595,53.44204],[-129.25036,53.44237]]]}},{"type":"Feature","properties":{"ident":"CA-0747","name":"CFB Esquimalt - Colwood Heliport","airport_type":"heliport","radius_km":1.9},"geometry":{"type":"Polygon","coordinates":[[[-123.45418,48.46522],[-123.44916,48.46489],[-123.44433,48.46392],[-123.43988,48.46234],[-123.43598,48.46022],[-123.43278,48.45763],[-123.43041,48.45468],[-123.42894,48.45148],[-123.42845,48.44815],[-123.42894,48.44482],[-123.43041,48.44162],[-123.43278,48.43867],[-123.43598,48.43608],[-123.43988,48.43396],[-123.44433,48.43238],[-123.44916,48.43141],[-123.45418,48.43108],[-123.4592,48.43141],[-123.46403,48.43238],[-123.46848,48.43396],[-123.47238,48.43608],[-123.47558,48.43867],[-123.47795,48.44162],[-123.47942,48.44482],[-123.47991,48.44815],[-123.47942,48.45148],[-123.47795,48.45468],[-123.47558,48.45763],[-123.47238,48.46022],[-123.46848,48.46234],[-123.46403,48.46392],[-123.4592,48.46489],[-123.45418,48.46522]]]}},{"type":"Feature","properties":{"ident":"CA-0748","name":"Mount Lady MacDonald Teahouse Helipad","airport_type":"heliport","radius_km":1.9},"geometry":{"type":"Polygon","coordinates":[[[-115.3176,51.13157],[-115.3123,51.13124],[-115.3072,51.13027],[-115.30249,51.12869],[-115.29837,51.12657],[-115.29499,51.12398],[-115.29248,51.12103],[-115.29093,51.11783],[-115.29041,51.1145],[-115.29093,51.11117],[-115.29248,51.10797],[-115.29499,51.10502],[-115.29837,51.10243],[-115.30249,51.10031],[-115.3072,51.09873],[-115.3123,51.09776],[-115.3176,51.09743],[-115.3229,51.09776],[-115.328,51.09873],[-115.33271,51.10031],[-115.33683,51.10243],[-115.34021,51.10502],[-115.34272,51.10797],[-115.34427,51.11117],[-115.34479,51.1145],[-115.34427,51.11783],[-115.34272,51.12103],[-115.34021,51.12398],[-115.33683,51.12657],[-115.33271,51.12869],[-115.328,51.13027],[-115.3229,51.13124],[-115.3176,51.13157]]]}},{"type":"Feature","properties":{"ident":"CA-0749","name":"Mount Shark Heliport","airport_type":"heliport","radius_km":1.9},"geometry":{"type":"Polygon","coordinates":[[[-115.36601,50.8776],[-115.36073,50.87727],[-115.35566,50.8763],[-115.35099,50.87472],[-115.34689,50.8726],[-115.34353,50.87001],[-115.34103,50.86706],[-115.33949,50.86386],[-115.33897,50.86053],[-115.33949,50.8572],[-115.34103,50.854],[-115.34353,50.85105],[-115.34689,50.84846],[-115.35099,50.84634],[-115.35566,50.84476],[-115.36073,50.84379],[-115.36601,50.84346],[-115.37129,50.84379],[-115.37636,50.84476],[-115.38103,50.84634],[-115.38513,50.84846],[-115.38849,50.85105],[-115.39099,50.854],[-115.39253,50.8572],[-115.39305,50.86053],[-115.39253,50.86386],[-115.39099,50.86706],[-115.38849,50.87001],[-115.38513,50.8726],[-115.38103,50.87472],[-115.37636,50.8763],[-115.37129,50.87727],[-115.36601,50.8776]]]}},{"type":"Feature","properties":{"ident":"CA-0751","name":"Burnt Point Lighthouse Helipad","airport_type":"heliport","radius_km":1.9},"geometry":{"type":"Polygon","coordinates":[[[-54.15794,49.61886],[-54.1528,49.61853],[-54.14786,49.61756],[-54.14331,49.61598],[-54.13932,49.61386],[-54.13604,49.61127],[-54.13361,49.60832],[-54.13211,49.60512],[-54.1316,49.60179],[-54.13211,49.59846],[-54.13361,49.59526],[-54.13604,49.59231],[-54.13932,49.58972],[-54.14331,49.5876],[-54.14786,49.58602],[-54.1528,49.58505],[-54.15794,49.58472],[-54.16308,49.58505],[-54.16802,49.58602],[-54.17257,49.5876],[-54.17656,49.58972],[-54.17984,49.59231],[-54.18227,49.59526],[-54.18377,49.59846],[-54.18428,49.60179],[-54.18377,49.60512],[-54.18227,49.60832],[-54.17984,49.61127],[-54.17656,49.61386],[-54.17257,49.61598],[-54.16802,49.61756],[-54.16308,49.61853],[-54.15794,49.61886]]]}},{"type":"Feature","properties":{"ident":"CA-0752","name":"Offer Wadham Lighthouse Helipad","airport_type":"heliport","radius_km":1.9},"geometry":{"type":"Polygon","coordinates":[[[-53.76305,49.61066],[-53.75791,49.61033],[-53.75297,49.60936],[-53.74842,49.60778],[-53.74443,49.60566],[-53.74116,49.60307],[-53.73872,49.60012],[-53.73722,49.59692],[-53.73672,49.59359],[-53.73722,49.59026],[-53.73872,49.58706],[-53.74116,49.58411],[-53.74443,49.58152],[-53.74842,49.5794],[-53.75297,49.57782],[-53.75791,49.57685],[-53.76305,49.57652],[-53.76819,49.57685],[-53.77313,49.57782],[-53.77768,49.5794],[-53.78167,49.58152],[-53.78494,49.58411],[-53.78738,49.58706],[-53.78888,49.59026],[-53.78938,49.59359],[-53.78888,49.59692],[-53.78738,49.60012],[-53.78494,49.60307],[-53.78167,49.60566],[-53.77768,49.60778],[-53.77313,49.60936],[-53.76819,49.61033],[-53.76305,49.61066]]]}},{"type":"Feature","properties":{"ident":"CA-0757","name":"Musquodoboit Valley Memorial Hospital Heliport","airport_type":"heliport","radius_km":1.9},"geometry":{"type":"Polygon","coordinates":[[[-63.14096,45.05756],[-63.13625,45.05723],[-63.13172,45.05626],[-63.12754,45.05468],[-63.12388,45.05256],[-63.12088,45.04997],[-63.11864,45.04702],[-63.11727,45.04382],[-63.11681,45.04049],[-63.11727,45.03716],[-63.11864,45.03396],[-63.12088,45.03101],[-63.12388,45.02842],[-63.12754,45.0263],[-63.13172,45.02472],[-63.13625,45.02375],[-63.14096,45.02342],[-63.14567,45.02375],[-63.1502,45.02472],[-63.15438,45.0263],[-63.15804,45.02842],[-63.16104,45.03101],[-63.16328,45.03396],[-63.16465,45.03716],[-63.16511,45.04049],[-63.16465,45.04382],[-63.16328,45.04702],[-63.16104,45.04997],[-63.15804,45.05256],[-63.15438,45.05468],[-63.1502,45.05626],[-63.14567,45.05723],[-63.14096,45.05756]]]}},{"type":"Feature","properties":{"ident":"CA-0767","name":"Purcell Heli Skiing Heliport","airport_type":"heliport","radius_km":1.9},"geometry":{"type":"Polygon","coordinates":[[[-116.93991,51.31943],[-116.93458,51.3191],[-116.92946,51.31813],[-116.92474,51.31655],[-116.92061,51.31443],[-116.91721,51.31184],[-116.91469,51.30889],[-116.91314,51.30569],[-116.91261,51.30236],[-116.91314,51.29903],[-116.91469,51.29583],[-116.91721,51.29288],[-116.92061,51.29029],[-116.92474,51.28817],[-116.92946,51.28659],[-116.93458,51.28562],[-116.93991,51.28529],[-116.94524,51.28562],[-116.95036,51.28659],[-116.95508,51.28817],[-116.95921,51.29029],[-116.96261,51.29288],[-116.96513,51.29583],[-116.96668,51.29903],[-116.96721,51.30236],[-116.96668,51.30569],[-116.96513,51.30889],[-116.96261,51.31184],[-116.95921,51.31443],[-116.95508,51.31655],[-116.95036,51.31813],[-116.94524,51.3191],[-116.93991,51.31943]]]}},{"type":"Feature","properties":{"ident":"CA-0770","name":"Elkford Health Centre Heliport","airport_type":"heliport","radius_km":1.9},"geometry":{"type":"Polygon","coordinates":[[[-114.91734,50.03771],[-114.91215,50.03738],[-114.90717,50.03641],[-114.90258,50.03483],[-114.89855,50.03271],[-114.89525,50.03012],[-114.89279,50.02717],[-114.89128,50.02397],[-114.89077,50.02064],[-114.89128,50.01731],[-114.89279,50.01411],[-114.89525,50.01116],[-114.89855,50.00857],[-114.90258,50.00645],[-114.90717,50.00487],[-114.91215,50.0039],[-114.91734,50.00357],[-114.92252,50.0039],[-114.9275,50.00487],[-114.93209,50.00645],[-114.93612,50.00857],[-114.93942,50.01116],[-114.94188,50.01411],[-114.94339,50.01731],[-114.9439,50.02064],[-114.94339,50.02397],[-114.94188,50.02717],[-114.93942,50.03012],[-114.93612,50.03271],[-114.93209,50.03483],[-114.9275,50.03641],[-114.92252,50.03738],[-114.91734,50.03771]]]}},{"type":"Feature","properties":{"ident":"CA-0794","name":"Butedale Heliport","airport_type":"heliport","radius_km":1.9},"geometry":{"type":"Polygon","coordinates":[[[-128.69469,53.17689],[-128.68914,53.17656],[-128.6838,53.17559],[-128.67888,53.17401],[-128.67456,53.17189],[-128.67102,53.1693],[-128.66839,53.16635],[-128.66677,53.16315],[-128.66623,53.15982],[-128.66677,53.15649],[-128.66839,53.15329],[-128.67102,53.15034],[-128.67456,53.14775],[-128.67888,53.14563],[-128.6838,53.14405],[-128.68914,53.14308],[-128.69469,53.14275],[-128.70025,53.14308],[-128.70559,53.14405],[-128.71051,53.14563],[-128.71482,53.14775],[-128.71836,53.15034],[-128.72099,53.15329],[-128.72261,53.15649],[-128.72316,53.15982],[-128.72261,53.16315],[-128.72099,53.16635],[-128.71836,53.1693],[-128.71482,53.17189],[-128.71051,53.17401],[-128.70559,53.17559],[-128.70025,53.17656],[-128.69469,53.17689]]]}},{"type":"Feature","properties":{"ident":"CA-0795","name":"Metlakatla Heliport","airport_type":"heliport","radius_km":1.9},"geometry":{"type":"Polygon","coordinates":[[[-130.44205,54.35313],[-130.43634,54.3528],[-130.43084,54.35183],[-130.42578,54.35025],[-130.42135,54.34813],[-130.41771,54.34555],[-130.415,54.34259],[-130.41333,54.33939],[-130.41277,54.33606],[-130.41333,54.33273],[-130.415,54.32953],[-130.41771,54.32658],[-130.42135,54.32399],[-130.42578,54.32187],[-130.43084,54.32029],[-130.43634,54.31932],[-130.44205,54.319],[-130.44776,54.31932],[-130.45325,54.32029],[-130.45831,54.32187],[-130.46275,54.32399],[-130.46639,54.32658],[-130.46909,54.32953],[-130.47076,54.33273],[-130.47132,54.33606],[-130.47076,54.33939],[-130.46909,54.34259],[-130.46639,54.34555],[-130.46275,54.34813],[-130.45831,54.35025],[-130.45325,54.35183],[-130.44776,54.3528],[-130.44205,54.35313]]]}},{"type":"Feature","properties":{"ident":"CA-0801","name":"Kamloops RCMP Helipad","airport_type":"heliport","radius_km":1.9},"geometry":{"type":"Polygon","coordinates":[[[-120.36622,50.6723],[-120.36097,50.67198],[-120.35592,50.671],[-120.35127,50.66943],[-120.34719,50.6673],[-120.34384,50.66472],[-120.34135,50.66177],[-120.33982,50.65857],[-120.3393,50.65524],[-120.33982,50.65191],[-120.34135,50.6487],[-120.34384,50.64575],[-120.34719,50.64317],[-120.35127,50.64104],[-120.35592,50.63947],[-120.36097,50.6385],[-120.36622,50.63817],[-120.37147,50.6385],[-120.37652,50.63947],[-120.38118,50.64104],[-120.38526,50.64317],[-120.38861,50.64575],[-120.39109,50.6487],[-120.39263,50.65191],[-120.39314,50.65524],[-120.39263,50.65857],[-120.39109,50.66177],[-120.38861,50.66472],[-120.38526,50.6673],[-120.38118,50.66943],[-120.37652,50.671],[-120.37147,50.67198],[-120.36622,50.6723]]]}},{"type":"Feature","properties":{"ident":"CA-0805","name":"La Cormorandi\u00e8re Heliport","airport_type":"heliport","radius_km":1.9},"geometry":{"type":"Polygon","coordinates":[[[-61.68914,47.30478],[-61.68423,47.30445],[-61.67951,47.30348],[-61.67516,47.3019],[-61.67135,47.29978],[-61.66822,47.29719],[-61.66589,47.29424],[-61.66446,47.29104],[-61.66398,47.28771],[-61.66446,47.28438],[-61.66589,47.28118],[-61.66822,47.27823],[-61.67135,47.27564],[-61.67516,47.27352],[-61.67951,47.27194],[-61.68423,47.27097],[-61.68914,47.27064],[-61.69405,47.27097],[-61.69877,47.27194],[-61.70312,47.27352],[-61.70693,47.27564],[-61.71006,47.27823],[-61.71239,47.28118],[-61.71382,47.28438],[-61.7143,47.28771],[-61.71382,47.29104],[-61.71239,47.29424],[-61.71006,47.29719],[-61.70693,47.29978],[-61.70312,47.3019],[-61.69877,47.30348],[-61.69405,47.30445],[-61.68914,47.30478]]]}},{"type":"Feature","properties":{"ident":"CA-0806","name":"Ramea Heliport","airport_type":"heliport","radius_km":1.9},"geometry":{"type":"Polygon","coordinates":[[[-57.38977,47.5451],[-57.38484,47.54477],[-57.3801,47.5438],[-57.37573,47.54222],[-57.3719,47.5401],[-57.36875,47.53751],[-57.36642,47.53456],[-57.36498,47.53136],[-57.36449,47.52803],[-57.36498,47.5247],[-57.36642,47.5215],[-57.36875,47.51855],[-57.3719,47.51596],[-57.37573,47.51384],[-57.3801,47.51226],[-57.38484,47.51129],[-57.38977,47.51096],[-57.3947,47.51129],[-57.39944,47.51226],[-57.40381,47.51384],[-57.40764,47.51596],[-57.41079,47.51855],[-57.41312,47.5215],[-57.41456,47.5247],[-57.41505,47.52803],[-57.41456,47.53136],[-57.41312,47.53456],[-57.41079,47.53751],[-57.40764,47.5401],[-57.40381,47.54222],[-57.39944,47.5438],[-57.3947,47.54477],[-57.38977,47.5451]]]}},{"type":"Feature","properties":{"ident":"CA-0807","name":"Fran\u00e7ois Heliport","airport_type":"heliport","radius_km":1.9},"geometry":{"type":"Polygon","coordinates":[[[-56.74581,47.59874],[-56.74087,47.59841],[-56.73613,47.59744],[-56.73175,47.59586],[-56.72792,47.59374],[-56.72477,47.59115],[-56.72243,47.5882],[-56.72099,47.585],[-56.72051,47.58167],[-56.72099,47.57834],[-56.72243,47.57514],[-56.72477,47.57219],[-56.72792,47.5696],[-56.73175,47.56748],[-56.73613,47.5659],[-56.74087,47.56493],[-56.74581,47.5646],[-56.75075,47.56493],[-56.75549,47.5659],[-56.75987,47.56748],[-56.7637,47.5696],[-56.76685,47.57219],[-56.76919,47.57514],[-56.77063,47.57834],[-56.77111,47.58167],[-56.77063,47.585],[-56.76919,47.5882],[-56.76685,47.59115],[-56.7637,47.59374],[-56.75987,47.59586],[-56.75549,47.59744],[-56.75075,47.59841],[-56.74581,47.59874]]]}},{"type":"Feature","properties":{"ident":"CA-0808","name":"Grey River Heliport","airport_type":"heliport","radius_km":1.9},"geometry":{"type":"Polygon","coordinates":[[[-57.09913,47.6064],[-57.09419,47.60607],[-57.08945,47.6051],[-57.08507,47.60352],[-57.08124,47.6014],[-57.07809,47.59881],[-57.07575,47.59586],[-57.07431,47.59266],[-57.07382,47.58933],[-57.07431,47.586],[-57.07575,47.5828],[-57.07809,47.57985],[-57.08124,47.57726],[-57.08507,47.57514],[-57.08945,47.57356],[-57.09419,47.57259],[-57.09913,47.57226],[-57.10407,47.57259],[-57.10881,47.57356],[-57.11319,47.57514],[-57.11702,47.57726],[-57.12017,47.57985],[-57.12251,47.5828],[-57.12395,47.586],[-57.12444,47.58933],[-57.12395,47.59266],[-57.12251,47.59586],[-57.12017,47.59881],[-57.11702,47.6014],[-57.11319,47.60352],[-57.10881,47.6051],[-57.10407,47.60607],[-57.09913,47.6064]]]}},{"type":"Feature","properties":{"ident":"CA-0816","name":"Valleyview Forestry Base","airport_type":"heliport","radius_km":1.9},"geometry":{"type":"Polygon","coordinates":[[[-117.3245,55.04073],[-117.31869,55.0404],[-117.31311,55.03943],[-117.30796,55.03785],[-117.30345,55.03573],[-117.29974,55.03314],[-117.29699,55.03019],[-117.2953,55.02699],[-117.29473,55.02366],[-117.2953,55.02033],[-117.29699,55.01713],[-117.29974,55.01418],[-117.30345,55.01159],[-117.30796,55.00947],[-117.31311,55.00789],[-117.31869,55.00692],[-117.3245,55.00659],[-117.33031,55.00692],[-117.33589,55.00789],[-117.34104,55.00947],[-117.34555,55.01159],[-117.34926,55.01418],[-117.35201,55.01713],[-117.3537,55.02033],[-117.35427,55.02366],[-117.3537,55.02699],[-117.35201,55.03019],[-117.34926,55.03314],[-117.34555,55.03573],[-117.34104,55.03785],[-117.33589,55.03943],[-117.33031,55.0404],[-117.3245,55.04073]]]}},{"type":"Feature","properties":{"ident":"CA-0818","name":"Jasper Heliport","airport_type":"heliport","radius_km":1.9},"geometry":{"type":"Polygon","coordinates":[[[-118.07371,52.8947],[-118.06819,52.89437],[-118.06289,52.8934],[-118.058,52.89182],[-118.05371,52.8897],[-118.0502,52.88711],[-118.04758,52.88416],[-118.04597,52.88096],[-118.04543,52.87763],[-118.04597,52.8743],[-118.04758,52.8711],[-118.0502,52.86815],[-118.05371,52.86556],[-118.058,52.86344],[-118.06289,52.86186],[-118.06819,52.86089],[-118.07371,52.86056],[-118.07923,52.86089],[-118.08453,52.86186],[-118.08942,52.86344],[-118.09371,52.86556],[-118.09722,52.86815],[-118.09984,52.8711],[-118.10145,52.8743],[-118.10199,52.87763],[-118.10145,52.88096],[-118.09984,52.88416],[-118.09722,52.88711],[-118.09371,52.8897],[-118.08942,52.89182],[-118.08453,52.8934],[-118.07923,52.89437],[-118.07371,52.8947]]]}},{"type":"Feature","properties":{"ident":"CA-0838","name":"Gaglardi Tower (Royal Inland Hospital) Heliport","airport_type":"heliport","radius_km":1.9},"geometry":{"type":"Polygon","coordinates":[[[-120.33382,50.68715],[-120.32857,50.68682],[-120.32352,50.68585],[-120.31886,50.68427],[-120.31478,50.68215],[-120.31143,50.67956],[-120.30894,50.67661],[-120.30741,50.67341],[-120.30689,50.67008],[-120.30741,50.66675],[-120.30894,50.66355],[-120.31143,50.6606],[-120.31478,50.65801],[-120.31886,50.65589],[-120.32352,50.65431],[-120.32857,50.65334],[-120.33382,50.65301],[-120.33907,50.65334],[-120.34413,50.65431],[-120.34878,50.65589],[-120.35286,50.65801],[-120.35621,50.6606],[-120.3587,50.66355],[-120.36023,50.66675],[-120.36075,50.67008],[-120.36023,50.67341],[-120.3587,50.67661],[-120.35621,50.67956],[-120.35286,50.68215],[-120.34878,50.68427],[-120.34413,50.68585],[-120.33907,50.68682],[-120.33382,50.68715]]]}},{"type":"Feature","properties":{"ident":"CA-0880","name":"Elkford Heliport","airport_type":"heliport","radius_km":1.9},"geometry":{"type":"Polygon","coordinates":[[[-114.92318,50.02409],[-114.918,50.02376],[-114.91302,50.02279],[-114.90842,50.02121],[-114.9044,50.01909],[-114.9011,50.0165],[-114.89864,50.01355],[-114.89713,50.01035],[-114.89662,50.00702],[-114.89713,50.00369],[-114.89864,50.00049],[-114.9011,49.99754],[-114.9044,49.99495],[-114.90842,49.99283],[-114.91302,49.99125],[-114.918,49.99028],[-114.92318,49.98995],[-114.92836,49.99028],[-114.93334,49.99125],[-114.93793,49.99283],[-114.94196,49.99495],[-114.94526,49.99754],[-114.94771,50.00049],[-114.94923,50.00369],[-114.94974,50.00702],[-114.94923,50.01035],[-114.94771,50.01355],[-114.94526,50.0165],[-114.94196,50.01909],[-114.93793,50.02121],[-114.93334,50.02279],[-114.92836,50.02376],[-114.92318,50.02409]]]}},{"type":"Feature","properties":{"ident":"CA-0904","name":"All Saints Springhill Hospital Heliport","airport_type":"heliport","radius_km":1.9},"geometry":{"type":"Polygon","coordinates":[[[-64.0487,45.66742],[-64.04394,45.66709],[-64.03936,45.66612],[-64.03513,45.66454],[-64.03144,45.66242],[-64.0284,45.65983],[-64.02614,45.65688],[-64.02475,45.65368],[-64.02428,45.65035],[-64.02475,45.64702],[-64.02614,45.64382],[-64.0284,45.64087],[-64.03144,45.63828],[-64.03513,45.63616],[-64.03936,45.63458],[-64.04394,45.63361],[-64.0487,45.63328],[-64.05346,45.63361],[-64.05804,45.63458],[-64.06227,45.63616],[-64.06596,45.63828],[-64.069,45.64087],[-64.07126,45.64382],[-64.07265,45.64702],[-64.07312,45.65035],[-64.07265,45.65368],[-64.07126,45.65688],[-64.069,45.65983],[-64.06596,45.66242],[-64.06227,45.66454],[-64.05804,45.66612],[-64.05346,45.66709],[-64.0487,45.66742]]]}},{"type":"Feature","properties":{"ident":"CA-0905","name":"Hants Community Hospital Heliport","airport_type":"heliport","radius_km":1.9},"geometry":{"type":"Polygon","coordinates":[[[-64.12082,45.004],[-64.11611,45.00367],[-64.11159,45.0027],[-64.10741,45.00112],[-64.10376,44.999],[-64.10075,44.99641],[-64.09852,44.99346],[-64.09715,44.99026],[-64.09669,44.98693],[-64.09715,44.9836],[-64.09852,44.9804],[-64.10075,44.97745],[-64.10376,44.97486],[-64.10741,44.97274],[-64.11159,44.97116],[-64.11611,44.97019],[-64.12082,44.96986],[-64.12553,44.97019],[-64.13005,44.97116],[-64.13423,44.97274],[-64.13788,44.97486],[-64.14089,44.97745],[-64.14312,44.9804],[-64.14449,44.9836],[-64.14495,44.98693],[-64.14449,44.99026],[-64.14312,44.99346],[-64.14089,44.99641],[-64.13788,44.999],[-64.13423,45.00112],[-64.13005,45.0027],[-64.12553,45.00367],[-64.12082,45.004]]]}},{"type":"Feature","properties":{"ident":"CA-0906","name":"Guysborough Memorial Hospital Heliport","airport_type":"heliport","radius_km":1.9},"geometry":{"type":"Polygon","coordinates":[[[-61.50645,45.41987],[-61.50171,45.41954],[-61.49715,45.41857],[-61.49294,45.41699],[-61.48926,45.41487],[-61.48624,45.41228],[-61.48399,45.40933],[-61.48261,45.40613],[-61.48214,45.4028],[-61.48261,45.39947],[-61.48399,45.39627],[-61.48624,45.39332],[-61.48926,45.39073],[-61.49294,45.38861],[-61.49715,45.38703],[-61.50171,45.38606],[-61.50645,45.38573],[-61.51119,45.38606],[-61.51575,45.38703],[-61.51996,45.38861],[-61.52364,45.39073],[-61.52666,45.39332],[-61.52891,45.39627],[-61.53029,45.39947],[-61.53076,45.4028],[-61.53029,45.40613],[-61.52891,45.40933],[-61.52666,45.41228],[-61.52364,45.41487],[-61.51996,45.41699],[-61.51575,45.41857],[-61.51119,45.41954],[-61.50645,45.41987]]]}},{"type":"Feature","properties":{"ident":"CA-0921","name":"Victoria Hospital Heliport","airport_type":"heliport","radius_km":1.9},"geometry":{"type":"Polygon","coordinates":[[[-105.78358,53.20753],[-105.77803,53.2072],[-105.77268,53.20623],[-105.76776,53.20465],[-105.76344,53.20253],[-105.7599,53.19994],[-105.75727,53.19699],[-105.75564,53.19379],[-105.7551,53.19046],[-105.75564,53.18713],[-105.75727,53.18393],[-105.7599,53.18098],[-105.76344,53.17839],[-105.76776,53.17627],[-105.77268,53.17469],[-105.77803,53.17372],[-105.78358,53.17339],[-105.78914,53.17372],[-105.79449,53.17469],[-105.79941,53.17627],[-105.80373,53.17839],[-105.80727,53.18098],[-105.8099,53.18393],[-105.81152,53.18713],[-105.81207,53.19046],[-105.81152,53.19379],[-105.8099,53.19699],[-105.80727,53.19994],[-105.80373,53.20253],[-105.79941,53.20465],[-105.79449,53.20623],[-105.78914,53.2072],[-105.78358,53.20753]]]}},{"type":"Feature","properties":{"ident":"CA-0950","name":"Kingbridge Heliport","airport_type":"heliport","radius_km":1.9},"geometry":{"type":"Polygon","coordinates":[[[-79.55625,43.93417],[-79.55162,43.93385],[-79.54718,43.93287],[-79.54308,43.9313],[-79.53949,43.92917],[-79.53655,43.92659],[-79.53436,43.92364],[-79.53301,43.92044],[-79.53255,43.91711],[-79.53301,43.91378],[-79.53436,43.91057],[-79.53655,43.90762],[-79.53949,43.90504],[-79.54308,43.90291],[-79.54718,43.90134],[-79.55162,43.90037],[-79.55625,43.90004],[-79.56087,43.90037],[-79.56531,43.90134],[-79.56941,43.90291],[-79.573,43.90504],[-79.57595,43.90762],[-79.57814,43.91057],[-79.57949,43.91378],[-79.57994,43.91711],[-79.57949,43.92044],[-79.57814,43.92364],[-79.57595,43.92659],[-79.573,43.92917],[-79.56941,43.9313],[-79.56531,43.93287],[-79.56087,43.93385],[-79.55625,43.93417]]]}},{"type":"Feature","properties":{"ident":"CA-0952","name":"Waldhof Heliport","airport_type":"heliport","radius_km":1.9},"geometry":{"type":"Polygon","coordinates":[[[-114.07367,51.27207],[-114.06835,51.27174],[-114.06323,51.27077],[-114.05852,51.26919],[-114.05438,51.26707],[-114.05099,51.26448],[-114.04847,51.26153],[-114.04692,51.25833],[-114.0464,51.255],[-114.04692,51.25167],[-114.04847,51.24847],[-114.05099,51.24552],[-114.05438,51.24293],[-114.05852,51.24081],[-114.06323,51.23923],[-114.06835,51.23826],[-114.07367,51.23793],[-114.07899,51.23826],[-114.0841,51.23923],[-114.08882,51.24081],[-114.09295,51.24293],[-114.09634,51.24552],[-114.09886,51.24847],[-114.10041,51.25167],[-114.10094,51.255],[-114.10041,51.25833],[-114.09886,51.26153],[-114.09634,51.26448],[-114.09295,51.26707],[-114.08882,51.26919],[-114.0841,51.27077],[-114.07899,51.27174],[-114.07367,51.27207]]]}},{"type":"Feature","properties":{"ident":"CA-0966","name":"Bearspaw Fire Station 103 Heliport","airport_type":"heliport","radius_km":1.9},"geometry":{"type":"Polygon","coordinates":[[[-114.32101,51.18715],[-114.3157,51.18682],[-114.31059,51.18585],[-114.30589,51.18427],[-114.30176,51.18215],[-114.29838,51.17956],[-114.29586,51.17661],[-114.29431,51.17341],[-114.29379,51.17008],[-114.29431,51.16675],[-114.29586,51.16355],[-114.29838,51.1606],[-114.30176,51.15801],[-114.30589,51.15589],[-114.31059,51.15431],[-114.3157,51.15334],[-114.32101,51.15301],[-114.32632,51.15334],[-114.33143,51.15431],[-114.33613,51.15589],[-114.34026,51.15801],[-114.34364,51.1606],[-114.34616,51.16355],[-114.34771,51.16675],[-114.34823,51.17008],[-114.34771,51.17341],[-114.34616,51.17661],[-114.34364,51.17956],[-114.34026,51.18215],[-114.33613,51.18427],[-114.33143,51.18585],[-114.32632,51.18682],[-114.32101,51.18715]]]}},{"type":"Feature","properties":{"ident":"CA-0976","name":"Rotor Maxx Support Heliport","airport_type":"heliport","radius_km":1.9},"geometry":{"type":"Polygon","coordinates":[[[-124.36237,49.33003],[-124.35726,49.3297],[-124.35235,49.32873],[-124.34782,49.32715],[-124.34386,49.32503],[-124.3406,49.32244],[-124.33818,49.31949],[-124.33669,49.31629],[-124.33619,49.31296],[-124.33669,49.30963],[-124.33818,49.30643],[-124.3406,49.30348],[-124.34386,49.30089],[-124.34782,49.29877],[-124.35235,49.29719],[-124.35726,49.29622],[-124.36237,49.29589],[-124.36748,49.29622],[-124.37239,49.29719],[-124.37692,49.29877],[-124.38088,49.30089],[-124.38414,49.30348],[-124.38656,49.30643],[-124.38805,49.30963],[-124.38855,49.31296],[-124.38805,49.31629],[-124.38656,49.31949],[-124.38414,49.32244],[-124.38088,49.32503],[-124.37692,49.32715],[-124.37239,49.32873],[-124.36748,49.3297],[-124.36237,49.33003]]]}},{"type":"Feature","properties":{"ident":"CA-0977","name":"CMH Bugaboos Helipad","airport_type":"heliport","radius_km":1.9},"geometry":{"type":"Polygon","coordinates":[[[-116.35744,50.91549],[-116.35216,50.91516],[-116.34708,50.91419],[-116.34241,50.91261],[-116.3383,50.91049],[-116.33494,50.9079],[-116.33244,50.90495],[-116.3309,50.90175],[-116.33038,50.89842],[-116.3309,50.89509],[-116.33244,50.89189],[-116.33494,50.88894],[-116.3383,50.88635],[-116.34241,50.88423],[-116.34708,50.88265],[-116.35216,50.88168],[-116.35744,50.88135],[-116.36272,50.88168],[-116.3678,50.88265],[-116.37247,50.88423],[-116.37658,50.88635],[-116.37994,50.88894],[-116.38244,50.89189],[-116.38398,50.89509],[-116.3845,50.89842],[-116.38398,50.90175],[-116.38244,50.90495],[-116.37994,50.9079],[-116.37658,50.91049],[-116.37247,50.91261],[-116.3678,50.91419],[-116.36272,50.91516],[-116.35744,50.91549]]]}},{"type":"Feature","properties":{"ident":"CA-0978","name":"CMH Bobbie Burns Helipad","airport_type":"heliport","radius_km":1.9},"geometry":{"type":"Polygon","coordinates":[[[-116.65393,51.07659],[-116.64863,51.07626],[-116.64354,51.07529],[-116.63884,51.07371],[-116.63473,51.07159],[-116.63135,51.069],[-116.62884,51.06605],[-116.6273,51.06285],[-116.62677,51.05952],[-116.6273,51.05619],[-116.62884,51.05299],[-116.63135,51.05004],[-116.63473,51.04745],[-116.63884,51.04533],[-116.64354,51.04375],[-116.64863,51.04278],[-116.65393,51.04245],[-116.65923,51.04278],[-116.66432,51.04375],[-116.66902,51.04533],[-116.67313,51.04745],[-116.67651,51.05004],[-116.67902,51.05299],[-116.68056,51.05619],[-116.68109,51.05952],[-116.68056,51.06285],[-116.67902,51.06605],[-116.67651,51.069],[-116.67313,51.07159],[-116.66902,51.07371],[-116.66432,51.07529],[-116.65923,51.07626],[-116.65393,51.07659]]]}},{"type":"Feature","properties":{"ident":"CA-0980","name":"Antler Valley Farm Heliport","airport_type":"heliport","radius_km":1.9},"geometry":{"type":"Polygon","coordinates":[[[-113.84997,52.1043],[-113.84455,52.10397],[-113.83934,52.103],[-113.83454,52.10142],[-113.83033,52.0993],[-113.82688,52.09671],[-113.82431,52.09376],[-113.82273,52.09056],[-113.8222,52.08723],[-113.82273,52.0839],[-113.82431,52.0807],[-113.82688,52.07775],[-113.83033,52.07516],[-113.83454,52.07304],[-113.83934,52.07146],[-113.84455,52.07049],[-113.84997,52.07016],[-113.85539,52.07049],[-113.8606,52.07146],[-113.86541,52.07304],[-113.86962,52.07516],[-113.87307,52.07775],[-113.87564,52.0807],[-113.87722,52.0839],[-113.87775,52.08723],[-113.87722,52.09056],[-113.87564,52.09376],[-113.87307,52.09671],[-113.86962,52.0993],[-113.86541,52.10142],[-113.8606,52.103],[-113.85539,52.10397],[-113.84997,52.1043]]]}},{"type":"Feature","properties":{"ident":"CA-0983","name":"Pr Muskoka Helideck","airport_type":"heliport","radius_km":1.9},"geometry":{"type":"Polygon","coordinates":[[[-79.41194,44.97318],[-79.40724,44.97285],[-79.40271,44.97188],[-79.39854,44.9703],[-79.39489,44.96818],[-79.39189,44.96559],[-79.38966,44.96264],[-79.38829,44.95944],[-79.38782,44.95611],[-79.38829,44.95278],[-79.38966,44.94958],[-79.39189,44.94663],[-79.39489,44.94404],[-79.39854,44.94192],[-79.40271,44.94034],[-79.40724,44.93937],[-79.41194,44.93904],[-79.41665,44.93937],[-79.42117,44.94034],[-79.42534,44.94192],[-79.429,44.94404],[-79.432,44.94663],[-79.43423,44.94958],[-79.4356,44.95278],[-79.43606,44.95611],[-79.4356,44.95944],[-79.43423,44.96264],[-79.432,44.96559],[-79.429,44.96818],[-79.42534,44.9703],[-79.42117,44.97188],[-79.41665,44.97285],[-79.41194,44.97318]]]}},{"type":"Feature","properties":{"ident":"CA-0984","name":"H. Stever Heliport","airport_type":"heliport","radius_km":1.9},"geometry":{"type":"Polygon","coordinates":[[[-66.28481,50.22815],[-66.27961,50.22782],[-66.27461,50.22685],[-66.27,50.22528],[-66.26596,50.22315],[-66.26264,50.22057],[-66.26017,50.21762],[-66.25866,50.21441],[-66.25814,50.21108],[-66.25866,50.20776],[-66.26017,50.20455],[-66.26264,50.2016],[-66.26596,50.19902],[-66.27,50.19689],[-66.27461,50.19532],[-66.27961,50.19435],[-66.28481,50.19402],[-66.29002,50.19435],[-66.29502,50.19532],[-66.29963,50.19689],[-66.30367,50.19902],[-66.30699,50.2016],[-66.30946,50.20455],[-66.31097,50.20776],[-66.31149,50.21108],[-66.31097,50.21441],[-66.30946,50.21762],[-66.30699,50.22057],[-66.30367,50.22315],[-66.29963,50.22528],[-66.29502,50.22685],[-66.29002,50.22782],[-66.28481,50.22815]]]}},{"type":"Feature","properties":{"ident":"CA-0986","name":"Scheinberg Heliport","airport_type":"heliport","radius_km":1.9},"geometry":{"type":"Polygon","coordinates":[[[-79.69833,45.17901],[-79.69361,45.17868],[-79.68907,45.17771],[-79.68488,45.17613],[-79.68121,45.17401],[-79.6782,45.17142],[-79.67597,45.16847],[-79.67459,45.16527],[-79.67412,45.16194],[-79.67459,45.15861],[-79.67597,45.15541],[-79.6782,45.15246],[-79.68121,45.14987],[-79.68488,45.14775],[-79.68907,45.14617],[-79.69361,45.1452],[-79.69833,45.14487],[-79.70305,45.1452],[-79.70759,45.14617],[-79.71178,45.14775],[-79.71545,45.14987],[-79.71846,45.15246],[-79.72069,45.15541],[-79.72207,45.15861],[-79.72254,45.16194],[-79.72207,45.16527],[-79.72069,45.16847],[-79.71846,45.17142],[-79.71545,45.17401],[-79.71178,45.17613],[-79.70759,45.17771],[-79.70305,45.17868],[-79.69833,45.17901]]]}},{"type":"Feature","properties":{"ident":"CA-0988","name":"H. Stever Heliport","airport_type":"heliport","radius_km":1.9},"geometry":{"type":"Polygon","coordinates":[[[-64.10333,49.86373],[-64.09817,49.86341],[-64.0932,49.86244],[-64.08863,49.86086],[-64.08462,49.85874],[-64.08133,49.85615],[-64.07888,49.8532],[-64.07737,49.85],[-64.07686,49.84667],[-64.07737,49.84334],[-64.07888,49.84014],[-64.08133,49.83718],[-64.08462,49.8346],[-64.08863,49.83248],[-64.0932,49.8309],[-64.09817,49.82993],[-64.10333,49.8296],[-64.1085,49.82993],[-64.11346,49.8309],[-64.11804,49.83248],[-64.12205,49.8346],[-64.12534,49.83718],[-64.12779,49.84014],[-64.12929,49.84334],[-64.1298,49.84667],[-64.12929,49.85],[-64.12779,49.8532],[-64.12534,49.85615],[-64.12205,49.85874],[-64.11804,49.86086],[-64.11346,49.86244],[-64.1085,49.86341],[-64.10333,49.86373]]]}},{"type":"Feature","properties":{"ident":"CA-1175","name":"Vaughan Smart Centres Helipad","airport_type":"heliport","radius_km":1.9},"geometry":{"type":"Polygon","coordinates":[[[-79.53927,43.81352],[-79.53465,43.81319],[-79.53022,43.81222],[-79.52613,43.81064],[-79.52255,43.80852],[-79.51961,43.80594],[-79.51742,43.80298],[-79.51608,43.79978],[-79.51562,43.79645],[-79.51608,43.79312],[-79.51742,43.78992],[-79.51961,43.78697],[-79.52255,43.78438],[-79.52613,43.78226],[-79.53022,43.78068],[-79.53465,43.77971],[-79.53927,43.77939],[-79.54388,43.77971],[-79.54832,43.78068],[-79.5524,43.78226],[-79.55599,43.78438],[-79.55893,43.78697],[-79.56111,43.78992],[-79.56246,43.79312],[-79.56291,43.79645],[-79.56246,43.79978],[-79.56111,43.80298],[-79.55893,43.80594],[-79.55599,43.80852],[-79.5524,43.81064],[-79.54832,43.81222],[-79.54388,43.81319],[-79.53927,43.81352]]]}},{"type":"Feature","properties":{"ident":"CA-1176","name":"Eagle's Nest Golf Club Helipad","airport_type":"heliport","radius_km":1.9},"geometry":{"type":"Polygon","coordinates":[[[-79.49226,43.88348],[-79.48764,43.88315],[-79.4832,43.88218],[-79.47911,43.8806],[-79.47552,43.87848],[-79.47257,43.87589],[-79.47039,43.87294],[-79.46904,43.86974],[-79.46858,43.86641],[-79.46904,43.86308],[-79.47039,43.85988],[-79.47257,43.85693],[-79.47552,43.85434],[-79.47911,43.85222],[-79.4832,43.85064],[-79.48764,43.84967],[-79.49226,43.84934],[-79.49688,43.84967],[-79.50132,43.85064],[-79.50541,43.85222],[-79.509,43.85434],[-79.51194,43.85693],[-79.51413,43.85988],[-79.51548,43.86308],[-79.51593,43.86641],[-79.51548,43.86974],[-79.51413,43.87294],[-79.51194,43.87589],[-79.509,43.87848],[-79.50541,43.8806],[-79.50132,43.88218],[-79.49688,43.88315],[-79.49226,43.88348]]]}},{"type":"Feature","properties":{"ident":"CA-1177","name":"York Region EMS HQ Helipad","airport_type":"heliport","radius_km":1.9},"geometry":{"type":"Polygon","coordinates":[[[-79.3963,44.09825],[-79.39167,44.09793],[-79.38721,44.09696],[-79.3831,44.09538],[-79.3795,44.09326],[-79.37655,44.09067],[-79.37435,44.08772],[-79.373,44.08452],[-79.37255,44.08119],[-79.373,44.07786],[-79.37435,44.07466],[-79.37655,44.0717],[-79.3795,44.06912],[-79.3831,44.067],[-79.38721,44.06542],[-79.39167,44.06445],[-79.3963,44.06412],[-79.40094,44.06445],[-79.4054,44.06542],[-79.40951,44.067],[-79.41311,44.06912],[-79.41606,44.0717],[-79.41826,44.07466],[-79.41961,44.07786],[-79.42006,44.08119],[-79.41961,44.08452],[-79.41826,44.08772],[-79.41606,44.09067],[-79.41311,44.09326],[-79.40951,44.09538],[-79.4054,44.09696],[-79.40094,44.09793],[-79.3963,44.09825]]]}},{"type":"Feature","properties":{"ident":"CA-1178","name":"Polson Pier Helipad","airport_type":"heliport","radius_km":1.9},"geometry":{"type":"Polygon","coordinates":[[[-79.35605,43.65875],[-79.35145,43.65842],[-79.34702,43.65745],[-79.34295,43.65587],[-79.33937,43.65375],[-79.33644,43.65116],[-79.33426,43.64821],[-79.33292,43.64501],[-79.33246,43.64168],[-79.33292,43.63835],[-79.33426,43.63515],[-79.33644,43.6322],[-79.33937,43.62961],[-79.34295,43.62749],[-79.34702,43.62591],[-79.35145,43.62494],[-79.35605,43.62461],[-79.36065,43.62494],[-79.36508,43.62591],[-79.36915,43.62749],[-79.37273,43.62961],[-79.37566,43.6322],[-79.37784,43.63515],[-79.37918,43.63835],[-79.37964,43.64168],[-79.37918,43.64501],[-79.37784,43.64821],[-79.37566,43.65116],[-79.37273,43.65375],[-79.36915,43.65587],[-79.36508,43.65745],[-79.36065,43.65842],[-79.35605,43.65875]]]}},{"type":"Feature","properties":{"ident":"CA-1226","name":"North Frontenac Astronomy Park Heliport","airport_type":"heliport","radius_km":1.9},"geometry":{"type":"Polygon","coordinates":[[[-76.93884,44.93466],[-76.93414,44.93433],[-76.92962,44.93336],[-76.92545,44.93178],[-76.9218,44.92966],[-76.9188,44.92707],[-76.91658,44.92412],[-76.9152,44.92092],[-76.91474,44.91759],[-76.9152,44.91426],[-76.91658,44.91106],[-76.9188,44.90811],[-76.9218,44.90552],[-76.92545,44.9034],[-76.92962,44.90182],[-76.93414,44.90085],[-76.93884,44.90052],[-76.94355,44.90085],[-76.94807,44.90182],[-76.95223,44.9034],[-76.95589,44.90552],[-76.95888,44.90811],[-76.96111,44.91106],[-76.96248,44.91426],[-76.96295,44.91759],[-76.96248,44.92092],[-76.96111,44.92412],[-76.95888,44.92707],[-76.95589,44.92966],[-76.95223,44.93178],[-76.94807,44.93336],[-76.94355,44.93433],[-76.93884,44.93466]]]}},{"type":"Feature","properties":{"ident":"CA-1241","name":"Grouse Mountain Helipad","airport_type":"heliport","radius_km":1.9},"geometry":{"type":"Polygon","coordinates":[[[-123.0819,49.39605],[-123.07679,49.39572],[-123.07187,49.39475],[-123.06734,49.39317],[-123.06336,49.39105],[-123.0601,49.38846],[-123.05768,49.38551],[-123.05619,49.38231],[-123.05568,49.37898],[-123.05619,49.37565],[-123.05768,49.37245],[-123.0601,49.3695],[-123.06336,49.36691],[-123.06734,49.36479],[-123.07187,49.36321],[-123.07679,49.36224],[-123.0819,49.36191],[-123.08701,49.36224],[-123.09193,49.36321],[-123.09646,49.36479],[-123.10044,49.36691],[-123.1037,49.3695],[-123.10612,49.37245],[-123.10761,49.37565],[-123.10812,49.37898],[-123.10761,49.38231],[-123.10612,49.38551],[-123.1037,49.38846],[-123.10044,49.39105],[-123.09646,49.39317],[-123.09193,49.39475],[-123.08701,49.39572],[-123.0819,49.39605]]]}},{"type":"Feature","properties":{"ident":"CA-1242","name":"Valley Helicopters","airport_type":"heliport","radius_km":1.9},"geometry":{"type":"Polygon","coordinates":[[[-121.47915,49.38346],[-121.47403,49.38313],[-121.46912,49.38216],[-121.46458,49.38058],[-121.46061,49.37846],[-121.45735,49.37587],[-121.45493,49.37292],[-121.45344,49.36972],[-121.45294,49.36639],[-121.45344,49.36306],[-121.45493,49.35986],[-121.45735,49.35691],[-121.46061,49.35432],[-121.46458,49.3522],[-121.46912,49.35062],[-121.47403,49.34965],[-121.47915,49.34932],[-121.48426,49.34965],[-121.48917,49.35062],[-121.49371,49.3522],[-121.49768,49.35432],[-121.50094,49.35691],[-121.50336,49.35986],[-121.50485,49.36306],[-121.50535,49.36639],[-121.50485,49.36972],[-121.50336,49.37292],[-121.50094,49.37587],[-121.49768,49.37846],[-121.49371,49.38058],[-121.48917,49.38216],[-121.48426,49.38313],[-121.47915,49.38346]]]}},{"type":"Feature","properties":{"ident":"CA-1243","name":"Kestrel Helicopters","airport_type":"heliport","radius_km":1.9},"geometry":{"type":"Polygon","coordinates":[[[-124.34637,49.32783],[-124.34126,49.3275],[-124.33635,49.32653],[-124.33183,49.32495],[-124.32786,49.32283],[-124.3246,49.32024],[-124.32218,49.31729],[-124.32069,49.31409],[-124.32019,49.31076],[-124.32069,49.30743],[-124.32218,49.30423],[-124.3246,49.30128],[-124.32786,49.29869],[-124.33183,49.29657],[-124.33635,49.29499],[-124.34126,49.29402],[-124.34637,49.29369],[-124.35148,49.29402],[-124.35639,49.29499],[-124.36091,49.29657],[-124.36488,49.29869],[-124.36814,49.30128],[-124.37056,49.30423],[-124.37205,49.30743],[-124.37255,49.31076],[-124.37205,49.31409],[-124.37056,49.31729],[-124.36814,49.32024],[-124.36488,49.32283],[-124.36091,49.32495],[-124.35639,49.32653],[-124.35148,49.3275],[-124.34637,49.32783]]]}},{"type":"Feature","properties":{"ident":"CA-1244","name":"HMCS Cornwallis","airport_type":"heliport","radius_km":1.9},"geometry":{"type":"Polygon","coordinates":[[[-65.63257,44.67414],[-65.62789,44.67381],[-65.62339,44.67284],[-65.61924,44.67127],[-65.6156,44.66914],[-65.61262,44.66656],[-65.6104,44.66361],[-65.60904,44.6604],[-65.60858,44.65707],[-65.60904,44.65375],[-65.6104,44.65054],[-65.61262,44.64759],[-65.6156,44.64501],[-65.61924,44.64288],[-65.62339,44.64131],[-65.62789,44.64034],[-65.63257,44.64001],[-65.63725,44.64034],[-65.64175,44.64131],[-65.6459,44.64288],[-65.64954,44.64501],[-65.65252,44.64759],[-65.65474,44.65054],[-65.6561,44.65375],[-65.65657,44.65707],[-65.6561,44.6604],[-65.65474,44.66361],[-65.65252,44.66656],[-65.64954,44.66914],[-65.6459,44.67127],[-65.64175,44.67284],[-65.63725,44.67381],[-65.63257,44.67414]]]}},{"type":"Feature","properties":{"ident":"CA-1255","name":"Ompah Heliport","airport_type":"heliport","radius_km":1.9},"geometry":{"type":"Polygon","coordinates":[[[-76.84278,45.02519],[-76.83807,45.02486],[-76.83354,45.02389],[-76.82937,45.02232],[-76.82571,45.02019],[-76.82271,45.01761],[-76.82047,45.01466],[-76.8191,45.01145],[-76.81864,45.00812],[-76.8191,45.0048],[-76.82047,45.00159],[-76.82271,44.99864],[-76.82571,44.99606],[-76.82937,44.99393],[-76.83354,44.99236],[-76.83807,44.99139],[-76.84278,44.99106],[-76.84749,44.99139],[-76.85202,44.99236],[-76.85619,44.99393],[-76.85985,44.99606],[-76.86285,44.99864],[-76.86508,45.00159],[-76.86646,45.0048],[-76.86692,45.00812],[-76.86646,45.01145],[-76.86508,45.01466],[-76.86285,45.01761],[-76.85985,45.02019],[-76.85619,45.02232],[-76.85202,45.02389],[-76.84749,45.02486],[-76.84278,45.02519]]]}},{"type":"Feature","properties":{"ident":"CA-1257","name":"Mirabel Private Helipad","airport_type":"heliport","radius_km":1.9},"geometry":{"type":"Polygon","coordinates":[[[-74.05337,45.62408],[-74.04861,45.62376],[-74.04403,45.62278],[-74.03981,45.62121],[-74.03611,45.61908],[-74.03308,45.6165],[-74.03083,45.61355],[-74.02944,45.61035],[-74.02897,45.60702],[-74.02944,45.60369],[-74.03083,45.60048],[-74.03308,45.59753],[-74.03611,45.59495],[-74.03981,45.59282],[-74.04403,45.59125],[-74.04861,45.59028],[-74.05337,45.58995],[-74.05813,45.59028],[-74.0627,45.59125],[-74.06692,45.59282],[-74.07062,45.59495],[-74.07365,45.59753],[-74.07591,45.60048],[-74.07729,45.60369],[-74.07776,45.60702],[-74.07729,45.61035],[-74.07591,45.61355],[-74.07365,45.6165],[-74.07062,45.61908],[-74.06692,45.62121],[-74.0627,45.62278],[-74.05813,45.62376],[-74.05337,45.62408]]]}},{"type":"Feature","properties":{"ident":"CA-1296","name":"Elie Acres Heliport","airport_type":"heliport","radius_km":1.9},"geometry":{"type":"Polygon","coordinates":[[[-123.60283,48.57707],[-123.5978,48.57674],[-123.59296,48.57577],[-123.58851,48.57419],[-123.5846,48.57207],[-123.58139,48.56948],[-123.57901,48.56653],[-123.57754,48.56333],[-123.57704,48.56],[-123.57754,48.55667],[-123.57901,48.55347],[-123.58139,48.55052],[-123.5846,48.54793],[-123.58851,48.54581],[-123.59296,48.54423],[-123.5978,48.54326],[-123.60283,48.54293],[-123.60786,48.54326],[-123.6127,48.54423],[-123.61716,48.54581],[-123.62107,48.54793],[-123.62428,48.55052],[-123.62666,48.55347],[-123.62813,48.55667],[-123.62862,48.56],[-123.62813,48.56333],[-123.62666,48.56653],[-123.62428,48.56948],[-123.62107,48.57207],[-123.61716,48.57419],[-123.6127,48.57577],[-123.60786,48.57674],[-123.60283,48.57707]]]}},{"type":"Feature","properties":{"ident":"CA-CAB5","name":"Abbotsford (Regional Hospital & Cancer Centre) Heliport","airport_type":"heliport","radius_km":1.9},"geometry":{"type":"Polygon","coordinates":[[[-122.31405,49.05322],[-122.30897,49.05289],[-122.30409,49.05192],[-122.29958,49.05034],[-122.29564,49.04822],[-122.2924,49.04563],[-122.29,49.04268],[-122.28851,49.03948],[-122.28801,49.03615],[-122.28851,49.03282],[-122.29,49.02962],[-122.2924,49.02667],[-122.29564,49.02408],[-122.29958,49.02196],[-122.30409,49.02038],[-122.30897,49.01941],[-122.31405,49.01908],[-122.31913,49.01941],[-122.32401,49.02038],[-122.32851,49.02196],[-122.33246,49.02408],[-122.3357,49.02667],[-122.3381,49.02962],[-122.33958,49.03282],[-122.34008,49.03615],[-122.33958,49.03948],[-122.3381,49.04268],[-122.3357,49.04563],[-122.33246,49.04822],[-122.32851,49.05034],[-122.32401,49.05192],[-122.31913,49.05289],[-122.31405,49.05322]]]}},{"type":"Feature","properties":{"ident":"CAA3","name":"Westlock Healthcare Centre Heliport","airport_type":"heliport","radius_km":1.9},"geometry":{"type":"Polygon","coordinates":[[[-113.855,54.16367],[-113.84931,54.16334],[-113.84385,54.16237],[-113.83881,54.16079],[-113.83439,54.15867],[-113.83077,54.15608],[-113.82808,54.15313],[-113.82642,54.14993],[-113.82586,54.1466],[-113.82642,54.14327],[-113.82808,54.14007],[-113.83077,54.13712],[-113.83439,54.13453],[-113.83881,54.13241],[-113.84385,54.13083],[-113.84931,54.12986],[-113.855,54.12953],[-113.86068,54.12986],[-113.86615,54.13083],[-113.87119,54.13241],[-113.8756,54.13453],[-113.87923,54.13712],[-113.88192,54.14007],[-113.88358,54.14327],[-113.88414,54.1466],[-113.88358,54.14993],[-113.88192,54.15313],[-113.87923,54.15608],[-113.8756,54.15867],[-113.87119,54.16079],[-113.86615,54.16237],[-113.86068,54.16334],[-113.855,54.16367]]]}},{"type":"Feature","properties":{"ident":"CAA6","name":"Smithers (Canadian) Heliport","airport_type":"heliport","radius_km":1.9},"geometry":{"type":"Polygon","coordinates":[[[-127.1416,54.78936],[-127.13583,54.78903],[-127.13028,54.78806],[-127.12516,54.78649],[-127.12068,54.78436],[-127.117,54.78178],[-127.11426,54.77883],[-127.11258,54.77562],[-127.11201,54.77229],[-127.11258,54.76897],[-127.11426,54.76576],[-127.117,54.76281],[-127.12068,54.76023],[-127.12516,54.7581],[-127.13028,54.75653],[-127.13583,54.75556],[-127.1416,54.75523],[-127.14737,54.75556],[-127.15292,54.75653],[-127.15804,54.7581],[-127.16252,54.76023],[-127.1662,54.76281],[-127.16894,54.76576],[-127.17062,54.76897],[-127.17119,54.77229],[-127.17062,54.77562],[-127.16894,54.77883],[-127.1662,54.78178],[-127.16252,54.78436],[-127.15804,54.78649],[-127.15292,54.78806],[-127.14737,54.78903],[-127.1416,54.78936]]]}},{"type":"Feature","properties":{"ident":"CAB7","name":"Alpine Heliport","airport_type":"heliport","radius_km":1.9},"geometry":{"type":"Polygon","coordinates":[[[-119.56804,49.88067],[-119.56288,49.88034],[-119.55791,49.87937],[-119.55333,49.87779],[-119.54932,49.87567],[-119.54603,49.87308],[-119.54358,49.87013],[-119.54208,49.86693],[-119.54157,49.8636],[-119.54208,49.86027],[-119.54358,49.85707],[-119.54603,49.85412],[-119.54932,49.85153],[-119.55333,49.84941],[-119.55791,49.84783],[-119.56288,49.84686],[-119.56804,49.84653],[-119.57321,49.84686],[-119.57818,49.84783],[-119.58276,49.84941],[-119.58677,49.85153],[-119.59006,49.85412],[-119.59251,49.85707],[-119.59401,49.86027],[-119.59452,49.8636],[-119.59401,49.86693],[-119.59251,49.87013],[-119.59006,49.87308],[-119.58677,49.87567],[-119.58276,49.87779],[-119.57818,49.87937],[-119.57321,49.88034],[-119.56804,49.88067]]]}},{"type":"Feature","properties":{"ident":"CAC6","name":"Calgary (Alberta Children's Hospital) Heliport","airport_type":"heliport","radius_km":1.9},"geometry":{"type":"Polygon","coordinates":[[[-114.14771,51.09289],[-114.14241,51.09257],[-114.13731,51.09159],[-114.13262,51.09002],[-114.1285,51.08789],[-114.12512,51.08531],[-114.12261,51.08236],[-114.12106,51.07916],[-114.12054,51.07583],[-114.12106,51.0725],[-114.12261,51.06929],[-114.12512,51.06634],[-114.1285,51.06376],[-114.13262,51.06163],[-114.13731,51.06006],[-114.14241,51.05909],[-114.14771,51.05876],[-114.15301,51.05909],[-114.1581,51.06006],[-114.1628,51.06163],[-114.16692,51.06376],[-114.1703,51.06634],[-114.17281,51.06929],[-114.17435,51.0725],[-114.17487,51.07583],[-114.17435,51.07916],[-114.17281,51.08236],[-114.1703,51.08531],[-114.16692,51.08789],[-114.1628,51.09002],[-114.1581,51.09159],[-114.15301,51.09257],[-114.14771,51.09289]]]}},{"type":"Feature","properties":{"ident":"CAD2","name":"Allan Dale Residence Heliport","airport_type":"heliport","radius_km":1.9},"geometry":{"type":"Polygon","coordinates":[[[-113.6974,52.28697],[-113.69196,52.28664],[-113.68673,52.28567],[-113.6819,52.28409],[-113.67768,52.28197],[-113.67421,52.27938],[-113.67163,52.27643],[-113.67004,52.27323],[-113.66951,52.2699],[-113.67004,52.26657],[-113.67163,52.26337],[-113.67421,52.26042],[-113.67768,52.25783],[-113.6819,52.25571],[-113.68673,52.25413],[-113.69196,52.25316],[-113.6974,52.25283],[-113.70284,52.25316],[-113.70807,52.25413],[-113.7129,52.25571],[-113.71712,52.25783],[-113.72059,52.26042],[-113.72317,52.26337],[-113.72476,52.26657],[-113.72529,52.2699],[-113.72476,52.27323],[-113.72317,52.27643],[-113.72059,52.27938],[-113.71712,52.28197],[-113.7129,52.28409],[-113.70807,52.28567],[-113.70284,52.28664],[-113.6974,52.28697]]]}},{"type":"Feature","properties":{"ident":"CAD3","name":"Allan Dale Trailers & RV Heliport","airport_type":"heliport","radius_km":1.9},"geometry":{"type":"Polygon","coordinates":[[[-113.8633,52.32587],[-113.85785,52.32554],[-113.85262,52.32457],[-113.84779,52.32299],[-113.84356,52.32087],[-113.84009,52.31828],[-113.83751,52.31533],[-113.83592,52.31213],[-113.83538,52.3088],[-113.83592,52.30547],[-113.83751,52.30227],[-113.84009,52.29932],[-113.84356,52.29673],[-113.84779,52.29461],[-113.85262,52.29303],[-113.85785,52.29206],[-113.8633,52.29173],[-113.86875,52.29206],[-113.87398,52.29303],[-113.87881,52.29461],[-113.88304,52.29673],[-113.88651,52.29932],[-113.88909,52.30227],[-113.89068,52.30547],[-113.89122,52.3088],[-113.89068,52.31213],[-113.88909,52.31533],[-113.88651,52.31828],[-113.88304,52.32087],[-113.87881,52.32299],[-113.87398,52.32457],[-113.86875,52.32554],[-113.8633,52.32587]]]}},{"type":"Feature","properties":{"ident":"CAE2","name":"Cranbrook (East Kootenay Regional Hospital) Heliport","airport_type":"heliport","radius_km":1.9},"geometry":{"type":"Polygon","coordinates":[[[-115.75,49.52957],[-115.74487,49.52924],[-115.73994,49.52827],[-115.7354,49.52669],[-115.73141,49.52457],[-115.72814,49.52198],[-115.72571,49.51903],[-115.72422,49.51583],[-115.72371,49.5125],[-115.72422,49.50917],[-115.72571,49.50597],[-115.72814,49.50302],[-115.73141,49.50043],[-115.7354,49.49831],[-115.73994,49.49673],[-115.74487,49.49576],[-115.75,49.49543],[-115.75513,49.49576],[-115.76006,49.49673],[-115.7646,49.49831],[-115.76859,49.50043],[-115.77186,49.50302],[-115.77429,49.50597],[-115.77578,49.50917],[-115.77629,49.5125],[-115.77578,49.51583],[-115.77429,49.51903],[-115.77186,49.52198],[-115.76859,49.52457],[-115.7646,49.52669],[-115.76006,49.52827],[-115.75513,49.52924],[-115.75,49.52957]]]}},{"type":"Feature","properties":{"ident":"CAH5","name":"Ascent Helicopters Heliport","airport_type":"heliport","radius_km":1.9},"geometry":{"type":"Polygon","coordinates":[[[-124.37033,49.32873],[-124.36523,49.32841],[-124.36031,49.32744],[-124.35579,49.32586],[-124.35182,49.32374],[-124.34857,49.32115],[-124.34615,49.3182],[-124.34466,49.315],[-124.34415,49.31167],[-124.34466,49.30834],[-124.34615,49.30514],[-124.34857,49.30218],[-124.35182,49.2996],[-124.35579,49.29748],[-124.36031,49.2959],[-124.36523,49.29493],[-124.37033,49.2946],[-124.37544,49.29493],[-124.38035,49.2959],[-124.38488,49.29748],[-124.38885,49.2996],[-124.3921,49.30218],[-124.39452,49.30514],[-124.39601,49.30834],[-124.39651,49.31167],[-124.39601,49.315],[-124.39452,49.3182],[-124.3921,49.32115],[-124.38885,49.32374],[-124.38488,49.32586],[-124.38035,49.32744],[-124.37544,49.32841],[-124.37033,49.32873]]]}},{"type":"Feature","properties":{"ident":"CAJ4","name":"Anahim Lake Airport","airport_type":"medium_airport","radius_km":5.6},"geometry":{"type":"Polygon","coordinates":[[[-125.30378,52.50181],[-125.293,52.50138],[-125.28241,52.50009],[-125.27219,52.49798],[-125.2625,52.49507],[-125.25353,52.49141],[-125.24541,52.48707],[-125.23829,52.48213],[-125.23229,52.47665],[-125.22751,52.47075],[-125.22404,52.46452],[-125.22194,52.45807],[-125.22123,52.4515],[-125.22194,52.44493],[-125.22404,52.43848],[-125.22751,52.43225],[-125.23229,52.42635],[-125.23829,52.42088],[-125.24541,52.41593],[-125.25353,52.41159],[-125.2625,52.40794],[-125.27219,52.40502],[-125.28241,52.40291],[-125.293,52.40163],[-125.30378,52.4012],[-125.31455,52.40163],[-125.32514,52.40291],[-125.33536,52.40502],[-125.34505,52.40794],[-125.35403,52.41159],[-125.36214,52.41593],[-125.36926,52.42088],[-125.37526,52.42635],[-125.38004,52.43225],[-125.38351,52.43848],[-125.38561,52.44493],[-125.38632,52.4515],[-125.38561,52.45807],[-125.38351,52.46452],[-125.38004,52.47075],[-125.37526,52.47665],[-125.36926,52.48213],[-125.36214,52.48707],[-125.35403,52.49141],[-125.34505,52.49507],[-125.33536,52.49798],[-125.32514,52.50009],[-125.31455,52.50138],[-125.30378,52.50181]]]}},{"type":"Feature","properties":{"ident":"CAK7","name":"Vancouver (Children & Women's Health Centre) Heliport","airport_type":"heliport","radius_km":1.9},"geometry":{"type":"Polygon","coordinates":[[[-123.1271,49.26091],[-123.122,49.26058],[-123.11709,49.25961],[-123.11257,49.25803],[-123.10861,49.25591],[-123.10536,49.25332],[-123.10294,49.25037],[-123.10145,49.24717],[-123.10095,49.24384],[-123.10145,49.24051],[-123.10294,49.23731],[-123.10536,49.23436],[-123.10861,49.23177],[-123.11257,49.22965],[-123.11709,49.22807],[-123.122,49.2271],[-123.1271,49.22677],[-123.1322,49.2271],[-123.1371,49.22807],[-123.14162,49.22965],[-123.14558,49.23177],[-123.14883,49.23436],[-123.15125,49.23731],[-123.15274,49.24051],[-123.15324,49.24384],[-123.15274,49.24717],[-123.15125,49.25037],[-123.14883,49.25332],[-123.14558,49.25591],[-123.14162,49.25803],[-123.1371,49.25961],[-123.1322,49.26058],[-123.1271,49.26091]]]}},{"type":"Feature","properties":{"ident":"CAL2","name":"Arrow Lakes Hospital Heliport","airport_type":"heliport","radius_km":1.9},"geometry":{"type":"Polygon","coordinates":[[[-117.79504,50.25545],[-117.78984,50.25512],[-117.78483,50.25415],[-117.78022,50.25257],[-117.77617,50.25045],[-117.77285,50.24786],[-117.77039,50.24491],[-117.76887,50.24171],[-117.76836,50.23838],[-117.76887,50.23505],[-117.77039,50.23185],[-117.77285,50.2289],[-117.77617,50.22631],[-117.78022,50.22419],[-117.78483,50.22261],[-117.78984,50.22164],[-117.79504,50.22131],[-117.80025,50.22164],[-117.80526,50.22261],[-117.80987,50.22419],[-117.81391,50.22631],[-117.81723,50.2289],[-117.8197,50.23185],[-117.82122,50.23505],[-117.82173,50.23838],[-117.82122,50.24171],[-117.8197,50.24491],[-117.81723,50.24786],[-117.81391,50.25045],[-117.80987,50.25257],[-117.80526,50.25415],[-117.80025,50.25512],[-117.79504,50.25545]]]}},{"type":"Feature","properties":{"ident":"CAL6","name":"Prince Albert (Fire Centre) Heliport","airport_type":"heliport","radius_km":1.9},"geometry":{"type":"Polygon","coordinates":[[[-105.75574,53.24564],[-105.75017,53.24531],[-105.74482,53.24434],[-105.7399,53.24277],[-105.73558,53.24064],[-105.73203,53.23806],[-105.72939,53.23511],[-105.72777,53.2319],[-105.72722,53.22857],[-105.72777,53.22524],[-105.72939,53.22204],[-105.73203,53.21909],[-105.73558,53.21651],[-105.7399,53.21438],[-105.74482,53.21281],[-105.75017,53.21183],[-105.75574,53.21151],[-105.7613,53.21183],[-105.76665,53.21281],[-105.77158,53.21438],[-105.7759,53.21651],[-105.77944,53.21909],[-105.78208,53.22204],[-105.7837,53.22524],[-105.78425,53.22857],[-105.7837,53.2319],[-105.78208,53.23511],[-105.77944,53.23806],[-105.7759,53.24064],[-105.77158,53.24277],[-105.76665,53.24434],[-105.7613,53.24531],[-105.75574,53.24564]]]}},{"type":"Feature","properties":{"ident":"CAL7","name":"Ganges (Lady Minto / Gulf Islands Hospital) Heliport","airport_type":"heliport","radius_km":1.9},"geometry":{"type":"Polygon","coordinates":[[[-123.50872,48.8796],[-123.50366,48.87927],[-123.49879,48.8783],[-123.4943,48.87672],[-123.49037,48.8746],[-123.48715,48.87201],[-123.48475,48.86906],[-123.48327,48.86586],[-123.48277,48.86253],[-123.48327,48.8592],[-123.48475,48.856],[-123.48715,48.85305],[-123.49037,48.85046],[-123.4943,48.84834],[-123.49879,48.84676],[-123.50366,48.84579],[-123.50872,48.84546],[-123.51378,48.84579],[-123.51865,48.84676],[-123.52313,48.84834],[-123.52706,48.85046],[-123.53029,48.85305],[-123.53269,48.856],[-123.53416,48.8592],[-123.53466,48.86253],[-123.53416,48.86586],[-123.53269,48.86906],[-123.53029,48.87201],[-123.52706,48.8746],[-123.52313,48.87672],[-123.51865,48.8783],[-123.51378,48.87927],[-123.50872,48.8796]]]}},{"type":"Feature","properties":{"ident":"CAS5","name":"Aerosmith Heli Service Heliport","airport_type":"heliport","radius_km":1.9},"geometry":{"type":"Polygon","coordinates":[[[-124.4133,49.32447],[-124.40819,49.32414],[-124.40328,49.32317],[-124.39876,49.32159],[-124.39479,49.31947],[-124.39154,49.31688],[-124.38912,49.31393],[-124.38763,49.31073],[-124.38712,49.3074],[-124.38763,49.30407],[-124.38912,49.30087],[-124.39154,49.29792],[-124.39479,49.29533],[-124.39876,49.29321],[-124.40328,49.29163],[-124.40819,49.29066],[-124.4133,49.29033],[-124.41841,49.29066],[-124.42332,49.29163],[-124.42785,49.29321],[-124.43181,49.29533],[-124.43507,49.29792],[-124.43749,49.30087],[-124.43898,49.30407],[-124.43948,49.3074],[-124.43898,49.31073],[-124.43749,49.31393],[-124.43507,49.31688],[-124.43181,49.31947],[-124.42785,49.32159],[-124.42332,49.32317],[-124.41841,49.32414],[-124.4133,49.32447]]]}},{"type":"Feature","properties":{"ident":"CAT4","name":"Qualicum Beach Airport","airport_type":"medium_airport","radius_km":5.6},"geometry":{"type":"Polygon","coordinates":[[[-124.39309,49.38776],[-124.38301,49.38733],[-124.3731,49.38605],[-124.36354,49.38393],[-124.35448,49.38102],[-124.34609,49.37737],[-124.3385,49.37303],[-124.33184,49.36808],[-124.32623,49.36261],[-124.32176,49.35671],[-124.31851,49.35048],[-124.31654,49.34402],[-124.31588,49.33746],[-124.31654,49.33089],[-124.31851,49.32444],[-124.32176,49.3182],[-124.32623,49.3123],[-124.33184,49.30683],[-124.3385,49.30188],[-124.34609,49.29755],[-124.35448,49.29389],[-124.36354,49.29098],[-124.3731,49.28886],[-124.38301,49.28758],[-124.39309,49.28715],[-124.40316,49.28758],[-124.41307,49.28886],[-124.42263,49.29098],[-124.43169,49.29389],[-124.44008,49.29755],[-124.44768,49.30188],[-124.45433,49.30683],[-124.45995,49.3123],[-124.46441,49.3182],[-124.46766,49.32444],[-124.46963,49.33089],[-124.47029,49.33746],[-124.46963,49.34402],[-124.46766,49.35048],[-124.46441,49.35671],[-124.45995,49.36261],[-124.45433,49.36808],[-124.44768,49.37303],[-124.44008,49.37737],[-124.43169,49.38102],[-124.42263,49.38393],[-124.41307,49.38605],[-124.40316,49.38733],[-124.39309,49.38776]]]}},{"type":"Feature","properties":{"ident":"CAT6","name":"Campbell River (Campbell River & District General Hospital) Heliport","airport_type":"heliport","radius_km":1.9},"geometry":{"type":"Polygon","coordinates":[[[-125.24285,50.02562],[-125.23766,50.0253],[-125.23268,50.02432],[-125.22809,50.02275],[-125.22407,50.02062],[-125.22076,50.01804],[-125.21831,50.01509],[-125.2168,50.01189],[-125.21629,50.00856],[-125.2168,50.00523],[-125.21831,50.00202],[-125.22076,49.99907],[-125.22407,49.99649],[-125.22809,49.99436],[-125.23268,49.99279],[-125.23766,49.99182],[-125.24285,49.99149],[-125.24803,49.99182],[-125.25301,49.99279],[-125.2576,49.99436],[-125.26162,49.99649],[-125.26493,49.99907],[-125.26738,50.00202],[-125.26889,50.00523],[-125.2694,50.00856],[-125.26889,50.01189],[-125.26738,50.01509],[-125.26493,50.01804],[-125.26162,50.02062],[-125.2576,50.02275],[-125.25301,50.02432],[-125.24803,50.0253],[-125.24285,50.02562]]]}},{"type":"Feature","properties":{"ident":"CAW4","name":"Whistler (Hospital) Heliport","airport_type":"heliport","radius_km":1.9},"geometry":{"type":"Polygon","coordinates":[[[-122.95468,50.13732],[-122.94949,50.13699],[-122.94449,50.13602],[-122.93989,50.13444],[-122.93586,50.13232],[-122.93255,50.12974],[-122.93009,50.12678],[-122.92857,50.12358],[-122.92806,50.12025],[-122.92857,50.11692],[-122.93009,50.11372],[-122.93255,50.11077],[-122.93586,50.10818],[-122.93989,50.10606],[-122.94449,50.10448],[-122.94949,50.10351],[-122.95468,50.10319],[-122.95987,50.10351],[-122.96487,50.10448],[-122.96947,50.10606],[-122.9735,50.10818],[-122.97681,50.11077],[-122.97927,50.11372],[-122.98079,50.11692],[-122.9813,50.12025],[-122.98079,50.12358],[-122.97927,50.12678],[-122.97681,50.12974],[-122.9735,50.13232],[-122.96947,50.13444],[-122.96487,50.13602],[-122.95987,50.13699],[-122.95468,50.13732]]]}},{"type":"Feature","properties":{"ident":"CAZ4","name":"Quesnel (G.R. Baker Memorial Hospital) Heliport","airport_type":"heliport","radius_km":1.9},"geometry":{"type":"Polygon","coordinates":[[[-122.50076,52.99974],[-122.49523,52.99941],[-122.48991,52.99844],[-122.48501,52.99686],[-122.48071,52.99474],[-122.47719,52.99215],[-122.47457,52.9892],[-122.47295,52.986],[-122.47241,52.98267],[-122.47295,52.97934],[-122.47457,52.97614],[-122.47719,52.97319],[-122.48071,52.9706],[-122.48501,52.96848],[-122.48991,52.9669],[-122.49523,52.96593],[-122.50076,52.9656],[-122.50629,52.96593],[-122.51161,52.9669],[-122.51651,52.96848],[-122.5208,52.9706],[-122.52433,52.97319],[-122.52695,52.97614],[-122.52856,52.97934],[-122.52911,52.98267],[-122.52856,52.986],[-122.52695,52.9892],[-122.52433,52.99215],[-122.5208,52.99474],[-122.51651,52.99686],[-122.51161,52.99844],[-122.50629,52.99941],[-122.50076,52.99974]]]}},{"type":"Feature","properties":{"ident":"CAZ5","name":"Cache Creek-Ashcroft Regional Airport","airport_type":"medium_airport","radius_km":5.6},"geometry":{"type":"Polygon","coordinates":[[[-121.32131,50.82556],[-121.31093,50.82513],[-121.30072,50.82385],[-121.29087,50.82173],[-121.28154,50.81882],[-121.27289,50.81517],[-121.26506,50.81083],[-121.2582,50.80588],[-121.25242,50.80041],[-121.24782,50.79451],[-121.24447,50.78828],[-121.24244,50.78182],[-121.24176,50.77526],[-121.24244,50.76869],[-121.24447,50.76224],[-121.24782,50.75601],[-121.25242,50.75011],[-121.2582,50.74463],[-121.26506,50.73969],[-121.27289,50.73535],[-121.28154,50.73169],[-121.29087,50.72878],[-121.30072,50.72667],[-121.31093,50.72538],[-121.32131,50.72495],[-121.3317,50.72538],[-121.3419,50.72667],[-121.35176,50.72878],[-121.36109,50.73169],[-121.36974,50.73535],[-121.37757,50.73969],[-121.38443,50.74463],[-121.39021,50.75011],[-121.39481,50.75601],[-121.39815,50.76224],[-121.40018,50.76869],[-121.40087,50.77526],[-121.40018,50.78182],[-121.39815,50.78828],[-121.39481,50.79451],[-121.39021,50.80041],[-121.38443,50.80588],[-121.37757,50.81083],[-121.36974,50.81517],[-121.36109,50.81882],[-121.35176,50.82173],[-121.3419,50.82385],[-121.3317,50.82513],[-121.32131,50.82556]]]}},{"type":"Feature","properties":{"ident":"CBB4","name":"Beddis Beach Helipad","airport_type":"heliport","radius_km":1.9},"geometry":{"type":"Polygon","coordinates":[[[-123.4236,48.81704],[-123.41854,48.81671],[-123.41368,48.81574],[-123.4092,48.81416],[-123.40528,48.81204],[-123.40206,48.80945],[-123.39966,48.8065],[-123.39819,48.8033],[-123.39769,48.79997],[-123.39819,48.79664],[-123.39966,48.79344],[-123.40206,48.79049],[-123.40528,48.7879],[-123.4092,48.78578],[-123.41368,48.7842],[-123.41854,48.78323],[-123.4236,48.7829],[-123.42866,48.78323],[-123.43352,48.7842],[-123.438,48.78578],[-123.44192,48.7879],[-123.44514,48.79049],[-123.44754,48.79344],[-123.44901,48.79664],[-123.44951,48.79997],[-123.44901,48.8033],[-123.44754,48.8065],[-123.44514,48.80945],[-123.44192,48.81204],[-123.438,48.81416],[-123.43352,48.81574],[-123.42866,48.81671],[-123.4236,48.81704]]]}},{"type":"Feature","properties":{"ident":"CBB5","name":"Port Alice (Hospital) Heliport","airport_type":"heliport","radius_km":1.9},"geometry":{"type":"Polygon","coordinates":[[[-127.4886,50.44282],[-127.48337,50.44249],[-127.47834,50.44152],[-127.47371,50.43995],[-127.46965,50.43782],[-127.46632,50.43524],[-127.46384,50.43229],[-127.46232,50.42908],[-127.4618,50.42575],[-127.46232,50.42242],[-127.46384,50.41922],[-127.46632,50.41627],[-127.46965,50.41369],[-127.47371,50.41156],[-127.47834,50.40999],[-127.48337,50.40901],[-127.4886,50.40869],[-127.49382,50.40901],[-127.49885,50.40999],[-127.50348,50.41156],[-127.50754,50.41369],[-127.51087,50.41627],[-127.51335,50.41922],[-127.51487,50.42242],[-127.51539,50.42575],[-127.51487,50.42908],[-127.51335,50.43229],[-127.51087,50.43524],[-127.50754,50.43782],[-127.50348,50.43995],[-127.49885,50.44152],[-127.49382,50.44249],[-127.4886,50.44282]]]}},{"type":"Feature","properties":{"ident":"CBB8","name":"Ste-Barbe Heliport","airport_type":"heliport","radius_km":1.9},"geometry":{"type":"Polygon","coordinates":[[[-74.21963,45.19388],[-74.21491,45.19355],[-74.21037,45.19258],[-74.20618,45.191],[-74.20251,45.18888],[-74.1995,45.18629],[-74.19726,45.18334],[-74.19589,45.18014],[-74.19542,45.17681],[-74.19589,45.17348],[-74.19726,45.17028],[-74.1995,45.16733],[-74.20251,45.16474],[-74.20618,45.16262],[-74.21037,45.16104],[-74.21491,45.16007],[-74.21963,45.15974],[-74.22436,45.16007],[-74.2289,45.16104],[-74.23308,45.16262],[-74.23675,45.16474],[-74.23976,45.16733],[-74.242,45.17028],[-74.24338,45.17348],[-74.24385,45.17681],[-74.24338,45.18014],[-74.242,45.18334],[-74.23976,45.18629],[-74.23675,45.18888],[-74.23308,45.191],[-74.2289,45.19258],[-74.22436,45.19355],[-74.21963,45.19388]]]}},{"type":"Feature","properties":{"ident":"CBBC","name":"Bella Bella (Campbell Island) Airport","airport_type":"medium_airport","radius_km":5.6},"geometry":{"type":"Polygon","coordinates":[[[-128.15699,52.23531],[-128.14628,52.23488],[-128.13576,52.23359],[-128.1256,52.23148],[-128.11597,52.22857],[-128.10705,52.22491],[-128.09898,52.22057],[-128.0919,52.21563],[-128.08594,52.21015],[-128.08119,52.20425],[-128.07774,52.19802],[-128.07565,52.19157],[-128.07494,52.185],[-128.07565,52.17843],[-128.07774,52.17198],[-128.08119,52.16575],[-128.08594,52.15985],[-128.0919,52.15438],[-128.09898,52.14943],[-128.10705,52.14509],[-128.11597,52.14144],[-128.1256,52.13852],[-128.13576,52.13641],[-128.14628,52.13513],[-128.15699,52.1347],[-128.1677,52.13513],[-128.17823,52.13641],[-128.18839,52.13852],[-128.19802,52.14144],[-128.20694,52.14509],[-128.21501,52.14943],[-128.22209,52.15438],[-128.22805,52.15985],[-128.2328,52.16575],[-128.23625,52.17198],[-128.23834,52.17843],[-128.23904,52.185],[-128.23834,52.19157],[-128.23625,52.19802],[-128.2328,52.20425],[-128.22805,52.21015],[-128.22209,52.21563],[-128.21501,52.22057],[-128.20694,52.22491],[-128.19802,52.22857],[-128.18839,52.23148],[-128.17823,52.23359],[-128.1677,52.23488],[-128.15699,52.23531]]]}},{"type":"Feature","properties":{"ident":"CBC4","name":"Kamloops (Royal Inland Hospital) Heliport","airport_type":"heliport","radius_km":1.9},"geometry":{"type":"Polygon","coordinates":[[[-120.333,50.6861],[-120.32775,50.68577],[-120.3227,50.6848],[-120.31804,50.68322],[-120.31396,50.6811],[-120.31061,50.67851],[-120.30812,50.67556],[-120.30659,50.67236],[-120.30607,50.66903],[-120.30659,50.6657],[-120.30812,50.6625],[-120.31061,50.65955],[-120.31396,50.65696],[-120.31804,50.65484],[-120.3227,50.65326],[-120.32775,50.65229],[-120.333,50.65196],[-120.33826,50.65229],[-120.34331,50.65326],[-120.34796,50.65484],[-120.35204,50.65696],[-120.35539,50.65955],[-120.35788,50.6625],[-120.35941,50.6657],[-120.35993,50.66903],[-120.35941,50.67236],[-120.35788,50.67556],[-120.35539,50.67851],[-120.35204,50.6811],[-120.34796,50.68322],[-120.34331,50.6848],[-120.33826,50.68577],[-120.333,50.6861]]]}},{"type":"Feature","properties":{"ident":"CBC6","name":"Calgary / Blue-Con Heliport","airport_type":"heliport","radius_km":1.9},"geometry":{"type":"Polygon","coordinates":[[[-113.89389,51.01403],[-113.8886,51.0137],[-113.88351,51.01273],[-113.87882,51.01116],[-113.87471,51.00903],[-113.87134,51.00645],[-113.86883,51.0035],[-113.86729,51.00029],[-113.86677,50.99696],[-113.86729,50.99363],[-113.86883,50.99043],[-113.87134,50.98748],[-113.87471,50.9849],[-113.87882,50.98277],[-113.88351,50.9812],[-113.8886,50.98022],[-113.89389,50.9799],[-113.89918,50.98022],[-113.90427,50.9812],[-113.90896,50.98277],[-113.91307,50.9849],[-113.91644,50.98748],[-113.91894,50.99043],[-113.92049,50.99363],[-113.92101,50.99696],[-113.92049,51.00029],[-113.91894,51.0035],[-113.91644,51.00645],[-113.91307,51.00903],[-113.90896,51.01116],[-113.90427,51.01273],[-113.89918,51.0137],[-113.89389,51.01403]]]}},{"type":"Feature","properties":{"ident":"CBC7","name":"Harbour (Public) Heliport","airport_type":"heliport","radius_km":1.9},"geometry":{"type":"Polygon","coordinates":[[[-123.10611,49.30396],[-123.10101,49.30363],[-123.0961,49.30266],[-123.09157,49.30108],[-123.08761,49.29896],[-123.08436,49.29637],[-123.08194,49.29342],[-123.08045,49.29022],[-123.07995,49.28689],[-123.08045,49.28356],[-123.08194,49.28036],[-123.08436,49.27741],[-123.08761,49.27482],[-123.09157,49.2727],[-123.0961,49.27112],[-123.10101,49.27015],[-123.10611,49.26982],[-123.11122,49.27015],[-123.11613,49.27112],[-123.12065,49.2727],[-123.12461,49.27482],[-123.12787,49.27741],[-123.13029,49.28036],[-123.13178,49.28356],[-123.13228,49.28689],[-123.13178,49.29022],[-123.13029,49.29342],[-123.12787,49.29637],[-123.12461,49.29896],[-123.12065,49.30108],[-123.11613,49.30266],[-123.11122,49.30363],[-123.10611,49.30396]]]}},{"type":"Feature","properties":{"ident":"CBC8","name":"Tofino General Hospital Heliport","airport_type":"heliport","radius_km":1.9},"geometry":{"type":"Polygon","coordinates":[[[-125.909,49.16817],[-125.90391,49.16784],[-125.89901,49.16687],[-125.8945,49.16529],[-125.89054,49.16317],[-125.8873,49.16058],[-125.88489,49.15763],[-125.8834,49.15443],[-125.8829,49.1511],[-125.8834,49.14777],[-125.88489,49.14457],[-125.8873,49.14162],[-125.89054,49.13903],[-125.8945,49.13691],[-125.89901,49.13533],[-125.90391,49.13436],[-125.909,49.13403],[-125.91409,49.13436],[-125.91898,49.13533],[-125.92349,49.13691],[-125.92745,49.13903],[-125.93069,49.14162],[-125.93311,49.14457],[-125.93459,49.14777],[-125.93509,49.1511],[-125.93459,49.15443],[-125.93311,49.15763],[-125.93069,49.16058],[-125.92745,49.16317],[-125.92349,49.16529],[-125.91898,49.16687],[-125.91409,49.16784],[-125.909,49.16817]]]}},{"type":"Feature","properties":{"ident":"CBC9","name":"Calder Health Care Corp Heliport","airport_type":"heliport","radius_km":1.9},"geometry":{"type":"Polygon","coordinates":[[[-57.624,47.63025],[-57.61906,47.62992],[-57.61431,47.62895],[-57.60993,47.62737],[-57.6061,47.62525],[-57.60295,47.62266],[-57.60061,47.61971],[-57.59917,47.61651],[-57.59868,47.61318],[-57.59917,47.60985],[-57.60061,47.60665],[-57.60295,47.6037],[-57.6061,47.60111],[-57.60993,47.59899],[-57.61431,47.59741],[-57.61906,47.59644],[-57.624,47.59611],[-57.62894,47.59644],[-57.63369,47.59741],[-57.63807,47.59899],[-57.6419,47.60111],[-57.64505,47.6037],[-57.64739,47.60665],[-57.64883,47.60985],[-57.64932,47.61318],[-57.64883,47.61651],[-57.64739,47.61971],[-57.64505,47.62266],[-57.6419,47.62525],[-57.63807,47.62737],[-57.63369,47.62895],[-57.62894,47.62992],[-57.624,47.63025]]]}},{"type":"Feature","properties":{"ident":"CBD2","name":"Delta (North) Heliport","airport_type":"heliport","radius_km":1.9},"geometry":{"type":"Polygon","coordinates":[[[-123.04727,49.13703],[-123.04218,49.1367],[-123.03729,49.13573],[-123.03278,49.13415],[-123.02883,49.13203],[-123.02558,49.12944],[-123.02317,49.12649],[-123.02169,49.12329],[-123.02119,49.11996],[-123.02169,49.11663],[-123.02317,49.11343],[-123.02558,49.11048],[-123.02883,49.10789],[-123.03278,49.10577],[-123.03729,49.10419],[-123.04218,49.10322],[-123.04727,49.10289],[-123.05236,49.10322],[-123.05725,49.10419],[-123.06176,49.10577],[-123.06571,49.10789],[-123.06895,49.11048],[-123.07136,49.11343],[-123.07285,49.11663],[-123.07335,49.11996],[-123.07285,49.12329],[-123.07136,49.12649],[-123.06895,49.12944],[-123.06571,49.13203],[-123.06176,49.13415],[-123.05725,49.13573],[-123.05236,49.1367],[-123.04727,49.13703]]]}},{"type":"Feature","properties":{"ident":"CBD9","name":"White Saddle Ranch Heliport","airport_type":"heliport","radius_km":1.9},"geometry":{"type":"Polygon","coordinates":[[[-124.73889,51.75892],[-124.73351,51.75859],[-124.72834,51.75762],[-124.72357,51.75604],[-124.7194,51.75392],[-124.71597,51.75134],[-124.71342,51.74838],[-124.71185,51.74518],[-124.71132,51.74185],[-124.71185,51.73852],[-124.71342,51.73532],[-124.71597,51.73237],[-124.7194,51.72978],[-124.72357,51.72766],[-124.72834,51.72608],[-124.73351,51.72511],[-124.73889,51.72479],[-124.74426,51.72511],[-124.74944,51.72608],[-124.7542,51.72766],[-124.75838,51.72978],[-124.76181,51.73237],[-124.76435,51.73532],[-124.76592,51.73852],[-124.76645,51.74185],[-124.76592,51.74518],[-124.76435,51.74838],[-124.76181,51.75134],[-124.75838,51.75392],[-124.7542,51.75604],[-124.74944,51.75762],[-124.74426,51.75859],[-124.73889,51.75892]]]}},{"type":"Feature","properties":{"ident":"CBE3","name":"Beamsville/Panterra Heliport","airport_type":"heliport","radius_km":1.9},"geometry":{"type":"Polygon","coordinates":[[[-79.47424,43.20362],[-79.46968,43.20329],[-79.46529,43.20232],[-79.46124,43.20074],[-79.45769,43.19862],[-79.45478,43.19604],[-79.45262,43.19308],[-79.45129,43.18988],[-79.45084,43.18655],[-79.45129,43.18322],[-79.45262,43.18002],[-79.45478,43.17707],[-79.45769,43.17448],[-79.46124,43.17236],[-79.46529,43.17078],[-79.46968,43.16981],[-79.47424,43.16949],[-79.47881,43.16981],[-79.4832,43.17078],[-79.48725,43.17236],[-79.4908,43.17448],[-79.49371,43.17707],[-79.49587,43.18002],[-79.4972,43.18322],[-79.49765,43.18655],[-79.4972,43.18988],[-79.49587,43.19308],[-79.49371,43.19604],[-79.4908,43.19862],[-79.48725,43.20074],[-79.4832,43.20232],[-79.47881,43.20329],[-79.47424,43.20362]]]}},{"type":"Feature","properties":{"ident":"CBE9","name":"Whistler (Municipal) Heliport","airport_type":"heliport","radius_km":1.9},"geometry":{"type":"Polygon","coordinates":[[[-122.90475,50.18544],[-122.89956,50.18512],[-122.89456,50.18415],[-122.88995,50.18257],[-122.88591,50.18045],[-122.8826,50.17786],[-122.88014,50.17491],[-122.87862,50.17171],[-122.87811,50.16838],[-122.87862,50.16505],[-122.88014,50.16185],[-122.8826,50.15889],[-122.88591,50.15631],[-122.88995,50.15419],[-122.89456,50.15261],[-122.89956,50.15164],[-122.90475,50.15131],[-122.90995,50.15164],[-122.91495,50.15261],[-122.91956,50.15419],[-122.9236,50.15631],[-122.92691,50.15889],[-122.92937,50.16185],[-122.93089,50.16505],[-122.9314,50.16838],[-122.93089,50.17171],[-122.92937,50.17491],[-122.92691,50.17786],[-122.9236,50.18045],[-122.91956,50.18257],[-122.91495,50.18415],[-122.90995,50.18512],[-122.90475,50.18544]]]}},{"type":"Feature","properties":{"ident":"CBF4","name":"Mission (Public Safety) Heliport","airport_type":"heliport","radius_km":1.9},"geometry":{"type":"Polygon","coordinates":[[[-122.34362,49.14982],[-122.33853,49.14949],[-122.33363,49.14852],[-122.32912,49.14695],[-122.32517,49.14482],[-122.32193,49.14224],[-122.31952,49.13929],[-122.31803,49.13608],[-122.31753,49.13275],[-122.31803,49.12942],[-122.31952,49.12622],[-122.32193,49.12327],[-122.32517,49.12068],[-122.32912,49.11856],[-122.33363,49.11698],[-122.33853,49.11601],[-122.34362,49.11569],[-122.3487,49.11601],[-122.3536,49.11698],[-122.35811,49.11856],[-122.36206,49.12068],[-122.3653,49.12327],[-122.36772,49.12622],[-122.3692,49.12942],[-122.3697,49.13275],[-122.3692,49.13608],[-122.36772,49.13929],[-122.3653,49.14224],[-122.36206,49.14482],[-122.35811,49.14695],[-122.3536,49.14852],[-122.3487,49.14949],[-122.34362,49.14982]]]}},{"type":"Feature","properties":{"ident":"CBF5","name":"Mayne Island (Medical Emergency) Heliport","airport_type":"heliport","radius_km":1.9},"geometry":{"type":"Polygon","coordinates":[[[-123.2842,48.86372],[-123.27914,48.8634],[-123.27427,48.86242],[-123.26979,48.86085],[-123.26586,48.85872],[-123.26263,48.85614],[-123.26024,48.85319],[-123.25876,48.84999],[-123.25826,48.84666],[-123.25876,48.84333],[-123.26024,48.84012],[-123.26263,48.83717],[-123.26586,48.83459],[-123.26979,48.83246],[-123.27427,48.83089],[-123.27914,48.82992],[-123.2842,48.82959],[-123.28926,48.82992],[-123.29412,48.83089],[-123.29861,48.83246],[-123.30254,48.83459],[-123.30576,48.83717],[-123.30816,48.84012],[-123.30963,48.84333],[-123.31013,48.84666],[-123.30963,48.84999],[-123.30816,48.85319],[-123.30576,48.85614],[-123.30254,48.85872],[-123.29861,48.86085],[-123.29412,48.86242],[-123.28926,48.8634],[-123.2842,48.86372]]]}},{"type":"Feature","properties":{"ident":"CBF6","name":"Seal Cove (Public) Heliport","airport_type":"heliport","radius_km":1.9},"geometry":{"type":"Polygon","coordinates":[[[-130.278,54.34707],[-130.27229,54.34674],[-130.2668,54.34577],[-130.26174,54.34419],[-130.2573,54.34207],[-130.25366,54.33948],[-130.25096,54.33653],[-130.24929,54.33333],[-130.24873,54.33],[-130.24929,54.32667],[-130.25096,54.32347],[-130.25366,54.32052],[-130.2573,54.31793],[-130.26174,54.31581],[-130.2668,54.31423],[-130.27229,54.31326],[-130.278,54.31293],[-130.28371,54.31326],[-130.2892,54.31423],[-130.29426,54.31581],[-130.2987,54.31793],[-130.30234,54.32052],[-130.30504,54.32347],[-130.30671,54.32667],[-130.30727,54.33],[-130.30671,54.33333],[-130.30504,54.33653],[-130.30234,54.33948],[-130.2987,54.34207],[-130.29426,54.34419],[-130.2892,54.34577],[-130.28371,54.34674],[-130.278,54.34707]]]}},{"type":"Feature","properties":{"ident":"CBF7","name":"Victoria Harbour (Camel Point) Heliport","airport_type":"heliport","radius_km":1.9},"geometry":{"type":"Polygon","coordinates":[[[-123.388,48.43517],[-123.38298,48.43484],[-123.37816,48.43387],[-123.37371,48.43229],[-123.36982,48.43017],[-123.36662,48.42758],[-123.36424,48.42463],[-123.36278,48.42143],[-123.36228,48.4181],[-123.36278,48.41477],[-123.36424,48.41157],[-123.36662,48.40862],[-123.36982,48.40603],[-123.37371,48.40391],[-123.37816,48.40233],[-123.38298,48.40136],[-123.388,48.40103],[-123.39302,48.40136],[-123.39784,48.40233],[-123.40229,48.40391],[-123.40618,48.40603],[-123.40938,48.40862],[-123.41176,48.41157],[-123.41322,48.41477],[-123.41372,48.4181],[-123.41322,48.42143],[-123.41176,48.42463],[-123.40938,48.42758],[-123.40618,48.43017],[-123.40229,48.43229],[-123.39784,48.43387],[-123.39302,48.43484],[-123.388,48.43517]]]}},{"type":"Feature","properties":{"ident":"CBG5","name":"Nanaimo (Regional General Hospital) Heliport","airport_type":"heliport","radius_km":1.9},"geometry":{"type":"Polygon","coordinates":[[[-123.97176,49.20282],[-123.96666,49.20249],[-123.96176,49.20152],[-123.95725,49.19994],[-123.95329,49.19782],[-123.95004,49.19523],[-123.94763,49.19228],[-123.94615,49.18908],[-123.94564,49.18575],[-123.94615,49.18242],[-123.94763,49.17922],[-123.95004,49.17627],[-123.95329,49.17368],[-123.95725,49.17156],[-123.96176,49.16998],[-123.96666,49.16901],[-123.97176,49.16868],[-123.97685,49.16901],[-123.98175,49.16998],[-123.98626,49.17156],[-123.99022,49.17368],[-123.99347,49.17627],[-123.99588,49.17922],[-123.99737,49.18242],[-123.99787,49.18575],[-123.99737,49.18908],[-123.99588,49.19228],[-123.99347,49.19523],[-123.99022,49.19782],[-123.98626,49.19994],[-123.98175,49.20152],[-123.97685,49.20249],[-123.97176,49.20282]]]}},{"type":"Feature","properties":{"ident":"CBG8","name":"Prince George (Pacific Western Helicopters) Heliport","airport_type":"heliport","radius_km":1.9},"geometry":{"type":"Polygon","coordinates":[[[-122.76667,53.89459],[-122.76102,53.89426],[-122.75559,53.89329],[-122.75058,53.89171],[-122.7462,53.88959],[-122.7426,53.88701],[-122.73992,53.88405],[-122.73827,53.88085],[-122.73772,53.87752],[-122.73827,53.87419],[-122.73992,53.87099],[-122.7426,53.86804],[-122.7462,53.86545],[-122.75058,53.86333],[-122.75559,53.86175],[-122.76102,53.86078],[-122.76667,53.86046],[-122.77232,53.86078],[-122.77775,53.86175],[-122.78276,53.86333],[-122.78714,53.86545],[-122.79074,53.86804],[-122.79342,53.87099],[-122.79507,53.87419],[-122.79562,53.87752],[-122.79507,53.88085],[-122.79342,53.88405],[-122.79074,53.88701],[-122.78714,53.88959],[-122.78276,53.89171],[-122.77775,53.89329],[-122.77232,53.89426],[-122.76667,53.89459]]]}},{"type":"Feature","properties":{"ident":"CBJ9","name":"San Juan Point (Coast Guard) Heliport","airport_type":"heliport","radius_km":1.9},"geometry":{"type":"Polygon","coordinates":[[[-124.45818,48.54856],[-124.45315,48.54823],[-124.44831,48.54726],[-124.44386,48.54568],[-124.43995,48.54356],[-124.43675,48.54097],[-124.43437,48.53802],[-124.4329,48.53482],[-124.4324,48.53149],[-124.4329,48.52816],[-124.43437,48.52496],[-124.43675,48.52201],[-124.43995,48.51942],[-124.44386,48.5173],[-124.44831,48.51572],[-124.45315,48.51475],[-124.45818,48.51442],[-124.46321,48.51475],[-124.46804,48.51572],[-124.4725,48.5173],[-124.4764,48.51942],[-124.47961,48.52201],[-124.48199,48.52496],[-124.48346,48.52816],[-124.48395,48.53149],[-124.48346,48.53482],[-124.48199,48.53802],[-124.47961,48.54097],[-124.4764,48.54356],[-124.4725,48.54568],[-124.46804,48.54726],[-124.46321,48.54823],[-124.45818,48.54856]]]}},{"type":"Feature","properties":{"ident":"CBK4","name":"Vancouver General Hospital Heliport","airport_type":"heliport","radius_km":1.9},"geometry":{"type":"Polygon","coordinates":[[[-123.12441,49.27901],[-123.11931,49.27869],[-123.1144,49.27772],[-123.10988,49.27614],[-123.10592,49.27402],[-123.10267,49.27143],[-123.10025,49.26848],[-123.09876,49.26528],[-123.09826,49.26195],[-123.09876,49.25862],[-123.10025,49.25542],[-123.10267,49.25246],[-123.10592,49.24988],[-123.10988,49.24776],[-123.1144,49.24618],[-123.11931,49.24521],[-123.12441,49.24488],[-123.12951,49.24521],[-123.13442,49.24618],[-123.13894,49.24776],[-123.1429,49.24988],[-123.14616,49.25246],[-123.14857,49.25542],[-123.15006,49.25862],[-123.15056,49.26195],[-123.15006,49.26528],[-123.14857,49.26848],[-123.14616,49.27143],[-123.1429,49.27402],[-123.13894,49.27614],[-123.13442,49.27772],[-123.12951,49.27869],[-123.12441,49.27901]]]}},{"type":"Feature","properties":{"ident":"CBK5","name":"Port Alberni (West Coast General Hospital) Heliport","airport_type":"heliport","radius_km":1.9},"geometry":{"type":"Polygon","coordinates":[[[-124.78304,49.26591],[-124.77794,49.26558],[-124.77303,49.26461],[-124.76851,49.26303],[-124.76455,49.26091],[-124.7613,49.25832],[-124.75888,49.25537],[-124.75739,49.25217],[-124.75689,49.24884],[-124.75739,49.24551],[-124.75888,49.24231],[-124.7613,49.23936],[-124.76455,49.23677],[-124.76851,49.23465],[-124.77303,49.23307],[-124.77794,49.2321],[-124.78304,49.23177],[-124.78814,49.2321],[-124.79304,49.23307],[-124.79756,49.23465],[-124.80152,49.23677],[-124.80478,49.23936],[-124.80719,49.24231],[-124.80868,49.24551],[-124.80918,49.24884],[-124.80868,49.25217],[-124.80719,49.25537],[-124.80478,49.25832],[-124.80152,49.26091],[-124.79756,49.26303],[-124.79304,49.26461],[-124.78814,49.26558],[-124.78304,49.26591]]]}},{"type":"Feature","properties":{"ident":"CBK8","name":"Victoria (Royal Jubilee Hospital) Heliport","airport_type":"heliport","radius_km":1.9},"geometry":{"type":"Polygon","coordinates":[[[-123.32516,48.45136],[-123.32015,48.45103],[-123.31532,48.45006],[-123.31087,48.44849],[-123.30697,48.44636],[-123.30378,48.44378],[-123.3014,48.44083],[-123.29993,48.43762],[-123.29944,48.43429],[-123.29993,48.43096],[-123.3014,48.42776],[-123.30378,48.42481],[-123.30697,48.42223],[-123.31087,48.4201],[-123.31532,48.41853],[-123.32015,48.41755],[-123.32516,48.41723],[-123.33018,48.41755],[-123.33501,48.41853],[-123.33946,48.4201],[-123.34336,48.42223],[-123.34655,48.42481],[-123.34893,48.42776],[-123.3504,48.43096],[-123.35089,48.43429],[-123.3504,48.43762],[-123.34893,48.44083],[-123.34655,48.44378],[-123.34336,48.44636],[-123.33946,48.44849],[-123.33501,48.45006],[-123.33018,48.45103],[-123.32516,48.45136]]]}},{"type":"Feature","properties":{"ident":"CBK9","name":"Little Parker Island Heliport","airport_type":"heliport","radius_km":1.9},"geometry":{"type":"Polygon","coordinates":[[[-123.418,48.91347],[-123.41293,48.91314],[-123.40806,48.91217],[-123.40358,48.91059],[-123.39964,48.90847],[-123.39641,48.90588],[-123.39401,48.90293],[-123.39254,48.89973],[-123.39204,48.8964],[-123.39254,48.89307],[-123.39401,48.88987],[-123.39641,48.88692],[-123.39964,48.88433],[-123.40358,48.88221],[-123.40806,48.88063],[-123.41293,48.87966],[-123.418,48.87933],[-123.42306,48.87966],[-123.42793,48.88063],[-123.43242,48.88221],[-123.43636,48.88433],[-123.43959,48.88692],[-123.44198,48.88987],[-123.44346,48.89307],[-123.44396,48.8964],[-123.44346,48.89973],[-123.44198,48.90293],[-123.43959,48.90588],[-123.43636,48.90847],[-123.43242,48.91059],[-123.42793,48.91217],[-123.42306,48.91314],[-123.418,48.91347]]]}},{"type":"Feature","properties":{"ident":"CBL4","name":"Bassano (Health Centre) Heliport","airport_type":"heliport","radius_km":1.9},"geometry":{"type":"Polygon","coordinates":[[[-112.461,50.80737],[-112.45573,50.80704],[-112.45067,50.80607],[-112.446,50.80449],[-112.44191,50.80237],[-112.43855,50.79978],[-112.43605,50.79683],[-112.43452,50.79363],[-112.434,50.7903],[-112.43452,50.78697],[-112.43605,50.78377],[-112.43855,50.78082],[-112.44191,50.77823],[-112.446,50.77611],[-112.45067,50.77453],[-112.45573,50.77356],[-112.461,50.77323],[-112.46627,50.77356],[-112.47133,50.77453],[-112.476,50.77611],[-112.48009,50.77823],[-112.48345,50.78082],[-112.48594,50.78377],[-112.48748,50.78697],[-112.488,50.7903],[-112.48748,50.79363],[-112.48594,50.79683],[-112.48345,50.79978],[-112.48009,50.80237],[-112.476,50.80449],[-112.47133,50.80607],[-112.46627,50.80704],[-112.461,50.80737]]]}},{"type":"Feature","properties":{"ident":"CBL5","name":"Bluearth Bow Lake Windfarm Heliport","airport_type":"heliport","radius_km":1.9},"geometry":{"type":"Polygon","coordinates":[[[-84.5427,47.25958],[-84.5378,47.25925],[-84.53308,47.25828],[-84.52873,47.2567],[-84.52492,47.25458],[-84.5218,47.252],[-84.51948,47.24904],[-84.51804,47.24584],[-84.51756,47.24251],[-84.51804,47.23918],[-84.51948,47.23598],[-84.5218,47.23303],[-84.52492,47.23044],[-84.52873,47.22832],[-84.53308,47.22674],[-84.5378,47.22577],[-84.5427,47.22545],[-84.54761,47.22577],[-84.55232,47.22674],[-84.55667,47.22832],[-84.56048,47.23044],[-84.56361,47.23303],[-84.56593,47.23598],[-84.56736,47.23918],[-84.56784,47.24251],[-84.56736,47.24584],[-84.56593,47.24904],[-84.56361,47.252],[-84.56048,47.25458],[-84.55667,47.2567],[-84.55232,47.25828],[-84.54761,47.25925],[-84.5427,47.25958]]]}},{"type":"Feature","properties":{"ident":"CBL7","name":"Cortes Island Heliport","airport_type":"heliport","radius_km":1.9},"geometry":{"type":"Polygon","coordinates":[[[-124.982,50.07567],[-124.97682,50.07534],[-124.97183,50.07437],[-124.96723,50.07279],[-124.9632,50.07067],[-124.9599,50.06808],[-124.95744,50.06513],[-124.95593,50.06193],[-124.95542,50.0586],[-124.95593,50.05527],[-124.95744,50.05207],[-124.9599,50.04912],[-124.9632,50.04653],[-124.96723,50.04441],[-124.97183,50.04283],[-124.97682,50.04186],[-124.982,50.04153],[-124.98719,50.04186],[-124.99218,50.04283],[-124.99677,50.04441],[-125.0008,50.04653],[-125.00411,50.04912],[-125.00656,50.05207],[-125.00808,50.05527],[-125.00859,50.0586],[-125.00808,50.06193],[-125.00656,50.06513],[-125.00411,50.06808],[-125.0008,50.07067],[-124.99677,50.07279],[-124.99218,50.07437],[-124.98719,50.07534],[-124.982,50.07567]]]}},{"type":"Feature","properties":{"ident":"CBM4","name":"Collingwood (Blue Mountain) Heliport","airport_type":"heliport","radius_km":1.9},"geometry":{"type":"Polygon","coordinates":[[[-80.35467,44.54652],[-80.35,44.54619],[-80.34551,44.54522],[-80.34137,44.54364],[-80.33774,44.54152],[-80.33476,44.53893],[-80.33255,44.53598],[-80.33119,44.53278],[-80.33073,44.52945],[-80.33119,44.52612],[-80.33255,44.52292],[-80.33476,44.51997],[-80.33774,44.51738],[-80.34137,44.51526],[-80.34551,44.51368],[-80.35,44.51271],[-80.35467,44.51238],[-80.35934,44.51271],[-80.36383,44.51368],[-80.36797,44.51526],[-80.3716,44.51738],[-80.37458,44.51997],[-80.37679,44.52292],[-80.37815,44.52612],[-80.37861,44.52945],[-80.37815,44.53278],[-80.37679,44.53598],[-80.37458,44.53893],[-80.3716,44.54152],[-80.36797,44.54364],[-80.36383,44.54522],[-80.35934,44.54619],[-80.35467,44.54652]]]}},{"type":"Feature","properties":{"ident":"CBM7","name":"Banff - Mineral Springs Hospital Helipad","airport_type":"heliport","radius_km":1.9},"geometry":{"type":"Polygon","coordinates":[[[-115.57609,51.19673],[-115.57078,51.1964],[-115.56567,51.19543],[-115.56097,51.19385],[-115.55684,51.19173],[-115.55345,51.18914],[-115.55094,51.18619],[-115.54939,51.18299],[-115.54887,51.17966],[-115.54939,51.17633],[-115.55094,51.17313],[-115.55345,51.17018],[-115.55684,51.16759],[-115.56097,51.16547],[-115.56567,51.16389],[-115.57078,51.16292],[-115.57609,51.16259],[-115.5814,51.16292],[-115.58651,51.16389],[-115.59122,51.16547],[-115.59535,51.16759],[-115.59873,51.17018],[-115.60125,51.17313],[-115.6028,51.17633],[-115.60332,51.17966],[-115.6028,51.18299],[-115.60125,51.18619],[-115.59873,51.18914],[-115.59535,51.19173],[-115.59122,51.19385],[-115.58651,51.19543],[-115.5814,51.1964],[-115.57609,51.19673]]]}},{"type":"Feature","properties":{"ident":"CBM9","name":"Port McNeill (Hospital) Heliport","airport_type":"heliport","radius_km":1.9},"geometry":{"type":"Polygon","coordinates":[[[-127.06681,50.59874],[-127.06156,50.59842],[-127.05652,50.59745],[-127.05187,50.59587],[-127.0478,50.59375],[-127.04446,50.59116],[-127.04197,50.58821],[-127.04044,50.58501],[-127.03993,50.58168],[-127.04044,50.57835],[-127.04197,50.57514],[-127.04446,50.57219],[-127.0478,50.56961],[-127.05187,50.56749],[-127.05652,50.56591],[-127.06156,50.56494],[-127.06681,50.56461],[-127.07205,50.56494],[-127.07709,50.56591],[-127.08174,50.56749],[-127.08581,50.56961],[-127.08916,50.57219],[-127.09164,50.57514],[-127.09317,50.57835],[-127.09369,50.58168],[-127.09317,50.58501],[-127.09164,50.58821],[-127.08916,50.59116],[-127.08581,50.59375],[-127.08174,50.59587],[-127.07709,50.59745],[-127.07205,50.59842],[-127.06681,50.59874]]]}},{"type":"Feature","properties":{"ident":"CBN2","name":"Bonnyville Health Care Centre Helipad","airport_type":"heliport","radius_km":1.9},"geometry":{"type":"Polygon","coordinates":[[[-110.7405,54.28107],[-110.7348,54.28074],[-110.72932,54.27977],[-110.72426,54.27819],[-110.71984,54.27607],[-110.7162,54.27348],[-110.7135,54.27053],[-110.71184,54.26733],[-110.71128,54.264],[-110.71184,54.26067],[-110.7135,54.25747],[-110.7162,54.25452],[-110.71984,54.25193],[-110.72426,54.24981],[-110.72932,54.24823],[-110.7348,54.24726],[-110.7405,54.24693],[-110.7462,54.24726],[-110.75168,54.24823],[-110.75674,54.24981],[-110.76116,54.25193],[-110.7648,54.25452],[-110.7675,54.25747],[-110.76916,54.26067],[-110.76972,54.264],[-110.76916,54.26733],[-110.7675,54.27053],[-110.7648,54.27348],[-110.76116,54.27607],[-110.75674,54.27819],[-110.75168,54.27977],[-110.7462,54.28074],[-110.7405,54.28107]]]}},{"type":"Feature","properties":{"ident":"CBN3","name":"Buffalo Narrows (Fire Centre) Heliport","airport_type":"heliport","radius_km":1.9},"geometry":{"type":"Polygon","coordinates":[[[-108.4042,55.85131],[-108.39827,55.85098],[-108.39257,55.85001],[-108.38732,55.84843],[-108.38271,55.84631],[-108.37893,55.84372],[-108.37612,55.84077],[-108.37439,55.83757],[-108.37381,55.83424],[-108.37439,55.83091],[-108.37612,55.82771],[-108.37893,55.82476],[-108.38271,55.82217],[-108.38732,55.82005],[-108.39257,55.81847],[-108.39827,55.8175],[-108.4042,55.81717],[-108.41013,55.8175],[-108.41583,55.81847],[-108.42109,55.82005],[-108.42569,55.82217],[-108.42947,55.82476],[-108.43228,55.82771],[-108.43401,55.83091],[-108.43459,55.83424],[-108.43401,55.83757],[-108.43228,55.84077],[-108.42947,55.84372],[-108.42569,55.84631],[-108.42109,55.84843],[-108.41583,55.85001],[-108.41013,55.85098],[-108.4042,55.85131]]]}},{"type":"Feature","properties":{"ident":"CBP2","name":"Banff Park Compound Heliport","airport_type":"heliport","radius_km":1.9},"geometry":{"type":"Polygon","coordinates":[[[-115.55831,51.20815],[-115.553,51.20782],[-115.54789,51.20685],[-115.54318,51.20528],[-115.53905,51.20315],[-115.53567,51.20057],[-115.53315,51.19762],[-115.5316,51.19441],[-115.53108,51.19109],[-115.5316,51.18776],[-115.53315,51.18455],[-115.53567,51.1816],[-115.53905,51.17902],[-115.54318,51.17689],[-115.54789,51.17532],[-115.553,51.17435],[-115.55831,51.17402],[-115.56362,51.17435],[-115.56873,51.17532],[-115.57344,51.17689],[-115.57757,51.17902],[-115.58095,51.1816],[-115.58347,51.18455],[-115.58502,51.18776],[-115.58554,51.19109],[-115.58502,51.19441],[-115.58347,51.19762],[-115.58095,51.20057],[-115.57757,51.20315],[-115.57344,51.20528],[-115.56873,51.20685],[-115.56362,51.20782],[-115.55831,51.20815]]]}},{"type":"Feature","properties":{"ident":"CBP3","name":"Fernie (Elk Valley Hospital) Heliport","airport_type":"heliport","radius_km":1.9},"geometry":{"type":"Polygon","coordinates":[[[-115.05618,49.52993],[-115.05105,49.5296],[-115.04612,49.52863],[-115.04157,49.52705],[-115.03759,49.52493],[-115.03432,49.52234],[-115.03189,49.51939],[-115.0304,49.51619],[-115.02989,49.51286],[-115.0304,49.50953],[-115.03189,49.50633],[-115.03432,49.50338],[-115.03759,49.50079],[-115.04157,49.49867],[-115.04612,49.49709],[-115.05105,49.49612],[-115.05618,49.49579],[-115.06131,49.49612],[-115.06624,49.49709],[-115.07078,49.49867],[-115.07477,49.50079],[-115.07804,49.50338],[-115.08047,49.50633],[-115.08196,49.50953],[-115.08247,49.51286],[-115.08196,49.51619],[-115.08047,49.51939],[-115.07804,49.52234],[-115.07477,49.52493],[-115.07078,49.52705],[-115.06624,49.52863],[-115.06131,49.5296],[-115.05618,49.52993]]]}},{"type":"Feature","properties":{"ident":"CBP4","name":"Sechelt (St. Mary's Hospital) Heliport","airport_type":"heliport","radius_km":1.9},"geometry":{"type":"Polygon","coordinates":[[[-123.74855,49.49329],[-123.74343,49.49296],[-123.7385,49.49199],[-123.73396,49.49042],[-123.72998,49.48829],[-123.72671,49.48571],[-123.72429,49.48276],[-123.72279,49.47955],[-123.72229,49.47622],[-123.72279,49.4729],[-123.72429,49.46969],[-123.72671,49.46674],[-123.72998,49.46416],[-123.73396,49.46203],[-123.7385,49.46046],[-123.74343,49.45949],[-123.74855,49.45916],[-123.75368,49.45949],[-123.75861,49.46046],[-123.76315,49.46203],[-123.76713,49.46416],[-123.77039,49.46674],[-123.77282,49.46969],[-123.77432,49.4729],[-123.77482,49.47622],[-123.77432,49.47955],[-123.77282,49.48276],[-123.77039,49.48571],[-123.76713,49.48829],[-123.76315,49.49042],[-123.75861,49.49199],[-123.75368,49.49296],[-123.74855,49.49329]]]}},{"type":"Feature","properties":{"ident":"CBP5","name":"Blackcomb Helicopters Heliport","airport_type":"heliport","radius_km":1.9},"geometry":{"type":"Polygon","coordinates":[[[-121.92725,50.70217],[-121.92199,50.70184],[-121.91694,50.70087],[-121.91228,50.6993],[-121.9082,50.69717],[-121.90485,50.69459],[-121.90236,50.69164],[-121.90082,50.68843],[-121.90031,50.6851],[-121.90082,50.68177],[-121.90236,50.67857],[-121.90485,50.67562],[-121.9082,50.67304],[-121.91228,50.67091],[-121.91694,50.66934],[-121.92199,50.66836],[-121.92725,50.66804],[-121.9325,50.66836],[-121.93756,50.66934],[-121.94221,50.67091],[-121.94629,50.67304],[-121.94964,50.67562],[-121.95213,50.67857],[-121.95367,50.68177],[-121.95418,50.6851],[-121.95367,50.68843],[-121.95213,50.69164],[-121.94964,50.69459],[-121.94629,50.69717],[-121.94221,50.6993],[-121.93756,50.70087],[-121.9325,50.70184],[-121.92725,50.70217]]]}},{"type":"Feature","properties":{"ident":"CBR7","name":"Tofino Lifeboat Station Helipad","airport_type":"heliport","radius_km":1.9},"geometry":{"type":"Polygon","coordinates":[[[-125.90808,49.17179],[-125.90299,49.17146],[-125.89809,49.17049],[-125.89358,49.16891],[-125.88962,49.16679],[-125.88638,49.1642],[-125.88397,49.16125],[-125.88248,49.15805],[-125.88198,49.15472],[-125.88248,49.15139],[-125.88397,49.14819],[-125.88638,49.14524],[-125.88962,49.14265],[-125.89358,49.14053],[-125.89809,49.13895],[-125.90299,49.13798],[-125.90808,49.13765],[-125.91317,49.13798],[-125.91806,49.13895],[-125.92258,49.14053],[-125.92653,49.14265],[-125.92978,49.14524],[-125.93219,49.14819],[-125.93367,49.15139],[-125.93417,49.15472],[-125.93367,49.15805],[-125.93219,49.16125],[-125.92978,49.1642],[-125.92653,49.16679],[-125.92258,49.16891],[-125.91806,49.17049],[-125.91317,49.17146],[-125.90808,49.17179]]]}},{"type":"Feature","properties":{"ident":"CBR8","name":"Prince Rupert (Hospital) Heliport","airport_type":"heliport","radius_km":1.9},"geometry":{"type":"Polygon","coordinates":[[[-130.33018,54.3222],[-130.32448,54.32187],[-130.31899,54.3209],[-130.31393,54.31932],[-130.3095,54.3172],[-130.30586,54.31461],[-130.30316,54.31166],[-130.30149,54.30846],[-130.30093,54.30513],[-130.30149,54.3018],[-130.30316,54.2986],[-130.30586,54.29565],[-130.3095,54.29306],[-130.31393,54.29094],[-130.31899,54.28936],[-130.32448,54.28839],[-130.33018,54.28806],[-130.33589,54.28839],[-130.34138,54.28936],[-130.34643,54.29094],[-130.35087,54.29306],[-130.35451,54.29565],[-130.35721,54.2986],[-130.35887,54.3018],[-130.35944,54.30513],[-130.35887,54.30846],[-130.35721,54.31166],[-130.35451,54.31461],[-130.35087,54.3172],[-130.34643,54.31932],[-130.34138,54.3209],[-130.33589,54.32187],[-130.33018,54.3222]]]}},{"type":"Feature","properties":{"ident":"CBS3","name":"H. Stever Heliport","airport_type":"heliport","radius_km":1.9},"geometry":{"type":"Polygon","coordinates":[[[-65.44688,48.06816],[-65.4419,48.06784],[-65.43711,48.06687],[-65.43269,48.06529],[-65.42882,48.06317],[-65.42565,48.06058],[-65.42329,48.05763],[-65.42184,48.05443],[-65.42135,48.0511],[-65.42184,48.04777],[-65.42329,48.04457],[-65.42565,48.04161],[-65.42882,48.03903],[-65.43269,48.03691],[-65.43711,48.03533],[-65.4419,48.03436],[-65.44688,48.03403],[-65.45186,48.03436],[-65.45665,48.03533],[-65.46106,48.03691],[-65.46493,48.03903],[-65.46811,48.04161],[-65.47047,48.04457],[-65.47192,48.04777],[-65.47241,48.0511],[-65.47192,48.05443],[-65.47047,48.05763],[-65.46811,48.06058],[-65.46493,48.06317],[-65.46106,48.06529],[-65.45665,48.06687],[-65.45186,48.06784],[-65.44688,48.06816]]]}},{"type":"Feature","properties":{"ident":"CBS5","name":"Port Hardy (Hospital) Heliport","airport_type":"heliport","radius_km":1.9},"geometry":{"type":"Polygon","coordinates":[[[-127.50261,50.73768],[-127.49735,50.73735],[-127.4923,50.73638],[-127.48764,50.7348],[-127.48355,50.73268],[-127.4802,50.73009],[-127.47771,50.72714],[-127.47617,50.72394],[-127.47565,50.72061],[-127.47617,50.71728],[-127.47771,50.71408],[-127.4802,50.71113],[-127.48355,50.70854],[-127.48764,50.70642],[-127.4923,50.70484],[-127.49735,50.70387],[-127.50261,50.70354],[-127.50787,50.70387],[-127.51293,50.70484],[-127.51759,50.70642],[-127.52168,50.70854],[-127.52503,50.71113],[-127.52752,50.71408],[-127.52906,50.71728],[-127.52957,50.72061],[-127.52906,50.72394],[-127.52752,50.72714],[-127.52503,50.73009],[-127.52168,50.73268],[-127.51759,50.7348],[-127.51293,50.73638],[-127.50787,50.73735],[-127.50261,50.73768]]]}},{"type":"Feature","properties":{"ident":"CBS9","name":"Blairmore (Crowsnest Pass Health Centre) Heliport","airport_type":"heliport","radius_km":1.9},"geometry":{"type":"Polygon","coordinates":[[[-114.457,49.63317],[-114.45186,49.63284],[-114.44692,49.63187],[-114.44237,49.63029],[-114.43837,49.62817],[-114.4351,49.62558],[-114.43266,49.62263],[-114.43116,49.61943],[-114.43066,49.6161],[-114.43116,49.61277],[-114.43266,49.60957],[-114.4351,49.60662],[-114.43837,49.60403],[-114.44237,49.60191],[-114.44692,49.60033],[-114.45186,49.59936],[-114.457,49.59903],[-114.46214,49.59936],[-114.46708,49.60033],[-114.47164,49.60191],[-114.47563,49.60403],[-114.4789,49.60662],[-114.48134,49.60957],[-114.48284,49.61277],[-114.48334,49.6161],[-114.48284,49.61943],[-114.48134,49.62263],[-114.4789,49.62558],[-114.47563,49.62817],[-114.47164,49.63029],[-114.46708,49.63187],[-114.46214,49.63284],[-114.457,49.63317]]]}},{"type":"Feature","properties":{"ident":"CBT5","name":"Golden (Golden & District General Hospital) Heliport","airport_type":"heliport","radius_km":1.9},"geometry":{"type":"Polygon","coordinates":[[[-116.96699,51.31412],[-116.96167,51.31379],[-116.95655,51.31282],[-116.95183,51.31124],[-116.94769,51.30912],[-116.9443,51.30653],[-116.94178,51.30358],[-116.94022,51.30038],[-116.9397,51.29705],[-116.94022,51.29372],[-116.94178,51.29052],[-116.9443,51.28757],[-116.94769,51.28498],[-116.95183,51.28286],[-116.95655,51.28128],[-116.96167,51.28031],[-116.96699,51.27998],[-116.97232,51.28031],[-116.97744,51.28128],[-116.98216,51.28286],[-116.9863,51.28498],[-116.98969,51.28757],[-116.99221,51.29052],[-116.99377,51.29372],[-116.99429,51.29705],[-116.99377,51.30038],[-116.99221,51.30358],[-116.98969,51.30653],[-116.9863,51.30912],[-116.98216,51.31124],[-116.97744,51.31282],[-116.97232,51.31379],[-116.96699,51.31412]]]}},{"type":"Feature","properties":{"ident":"CBT9","name":"Sproat Lake Tanker Base Heliport","airport_type":"heliport","radius_km":1.9},"geometry":{"type":"Polygon","coordinates":[[[-124.9391,49.30689],[-124.93399,49.30656],[-124.92908,49.30559],[-124.92456,49.30401],[-124.92059,49.30189],[-124.91734,49.2993],[-124.91492,49.29635],[-124.91343,49.29315],[-124.91293,49.28982],[-124.91343,49.28649],[-124.91492,49.28329],[-124.91734,49.28033],[-124.92059,49.27775],[-124.92456,49.27563],[-124.92908,49.27405],[-124.93399,49.27308],[-124.9391,49.27275],[-124.9442,49.27308],[-124.94911,49.27405],[-124.95363,49.27563],[-124.9576,49.27775],[-124.96085,49.28033],[-124.96327,49.28329],[-124.96476,49.28649],[-124.96526,49.28982],[-124.96476,49.29315],[-124.96327,49.29635],[-124.96085,49.2993],[-124.9576,49.30189],[-124.95363,49.30401],[-124.94911,49.30559],[-124.9442,49.30656],[-124.9391,49.30689]]]}},{"type":"Feature","properties":{"ident":"CBU4","name":"Prince Rupert (Hydro) Heliport","airport_type":"heliport","radius_km":1.9},"geometry":{"type":"Polygon","coordinates":[[[-130.29401,54.32877],[-130.2883,54.32844],[-130.28281,54.32747],[-130.27775,54.32589],[-130.27332,54.32377],[-130.26968,54.32118],[-130.26698,54.31823],[-130.26531,54.31503],[-130.26475,54.3117],[-130.26531,54.30837],[-130.26698,54.30517],[-130.26968,54.30222],[-130.27332,54.29963],[-130.27775,54.29751],[-130.28281,54.29593],[-130.2883,54.29496],[-130.29401,54.29463],[-130.29971,54.29496],[-130.3052,54.29593],[-130.31026,54.29751],[-130.31469,54.29963],[-130.31833,54.30222],[-130.32104,54.30517],[-130.3227,54.30837],[-130.32326,54.3117],[-130.3227,54.31503],[-130.32104,54.31823],[-130.31833,54.32118],[-130.31469,54.32377],[-130.31026,54.32589],[-130.3052,54.32747],[-130.29971,54.32844],[-130.29401,54.32877]]]}},{"type":"Feature","properties":{"ident":"CBU5","name":"Terrace (Mills Memorial Hospital) Heliport","airport_type":"heliport","radius_km":1.9},"geometry":{"type":"Polygon","coordinates":[[[-128.59765,54.52794],[-128.59191,54.52761],[-128.5864,54.52664],[-128.58131,54.52506],[-128.57686,54.52294],[-128.5732,54.52035],[-128.57049,54.5174],[-128.56881,54.5142],[-128.56825,54.51087],[-128.56881,54.50754],[-128.57049,54.50434],[-128.5732,54.50139],[-128.57686,54.4988],[-128.58131,54.49668],[-128.5864,54.4951],[-128.59191,54.49413],[-128.59765,54.4938],[-128.60338,54.49413],[-128.6089,54.4951],[-128.61398,54.49668],[-128.61844,54.4988],[-128.62209,54.50139],[-128.62481,54.50434],[-128.62648,54.50754],[-128.62705,54.51087],[-128.62648,54.5142],[-128.62481,54.5174],[-128.62209,54.52035],[-128.61844,54.52294],[-128.61398,54.52506],[-128.6089,54.52664],[-128.60338,54.52761],[-128.59765,54.52794]]]}},{"type":"Feature","properties":{"ident":"CBV5","name":"Belleville (QHC) Heliport","airport_type":"heliport","radius_km":1.9},"geometry":{"type":"Polygon","coordinates":[[[-77.3504,44.18428],[-77.34576,44.18395],[-77.3413,44.18298],[-77.33718,44.1814],[-77.33358,44.17928],[-77.33062,44.1767],[-77.32842,44.17374],[-77.32707,44.17054],[-77.32661,44.16721],[-77.32707,44.16388],[-77.32842,44.16068],[-77.33062,44.15773],[-77.33358,44.15514],[-77.33718,44.15302],[-77.3413,44.15144],[-77.34576,44.15047],[-77.3504,44.15015],[-77.35504,44.15047],[-77.35951,44.15144],[-77.36362,44.15302],[-77.36723,44.15514],[-77.37019,44.15773],[-77.37239,44.16068],[-77.37374,44.16388],[-77.3742,44.16721],[-77.37374,44.17054],[-77.37239,44.17374],[-77.37019,44.1767],[-77.36723,44.17928],[-77.36362,44.1814],[-77.35951,44.18298],[-77.35504,44.18395],[-77.3504,44.18428]]]}},{"type":"Feature","properties":{"ident":"CBV7","name":"Valemount (Yellowhead Helicopters) Heliport","airport_type":"heliport","radius_km":1.9},"geometry":{"type":"Polygon","coordinates":[[[-119.29758,52.88331],[-119.29206,52.88299],[-119.28676,52.88202],[-119.28187,52.88044],[-119.27758,52.87832],[-119.27407,52.87573],[-119.27146,52.87278],[-119.26985,52.86958],[-119.2693,52.86625],[-119.26985,52.86292],[-119.27146,52.85972],[-119.27407,52.85676],[-119.27758,52.85418],[-119.28187,52.85206],[-119.28676,52.85048],[-119.29206,52.84951],[-119.29758,52.84918],[-119.30309,52.84951],[-119.3084,52.85048],[-119.31328,52.85206],[-119.31757,52.85418],[-119.32109,52.85676],[-119.3237,52.85972],[-119.32531,52.86292],[-119.32585,52.86625],[-119.32531,52.86958],[-119.3237,52.87278],[-119.32109,52.87573],[-119.31757,52.87832],[-119.31328,52.88044],[-119.3084,52.88202],[-119.30309,52.88299],[-119.29758,52.88331]]]}},{"type":"Feature","properties":{"ident":"CBV8","name":"Comox (St. Joseph's Hospital) Heliport","airport_type":"heliport","radius_km":1.9},"geometry":{"type":"Polygon","coordinates":[[[-124.94119,49.69214],[-124.93604,49.69181],[-124.93109,49.69084],[-124.92653,49.68927],[-124.92253,49.68714],[-124.91925,49.68456],[-124.91682,49.68161],[-124.91532,49.6784],[-124.91481,49.67507],[-124.91532,49.67175],[-124.91682,49.66854],[-124.91925,49.66559],[-124.92253,49.66301],[-124.92653,49.66088],[-124.93109,49.65931],[-124.93604,49.65834],[-124.94119,49.65801],[-124.94633,49.65834],[-124.95128,49.65931],[-124.95584,49.66088],[-124.95984,49.66301],[-124.96312,49.66559],[-124.96555,49.66854],[-124.96705,49.67175],[-124.96756,49.67507],[-124.96705,49.6784],[-124.96555,49.68161],[-124.96312,49.68456],[-124.95984,49.68714],[-124.95584,49.68927],[-124.95128,49.69084],[-124.94633,49.69181],[-124.94119,49.69214]]]}},{"type":"Feature","properties":{"ident":"CBW5","name":"Bluewater Health Heliport","airport_type":"heliport","radius_km":1.9},"geometry":{"type":"Polygon","coordinates":[[[-82.38814,42.99243],[-82.38358,42.9921],[-82.37921,42.99113],[-82.37517,42.98956],[-82.37164,42.98743],[-82.36874,42.98485],[-82.36658,42.9819],[-82.36526,42.97869],[-82.36481,42.97536],[-82.36526,42.97204],[-82.36658,42.96883],[-82.36874,42.96588],[-82.37164,42.9633],[-82.37517,42.96117],[-82.37921,42.9596],[-82.38358,42.95863],[-82.38814,42.9583],[-82.39269,42.95863],[-82.39706,42.9596],[-82.4011,42.96117],[-82.40463,42.9633],[-82.40753,42.96588],[-82.40969,42.96883],[-82.41101,42.97204],[-82.41146,42.97536],[-82.41101,42.97869],[-82.40969,42.9819],[-82.40753,42.98485],[-82.40463,42.98743],[-82.4011,42.98956],[-82.39706,42.99113],[-82.39269,42.9921],[-82.38814,42.99243]]]}},{"type":"Feature","properties":{"ident":"CBW7","name":"Victoria (General Hospital) Heliport","airport_type":"heliport","radius_km":1.9},"geometry":{"type":"Polygon","coordinates":[[[-123.43241,48.48503],[-123.42739,48.4847],[-123.42256,48.48373],[-123.41811,48.48215],[-123.41421,48.48003],[-123.41101,48.47744],[-123.40863,48.47449],[-123.40716,48.47129],[-123.40667,48.46796],[-123.40716,48.46463],[-123.40863,48.46143],[-123.41101,48.45848],[-123.41421,48.45589],[-123.41811,48.45377],[-123.42256,48.45219],[-123.42739,48.45122],[-123.43241,48.45089],[-123.43743,48.45122],[-123.44226,48.45219],[-123.44671,48.45377],[-123.45061,48.45589],[-123.45381,48.45848],[-123.45619,48.46143],[-123.45766,48.46463],[-123.45815,48.46796],[-123.45766,48.47129],[-123.45619,48.47449],[-123.45381,48.47744],[-123.45061,48.48003],[-123.44671,48.48215],[-123.44226,48.48373],[-123.43743,48.4847],[-123.43241,48.48503]]]}},{"type":"Feature","properties":{"ident":"CBW9","name":"Madrona Bay Heliport","airport_type":"heliport","radius_km":1.9},"geometry":{"type":"Polygon","coordinates":[[[-123.486,48.87287],[-123.48094,48.87254],[-123.47607,48.87157],[-123.47159,48.86999],[-123.46766,48.86787],[-123.46443,48.86528],[-123.46203,48.86233],[-123.46056,48.85913],[-123.46006,48.8558],[-123.46056,48.85247],[-123.46203,48.84927],[-123.46443,48.84632],[-123.46766,48.84373],[-123.47159,48.84161],[-123.47607,48.84003],[-123.48094,48.83906],[-123.486,48.83873],[-123.49106,48.83906],[-123.49593,48.84003],[-123.50041,48.84161],[-123.50434,48.84373],[-123.50757,48.84632],[-123.50997,48.84927],[-123.51144,48.85247],[-123.51194,48.8558],[-123.51144,48.85913],[-123.50997,48.86233],[-123.50757,48.86528],[-123.50434,48.86787],[-123.50041,48.86999],[-123.49593,48.87157],[-123.49106,48.87254],[-123.486,48.87287]]]}},{"type":"Feature","properties":{"ident":"CBY2","name":"Edmonton/Bailey Heliport","airport_type":"heliport","radius_km":1.9},"geometry":{"type":"Polygon","coordinates":[[[-113.2363,53.52487],[-113.2307,53.52454],[-113.22532,53.52357],[-113.22036,53.52199],[-113.21601,53.51987],[-113.21244,53.51728],[-113.20979,53.51433],[-113.20815,53.51113],[-113.2076,53.5078],[-113.20815,53.50447],[-113.20979,53.50127],[-113.21244,53.49832],[-113.21601,53.49573],[-113.22036,53.49361],[-113.22532,53.49203],[-113.2307,53.49106],[-113.2363,53.49073],[-113.2419,53.49106],[-113.24728,53.49203],[-113.25224,53.49361],[-113.25659,53.49573],[-113.26016,53.49832],[-113.26281,53.50127],[-113.26445,53.50447],[-113.265,53.5078],[-113.26445,53.51113],[-113.26281,53.51433],[-113.26016,53.51728],[-113.25659,53.51987],[-113.25224,53.52199],[-113.24728,53.52357],[-113.2419,53.52454],[-113.2363,53.52487]]]}},{"type":"Feature","properties":{"ident":"CBY5","name":"Seal Cove (Coast Guard) Heliport","airport_type":"heliport","radius_km":1.9},"geometry":{"type":"Polygon","coordinates":[[[-130.27684,54.34853],[-130.27113,54.3482],[-130.26564,54.34723],[-130.26058,54.34565],[-130.25614,54.34353],[-130.2525,54.34094],[-130.2498,54.33799],[-130.24813,54.33479],[-130.24757,54.33146],[-130.24813,54.32813],[-130.2498,54.32493],[-130.2525,54.32198],[-130.25614,54.31939],[-130.26058,54.31727],[-130.26564,54.31569],[-130.27113,54.31472],[-130.27684,54.31439],[-130.28255,54.31472],[-130.28804,54.31569],[-130.2931,54.31727],[-130.29754,54.31939],[-130.30118,54.32198],[-130.30388,54.32493],[-130.30555,54.32813],[-130.30611,54.33146],[-130.30555,54.33479],[-130.30388,54.33799],[-130.30118,54.34094],[-130.29754,54.34353],[-130.2931,54.34565],[-130.28804,54.34723],[-130.28255,54.3482],[-130.27684,54.34853]]]}},{"type":"Feature","properties":{"ident":"CBZ2","name":"Kemano Heliport","airport_type":"heliport","radius_km":1.9},"geometry":{"type":"Polygon","coordinates":[[[-127.94858,53.5796],[-127.94297,53.57927],[-127.93758,53.5783],[-127.93261,53.57672],[-127.92826,53.5746],[-127.92469,53.57201],[-127.92203,53.56906],[-127.9204,53.56586],[-127.91984,53.56253],[-127.9204,53.5592],[-127.92203,53.556],[-127.92469,53.55305],[-127.92826,53.55046],[-127.93261,53.54834],[-127.93758,53.54676],[-127.94297,53.54579],[-127.94858,53.54546],[-127.95419,53.54579],[-127.95958,53.54676],[-127.96455,53.54834],[-127.9689,53.55046],[-127.97247,53.55305],[-127.97513,53.556],[-127.97676,53.5592],[-127.97732,53.56253],[-127.97676,53.56586],[-127.97513,53.56906],[-127.97247,53.57201],[-127.9689,53.5746],[-127.96455,53.57672],[-127.95958,53.5783],[-127.95419,53.57927],[-127.94858,53.5796]]]}},{"type":"Feature","properties":{"ident":"CBZ7","name":"Victoria Harbour (Shoal Point) Heliport","airport_type":"heliport","radius_km":1.9},"geometry":{"type":"Polygon","coordinates":[[[-123.38753,48.44028],[-123.38251,48.43995],[-123.37768,48.43898],[-123.37324,48.4374],[-123.36934,48.43528],[-123.36614,48.43269],[-123.36376,48.42974],[-123.3623,48.42654],[-123.36181,48.42321],[-123.3623,48.41988],[-123.36376,48.41668],[-123.36614,48.41373],[-123.36934,48.41114],[-123.37324,48.40902],[-123.37768,48.40744],[-123.38251,48.40647],[-123.38753,48.40614],[-123.39254,48.40647],[-123.39737,48.40744],[-123.40181,48.40902],[-123.40571,48.41114],[-123.40891,48.41373],[-123.41129,48.41668],[-123.41275,48.41988],[-123.41325,48.42321],[-123.41275,48.42654],[-123.41129,48.42974],[-123.40891,48.43269],[-123.40571,48.43528],[-123.40181,48.4374],[-123.39737,48.43898],[-123.39254,48.43995],[-123.38753,48.44028]]]}},{"type":"Feature","properties":{"ident":"CCB3","name":"Amherst Heliport","airport_type":"heliport","radius_km":1.9},"geometry":{"type":"Polygon","coordinates":[[[-64.22025,45.82912],[-64.21547,45.82879],[-64.21088,45.82782],[-64.20664,45.82624],[-64.20293,45.82412],[-64.19989,45.82153],[-64.19762,45.81858],[-64.19623,45.81538],[-64.19576,45.81205],[-64.19623,45.80872],[-64.19762,45.80552],[-64.19989,45.80257],[-64.20293,45.79998],[-64.20664,45.79786],[-64.21088,45.79628],[-64.21547,45.79531],[-64.22025,45.79498],[-64.22503,45.79531],[-64.22962,45.79628],[-64.23385,45.79786],[-64.23756,45.79998],[-64.24061,45.80257],[-64.24287,45.80552],[-64.24426,45.80872],[-64.24474,45.81205],[-64.24426,45.81538],[-64.24287,45.81858],[-64.24061,45.82153],[-64.23756,45.82412],[-64.23385,45.82624],[-64.22962,45.82782],[-64.22503,45.82879],[-64.22025,45.82912]]]}},{"type":"Feature","properties":{"ident":"CCB8","name":"Kilbride (Bot)","airport_type":"heliport","radius_km":1.9},"geometry":{"type":"Polygon","coordinates":[[[-79.94885,43.4653],[-79.94426,43.46498],[-79.93985,43.464],[-79.93579,43.46243],[-79.93223,43.4603],[-79.9293,43.45772],[-79.92713,43.45477],[-79.92579,43.45157],[-79.92534,43.44824],[-79.92579,43.44491],[-79.92713,43.4417],[-79.9293,43.43875],[-79.93223,43.43617],[-79.93579,43.43404],[-79.93985,43.43247],[-79.94426,43.4315],[-79.94885,43.43117],[-79.95344,43.4315],[-79.95785,43.43247],[-79.96191,43.43404],[-79.96547,43.43617],[-79.9684,43.43875],[-79.97057,43.4417],[-79.97191,43.44491],[-79.97236,43.44824],[-79.97191,43.45157],[-79.97057,43.45477],[-79.9684,43.45772],[-79.96547,43.4603],[-79.96191,43.46243],[-79.95785,43.464],[-79.95344,43.46498],[-79.94885,43.4653]]]}},{"type":"Feature","properties":{"ident":"CCE5","name":"Canso (Eastern Memorial Hospital) Heliport","airport_type":"heliport","radius_km":1.9},"geometry":{"type":"Polygon","coordinates":[[[-60.98182,45.35011],[-60.97709,45.34978],[-60.97253,45.34881],[-60.96834,45.34723],[-60.96466,45.34511],[-60.96164,45.34252],[-60.95939,45.33957],[-60.95801,45.33637],[-60.95754,45.33304],[-60.95801,45.32971],[-60.95939,45.32651],[-60.96164,45.32356],[-60.96466,45.32097],[-60.96834,45.31885],[-60.97253,45.31727],[-60.97709,45.3163],[-60.98182,45.31597],[-60.98656,45.3163],[-60.99112,45.31727],[-60.99531,45.31885],[-60.99899,45.32097],[-61.00201,45.32356],[-61.00426,45.32651],[-61.00564,45.32971],[-61.0061,45.33304],[-61.00564,45.33637],[-61.00426,45.33957],[-61.00201,45.34252],[-60.99899,45.34511],[-60.99531,45.34723],[-60.99112,45.34881],[-60.98656,45.34978],[-60.98182,45.35011]]]}},{"type":"Feature","properties":{"ident":"CCE7","name":"Edmonton City Heliport","airport_type":"heliport","radius_km":1.9},"geometry":{"type":"Polygon","coordinates":[[[-113.66378,53.55275],[-113.65817,53.55242],[-113.65279,53.55145],[-113.64782,53.54987],[-113.64347,53.54775],[-113.6399,53.54517],[-113.63724,53.54221],[-113.63561,53.53901],[-113.63506,53.53568],[-113.63561,53.53235],[-113.63724,53.52915],[-113.6399,53.5262],[-113.64347,53.52361],[-113.64782,53.52149],[-113.65279,53.51991],[-113.65817,53.51894],[-113.66378,53.51862],[-113.66938,53.51894],[-113.67477,53.51991],[-113.67973,53.52149],[-113.68408,53.52361],[-113.68766,53.5262],[-113.69031,53.52915],[-113.69194,53.53235],[-113.6925,53.53568],[-113.69194,53.53901],[-113.69031,53.54221],[-113.68766,53.54517],[-113.68408,53.54775],[-113.67973,53.54987],[-113.67477,53.55145],[-113.66938,53.55242],[-113.66378,53.55275]]]}},{"type":"Feature","properties":{"ident":"CCH5","name":"Montreal / Longueuil (Centre Hospitalier Pierre-Boucher) Heliport","airport_type":"heliport","radius_km":1.9},"geometry":{"type":"Polygon","coordinates":[[[-73.46005,45.55521],[-73.45529,45.55488],[-73.45072,45.55391],[-73.44651,45.55234],[-73.44282,45.55021],[-73.43979,45.54763],[-73.43754,45.54468],[-73.43615,45.54147],[-73.43568,45.53814],[-73.43615,45.53481],[-73.43754,45.53161],[-73.43979,45.52866],[-73.44282,45.52608],[-73.44651,45.52395],[-73.45072,45.52238],[-73.45529,45.5214],[-73.46005,45.52108],[-73.4648,45.5214],[-73.46937,45.52238],[-73.47359,45.52395],[-73.47728,45.52608],[-73.48031,45.52866],[-73.48256,45.53161],[-73.48395,45.53481],[-73.48442,45.53814],[-73.48395,45.54147],[-73.48256,45.54468],[-73.48031,45.54763],[-73.47728,45.55021],[-73.47359,45.55234],[-73.46937,45.55391],[-73.4648,45.55488],[-73.46005,45.55521]]]}},{"type":"Feature","properties":{"ident":"CCH6","name":"Summerside (Prince County Hospital) Heliport","airport_type":"heliport","radius_km":1.9},"geometry":{"type":"Polygon","coordinates":[[[-63.77398,46.43488],[-63.76915,46.43455],[-63.76451,46.43358],[-63.76023,46.432],[-63.75648,46.42988],[-63.7534,46.42729],[-63.75111,46.42434],[-63.7497,46.42114],[-63.74923,46.41781],[-63.7497,46.41448],[-63.75111,46.41128],[-63.7534,46.40833],[-63.75648,46.40574],[-63.76023,46.40362],[-63.76451,46.40204],[-63.76915,46.40107],[-63.77398,46.40074],[-63.77881,46.40107],[-63.78346,46.40204],[-63.78774,46.40362],[-63.79149,46.40574],[-63.79457,46.40833],[-63.79686,46.41128],[-63.79827,46.41448],[-63.79874,46.41781],[-63.79827,46.42114],[-63.79686,46.42434],[-63.79457,46.42729],[-63.79149,46.42988],[-63.78774,46.432],[-63.78346,46.43358],[-63.77881,46.43455],[-63.77398,46.43488]]]}},{"type":"Feature","properties":{"ident":"CCH7","name":"Capitale H\u00e9licopt\u00e8re Heliport","airport_type":"heliport","radius_km":1.9},"geometry":{"type":"Polygon","coordinates":[[[-71.3741,46.81787],[-71.36924,46.81754],[-71.36456,46.81657],[-71.36025,46.81499],[-71.35647,46.81287],[-71.35337,46.81028],[-71.35106,46.80733],[-71.34965,46.80413],[-71.34917,46.8008],[-71.34965,46.79747],[-71.35106,46.79427],[-71.35337,46.79132],[-71.35647,46.78873],[-71.36025,46.78661],[-71.36456,46.78503],[-71.36924,46.78406],[-71.3741,46.78373],[-71.37896,46.78406],[-71.38364,46.78503],[-71.38795,46.78661],[-71.39173,46.78873],[-71.39483,46.79132],[-71.39714,46.79427],[-71.39855,46.79747],[-71.39903,46.8008],[-71.39855,46.80413],[-71.39714,46.80733],[-71.39483,46.81028],[-71.39173,46.81287],[-71.38795,46.81499],[-71.38364,46.81657],[-71.37896,46.81754],[-71.3741,46.81787]]]}},{"type":"Feature","properties":{"ident":"CCH9","name":"Cold Lake Health Care Centre Heliport","airport_type":"heliport","radius_km":1.9},"geometry":{"type":"Polygon","coordinates":[[[-110.19545,54.48527],[-110.18972,54.48495],[-110.18421,54.48397],[-110.17914,54.4824],[-110.17469,54.48027],[-110.17103,54.47769],[-110.16832,54.47474],[-110.16665,54.47154],[-110.16608,54.46821],[-110.16665,54.46488],[-110.16832,54.46167],[-110.17103,54.45872],[-110.17469,54.45614],[-110.17914,54.45401],[-110.18421,54.45244],[-110.18972,54.45147],[-110.19545,54.45114],[-110.20118,54.45147],[-110.20669,54.45244],[-110.21177,54.45401],[-110.21622,54.45614],[-110.21987,54.45872],[-110.22259,54.46167],[-110.22426,54.46488],[-110.22482,54.46821],[-110.22426,54.47154],[-110.22259,54.47474],[-110.21987,54.47769],[-110.21622,54.48027],[-110.21177,54.4824],[-110.20669,54.48397],[-110.20118,54.48495],[-110.19545,54.48527]]]}},{"type":"Feature","properties":{"ident":"CCK2","name":"St John's Health Sciences Centre Heliport","airport_type":"heliport","radius_km":1.9},"geometry":{"type":"Polygon","coordinates":[[[-52.7455,47.58957],[-52.74056,47.58924],[-52.73582,47.58827],[-52.73144,47.5867],[-52.72761,47.58457],[-52.72446,47.58199],[-52.72213,47.57904],[-52.72069,47.57583],[-52.7202,47.5725],[-52.72069,47.56917],[-52.72213,47.56597],[-52.72446,47.56302],[-52.72761,47.56044],[-52.73144,47.55831],[-52.73582,47.55674],[-52.74056,47.55576],[-52.7455,47.55544],[-52.75044,47.55576],[-52.75518,47.55674],[-52.75956,47.55831],[-52.76339,47.56044],[-52.76654,47.56302],[-52.76887,47.56597],[-52.77031,47.56917],[-52.7708,47.5725],[-52.77031,47.57583],[-52.76887,47.57904],[-52.76654,47.58199],[-52.76339,47.58457],[-52.75956,47.5867],[-52.75518,47.58827],[-52.75044,47.58924],[-52.7455,47.58957]]]}},{"type":"Feature","properties":{"ident":"CCR5","name":"Cline River Heliport","airport_type":"heliport","radius_km":1.9},"geometry":{"type":"Polygon","coordinates":[[[-116.479,52.19597],[-116.47357,52.19564],[-116.46834,52.19467],[-116.46353,52.19309],[-116.45931,52.19097],[-116.45585,52.18838],[-116.45328,52.18543],[-116.4517,52.18223],[-116.45116,52.1789],[-116.4517,52.17557],[-116.45328,52.17237],[-116.45585,52.16942],[-116.45931,52.16683],[-116.46353,52.16471],[-116.46834,52.16313],[-116.47357,52.16216],[-116.479,52.16183],[-116.48443,52.16216],[-116.48965,52.16313],[-116.49446,52.16471],[-116.49868,52.16683],[-116.50214,52.16942],[-116.50471,52.17237],[-116.5063,52.17557],[-116.50683,52.1789],[-116.5063,52.18223],[-116.50471,52.18543],[-116.50214,52.18838],[-116.49868,52.19097],[-116.49446,52.19309],[-116.48965,52.19467],[-116.48443,52.19564],[-116.479,52.19597]]]}},{"type":"Feature","properties":{"ident":"CCR6","name":"Campbell River (E & B Heli) Heliport","airport_type":"heliport","radius_km":1.9},"geometry":{"type":"Polygon","coordinates":[[[-125.26857,50.05842],[-125.26339,50.05809],[-125.2584,50.05712],[-125.25381,50.05554],[-125.24978,50.05342],[-125.24647,50.05083],[-125.24402,50.04788],[-125.2425,50.04468],[-125.24199,50.04135],[-125.2425,50.03802],[-125.24402,50.03482],[-125.24647,50.03187],[-125.24978,50.02928],[-125.25381,50.02716],[-125.2584,50.02558],[-125.26339,50.02461],[-125.26857,50.02428],[-125.27375,50.02461],[-125.27874,50.02558],[-125.28333,50.02716],[-125.28736,50.02928],[-125.29067,50.03187],[-125.29312,50.03482],[-125.29464,50.03802],[-125.29515,50.04135],[-125.29464,50.04468],[-125.29312,50.04788],[-125.29067,50.05083],[-125.28736,50.05342],[-125.28333,50.05554],[-125.27874,50.05712],[-125.27375,50.05809],[-125.26857,50.05842]]]}},{"type":"Feature","properties":{"ident":"CCR7","name":"Castor (Our Lady of the Rosary Hospital) Heliport","airport_type":"heliport","radius_km":1.9},"geometry":{"type":"Polygon","coordinates":[[[-111.90658,52.24057],[-111.90114,52.24024],[-111.89591,52.23927],[-111.8911,52.23769],[-111.88688,52.23557],[-111.88341,52.23298],[-111.88084,52.23003],[-111.87925,52.22683],[-111.87871,52.2235],[-111.87925,52.22017],[-111.88084,52.21697],[-111.88341,52.21402],[-111.88688,52.21143],[-111.8911,52.20931],[-111.89591,52.20773],[-111.90114,52.20676],[-111.90658,52.20643],[-111.91201,52.20676],[-111.91724,52.20773],[-111.92206,52.20931],[-111.92628,52.21143],[-111.92974,52.21402],[-111.93232,52.21697],[-111.9339,52.22017],[-111.93444,52.2235],[-111.9339,52.22683],[-111.93232,52.23003],[-111.92974,52.23298],[-111.92628,52.23557],[-111.92206,52.23769],[-111.91724,52.23927],[-111.91201,52.24024],[-111.90658,52.24057]]]}},{"type":"Feature","properties":{"ident":"CCS2","name":"Consort Health Centre Helipad","airport_type":"heliport","radius_km":1.9},"geometry":{"type":"Polygon","coordinates":[[[-110.782,52.02617],[-110.77659,52.02584],[-110.77139,52.02487],[-110.76659,52.02329],[-110.76239,52.02117],[-110.75894,52.01859],[-110.75638,52.01563],[-110.7548,52.01243],[-110.75427,52.0091],[-110.7548,52.00577],[-110.75638,52.00257],[-110.75894,51.99962],[-110.76239,51.99703],[-110.76659,51.99491],[-110.77139,51.99333],[-110.77659,51.99236],[-110.782,51.99204],[-110.78741,51.99236],[-110.79261,51.99333],[-110.79741,51.99491],[-110.80161,51.99703],[-110.80506,51.99962],[-110.80762,52.00257],[-110.8092,52.00577],[-110.80973,52.0091],[-110.8092,52.01243],[-110.80762,52.01563],[-110.80506,52.01859],[-110.80161,52.02117],[-110.79741,52.02329],[-110.79261,52.02487],[-110.78741,52.02584],[-110.782,52.02617]]]}},{"type":"Feature","properties":{"ident":"CCS7","name":"Chicoutimi Central Hospital Helipad","airport_type":"heliport","radius_km":1.9},"geometry":{"type":"Polygon","coordinates":[[[-71.0476,48.44287],[-71.04258,48.44254],[-71.03776,48.44157],[-71.03331,48.43999],[-71.02941,48.43787],[-71.02622,48.43528],[-71.02384,48.43233],[-71.02237,48.42913],[-71.02188,48.4258],[-71.02237,48.42247],[-71.02384,48.41927],[-71.02622,48.41632],[-71.02941,48.41373],[-71.03331,48.41161],[-71.03776,48.41003],[-71.04258,48.40906],[-71.0476,48.40873],[-71.05262,48.40906],[-71.05744,48.41003],[-71.06189,48.41161],[-71.06579,48.41373],[-71.06899,48.41632],[-71.07136,48.41927],[-71.07283,48.42247],[-71.07332,48.4258],[-71.07283,48.42913],[-71.07136,48.43233],[-71.06899,48.43528],[-71.06579,48.43787],[-71.06189,48.43999],[-71.05744,48.44157],[-71.05262,48.44254],[-71.0476,48.44287]]]}},{"type":"Feature","properties":{"ident":"CCT3","name":"Castlegar (Tarrys Convention Centre) Heliport","airport_type":"heliport","radius_km":1.9},"geometry":{"type":"Polygon","coordinates":[[[-117.552,49.40317],[-117.54689,49.40284],[-117.54197,49.40187],[-117.53744,49.40029],[-117.53346,49.39817],[-117.5302,49.39558],[-117.52778,49.39263],[-117.52629,49.38943],[-117.52578,49.3861],[-117.52629,49.38277],[-117.52778,49.37957],[-117.5302,49.37662],[-117.53346,49.37403],[-117.53744,49.37191],[-117.54197,49.37033],[-117.54689,49.36936],[-117.552,49.36903],[-117.55712,49.36936],[-117.56204,49.37033],[-117.56657,49.37191],[-117.57054,49.37403],[-117.5738,49.37662],[-117.57623,49.37957],[-117.57772,49.38277],[-117.57822,49.3861],[-117.57772,49.38943],[-117.57623,49.39263],[-117.5738,49.39558],[-117.57054,49.39817],[-117.56657,49.40029],[-117.56204,49.40187],[-117.55712,49.40284],[-117.552,49.40317]]]}},{"type":"Feature","properties":{"ident":"CCW2","name":"Collingwood (Wilsons) Heliport","airport_type":"heliport","radius_km":1.9},"geometry":{"type":"Polygon","coordinates":[[[-80.2294,44.52667],[-80.22473,44.52635],[-80.22024,44.52538],[-80.2161,44.5238],[-80.21248,44.52168],[-80.2095,44.51909],[-80.20729,44.51614],[-80.20593,44.51294],[-80.20547,44.50961],[-80.20593,44.50628],[-80.20729,44.50308],[-80.2095,44.50012],[-80.21248,44.49754],[-80.2161,44.49542],[-80.22024,44.49384],[-80.22473,44.49287],[-80.2294,44.49254],[-80.23407,44.49287],[-80.23856,44.49384],[-80.2427,44.49542],[-80.24632,44.49754],[-80.2493,44.50012],[-80.25151,44.50308],[-80.25287,44.50628],[-80.25333,44.50961],[-80.25287,44.51294],[-80.25151,44.51614],[-80.2493,44.51909],[-80.24632,44.52168],[-80.2427,44.5238],[-80.23856,44.52538],[-80.23407,44.52635],[-80.2294,44.52667]]]}},{"type":"Feature","properties":{"ident":"CCX2","name":"Long Pond Heliport","airport_type":"heliport","radius_km":1.9},"geometry":{"type":"Polygon","coordinates":[[[-52.98109,47.53345],[-52.97616,47.53312],[-52.97141,47.53215],[-52.96705,47.53057],[-52.96322,47.52845],[-52.96007,47.52587],[-52.95774,47.52291],[-52.9563,47.51971],[-52.95581,47.51638],[-52.9563,47.51305],[-52.95774,47.50985],[-52.96007,47.5069],[-52.96322,47.50431],[-52.96705,47.50219],[-52.97141,47.50061],[-52.97616,47.49964],[-52.98109,47.49932],[-52.98602,47.49964],[-52.99076,47.50061],[-52.99513,47.50219],[-52.99896,47.50431],[-53.0021,47.5069],[-53.00443,47.50985],[-53.00587,47.51305],[-53.00636,47.51638],[-53.00587,47.51971],[-53.00443,47.52291],[-53.0021,47.52587],[-52.99896,47.52845],[-52.99513,47.53057],[-52.99076,47.53215],[-52.98602,47.53312],[-52.98109,47.53345]]]}},{"type":"Feature","properties":{"ident":"CCY2","name":"Cypress Regional Hospital Heliport","airport_type":"heliport","radius_km":1.9},"geometry":{"type":"Polygon","coordinates":[[[-107.77425,50.32795],[-107.76903,50.32763],[-107.76402,50.32666],[-107.7594,50.32508],[-107.75535,50.32296],[-107.75202,50.32037],[-107.74955,50.31742],[-107.74803,50.31422],[-107.74752,50.31089],[-107.74803,50.30756],[-107.74955,50.30436],[-107.75202,50.3014],[-107.75535,50.29882],[-107.7594,50.2967],[-107.76402,50.29512],[-107.76903,50.29415],[-107.77425,50.29382],[-107.77946,50.29415],[-107.78447,50.29512],[-107.78909,50.2967],[-107.79314,50.29882],[-107.79647,50.3014],[-107.79894,50.30436],[-107.80046,50.30756],[-107.80097,50.31089],[-107.80046,50.31422],[-107.79894,50.31742],[-107.79647,50.32037],[-107.79314,50.32296],[-107.78909,50.32508],[-107.78447,50.32666],[-107.77946,50.32763],[-107.77425,50.32795]]]}},{"type":"Feature","properties":{"ident":"CCY5","name":"Edmundston (Regional Hospital) Heliport","airport_type":"heliport","radius_km":1.9},"geometry":{"type":"Polygon","coordinates":[[[-68.3119,47.39347],[-68.30698,47.39314],[-68.30225,47.39217],[-68.29789,47.39059],[-68.29408,47.38847],[-68.29094,47.38588],[-68.28861,47.38293],[-68.28718,47.37973],[-68.28669,47.3764],[-68.28718,47.37307],[-68.28861,47.36987],[-68.29094,47.36692],[-68.29408,47.36433],[-68.29789,47.36221],[-68.30225,47.36063],[-68.30698,47.35966],[-68.3119,47.35933],[-68.31681,47.35966],[-68.32154,47.36063],[-68.3259,47.36221],[-68.32972,47.36433],[-68.33285,47.36692],[-68.33518,47.36987],[-68.33662,47.37307],[-68.3371,47.3764],[-68.33662,47.37973],[-68.33518,47.38293],[-68.33285,47.38588],[-68.32972,47.38847],[-68.3259,47.39059],[-68.32154,47.39217],[-68.31681,47.39314],[-68.3119,47.39347]]]}},{"type":"Feature","properties":{"ident":"CCZ9","name":"Roseway Hospital Heliport","airport_type":"heliport","radius_km":1.9},"geometry":{"type":"Polygon","coordinates":[[[-65.30975,43.76739],[-65.30514,43.76706],[-65.30071,43.76609],[-65.29662,43.76451],[-65.29304,43.76239],[-65.2901,43.7598],[-65.28792,43.75685],[-65.28657,43.75365],[-65.28612,43.75032],[-65.28657,43.74699],[-65.28792,43.74379],[-65.2901,43.74084],[-65.29304,43.73825],[-65.29662,43.73613],[-65.30071,43.73455],[-65.30514,43.73358],[-65.30975,43.73325],[-65.31436,43.73358],[-65.31879,43.73455],[-65.32288,43.73613],[-65.32646,43.73825],[-65.32939,43.74084],[-65.33158,43.74379],[-65.33292,43.74699],[-65.33338,43.75032],[-65.33292,43.75365],[-65.33158,43.75685],[-65.32939,43.7598],[-65.32646,43.76239],[-65.32288,43.76451],[-65.31879,43.76609],[-65.31436,43.76706],[-65.30975,43.76739]]]}},{"type":"Feature","properties":{"ident":"CDA7","name":"Shunda (Fire Base) Heliport","airport_type":"heliport","radius_km":1.9},"geometry":{"type":"Polygon","coordinates":[[[-115.75749,52.50832],[-115.75203,52.50799],[-115.74677,52.50702],[-115.74192,52.50545],[-115.73767,52.50332],[-115.73419,52.50074],[-115.7316,52.49779],[-115.73,52.49458],[-115.72946,52.49125],[-115.73,52.48792],[-115.7316,52.48472],[-115.73419,52.48177],[-115.73767,52.47919],[-115.74192,52.47706],[-115.74677,52.47549],[-115.75203,52.47451],[-115.75749,52.47419],[-115.76296,52.47451],[-115.76822,52.47549],[-115.77307,52.47706],[-115.77732,52.47919],[-115.7808,52.48177],[-115.78339,52.48472],[-115.78499,52.48792],[-115.78553,52.49125],[-115.78499,52.49458],[-115.78339,52.49779],[-115.7808,52.50074],[-115.77732,52.50332],[-115.77307,52.50545],[-115.76822,52.50702],[-115.76296,52.50799],[-115.75749,52.50832]]]}},{"type":"Feature","properties":{"ident":"CDB2","name":"DeBolt Fire Hall Heliport","airport_type":"heliport","radius_km":1.9},"geometry":{"type":"Polygon","coordinates":[[[-118.0293,55.2343],[-118.02347,55.23397],[-118.01785,55.233],[-118.01268,55.23143],[-118.00815,55.2293],[-118.00443,55.22672],[-118.00166,55.22377],[-117.99996,55.22056],[-117.99938,55.21723],[-117.99996,55.2139],[-118.00166,55.2107],[-118.00443,55.20775],[-118.00815,55.20517],[-118.01268,55.20304],[-118.01785,55.20147],[-118.02347,55.20049],[-118.0293,55.20017],[-118.03514,55.20049],[-118.04075,55.20147],[-118.04592,55.20304],[-118.05046,55.20517],[-118.05418,55.20775],[-118.05694,55.2107],[-118.05865,55.2139],[-118.05922,55.21723],[-118.05865,55.22056],[-118.05694,55.22377],[-118.05418,55.22672],[-118.05046,55.2293],[-118.04592,55.23143],[-118.04075,55.233],[-118.03514,55.23397],[-118.0293,55.2343]]]}},{"type":"Feature","properties":{"ident":"CDB3","name":"Hall Residence Heliport","airport_type":"heliport","radius_km":1.9},"geometry":{"type":"Polygon","coordinates":[[[-113.40883,52.2534],[-113.4034,52.25307],[-113.39817,52.2521],[-113.39335,52.25052],[-113.38913,52.2484],[-113.38566,52.24582],[-113.38308,52.24286],[-113.3815,52.23966],[-113.38096,52.23633],[-113.3815,52.233],[-113.38308,52.2298],[-113.38566,52.22685],[-113.38913,52.22426],[-113.39335,52.22214],[-113.39817,52.22056],[-113.4034,52.21959],[-113.40883,52.21927],[-113.41427,52.21959],[-113.4195,52.22056],[-113.42432,52.22214],[-113.42854,52.22426],[-113.43201,52.22685],[-113.43458,52.2298],[-113.43617,52.233],[-113.4367,52.23633],[-113.43617,52.23966],[-113.43458,52.24286],[-113.43201,52.24582],[-113.42854,52.2484],[-113.42432,52.25052],[-113.4195,52.2521],[-113.41427,52.25307],[-113.40883,52.2534]]]}},{"type":"Feature","properties":{"ident":"CDB5","name":"Moncton / Salisbury Heliport","airport_type":"heliport","radius_km":1.9},"geometry":{"type":"Polygon","coordinates":[[[-65.06189,46.06617],[-65.0571,46.06584],[-65.05248,46.06487],[-65.04823,46.06329],[-65.0445,46.06117],[-65.04145,46.05859],[-65.03917,46.05563],[-65.03777,46.05243],[-65.0373,46.0491],[-65.03777,46.04577],[-65.03917,46.04257],[-65.04145,46.03962],[-65.0445,46.03703],[-65.04823,46.03491],[-65.05248,46.03333],[-65.0571,46.03236],[-65.06189,46.03204],[-65.06669,46.03236],[-65.0713,46.03333],[-65.07556,46.03491],[-65.07928,46.03703],[-65.08234,46.03962],[-65.08461,46.04257],[-65.08601,46.04577],[-65.08649,46.0491],[-65.08601,46.05243],[-65.08461,46.05563],[-65.08234,46.05859],[-65.07928,46.06117],[-65.07556,46.06329],[-65.0713,46.06487],[-65.06669,46.06584],[-65.06189,46.06617]]]}},{"type":"Feature","properties":{"ident":"CDC2","name":"St. John's (Universal) Heliport","airport_type":"heliport","radius_km":1.9},"geometry":{"type":"Polygon","coordinates":[[[-52.72707,47.62541],[-52.72213,47.62508],[-52.71738,47.62411],[-52.71301,47.62253],[-52.70917,47.62041],[-52.70602,47.61782],[-52.70368,47.61487],[-52.70224,47.61167],[-52.70176,47.60834],[-52.70224,47.60501],[-52.70368,47.60181],[-52.70602,47.59886],[-52.70917,47.59627],[-52.71301,47.59415],[-52.71738,47.59257],[-52.72213,47.5916],[-52.72707,47.59127],[-52.73201,47.5916],[-52.73676,47.59257],[-52.74114,47.59415],[-52.74497,47.59627],[-52.74812,47.59886],[-52.75046,47.60181],[-52.7519,47.60501],[-52.75239,47.60834],[-52.7519,47.61167],[-52.75046,47.61487],[-52.74812,47.61782],[-52.74497,47.62041],[-52.74114,47.62253],[-52.73676,47.62411],[-52.73201,47.62508],[-52.72707,47.62541]]]}},{"type":"Feature","properties":{"ident":"CDD7","name":"Didsbury District Health Services Heliport","airport_type":"heliport","radius_km":1.9},"geometry":{"type":"Polygon","coordinates":[[[-114.12292,51.67876],[-114.11755,51.67843],[-114.11239,51.67746],[-114.10763,51.67588],[-114.10346,51.67376],[-114.10004,51.67118],[-114.0975,51.66822],[-114.09593,51.66502],[-114.0954,51.66169],[-114.09593,51.65836],[-114.0975,51.65516],[-114.10004,51.65221],[-114.10346,51.64962],[-114.10763,51.6475],[-114.11239,51.64592],[-114.11755,51.64495],[-114.12292,51.64463],[-114.12829,51.64495],[-114.13345,51.64592],[-114.13821,51.6475],[-114.14238,51.64962],[-114.1458,51.65221],[-114.14834,51.65516],[-114.14991,51.65836],[-114.15043,51.66169],[-114.14991,51.66502],[-114.14834,51.66822],[-114.1458,51.67118],[-114.14238,51.67376],[-114.13821,51.67588],[-114.13345,51.67746],[-114.12829,51.67843],[-114.12292,51.67876]]]}},{"type":"Feature","properties":{"ident":"CDE2","name":"Lac-Des-Ecorces / Heliport Belle-Ile","airport_type":"heliport","radius_km":1.9},"geometry":{"type":"Polygon","coordinates":[[[-75.38528,46.54207],[-75.38044,46.54174],[-75.37578,46.54077],[-75.3715,46.53919],[-75.36774,46.53707],[-75.36465,46.53448],[-75.36236,46.53153],[-75.36095,46.52833],[-75.36047,46.525],[-75.36095,46.52167],[-75.36236,46.51847],[-75.36465,46.51552],[-75.36774,46.51293],[-75.3715,46.51081],[-75.37578,46.50923],[-75.38044,46.50826],[-75.38528,46.50793],[-75.39012,46.50826],[-75.39477,46.50923],[-75.39906,46.51081],[-75.40282,46.51293],[-75.4059,46.51552],[-75.4082,46.51847],[-75.40961,46.52167],[-75.41008,46.525],[-75.40961,46.52833],[-75.4082,46.53153],[-75.4059,46.53448],[-75.40282,46.53707],[-75.39906,46.53919],[-75.39477,46.54077],[-75.39012,46.54174],[-75.38528,46.54207]]]}},{"type":"Feature","properties":{"ident":"CDF7","name":"Dragon's Fire Heliport","airport_type":"heliport","radius_km":1.9},"geometry":{"type":"Polygon","coordinates":[[[-79.94083,43.39757],[-79.93625,43.39724],[-79.93185,43.39627],[-79.92779,43.39469],[-79.92423,43.39257],[-79.92131,43.38998],[-79.91914,43.38703],[-79.9178,43.38383],[-79.91735,43.3805],[-79.9178,43.37717],[-79.91914,43.37397],[-79.92131,43.37102],[-79.92423,43.36843],[-79.92779,43.36631],[-79.93185,43.36473],[-79.93625,43.36376],[-79.94083,43.36343],[-79.94541,43.36376],[-79.94982,43.36473],[-79.95388,43.36631],[-79.95744,43.36843],[-79.96036,43.37102],[-79.96253,43.37397],[-79.96387,43.37717],[-79.96432,43.3805],[-79.96387,43.38383],[-79.96253,43.38703],[-79.96036,43.38998],[-79.95744,43.39257],[-79.95388,43.39469],[-79.94982,43.39627],[-79.94541,43.39724],[-79.94083,43.39757]]]}},{"type":"Feature","properties":{"ident":"CDG2","name":"Digby General Hospital Heliport","airport_type":"heliport","radius_km":1.9},"geometry":{"type":"Polygon","coordinates":[[[-65.76202,44.63306],[-65.75734,44.63273],[-65.75285,44.63176],[-65.7487,44.63018],[-65.74507,44.62806],[-65.74208,44.62547],[-65.73987,44.62252],[-65.7385,44.61932],[-65.73804,44.61599],[-65.7385,44.61266],[-65.73987,44.60946],[-65.74208,44.60651],[-65.74507,44.60392],[-65.7487,44.6018],[-65.75285,44.60022],[-65.75734,44.59925],[-65.76202,44.59892],[-65.7667,44.59925],[-65.7712,44.60022],[-65.77534,44.6018],[-65.77898,44.60392],[-65.78196,44.60651],[-65.78417,44.60946],[-65.78554,44.61266],[-65.786,44.61599],[-65.78554,44.61932],[-65.78417,44.62252],[-65.78196,44.62547],[-65.77898,44.62806],[-65.77534,44.63018],[-65.7712,44.63176],[-65.7667,44.63273],[-65.76202,44.63306]]]}},{"type":"Feature","properties":{"ident":"CDH2","name":"Drumheller (Health Centre) Heliport","airport_type":"heliport","radius_km":1.9},"geometry":{"type":"Polygon","coordinates":[[[-112.72819,51.48618],[-112.72284,51.48585],[-112.7177,51.48488],[-112.71296,51.4833],[-112.70881,51.48118],[-112.7054,51.47859],[-112.70287,51.47564],[-112.70131,51.47244],[-112.70079,51.46911],[-112.70131,51.46578],[-112.70287,51.46258],[-112.7054,51.45963],[-112.70881,51.45704],[-112.71296,51.45492],[-112.7177,51.45334],[-112.72284,51.45237],[-112.72819,51.45204],[-112.73353,51.45237],[-112.73867,51.45334],[-112.74341,51.45492],[-112.74756,51.45704],[-112.75097,51.45963],[-112.7535,51.46258],[-112.75506,51.46578],[-112.75559,51.46911],[-112.75506,51.47244],[-112.7535,51.47564],[-112.75097,51.47859],[-112.74756,51.48118],[-112.74341,51.4833],[-112.73867,51.48488],[-112.73353,51.48585],[-112.72819,51.48618]]]}},{"type":"Feature","properties":{"ident":"CDH4","name":"Cowichan District Hospital Heliport","airport_type":"heliport","radius_km":1.9},"geometry":{"type":"Polygon","coordinates":[[[-123.7214,48.80327],[-123.71635,48.80294],[-123.71149,48.80197],[-123.70701,48.80039],[-123.70308,48.79827],[-123.69986,48.79568],[-123.69747,48.79273],[-123.69599,48.78953],[-123.6955,48.7862],[-123.69599,48.78287],[-123.69747,48.77967],[-123.69986,48.77672],[-123.70308,48.77413],[-123.70701,48.77201],[-123.71149,48.77043],[-123.71635,48.76946],[-123.7214,48.76913],[-123.72645,48.76946],[-123.73131,48.77043],[-123.73579,48.77201],[-123.73972,48.77413],[-123.74294,48.77672],[-123.74533,48.77967],[-123.74681,48.78287],[-123.7473,48.7862],[-123.74681,48.78953],[-123.74533,48.79273],[-123.74294,48.79568],[-123.73972,48.79827],[-123.73579,48.80039],[-123.73131,48.80197],[-123.72645,48.80294],[-123.7214,48.80327]]]}},{"type":"Feature","properties":{"ident":"CDH5","name":"Nanaimo Harbour Heliport","airport_type":"heliport","radius_km":1.9},"geometry":{"type":"Polygon","coordinates":[[[-123.92322,49.17788],[-123.91813,49.17755],[-123.91323,49.17658],[-123.90872,49.17501],[-123.90476,49.17288],[-123.90152,49.1703],[-123.8991,49.16735],[-123.89762,49.16414],[-123.89712,49.16081],[-123.89762,49.15748],[-123.8991,49.15428],[-123.90152,49.15133],[-123.90476,49.14875],[-123.90872,49.14662],[-123.91323,49.14505],[-123.91813,49.14407],[-123.92322,49.14375],[-123.92831,49.14407],[-123.93321,49.14505],[-123.93772,49.14662],[-123.94167,49.14875],[-123.94492,49.15133],[-123.94733,49.15428],[-123.94882,49.15748],[-123.94932,49.16081],[-123.94882,49.16414],[-123.94733,49.16735],[-123.94492,49.1703],[-123.94167,49.17288],[-123.93772,49.17501],[-123.93321,49.17658],[-123.92831,49.17755],[-123.92322,49.17788]]]}},{"type":"Feature","properties":{"ident":"CDL3","name":"Daysland Health Centre Heliport","airport_type":"heliport","radius_km":1.9},"geometry":{"type":"Polygon","coordinates":[[[-112.273,52.88597],[-112.26749,52.88564],[-112.26218,52.88467],[-112.25729,52.88309],[-112.25301,52.88097],[-112.24949,52.87838],[-112.24688,52.87543],[-112.24527,52.87223],[-112.24473,52.8689],[-112.24527,52.86557],[-112.24688,52.86237],[-112.24949,52.85942],[-112.25301,52.85683],[-112.25729,52.85471],[-112.26218,52.85313],[-112.26749,52.85216],[-112.273,52.85183],[-112.27852,52.85216],[-112.28382,52.85313],[-112.28871,52.85471],[-112.293,52.85683],[-112.29651,52.85942],[-112.29913,52.86237],[-112.30073,52.86557],[-112.30128,52.8689],[-112.30073,52.87223],[-112.29913,52.87543],[-112.29651,52.87838],[-112.293,52.88097],[-112.28871,52.88309],[-112.28382,52.88467],[-112.27852,52.88564],[-112.273,52.88597]]]}},{"type":"Feature","properties":{"ident":"CDM4","name":"Dunby Manor Heliport","airport_type":"heliport","radius_km":1.9},"geometry":{"type":"Polygon","coordinates":[[[-80.05722,44.02262],[-80.05259,44.0223],[-80.04814,44.02132],[-80.04404,44.01975],[-80.04044,44.01762],[-80.03749,44.01504],[-80.0353,44.01209],[-80.03395,44.00889],[-80.03349,44.00556],[-80.03395,44.00223],[-80.0353,43.99902],[-80.03749,43.99607],[-80.04044,43.99349],[-80.04404,43.99136],[-80.04814,43.98979],[-80.05259,43.98882],[-80.05722,43.98849],[-80.06185,43.98882],[-80.0663,43.98979],[-80.07041,43.99136],[-80.074,43.99349],[-80.07695,43.99607],[-80.07915,43.99902],[-80.0805,44.00223],[-80.08095,44.00556],[-80.0805,44.00889],[-80.07915,44.01209],[-80.07695,44.01504],[-80.074,44.01762],[-80.07041,44.01975],[-80.0663,44.02132],[-80.06185,44.0223],[-80.05722,44.02262]]]}},{"type":"Feature","properties":{"ident":"CDT3","name":"Arichat (St. Anne Ladies Auxiliary Hospital) Heliport","airport_type":"heliport","radius_km":1.9},"geometry":{"type":"Polygon","coordinates":[[[-61.03294,45.52844],[-61.02819,45.52811],[-61.02362,45.52714],[-61.01941,45.52556],[-61.01572,45.52344],[-61.01269,45.52085],[-61.01044,45.5179],[-61.00906,45.5147],[-61.00859,45.51137],[-61.00906,45.50804],[-61.01044,45.50484],[-61.01269,45.50189],[-61.01572,45.4993],[-61.01941,45.49718],[-61.02362,45.4956],[-61.02819,45.49463],[-61.03294,45.4943],[-61.0377,45.49463],[-61.04227,45.4956],[-61.04648,45.49718],[-61.05017,45.4993],[-61.0532,45.50189],[-61.05545,45.50484],[-61.05683,45.50804],[-61.0573,45.51137],[-61.05683,45.5147],[-61.05545,45.5179],[-61.0532,45.52085],[-61.05017,45.52344],[-61.04648,45.52556],[-61.04227,45.52714],[-61.0377,45.52811],[-61.03294,45.52844]]]}},{"type":"Feature","properties":{"ident":"CDT6","name":"South Shore Regional Hospital Heliport","airport_type":"heliport","radius_km":1.9},"geometry":{"type":"Polygon","coordinates":[[[-64.51048,44.39918],[-64.50582,44.39885],[-64.50134,44.39788],[-64.49722,44.3963],[-64.4936,44.39418],[-64.49063,44.39159],[-64.48842,44.38864],[-64.48706,44.38544],[-64.4866,44.38211],[-64.48706,44.37878],[-64.48842,44.37558],[-64.49063,44.37263],[-64.4936,44.37004],[-64.49722,44.36792],[-64.50134,44.36634],[-64.50582,44.36537],[-64.51048,44.36504],[-64.51514,44.36537],[-64.51962,44.36634],[-64.52375,44.36792],[-64.52737,44.37004],[-64.53034,44.37263],[-64.53255,44.37558],[-64.53391,44.37878],[-64.53437,44.38211],[-64.53391,44.38544],[-64.53255,44.38864],[-64.53034,44.39159],[-64.52737,44.39418],[-64.52375,44.3963],[-64.51962,44.39788],[-64.51514,44.39885],[-64.51048,44.39918]]]}},{"type":"Feature","properties":{"ident":"CDU2","name":"Dundas Heliport","airport_type":"heliport","radius_km":1.9},"geometry":{"type":"Polygon","coordinates":[[[-80.01833,43.26257],[-80.01376,43.26224],[-80.00937,43.26127],[-80.00532,43.25969],[-80.00176,43.25757],[-79.99885,43.25498],[-79.99669,43.25203],[-79.99535,43.24883],[-79.9949,43.2455],[-79.99535,43.24217],[-79.99669,43.23897],[-79.99885,43.23602],[-80.00176,43.23343],[-80.00532,43.23131],[-80.00937,43.22973],[-80.01376,43.22876],[-80.01833,43.22843],[-80.0229,43.22876],[-80.0273,43.22973],[-80.03135,43.23131],[-80.0349,43.23343],[-80.03782,43.23602],[-80.03998,43.23897],[-80.04131,43.24217],[-80.04176,43.2455],[-80.04131,43.24883],[-80.03998,43.25203],[-80.03782,43.25498],[-80.0349,43.25757],[-80.03135,43.25969],[-80.0273,43.26127],[-80.0229,43.26224],[-80.01833,43.26257]]]}},{"type":"Feature","properties":{"ident":"CDU3","name":"Yarmouth Regional Hospital Heliport","airport_type":"heliport","radius_km":1.9},"geometry":{"type":"Polygon","coordinates":[[[-66.12129,43.86539],[-66.11667,43.86506],[-66.11223,43.86409],[-66.10814,43.86251],[-66.10456,43.86039],[-66.10161,43.8578],[-66.09942,43.85485],[-66.09808,43.85165],[-66.09762,43.84832],[-66.09808,43.84499],[-66.09942,43.84179],[-66.10161,43.83884],[-66.10456,43.83625],[-66.10814,43.83413],[-66.11223,43.83255],[-66.11667,43.83158],[-66.12129,43.83125],[-66.12591,43.83158],[-66.13035,43.83255],[-66.13444,43.83413],[-66.13802,43.83625],[-66.14097,43.83884],[-66.14316,43.84179],[-66.1445,43.84499],[-66.14496,43.84832],[-66.1445,43.85165],[-66.14316,43.85485],[-66.14097,43.8578],[-66.13802,43.86039],[-66.13444,43.86251],[-66.13035,43.86409],[-66.12591,43.86506],[-66.12129,43.86539]]]}},{"type":"Feature","properties":{"ident":"CDU8","name":"Dunsford Heliport","airport_type":"heliport","radius_km":1.9},"geometry":{"type":"Polygon","coordinates":[[[-78.61783,44.51907],[-78.61316,44.51874],[-78.60868,44.51777],[-78.60454,44.51619],[-78.60091,44.51407],[-78.59794,44.51148],[-78.59572,44.50853],[-78.59436,44.50533],[-78.5939,44.502],[-78.59436,44.49867],[-78.59572,44.49547],[-78.59794,44.49252],[-78.60091,44.48993],[-78.60454,44.48781],[-78.60868,44.48623],[-78.61316,44.48526],[-78.61783,44.48493],[-78.6225,44.48526],[-78.62699,44.48623],[-78.63113,44.48781],[-78.63475,44.48993],[-78.63773,44.49252],[-78.63994,44.49547],[-78.6413,44.49867],[-78.64176,44.502],[-78.6413,44.50533],[-78.63994,44.50853],[-78.63773,44.51148],[-78.63475,44.51407],[-78.63113,44.51619],[-78.62699,44.51777],[-78.6225,44.51874],[-78.61783,44.51907]]]}},{"type":"Feature","properties":{"ident":"CDV3","name":"Charlottetown (Queen Elizabeth Hospital) Heliport","airport_type":"heliport","radius_km":1.9},"geometry":{"type":"Polygon","coordinates":[[[-63.09889,46.27256],[-63.09407,46.27223],[-63.08944,46.27126],[-63.08517,46.26968],[-63.08143,46.26756],[-63.07836,46.26498],[-63.07608,46.26202],[-63.07468,46.25882],[-63.0742,46.25549],[-63.07468,46.25216],[-63.07608,46.24896],[-63.07836,46.24601],[-63.08143,46.24342],[-63.08517,46.2413],[-63.08944,46.23972],[-63.09407,46.23875],[-63.09889,46.23843],[-63.1037,46.23875],[-63.10833,46.23972],[-63.1126,46.2413],[-63.11634,46.24342],[-63.11941,46.24601],[-63.12169,46.24896],[-63.1231,46.25216],[-63.12357,46.25549],[-63.1231,46.25882],[-63.12169,46.26202],[-63.11941,46.26498],[-63.11634,46.26756],[-63.1126,46.26968],[-63.10833,46.27126],[-63.1037,46.27223],[-63.09889,46.27256]]]}},{"type":"Feature","properties":{"ident":"CDW3","name":"Hamlet Heliport","airport_type":"heliport","radius_km":1.9},"geometry":{"type":"Polygon","coordinates":[[[-114.02383,50.8434],[-114.01856,50.84307],[-114.01349,50.8421],[-114.00882,50.84052],[-114.00473,50.8384],[-114.00137,50.83582],[-113.99887,50.83286],[-113.99733,50.82966],[-113.99681,50.82633],[-113.99733,50.823],[-113.99887,50.8198],[-114.00137,50.81685],[-114.00473,50.81426],[-114.00882,50.81214],[-114.01349,50.81056],[-114.01856,50.80959],[-114.02383,50.80927],[-114.0291,50.80959],[-114.03417,50.81056],[-114.03884,50.81214],[-114.04294,50.81426],[-114.0463,50.81685],[-114.0488,50.8198],[-114.05033,50.823],[-114.05085,50.82633],[-114.05033,50.82966],[-114.0488,50.83286],[-114.0463,50.83582],[-114.04294,50.8384],[-114.03884,50.84052],[-114.03417,50.8421],[-114.0291,50.84307],[-114.02383,50.8434]]]}},{"type":"Feature","properties":{"ident":"CDY5","name":"St. Martha's Regional Hospital Heliport","airport_type":"heliport","radius_km":1.9},"geometry":{"type":"Polygon","coordinates":[[[-61.98193,45.6439],[-61.97717,45.64358],[-61.97259,45.6426],[-61.96837,45.64103],[-61.96468,45.6389],[-61.96164,45.63632],[-61.95938,45.63337],[-61.958,45.63017],[-61.95753,45.62684],[-61.958,45.62351],[-61.95938,45.6203],[-61.96164,45.61735],[-61.96468,45.61477],[-61.96837,45.61264],[-61.97259,45.61107],[-61.97717,45.6101],[-61.98193,45.60977],[-61.98669,45.6101],[-61.99127,45.61107],[-61.99549,45.61264],[-61.99919,45.61477],[-62.00223,45.61735],[-62.00448,45.6203],[-62.00587,45.62351],[-62.00634,45.62684],[-62.00587,45.63017],[-62.00448,45.63337],[-62.00223,45.63632],[-61.99919,45.6389],[-61.99549,45.64103],[-61.99127,45.6426],[-61.98669,45.64358],[-61.98193,45.6439]]]}},{"type":"Feature","properties":{"ident":"CEC5","name":"Fort Smith (District) Heliport","airport_type":"heliport","radius_km":1.9},"geometry":{"type":"Polygon","coordinates":[[[-111.90897,60.01989],[-111.90231,60.01956],[-111.8959,60.01859],[-111.89,60.01701],[-111.88483,60.01489],[-111.88058,60.0123],[-111.87743,60.00935],[-111.87548,60.00615],[-111.87483,60.00282],[-111.87548,59.99949],[-111.87743,59.99629],[-111.88058,59.99334],[-111.88483,59.99075],[-111.89,59.98863],[-111.8959,59.98705],[-111.90231,59.98608],[-111.90897,59.98575],[-111.91563,59.98608],[-111.92203,59.98705],[-111.92793,59.98863],[-111.93311,59.99075],[-111.93735,59.99334],[-111.94051,59.99629],[-111.94245,59.99949],[-111.94311,60.00282],[-111.94245,60.00615],[-111.94051,60.00935],[-111.93735,60.0123],[-111.93311,60.01489],[-111.92793,60.01701],[-111.92203,60.01859],[-111.91563,60.01956],[-111.90897,60.01989]]]}},{"type":"Feature","properties":{"ident":"CEG6","name":"Nordegg / Ahlstrom Heliport","airport_type":"heliport","radius_km":1.9},"geometry":{"type":"Polygon","coordinates":[[[-116.0841,52.51073],[-116.07863,52.5104],[-116.07338,52.50943],[-116.06853,52.50785],[-116.06428,52.50573],[-116.06079,52.50314],[-116.0582,52.50019],[-116.05661,52.49699],[-116.05607,52.49366],[-116.05661,52.49033],[-116.0582,52.48713],[-116.06079,52.48418],[-116.06428,52.48159],[-116.06853,52.47947],[-116.07338,52.47789],[-116.07863,52.47692],[-116.0841,52.47659],[-116.08957,52.47692],[-116.09483,52.47789],[-116.09968,52.47947],[-116.10393,52.48159],[-116.10741,52.48418],[-116.11,52.48713],[-116.1116,52.49033],[-116.11214,52.49366],[-116.1116,52.49699],[-116.11,52.50019],[-116.10741,52.50314],[-116.10393,52.50573],[-116.09968,52.50785],[-116.09483,52.50943],[-116.08957,52.5104],[-116.0841,52.51073]]]}},{"type":"Feature","properties":{"ident":"CEH8","name":"\u00c9vasion H\u00e9licopt\u00e8re Heliport","airport_type":"heliport","radius_km":1.9},"geometry":{"type":"Polygon","coordinates":[[[-73.6427,45.65767],[-73.63794,45.65734],[-73.63336,45.65637],[-73.62914,45.65479],[-73.62544,45.65267],[-73.6224,45.65008],[-73.62015,45.64713],[-73.61876,45.64393],[-73.61829,45.6406],[-73.61876,45.63727],[-73.62015,45.63407],[-73.6224,45.63112],[-73.62544,45.62853],[-73.62914,45.62641],[-73.63336,45.62483],[-73.63794,45.62386],[-73.6427,45.62353],[-73.64746,45.62386],[-73.65204,45.62483],[-73.65626,45.62641],[-73.65996,45.62853],[-73.663,45.63112],[-73.66526,45.63407],[-73.66665,45.63727],[-73.66711,45.6406],[-73.66665,45.64393],[-73.66526,45.64713],[-73.663,45.65008],[-73.65996,45.65267],[-73.65626,45.65479],[-73.65204,45.65637],[-73.64746,45.65734],[-73.6427,45.65767]]]}},{"type":"Feature","properties":{"ident":"CEH9","name":"Colchester Health Centre Heliport","airport_type":"heliport","radius_km":1.9},"geometry":{"type":"Polygon","coordinates":[[[-63.30546,45.36666],[-63.30073,45.36634],[-63.29617,45.36537],[-63.29197,45.36379],[-63.28829,45.36167],[-63.28527,45.35908],[-63.28303,45.35613],[-63.28165,45.35293],[-63.28118,45.3496],[-63.28165,45.34627],[-63.28303,45.34307],[-63.28527,45.34011],[-63.28829,45.33753],[-63.29197,45.33541],[-63.29617,45.33383],[-63.30073,45.33286],[-63.30546,45.33253],[-63.3102,45.33286],[-63.31476,45.33383],[-63.31896,45.33541],[-63.32264,45.33753],[-63.32566,45.34011],[-63.3279,45.34307],[-63.32928,45.34627],[-63.32975,45.3496],[-63.32928,45.35293],[-63.3279,45.35613],[-63.32566,45.35908],[-63.32264,45.36167],[-63.31896,45.36379],[-63.31476,45.36537],[-63.3102,45.36634],[-63.30546,45.36666]]]}},{"type":"Feature","properties":{"ident":"CEL2","name":"Calgary (City / Bow River) Heliport","airport_type":"heliport","radius_km":1.9},"geometry":{"type":"Polygon","coordinates":[[[-114.07884,51.0699],[-114.07355,51.06957],[-114.06845,51.0686],[-114.06376,51.06703],[-114.05964,51.0649],[-114.05627,51.06232],[-114.05376,51.05937],[-114.05221,51.05616],[-114.05169,51.05283],[-114.05221,51.0495],[-114.05376,51.0463],[-114.05627,51.04335],[-114.05964,51.04077],[-114.06376,51.03864],[-114.06845,51.03707],[-114.07355,51.03609],[-114.07884,51.03577],[-114.08414,51.03609],[-114.08923,51.03707],[-114.09393,51.03864],[-114.09804,51.04077],[-114.10142,51.04335],[-114.10393,51.0463],[-114.10547,51.0495],[-114.106,51.05283],[-114.10547,51.05616],[-114.10393,51.05937],[-114.10142,51.06232],[-114.09804,51.0649],[-114.09393,51.06703],[-114.08923,51.0686],[-114.08414,51.06957],[-114.07884,51.0699]]]}},{"type":"Feature","properties":{"ident":"CEL9","name":"Calgary (Eastlake) Heliport","airport_type":"heliport","radius_km":1.9},"geometry":{"type":"Polygon","coordinates":[[[-113.97287,50.97208],[-113.96758,50.97175],[-113.9625,50.97078],[-113.95781,50.9692],[-113.95371,50.96708],[-113.95034,50.96449],[-113.94783,50.96154],[-113.94629,50.95834],[-113.94577,50.95501],[-113.94629,50.95168],[-113.94783,50.94848],[-113.95034,50.94553],[-113.95371,50.94294],[-113.95781,50.94082],[-113.9625,50.93924],[-113.96758,50.93827],[-113.97287,50.93794],[-113.97815,50.93827],[-113.98324,50.93924],[-113.98792,50.94082],[-113.99203,50.94294],[-113.9954,50.94553],[-113.9979,50.94848],[-113.99944,50.95168],[-113.99996,50.95501],[-113.99944,50.95834],[-113.9979,50.96154],[-113.9954,50.96449],[-113.99203,50.96708],[-113.98792,50.9692],[-113.98324,50.97078],[-113.97815,50.97175],[-113.97287,50.97208]]]}},{"type":"Feature","properties":{"ident":"CEM2","name":"Calgary (Rockyview Hospital) Heliport","airport_type":"heliport","radius_km":1.9},"geometry":{"type":"Polygon","coordinates":[[[-114.0983,51.00535],[-114.09301,51.00502],[-114.08793,51.00405],[-114.08324,51.00247],[-114.07913,51.00035],[-114.07576,50.99776],[-114.07325,50.99481],[-114.07171,50.99161],[-114.07119,50.98828],[-114.07171,50.98495],[-114.07325,50.98175],[-114.07576,50.9788],[-114.07913,50.97621],[-114.08324,50.97409],[-114.08793,50.97251],[-114.09301,50.97154],[-114.0983,50.97121],[-114.10359,50.97154],[-114.10868,50.97251],[-114.11337,50.97409],[-114.11747,50.97621],[-114.12085,50.9788],[-114.12335,50.98175],[-114.1249,50.98495],[-114.12542,50.98828],[-114.1249,50.99161],[-114.12335,50.99481],[-114.12085,50.99776],[-114.11747,51.00035],[-114.11337,51.00247],[-114.10868,51.00405],[-114.10359,51.00502],[-114.0983,51.00535]]]}},{"type":"Feature","properties":{"ident":"CEP2","name":"Calgary (Bow Crow) Heliport","airport_type":"heliport","radius_km":1.9},"geometry":{"type":"Polygon","coordinates":[[[-114.21496,51.12023],[-114.20966,51.1199],[-114.20456,51.11893],[-114.19986,51.11736],[-114.19574,51.11523],[-114.19236,51.11265],[-114.18985,51.1097],[-114.1883,51.10649],[-114.18778,51.10316],[-114.1883,51.09984],[-114.18985,51.09663],[-114.19236,51.09368],[-114.19574,51.0911],[-114.19986,51.08897],[-114.20456,51.0874],[-114.20966,51.08643],[-114.21496,51.0861],[-114.22026,51.08643],[-114.22536,51.0874],[-114.23006,51.08897],[-114.23418,51.0911],[-114.23756,51.09368],[-114.24007,51.09663],[-114.24162,51.09984],[-114.24214,51.10316],[-114.24162,51.10649],[-114.24007,51.1097],[-114.23756,51.11265],[-114.23418,51.11523],[-114.23006,51.11736],[-114.22536,51.11893],[-114.22026,51.1199],[-114.21496,51.12023]]]}},{"type":"Feature","properties":{"ident":"CEP7","name":"Elk Point Health Care Centre Heliport","airport_type":"heliport","radius_km":1.9},"geometry":{"type":"Polygon","coordinates":[[[-110.908,53.91537],[-110.90235,53.91504],[-110.89691,53.91407],[-110.89191,53.91249],[-110.88752,53.91037],[-110.88391,53.90778],[-110.88124,53.90483],[-110.87959,53.90163],[-110.87903,53.8983],[-110.87959,53.89497],[-110.88124,53.89177],[-110.88391,53.88882],[-110.88752,53.88623],[-110.89191,53.88411],[-110.89691,53.88253],[-110.90235,53.88156],[-110.908,53.88123],[-110.91365,53.88156],[-110.91909,53.88253],[-110.92409,53.88411],[-110.92848,53.88623],[-110.93209,53.88882],[-110.93476,53.89177],[-110.93641,53.89497],[-110.93697,53.8983],[-110.93641,53.90163],[-110.93476,53.90483],[-110.93209,53.90778],[-110.92848,53.91037],[-110.92409,53.91249],[-110.91909,53.91407],[-110.91365,53.91504],[-110.908,53.91537]]]}},{"type":"Feature","properties":{"ident":"CEP8","name":"Edmonton (Eastport) Heliport","airport_type":"heliport","radius_km":1.9},"geometry":{"type":"Polygon","coordinates":[[[-113.3322,53.52197],[-113.3266,53.52164],[-113.32122,53.52067],[-113.31626,53.51909],[-113.31191,53.51697],[-113.30834,53.51438],[-113.30569,53.51143],[-113.30405,53.50823],[-113.3035,53.5049],[-113.30405,53.50157],[-113.30569,53.49837],[-113.30834,53.49542],[-113.31191,53.49283],[-113.31626,53.49071],[-113.32122,53.48913],[-113.3266,53.48816],[-113.3322,53.48783],[-113.3378,53.48816],[-113.34318,53.48913],[-113.34814,53.49071],[-113.35249,53.49283],[-113.35606,53.49542],[-113.35871,53.49837],[-113.36035,53.50157],[-113.3609,53.5049],[-113.36035,53.50823],[-113.35871,53.51143],[-113.35606,53.51438],[-113.35249,53.51697],[-113.34814,53.51909],[-113.34318,53.52067],[-113.3378,53.52164],[-113.3322,53.52197]]]}},{"type":"Feature","properties":{"ident":"CES3","name":"Edmonton / St. Albert (Delta Helicopters) Heliport","airport_type":"heliport","radius_km":1.9},"geometry":{"type":"Polygon","coordinates":[[[-113.68719,53.70369],[-113.68157,53.70336],[-113.67616,53.70239],[-113.67118,53.70081],[-113.66681,53.69869],[-113.66323,53.6961],[-113.66056,53.69315],[-113.65892,53.68995],[-113.65837,53.68662],[-113.65892,53.68329],[-113.66056,53.68009],[-113.66323,53.67714],[-113.66681,53.67455],[-113.67118,53.67243],[-113.67616,53.67085],[-113.68157,53.66988],[-113.68719,53.66955],[-113.69281,53.66988],[-113.69822,53.67085],[-113.7032,53.67243],[-113.70757,53.67455],[-113.71116,53.67714],[-113.71382,53.68009],[-113.71546,53.68329],[-113.71601,53.68662],[-113.71546,53.68995],[-113.71382,53.69315],[-113.71116,53.6961],[-113.70757,53.69869],[-113.7032,53.70081],[-113.69822,53.70239],[-113.69281,53.70336],[-113.68719,53.70369]]]}},{"type":"Feature","properties":{"ident":"CES8","name":"Grey Nuns Community Hospital Heliport","airport_type":"heliport","radius_km":1.9},"geometry":{"type":"Polygon","coordinates":[[[-113.4278,53.47936],[-113.42221,53.47903],[-113.41683,53.47806],[-113.41187,53.47648],[-113.40753,53.47436],[-113.40396,53.47177],[-113.40131,53.46882],[-113.39968,53.46562],[-113.39913,53.46229],[-113.39968,53.45896],[-113.40131,53.45576],[-113.40396,53.45281],[-113.40753,53.45022],[-113.41187,53.4481],[-113.41683,53.44652],[-113.42221,53.44555],[-113.4278,53.44522],[-113.43339,53.44555],[-113.43877,53.44652],[-113.44373,53.4481],[-113.44807,53.45022],[-113.45164,53.45281],[-113.45429,53.45576],[-113.45592,53.45896],[-113.45647,53.46229],[-113.45592,53.46562],[-113.45429,53.46882],[-113.45164,53.47177],[-113.44807,53.47436],[-113.44373,53.47648],[-113.43877,53.47806],[-113.43339,53.47903],[-113.4278,53.47936]]]}},{"type":"Feature","properties":{"ident":"CET5","name":"Hay River (District) Heliport","airport_type":"heliport","radius_km":1.9},"geometry":{"type":"Polygon","coordinates":[[[-115.82369,60.80279],[-115.81687,60.80246],[-115.81031,60.80149],[-115.80426,60.79991],[-115.79896,60.79779],[-115.79461,60.79521],[-115.79138,60.79225],[-115.78939,60.78905],[-115.78872,60.78572],[-115.78939,60.78239],[-115.79138,60.77919],[-115.79461,60.77624],[-115.79896,60.77365],[-115.80426,60.77153],[-115.81031,60.76995],[-115.81687,60.76898],[-115.82369,60.76866],[-115.83051,60.76898],[-115.83707,60.76995],[-115.84312,60.77153],[-115.84842,60.77365],[-115.85277,60.77624],[-115.856,60.77919],[-115.85799,60.78239],[-115.85866,60.78572],[-115.85799,60.78905],[-115.856,60.79225],[-115.85277,60.79521],[-115.84842,60.79779],[-115.84312,60.79991],[-115.83707,60.80149],[-115.83051,60.80246],[-115.82369,60.80279]]]}},{"type":"Feature","properties":{"ident":"CEU4","name":"Rocky Mountain House General Hospital Heliport","airport_type":"heliport","radius_km":1.9},"geometry":{"type":"Polygon","coordinates":[[[-114.92096,52.39593],[-114.9155,52.39561],[-114.91026,52.39463],[-114.90542,52.39306],[-114.90118,52.39093],[-114.89771,52.38835],[-114.89512,52.3854],[-114.89353,52.3822],[-114.89299,52.37887],[-114.89353,52.37554],[-114.89512,52.37233],[-114.89771,52.36938],[-114.90118,52.3668],[-114.90542,52.36467],[-114.91026,52.3631],[-114.9155,52.36213],[-114.92096,52.3618],[-114.92641,52.36213],[-114.93165,52.3631],[-114.93649,52.36467],[-114.94073,52.3668],[-114.9442,52.36938],[-114.94679,52.37233],[-114.94838,52.37554],[-114.94892,52.37887],[-114.94838,52.3822],[-114.94679,52.3854],[-114.9442,52.38835],[-114.94073,52.39093],[-114.93649,52.39306],[-114.93165,52.39463],[-114.92641,52.39561],[-114.92096,52.39593]]]}},{"type":"Feature","properties":{"ident":"CEW7","name":"Edmonton / University of Alberta (Stollery Children's Hospital Mahi) Heliport","airport_type":"heliport","radius_km":1.9},"geometry":{"type":"Polygon","coordinates":[[[-113.52531,53.5375],[-113.51971,53.53718],[-113.51432,53.53621],[-113.50936,53.53463],[-113.50501,53.53251],[-113.50144,53.52992],[-113.49879,53.52697],[-113.49715,53.52377],[-113.4966,53.52044],[-113.49715,53.51711],[-113.49879,53.51391],[-113.50144,53.51095],[-113.50501,53.50837],[-113.50936,53.50625],[-113.51432,53.50467],[-113.51971,53.5037],[-113.52531,53.50337],[-113.53091,53.5037],[-113.5363,53.50467],[-113.54126,53.50625],[-113.54561,53.50837],[-113.54918,53.51095],[-113.55183,53.51391],[-113.55347,53.51711],[-113.55402,53.52044],[-113.55347,53.52377],[-113.55183,53.52697],[-113.54918,53.52992],[-113.54561,53.53251],[-113.54126,53.53463],[-113.5363,53.53621],[-113.53091,53.53718],[-113.52531,53.5375]]]}},{"type":"Feature","properties":{"ident":"CEW9","name":"Canmore Municipal Heliport","airport_type":"heliport","radius_km":1.9},"geometry":{"type":"Polygon","coordinates":[[[-115.33771,51.09603],[-115.33241,51.0957],[-115.32731,51.09473],[-115.32262,51.09316],[-115.3185,51.09103],[-115.31512,51.08845],[-115.31261,51.0855],[-115.31107,51.08229],[-115.31054,51.07896],[-115.31107,51.07564],[-115.31261,51.07243],[-115.31512,51.06948],[-115.3185,51.0669],[-115.32262,51.06477],[-115.32731,51.0632],[-115.33241,51.06223],[-115.33771,51.0619],[-115.34301,51.06223],[-115.34811,51.0632],[-115.3528,51.06477],[-115.35692,51.0669],[-115.3603,51.06948],[-115.36281,51.07243],[-115.36436,51.07564],[-115.36488,51.07896],[-115.36436,51.08229],[-115.36281,51.0855],[-115.3603,51.08845],[-115.35692,51.09103],[-115.3528,51.09316],[-115.34811,51.09473],[-115.34301,51.0957],[-115.33771,51.09603]]]}},{"type":"Feature","properties":{"ident":"CEZ9","name":"Grande Prairie (Forestry) Heliport","airport_type":"heliport","radius_km":1.9},"geometry":{"type":"Polygon","coordinates":[[[-118.8225,55.17067],[-118.81667,55.17034],[-118.81107,55.16937],[-118.80591,55.16779],[-118.80138,55.16567],[-118.79766,55.16308],[-118.7949,55.16013],[-118.7932,55.15693],[-118.79263,55.1536],[-118.7932,55.15027],[-118.7949,55.14707],[-118.79766,55.14412],[-118.80138,55.14153],[-118.80591,55.13941],[-118.81107,55.13783],[-118.81667,55.13686],[-118.8225,55.13653],[-118.82833,55.13686],[-118.83393,55.13783],[-118.8391,55.13941],[-118.84362,55.14153],[-118.84734,55.14412],[-118.8501,55.14707],[-118.8518,55.15027],[-118.85237,55.1536],[-118.8518,55.15693],[-118.8501,55.16013],[-118.84734,55.16308],[-118.84362,55.16567],[-118.8391,55.16779],[-118.83393,55.16937],[-118.82833,55.17034],[-118.8225,55.17067]]]}},{"type":"Feature","properties":{"ident":"CFA2","name":"Fig Air Heliport","airport_type":"heliport","radius_km":1.9},"geometry":{"type":"Polygon","coordinates":[[[-79.5378,45.14507],[-79.53308,45.14474],[-79.52854,45.14377],[-79.52436,45.14219],[-79.52069,45.14007],[-79.51769,45.13748],[-79.51545,45.13453],[-79.51407,45.13133],[-79.51361,45.128],[-79.51407,45.12467],[-79.51545,45.12147],[-79.51769,45.11852],[-79.52069,45.11593],[-79.52436,45.11381],[-79.52854,45.11223],[-79.53308,45.11126],[-79.5378,45.11093],[-79.54252,45.11126],[-79.54706,45.11223],[-79.55124,45.11381],[-79.55491,45.11593],[-79.55791,45.11852],[-79.56015,45.12147],[-79.56153,45.12467],[-79.56199,45.128],[-79.56153,45.13133],[-79.56015,45.13453],[-79.55791,45.13748],[-79.55491,45.14007],[-79.55124,45.14219],[-79.54706,45.14377],[-79.54252,45.14474],[-79.5378,45.14507]]]}},{"type":"Feature","properties":{"ident":"CFA8","name":"Three Hills (Hospital) Heliport","airport_type":"heliport","radius_km":1.9},"geometry":{"type":"Polygon","coordinates":[[[-113.25188,51.72575],[-113.24651,51.72542],[-113.24134,51.72445],[-113.23658,51.72287],[-113.2324,51.72075],[-113.22898,51.71816],[-113.22643,51.71521],[-113.22487,51.71201],[-113.22434,51.70868],[-113.22487,51.70535],[-113.22643,51.70215],[-113.22898,51.6992],[-113.2324,51.69661],[-113.23658,51.69449],[-113.24134,51.69291],[-113.24651,51.69194],[-113.25188,51.69161],[-113.25725,51.69194],[-113.26242,51.69291],[-113.26718,51.69449],[-113.27136,51.69661],[-113.27478,51.6992],[-113.27733,51.70215],[-113.27889,51.70535],[-113.27942,51.70868],[-113.27889,51.71201],[-113.27733,51.71521],[-113.27478,51.71816],[-113.27136,51.72075],[-113.26718,51.72287],[-113.26242,51.72445],[-113.25725,51.72542],[-113.25188,51.72575]]]}},{"type":"Feature","properties":{"ident":"CFB2","name":"Frank Channel (Forestry) Heliport","airport_type":"heliport","radius_km":1.9},"geometry":{"type":"Polygon","coordinates":[[[-115.9455,62.80341],[-115.93822,62.80308],[-115.93122,62.80211],[-115.92476,62.80054],[-115.91911,62.79841],[-115.91447,62.79583],[-115.91102,62.79288],[-115.90889,62.78967],[-115.90818,62.78634],[-115.90889,62.78302],[-115.91102,62.77981],[-115.91447,62.77686],[-115.91911,62.77428],[-115.92476,62.77215],[-115.93122,62.77058],[-115.93822,62.76961],[-115.9455,62.76928],[-115.95278,62.76961],[-115.95978,62.77058],[-115.96623,62.77215],[-115.97189,62.77428],[-115.97653,62.77686],[-115.97998,62.77981],[-115.9821,62.78302],[-115.98282,62.78634],[-115.9821,62.78967],[-115.97998,62.79288],[-115.97653,62.79583],[-115.97189,62.79841],[-115.96623,62.80054],[-115.95978,62.80211],[-115.95278,62.80308],[-115.9455,62.80341]]]}},{"type":"Feature","properties":{"ident":"CFD8","name":"Fort Simpson (Great Slave No. 2) Heliport","airport_type":"heliport","radius_km":1.9},"geometry":{"type":"Polygon","coordinates":[[[-121.32573,61.85399],[-121.31867,61.85366],[-121.31189,61.85269],[-121.30564,61.85111],[-121.30016,61.84899],[-121.29566,61.8464],[-121.29232,61.84345],[-121.29026,61.84025],[-121.28957,61.83692],[-121.29026,61.83359],[-121.29232,61.83039],[-121.29566,61.82744],[-121.30016,61.82485],[-121.30564,61.82273],[-121.31189,61.82115],[-121.31867,61.82018],[-121.32573,61.81985],[-121.33278,61.82018],[-121.33957,61.82115],[-121.34582,61.82273],[-121.3513,61.82485],[-121.3558,61.82744],[-121.35914,61.83039],[-121.3612,61.83359],[-121.36189,61.83692],[-121.3612,61.84025],[-121.35914,61.84345],[-121.3558,61.8464],[-121.3513,61.84899],[-121.34582,61.85111],[-121.33957,61.85269],[-121.33278,61.85366],[-121.32573,61.85399]]]}},{"type":"Feature","properties":{"ident":"CFE7","name":"Kananaskis Village Helistop","airport_type":"heliport","radius_km":1.9},"geometry":{"type":"Polygon","coordinates":[[[-115.14405,50.94062],[-115.13877,50.94029],[-115.13369,50.93932],[-115.12901,50.93774],[-115.1249,50.93562],[-115.12153,50.93303],[-115.11903,50.93008],[-115.11749,50.92688],[-115.11697,50.92355],[-115.11749,50.92022],[-115.11903,50.91702],[-115.12153,50.91407],[-115.1249,50.91148],[-115.12901,50.90936],[-115.13369,50.90778],[-115.13877,50.90681],[-115.14405,50.90648],[-115.14933,50.90681],[-115.15441,50.90778],[-115.15909,50.90936],[-115.16319,50.91148],[-115.16656,50.91407],[-115.16906,50.91702],[-115.1706,50.92022],[-115.17112,50.92355],[-115.1706,50.92688],[-115.16906,50.93008],[-115.16656,50.93303],[-115.16319,50.93562],[-115.15909,50.93774],[-115.15441,50.93932],[-115.14933,50.94029],[-115.14405,50.94062]]]}},{"type":"Feature","properties":{"ident":"CFF7","name":"Wainwright / Camp Wainwright Field","airport_type":"heliport","radius_km":1.9},"geometry":{"type":"Polygon","coordinates":[[[-110.90428,52.845],[-110.89877,52.84467],[-110.89347,52.8437],[-110.88858,52.84213],[-110.8843,52.84],[-110.88079,52.83742],[-110.87818,52.83447],[-110.87657,52.83126],[-110.87603,52.82793],[-110.87657,52.8246],[-110.87818,52.8214],[-110.88079,52.81845],[-110.8843,52.81586],[-110.88858,52.81374],[-110.89347,52.81216],[-110.89877,52.81119],[-110.90428,52.81087],[-110.90979,52.81119],[-110.91509,52.81216],[-110.91997,52.81374],[-110.92425,52.81586],[-110.92777,52.81845],[-110.93038,52.8214],[-110.93198,52.8246],[-110.93253,52.82793],[-110.93198,52.83126],[-110.93038,52.83447],[-110.92777,52.83742],[-110.92425,52.84],[-110.91997,52.84213],[-110.91509,52.8437],[-110.90979,52.84467],[-110.90428,52.845]]]}},{"type":"Feature","properties":{"ident":"CFH2","name":"Frontline Helicopters Heliport","airport_type":"heliport","radius_km":1.9},"geometry":{"type":"Polygon","coordinates":[[[-121.8122,51.98167],[-121.8068,51.98134],[-121.8016,51.98037],[-121.79681,51.97879],[-121.79261,51.97667],[-121.78917,51.97408],[-121.78661,51.97113],[-121.78503,51.96793],[-121.7845,51.9646],[-121.78503,51.96127],[-121.78661,51.95807],[-121.78917,51.95512],[-121.79261,51.95253],[-121.79681,51.95041],[-121.8016,51.94883],[-121.8068,51.94786],[-121.8122,51.94753],[-121.81761,51.94786],[-121.8228,51.94883],[-121.82759,51.95041],[-121.83179,51.95253],[-121.83523,51.95512],[-121.83779,51.95807],[-121.83937,51.96127],[-121.8399,51.9646],[-121.83937,51.96793],[-121.83779,51.97113],[-121.83523,51.97408],[-121.83179,51.97667],[-121.82759,51.97879],[-121.8228,51.98037],[-121.81761,51.98134],[-121.8122,51.98167]]]}},{"type":"Feature","properties":{"ident":"CFH7","name":"Edmonton (Royal Alexandra Hospital) Heliport","airport_type":"heliport","radius_km":1.9},"geometry":{"type":"Polygon","coordinates":[[[-113.49656,53.57498],[-113.49095,53.57465],[-113.48556,53.57368],[-113.4806,53.5721],[-113.47624,53.56998],[-113.47267,53.56739],[-113.47001,53.56444],[-113.46838,53.56124],[-113.46783,53.55791],[-113.46838,53.55458],[-113.47001,53.55138],[-113.47267,53.54843],[-113.47624,53.54584],[-113.4806,53.54372],[-113.48556,53.54214],[-113.49095,53.54117],[-113.49656,53.54084],[-113.50216,53.54117],[-113.50755,53.54214],[-113.51252,53.54372],[-113.51688,53.54584],[-113.52045,53.54843],[-113.5231,53.55138],[-113.52474,53.55458],[-113.52529,53.55791],[-113.52474,53.56124],[-113.5231,53.56444],[-113.52045,53.56739],[-113.51688,53.56998],[-113.51252,53.5721],[-113.50755,53.57368],[-113.50216,53.57465],[-113.49656,53.57498]]]}},{"type":"Feature","properties":{"ident":"CFJ7","name":"Fort St. John (Hospital) Heliport","airport_type":"heliport","radius_km":1.9},"geometry":{"type":"Polygon","coordinates":[[[-120.842,56.26377],[-120.83601,56.26344],[-120.83025,56.26247],[-120.82494,56.26089],[-120.82028,56.25877],[-120.81646,56.25618],[-120.81362,56.25323],[-120.81187,56.25003],[-120.81128,56.2467],[-120.81187,56.24337],[-120.81362,56.24017],[-120.81646,56.23722],[-120.82028,56.23463],[-120.82494,56.23251],[-120.83025,56.23093],[-120.83601,56.22996],[-120.842,56.22963],[-120.848,56.22996],[-120.85376,56.23093],[-120.85907,56.23251],[-120.86372,56.23463],[-120.86754,56.23722],[-120.87038,56.24017],[-120.87213,56.24337],[-120.87272,56.2467],[-120.87213,56.25003],[-120.87038,56.25323],[-120.86754,56.25618],[-120.86372,56.25877],[-120.85907,56.26089],[-120.85376,56.26247],[-120.848,56.26344],[-120.842,56.26377]]]}},{"type":"Feature","properties":{"ident":"CFL3","name":"Black Diamond (Oilfields General Hospital) Heliport","airport_type":"heliport","radius_km":1.9},"geometry":{"type":"Polygon","coordinates":[[[-114.234,50.69597],[-114.22875,50.69564],[-114.22369,50.69467],[-114.21904,50.69309],[-114.21496,50.69097],[-114.21161,50.68838],[-114.20912,50.68543],[-114.20758,50.68223],[-114.20707,50.6789],[-114.20758,50.67557],[-114.20912,50.67237],[-114.21161,50.66942],[-114.21496,50.66683],[-114.21904,50.66471],[-114.22369,50.66313],[-114.22875,50.66216],[-114.234,50.66183],[-114.23926,50.66216],[-114.24431,50.66313],[-114.24897,50.66471],[-114.25305,50.66683],[-114.2564,50.66942],[-114.25889,50.67237],[-114.26042,50.67557],[-114.26094,50.6789],[-114.26042,50.68223],[-114.25889,50.68543],[-114.2564,50.68838],[-114.25305,50.69097],[-114.24897,50.69309],[-114.24431,50.69467],[-114.23926,50.69564],[-114.234,50.69597]]]}},{"type":"Feature","properties":{"ident":"CFM9","name":"Fort Macleod (Hospital) Heliport","airport_type":"heliport","radius_km":1.9},"geometry":{"type":"Polygon","coordinates":[[[-113.39286,49.74304],[-113.38771,49.74271],[-113.38275,49.74174],[-113.37819,49.74017],[-113.37419,49.73804],[-113.3709,49.73546],[-113.36847,49.73251],[-113.36696,49.7293],[-113.36646,49.72597],[-113.36696,49.72265],[-113.36847,49.71944],[-113.3709,49.71649],[-113.37419,49.71391],[-113.37819,49.71178],[-113.38275,49.71021],[-113.38771,49.70924],[-113.39286,49.70891],[-113.39801,49.70924],[-113.40296,49.71021],[-113.40753,49.71178],[-113.41153,49.71391],[-113.41481,49.71649],[-113.41725,49.71944],[-113.41875,49.72265],[-113.41926,49.72597],[-113.41875,49.7293],[-113.41725,49.73251],[-113.41481,49.73546],[-113.41153,49.73804],[-113.40753,49.74017],[-113.40296,49.74174],[-113.39801,49.74271],[-113.39286,49.74304]]]}},{"type":"Feature","properties":{"ident":"CFN8","name":"Fort Nelson (Guardian) Heliport","airport_type":"heliport","radius_km":1.9},"geometry":{"type":"Polygon","coordinates":[[[-122.687,58.76927],[-122.68058,58.76894],[-122.67441,58.76797],[-122.66872,58.76639],[-122.66373,58.76427],[-122.65964,58.76168],[-122.6566,58.75873],[-122.65473,58.75553],[-122.65409,58.7522],[-122.65473,58.74887],[-122.6566,58.74567],[-122.65964,58.74272],[-122.66373,58.74013],[-122.66872,58.73801],[-122.67441,58.73643],[-122.68058,58.73546],[-122.687,58.73513],[-122.69342,58.73546],[-122.69959,58.73643],[-122.70528,58.73801],[-122.71026,58.74013],[-122.71435,58.74272],[-122.71739,58.74567],[-122.71927,58.74887],[-122.7199,58.7522],[-122.71927,58.75553],[-122.71739,58.75873],[-122.71435,58.76168],[-122.71026,58.76427],[-122.70528,58.76639],[-122.69959,58.76797],[-122.69342,58.76894],[-122.687,58.76927]]]}},{"type":"Feature","properties":{"ident":"CFR6","name":"Vancouver / Coquitlam Fire and Rescue Heliport","airport_type":"heliport","radius_km":1.9},"geometry":{"type":"Polygon","coordinates":[[[-122.79215,49.30868],[-122.78704,49.30836],[-122.78213,49.30738],[-122.77761,49.30581],[-122.77364,49.30368],[-122.77039,49.3011],[-122.76797,49.29815],[-122.76648,49.29495],[-122.76598,49.29162],[-122.76648,49.28829],[-122.76797,49.28508],[-122.77039,49.28213],[-122.77364,49.27955],[-122.77761,49.27742],[-122.78213,49.27585],[-122.78704,49.27488],[-122.79215,49.27455],[-122.79725,49.27488],[-122.80216,49.27585],[-122.80669,49.27742],[-122.81065,49.27955],[-122.81391,49.28213],[-122.81633,49.28508],[-122.81781,49.28829],[-122.81832,49.29162],[-122.81781,49.29495],[-122.81633,49.29815],[-122.81391,49.3011],[-122.81065,49.30368],[-122.80669,49.30581],[-122.80216,49.30738],[-122.79725,49.30836],[-122.79215,49.30868]]]}},{"type":"Feature","properties":{"ident":"CFS2","name":"Fort Simpson (Great Slave No. 1) Heliport","airport_type":"heliport","radius_km":1.9},"geometry":{"type":"Polygon","coordinates":[[[-121.32806,61.85537],[-121.32101,61.85504],[-121.31422,61.85407],[-121.30797,61.85249],[-121.30249,61.85037],[-121.29799,61.84778],[-121.29465,61.84483],[-121.29259,61.84163],[-121.2919,61.8383],[-121.29259,61.83497],[-121.29465,61.83177],[-121.29799,61.82882],[-121.30249,61.82623],[-121.30797,61.82411],[-121.31422,61.82253],[-121.32101,61.82156],[-121.32806,61.82123],[-121.33512,61.82156],[-121.3419,61.82253],[-121.34815,61.82411],[-121.35363,61.82623],[-121.35813,61.82882],[-121.36147,61.83177],[-121.36353,61.83497],[-121.36423,61.8383],[-121.36353,61.84163],[-121.36147,61.84483],[-121.35813,61.84778],[-121.35363,61.85037],[-121.34815,61.85249],[-121.3419,61.85407],[-121.33512,61.85504],[-121.32806,61.85537]]]}},{"type":"Feature","properties":{"ident":"CFU9","name":"Olds (Hospital) Heliport","airport_type":"heliport","radius_km":1.9},"geometry":{"type":"Polygon","coordinates":[[[-114.11689,51.81848],[-114.1115,51.81815],[-114.10632,51.81718],[-114.10155,51.8156],[-114.09737,51.81348],[-114.09394,51.81089],[-114.09139,51.80794],[-114.08982,51.80474],[-114.08929,51.80141],[-114.08982,51.79808],[-114.09139,51.79488],[-114.09394,51.79193],[-114.09737,51.78934],[-114.10155,51.78722],[-114.10632,51.78564],[-114.1115,51.78467],[-114.11689,51.78434],[-114.12227,51.78467],[-114.12745,51.78564],[-114.13222,51.78722],[-114.1364,51.78934],[-114.13984,51.79193],[-114.14239,51.79488],[-114.14396,51.79808],[-114.14449,51.80141],[-114.14396,51.80474],[-114.14239,51.80794],[-114.13984,51.81089],[-114.1364,51.81348],[-114.13222,51.8156],[-114.12745,51.81718],[-114.12227,51.81815],[-114.11689,51.81848]]]}},{"type":"Feature","properties":{"ident":"CFV7","name":"Claresholm (General Hospital) Heliport","airport_type":"heliport","radius_km":1.9},"geometry":{"type":"Polygon","coordinates":[[[-113.58294,50.03537],[-113.57776,50.03504],[-113.57278,50.03407],[-113.56818,50.03249],[-113.56416,50.03037],[-113.56086,50.02778],[-113.5584,50.02483],[-113.55689,50.02163],[-113.55638,50.0183],[-113.55689,50.01497],[-113.5584,50.01177],[-113.56086,50.00882],[-113.56416,50.00623],[-113.56818,50.00411],[-113.57278,50.00253],[-113.57776,50.00156],[-113.58294,50.00123],[-113.58812,50.00156],[-113.59311,50.00253],[-113.5977,50.00411],[-113.60172,50.00623],[-113.60503,50.00882],[-113.60748,50.01177],[-113.60899,50.01497],[-113.60951,50.0183],[-113.60899,50.02163],[-113.60748,50.02483],[-113.60503,50.02778],[-113.60172,50.03037],[-113.5977,50.03249],[-113.59311,50.03407],[-113.58812,50.03504],[-113.58294,50.03537]]]}},{"type":"Feature","properties":{"ident":"CFV8","name":"Brooks (Community Health Centre) Heliport","airport_type":"heliport","radius_km":1.9},"geometry":{"type":"Polygon","coordinates":[[[-111.88831,50.58572],[-111.88307,50.58539],[-111.87803,50.58442],[-111.87338,50.58284],[-111.86931,50.58072],[-111.86597,50.57813],[-111.86349,50.57518],[-111.86196,50.57198],[-111.86144,50.56865],[-111.86196,50.56532],[-111.86349,50.56212],[-111.86597,50.55917],[-111.86931,50.55658],[-111.87338,50.55446],[-111.87803,50.55288],[-111.88307,50.55191],[-111.88831,50.55158],[-111.89355,50.55191],[-111.8986,50.55288],[-111.90324,50.55446],[-111.90731,50.55658],[-111.91066,50.55917],[-111.91314,50.56212],[-111.91467,50.56532],[-111.91518,50.56865],[-111.91467,50.57198],[-111.91314,50.57518],[-111.91066,50.57813],[-111.90731,50.58072],[-111.90324,50.58284],[-111.8986,50.58442],[-111.89355,50.58539],[-111.88831,50.58572]]]}},{"type":"Feature","properties":{"ident":"CFV9","name":"Drayton Valley (Health Centre) Heliport","airport_type":"heliport","radius_km":1.9},"geometry":{"type":"Polygon","coordinates":[[[-114.971,53.22877],[-114.96544,53.22844],[-114.96009,53.22747],[-114.95517,53.22589],[-114.95085,53.22377],[-114.9473,53.22118],[-114.94467,53.21823],[-114.94305,53.21503],[-114.9425,53.2117],[-114.94305,53.20837],[-114.94467,53.20517],[-114.9473,53.20222],[-114.95085,53.19963],[-114.95517,53.19751],[-114.96009,53.19593],[-114.96544,53.19496],[-114.971,53.19463],[-114.97656,53.19496],[-114.98191,53.19593],[-114.98684,53.19751],[-114.99115,53.19963],[-114.9947,53.20222],[-114.99733,53.20517],[-114.99895,53.20837],[-114.9995,53.2117],[-114.99895,53.21503],[-114.99733,53.21823],[-114.9947,53.22118],[-114.99115,53.22377],[-114.98684,53.22589],[-114.98191,53.22747],[-114.97656,53.22844],[-114.971,53.22877]]]}},{"type":"Feature","properties":{"ident":"CFW8","name":"Grand Falls-Windsor Heliport","airport_type":"heliport","radius_km":1.9},"geometry":{"type":"Polygon","coordinates":[[[-55.64729,48.94186],[-55.64223,48.94154],[-55.63735,48.94056],[-55.63286,48.93899],[-55.62892,48.93686],[-55.62569,48.93428],[-55.62329,48.93133],[-55.62182,48.92813],[-55.62132,48.9248],[-55.62182,48.92147],[-55.62329,48.91826],[-55.62569,48.91531],[-55.62892,48.91273],[-55.63286,48.9106],[-55.63735,48.90903],[-55.64223,48.90806],[-55.64729,48.90773],[-55.65236,48.90806],[-55.65723,48.90903],[-55.66172,48.9106],[-55.66566,48.91273],[-55.66889,48.91531],[-55.67129,48.91826],[-55.67277,48.92147],[-55.67327,48.9248],[-55.67277,48.92813],[-55.67129,48.93133],[-55.66889,48.93428],[-55.66566,48.93686],[-55.66172,48.93899],[-55.65723,48.94056],[-55.65236,48.94154],[-55.64729,48.94186]]]}},{"type":"Feature","properties":{"ident":"CGB4","name":"Nanaimo/Gabriola Island (Health Clinic) Heliport","airport_type":"heliport","radius_km":1.9},"geometry":{"type":"Polygon","coordinates":[[[-123.83533,49.1954],[-123.83024,49.19507],[-123.82534,49.1941],[-123.82082,49.19252],[-123.81687,49.1904],[-123.81362,49.18782],[-123.81121,49.18486],[-123.80972,49.18166],[-123.80922,49.17833],[-123.80972,49.175],[-123.81121,49.1718],[-123.81362,49.16885],[-123.81687,49.16626],[-123.82082,49.16414],[-123.82534,49.16256],[-123.83024,49.16159],[-123.83533,49.16127],[-123.84042,49.16159],[-123.84532,49.16256],[-123.84984,49.16414],[-123.85379,49.16626],[-123.85704,49.16885],[-123.85945,49.1718],[-123.86094,49.175],[-123.86144,49.17833],[-123.86094,49.18166],[-123.85945,49.18486],[-123.85704,49.18782],[-123.85379,49.1904],[-123.84984,49.19252],[-123.84532,49.1941],[-123.84042,49.19507],[-123.83533,49.1954]]]}},{"type":"Feature","properties":{"ident":"CGF4","name":"Boundary Hospital Heliport","airport_type":"heliport","radius_km":1.9},"geometry":{"type":"Polygon","coordinates":[[[-118.46989,49.04768],[-118.46482,49.04735],[-118.45993,49.04638],[-118.45543,49.04481],[-118.45149,49.04268],[-118.44825,49.0401],[-118.44584,49.03715],[-118.44436,49.03394],[-118.44386,49.03061],[-118.44436,49.02729],[-118.44584,49.02408],[-118.44825,49.02113],[-118.45149,49.01855],[-118.45543,49.01642],[-118.45993,49.01485],[-118.46482,49.01388],[-118.46989,49.01355],[-118.47497,49.01388],[-118.47986,49.01485],[-118.48436,49.01642],[-118.4883,49.01855],[-118.49154,49.02113],[-118.49394,49.02408],[-118.49543,49.02729],[-118.49593,49.03061],[-118.49543,49.03394],[-118.49394,49.03715],[-118.49154,49.0401],[-118.4883,49.04268],[-118.48436,49.04481],[-118.47986,49.04638],[-118.47497,49.04735],[-118.46989,49.04768]]]}},{"type":"Feature","properties":{"ident":"CGH2","name":"James Paton Memorial Regional Health Centre Heliport","airport_type":"heliport","radius_km":1.9},"geometry":{"type":"Polygon","coordinates":[[[-54.62737,48.97227],[-54.6223,48.97194],[-54.61743,48.97097],[-54.61293,48.96939],[-54.60899,48.96727],[-54.60576,48.96468],[-54.60336,48.96173],[-54.60188,48.95853],[-54.60138,48.9552],[-54.60188,48.95187],[-54.60336,48.94867],[-54.60576,48.94572],[-54.60899,48.94313],[-54.61293,48.94101],[-54.61743,48.93943],[-54.6223,48.93846],[-54.62737,48.93813],[-54.63244,48.93846],[-54.63732,48.93943],[-54.64181,48.94101],[-54.64575,48.94313],[-54.64899,48.94572],[-54.65139,48.94867],[-54.65287,48.95187],[-54.65337,48.9552],[-54.65287,48.95853],[-54.65139,48.96173],[-54.64899,48.96468],[-54.64575,48.96727],[-54.64181,48.96939],[-54.63732,48.97097],[-54.63244,48.97194],[-54.62737,48.97227]]]}},{"type":"Feature","properties":{"ident":"CGL5","name":"Gun Lake Heliport","airport_type":"heliport","radius_km":1.9},"geometry":{"type":"Polygon","coordinates":[[[-122.847,50.90677],[-122.84172,50.90644],[-122.83665,50.90547],[-122.83197,50.90389],[-122.82787,50.90177],[-122.8245,50.89918],[-122.822,50.89623],[-122.82046,50.89303],[-122.81994,50.8897],[-122.82046,50.88637],[-122.822,50.88317],[-122.8245,50.88022],[-122.82787,50.87763],[-122.83197,50.87551],[-122.83665,50.87393],[-122.84172,50.87296],[-122.847,50.87263],[-122.85228,50.87296],[-122.85735,50.87393],[-122.86203,50.87551],[-122.86613,50.87763],[-122.8695,50.88022],[-122.872,50.88317],[-122.87354,50.88637],[-122.87406,50.8897],[-122.87354,50.89303],[-122.872,50.89623],[-122.8695,50.89918],[-122.86613,50.90177],[-122.86203,50.90389],[-122.85735,50.90547],[-122.85228,50.90644],[-122.847,50.90677]]]}},{"type":"Feature","properties":{"ident":"CGL6","name":"Vancouver / Burnaby (Global BC) Heliport","airport_type":"heliport","radius_km":1.9},"geometry":{"type":"Polygon","coordinates":[[[-122.93518,49.27167],[-122.93008,49.27134],[-122.92517,49.27037],[-122.92065,49.26879],[-122.91669,49.26667],[-122.91343,49.26408],[-122.91102,49.26113],[-122.90953,49.25793],[-122.90903,49.2546],[-122.90953,49.25127],[-122.91102,49.24807],[-122.91343,49.24512],[-122.91669,49.24253],[-122.92065,49.24041],[-122.92517,49.23883],[-122.93008,49.23786],[-122.93518,49.23753],[-122.94028,49.23786],[-122.94518,49.23883],[-122.94971,49.24041],[-122.95367,49.24253],[-122.95692,49.24512],[-122.95934,49.24807],[-122.96082,49.25127],[-122.96133,49.2546],[-122.96082,49.25793],[-122.95934,49.26113],[-122.95692,49.26408],[-122.95367,49.26667],[-122.94971,49.26879],[-122.94518,49.27037],[-122.94028,49.27134],[-122.93518,49.27167]]]}},{"type":"Feature","properties":{"ident":"CGM2","name":"Smoky Lake (George Mcdougall Health Centre) Heliport","airport_type":"heliport","radius_km":1.9},"geometry":{"type":"Polygon","coordinates":[[[-112.466,54.13897],[-112.46032,54.13864],[-112.45486,54.13767],[-112.44982,54.13609],[-112.44541,54.13397],[-112.44179,54.13138],[-112.4391,54.12843],[-112.43744,54.12523],[-112.43688,54.1219],[-112.43744,54.11857],[-112.4391,54.11537],[-112.44179,54.11242],[-112.44541,54.10983],[-112.44982,54.10771],[-112.45486,54.10613],[-112.46032,54.10516],[-112.466,54.10483],[-112.47169,54.10516],[-112.47715,54.10613],[-112.48218,54.10771],[-112.4866,54.10983],[-112.49022,54.11242],[-112.49291,54.11537],[-112.49457,54.11857],[-112.49513,54.1219],[-112.49457,54.12523],[-112.49291,54.12843],[-112.49022,54.13138],[-112.4866,54.13397],[-112.48218,54.13609],[-112.47715,54.13767],[-112.47169,54.13864],[-112.466,54.13897]]]}},{"type":"Feature","properties":{"ident":"CGP2","name":"Queen Elizabeth II Hospital Helipad","airport_type":"heliport","radius_km":1.9},"geometry":{"type":"Polygon","coordinates":[[[-118.78757,55.19304],[-118.78174,55.19271],[-118.77613,55.19174],[-118.77096,55.19016],[-118.76644,55.18804],[-118.76272,55.18545],[-118.75996,55.1825],[-118.75826,55.1793],[-118.75768,55.17597],[-118.75826,55.17264],[-118.75996,55.16944],[-118.76272,55.16649],[-118.76644,55.1639],[-118.77096,55.16178],[-118.77613,55.1602],[-118.78174,55.15923],[-118.78757,55.1589],[-118.7934,55.15923],[-118.79901,55.1602],[-118.80418,55.16178],[-118.8087,55.1639],[-118.81242,55.16649],[-118.81518,55.16944],[-118.81688,55.17264],[-118.81746,55.17597],[-118.81688,55.1793],[-118.81518,55.1825],[-118.81242,55.18545],[-118.8087,55.18804],[-118.80418,55.19016],[-118.79901,55.19174],[-118.7934,55.19271],[-118.78757,55.19304]]]}},{"type":"Feature","properties":{"ident":"CGP4","name":"Grand Prairie Regional Hospital","airport_type":"heliport","radius_km":1.9},"geometry":{"type":"Polygon","coordinates":[[[-118.82406,55.19683],[-118.81822,55.1965],[-118.81262,55.19553],[-118.80745,55.19395],[-118.80292,55.19183],[-118.7992,55.18924],[-118.79644,55.18629],[-118.79474,55.18309],[-118.79416,55.17976],[-118.79474,55.17643],[-118.79644,55.17323],[-118.7992,55.17028],[-118.80292,55.16769],[-118.80745,55.16557],[-118.81262,55.16399],[-118.81822,55.16302],[-118.82406,55.16269],[-118.82989,55.16302],[-118.83549,55.16399],[-118.84066,55.16557],[-118.84519,55.16769],[-118.84891,55.17028],[-118.85167,55.17323],[-118.85337,55.17643],[-118.85395,55.17976],[-118.85337,55.18309],[-118.85167,55.18629],[-118.84891,55.18924],[-118.84519,55.19183],[-118.84066,55.19395],[-118.83549,55.19553],[-118.82989,55.1965],[-118.82406,55.19683]]]}},{"type":"Feature","properties":{"ident":"CGR2","name":"Gold River (E & B Helicopters) Heliport","airport_type":"heliport","radius_km":1.9},"geometry":{"type":"Polygon","coordinates":[[[-126.05563,49.77038],[-126.05047,49.77005],[-126.04552,49.76908],[-126.04095,49.7675],[-126.03695,49.76538],[-126.03366,49.76279],[-126.03122,49.75984],[-126.02972,49.75664],[-126.02921,49.75331],[-126.02972,49.74998],[-126.03122,49.74678],[-126.03366,49.74383],[-126.03695,49.74124],[-126.04095,49.73912],[-126.04552,49.73754],[-126.05047,49.73657],[-126.05563,49.73624],[-126.06078,49.73657],[-126.06574,49.73754],[-126.0703,49.73912],[-126.07431,49.74124],[-126.07759,49.74383],[-126.08003,49.74678],[-126.08154,49.74998],[-126.08204,49.75331],[-126.08154,49.75664],[-126.08003,49.75984],[-126.07759,49.76279],[-126.07431,49.76538],[-126.0703,49.7675],[-126.06574,49.76908],[-126.06078,49.77005],[-126.05563,49.77038]]]}},{"type":"Feature","properties":{"ident":"CGR4","name":"The Ridge Heliport","airport_type":"heliport","radius_km":1.9},"geometry":{"type":"Polygon","coordinates":[[[-126.0437,49.80027],[-126.03854,49.79994],[-126.03359,49.79897],[-126.02902,49.79739],[-126.02501,49.79527],[-126.02172,49.79268],[-126.01928,49.78973],[-126.01777,49.78653],[-126.01727,49.7832],[-126.01777,49.77987],[-126.01928,49.77667],[-126.02172,49.77372],[-126.02501,49.77113],[-126.02902,49.76901],[-126.03359,49.76743],[-126.03854,49.76646],[-126.0437,49.76613],[-126.04886,49.76646],[-126.05382,49.76743],[-126.05839,49.76901],[-126.06239,49.77113],[-126.06568,49.77372],[-126.06812,49.77667],[-126.06963,49.77987],[-126.07013,49.7832],[-126.06963,49.78653],[-126.06812,49.78973],[-126.06568,49.79268],[-126.06239,49.79527],[-126.05839,49.79739],[-126.05382,49.79897],[-126.04886,49.79994],[-126.0437,49.80027]]]}},{"type":"Feature","properties":{"ident":"CGR5","name":"Viking Health Centre George H. Roddick Heliport","airport_type":"heliport","radius_km":1.9},"geometry":{"type":"Polygon","coordinates":[[[-111.77667,53.11873],[-111.77112,53.11841],[-111.76579,53.11744],[-111.76087,53.11586],[-111.75657,53.11374],[-111.75303,53.11115],[-111.7504,53.1082],[-111.74879,53.105],[-111.74824,53.10167],[-111.74879,53.09834],[-111.7504,53.09514],[-111.75303,53.09218],[-111.75657,53.0896],[-111.76087,53.08748],[-111.76579,53.0859],[-111.77112,53.08493],[-111.77667,53.0846],[-111.78221,53.08493],[-111.78755,53.0859],[-111.79246,53.08748],[-111.79677,53.0896],[-111.8003,53.09218],[-111.80293,53.09514],[-111.80455,53.09834],[-111.80509,53.10167],[-111.80455,53.105],[-111.80293,53.1082],[-111.8003,53.11115],[-111.79677,53.11374],[-111.79246,53.11586],[-111.78755,53.11744],[-111.78221,53.11841],[-111.77667,53.11873]]]}},{"type":"Feature","properties":{"ident":"CGR8","name":"Grovedale Fire Hall Heliport","airport_type":"heliport","radius_km":1.9},"geometry":{"type":"Polygon","coordinates":[[[-118.8619,55.03869],[-118.85609,55.03836],[-118.85051,55.03739],[-118.84536,55.03582],[-118.84085,55.03369],[-118.83715,55.03111],[-118.83439,55.02816],[-118.8327,55.02495],[-118.83213,55.02163],[-118.8327,55.0183],[-118.83439,55.01509],[-118.83715,55.01214],[-118.84085,55.00956],[-118.84536,55.00743],[-118.85051,55.00586],[-118.85609,55.00489],[-118.8619,55.00456],[-118.86771,55.00489],[-118.87329,55.00586],[-118.87844,55.00743],[-118.88295,55.00956],[-118.88666,55.01214],[-118.88941,55.01509],[-118.8911,55.0183],[-118.89167,55.02163],[-118.8911,55.02495],[-118.88941,55.02816],[-118.88666,55.03111],[-118.88295,55.03369],[-118.87844,55.03582],[-118.87329,55.03739],[-118.86771,55.03836],[-118.8619,55.03869]]]}},{"type":"Feature","properties":{"ident":"CHB2","name":"Hudson Bay Helicopters Heliport","airport_type":"heliport","radius_km":1.9},"geometry":{"type":"Polygon","coordinates":[[[-94.1677,58.78347],[-94.16128,58.78314],[-94.1551,58.78217],[-94.14941,58.78059],[-94.14442,58.77847],[-94.14033,58.77588],[-94.13729,58.77293],[-94.13542,58.76973],[-94.13478,58.7664],[-94.13542,58.76307],[-94.13729,58.75987],[-94.14033,58.75692],[-94.14442,58.75433],[-94.14941,58.75221],[-94.1551,58.75063],[-94.16128,58.74966],[-94.1677,58.74933],[-94.17412,58.74966],[-94.1803,58.75063],[-94.18599,58.75221],[-94.19098,58.75433],[-94.19507,58.75692],[-94.19811,58.75987],[-94.19998,58.76307],[-94.20062,58.7664],[-94.19998,58.76973],[-94.19811,58.77293],[-94.19507,58.77588],[-94.19098,58.77847],[-94.18599,58.78059],[-94.1803,58.78217],[-94.17412,58.78314],[-94.1677,58.78347]]]}},{"type":"Feature","properties":{"ident":"CHC3","name":"Barrhead (Healthcare Centre) Heliport","airport_type":"heliport","radius_km":1.9},"geometry":{"type":"Polygon","coordinates":[[[-114.40007,54.13535],[-114.39439,54.13502],[-114.38892,54.13405],[-114.38389,54.13247],[-114.37947,54.13035],[-114.37585,54.12776],[-114.37316,54.12481],[-114.37151,54.12161],[-114.37095,54.11828],[-114.37151,54.11495],[-114.37316,54.11175],[-114.37585,54.1088],[-114.37947,54.10621],[-114.38389,54.10409],[-114.38892,54.10251],[-114.39439,54.10154],[-114.40007,54.10121],[-114.40575,54.10154],[-114.41121,54.10251],[-114.41624,54.10409],[-114.42066,54.10621],[-114.42428,54.1088],[-114.42697,54.11175],[-114.42863,54.11495],[-114.42919,54.11828],[-114.42863,54.12161],[-114.42697,54.12481],[-114.42428,54.12776],[-114.42066,54.13035],[-114.41624,54.13247],[-114.41121,54.13405],[-114.40575,54.13502],[-114.40007,54.13535]]]}},{"type":"Feature","properties":{"ident":"CHD2","name":"Hardisty Health Centre Helipad","airport_type":"heliport","radius_km":1.9},"geometry":{"type":"Polygon","coordinates":[[[-111.3071,52.68597],[-111.30161,52.68564],[-111.29633,52.68467],[-111.29146,52.68309],[-111.2872,52.68097],[-111.2837,52.67838],[-111.2811,52.67543],[-111.2795,52.67223],[-111.27896,52.6689],[-111.2795,52.66557],[-111.2811,52.66237],[-111.2837,52.65942],[-111.2872,52.65683],[-111.29146,52.65471],[-111.29633,52.65313],[-111.30161,52.65216],[-111.3071,52.65183],[-111.31259,52.65216],[-111.31787,52.65313],[-111.32274,52.65471],[-111.327,52.65683],[-111.3305,52.65942],[-111.3331,52.66237],[-111.33471,52.66557],[-111.33525,52.6689],[-111.33471,52.67223],[-111.3331,52.67543],[-111.3305,52.67838],[-111.327,52.68097],[-111.32274,52.68309],[-111.31787,52.68467],[-111.31259,52.68564],[-111.3071,52.68597]]]}},{"type":"Feature","properties":{"ident":"CHD3","name":"Hanna District Ambulance Heliport","airport_type":"heliport","radius_km":1.9},"geometry":{"type":"Polygon","coordinates":[[[-111.92929,51.66819],[-111.92392,51.66787],[-111.91876,51.66689],[-111.91401,51.66532],[-111.90984,51.66319],[-111.90642,51.66061],[-111.90387,51.65766],[-111.90231,51.65446],[-111.90178,51.65113],[-111.90231,51.6478],[-111.90387,51.64459],[-111.90642,51.64164],[-111.90984,51.63906],[-111.91401,51.63693],[-111.91876,51.63536],[-111.92392,51.63439],[-111.92929,51.63406],[-111.93466,51.63439],[-111.93982,51.63536],[-111.94457,51.63693],[-111.94874,51.63906],[-111.95216,51.64164],[-111.95471,51.64459],[-111.95627,51.6478],[-111.9568,51.65113],[-111.95627,51.65446],[-111.95471,51.65766],[-111.95216,51.66061],[-111.94874,51.66319],[-111.94457,51.66532],[-111.93982,51.66689],[-111.93466,51.66787],[-111.92929,51.66819]]]}},{"type":"Feature","properties":{"ident":"CHJ4","name":"Boyle (Healthcare Centre) Heliport","airport_type":"heliport","radius_km":1.9},"geometry":{"type":"Polygon","coordinates":[[[-112.80191,54.60573],[-112.79617,54.6054],[-112.79064,54.60443],[-112.78555,54.60285],[-112.78108,54.60073],[-112.77742,54.59814],[-112.7747,54.59519],[-112.77302,54.59199],[-112.77246,54.58866],[-112.77302,54.58533],[-112.7747,54.58213],[-112.77742,54.57918],[-112.78108,54.57659],[-112.78555,54.57447],[-112.79064,54.57289],[-112.79617,54.57192],[-112.80191,54.57159],[-112.80766,54.57192],[-112.81319,54.57289],[-112.81828,54.57447],[-112.82274,54.57659],[-112.8264,54.57918],[-112.82913,54.58213],[-112.8308,54.58533],[-112.83137,54.58866],[-112.8308,54.59199],[-112.82913,54.59519],[-112.8264,54.59814],[-112.82274,54.60073],[-112.81828,54.60285],[-112.81319,54.60443],[-112.80766,54.6054],[-112.80191,54.60573]]]}},{"type":"Feature","properties":{"ident":"CHL5","name":"Monashee Helicopters Heliport","airport_type":"heliport","radius_km":1.9},"geometry":{"type":"Polygon","coordinates":[[[-117.11473,58.53123],[-117.10835,58.5309],[-117.10222,58.52993],[-117.09657,58.52836],[-117.09162,58.52623],[-117.08755,58.52365],[-117.08453,58.5207],[-117.08267,58.51749],[-117.08205,58.51416],[-117.08267,58.51084],[-117.08453,58.50763],[-117.08755,58.50468],[-117.09162,58.5021],[-117.09657,58.49997],[-117.10222,58.4984],[-117.10835,58.49743],[-117.11473,58.4971],[-117.1211,58.49743],[-117.12723,58.4984],[-117.13288,58.49997],[-117.13783,58.5021],[-117.1419,58.50468],[-117.14492,58.50763],[-117.14678,58.51084],[-117.1474,58.51416],[-117.14678,58.51749],[-117.14492,58.5207],[-117.1419,58.52365],[-117.13783,58.52623],[-117.13288,58.52836],[-117.12723,58.52993],[-117.1211,58.5309],[-117.11473,58.53123]]]}},{"type":"Feature","properties":{"ident":"CHP3","name":"Mont-Tremblant/Heliport P3","airport_type":"heliport","radius_km":1.9},"geometry":{"type":"Polygon","coordinates":[[[-74.5712,46.21237],[-74.56639,46.21204],[-74.56177,46.21107],[-74.5575,46.20949],[-74.55377,46.20737],[-74.5507,46.20478],[-74.54842,46.20183],[-74.54702,46.19863],[-74.54654,46.1953],[-74.54702,46.19197],[-74.54842,46.18877],[-74.5507,46.18582],[-74.55377,46.18323],[-74.5575,46.18111],[-74.56177,46.17953],[-74.56639,46.17856],[-74.5712,46.17823],[-74.57601,46.17856],[-74.58064,46.17953],[-74.5849,46.18111],[-74.58864,46.18323],[-74.5917,46.18582],[-74.59398,46.18877],[-74.59538,46.19197],[-74.59586,46.1953],[-74.59538,46.19863],[-74.59398,46.20183],[-74.5917,46.20478],[-74.58864,46.20737],[-74.5849,46.20949],[-74.58064,46.21107],[-74.57601,46.21204],[-74.5712,46.21237]]]}},{"type":"Feature","properties":{"ident":"CHQE","name":"Queen Elizabeth II Health Science Centre Helipad","airport_type":"heliport","radius_km":1.9},"geometry":{"type":"Polygon","coordinates":[[[-63.58662,44.66302],[-63.58194,44.66269],[-63.57744,44.66172],[-63.5733,44.66015],[-63.56966,44.65802],[-63.56668,44.65544],[-63.56446,44.65249],[-63.5631,44.64928],[-63.56263,44.64596],[-63.5631,44.64263],[-63.56446,44.63942],[-63.56668,44.63647],[-63.56966,44.63389],[-63.5733,44.63176],[-63.57744,44.63019],[-63.58194,44.62922],[-63.58662,44.62889],[-63.5913,44.62922],[-63.5958,44.63019],[-63.59995,44.63176],[-63.60359,44.63389],[-63.60657,44.63647],[-63.60879,44.63942],[-63.61015,44.64263],[-63.61061,44.64596],[-63.61015,44.64928],[-63.60879,44.65249],[-63.60657,44.65544],[-63.60359,44.65802],[-63.59995,44.66015],[-63.5958,44.66172],[-63.5913,44.66269],[-63.58662,44.66302]]]}},{"type":"Feature","properties":{"ident":"CHR2","name":"High River Hospital Helipad","airport_type":"heliport","radius_km":1.9},"geometry":{"type":"Polygon","coordinates":[[[-113.8793,50.59317],[-113.87406,50.59284],[-113.86901,50.59187],[-113.86437,50.59029],[-113.8603,50.58817],[-113.85695,50.58558],[-113.85447,50.58263],[-113.85294,50.57943],[-113.85242,50.5761],[-113.85294,50.57277],[-113.85447,50.56957],[-113.85695,50.56662],[-113.8603,50.56403],[-113.86437,50.56191],[-113.86901,50.56033],[-113.87406,50.55936],[-113.8793,50.55903],[-113.88454,50.55936],[-113.88959,50.56033],[-113.89423,50.56191],[-113.8983,50.56403],[-113.90165,50.56662],[-113.90413,50.56957],[-113.90566,50.57277],[-113.90618,50.5761],[-113.90566,50.57943],[-113.90413,50.58263],[-113.90165,50.58558],[-113.8983,50.58817],[-113.89423,50.59029],[-113.88959,50.59187],[-113.88454,50.59284],[-113.8793,50.59317]]]}},{"type":"Feature","properties":{"ident":"CHS5","name":"Heliport Senneville","airport_type":"heliport","radius_km":1.9},"geometry":{"type":"Polygon","coordinates":[[[-73.9605,45.45987],[-73.95575,45.45954],[-73.95119,45.45857],[-73.94698,45.45699],[-73.9433,45.45487],[-73.94027,45.45228],[-73.93803,45.44933],[-73.93664,45.44613],[-73.93617,45.4428],[-73.93664,45.43947],[-73.93803,45.43627],[-73.94027,45.43332],[-73.9433,45.43073],[-73.94698,45.42861],[-73.95119,45.42703],[-73.95575,45.42606],[-73.9605,45.42573],[-73.96525,45.42606],[-73.96981,45.42703],[-73.97402,45.42861],[-73.9777,45.43073],[-73.98073,45.43332],[-73.98297,45.43627],[-73.98436,45.43947],[-73.98483,45.4428],[-73.98436,45.44613],[-73.98297,45.44933],[-73.98073,45.45228],[-73.9777,45.45487],[-73.97402,45.45699],[-73.96981,45.45857],[-73.96525,45.45954],[-73.9605,45.45987]]]}},{"type":"Feature","properties":{"ident":"CHS7","name":"Halifax (South End) Heliport","airport_type":"heliport","radius_km":1.9},"geometry":{"type":"Polygon","coordinates":[[[-63.56339,44.6425],[-63.55871,44.64217],[-63.55421,44.6412],[-63.55007,44.63962],[-63.54643,44.6375],[-63.54345,44.63491],[-63.54124,44.63196],[-63.53987,44.62876],[-63.53941,44.62543],[-63.53987,44.6221],[-63.54124,44.6189],[-63.54345,44.61595],[-63.54643,44.61336],[-63.55007,44.61124],[-63.55421,44.60966],[-63.55871,44.60869],[-63.56339,44.60836],[-63.56807,44.60869],[-63.57257,44.60966],[-63.57672,44.61124],[-63.58035,44.61336],[-63.58333,44.61595],[-63.58555,44.6189],[-63.58691,44.6221],[-63.58737,44.62543],[-63.58691,44.62876],[-63.58555,44.63196],[-63.58333,44.63491],[-63.58035,44.6375],[-63.57672,44.63962],[-63.57257,44.6412],[-63.56807,44.64217],[-63.56339,44.6425]]]}},{"type":"Feature","properties":{"ident":"CHT3","name":"Mont Tremblant/St-Jovite Heli-Tremblant","airport_type":"heliport","radius_km":1.9},"geometry":{"type":"Polygon","coordinates":[[[-74.5414,46.13127],[-74.53659,46.13094],[-74.53198,46.12997],[-74.52772,46.12839],[-74.52399,46.12627],[-74.52093,46.12368],[-74.51865,46.12073],[-74.51725,46.11753],[-74.51678,46.1142],[-74.51725,46.11087],[-74.51865,46.10767],[-74.52093,46.10472],[-74.52399,46.10213],[-74.52772,46.10001],[-74.53198,46.09843],[-74.53659,46.09746],[-74.5414,46.09713],[-74.5462,46.09746],[-74.55082,46.09843],[-74.55508,46.10001],[-74.55881,46.10213],[-74.56187,46.10472],[-74.56414,46.10767],[-74.56555,46.11087],[-74.56602,46.1142],[-74.56555,46.11753],[-74.56414,46.12073],[-74.56187,46.12368],[-74.55881,46.12627],[-74.55508,46.12839],[-74.55082,46.12997],[-74.5462,46.13094],[-74.5414,46.13127]]]}},{"type":"Feature","properties":{"ident":"CHT4","name":"Nelson (High Terrain Helicopters) Heliport","airport_type":"heliport","radius_km":1.9},"geometry":{"type":"Polygon","coordinates":[[[-117.3272,49.50377],[-117.32208,49.50344],[-117.31715,49.50247],[-117.3126,49.50089],[-117.30862,49.49877],[-117.30536,49.49618],[-117.30293,49.49323],[-117.30143,49.49003],[-117.30093,49.4867],[-117.30143,49.48337],[-117.30293,49.48017],[-117.30536,49.47722],[-117.30862,49.47463],[-117.3126,49.47251],[-117.31715,49.47093],[-117.32208,49.46996],[-117.3272,49.46963],[-117.33233,49.46996],[-117.33726,49.47093],[-117.3418,49.47251],[-117.34578,49.47463],[-117.34905,49.47722],[-117.35147,49.48017],[-117.35297,49.48337],[-117.35347,49.4867],[-117.35297,49.49003],[-117.35147,49.49323],[-117.34905,49.49618],[-117.34578,49.49877],[-117.3418,49.50089],[-117.33726,49.50247],[-117.33233,49.50344],[-117.3272,49.50377]]]}},{"type":"Feature","properties":{"ident":"CHW2","name":"Orangeville/Headwaters Healthcare Centre Heliport","airport_type":"heliport","radius_km":1.9},"geometry":{"type":"Polygon","coordinates":[[[-80.0754,43.93697],[-80.07078,43.93664],[-80.06633,43.93567],[-80.06224,43.93409],[-80.05864,43.93197],[-80.0557,43.92938],[-80.05351,43.92643],[-80.05216,43.92323],[-80.0517,43.9199],[-80.05216,43.91657],[-80.05351,43.91337],[-80.0557,43.91042],[-80.05864,43.90783],[-80.06224,43.90571],[-80.06633,43.90413],[-80.07078,43.90316],[-80.0754,43.90283],[-80.08002,43.90316],[-80.08447,43.90413],[-80.08856,43.90571],[-80.09216,43.90783],[-80.0951,43.91042],[-80.09729,43.91337],[-80.09864,43.91657],[-80.0991,43.9199],[-80.09864,43.92323],[-80.09729,43.92643],[-80.0951,43.92938],[-80.09216,43.93197],[-80.08856,43.93409],[-80.08447,43.93567],[-80.08002,43.93664],[-80.0754,43.93697]]]}},{"type":"Feature","properties":{"ident":"CIO2","name":"\u00celes aux Oies Heliport","airport_type":"heliport","radius_km":1.9},"geometry":{"type":"Polygon","coordinates":[[[-70.47833,47.15457],[-70.47344,47.15424],[-70.46873,47.15327],[-70.46439,47.15169],[-70.46059,47.14957],[-70.45747,47.14698],[-70.45515,47.14403],[-70.45372,47.14083],[-70.45324,47.1375],[-70.45372,47.13417],[-70.45515,47.13097],[-70.45747,47.12802],[-70.46059,47.12543],[-70.46439,47.12331],[-70.46873,47.12173],[-70.47344,47.12076],[-70.47833,47.12043],[-70.48323,47.12076],[-70.48793,47.12173],[-70.49227,47.12331],[-70.49607,47.12543],[-70.4992,47.12802],[-70.50151,47.13097],[-70.50294,47.13417],[-70.50342,47.1375],[-70.50294,47.14083],[-70.50151,47.14403],[-70.4992,47.14698],[-70.49607,47.14957],[-70.49227,47.15169],[-70.48793,47.15327],[-70.48323,47.15424],[-70.47833,47.15457]]]}},{"type":"Feature","properties":{"ident":"CIV2","name":"Invermere (Hospital) Heliport","airport_type":"heliport","radius_km":1.9},"geometry":{"type":"Polygon","coordinates":[[[-116.03281,50.52428],[-116.02758,50.52395],[-116.02254,50.52298],[-116.0179,50.5214],[-116.01384,50.51928],[-116.0105,50.51669],[-116.00802,50.51374],[-116.00649,50.51054],[-116.00598,50.50721],[-116.00649,50.50388],[-116.00802,50.50068],[-116.0105,50.49773],[-116.01384,50.49514],[-116.0179,50.49302],[-116.02254,50.49144],[-116.02758,50.49047],[-116.03281,50.49014],[-116.03805,50.49047],[-116.04308,50.49144],[-116.04772,50.49302],[-116.05179,50.49514],[-116.05513,50.49773],[-116.05761,50.50068],[-116.05913,50.50388],[-116.05965,50.50721],[-116.05913,50.51054],[-116.05761,50.51374],[-116.05513,50.51669],[-116.05179,50.51928],[-116.04772,50.5214],[-116.04308,50.52298],[-116.03805,50.52395],[-116.03281,50.52428]]]}},{"type":"Feature","properties":{"ident":"CIW2","name":"Halifax (IWK Health Centre) Heliport","airport_type":"heliport","radius_km":1.9},"geometry":{"type":"Polygon","coordinates":[[[-63.58442,44.65406],[-63.57974,44.65373],[-63.57524,44.65276],[-63.57109,44.65119],[-63.56746,44.64906],[-63.56448,44.64648],[-63.56226,44.64353],[-63.56089,44.64032],[-63.56043,44.63699],[-63.56089,44.63366],[-63.56226,44.63046],[-63.56448,44.62751],[-63.56746,44.62493],[-63.57109,44.6228],[-63.57524,44.62123],[-63.57974,44.62025],[-63.58442,44.61993],[-63.5891,44.62025],[-63.5936,44.62123],[-63.59775,44.6228],[-63.60138,44.62493],[-63.60436,44.62751],[-63.60658,44.63046],[-63.60795,44.63366],[-63.60841,44.63699],[-63.60795,44.64032],[-63.60658,44.64353],[-63.60436,44.64648],[-63.60138,44.64906],[-63.59775,44.65119],[-63.5936,44.65276],[-63.5891,44.65373],[-63.58442,44.65406]]]}},{"type":"Feature","properties":{"ident":"CJE9","name":"Eagle Island Heliport","airport_type":"heliport","radius_km":1.9},"geometry":{"type":"Polygon","coordinates":[[[-79.6961,45.19462],[-79.69137,45.19429],[-79.68683,45.19332],[-79.68265,45.19174],[-79.67898,45.18962],[-79.67596,45.18703],[-79.67373,45.18408],[-79.67235,45.18088],[-79.67188,45.17755],[-79.67235,45.17422],[-79.67373,45.17102],[-79.67596,45.16807],[-79.67898,45.16548],[-79.68265,45.16336],[-79.68683,45.16178],[-79.69137,45.16081],[-79.6961,45.16048],[-79.70082,45.16081],[-79.70536,45.16178],[-79.70955,45.16336],[-79.71322,45.16548],[-79.71623,45.16807],[-79.71847,45.17102],[-79.71984,45.17422],[-79.72031,45.17755],[-79.71984,45.18088],[-79.71847,45.18408],[-79.71623,45.18703],[-79.71322,45.18962],[-79.70955,45.19174],[-79.70536,45.19332],[-79.70082,45.19429],[-79.6961,45.19462]]]}},{"type":"Feature","properties":{"ident":"CJG6","name":"Kenora (Lake of the Woods District Hospital) Heliport","airport_type":"heliport","radius_km":1.9},"geometry":{"type":"Polygon","coordinates":[[[-94.4989,49.78567],[-94.49375,49.78534],[-94.48879,49.78437],[-94.48422,49.78279],[-94.48022,49.78067],[-94.47693,49.77808],[-94.47449,49.77513],[-94.47298,49.77193],[-94.47248,49.7686],[-94.47298,49.76527],[-94.47449,49.76207],[-94.47693,49.75912],[-94.48022,49.75653],[-94.48422,49.75441],[-94.48879,49.75283],[-94.49375,49.75186],[-94.4989,49.75153],[-94.50406,49.75186],[-94.50901,49.75283],[-94.51358,49.75441],[-94.51759,49.75653],[-94.52087,49.75912],[-94.52332,49.76207],[-94.52482,49.76527],[-94.52533,49.7686],[-94.52482,49.77193],[-94.52332,49.77513],[-94.52087,49.77808],[-94.51759,49.78067],[-94.51358,49.78279],[-94.50901,49.78437],[-94.50406,49.78534],[-94.4989,49.78567]]]}},{"type":"Feature","properties":{"ident":"CJN3","name":"Ignace Heliport","airport_type":"heliport","radius_km":1.9},"geometry":{"type":"Polygon","coordinates":[[[-91.63445,49.42463],[-91.62934,49.4243],[-91.62441,49.42333],[-91.61988,49.42175],[-91.6159,49.41963],[-91.61264,49.41704],[-91.61022,49.41409],[-91.60873,49.41089],[-91.60822,49.40756],[-91.60873,49.40423],[-91.61022,49.40103],[-91.61264,49.39808],[-91.6159,49.39549],[-91.61988,49.39337],[-91.62441,49.39179],[-91.62934,49.39082],[-91.63445,49.39049],[-91.63957,49.39082],[-91.64449,49.39179],[-91.64903,49.39337],[-91.653,49.39549],[-91.65626,49.39808],[-91.65869,49.40103],[-91.66018,49.40423],[-91.66068,49.40756],[-91.66018,49.41089],[-91.65869,49.41409],[-91.65626,49.41704],[-91.653,49.41963],[-91.64903,49.42175],[-91.64449,49.42333],[-91.63957,49.4243],[-91.63445,49.42463]]]}},{"type":"Feature","properties":{"ident":"CJP4","name":"Jim Pattison Children' Hospital Helipad","airport_type":"heliport","radius_km":1.9},"geometry":{"type":"Polygon","coordinates":[[[-106.6424,52.1491],[-106.63698,52.14877],[-106.63176,52.1478],[-106.62695,52.14622],[-106.62274,52.1441],[-106.61928,52.14151],[-106.61671,52.13856],[-106.61513,52.13536],[-106.6146,52.13203],[-106.61513,52.1287],[-106.61671,52.1255],[-106.61928,52.12255],[-106.62274,52.11996],[-106.62695,52.11784],[-106.63176,52.11626],[-106.63698,52.11529],[-106.6424,52.11496],[-106.64782,52.11529],[-106.65304,52.11626],[-106.65785,52.11784],[-106.66206,52.11996],[-106.66552,52.12255],[-106.66809,52.1255],[-106.66967,52.1287],[-106.6702,52.13203],[-106.66967,52.13536],[-106.66809,52.13856],[-106.66552,52.14151],[-106.66206,52.1441],[-106.65785,52.14622],[-106.65304,52.1478],[-106.64782,52.14877],[-106.6424,52.1491]]]}},{"type":"Feature","properties":{"ident":"CJX3","name":"La Ronge Heliport","airport_type":"heliport","radius_km":1.9},"geometry":{"type":"Polygon","coordinates":[[[-105.295,55.13177],[-105.28918,55.13144],[-105.28358,55.13047],[-105.27842,55.12889],[-105.2739,55.12677],[-105.27019,55.12418],[-105.26743,55.12123],[-105.26573,55.11803],[-105.26516,55.1147],[-105.26573,55.11137],[-105.26743,55.10817],[-105.27019,55.10522],[-105.2739,55.10263],[-105.27842,55.10051],[-105.28358,55.09893],[-105.28918,55.09796],[-105.295,55.09763],[-105.30082,55.09796],[-105.30642,55.09893],[-105.31158,55.10051],[-105.3161,55.10263],[-105.31981,55.10522],[-105.32257,55.10817],[-105.32427,55.11137],[-105.32484,55.1147],[-105.32427,55.11803],[-105.32257,55.12123],[-105.31981,55.12418],[-105.3161,55.12677],[-105.31158,55.12889],[-105.30642,55.13047],[-105.30082,55.13144],[-105.295,55.13177]]]}},{"type":"Feature","properties":{"ident":"CKB3","name":"Kootenay Boundary Regional Hospital Heliport","airport_type":"heliport","radius_km":1.9},"geometry":{"type":"Polygon","coordinates":[[[-117.70032,49.12065],[-117.69523,49.12032],[-117.69034,49.11935],[-117.68583,49.11777],[-117.68188,49.11565],[-117.67864,49.11307],[-117.67623,49.11011],[-117.67475,49.10691],[-117.67424,49.10358],[-117.67475,49.10025],[-117.67623,49.09705],[-117.67864,49.0941],[-117.68188,49.09151],[-117.68583,49.08939],[-117.69034,49.08781],[-117.69523,49.08684],[-117.70032,49.08652],[-117.7054,49.08684],[-117.71029,49.08781],[-117.7148,49.08939],[-117.71875,49.09151],[-117.72199,49.0941],[-117.7244,49.09705],[-117.72588,49.10025],[-117.72639,49.10358],[-117.72588,49.10691],[-117.7244,49.11011],[-117.72199,49.11307],[-117.71875,49.11565],[-117.7148,49.11777],[-117.71029,49.11935],[-117.7054,49.12032],[-117.70032,49.12065]]]}},{"type":"Feature","properties":{"ident":"CKE9","name":"Nipigon (District Memorial Hospital) Heliport","airport_type":"heliport","radius_km":1.9},"geometry":{"type":"Polygon","coordinates":[[[-88.2789,49.03317],[-88.27382,49.03284],[-88.26894,49.03187],[-88.26444,49.03029],[-88.2605,49.02817],[-88.25726,49.02558],[-88.25486,49.02263],[-88.25338,49.01943],[-88.25288,49.0161],[-88.25338,49.01277],[-88.25486,49.00957],[-88.25726,49.00662],[-88.2605,49.00403],[-88.26444,49.00191],[-88.26894,49.00033],[-88.27382,48.99936],[-88.2789,48.99903],[-88.28398,48.99936],[-88.28886,49.00033],[-88.29336,49.00191],[-88.2973,49.00403],[-88.30054,49.00662],[-88.30294,49.00957],[-88.30442,49.01277],[-88.30492,49.0161],[-88.30442,49.01943],[-88.30294,49.02263],[-88.30054,49.02558],[-88.2973,49.02817],[-88.29336,49.03029],[-88.28886,49.03187],[-88.28398,49.03284],[-88.2789,49.03317]]]}},{"type":"Feature","properties":{"ident":"CKF3","name":"Atikokan General Hospital Heliport","airport_type":"heliport","radius_km":1.9},"geometry":{"type":"Polygon","coordinates":[[[-91.5967,48.77177],[-91.59165,48.77144],[-91.58679,48.77047],[-91.58232,48.76889],[-91.57839,48.76677],[-91.57517,48.76418],[-91.57278,48.76123],[-91.57131,48.75803],[-91.57081,48.7547],[-91.57131,48.75137],[-91.57278,48.74817],[-91.57517,48.74522],[-91.57839,48.74263],[-91.58232,48.74051],[-91.58679,48.73893],[-91.59165,48.73796],[-91.5967,48.73763],[-91.60175,48.73796],[-91.60661,48.73893],[-91.61108,48.74051],[-91.61501,48.74263],[-91.61823,48.74522],[-91.62062,48.74817],[-91.62209,48.75137],[-91.62259,48.7547],[-91.62209,48.75803],[-91.62062,48.76123],[-91.61823,48.76418],[-91.61501,48.76677],[-91.61108,48.76889],[-91.60661,48.77047],[-91.60175,48.77144],[-91.5967,48.77177]]]}},{"type":"Feature","properties":{"ident":"CKF7","name":"Sioux Lookout Heliport","airport_type":"heliport","radius_km":1.9},"geometry":{"type":"Polygon","coordinates":[[[-91.9167,50.08377],[-91.91151,50.08344],[-91.90653,50.08247],[-91.90193,50.08089],[-91.8979,50.07877],[-91.89459,50.07618],[-91.89214,50.07323],[-91.89062,50.07003],[-91.89011,50.0667],[-91.89062,50.06337],[-91.89214,50.06017],[-91.89459,50.05722],[-91.8979,50.05463],[-91.90193,50.05251],[-91.90653,50.05093],[-91.91151,50.04996],[-91.9167,50.04963],[-91.92189,50.04996],[-91.92688,50.05093],[-91.93147,50.05251],[-91.9355,50.05463],[-91.93881,50.05722],[-91.94127,50.06017],[-91.94278,50.06337],[-91.94329,50.0667],[-91.94278,50.07003],[-91.94127,50.07323],[-91.93881,50.07618],[-91.9355,50.07877],[-91.93147,50.08089],[-91.92688,50.08247],[-91.92189,50.08344],[-91.9167,50.08377]]]}},{"type":"Feature","properties":{"ident":"CKH9","name":"Kelowna General Hospital Helipad","airport_type":"heliport","radius_km":1.9},"geometry":{"type":"Polygon","coordinates":[[[-119.4924,49.89137],[-119.48723,49.89104],[-119.48227,49.89007],[-119.47769,49.88849],[-119.47367,49.88637],[-119.47038,49.88378],[-119.46793,49.88083],[-119.46643,49.87763],[-119.46592,49.8743],[-119.46643,49.87097],[-119.46793,49.86777],[-119.47038,49.86482],[-119.47367,49.86223],[-119.47769,49.86011],[-119.48227,49.85853],[-119.48723,49.85756],[-119.4924,49.85723],[-119.49757,49.85756],[-119.50253,49.85853],[-119.50711,49.86011],[-119.51113,49.86223],[-119.51442,49.86482],[-119.51687,49.86777],[-119.51837,49.87097],[-119.51888,49.8743],[-119.51837,49.87763],[-119.51687,49.88083],[-119.51442,49.88378],[-119.51113,49.88637],[-119.50711,49.88849],[-119.50253,49.89007],[-119.49757,49.89104],[-119.4924,49.89137]]]}},{"type":"Feature","properties":{"ident":"CKL8","name":"Upsala Heliport","airport_type":"heliport","radius_km":1.9},"geometry":{"type":"Polygon","coordinates":[[[-90.46948,49.06685],[-90.4644,49.06653],[-90.45952,49.06555],[-90.45501,49.06398],[-90.45107,49.06185],[-90.44783,49.05927],[-90.44542,49.05632],[-90.44394,49.05312],[-90.44344,49.04979],[-90.44394,49.04646],[-90.44542,49.04325],[-90.44783,49.0403],[-90.45107,49.03772],[-90.45501,49.03559],[-90.45952,49.03402],[-90.4644,49.03305],[-90.46948,49.03272],[-90.47456,49.03305],[-90.47945,49.03402],[-90.48395,49.03559],[-90.4879,49.03772],[-90.49113,49.0403],[-90.49354,49.04325],[-90.49502,49.04646],[-90.49552,49.04979],[-90.49502,49.05312],[-90.49354,49.05632],[-90.49113,49.05927],[-90.4879,49.06185],[-90.48395,49.06398],[-90.47945,49.06555],[-90.47456,49.06653],[-90.46948,49.06685]]]}},{"type":"Feature","properties":{"ident":"CKM3","name":"Shilo Heliport","airport_type":"heliport","radius_km":1.9},"geometry":{"type":"Polygon","coordinates":[[[-99.6333,49.81707],[-99.62814,49.81674],[-99.62318,49.81577],[-99.61861,49.81419],[-99.6146,49.81207],[-99.61131,49.80948],[-99.60887,49.80653],[-99.60737,49.80333],[-99.60686,49.8],[-99.60737,49.79667],[-99.60887,49.79347],[-99.61131,49.79052],[-99.6146,49.78793],[-99.61861,49.78581],[-99.62318,49.78423],[-99.62814,49.78326],[-99.6333,49.78293],[-99.63846,49.78326],[-99.64342,49.78423],[-99.64799,49.78581],[-99.652,49.78793],[-99.65529,49.79052],[-99.65773,49.79347],[-99.65924,49.79667],[-99.65974,49.8],[-99.65924,49.80333],[-99.65773,49.80653],[-99.65529,49.80948],[-99.652,49.81207],[-99.64799,49.81419],[-99.64342,49.81577],[-99.63846,49.81674],[-99.6333,49.81707]]]}},{"type":"Feature","properties":{"ident":"CKM7","name":"Thompson Heliport","airport_type":"heliport","radius_km":1.9},"geometry":{"type":"Polygon","coordinates":[[[-97.89124,55.72449],[-97.88533,55.72416],[-97.87964,55.72319],[-97.87441,55.72161],[-97.86982,55.71949],[-97.86605,55.7169],[-97.86325,55.71395],[-97.86152,55.71075],[-97.86094,55.70742],[-97.86152,55.70409],[-97.86325,55.70089],[-97.86605,55.69794],[-97.86982,55.69535],[-97.87441,55.69323],[-97.87964,55.69165],[-97.88533,55.69068],[-97.89124,55.69035],[-97.89715,55.69068],[-97.90283,55.69165],[-97.90807,55.69323],[-97.91266,55.69535],[-97.91642,55.69794],[-97.91922,55.70089],[-97.92095,55.70409],[-97.92153,55.70742],[-97.92095,55.71075],[-97.91922,55.71395],[-97.91642,55.7169],[-97.91266,55.71949],[-97.90807,55.72161],[-97.90283,55.72319],[-97.89715,55.72416],[-97.89124,55.72449]]]}},{"type":"Feature","properties":{"ident":"CKM9","name":"Camp Aldershot Heliport","airport_type":"heliport","radius_km":1.9},"geometry":{"type":"Polygon","coordinates":[[[-64.50938,45.11091],[-64.50467,45.11058],[-64.50013,45.10961],[-64.49595,45.10803],[-64.49229,45.10591],[-64.48928,45.10332],[-64.48705,45.10037],[-64.48567,45.09717],[-64.4852,45.09384],[-64.48567,45.09051],[-64.48705,45.08731],[-64.48928,45.08436],[-64.49229,45.08177],[-64.49595,45.07965],[-64.50013,45.07807],[-64.50467,45.0771],[-64.50938,45.07677],[-64.5141,45.0771],[-64.51863,45.07807],[-64.52281,45.07965],[-64.52648,45.08177],[-64.52948,45.08436],[-64.53172,45.08731],[-64.53309,45.09051],[-64.53356,45.09384],[-64.53309,45.09717],[-64.53172,45.10037],[-64.52948,45.10332],[-64.52648,45.10591],[-64.52281,45.10803],[-64.51863,45.10961],[-64.5141,45.11058],[-64.50938,45.11091]]]}},{"type":"Feature","properties":{"ident":"CKN9","name":"Shilo (Flewin Field) Heliport","airport_type":"heliport","radius_km":1.9},"geometry":{"type":"Polygon","coordinates":[[[-99.6389,49.79787],[-99.63374,49.79754],[-99.62879,49.79657],[-99.62422,49.79499],[-99.62021,49.79287],[-99.61692,49.79028],[-99.61448,49.78733],[-99.61298,49.78413],[-99.61247,49.7808],[-99.61298,49.77747],[-99.61448,49.77427],[-99.61692,49.77132],[-99.62021,49.76873],[-99.62422,49.76661],[-99.62879,49.76503],[-99.63374,49.76406],[-99.6389,49.76373],[-99.64406,49.76406],[-99.64902,49.76503],[-99.65359,49.76661],[-99.65759,49.76873],[-99.66088,49.77132],[-99.66332,49.77427],[-99.66483,49.77747],[-99.66533,49.7808],[-99.66483,49.78413],[-99.66332,49.78733],[-99.66088,49.79028],[-99.65759,49.79287],[-99.65359,49.79499],[-99.64902,49.79657],[-99.64406,49.79754],[-99.6389,49.79787]]]}},{"type":"Feature","properties":{"ident":"CKP7","name":"Sensenbrenner Hospital Heliport","airport_type":"heliport","radius_km":1.9},"geometry":{"type":"Polygon","coordinates":[[[-82.4265,49.44347],[-82.42138,49.44314],[-82.41646,49.44217],[-82.41192,49.44059],[-82.40795,49.43847],[-82.40468,49.43588],[-82.40226,49.43293],[-82.40076,49.42973],[-82.40026,49.4264],[-82.40076,49.42307],[-82.40226,49.41987],[-82.40468,49.41692],[-82.40795,49.41433],[-82.41192,49.41221],[-82.41646,49.41063],[-82.42138,49.40966],[-82.4265,49.40933],[-82.43162,49.40966],[-82.43654,49.41063],[-82.44108,49.41221],[-82.44506,49.41433],[-82.44832,49.41692],[-82.45074,49.41987],[-82.45224,49.42307],[-82.45274,49.4264],[-82.45224,49.42973],[-82.45074,49.43293],[-82.44832,49.43588],[-82.44506,49.43847],[-82.44108,49.44059],[-82.43654,49.44217],[-82.43162,49.44314],[-82.4265,49.44347]]]}},{"type":"Feature","properties":{"ident":"CKR2","name":"Kerrobert Heliport","airport_type":"heliport","radius_km":1.9},"geometry":{"type":"Polygon","coordinates":[[[-109.13342,51.92984],[-109.12802,51.92951],[-109.12283,51.92854],[-109.11804,51.92696],[-109.11385,51.92484],[-109.11041,51.92225],[-109.10785,51.9193],[-109.10628,51.9161],[-109.10575,51.91277],[-109.10628,51.90944],[-109.10785,51.90624],[-109.11041,51.90329],[-109.11385,51.9007],[-109.11804,51.89858],[-109.12283,51.897],[-109.12802,51.89603],[-109.13342,51.8957],[-109.13881,51.89603],[-109.144,51.897],[-109.14879,51.89858],[-109.15298,51.9007],[-109.15642,51.90329],[-109.15898,51.90624],[-109.16055,51.90944],[-109.16108,51.91277],[-109.16055,51.9161],[-109.15898,51.9193],[-109.15642,51.92225],[-109.15298,51.92484],[-109.14879,51.92696],[-109.144,51.92854],[-109.13881,51.92951],[-109.13342,51.92984]]]}},{"type":"Feature","properties":{"ident":"CKT6","name":"St-Remi-D'Amherst / Kanata Tremblant Resort Heliport","airport_type":"heliport","radius_km":1.9},"geometry":{"type":"Polygon","coordinates":[[[-74.74972,46.00873],[-74.74493,46.00841],[-74.74032,46.00744],[-74.73607,46.00586],[-74.73235,46.00374],[-74.7293,46.00115],[-74.72703,45.9982],[-74.72563,45.995],[-74.72516,45.99167],[-74.72563,45.98834],[-74.72703,45.98514],[-74.7293,45.98218],[-74.73235,45.9796],[-74.73607,45.97748],[-74.74032,45.9759],[-74.74493,45.97493],[-74.74972,45.9746],[-74.75451,45.97493],[-74.75912,45.9759],[-74.76337,45.97748],[-74.76709,45.9796],[-74.77015,45.98218],[-74.77242,45.98514],[-74.77382,45.98834],[-74.77429,45.99167],[-74.77382,45.995],[-74.77242,45.9982],[-74.77015,46.00115],[-74.76709,46.00374],[-74.76337,46.00586],[-74.75912,46.00744],[-74.75451,46.00841],[-74.74972,46.00873]]]}},{"type":"Feature","properties":{"ident":"CKV3","name":"Dryden Best Western Heliport","airport_type":"heliport","radius_km":1.9},"geometry":{"type":"Polygon","coordinates":[[[-92.8333,49.80037],[-92.82814,49.80004],[-92.82318,49.79907],[-92.81861,49.79749],[-92.81461,49.79537],[-92.81132,49.79278],[-92.80888,49.78983],[-92.80737,49.78663],[-92.80686,49.7833],[-92.80737,49.77997],[-92.80888,49.77677],[-92.81132,49.77382],[-92.81461,49.77123],[-92.81861,49.76911],[-92.82318,49.76753],[-92.82814,49.76656],[-92.8333,49.76623],[-92.83845,49.76656],[-92.84341,49.76753],[-92.84798,49.76911],[-92.85199,49.77123],[-92.85528,49.77382],[-92.85772,49.77677],[-92.85922,49.77997],[-92.85973,49.7833],[-92.85922,49.78663],[-92.85772,49.78983],[-92.85528,49.79278],[-92.85199,49.79537],[-92.84798,49.79749],[-92.84341,49.79907],[-92.83845,49.80004],[-92.8333,49.80037]]]}},{"type":"Feature","properties":{"ident":"CKV8","name":"Valley Regional Hospital Heliport","airport_type":"heliport","radius_km":1.9},"geometry":{"type":"Polygon","coordinates":[[[-64.50003,45.09881],[-64.49532,45.09849],[-64.49078,45.09752],[-64.4866,45.09594],[-64.48294,45.09382],[-64.47994,45.09123],[-64.4777,45.08828],[-64.47633,45.08508],[-64.47586,45.08175],[-64.47633,45.07842],[-64.4777,45.07522],[-64.47994,45.07226],[-64.48294,45.06968],[-64.4866,45.06756],[-64.49078,45.06598],[-64.49532,45.06501],[-64.50003,45.06468],[-64.50475,45.06501],[-64.50928,45.06598],[-64.51346,45.06756],[-64.51713,45.06968],[-64.52013,45.07226],[-64.52237,45.07522],[-64.52374,45.07842],[-64.52421,45.08175],[-64.52374,45.08508],[-64.52237,45.08828],[-64.52013,45.09123],[-64.51713,45.09382],[-64.51346,45.09594],[-64.50928,45.09752],[-64.50475,45.09849],[-64.50003,45.09881]]]}},{"type":"Feature","properties":{"ident":"CKV9","name":"Country Gardens B&B Heliport","airport_type":"heliport","radius_km":1.9},"geometry":{"type":"Polygon","coordinates":[[[-115.949,58.36767],[-115.94265,58.36734],[-115.93655,58.36637],[-115.93093,58.36479],[-115.926,58.36267],[-115.92195,58.36008],[-115.91895,58.35713],[-115.9171,58.35393],[-115.91647,58.3506],[-115.9171,58.34727],[-115.91895,58.34407],[-115.92195,58.34112],[-115.926,58.33853],[-115.93093,58.33641],[-115.93655,58.33483],[-115.94265,58.33386],[-115.949,58.33353],[-115.95534,58.33386],[-115.96145,58.33483],[-115.96707,58.33641],[-115.972,58.33853],[-115.97604,58.34112],[-115.97905,58.34407],[-115.9809,58.34727],[-115.98153,58.3506],[-115.9809,58.35393],[-115.97905,58.35713],[-115.97604,58.36008],[-115.972,58.36267],[-115.96707,58.36479],[-115.96145,58.36637],[-115.95534,58.36734],[-115.949,58.36767]]]}},{"type":"Feature","properties":{"ident":"CLC3","name":"Calgary (Peter Lougheed Centre) Heliport","airport_type":"heliport","radius_km":1.9},"geometry":{"type":"Polygon","coordinates":[[[-113.98263,51.09659],[-113.97733,51.09627],[-113.97224,51.0953],[-113.96754,51.09372],[-113.96342,51.0916],[-113.96004,51.08901],[-113.95753,51.08606],[-113.95599,51.08286],[-113.95547,51.07953],[-113.95599,51.0762],[-113.95753,51.073],[-113.96004,51.07004],[-113.96342,51.06746],[-113.96754,51.06534],[-113.97224,51.06376],[-113.97733,51.06279],[-113.98263,51.06246],[-113.98793,51.06279],[-113.99303,51.06376],[-113.99773,51.06534],[-114.00184,51.06746],[-114.00522,51.07004],[-114.00773,51.073],[-114.00928,51.0762],[-114.0098,51.07953],[-114.00928,51.08286],[-114.00773,51.08606],[-114.00522,51.08901],[-114.00184,51.0916],[-113.99773,51.09372],[-113.99303,51.0953],[-113.98793,51.09627],[-113.98263,51.09659]]]}},{"type":"Feature","properties":{"ident":"CLD2","name":"Edmonton / Leduc Heliport","airport_type":"heliport","radius_km":1.9},"geometry":{"type":"Polygon","coordinates":[[[-113.5426,53.27024],[-113.53703,53.26991],[-113.53168,53.26894],[-113.52675,53.26736],[-113.52243,53.26524],[-113.51888,53.26265],[-113.51624,53.2597],[-113.51462,53.2565],[-113.51407,53.25317],[-113.51462,53.24984],[-113.51624,53.24664],[-113.51888,53.24369],[-113.52243,53.2411],[-113.52675,53.23898],[-113.53168,53.2374],[-113.53703,53.23643],[-113.5426,53.2361],[-113.54816,53.23643],[-113.55352,53.2374],[-113.55845,53.23898],[-113.56277,53.2411],[-113.56632,53.24369],[-113.56896,53.24664],[-113.57058,53.24984],[-113.57113,53.25317],[-113.57058,53.2565],[-113.56896,53.2597],[-113.56632,53.26265],[-113.56277,53.26524],[-113.55845,53.26736],[-113.55352,53.26894],[-113.54816,53.26991],[-113.5426,53.27024]]]}},{"type":"Feature","properties":{"ident":"CLH2","name":"Stettler Health Centre Heliport","airport_type":"heliport","radius_km":1.9},"geometry":{"type":"Polygon","coordinates":[[[-112.72526,52.34022],[-112.71981,52.33989],[-112.71457,52.33892],[-112.70974,52.33735],[-112.70551,52.33522],[-112.70204,52.33264],[-112.69946,52.32969],[-112.69787,52.32648],[-112.69733,52.32315],[-112.69787,52.31982],[-112.69946,52.31662],[-112.70204,52.31367],[-112.70551,52.31109],[-112.70974,52.30896],[-112.71457,52.30739],[-112.71981,52.30641],[-112.72526,52.30609],[-112.7307,52.30641],[-112.73594,52.30739],[-112.74077,52.30896],[-112.745,52.31109],[-112.74848,52.31367],[-112.75106,52.31662],[-112.75265,52.31982],[-112.75318,52.32315],[-112.75265,52.32648],[-112.75106,52.32969],[-112.74848,52.33264],[-112.745,52.33522],[-112.74077,52.33735],[-112.73594,52.33892],[-112.7307,52.33989],[-112.72526,52.34022]]]}},{"type":"Feature","properties":{"ident":"CLH4","name":"Lethbridge/Chinook Regional Hospital Heliport","airport_type":"heliport","radius_km":1.9},"geometry":{"type":"Polygon","coordinates":[[[-112.81678,49.70296],[-112.81164,49.70263],[-112.80669,49.70166],[-112.80213,49.70008],[-112.79813,49.69796],[-112.79485,49.69537],[-112.79241,49.69242],[-112.79091,49.68922],[-112.7904,49.68589],[-112.79091,49.68256],[-112.79241,49.67936],[-112.79485,49.67641],[-112.79813,49.67382],[-112.80213,49.6717],[-112.80669,49.67012],[-112.81164,49.66915],[-112.81678,49.66882],[-112.82193,49.66915],[-112.82688,49.67012],[-112.83144,49.6717],[-112.83544,49.67382],[-112.83872,49.67641],[-112.84116,49.67936],[-112.84266,49.68256],[-112.84317,49.68589],[-112.84266,49.68922],[-112.84116,49.69242],[-112.83872,49.69537],[-112.83544,49.69796],[-112.83144,49.70008],[-112.82688,49.70166],[-112.82193,49.70263],[-112.81678,49.70296]]]}},{"type":"Feature","properties":{"ident":"CLH6","name":"Lloydminster Hospital Heliport","airport_type":"heliport","radius_km":1.9},"geometry":{"type":"Polygon","coordinates":[[[-109.9891,53.29111],[-109.98353,53.29079],[-109.97817,53.28982],[-109.97324,53.28824],[-109.96891,53.28612],[-109.96537,53.28353],[-109.96273,53.28058],[-109.9611,53.27738],[-109.96055,53.27405],[-109.9611,53.27072],[-109.96273,53.26752],[-109.96537,53.26456],[-109.96891,53.26198],[-109.97324,53.25986],[-109.97817,53.25828],[-109.98353,53.25731],[-109.9891,53.25698],[-109.99467,53.25731],[-110.00002,53.25828],[-110.00495,53.25986],[-110.00928,53.26198],[-110.01283,53.26456],[-110.01547,53.26752],[-110.01709,53.27072],[-110.01764,53.27405],[-110.01709,53.27738],[-110.01547,53.28058],[-110.01283,53.28353],[-110.00928,53.28612],[-110.00495,53.28824],[-110.00002,53.28982],[-109.99467,53.29079],[-109.9891,53.29111]]]}},{"type":"Feature","properties":{"ident":"CLH7","name":"Long Harbour River Helideck","airport_type":"heliport","radius_km":1.9},"geometry":{"type":"Polygon","coordinates":[[[-54.92027,47.92158],[-54.9153,47.92125],[-54.91052,47.92028],[-54.90612,47.91871],[-54.90226,47.91658],[-54.8991,47.914],[-54.89674,47.91105],[-54.89529,47.90784],[-54.8948,47.90452],[-54.89529,47.90119],[-54.89674,47.89798],[-54.8991,47.89503],[-54.90226,47.89245],[-54.90612,47.89032],[-54.91052,47.88875],[-54.9153,47.88778],[-54.92027,47.88745],[-54.92523,47.88778],[-54.93001,47.88875],[-54.93441,47.89032],[-54.93827,47.89245],[-54.94143,47.89503],[-54.94379,47.89798],[-54.94524,47.90119],[-54.94573,47.90452],[-54.94524,47.90784],[-54.94379,47.91105],[-54.94143,47.914],[-54.93827,47.91658],[-54.93441,47.91871],[-54.93001,47.92028],[-54.92523,47.92125],[-54.92027,47.92158]]]}},{"type":"Feature","properties":{"ident":"CLH8","name":"Haines Street Hospital Heliport","airport_type":"heliport","radius_km":1.9},"geometry":{"type":"Polygon","coordinates":[[[-78.66394,43.92359],[-78.65932,43.92326],[-78.65487,43.92229],[-78.65078,43.92071],[-78.64719,43.91859],[-78.64424,43.916],[-78.64205,43.91305],[-78.64071,43.90985],[-78.64025,43.90652],[-78.64071,43.90319],[-78.64205,43.89999],[-78.64424,43.89704],[-78.64719,43.89445],[-78.65078,43.89233],[-78.65487,43.89075],[-78.65932,43.88978],[-78.66394,43.88945],[-78.66856,43.88978],[-78.67301,43.89075],[-78.6771,43.89233],[-78.68069,43.89445],[-78.68364,43.89704],[-78.68583,43.89999],[-78.68717,43.90319],[-78.68763,43.90652],[-78.68717,43.90985],[-78.68583,43.91305],[-78.68364,43.916],[-78.68069,43.91859],[-78.6771,43.92071],[-78.67301,43.92229],[-78.66856,43.92326],[-78.66394,43.92359]]]}},{"type":"Feature","properties":{"ident":"CLM4","name":"Lamont Health Care Centre Heliport","airport_type":"heliport","radius_km":1.9},"geometry":{"type":"Polygon","coordinates":[[[-112.7877,53.78067],[-112.78207,53.78034],[-112.77665,53.77937],[-112.77166,53.77779],[-112.76728,53.77567],[-112.76369,53.77308],[-112.76102,53.77013],[-112.75938,53.76693],[-112.75883,53.7636],[-112.75938,53.76027],[-112.76102,53.75707],[-112.76369,53.75412],[-112.76728,53.75153],[-112.77166,53.74941],[-112.77665,53.74783],[-112.78207,53.74686],[-112.7877,53.74653],[-112.79333,53.74686],[-112.79875,53.74783],[-112.80374,53.74941],[-112.80812,53.75153],[-112.81171,53.75412],[-112.81438,53.75707],[-112.81602,53.76027],[-112.81657,53.7636],[-112.81602,53.76693],[-112.81438,53.77013],[-112.81171,53.77308],[-112.80812,53.77567],[-112.80374,53.77779],[-112.79875,53.77937],[-112.79333,53.78034],[-112.7877,53.78067]]]}},{"type":"Feature","properties":{"ident":"CLP2","name":"Montreal / Laval (Artopex Plus) Heliport","airport_type":"heliport","radius_km":1.9},"geometry":{"type":"Polygon","coordinates":[[[-73.75002,45.59566],[-73.74526,45.59534],[-73.74069,45.59436],[-73.73647,45.59279],[-73.73278,45.59066],[-73.72974,45.58808],[-73.72749,45.58513],[-73.7261,45.58193],[-73.72564,45.5786],[-73.7261,45.57527],[-73.72749,45.57206],[-73.72974,45.56911],[-73.73278,45.56653],[-73.73647,45.5644],[-73.74069,45.56283],[-73.74526,45.56186],[-73.75002,45.56153],[-73.75478,45.56186],[-73.75935,45.56283],[-73.76357,45.5644],[-73.76726,45.56653],[-73.7703,45.56911],[-73.77255,45.57206],[-73.77394,45.57527],[-73.77441,45.5786],[-73.77394,45.58193],[-73.77255,45.58513],[-73.7703,45.58808],[-73.76726,45.59066],[-73.76357,45.59279],[-73.75935,45.59436],[-73.75478,45.59534],[-73.75002,45.59566]]]}},{"type":"Feature","properties":{"ident":"CLQ2","name":"Queens General Hospital Heliport","airport_type":"heliport","radius_km":1.9},"geometry":{"type":"Polygon","coordinates":[[[-64.70526,44.05555],[-64.70063,44.05522],[-64.69618,44.05425],[-64.69207,44.05267],[-64.68847,44.05055],[-64.68552,44.04797],[-64.68333,44.04501],[-64.68198,44.04181],[-64.68152,44.03848],[-64.68198,44.03515],[-64.68333,44.03195],[-64.68552,44.029],[-64.68847,44.02641],[-64.69207,44.02429],[-64.69618,44.02271],[-64.70063,44.02174],[-64.70526,44.02142],[-64.70989,44.02174],[-64.71435,44.02271],[-64.71845,44.02429],[-64.72205,44.02641],[-64.725,44.029],[-64.7272,44.03195],[-64.72855,44.03515],[-64.72901,44.03848],[-64.72855,44.04181],[-64.7272,44.04501],[-64.725,44.04797],[-64.72205,44.05055],[-64.71845,44.05267],[-64.71435,44.05425],[-64.70989,44.05522],[-64.70526,44.05555]]]}},{"type":"Feature","properties":{"ident":"CMA3","name":"Aeria Helicentre Heliport","airport_type":"heliport","radius_km":1.9},"geometry":{"type":"Polygon","coordinates":[[[-72.10304,45.29844],[-72.09831,45.29811],[-72.09376,45.29714],[-72.08957,45.29557],[-72.08589,45.29344],[-72.08287,45.29086],[-72.08063,45.28791],[-72.07925,45.2847],[-72.07879,45.28137],[-72.07925,45.27805],[-72.08063,45.27484],[-72.08287,45.27189],[-72.08589,45.26931],[-72.08957,45.26718],[-72.09376,45.26561],[-72.09831,45.26464],[-72.10304,45.26431],[-72.10778,45.26464],[-72.11233,45.26561],[-72.11652,45.26718],[-72.1202,45.26931],[-72.12321,45.27189],[-72.12545,45.27484],[-72.12683,45.27805],[-72.1273,45.28137],[-72.12683,45.2847],[-72.12545,45.28791],[-72.12321,45.29086],[-72.1202,45.29344],[-72.11652,45.29557],[-72.11233,45.29714],[-72.10778,45.29811],[-72.10304,45.29844]]]}},{"type":"Feature","properties":{"ident":"CMBH","name":"Mount Belcher Heliport","airport_type":"heliport","radius_km":1.9},"geometry":{"type":"Polygon","coordinates":[[[-123.505,48.84987],[-123.49994,48.84954],[-123.49507,48.84857],[-123.49059,48.84699],[-123.48666,48.84487],[-123.48344,48.84228],[-123.48104,48.83933],[-123.47957,48.83613],[-123.47907,48.8328],[-123.47957,48.82947],[-123.48104,48.82627],[-123.48344,48.82332],[-123.48666,48.82073],[-123.49059,48.81861],[-123.49507,48.81703],[-123.49994,48.81606],[-123.505,48.81573],[-123.51006,48.81606],[-123.51492,48.81703],[-123.5194,48.81861],[-123.52333,48.82073],[-123.52656,48.82332],[-123.52895,48.82627],[-123.53043,48.82947],[-123.53093,48.8328],[-123.53043,48.83613],[-123.52895,48.83933],[-123.52656,48.84228],[-123.52333,48.84487],[-123.5194,48.84699],[-123.51492,48.84857],[-123.51006,48.84954],[-123.505,48.84987]]]}},{"type":"Feature","properties":{"ident":"CMC2","name":"Edmonton / Misericordia (Community Hospital) Heliport","airport_type":"heliport","radius_km":1.9},"geometry":{"type":"Polygon","coordinates":[[[-113.61106,53.53744],[-113.60545,53.53712],[-113.60007,53.53615],[-113.59511,53.53457],[-113.59076,53.53245],[-113.58719,53.52986],[-113.58453,53.52691],[-113.5829,53.52371],[-113.58235,53.52038],[-113.5829,53.51705],[-113.58453,53.51385],[-113.58719,53.51089],[-113.59076,53.50831],[-113.59511,53.50619],[-113.60007,53.50461],[-113.60545,53.50364],[-113.61106,53.50331],[-113.61666,53.50364],[-113.62204,53.50461],[-113.627,53.50619],[-113.63136,53.50831],[-113.63493,53.51089],[-113.63758,53.51385],[-113.63921,53.51705],[-113.63976,53.52038],[-113.63921,53.52371],[-113.63758,53.52691],[-113.63493,53.52986],[-113.63136,53.53245],[-113.627,53.53457],[-113.62204,53.53615],[-113.61666,53.53712],[-113.61106,53.53744]]]}},{"type":"Feature","properties":{"ident":"CMC3","name":"Mayerthorpe (Healthcare Centre) Heliport","airport_type":"heliport","radius_km":1.9},"geometry":{"type":"Polygon","coordinates":[[[-115.13302,53.96578],[-115.12736,53.96545],[-115.12192,53.96448],[-115.1169,53.9629],[-115.11251,53.96078],[-115.1089,53.95819],[-115.10622,53.95524],[-115.10457,53.95204],[-115.10402,53.94871],[-115.10457,53.94538],[-115.10622,53.94218],[-115.1089,53.93923],[-115.11251,53.93664],[-115.1169,53.93452],[-115.12192,53.93294],[-115.12736,53.93197],[-115.13302,53.93164],[-115.13868,53.93197],[-115.14412,53.93294],[-115.14913,53.93452],[-115.15352,53.93664],[-115.15713,53.93923],[-115.15981,53.94218],[-115.16146,53.94538],[-115.16202,53.94871],[-115.16146,53.95204],[-115.15981,53.95524],[-115.15713,53.95819],[-115.15352,53.96078],[-115.14913,53.9629],[-115.14412,53.96448],[-115.13868,53.96545],[-115.13302,53.96578]]]}},{"type":"Feature","properties":{"ident":"CMH2","name":"Milton (Afi) Heliport","airport_type":"heliport","radius_km":1.9},"geometry":{"type":"Polygon","coordinates":[[[-79.90273,43.54929],[-79.89814,43.54896],[-79.89373,43.54799],[-79.88965,43.54642],[-79.88609,43.54429],[-79.88316,43.54171],[-79.88098,43.53876],[-79.87964,43.53555],[-79.87919,43.53222],[-79.87964,43.52889],[-79.88098,43.52569],[-79.88316,43.52274],[-79.88609,43.52015],[-79.88965,43.51803],[-79.89373,43.51646],[-79.89814,43.51548],[-79.90273,43.51516],[-79.90733,43.51548],[-79.91174,43.51646],[-79.91581,43.51803],[-79.91938,43.52015],[-79.92231,43.52274],[-79.92448,43.52569],[-79.92582,43.52889],[-79.92628,43.53222],[-79.92582,43.53555],[-79.92448,43.53876],[-79.92231,43.54171],[-79.91938,43.54429],[-79.91581,43.54642],[-79.91174,43.54799],[-79.90733,43.54896],[-79.90273,43.54929]]]}},{"type":"Feature","properties":{"ident":"CMH3","name":"Lacombe (Mustang Helicopters)","airport_type":"heliport","radius_km":1.9},"geometry":{"type":"Polygon","coordinates":[[[-113.8225,52.39596],[-113.81705,52.39563],[-113.8118,52.39466],[-113.80697,52.39308],[-113.80273,52.39096],[-113.79925,52.38837],[-113.79667,52.38542],[-113.79508,52.38222],[-113.79454,52.37889],[-113.79508,52.37556],[-113.79667,52.37236],[-113.79925,52.3694],[-113.80273,52.36682],[-113.80697,52.3647],[-113.8118,52.36312],[-113.81705,52.36215],[-113.8225,52.36182],[-113.82796,52.36215],[-113.8332,52.36312],[-113.83804,52.3647],[-113.84227,52.36682],[-113.84575,52.3694],[-113.84833,52.37236],[-113.84993,52.37556],[-113.85046,52.37889],[-113.84993,52.38222],[-113.84833,52.38542],[-113.84575,52.38837],[-113.84227,52.39096],[-113.83804,52.39308],[-113.8332,52.39466],[-113.82796,52.39563],[-113.8225,52.39596]]]}},{"type":"Feature","properties":{"ident":"CMH4","name":"Mirabel H\u00e9lico Heliport","airport_type":"heliport","radius_km":1.9},"geometry":{"type":"Polygon","coordinates":[[[-73.9525,45.71262],[-73.94773,45.71229],[-73.94315,45.71132],[-73.93892,45.70974],[-73.93522,45.70762],[-73.93218,45.70503],[-73.92992,45.70208],[-73.92853,45.69888],[-73.92806,45.69555],[-73.92853,45.69222],[-73.92992,45.68902],[-73.93218,45.68607],[-73.93522,45.68348],[-73.93892,45.68136],[-73.94315,45.67978],[-73.94773,45.67881],[-73.9525,45.67848],[-73.95727,45.67881],[-73.96185,45.67978],[-73.96608,45.68136],[-73.96978,45.68348],[-73.97282,45.68607],[-73.97508,45.68902],[-73.97647,45.69222],[-73.97694,45.69555],[-73.97647,45.69888],[-73.97508,45.70208],[-73.97282,45.70503],[-73.96978,45.70762],[-73.96608,45.70974],[-73.96185,45.71132],[-73.95727,45.71229],[-73.9525,45.71262]]]}},{"type":"Feature","properties":{"ident":"CMH6","name":"Canadian Mountain Holidays Heliport","airport_type":"heliport","radius_km":1.9},"geometry":{"type":"Polygon","coordinates":[[[-119.25624,52.80543],[-119.25073,52.8051],[-119.24543,52.80413],[-119.24056,52.80255],[-119.23628,52.80043],[-119.23277,52.79784],[-119.23016,52.79489],[-119.22855,52.79169],[-119.22801,52.78836],[-119.22855,52.78503],[-119.23016,52.78183],[-119.23277,52.77888],[-119.23628,52.77629],[-119.24056,52.77417],[-119.24543,52.77259],[-119.25073,52.77162],[-119.25624,52.77129],[-119.26174,52.77162],[-119.26704,52.77259],[-119.27191,52.77417],[-119.27619,52.77629],[-119.2797,52.77888],[-119.28231,52.78183],[-119.28392,52.78503],[-119.28446,52.78836],[-119.28392,52.79169],[-119.28231,52.79489],[-119.2797,52.79784],[-119.27619,52.80043],[-119.27191,52.80255],[-119.26704,52.80413],[-119.26174,52.8051],[-119.25624,52.80543]]]}},{"type":"Feature","properties":{"ident":"CMI2","name":"Minden (Hospital) Heliport","airport_type":"heliport","radius_km":1.9},"geometry":{"type":"Polygon","coordinates":[[[-78.7294,44.94177],[-78.7247,44.94144],[-78.72018,44.94047],[-78.71601,44.93889],[-78.71236,44.93677],[-78.70936,44.93418],[-78.70713,44.93123],[-78.70576,44.92803],[-78.70529,44.9247],[-78.70576,44.92137],[-78.70713,44.91817],[-78.70936,44.91522],[-78.71236,44.91263],[-78.71601,44.91051],[-78.72018,44.90893],[-78.7247,44.90796],[-78.7294,44.90763],[-78.7341,44.90796],[-78.73863,44.90893],[-78.74279,44.91051],[-78.74645,44.91263],[-78.74944,44.91522],[-78.75167,44.91817],[-78.75304,44.92137],[-78.75351,44.9247],[-78.75304,44.92803],[-78.75167,44.93123],[-78.74944,44.93418],[-78.74645,44.93677],[-78.74279,44.93889],[-78.73863,44.94047],[-78.7341,44.94144],[-78.7294,44.94177]]]}},{"type":"Feature","properties":{"ident":"CMR4","name":"Mountain Road Heliport","airport_type":"heliport","radius_km":1.9},"geometry":{"type":"Polygon","coordinates":[[[-80.2925,44.51207],[-80.28783,44.51174],[-80.28334,44.51077],[-80.27921,44.50919],[-80.27558,44.50707],[-80.2726,44.50448],[-80.27039,44.50153],[-80.26903,44.49833],[-80.26857,44.495],[-80.26903,44.49167],[-80.27039,44.48847],[-80.2726,44.48552],[-80.27558,44.48293],[-80.27921,44.48081],[-80.28334,44.47923],[-80.28783,44.47826],[-80.2925,44.47793],[-80.29717,44.47826],[-80.30166,44.47923],[-80.30579,44.48081],[-80.30942,44.48293],[-80.3124,44.48552],[-80.31461,44.48847],[-80.31597,44.49167],[-80.31643,44.495],[-80.31597,44.49833],[-80.31461,44.50153],[-80.3124,44.50448],[-80.30942,44.50707],[-80.30579,44.50919],[-80.30166,44.51077],[-80.29717,44.51174],[-80.2925,44.51207]]]}},{"type":"Feature","properties":{"ident":"CMR6","name":"Camrose / St Mary's Hospital Heliport","airport_type":"heliport","radius_km":1.9},"geometry":{"type":"Polygon","coordinates":[[[-112.83017,53.03221],[-112.82463,53.03188],[-112.81931,53.03091],[-112.81441,53.02933],[-112.81011,53.02721],[-112.80658,53.02462],[-112.80396,53.02167],[-112.80234,53.01847],[-112.8018,53.01514],[-112.80234,53.01181],[-112.80396,53.00861],[-112.80658,53.00566],[-112.81011,53.00307],[-112.81441,53.00095],[-112.81931,52.99937],[-112.82463,52.9984],[-112.83017,52.99807],[-112.8357,52.9984],[-112.84103,52.99937],[-112.84593,53.00095],[-112.85023,53.00307],[-112.85376,53.00566],[-112.85638,53.00861],[-112.85799,53.01181],[-112.85854,53.01514],[-112.85799,53.01847],[-112.85638,53.02167],[-112.85376,53.02462],[-112.85023,53.02721],[-112.84593,53.02933],[-112.84103,53.03091],[-112.8357,53.03188],[-112.83017,53.03221]]]}},{"type":"Feature","properties":{"ident":"CMS2","name":"Middleton (Soldiers Memorial Hospital) Heliport","airport_type":"heliport","radius_km":1.9},"geometry":{"type":"Polygon","coordinates":[[[-65.05884,44.96326],[-65.05414,44.96293],[-65.04961,44.96196],[-65.04544,44.96038],[-65.04179,44.95826],[-65.03879,44.95567],[-65.03656,44.95272],[-65.03519,44.94952],[-65.03473,44.94619],[-65.03519,44.94286],[-65.03656,44.93966],[-65.03879,44.93671],[-65.04179,44.93412],[-65.04544,44.932],[-65.04961,44.93042],[-65.05414,44.92945],[-65.05884,44.92912],[-65.06355,44.92945],[-65.06807,44.93042],[-65.07224,44.932],[-65.07589,44.93412],[-65.07889,44.93671],[-65.08112,44.93966],[-65.08249,44.94286],[-65.08296,44.94619],[-65.08249,44.94952],[-65.08112,44.95272],[-65.07889,44.95567],[-65.07589,44.95826],[-65.07224,44.96038],[-65.06807,44.96196],[-65.06355,44.96293],[-65.05884,44.96326]]]}},{"type":"Feature","properties":{"ident":"CNA5","name":"Uxbridge (Cottage Hospital) Heliport","airport_type":"heliport","radius_km":1.9},"geometry":{"type":"Polygon","coordinates":[[[-79.12858,44.11952],[-79.12394,44.1192],[-79.11948,44.11822],[-79.11537,44.11665],[-79.11177,44.11453],[-79.10882,44.11194],[-79.10662,44.10899],[-79.10527,44.10579],[-79.10481,44.10246],[-79.10527,44.09913],[-79.10662,44.09592],[-79.10882,44.09297],[-79.11177,44.09039],[-79.11537,44.08826],[-79.11948,44.08669],[-79.12394,44.08572],[-79.12858,44.08539],[-79.13321,44.08572],[-79.13767,44.08669],[-79.14178,44.08826],[-79.14538,44.09039],[-79.14834,44.09297],[-79.15054,44.09592],[-79.15189,44.09913],[-79.15235,44.10246],[-79.15189,44.10579],[-79.15054,44.10899],[-79.14834,44.11194],[-79.14538,44.11453],[-79.14178,44.11665],[-79.13767,44.11822],[-79.13321,44.1192],[-79.12858,44.11952]]]}},{"type":"Feature","properties":{"ident":"CNB2","name":"Bolton Heliport","airport_type":"heliport","radius_km":1.9},"geometry":{"type":"Polygon","coordinates":[[[-79.69482,43.86923],[-79.6902,43.8689],[-79.68576,43.86793],[-79.68167,43.86635],[-79.67809,43.86423],[-79.67514,43.86164],[-79.67295,43.85869],[-79.67161,43.85549],[-79.67115,43.85216],[-79.67161,43.84883],[-79.67295,43.84563],[-79.67514,43.84268],[-79.67809,43.84009],[-79.68167,43.83797],[-79.68576,43.83639],[-79.6902,43.83542],[-79.69482,43.83509],[-79.69944,43.83542],[-79.70388,43.83639],[-79.70797,43.83797],[-79.71156,43.84009],[-79.7145,43.84268],[-79.71669,43.84563],[-79.71804,43.84883],[-79.71849,43.85216],[-79.71804,43.85549],[-79.71669,43.85869],[-79.7145,43.86164],[-79.71156,43.86423],[-79.70797,43.86635],[-79.70388,43.86793],[-79.69944,43.8689],[-79.69482,43.86923]]]}},{"type":"Feature","properties":{"ident":"CNB3","name":"North Bay Regional Health Centre Helipad","airport_type":"heliport","radius_km":1.9},"geometry":{"type":"Polygon","coordinates":[[[-79.49587,46.35192],[-79.49105,46.35159],[-79.48641,46.35062],[-79.48214,46.34905],[-79.47839,46.34692],[-79.47531,46.34434],[-79.47303,46.34139],[-79.47162,46.33818],[-79.47115,46.33485],[-79.47162,46.33152],[-79.47303,46.32832],[-79.47531,46.32537],[-79.47839,46.32279],[-79.48214,46.32066],[-79.48641,46.31909],[-79.49105,46.31811],[-79.49587,46.31779],[-79.50069,46.31811],[-79.50533,46.31909],[-79.5096,46.32066],[-79.51335,46.32279],[-79.51642,46.32537],[-79.51871,46.32832],[-79.52011,46.33152],[-79.52059,46.33485],[-79.52011,46.33818],[-79.51871,46.34139],[-79.51642,46.34434],[-79.51335,46.34692],[-79.5096,46.34905],[-79.50533,46.35062],[-79.50069,46.35159],[-79.49587,46.35192]]]}},{"type":"Feature","properties":{"ident":"CNB4","name":"Cobourg (Northumberland Hills Hospital) Heliport","airport_type":"heliport","radius_km":1.9},"geometry":{"type":"Polygon","coordinates":[[[-78.2,43.99427],[-78.19537,43.99394],[-78.19092,43.99297],[-78.18682,43.99139],[-78.18323,43.98927],[-78.18028,43.98668],[-78.17808,43.98373],[-78.17673,43.98053],[-78.17628,43.9772],[-78.17673,43.97387],[-78.17808,43.97067],[-78.18028,43.96772],[-78.18323,43.96513],[-78.18682,43.96301],[-78.19092,43.96143],[-78.19537,43.96046],[-78.2,43.96013],[-78.20462,43.96046],[-78.20907,43.96143],[-78.21317,43.96301],[-78.21677,43.96513],[-78.21972,43.96772],[-78.22191,43.97067],[-78.22326,43.97387],[-78.22372,43.9772],[-78.22326,43.98053],[-78.22191,43.98373],[-78.21972,43.98668],[-78.21677,43.98927],[-78.21317,43.99139],[-78.20907,43.99297],[-78.20462,43.99394],[-78.2,43.99427]]]}},{"type":"Feature","properties":{"ident":"CNC2","name":"Cornwall (DEV Centre) Heliport","airport_type":"heliport","radius_km":1.9},"geometry":{"type":"Polygon","coordinates":[[[-74.67945,45.04474],[-74.67474,45.04441],[-74.67021,45.04344],[-74.66603,45.04186],[-74.66237,45.03974],[-74.65937,45.03715],[-74.65714,45.0342],[-74.65576,45.031],[-74.6553,45.02767],[-74.65576,45.02434],[-74.65714,45.02114],[-74.65937,45.01819],[-74.66237,45.0156],[-74.66603,45.01348],[-74.67021,45.0119],[-74.67474,45.01093],[-74.67945,45.0106],[-74.68416,45.01093],[-74.68869,45.0119],[-74.69286,45.01348],[-74.69652,45.0156],[-74.69953,45.01819],[-74.70176,45.02114],[-74.70313,45.02434],[-74.7036,45.02767],[-74.70313,45.031],[-74.70176,45.0342],[-74.69953,45.03715],[-74.69652,45.03974],[-74.69286,45.04186],[-74.68869,45.04344],[-74.68416,45.04441],[-74.67945,45.04474]]]}},{"type":"Feature","properties":{"ident":"CNC3","name":"Brampton-Caledon Airport","airport_type":"medium_airport","radius_km":5.6},"geometry":{"type":"Polygon","coordinates":[[[-79.875,43.81061],[-79.86591,43.81018],[-79.85697,43.80889],[-79.84835,43.80678],[-79.84017,43.80387],[-79.8326,43.80021],[-79.82575,43.79587],[-79.81974,43.79092],[-79.81468,43.78545],[-79.81065,43.77955],[-79.80772,43.77332],[-79.80594,43.76687],[-79.80535,43.7603],[-79.80594,43.75373],[-79.80772,43.74728],[-79.81065,43.74105],[-79.81468,43.73515],[-79.81974,43.72968],[-79.82575,43.72473],[-79.8326,43.72039],[-79.84017,43.71673],[-79.84835,43.71382],[-79.85697,43.71171],[-79.86591,43.71042],[-79.875,43.70999],[-79.88409,43.71042],[-79.89303,43.71171],[-79.90165,43.71382],[-79.90983,43.71673],[-79.9174,43.72039],[-79.92425,43.72473],[-79.93026,43.72968],[-79.93532,43.73515],[-79.93935,43.74105],[-79.94228,43.74728],[-79.94406,43.75373],[-79.94465,43.7603],[-79.94406,43.76687],[-79.94228,43.77332],[-79.93935,43.77955],[-79.93532,43.78545],[-79.93026,43.79092],[-79.92425,43.79587],[-79.9174,43.80021],[-79.90983,43.80387],[-79.90165,43.80678],[-79.89303,43.80889],[-79.88409,43.81018],[-79.875,43.81061]]]}},{"type":"Feature","properties":{"ident":"CNC9","name":"Perth (Great War Memorial Hospital) Heliport","airport_type":"heliport","radius_km":1.9},"geometry":{"type":"Polygon","coordinates":[[[-76.25365,44.92401],[-76.24895,44.92368],[-76.24442,44.92271],[-76.24026,44.92113],[-76.23661,44.91901],[-76.23361,44.91642],[-76.23138,44.91347],[-76.23001,44.91027],[-76.22955,44.90694],[-76.23001,44.90361],[-76.23138,44.90041],[-76.23361,44.89746],[-76.23661,44.89487],[-76.24026,44.89275],[-76.24442,44.89117],[-76.24895,44.8902],[-76.25365,44.88987],[-76.25835,44.8902],[-76.26287,44.89117],[-76.26704,44.89275],[-76.27069,44.89487],[-76.27368,44.89746],[-76.27591,44.90041],[-76.27728,44.90361],[-76.27775,44.90694],[-76.27728,44.91027],[-76.27591,44.91347],[-76.27368,44.91642],[-76.27069,44.91901],[-76.26704,44.92113],[-76.26287,44.92271],[-76.25835,44.92368],[-76.25365,44.92401]]]}},{"type":"Feature","properties":{"ident":"CND7","name":"Slocan Community Hospital Helipad","airport_type":"heliport","radius_km":1.9},"geometry":{"type":"Polygon","coordinates":[[[-117.3744,50.00117],[-117.36922,50.00084],[-117.36424,49.99987],[-117.35965,49.99829],[-117.35563,49.99617],[-117.35233,49.99358],[-117.34988,49.99063],[-117.34837,49.98743],[-117.34786,49.9841],[-117.34837,49.98077],[-117.34988,49.97757],[-117.35233,49.97462],[-117.35563,49.97203],[-117.35965,49.96991],[-117.36424,49.96833],[-117.36922,49.96736],[-117.3744,49.96703],[-117.37958,49.96736],[-117.38456,49.96833],[-117.38915,49.96991],[-117.39317,49.97203],[-117.39647,49.97462],[-117.39892,49.97757],[-117.40043,49.98077],[-117.40094,49.9841],[-117.40043,49.98743],[-117.39892,49.99063],[-117.39647,49.99358],[-117.39317,49.99617],[-117.38915,49.99829],[-117.38456,49.99987],[-117.37958,50.00084],[-117.3744,50.00117]]]}},{"type":"Feature","properties":{"ident":"CNF2","name":"Haliburton (Hospital) Heliport","airport_type":"heliport","radius_km":1.9},"geometry":{"type":"Polygon","coordinates":[[[-78.5303,45.05517],[-78.52558,45.05484],[-78.52105,45.05387],[-78.51688,45.05229],[-78.51322,45.05017],[-78.51021,45.04758],[-78.50798,45.04463],[-78.50661,45.04143],[-78.50614,45.0381],[-78.50661,45.03477],[-78.50798,45.03157],[-78.51021,45.02862],[-78.51322,45.02603],[-78.51688,45.02391],[-78.52105,45.02233],[-78.52558,45.02136],[-78.5303,45.02103],[-78.53501,45.02136],[-78.53954,45.02233],[-78.54372,45.02391],[-78.54738,45.02603],[-78.55038,45.02862],[-78.55261,45.03157],[-78.55399,45.03477],[-78.55445,45.0381],[-78.55399,45.04143],[-78.55261,45.04463],[-78.55038,45.04758],[-78.54738,45.05017],[-78.54372,45.05229],[-78.53954,45.05387],[-78.53501,45.05484],[-78.5303,45.05517]]]}},{"type":"Feature","properties":{"ident":"CNG2","name":"Aberdeen Hospital Heliport","airport_type":"heliport","radius_km":1.9},"geometry":{"type":"Polygon","coordinates":[[[-62.64437,45.5893],[-62.63961,45.58897],[-62.63504,45.588],[-62.63082,45.58642],[-62.62713,45.5843],[-62.62409,45.58171],[-62.62184,45.57876],[-62.62045,45.57556],[-62.61999,45.57223],[-62.62045,45.5689],[-62.62184,45.5657],[-62.62409,45.56275],[-62.62713,45.56016],[-62.63082,45.55804],[-62.63504,45.55646],[-62.63961,45.55549],[-62.64437,45.55516],[-62.64912,45.55549],[-62.6537,45.55646],[-62.65791,45.55804],[-62.66161,45.56016],[-62.66464,45.56275],[-62.66689,45.5657],[-62.66828,45.5689],[-62.66875,45.57223],[-62.66828,45.57556],[-62.66689,45.57876],[-62.66464,45.58171],[-62.66161,45.5843],[-62.65791,45.58642],[-62.6537,45.588],[-62.64912,45.58897],[-62.64437,45.5893]]]}},{"type":"Feature","properties":{"ident":"CNG5","name":"Pembroke (Regional Hospital) Heliport","airport_type":"heliport","radius_km":1.9},"geometry":{"type":"Polygon","coordinates":[[[-77.1078,45.83237],[-77.10303,45.83204],[-77.09843,45.83107],[-77.0942,45.82949],[-77.09049,45.82737],[-77.08744,45.82478],[-77.08518,45.82183],[-77.08379,45.81863],[-77.08331,45.8153],[-77.08379,45.81197],[-77.08518,45.80877],[-77.08744,45.80582],[-77.09049,45.80323],[-77.0942,45.80111],[-77.09843,45.79953],[-77.10303,45.79856],[-77.1078,45.79823],[-77.11258,45.79856],[-77.11717,45.79953],[-77.12141,45.80111],[-77.12512,45.80323],[-77.12816,45.80582],[-77.13043,45.80877],[-77.13182,45.81197],[-77.13229,45.8153],[-77.13182,45.81863],[-77.13043,45.82183],[-77.12816,45.82478],[-77.12512,45.82737],[-77.12141,45.82949],[-77.11717,45.83107],[-77.11258,45.83204],[-77.1078,45.83237]]]}},{"type":"Feature","properties":{"ident":"CNG6","name":"Bruce County General Hospital Heliport","airport_type":"heliport","radius_km":1.9},"geometry":{"type":"Polygon","coordinates":[[[-81.15245,44.13842],[-81.14781,44.13809],[-81.14335,44.13712],[-81.13924,44.13555],[-81.13564,44.13342],[-81.13268,44.13084],[-81.13049,44.12789],[-81.12913,44.12468],[-81.12868,44.12135],[-81.12913,44.11802],[-81.13049,44.11482],[-81.13268,44.11187],[-81.13564,44.10929],[-81.13924,44.10716],[-81.14335,44.10559],[-81.14781,44.10461],[-81.15245,44.10429],[-81.15709,44.10461],[-81.16155,44.10559],[-81.16566,44.10716],[-81.16926,44.10929],[-81.17222,44.11187],[-81.17442,44.11482],[-81.17577,44.11802],[-81.17623,44.12135],[-81.17577,44.12468],[-81.17442,44.12789],[-81.17222,44.13084],[-81.16926,44.13342],[-81.16566,44.13555],[-81.16155,44.13712],[-81.15709,44.13809],[-81.15245,44.13842]]]}},{"type":"Feature","properties":{"ident":"CNG8","name":"Greater Niagara General Hospital Heliport","airport_type":"heliport","radius_km":1.9},"geometry":{"type":"Polygon","coordinates":[[[-79.0919,43.12287],[-79.08734,43.12254],[-79.08295,43.12157],[-79.07891,43.11999],[-79.07537,43.11787],[-79.07246,43.11529],[-79.0703,43.11233],[-79.06897,43.10913],[-79.06852,43.1058],[-79.06897,43.10247],[-79.0703,43.09927],[-79.07246,43.09632],[-79.07537,43.09373],[-79.07891,43.09161],[-79.08295,43.09003],[-79.08734,43.08906],[-79.0919,43.08874],[-79.09646,43.08906],[-79.10085,43.09003],[-79.10489,43.09161],[-79.10843,43.09373],[-79.11134,43.09632],[-79.1135,43.09927],[-79.11483,43.10247],[-79.11528,43.1058],[-79.11483,43.10913],[-79.1135,43.11233],[-79.11134,43.11529],[-79.10843,43.11787],[-79.10489,43.11999],[-79.10085,43.12157],[-79.09646,43.12254],[-79.0919,43.12287]]]}},{"type":"Feature","properties":{"ident":"CNH4","name":"Niagara Health System Heliport","airport_type":"heliport","radius_km":1.9},"geometry":{"type":"Polygon","coordinates":[[[-79.2807,43.16887],[-79.27614,43.16854],[-79.27175,43.16757],[-79.2677,43.16599],[-79.26416,43.16387],[-79.26125,43.16128],[-79.25909,43.15833],[-79.25775,43.15513],[-79.2573,43.1518],[-79.25775,43.14847],[-79.25909,43.14527],[-79.26125,43.14232],[-79.26416,43.13973],[-79.2677,43.13761],[-79.27175,43.13603],[-79.27614,43.13506],[-79.2807,43.13473],[-79.28526,43.13506],[-79.28965,43.13603],[-79.2937,43.13761],[-79.29724,43.13973],[-79.30015,43.14232],[-79.30231,43.14527],[-79.30365,43.14847],[-79.3041,43.1518],[-79.30365,43.15513],[-79.30231,43.15833],[-79.30015,43.16128],[-79.29724,43.16387],[-79.2937,43.16599],[-79.28965,43.16757],[-79.28526,43.16854],[-79.2807,43.16887]]]}},{"type":"Feature","properties":{"ident":"CNH9","name":"Nanaimo (West Coast) Heliport","airport_type":"heliport","radius_km":1.9},"geometry":{"type":"Polygon","coordinates":[[[-123.98917,49.20191],[-123.98408,49.20158],[-123.97918,49.20061],[-123.97466,49.19903],[-123.97071,49.19691],[-123.96746,49.19432],[-123.96505,49.19137],[-123.96356,49.18817],[-123.96306,49.18484],[-123.96356,49.18151],[-123.96505,49.17831],[-123.96746,49.17536],[-123.97071,49.17277],[-123.97466,49.17065],[-123.97918,49.16907],[-123.98408,49.1681],[-123.98917,49.16777],[-123.99427,49.1681],[-123.99916,49.16907],[-124.00368,49.17065],[-124.00764,49.17277],[-124.01088,49.17536],[-124.0133,49.17831],[-124.01478,49.18151],[-124.01528,49.18484],[-124.01478,49.18817],[-124.0133,49.19137],[-124.01088,49.19432],[-124.00764,49.19691],[-124.00368,49.19903],[-123.99916,49.20061],[-123.99427,49.20158],[-123.98917,49.20191]]]}},{"type":"Feature","properties":{"ident":"CNK6","name":"Owen Sound (Grey Bruce Health Services) Heliport","airport_type":"heliport","radius_km":1.9},"geometry":{"type":"Polygon","coordinates":[[[-80.9133,44.58517],[-80.90863,44.58484],[-80.90413,44.58387],[-80.89999,44.58229],[-80.89636,44.58017],[-80.89338,44.57758],[-80.89117,44.57463],[-80.8898,44.57143],[-80.88934,44.5681],[-80.8898,44.56477],[-80.89117,44.56157],[-80.89338,44.55862],[-80.89636,44.55603],[-80.89999,44.55391],[-80.90413,44.55233],[-80.90863,44.55136],[-80.9133,44.55103],[-80.91797,44.55136],[-80.92247,44.55233],[-80.92661,44.55391],[-80.93024,44.55603],[-80.93322,44.55862],[-80.93543,44.56157],[-80.9368,44.56477],[-80.93726,44.5681],[-80.9368,44.57143],[-80.93543,44.57463],[-80.93322,44.57758],[-80.93024,44.58017],[-80.92661,44.58229],[-80.92247,44.58387],[-80.91797,44.58484],[-80.9133,44.58517]]]}},{"type":"Feature","properties":{"ident":"CNK7","name":"Canmore/Nakoda Heliport","airport_type":"heliport","radius_km":1.9},"geometry":{"type":"Polygon","coordinates":[[[-115.01222,51.1204],[-115.00692,51.12007],[-115.00182,51.1191],[-114.99712,51.11752],[-114.993,51.1154],[-114.98962,51.11281],[-114.98711,51.10986],[-114.98556,51.10666],[-114.98504,51.10333],[-114.98556,51.1],[-114.98711,51.0968],[-114.98962,51.09385],[-114.993,51.09126],[-114.99712,51.08914],[-115.00182,51.08756],[-115.00692,51.08659],[-115.01222,51.08626],[-115.01752,51.08659],[-115.02262,51.08756],[-115.02732,51.08914],[-115.03144,51.09126],[-115.03482,51.09385],[-115.03733,51.0968],[-115.03888,51.1],[-115.0394,51.10333],[-115.03888,51.10666],[-115.03733,51.10986],[-115.03482,51.11281],[-115.03144,51.1154],[-115.02732,51.11752],[-115.02262,51.1191],[-115.01752,51.12007],[-115.01222,51.1204]]]}},{"type":"Feature","properties":{"ident":"CNK9","name":"Grand River Hospital Heliport","airport_type":"heliport","radius_km":1.9},"geometry":{"type":"Polygon","coordinates":[[[-80.50372,43.46995],[-80.49913,43.46963],[-80.49472,43.46865],[-80.49066,43.46708],[-80.48709,43.46495],[-80.48417,43.46237],[-80.482,43.45942],[-80.48066,43.45622],[-80.48021,43.45289],[-80.48066,43.44956],[-80.482,43.44635],[-80.48417,43.4434],[-80.48709,43.44082],[-80.49066,43.43869],[-80.49472,43.43712],[-80.49913,43.43615],[-80.50372,43.43582],[-80.50831,43.43615],[-80.51272,43.43712],[-80.51678,43.43869],[-80.52034,43.44082],[-80.52327,43.4434],[-80.52544,43.44635],[-80.52678,43.44956],[-80.52723,43.45289],[-80.52678,43.45622],[-80.52544,43.45942],[-80.52327,43.46237],[-80.52034,43.46495],[-80.51678,43.46708],[-80.51272,43.46865],[-80.50831,43.46963],[-80.50372,43.46995]]]}},{"type":"Feature","properties":{"ident":"CNM3","name":"West Nipissing General Hospital Heliport","airport_type":"heliport","radius_km":1.9},"geometry":{"type":"Polygon","coordinates":[[[-79.91621,46.39047],[-79.91138,46.39014],[-79.90674,46.38917],[-79.90246,46.38759],[-79.89871,46.38547],[-79.89564,46.38288],[-79.89335,46.37993],[-79.89194,46.37673],[-79.89147,46.3734],[-79.89194,46.37007],[-79.89335,46.36687],[-79.89564,46.36392],[-79.89871,46.36133],[-79.90246,46.35921],[-79.90674,46.35763],[-79.91138,46.35666],[-79.91621,46.35633],[-79.92103,46.35666],[-79.92567,46.35763],[-79.92995,46.35921],[-79.9337,46.36133],[-79.93678,46.36392],[-79.93906,46.36687],[-79.94047,46.37007],[-79.94094,46.3734],[-79.94047,46.37673],[-79.93906,46.37993],[-79.93678,46.38288],[-79.9337,46.38547],[-79.92995,46.38759],[-79.92567,46.38917],[-79.92103,46.39014],[-79.91621,46.39047]]]}},{"type":"Feature","properties":{"ident":"CNM6","name":"Naramata Heliport","airport_type":"heliport","radius_km":1.9},"geometry":{"type":"Polygon","coordinates":[[[-119.5785,49.61997],[-119.57336,49.61964],[-119.56842,49.61867],[-119.56387,49.61709],[-119.55988,49.61497],[-119.5566,49.61238],[-119.55417,49.60943],[-119.55267,49.60623],[-119.55216,49.6029],[-119.55267,49.59957],[-119.55417,49.59637],[-119.5566,49.59342],[-119.55988,49.59083],[-119.56387,49.58871],[-119.56842,49.58713],[-119.57336,49.58616],[-119.5785,49.58583],[-119.58364,49.58616],[-119.58858,49.58713],[-119.59313,49.58871],[-119.59712,49.59083],[-119.6004,49.59342],[-119.60283,49.59637],[-119.60433,49.59957],[-119.60484,49.6029],[-119.60433,49.60623],[-119.60283,49.60943],[-119.6004,49.61238],[-119.59712,49.61497],[-119.59313,49.61709],[-119.58858,49.61867],[-119.58364,49.61964],[-119.5785,49.61997]]]}},{"type":"Feature","properties":{"ident":"CNR3","name":"Sault Ste. Marie Heliport","airport_type":"heliport","radius_km":1.9},"geometry":{"type":"Polygon","coordinates":[[[-84.3233,46.52147],[-84.31847,46.52114],[-84.31381,46.52017],[-84.30953,46.51859],[-84.30577,46.51647],[-84.30269,46.51388],[-84.30039,46.51093],[-84.29898,46.50773],[-84.29851,46.5044],[-84.29898,46.50107],[-84.30039,46.49787],[-84.30269,46.49492],[-84.30577,46.49233],[-84.30953,46.49021],[-84.31381,46.48863],[-84.31847,46.48766],[-84.3233,46.48733],[-84.32814,46.48766],[-84.33279,46.48863],[-84.33708,46.49021],[-84.34084,46.49233],[-84.34392,46.49492],[-84.34621,46.49787],[-84.34762,46.50107],[-84.3481,46.5044],[-84.34762,46.50773],[-84.34621,46.51093],[-84.34392,46.51388],[-84.34084,46.51647],[-84.33708,46.51859],[-84.33279,46.52017],[-84.32814,46.52114],[-84.3233,46.52147]]]}},{"type":"Feature","properties":{"ident":"CNS3","name":"Englehart (District Hospital) Heliport","airport_type":"heliport","radius_km":1.9},"geometry":{"type":"Polygon","coordinates":[[[-79.88005,47.84031],[-79.87509,47.83998],[-79.87032,47.83901],[-79.86592,47.83743],[-79.86207,47.83531],[-79.85891,47.83272],[-79.85656,47.82977],[-79.85511,47.82657],[-79.85463,47.82324],[-79.85511,47.81991],[-79.85656,47.81671],[-79.85891,47.81376],[-79.86207,47.81117],[-79.86592,47.80905],[-79.87032,47.80747],[-79.87509,47.8065],[-79.88005,47.80617],[-79.88501,47.8065],[-79.88977,47.80747],[-79.89417,47.80905],[-79.89802,47.81117],[-79.90118,47.81376],[-79.90353,47.81671],[-79.90498,47.81991],[-79.90547,47.82324],[-79.90498,47.82657],[-79.90353,47.82977],[-79.90118,47.83272],[-79.89802,47.83531],[-79.89417,47.83743],[-79.88977,47.83901],[-79.88501,47.83998],[-79.88005,47.84031]]]}},{"type":"Feature","properties":{"ident":"CNS9","name":"Smiths Falls (Community Hospital) Heliport","airport_type":"heliport","radius_km":1.9},"geometry":{"type":"Polygon","coordinates":[[[-76.02778,44.92424],[-76.02308,44.92392],[-76.01856,44.92294],[-76.01439,44.92137],[-76.01074,44.91924],[-76.00775,44.91666],[-76.00552,44.91371],[-76.00415,44.91051],[-76.00368,44.90718],[-76.00415,44.90385],[-76.00552,44.90064],[-76.00775,44.89769],[-76.01074,44.89511],[-76.01439,44.89298],[-76.01856,44.89141],[-76.02308,44.89044],[-76.02778,44.89011],[-76.03248,44.89044],[-76.03701,44.89141],[-76.04117,44.89298],[-76.04482,44.89511],[-76.04782,44.89769],[-76.05005,44.90064],[-76.05142,44.90385],[-76.05188,44.90718],[-76.05142,44.91051],[-76.05005,44.91371],[-76.04782,44.91666],[-76.04482,44.91924],[-76.04117,44.92137],[-76.03701,44.92294],[-76.03248,44.92392],[-76.02778,44.92424]]]}},{"type":"Feature","properties":{"ident":"CNT4","name":"Little Current (Manitoulin Health Centre) Heliport","airport_type":"heliport","radius_km":1.9},"geometry":{"type":"Polygon","coordinates":[[[-81.9264,45.99517],[-81.92161,45.99484],[-81.917,45.99387],[-81.91275,45.99229],[-81.90903,45.99017],[-81.90598,45.98758],[-81.90371,45.98463],[-81.90231,45.98143],[-81.90184,45.9781],[-81.90231,45.97477],[-81.90371,45.97157],[-81.90598,45.96862],[-81.90903,45.96603],[-81.91275,45.96391],[-81.917,45.96233],[-81.92161,45.96136],[-81.9264,45.96103],[-81.93119,45.96136],[-81.9358,45.96233],[-81.94004,45.96391],[-81.94377,45.96603],[-81.94682,45.96862],[-81.94909,45.97157],[-81.95049,45.97477],[-81.95096,45.9781],[-81.95049,45.98143],[-81.94909,45.98463],[-81.94682,45.98758],[-81.94377,45.99017],[-81.94004,45.99229],[-81.9358,45.99387],[-81.93119,45.99484],[-81.9264,45.99517]]]}},{"type":"Feature","properties":{"ident":"CNU3","name":"Peterborough (Civic Hospital) Heliport","airport_type":"heliport","radius_km":1.9},"geometry":{"type":"Polygon","coordinates":[[[-78.3458,44.31767],[-78.34115,44.31734],[-78.33668,44.31637],[-78.33255,44.31479],[-78.32894,44.31267],[-78.32597,44.31008],[-78.32377,44.30713],[-78.32241,44.30393],[-78.32195,44.3006],[-78.32241,44.29727],[-78.32377,44.29407],[-78.32597,44.29112],[-78.32894,44.28853],[-78.33255,44.28641],[-78.33668,44.28483],[-78.34115,44.28386],[-78.3458,44.28353],[-78.35045,44.28386],[-78.35493,44.28483],[-78.35905,44.28641],[-78.36267,44.28853],[-78.36563,44.29112],[-78.36784,44.29407],[-78.36919,44.29727],[-78.36965,44.3006],[-78.36919,44.30393],[-78.36784,44.30713],[-78.36563,44.31008],[-78.36267,44.31267],[-78.35905,44.31479],[-78.35493,44.31637],[-78.35045,44.31734],[-78.3458,44.31767]]]}},{"type":"Feature","properties":{"ident":"CNV2","name":"Inverness Consolidated Memorial Hospital Heliport","airport_type":"heliport","radius_km":1.9},"geometry":{"type":"Polygon","coordinates":[[[-61.2916,46.21643],[-61.28679,46.2161],[-61.28216,46.21513],[-61.2779,46.21355],[-61.27416,46.21143],[-61.27109,46.20884],[-61.26881,46.20589],[-61.26741,46.20269],[-61.26694,46.19936],[-61.26741,46.19603],[-61.26881,46.19283],[-61.27109,46.18988],[-61.27416,46.18729],[-61.2779,46.18517],[-61.28216,46.18359],[-61.28679,46.18262],[-61.2916,46.18229],[-61.29641,46.18262],[-61.30103,46.18359],[-61.3053,46.18517],[-61.30903,46.18729],[-61.3121,46.18988],[-61.31438,46.19283],[-61.31578,46.19603],[-61.31626,46.19936],[-61.31578,46.20269],[-61.31438,46.20589],[-61.3121,46.20884],[-61.30903,46.21143],[-61.3053,46.21355],[-61.30103,46.21513],[-61.29641,46.2161],[-61.2916,46.21643]]]}},{"type":"Feature","properties":{"ident":"CNV3","name":"New Liskeard (Temiskaming Hospital) Heliport","airport_type":"heliport","radius_km":1.9},"geometry":{"type":"Polygon","coordinates":[[[-79.69295,47.51155],[-79.68802,47.51122],[-79.68328,47.51025],[-79.67891,47.50867],[-79.67508,47.50655],[-79.67194,47.50396],[-79.66961,47.50101],[-79.66817,47.49781],[-79.66769,47.49448],[-79.66817,47.49115],[-79.66961,47.48795],[-79.67194,47.485],[-79.67508,47.48241],[-79.67891,47.48029],[-79.68328,47.47871],[-79.68802,47.47774],[-79.69295,47.47741],[-79.69787,47.47774],[-79.70261,47.47871],[-79.70698,47.48029],[-79.71081,47.48241],[-79.71395,47.485],[-79.71628,47.48795],[-79.71772,47.49115],[-79.71821,47.49448],[-79.71772,47.49781],[-79.71628,47.50101],[-79.71395,47.50396],[-79.71081,47.50655],[-79.70698,47.50867],[-79.70261,47.51025],[-79.69787,47.51122],[-79.69295,47.51155]]]}},{"type":"Feature","properties":{"ident":"CNW4","name":"Mindemoya (Hospital) Heliport","airport_type":"heliport","radius_km":1.9},"geometry":{"type":"Polygon","coordinates":[[[-82.1667,45.75597],[-82.16193,45.75564],[-82.15734,45.75467],[-82.15312,45.75309],[-82.14941,45.75097],[-82.14637,45.74838],[-82.14411,45.74543],[-82.14272,45.74223],[-82.14225,45.7389],[-82.14272,45.73557],[-82.14411,45.73237],[-82.14637,45.72942],[-82.14941,45.72683],[-82.15312,45.72471],[-82.15734,45.72313],[-82.16193,45.72216],[-82.1667,45.72183],[-82.17147,45.72216],[-82.17606,45.72313],[-82.18029,45.72471],[-82.18399,45.72683],[-82.18704,45.72942],[-82.1893,45.73237],[-82.19069,45.73557],[-82.19116,45.7389],[-82.19069,45.74223],[-82.1893,45.74543],[-82.18704,45.74838],[-82.18399,45.75097],[-82.18029,45.75309],[-82.17606,45.75467],[-82.17147,45.75564],[-82.1667,45.75597]]]}},{"type":"Feature","properties":{"ident":"CNW8","name":"The Hospital for Sick Children Helistop","airport_type":"heliport","radius_km":1.9},"geometry":{"type":"Polygon","coordinates":[[[-79.38763,43.67374],[-79.38303,43.67341],[-79.3786,43.67244],[-79.37452,43.67086],[-79.37095,43.66874],[-79.36801,43.66616],[-79.36583,43.6632],[-79.36449,43.66],[-79.36404,43.65667],[-79.36449,43.65334],[-79.36583,43.65014],[-79.36801,43.64719],[-79.37095,43.6446],[-79.37452,43.64248],[-79.3786,43.6409],[-79.38303,43.63993],[-79.38763,43.63961],[-79.39223,43.63993],[-79.39666,43.6409],[-79.40074,43.64248],[-79.40431,43.6446],[-79.40724,43.64719],[-79.40942,43.65014],[-79.41077,43.65334],[-79.41122,43.65667],[-79.41077,43.66],[-79.40942,43.6632],[-79.40724,43.66616],[-79.40431,43.66874],[-79.40074,43.67086],[-79.39666,43.67244],[-79.39223,43.67341],[-79.38763,43.67374]]]}},{"type":"Feature","properties":{"ident":"CNW9","name":"Royal Columbian Hospital Helistop","airport_type":"heliport","radius_km":1.9},"geometry":{"type":"Polygon","coordinates":[[[-122.89226,49.24371],[-122.88716,49.24338],[-122.88226,49.24241],[-122.87774,49.24084],[-122.87378,49.23871],[-122.87053,49.23613],[-122.86811,49.23318],[-122.86663,49.22997],[-122.86613,49.22664],[-122.86663,49.22331],[-122.86811,49.22011],[-122.87053,49.21716],[-122.87378,49.21458],[-122.87774,49.21245],[-122.88226,49.21088],[-122.88716,49.2099],[-122.89226,49.20958],[-122.89736,49.2099],[-122.90226,49.21088],[-122.90678,49.21245],[-122.91074,49.21458],[-122.91399,49.21716],[-122.91641,49.22011],[-122.91789,49.22331],[-122.91839,49.22664],[-122.91789,49.22997],[-122.91641,49.23318],[-122.91399,49.23613],[-122.91074,49.23871],[-122.90678,49.24084],[-122.90226,49.24241],[-122.89736,49.24338],[-122.89226,49.24371]]]}},{"type":"Feature","properties":{"ident":"CNY8","name":"Toronto (Sunnybrook Medical Centre) Heliport","airport_type":"heliport","radius_km":1.9},"geometry":{"type":"Polygon","coordinates":[[[-79.37077,43.73837],[-79.36616,43.73804],[-79.36173,43.73707],[-79.35764,43.73549],[-79.35407,43.73337],[-79.35113,43.73078],[-79.34895,43.72783],[-79.3476,43.72463],[-79.34715,43.7213],[-79.3476,43.71797],[-79.34895,43.71477],[-79.35113,43.71182],[-79.35407,43.70923],[-79.35764,43.70711],[-79.36173,43.70553],[-79.36616,43.70456],[-79.37077,43.70423],[-79.37537,43.70456],[-79.3798,43.70553],[-79.38389,43.70711],[-79.38746,43.70923],[-79.3904,43.71182],[-79.39258,43.71477],[-79.39393,43.71797],[-79.39438,43.7213],[-79.39393,43.72463],[-79.39258,43.72783],[-79.3904,43.73078],[-79.38746,43.73337],[-79.38389,43.73549],[-79.3798,43.73707],[-79.37537,43.73804],[-79.37077,43.73837]]]}},{"type":"Feature","properties":{"ident":"CNZ2","name":"Anzac (Long Lake) Heliport","airport_type":"heliport","radius_km":1.9},"geometry":{"type":"Polygon","coordinates":[[[-110.96449,56.44139],[-110.95847,56.44106],[-110.95268,56.44009],[-110.94734,56.43851],[-110.94267,56.43639],[-110.93883,56.4338],[-110.93598,56.43085],[-110.93422,56.42765],[-110.93363,56.42432],[-110.93422,56.42099],[-110.93598,56.41779],[-110.93883,56.41484],[-110.94267,56.41225],[-110.94734,56.41013],[-110.95268,56.40855],[-110.95847,56.40758],[-110.96449,56.40725],[-110.97051,56.40758],[-110.9763,56.40855],[-110.98164,56.41013],[-110.98631,56.41225],[-110.99015,56.41484],[-110.993,56.41779],[-110.99476,56.42099],[-110.99535,56.42432],[-110.99476,56.42765],[-110.993,56.43085],[-110.99015,56.4338],[-110.98631,56.43639],[-110.98164,56.43851],[-110.9763,56.44009],[-110.97051,56.44106],[-110.96449,56.44139]]]}},{"type":"Feature","properties":{"ident":"CNZ6","name":"Georgetown (Georgetown & District Hospital) Heliport","airport_type":"heliport","radius_km":1.9},"geometry":{"type":"Polygon","coordinates":[[[-79.9344,43.66147],[-79.9298,43.66114],[-79.92538,43.66017],[-79.9213,43.65859],[-79.91772,43.65647],[-79.91479,43.65388],[-79.91261,43.65093],[-79.91127,43.64773],[-79.91082,43.6444],[-79.91127,43.64107],[-79.91261,43.63787],[-79.91479,43.63492],[-79.91772,43.63233],[-79.9213,43.63021],[-79.92538,43.62863],[-79.9298,43.62766],[-79.9344,43.62733],[-79.939,43.62766],[-79.94343,43.62863],[-79.94751,43.63021],[-79.95108,43.63233],[-79.95401,43.63492],[-79.95619,43.63787],[-79.95754,43.64107],[-79.95799,43.6444],[-79.95754,43.64773],[-79.95619,43.65093],[-79.95401,43.65388],[-79.95108,43.65647],[-79.94751,43.65859],[-79.94343,43.66017],[-79.939,43.66114],[-79.9344,43.66147]]]}},{"type":"Feature","properties":{"ident":"CNZ7","name":"Hanover (District Hospital) Heliport","airport_type":"heliport","radius_km":1.9},"geometry":{"type":"Polygon","coordinates":[[[-81.0292,44.15787],[-81.02456,44.15754],[-81.0201,44.15657],[-81.01598,44.15499],[-81.01238,44.15287],[-81.00942,44.15028],[-81.00722,44.14733],[-81.00587,44.14413],[-81.00541,44.1408],[-81.00587,44.13747],[-81.00722,44.13427],[-81.00942,44.13132],[-81.01238,44.12873],[-81.01598,44.12661],[-81.0201,44.12503],[-81.02456,44.12406],[-81.0292,44.12373],[-81.03384,44.12406],[-81.0383,44.12503],[-81.04241,44.12661],[-81.04602,44.12873],[-81.04897,44.13132],[-81.05117,44.13427],[-81.05252,44.13747],[-81.05298,44.1408],[-81.05252,44.14413],[-81.05117,44.14733],[-81.04897,44.15028],[-81.04602,44.15287],[-81.04241,44.15499],[-81.0383,44.15657],[-81.03384,44.15754],[-81.0292,44.15787]]]}},{"type":"Feature","properties":{"ident":"COP2","name":"Orillia (Ontario Provincial Police) Heliport","airport_type":"heliport","radius_km":1.9},"geometry":{"type":"Polygon","coordinates":[[[-79.42755,44.60177],[-79.42287,44.60144],[-79.41838,44.60047],[-79.41423,44.59889],[-79.4106,44.59677],[-79.40762,44.59418],[-79.40541,44.59123],[-79.40404,44.58803],[-79.40358,44.5847],[-79.40404,44.58137],[-79.40541,44.57817],[-79.40762,44.57522],[-79.4106,44.57263],[-79.41423,44.57051],[-79.41838,44.56893],[-79.42287,44.56796],[-79.42755,44.56763],[-79.43222,44.56796],[-79.43672,44.56893],[-79.44086,44.57051],[-79.44449,44.57263],[-79.44747,44.57522],[-79.44969,44.57817],[-79.45105,44.58137],[-79.45151,44.5847],[-79.45105,44.58803],[-79.44969,44.59123],[-79.44747,44.59418],[-79.44449,44.59677],[-79.44086,44.59889],[-79.43672,44.60047],[-79.43222,44.60144],[-79.42755,44.60177]]]}},{"type":"Feature","properties":{"ident":"COR2","name":"Val D'or (St. Pierre) Heliport","airport_type":"heliport","radius_km":1.9},"geometry":{"type":"Polygon","coordinates":[[[-77.86863,48.0945],[-77.86364,48.09417],[-77.85885,48.0932],[-77.85443,48.09163],[-77.85056,48.0895],[-77.84739,48.08692],[-77.84502,48.08397],[-77.84357,48.08076],[-77.84308,48.07743],[-77.84357,48.0741],[-77.84502,48.0709],[-77.84739,48.06795],[-77.85056,48.06536],[-77.85443,48.06324],[-77.85885,48.06167],[-77.86364,48.06069],[-77.86863,48.06037],[-77.87361,48.06069],[-77.8784,48.06167],[-77.88282,48.06324],[-77.88669,48.06536],[-77.88987,48.06795],[-77.89223,48.0709],[-77.89368,48.0741],[-77.89417,48.07743],[-77.89368,48.08076],[-77.89223,48.08397],[-77.88987,48.08692],[-77.88669,48.0895],[-77.88282,48.09163],[-77.8784,48.0932],[-77.87361,48.09417],[-77.86863,48.0945]]]}},{"type":"Feature","properties":{"ident":"CPA2","name":"Mount Forest (Louise Marshall Hospital) Heliport","airport_type":"heliport","radius_km":1.9},"geometry":{"type":"Polygon","coordinates":[[[-80.7375,43.99127],[-80.73288,43.99094],[-80.72843,43.98997],[-80.72433,43.98839],[-80.72073,43.98627],[-80.71778,43.98368],[-80.71559,43.98073],[-80.71424,43.97753],[-80.71379,43.9742],[-80.71424,43.97087],[-80.71559,43.96767],[-80.71778,43.96472],[-80.72073,43.96213],[-80.72433,43.96001],[-80.72843,43.95843],[-80.73288,43.95746],[-80.7375,43.95713],[-80.74213,43.95746],[-80.74658,43.95843],[-80.75068,43.96001],[-80.75427,43.96213],[-80.75722,43.96472],[-80.75941,43.96767],[-80.76076,43.97087],[-80.76122,43.9742],[-80.76076,43.97753],[-80.75941,43.98073],[-80.75722,43.98368],[-80.75427,43.98627],[-80.75068,43.98839],[-80.74658,43.98997],[-80.74213,43.99094],[-80.7375,43.99127]]]}},{"type":"Feature","properties":{"ident":"CPA3","name":"Palmerston (District Hospital) Heliport","airport_type":"heliport","radius_km":1.9},"geometry":{"type":"Polygon","coordinates":[[[-80.8419,43.85537],[-80.83729,43.85504],[-80.83285,43.85407],[-80.82876,43.85249],[-80.82517,43.85037],[-80.82223,43.84778],[-80.82004,43.84483],[-80.8187,43.84163],[-80.81824,43.8383],[-80.8187,43.83497],[-80.82004,43.83177],[-80.82223,43.82882],[-80.82517,43.82623],[-80.82876,43.82411],[-80.83285,43.82253],[-80.83729,43.82156],[-80.8419,43.82123],[-80.84652,43.82156],[-80.85096,43.82253],[-80.85505,43.82411],[-80.85864,43.82623],[-80.86158,43.82882],[-80.86377,43.83177],[-80.86511,43.83497],[-80.86557,43.8383],[-80.86511,43.84163],[-80.86377,43.84483],[-80.86158,43.84778],[-80.85864,43.85037],[-80.85505,43.85249],[-80.85096,43.85407],[-80.84652,43.85504],[-80.8419,43.85537]]]}},{"type":"Feature","properties":{"ident":"CPA5","name":"Tarten Heliport","airport_type":"heliport","radius_km":1.9},"geometry":{"type":"Polygon","coordinates":[[[-79.65785,43.67098],[-79.65325,43.67065],[-79.64883,43.66968],[-79.64475,43.6681],[-79.64117,43.66598],[-79.63824,43.66339],[-79.63606,43.66044],[-79.63472,43.65724],[-79.63426,43.65391],[-79.63472,43.65058],[-79.63606,43.64738],[-79.63824,43.64443],[-79.64117,43.64184],[-79.64475,43.63972],[-79.64883,43.63814],[-79.65325,43.63717],[-79.65785,43.63684],[-79.66246,43.63717],[-79.66688,43.63814],[-79.67096,43.63972],[-79.67453,43.64184],[-79.67747,43.64443],[-79.67965,43.64738],[-79.68099,43.65058],[-79.68144,43.65391],[-79.68099,43.65724],[-79.67965,43.66044],[-79.67747,43.66339],[-79.67453,43.66598],[-79.67096,43.6681],[-79.66688,43.66968],[-79.66246,43.67065],[-79.65785,43.67098]]]}},{"type":"Feature","properties":{"ident":"CPA6","name":"Hagersville (West Haldimand General Hospital) Heliport","airport_type":"heliport","radius_km":1.9},"geometry":{"type":"Polygon","coordinates":[[[-80.04343,42.97544],[-80.03888,42.97511],[-80.0345,42.97414],[-80.03047,42.97256],[-80.02693,42.97044],[-80.02403,42.96785],[-80.02188,42.9649],[-80.02055,42.9617],[-80.0201,42.95837],[-80.02055,42.95504],[-80.02188,42.95184],[-80.02403,42.94889],[-80.02693,42.9463],[-80.03047,42.94418],[-80.0345,42.9426],[-80.03888,42.94163],[-80.04343,42.9413],[-80.04798,42.94163],[-80.05235,42.9426],[-80.05638,42.94418],[-80.05992,42.9463],[-80.06282,42.94889],[-80.06497,42.95184],[-80.0663,42.95504],[-80.06675,42.95837],[-80.0663,42.9617],[-80.06497,42.9649],[-80.06282,42.96785],[-80.05992,42.97044],[-80.05638,42.97256],[-80.05235,42.97414],[-80.04798,42.97511],[-80.04343,42.97544]]]}},{"type":"Feature","properties":{"ident":"CPA7","name":"Meaford (General Hospital) Heliport","airport_type":"heliport","radius_km":1.9},"geometry":{"type":"Polygon","coordinates":[[[-80.5989,44.62397],[-80.59422,44.62364],[-80.58973,44.62267],[-80.58558,44.62109],[-80.58195,44.61897],[-80.57897,44.61638],[-80.57675,44.61343],[-80.57539,44.61023],[-80.57493,44.6069],[-80.57539,44.60357],[-80.57675,44.60037],[-80.57897,44.59742],[-80.58195,44.59483],[-80.58558,44.59271],[-80.58973,44.59113],[-80.59422,44.59016],[-80.5989,44.58983],[-80.60358,44.59016],[-80.60807,44.59113],[-80.61222,44.59271],[-80.61585,44.59483],[-80.61883,44.59742],[-80.62105,44.60037],[-80.62241,44.60357],[-80.62287,44.6069],[-80.62241,44.61023],[-80.62105,44.61343],[-80.61883,44.61638],[-80.61585,44.61897],[-80.61222,44.62109],[-80.60807,44.62267],[-80.60358,44.62364],[-80.5989,44.62397]]]}},{"type":"Feature","properties":{"ident":"CPA8","name":"Simcoe (Norfolk General Hospital) Heliport","airport_type":"heliport","radius_km":1.9},"geometry":{"type":"Polygon","coordinates":[[[-80.32039,42.86433],[-80.31585,42.864],[-80.31148,42.86303],[-80.30746,42.86145],[-80.30393,42.85933],[-80.30103,42.85674],[-80.29888,42.85379],[-80.29756,42.85059],[-80.29711,42.84726],[-80.29756,42.84393],[-80.29888,42.84073],[-80.30103,42.83778],[-80.30393,42.83519],[-80.30746,42.83307],[-80.31148,42.83149],[-80.31585,42.83052],[-80.32039,42.83019],[-80.32493,42.83052],[-80.3293,42.83149],[-80.33332,42.83307],[-80.33685,42.83519],[-80.33975,42.83778],[-80.3419,42.84073],[-80.34322,42.84393],[-80.34367,42.84726],[-80.34322,42.85059],[-80.3419,42.85379],[-80.33975,42.85674],[-80.33685,42.85933],[-80.33332,42.86145],[-80.3293,42.86303],[-80.32493,42.864],[-80.32039,42.86433]]]}},{"type":"Feature","properties":{"ident":"CPA9","name":"Dunnville (Haldimand War Memorial Hospital) Heliport","airport_type":"heliport","radius_km":1.9},"geometry":{"type":"Polygon","coordinates":[[[-79.62854,42.93071],[-79.62399,42.93038],[-79.61962,42.92941],[-79.61559,42.92784],[-79.61206,42.92571],[-79.60916,42.92313],[-79.60701,42.92018],[-79.60568,42.91697],[-79.60524,42.91364],[-79.60568,42.91032],[-79.60701,42.90711],[-79.60916,42.90416],[-79.61206,42.90158],[-79.61559,42.89945],[-79.61962,42.89788],[-79.62399,42.8969],[-79.62854,42.89658],[-79.63309,42.8969],[-79.63746,42.89788],[-79.64149,42.89945],[-79.64502,42.90158],[-79.64792,42.90416],[-79.65007,42.90711],[-79.6514,42.91032],[-79.65185,42.91364],[-79.6514,42.91697],[-79.65007,42.92018],[-79.64792,42.92313],[-79.64502,42.92571],[-79.64149,42.92784],[-79.63746,42.92941],[-79.63309,42.93038],[-79.62854,42.93071]]]}},{"type":"Feature","properties":{"ident":"CPB2","name":"Fergus (Groves Memorial Community Hospital) Heliport","airport_type":"heliport","radius_km":1.9},"geometry":{"type":"Polygon","coordinates":[[[-80.37603,43.73856],[-80.37142,43.73823],[-80.36699,43.73726],[-80.36291,43.73568],[-80.35933,43.73356],[-80.35639,43.73097],[-80.35421,43.72802],[-80.35286,43.72482],[-80.35241,43.72149],[-80.35286,43.71816],[-80.35421,43.71496],[-80.35639,43.71201],[-80.35933,43.70942],[-80.36291,43.7073],[-80.36699,43.70572],[-80.37142,43.70475],[-80.37603,43.70442],[-80.38063,43.70475],[-80.38507,43.70572],[-80.38915,43.7073],[-80.39273,43.70942],[-80.39566,43.71201],[-80.39785,43.71496],[-80.39919,43.71816],[-80.39964,43.72149],[-80.39919,43.72482],[-80.39785,43.72802],[-80.39566,43.73097],[-80.39273,43.73356],[-80.38915,43.73568],[-80.38507,43.73726],[-80.38063,43.73823],[-80.37603,43.73856]]]}},{"type":"Feature","properties":{"ident":"CPB3","name":"Welland County General Hospital Heliport","airport_type":"heliport","radius_km":1.9},"geometry":{"type":"Polygon","coordinates":[[[-79.24969,42.99466],[-79.24514,42.99433],[-79.24076,42.99336],[-79.23673,42.99178],[-79.23319,42.98966],[-79.23029,42.98707],[-79.22813,42.98412],[-79.22681,42.98092],[-79.22636,42.97759],[-79.22681,42.97426],[-79.22813,42.97106],[-79.23029,42.96811],[-79.23319,42.96552],[-79.23673,42.9634],[-79.24076,42.96182],[-79.24514,42.96085],[-79.24969,42.96052],[-79.25424,42.96085],[-79.25861,42.96182],[-79.26265,42.9634],[-79.26618,42.96552],[-79.26908,42.96811],[-79.27124,42.97106],[-79.27257,42.97426],[-79.27302,42.97759],[-79.27257,42.98092],[-79.27124,42.98412],[-79.26908,42.98707],[-79.26618,42.98966],[-79.26265,42.99178],[-79.25861,42.99336],[-79.25424,42.99433],[-79.24969,42.99466]]]}},{"type":"Feature","properties":{"ident":"CPB7","name":"Bancroft (North Hastings District Hospital) Heliport","airport_type":"heliport","radius_km":1.9},"geometry":{"type":"Polygon","coordinates":[[[-77.87909,45.08892],[-77.87438,45.08859],[-77.86984,45.08762],[-77.86566,45.08604],[-77.862,45.08392],[-77.859,45.08133],[-77.85676,45.07838],[-77.85539,45.07518],[-77.85492,45.07185],[-77.85539,45.06852],[-77.85676,45.06532],[-77.859,45.06237],[-77.862,45.05978],[-77.86566,45.05766],[-77.86984,45.05608],[-77.87438,45.05511],[-77.87909,45.05478],[-77.88381,45.05511],[-77.88834,45.05608],[-77.89252,45.05766],[-77.89618,45.05978],[-77.89919,45.06237],[-77.90142,45.06532],[-77.9028,45.06852],[-77.90326,45.07185],[-77.9028,45.07518],[-77.90142,45.07838],[-77.89919,45.08133],[-77.89618,45.08392],[-77.89252,45.08604],[-77.88834,45.08762],[-77.88381,45.08859],[-77.87909,45.08892]]]}},{"type":"Feature","properties":{"ident":"CPC4","name":"Brampton (National D) Heliport","airport_type":"heliport","radius_km":1.9},"geometry":{"type":"Polygon","coordinates":[[[-79.70222,43.85018],[-79.6976,43.84985],[-79.69317,43.84888],[-79.68908,43.8473],[-79.68549,43.84518],[-79.68255,43.84259],[-79.68036,43.83964],[-79.67901,43.83644],[-79.67856,43.83311],[-79.67901,43.82978],[-79.68036,43.82658],[-79.68255,43.82363],[-79.68549,43.82104],[-79.68908,43.81892],[-79.69317,43.81734],[-79.6976,43.81637],[-79.70222,43.81604],[-79.70684,43.81637],[-79.71127,43.81734],[-79.71537,43.81892],[-79.71895,43.82104],[-79.72189,43.82363],[-79.72408,43.82658],[-79.72543,43.82978],[-79.72588,43.83311],[-79.72543,43.83644],[-79.72408,43.83964],[-79.72189,43.84259],[-79.71895,43.84518],[-79.71537,43.8473],[-79.71127,43.84888],[-79.70684,43.84985],[-79.70222,43.85018]]]}},{"type":"Feature","properties":{"ident":"CPC5","name":"Avon Bay Helideck","airport_type":"heliport","radius_km":1.9},"geometry":{"type":"Polygon","coordinates":[[[-79.66779,45.14385],[-79.66307,45.14352],[-79.65853,45.14255],[-79.65435,45.14097],[-79.65068,45.13885],[-79.64767,45.13626],[-79.64544,45.13331],[-79.64406,45.13011],[-79.64359,45.12678],[-79.64406,45.12345],[-79.64544,45.12025],[-79.64767,45.1173],[-79.65068,45.11471],[-79.65435,45.11259],[-79.65853,45.11101],[-79.66307,45.11004],[-79.66779,45.10971],[-79.67251,45.11004],[-79.67704,45.11101],[-79.68123,45.11259],[-79.68489,45.11471],[-79.6879,45.1173],[-79.69014,45.12025],[-79.69151,45.12345],[-79.69198,45.12678],[-79.69151,45.13011],[-79.69014,45.13331],[-79.6879,45.13626],[-79.68489,45.13885],[-79.68123,45.14097],[-79.67704,45.14255],[-79.67251,45.14352],[-79.66779,45.14385]]]}},{"type":"Feature","properties":{"ident":"CPC8","name":"W Shores Helideck","airport_type":"heliport","radius_km":1.9},"geometry":{"type":"Polygon","coordinates":[[[-79.57987,45.08002],[-79.57515,45.0797],[-79.57062,45.07872],[-79.56644,45.07715],[-79.56278,45.07502],[-79.55977,45.07244],[-79.55754,45.06949],[-79.55617,45.06629],[-79.5557,45.06296],[-79.55617,45.05963],[-79.55754,45.05642],[-79.55977,45.05347],[-79.56278,45.05089],[-79.56644,45.04876],[-79.57062,45.04719],[-79.57515,45.04622],[-79.57987,45.04589],[-79.58458,45.04622],[-79.58911,45.04719],[-79.59329,45.04876],[-79.59695,45.05089],[-79.59996,45.05347],[-79.60219,45.05642],[-79.60357,45.05963],[-79.60403,45.06296],[-79.60357,45.06629],[-79.60219,45.06949],[-79.59996,45.07244],[-79.59695,45.07502],[-79.59329,45.07715],[-79.58911,45.07872],[-79.58458,45.0797],[-79.57987,45.08002]]]}},{"type":"Feature","properties":{"ident":"CPC9","name":"Huntsville (Memorial District Hospital) Heliport","airport_type":"heliport","radius_km":1.9},"geometry":{"type":"Polygon","coordinates":[[[-79.2042,45.35707],[-79.19946,45.35674],[-79.19491,45.35577],[-79.19071,45.35419],[-79.18703,45.35207],[-79.18401,45.34948],[-79.18177,45.34653],[-79.18039,45.34333],[-79.17992,45.34],[-79.18039,45.33667],[-79.18177,45.33347],[-79.18401,45.33052],[-79.18703,45.32793],[-79.19071,45.32581],[-79.19491,45.32423],[-79.19946,45.32326],[-79.2042,45.32293],[-79.20894,45.32326],[-79.21349,45.32423],[-79.21769,45.32581],[-79.22137,45.32793],[-79.22439,45.33052],[-79.22663,45.33347],[-79.22802,45.33667],[-79.22848,45.34],[-79.22802,45.34333],[-79.22663,45.34653],[-79.22439,45.34948],[-79.22137,45.35207],[-79.21769,45.35419],[-79.21349,45.35577],[-79.20894,45.35674],[-79.2042,45.35707]]]}},{"type":"Feature","properties":{"ident":"CPD3","name":"Durham (Memorial Hospital) Heliport","airport_type":"heliport","radius_km":1.9},"geometry":{"type":"Polygon","coordinates":[[[-80.8333,44.20037],[-80.82865,44.20004],[-80.82419,44.19907],[-80.82007,44.19749],[-80.81647,44.19537],[-80.81351,44.19278],[-80.81131,44.18983],[-80.80995,44.18663],[-80.8095,44.1833],[-80.80995,44.17997],[-80.81131,44.17677],[-80.81351,44.17382],[-80.81647,44.17123],[-80.82007,44.16911],[-80.82419,44.16753],[-80.82865,44.16656],[-80.8333,44.16623],[-80.83794,44.16656],[-80.84241,44.16753],[-80.84652,44.16911],[-80.85013,44.17123],[-80.85309,44.17382],[-80.85529,44.17677],[-80.85664,44.17997],[-80.8571,44.1833],[-80.85664,44.18663],[-80.85529,44.18983],[-80.85309,44.19278],[-80.85013,44.19537],[-80.84652,44.19749],[-80.84241,44.19907],[-80.83794,44.20004],[-80.8333,44.20037]]]}},{"type":"Feature","properties":{"ident":"CPD9","name":"Markdale (Centre Grey General Hospital) Heliport","airport_type":"heliport","radius_km":1.9},"geometry":{"type":"Polygon","coordinates":[[[-80.6581,44.33207],[-80.65344,44.33174],[-80.64897,44.33077],[-80.64484,44.32919],[-80.64123,44.32707],[-80.63826,44.32448],[-80.63606,44.32153],[-80.6347,44.31833],[-80.63424,44.315],[-80.6347,44.31167],[-80.63606,44.30847],[-80.63826,44.30552],[-80.64123,44.30293],[-80.64484,44.30081],[-80.64897,44.29923],[-80.65344,44.29826],[-80.6581,44.29793],[-80.66275,44.29826],[-80.66722,44.29923],[-80.67135,44.30081],[-80.67496,44.30293],[-80.67793,44.30552],[-80.68013,44.30847],[-80.68149,44.31167],[-80.68195,44.315],[-80.68149,44.31833],[-80.68013,44.32153],[-80.67793,44.32448],[-80.67496,44.32707],[-80.67135,44.32919],[-80.66722,44.33077],[-80.66275,44.33174],[-80.6581,44.33207]]]}},{"type":"Feature","properties":{"ident":"CPE2","name":"Ajax (Pickering General Hospital) Heliport","airport_type":"heliport","radius_km":1.9},"geometry":{"type":"Polygon","coordinates":[[[-79.01738,43.85296],[-79.01276,43.85263],[-79.00832,43.85166],[-79.00423,43.85008],[-79.00064,43.84796],[-78.9977,43.84537],[-78.99552,43.84242],[-78.99417,43.83922],[-78.99371,43.83589],[-78.99417,43.83256],[-78.99552,43.82936],[-78.9977,43.82641],[-79.00064,43.82382],[-79.00423,43.8217],[-79.00832,43.82012],[-79.01276,43.81915],[-79.01738,43.81882],[-79.02199,43.81915],[-79.02643,43.82012],[-79.03052,43.8217],[-79.03411,43.82382],[-79.03705,43.82641],[-79.03924,43.82936],[-79.04058,43.83256],[-79.04104,43.83589],[-79.04058,43.83922],[-79.03924,43.84242],[-79.03705,43.84537],[-79.03411,43.84796],[-79.03052,43.85008],[-79.02643,43.85166],[-79.02199,43.85263],[-79.01738,43.85296]]]}},{"type":"Feature","properties":{"ident":"CPE9","name":"Armstrong Heliport","airport_type":"heliport","radius_km":1.9},"geometry":{"type":"Polygon","coordinates":[[[-89.03,50.32377],[-89.02479,50.32344],[-89.01977,50.32247],[-89.01515,50.32089],[-89.0111,50.31877],[-89.00778,50.31618],[-89.00531,50.31323],[-89.00379,50.31003],[-89.00327,50.3067],[-89.00379,50.30337],[-89.00531,50.30017],[-89.00778,50.29722],[-89.0111,50.29463],[-89.01515,50.29251],[-89.01977,50.29093],[-89.02479,50.28996],[-89.03,50.28963],[-89.03521,50.28996],[-89.04023,50.29093],[-89.04485,50.29251],[-89.0489,50.29463],[-89.05222,50.29722],[-89.05469,50.30017],[-89.05621,50.30337],[-89.05672,50.3067],[-89.05621,50.31003],[-89.05469,50.31323],[-89.05222,50.31618],[-89.0489,50.31877],[-89.04485,50.32089],[-89.04023,50.32247],[-89.03521,50.32344],[-89.03,50.32377]]]}},{"type":"Feature","properties":{"ident":"CPG3","name":"Fort Erie (Eurocopter Canada) Heliport","airport_type":"heliport","radius_km":1.9},"geometry":{"type":"Polygon","coordinates":[[[-78.95613,42.93826],[-78.95159,42.93793],[-78.94721,42.93696],[-78.94318,42.93538],[-78.93965,42.93326],[-78.93675,42.93067],[-78.9346,42.92772],[-78.93327,42.92452],[-78.93283,42.92119],[-78.93327,42.91786],[-78.9346,42.91466],[-78.93675,42.91171],[-78.93965,42.90912],[-78.94318,42.907],[-78.94721,42.90542],[-78.95159,42.90445],[-78.95613,42.90412],[-78.96068,42.90445],[-78.96505,42.90542],[-78.96908,42.907],[-78.97261,42.90912],[-78.97551,42.91171],[-78.97767,42.91466],[-78.97899,42.91786],[-78.97944,42.92119],[-78.97899,42.92452],[-78.97767,42.92772],[-78.97551,42.93067],[-78.97261,42.93326],[-78.96908,42.93538],[-78.96505,42.93696],[-78.96068,42.93793],[-78.95613,42.93826]]]}},{"type":"Feature","properties":{"ident":"CPG8","name":"Chatham (Public General Hospital) Heliport","airport_type":"heliport","radius_km":1.9},"geometry":{"type":"Polygon","coordinates":[[[-82.1933,42.42067],[-82.18879,42.42034],[-82.18445,42.41937],[-82.18046,42.41779],[-82.17695,42.41567],[-82.17408,42.41308],[-82.17194,42.41013],[-82.17063,42.40693],[-82.17018,42.4036],[-82.17063,42.40027],[-82.17194,42.39707],[-82.17408,42.39412],[-82.17695,42.39153],[-82.18046,42.38941],[-82.18445,42.38783],[-82.18879,42.38686],[-82.1933,42.38653],[-82.19781,42.38686],[-82.20214,42.38783],[-82.20614,42.38941],[-82.20964,42.39153],[-82.21252,42.39412],[-82.21465,42.39707],[-82.21597,42.40027],[-82.21641,42.4036],[-82.21597,42.40693],[-82.21465,42.41013],[-82.21252,42.41308],[-82.20964,42.41567],[-82.20614,42.41779],[-82.20214,42.41937],[-82.19781,42.42034],[-82.1933,42.42067]]]}},{"type":"Feature","properties":{"ident":"CPG9","name":"Renfrew (Victoria Hospital) Heliport","airport_type":"heliport","radius_km":1.9},"geometry":{"type":"Polygon","coordinates":[[[-76.6961,45.49957],[-76.69135,45.49924],[-76.68678,45.49827],[-76.68257,45.49669],[-76.67888,45.49457],[-76.67586,45.49198],[-76.67361,45.48903],[-76.67222,45.48583],[-76.67175,45.4825],[-76.67222,45.47917],[-76.67361,45.47597],[-76.67586,45.47302],[-76.67888,45.47043],[-76.68257,45.46831],[-76.68678,45.46673],[-76.69135,45.46576],[-76.6961,45.46543],[-76.70085,45.46576],[-76.70541,45.46673],[-76.70962,45.46831],[-76.71331,45.47043],[-76.71634,45.47302],[-76.71859,45.47597],[-76.71997,45.47917],[-76.72044,45.4825],[-76.71997,45.48583],[-76.71859,45.48903],[-76.71634,45.49198],[-76.71331,45.49457],[-76.70962,45.49669],[-76.70541,45.49827],[-76.70085,45.49924],[-76.6961,45.49957]]]}},{"type":"Feature","properties":{"ident":"CPH4","name":"Potvin Heli-Base Heliport","airport_type":"heliport","radius_km":1.9},"geometry":{"type":"Polygon","coordinates":[[[-72.205,48.94787],[-72.19993,48.94754],[-72.19506,48.94657],[-72.19057,48.94499],[-72.18663,48.94287],[-72.1834,48.94028],[-72.181,48.93733],[-72.17952,48.93413],[-72.17902,48.9308],[-72.17952,48.92747],[-72.181,48.92427],[-72.1834,48.92132],[-72.18663,48.91873],[-72.19057,48.91661],[-72.19506,48.91503],[-72.19993,48.91406],[-72.205,48.91373],[-72.21007,48.91406],[-72.21494,48.91503],[-72.21944,48.91661],[-72.22337,48.91873],[-72.2266,48.92132],[-72.229,48.92427],[-72.23048,48.92747],[-72.23098,48.9308],[-72.23048,48.93413],[-72.229,48.93733],[-72.2266,48.94028],[-72.22337,48.94287],[-72.21944,48.94499],[-72.21494,48.94657],[-72.21007,48.94754],[-72.205,48.94787]]]}},{"type":"Feature","properties":{"ident":"CPH7","name":"Markham Stouffville Heliport","airport_type":"heliport","radius_km":1.9},"geometry":{"type":"Polygon","coordinates":[[[-79.23059,43.90217],[-79.22597,43.90184],[-79.22153,43.90087],[-79.21743,43.89929],[-79.21384,43.89717],[-79.2109,43.89458],[-79.20871,43.89163],[-79.20736,43.88843],[-79.20691,43.8851],[-79.20736,43.88177],[-79.20871,43.87857],[-79.2109,43.87562],[-79.21384,43.87303],[-79.21743,43.87091],[-79.22153,43.86933],[-79.22597,43.86836],[-79.23059,43.86803],[-79.23521,43.86836],[-79.23965,43.86933],[-79.24375,43.87091],[-79.24734,43.87303],[-79.25028,43.87562],[-79.25247,43.87857],[-79.25382,43.88177],[-79.25427,43.8851],[-79.25382,43.88843],[-79.25247,43.89163],[-79.25028,43.89458],[-79.24734,43.89717],[-79.24375,43.89929],[-79.23965,43.90087],[-79.23521,43.90184],[-79.23059,43.90217]]]}},{"type":"Feature","properties":{"ident":"CPJ2","name":"Alliston Heliport","airport_type":"heliport","radius_km":1.9},"geometry":{"type":"Polygon","coordinates":[[[-79.8014,44.15817],[-79.79676,44.15784],[-79.7923,44.15687],[-79.78819,44.15529],[-79.78458,44.15317],[-79.78162,44.15058],[-79.77943,44.14763],[-79.77807,44.14443],[-79.77762,44.1411],[-79.77807,44.13777],[-79.77943,44.13457],[-79.78162,44.13162],[-79.78458,44.12903],[-79.78819,44.12691],[-79.7923,44.12533],[-79.79676,44.12436],[-79.8014,44.12403],[-79.80604,44.12436],[-79.8105,44.12533],[-79.81461,44.12691],[-79.81822,44.12903],[-79.82117,44.13162],[-79.82337,44.13457],[-79.82473,44.13777],[-79.82518,44.1411],[-79.82473,44.14443],[-79.82337,44.14763],[-79.82117,44.15058],[-79.81822,44.15317],[-79.81461,44.15529],[-79.8105,44.15687],[-79.80604,44.15784],[-79.8014,44.15817]]]}},{"type":"Feature","properties":{"ident":"CPJ3","name":"Hamilton (Chedoke-McMaster Hospital) Heliport","airport_type":"heliport","radius_km":1.9},"geometry":{"type":"Polygon","coordinates":[[[-79.92892,43.28306],[-79.92435,43.28273],[-79.91995,43.28176],[-79.9159,43.28018],[-79.91235,43.27806],[-79.90943,43.27547],[-79.90727,43.27252],[-79.90593,43.26932],[-79.90548,43.26599],[-79.90593,43.26266],[-79.90727,43.25946],[-79.90943,43.25651],[-79.91235,43.25392],[-79.9159,43.2518],[-79.91995,43.25022],[-79.92435,43.24925],[-79.92892,43.24892],[-79.93349,43.24925],[-79.93789,43.25022],[-79.94194,43.2518],[-79.9455,43.25392],[-79.94841,43.25651],[-79.95058,43.25946],[-79.95191,43.26266],[-79.95236,43.26599],[-79.95191,43.26932],[-79.95058,43.27252],[-79.94841,43.27547],[-79.9455,43.27806],[-79.94194,43.28018],[-79.93789,43.28176],[-79.93349,43.28273],[-79.92892,43.28306]]]}},{"type":"Feature","properties":{"ident":"CPJ4","name":"Geraldton (District Hospital) Heliport","airport_type":"heliport","radius_km":1.9},"geometry":{"type":"Polygon","coordinates":[[[-86.9572,49.73877],[-86.95205,49.73844],[-86.9471,49.73747],[-86.94253,49.73589],[-86.93853,49.73377],[-86.93525,49.73118],[-86.93281,49.72823],[-86.93131,49.72503],[-86.9308,49.7217],[-86.93131,49.71837],[-86.93281,49.71517],[-86.93525,49.71222],[-86.93853,49.70963],[-86.94253,49.70751],[-86.9471,49.70593],[-86.95205,49.70496],[-86.9572,49.70463],[-86.96235,49.70496],[-86.9673,49.70593],[-86.97187,49.70751],[-86.97587,49.70963],[-86.97915,49.71222],[-86.98159,49.71517],[-86.98309,49.71837],[-86.9836,49.7217],[-86.98309,49.72503],[-86.98159,49.72823],[-86.97915,49.73118],[-86.97587,49.73377],[-86.97187,49.73589],[-86.9673,49.73747],[-86.96235,49.73844],[-86.9572,49.73877]]]}},{"type":"Feature","properties":{"ident":"CPJ7","name":"Kingston (General Hospital) Heliport","airport_type":"heliport","radius_km":1.9},"geometry":{"type":"Polygon","coordinates":[[[-76.49326,44.23921],[-76.48861,44.23889],[-76.48414,44.23791],[-76.48003,44.23634],[-76.47642,44.23421],[-76.47346,44.23163],[-76.47126,44.22868],[-76.4699,44.22547],[-76.46944,44.22215],[-76.4699,44.21882],[-76.47126,44.21561],[-76.47346,44.21266],[-76.47642,44.21008],[-76.48003,44.20795],[-76.48414,44.20638],[-76.48861,44.20541],[-76.49326,44.20508],[-76.49791,44.20541],[-76.50237,44.20638],[-76.50649,44.20795],[-76.5101,44.21008],[-76.51306,44.21266],[-76.51526,44.21561],[-76.51662,44.21882],[-76.51708,44.22215],[-76.51662,44.22547],[-76.51526,44.22868],[-76.51306,44.23163],[-76.5101,44.23421],[-76.50649,44.23634],[-76.50237,44.23791],[-76.49791,44.23889],[-76.49326,44.23921]]]}},{"type":"Feature","properties":{"ident":"CPK3","name":"Hamilton (General Hospital) Heliport","airport_type":"heliport","radius_km":1.9},"geometry":{"type":"Polygon","coordinates":[[[-79.85473,43.27898],[-79.85015,43.27865],[-79.84576,43.27768],[-79.8417,43.2761],[-79.83815,43.27398],[-79.83524,43.27139],[-79.83307,43.26844],[-79.83174,43.26524],[-79.83129,43.26191],[-79.83174,43.25858],[-79.83307,43.25538],[-79.83524,43.25243],[-79.83815,43.24984],[-79.8417,43.24772],[-79.84576,43.24614],[-79.85015,43.24517],[-79.85473,43.24484],[-79.8593,43.24517],[-79.86369,43.24614],[-79.86775,43.24772],[-79.8713,43.24984],[-79.87421,43.25243],[-79.87638,43.25538],[-79.87771,43.25858],[-79.87816,43.26191],[-79.87771,43.26524],[-79.87638,43.26844],[-79.87421,43.27139],[-79.8713,43.27398],[-79.86775,43.2761],[-79.86369,43.27768],[-79.8593,43.27865],[-79.85473,43.27898]]]}},{"type":"Feature","properties":{"ident":"CPK6","name":"Toronto (Mississauga Credit Valley Hospital) Heliport","airport_type":"heliport","radius_km":1.9},"geometry":{"type":"Polygon","coordinates":[[[-79.70274,43.57848],[-79.69814,43.57815],[-79.69372,43.57718],[-79.68965,43.5756],[-79.68608,43.57348],[-79.68315,43.57089],[-79.68098,43.56794],[-79.67964,43.56474],[-79.67918,43.56141],[-79.67964,43.55808],[-79.68098,43.55488],[-79.68315,43.55193],[-79.68608,43.54934],[-79.68965,43.54722],[-79.69372,43.54564],[-79.69814,43.54467],[-79.70274,43.54434],[-79.70733,43.54467],[-79.71175,43.54564],[-79.71582,43.54722],[-79.71939,43.54934],[-79.72232,43.55193],[-79.7245,43.55488],[-79.72584,43.55808],[-79.72629,43.56141],[-79.72584,43.56474],[-79.7245,43.56794],[-79.72232,43.57089],[-79.71939,43.57348],[-79.71582,43.5756],[-79.71175,43.57718],[-79.70733,43.57815],[-79.70274,43.57848]]]}},{"type":"Feature","properties":{"ident":"CPK7","name":"Ottawa (Children's Hospital) Heliport","airport_type":"heliport","radius_km":1.9},"geometry":{"type":"Polygon","coordinates":[[[-75.65013,45.41805],[-75.64539,45.41772],[-75.64083,45.41675],[-75.63662,45.41517],[-75.63294,45.41305],[-75.62992,45.41046],[-75.62767,45.40751],[-75.62629,45.40431],[-75.62582,45.40098],[-75.62629,45.39765],[-75.62767,45.39445],[-75.62992,45.3915],[-75.63294,45.38891],[-75.63662,45.38679],[-75.64083,45.38521],[-75.64539,45.38424],[-75.65013,45.38391],[-75.65487,45.38424],[-75.65943,45.38521],[-75.66363,45.38679],[-75.66732,45.38891],[-75.67034,45.3915],[-75.67259,45.39445],[-75.67397,45.39765],[-75.67444,45.40098],[-75.67397,45.40431],[-75.67259,45.40751],[-75.67034,45.41046],[-75.66732,45.41305],[-75.66363,45.41517],[-75.65943,45.41675],[-75.65487,45.41772],[-75.65013,45.41805]]]}},{"type":"Feature","properties":{"ident":"CPL2","name":"Bracebridge (South Muskoka Memorial Hospital) Heliport","airport_type":"heliport","radius_km":1.9},"geometry":{"type":"Polygon","coordinates":[[[-79.3151,45.06577],[-79.31039,45.06544],[-79.30586,45.06447],[-79.30168,45.06289],[-79.29802,45.06077],[-79.29501,45.05818],[-79.29278,45.05523],[-79.29141,45.05203],[-79.29094,45.0487],[-79.29141,45.04537],[-79.29278,45.04217],[-79.29501,45.03922],[-79.29802,45.03663],[-79.30168,45.03451],[-79.30586,45.03293],[-79.31039,45.03196],[-79.3151,45.03163],[-79.31981,45.03196],[-79.32434,45.03293],[-79.32852,45.03451],[-79.33218,45.03663],[-79.33519,45.03922],[-79.33742,45.04217],[-79.33879,45.04537],[-79.33926,45.0487],[-79.33879,45.05203],[-79.33742,45.05523],[-79.33519,45.05818],[-79.33218,45.06077],[-79.32852,45.06289],[-79.32434,45.06447],[-79.31981,45.06544],[-79.3151,45.06577]]]}},{"type":"Feature","properties":{"ident":"CPN3","name":"Moose Factory Heliport","airport_type":"heliport","radius_km":1.9},"geometry":{"type":"Polygon","coordinates":[[[-80.6189,51.26647],[-80.61358,51.26614],[-80.60846,51.26517],[-80.60375,51.26359],[-80.59962,51.26147],[-80.59622,51.25888],[-80.5937,51.25593],[-80.59215,51.25273],[-80.59163,51.2494],[-80.59215,51.24607],[-80.5937,51.24287],[-80.59622,51.23992],[-80.59962,51.23733],[-80.60375,51.23521],[-80.60846,51.23363],[-80.61358,51.23266],[-80.6189,51.23233],[-80.62422,51.23266],[-80.62933,51.23363],[-80.63405,51.23521],[-80.63818,51.23733],[-80.64157,51.23992],[-80.64409,51.24287],[-80.64564,51.24607],[-80.64616,51.2494],[-80.64564,51.25273],[-80.64409,51.25593],[-80.64157,51.25888],[-80.63818,51.26147],[-80.63405,51.26359],[-80.62933,51.26517],[-80.62422,51.26614],[-80.6189,51.26647]]]}},{"type":"Feature","properties":{"ident":"CPN7","name":"Carleton Place (District Memorial Hospital) Heliport","airport_type":"heliport","radius_km":1.9},"geometry":{"type":"Polygon","coordinates":[[[-76.1371,45.15884],[-76.13238,45.15851],[-76.12784,45.15754],[-76.12366,45.15596],[-76.11999,45.15384],[-76.11698,45.15125],[-76.11474,45.1483],[-76.11337,45.1451],[-76.1129,45.14177],[-76.11337,45.13844],[-76.11474,45.13524],[-76.11698,45.13229],[-76.11999,45.1297],[-76.12366,45.12758],[-76.12784,45.126],[-76.13238,45.12503],[-76.1371,45.1247],[-76.14182,45.12503],[-76.14636,45.126],[-76.15054,45.12758],[-76.15421,45.1297],[-76.15722,45.13229],[-76.15945,45.13524],[-76.16083,45.13844],[-76.1613,45.14177],[-76.16083,45.1451],[-76.15945,45.1483],[-76.15722,45.15125],[-76.15421,45.15384],[-76.15054,45.15596],[-76.14636,45.15754],[-76.14182,45.15851],[-76.1371,45.15884]]]}},{"type":"Feature","properties":{"ident":"CPO2","name":"Portage District General Hospital Heliport","airport_type":"heliport","radius_km":1.9},"geometry":{"type":"Polygon","coordinates":[[[-98.28217,49.98337],[-98.27699,49.98304],[-98.27201,49.98207],[-98.26743,49.9805],[-98.26341,49.97837],[-98.26011,49.97579],[-98.25765,49.97284],[-98.25614,49.96963],[-98.25563,49.9663],[-98.25614,49.96298],[-98.25765,49.95977],[-98.26011,49.95682],[-98.26341,49.95424],[-98.26743,49.95211],[-98.27201,49.95054],[-98.27699,49.94957],[-98.28217,49.94924],[-98.28734,49.94957],[-98.29232,49.95054],[-98.29691,49.95211],[-98.30093,49.95424],[-98.30423,49.95682],[-98.30668,49.95977],[-98.30819,49.96298],[-98.3087,49.9663],[-98.30819,49.96963],[-98.30668,49.97284],[-98.30423,49.97579],[-98.30093,49.97837],[-98.29691,49.9805],[-98.29232,49.98207],[-98.28734,49.98304],[-98.28217,49.98337]]]}},{"type":"Feature","properties":{"ident":"CPP2","name":"Collingwood General and Marine Hospital Heliport","airport_type":"heliport","radius_km":1.9},"geometry":{"type":"Polygon","coordinates":[[[-80.20392,44.51634],[-80.19925,44.51602],[-80.19476,44.51504],[-80.19062,44.51347],[-80.187,44.51134],[-80.18402,44.50876],[-80.18181,44.50581],[-80.18045,44.50261],[-80.17999,44.49928],[-80.18045,44.49595],[-80.18181,44.49274],[-80.18402,44.48979],[-80.187,44.48721],[-80.19062,44.48508],[-80.19476,44.48351],[-80.19925,44.48254],[-80.20392,44.48221],[-80.20858,44.48254],[-80.21307,44.48351],[-80.21721,44.48508],[-80.22084,44.48721],[-80.22381,44.48979],[-80.22602,44.49274],[-80.22739,44.49595],[-80.22785,44.49928],[-80.22739,44.50261],[-80.22602,44.50581],[-80.22381,44.50876],[-80.22084,44.51134],[-80.21721,44.51347],[-80.21307,44.51504],[-80.20858,44.51602],[-80.20392,44.51634]]]}},{"type":"Feature","properties":{"ident":"CPP7","name":"Ottawa (Civic Hospital) Heliport","airport_type":"heliport","radius_km":1.9},"geometry":{"type":"Polygon","coordinates":[[[-75.7206,45.40854],[-75.71586,45.40821],[-75.7113,45.40724],[-75.7071,45.40566],[-75.70341,45.40354],[-75.70039,45.40095],[-75.69814,45.398],[-75.69676,45.3948],[-75.69629,45.39147],[-75.69676,45.38814],[-75.69814,45.38494],[-75.70039,45.38199],[-75.70341,45.3794],[-75.7071,45.37728],[-75.7113,45.3757],[-75.71586,45.37473],[-75.7206,45.3744],[-75.72534,45.37473],[-75.7299,45.3757],[-75.7341,45.37728],[-75.73778,45.3794],[-75.74081,45.38199],[-75.74305,45.38494],[-75.74444,45.38814],[-75.7449,45.39147],[-75.74444,45.3948],[-75.74305,45.398],[-75.74081,45.40095],[-75.73778,45.40354],[-75.7341,45.40566],[-75.7299,45.40724],[-75.72534,45.40821],[-75.7206,45.40854]]]}},{"type":"Feature","properties":{"ident":"CPP8","name":"Passport Helico Heliport","airport_type":"heliport","radius_km":1.9},"geometry":{"type":"Polygon","coordinates":[[[-73.59543,45.73961],[-73.59066,45.73929],[-73.58607,45.73831],[-73.58185,45.73674],[-73.57814,45.73461],[-73.5751,45.73203],[-73.57284,45.72908],[-73.57145,45.72588],[-73.57098,45.72255],[-73.57145,45.71922],[-73.57284,45.71601],[-73.5751,45.71306],[-73.57814,45.71048],[-73.58185,45.70835],[-73.58607,45.70678],[-73.59066,45.70581],[-73.59543,45.70548],[-73.6002,45.70581],[-73.60478,45.70678],[-73.60901,45.70835],[-73.61272,45.71048],[-73.61576,45.71306],[-73.61802,45.71601],[-73.61941,45.71922],[-73.61988,45.72255],[-73.61941,45.72588],[-73.61802,45.72908],[-73.61576,45.73203],[-73.61272,45.73461],[-73.60901,45.73674],[-73.60478,45.73831],[-73.6002,45.73929],[-73.59543,45.73961]]]}},{"type":"Feature","properties":{"ident":"CPQ3","name":"Niagara Falls Heliport","airport_type":"heliport","radius_km":1.9},"geometry":{"type":"Polygon","coordinates":[[[-79.07531,43.13613],[-79.07075,43.1358],[-79.06637,43.13483],[-79.06232,43.13325],[-79.05878,43.13113],[-79.05587,43.12854],[-79.05371,43.12559],[-79.05238,43.12239],[-79.05193,43.11906],[-79.05238,43.11573],[-79.05371,43.11253],[-79.05587,43.10958],[-79.05878,43.10699],[-79.06232,43.10487],[-79.06637,43.10329],[-79.07075,43.10232],[-79.07531,43.10199],[-79.07988,43.10232],[-79.08426,43.10329],[-79.08831,43.10487],[-79.09185,43.10699],[-79.09476,43.10958],[-79.09692,43.11253],[-79.09825,43.11573],[-79.0987,43.11906],[-79.09825,43.12239],[-79.09692,43.12559],[-79.09476,43.12854],[-79.09185,43.13113],[-79.08831,43.13325],[-79.08426,43.13483],[-79.07988,43.1358],[-79.07531,43.13613]]]}},{"type":"Feature","properties":{"ident":"CPR4","name":"London (University Hospital) Heliport","airport_type":"heliport","radius_km":1.9},"geometry":{"type":"Polygon","coordinates":[[[-81.27439,43.03012],[-81.26984,43.02979],[-81.26546,43.02882],[-81.26142,43.02725],[-81.25789,43.02512],[-81.25498,43.02254],[-81.25283,43.01959],[-81.2515,43.01638],[-81.25105,43.01305],[-81.2515,43.00972],[-81.25283,43.00652],[-81.25498,43.00357],[-81.25789,43.00099],[-81.26142,42.99886],[-81.26546,42.99729],[-81.26984,42.99631],[-81.27439,42.99599],[-81.27895,42.99631],[-81.28332,42.99729],[-81.28736,42.99886],[-81.2909,43.00099],[-81.2938,43.00357],[-81.29596,43.00652],[-81.29729,43.00972],[-81.29773,43.01305],[-81.29729,43.01638],[-81.29596,43.01959],[-81.2938,43.02254],[-81.2909,43.02512],[-81.28736,43.02725],[-81.28332,43.02882],[-81.27895,43.02979],[-81.27439,43.03012]]]}},{"type":"Feature","properties":{"ident":"CPR8","name":"Pincher Creek (Hospital) Heliport","airport_type":"heliport","radius_km":1.9},"geometry":{"type":"Polygon","coordinates":[[[-113.947,49.50957],[-113.94187,49.50924],[-113.93694,49.50827],[-113.9324,49.50669],[-113.92842,49.50457],[-113.92515,49.50198],[-113.92272,49.49903],[-113.92123,49.49583],[-113.92072,49.4925],[-113.92123,49.48917],[-113.92272,49.48597],[-113.92515,49.48302],[-113.92842,49.48043],[-113.9324,49.47831],[-113.93694,49.47673],[-113.94187,49.47576],[-113.947,49.47543],[-113.95212,49.47576],[-113.95705,49.47673],[-113.9616,49.47831],[-113.96558,49.48043],[-113.96885,49.48302],[-113.97128,49.48597],[-113.97277,49.48917],[-113.97328,49.4925],[-113.97277,49.49583],[-113.97128,49.49903],[-113.96885,49.50198],[-113.96558,49.50457],[-113.9616,49.50669],[-113.95705,49.50827],[-113.95212,49.50924],[-113.947,49.50957]]]}},{"type":"Feature","properties":{"ident":"CPS6","name":"Cornwall (Community Hospital McConnell Site) Heliport","airport_type":"heliport","radius_km":1.9},"geometry":{"type":"Polygon","coordinates":[[[-74.7178,45.03737],[-74.71309,45.03704],[-74.70856,45.03607],[-74.70438,45.03449],[-74.70072,45.03237],[-74.69772,45.02978],[-74.69549,45.02683],[-74.69411,45.02363],[-74.69365,45.0203],[-74.69411,45.01697],[-74.69549,45.01377],[-74.69772,45.01082],[-74.70072,45.00823],[-74.70438,45.00611],[-74.70856,45.00453],[-74.71309,45.00356],[-74.7178,45.00323],[-74.72251,45.00356],[-74.72704,45.00453],[-74.73121,45.00611],[-74.73487,45.00823],[-74.73787,45.01082],[-74.7401,45.01377],[-74.74148,45.01697],[-74.74194,45.0203],[-74.74148,45.02363],[-74.7401,45.02683],[-74.73787,45.02978],[-74.73487,45.03237],[-74.73121,45.03449],[-74.72704,45.03607],[-74.72251,45.03704],[-74.7178,45.03737]]]}},{"type":"Feature","properties":{"ident":"CPU2","name":"Kincardine (South Bruce Grey Health Centre Hospital) Heliport","airport_type":"heliport","radius_km":1.9},"geometry":{"type":"Polygon","coordinates":[[[-81.62446,44.20459],[-81.61982,44.20426],[-81.61535,44.20329],[-81.61124,44.20171],[-81.60763,44.19959],[-81.60467,44.197],[-81.60247,44.19405],[-81.60111,44.19085],[-81.60066,44.18752],[-81.60111,44.18419],[-81.60247,44.18099],[-81.60467,44.17804],[-81.60763,44.17545],[-81.61124,44.17333],[-81.61535,44.17175],[-81.61982,44.17078],[-81.62446,44.17045],[-81.6291,44.17078],[-81.63357,44.17175],[-81.63768,44.17333],[-81.64129,44.17545],[-81.64425,44.17804],[-81.64645,44.18099],[-81.6478,44.18419],[-81.64826,44.18752],[-81.6478,44.19085],[-81.64645,44.19405],[-81.64425,44.197],[-81.64129,44.19959],[-81.63768,44.20171],[-81.63357,44.20329],[-81.6291,44.20426],[-81.62446,44.20459]]]}},{"type":"Feature","properties":{"ident":"CPU4","name":"Manitouwadge (General Hospital) Heliport","airport_type":"heliport","radius_km":1.9},"geometry":{"type":"Polygon","coordinates":[[[-85.82509,49.14535],[-85.82,49.14502],[-85.81511,49.14405],[-85.8106,49.14248],[-85.80664,49.14035],[-85.8034,49.13777],[-85.80099,49.13482],[-85.79951,49.13161],[-85.799,49.12828],[-85.79951,49.12495],[-85.80099,49.12175],[-85.8034,49.1188],[-85.80664,49.11622],[-85.8106,49.11409],[-85.81511,49.11252],[-85.82,49.11154],[-85.82509,49.11122],[-85.83018,49.11154],[-85.83507,49.11252],[-85.83958,49.11409],[-85.84353,49.11622],[-85.84678,49.1188],[-85.84919,49.12175],[-85.85067,49.12495],[-85.85117,49.12828],[-85.85067,49.13161],[-85.84919,49.13482],[-85.84678,49.13777],[-85.84353,49.14035],[-85.83958,49.14248],[-85.83507,49.14405],[-85.83018,49.14502],[-85.82509,49.14535]]]}},{"type":"Feature","properties":{"ident":"CPV6","name":"Barry's Bay (St. Francis Memorial Hospital) Heliport","airport_type":"heliport","radius_km":1.9},"geometry":{"type":"Polygon","coordinates":[[[-77.69519,45.49887],[-77.69044,45.49855],[-77.68588,45.49758],[-77.68167,45.496],[-77.67798,45.49388],[-77.67495,45.49129],[-77.6727,45.48834],[-77.67132,45.48514],[-77.67085,45.48181],[-77.67132,45.47848],[-77.6727,45.47528],[-77.67495,45.47232],[-77.67798,45.46974],[-77.68167,45.46762],[-77.68588,45.46604],[-77.69044,45.46507],[-77.69519,45.46474],[-77.69994,45.46507],[-77.70451,45.46604],[-77.70872,45.46762],[-77.71241,45.46974],[-77.71543,45.47232],[-77.71768,45.47528],[-77.71907,45.47848],[-77.71954,45.48181],[-77.71907,45.48514],[-77.71768,45.48834],[-77.71543,45.49129],[-77.71241,45.49388],[-77.70872,45.496],[-77.70451,45.49758],[-77.69994,45.49855],[-77.69519,45.49887]]]}},{"type":"Feature","properties":{"ident":"CPW2","name":"London (Victoria Hospital) Heliport","airport_type":"heliport","radius_km":1.9},"geometry":{"type":"Polygon","coordinates":[[[-81.22557,42.97613],[-81.22102,42.97581],[-81.21665,42.97484],[-81.21261,42.97326],[-81.20908,42.97114],[-81.20618,42.96855],[-81.20403,42.9656],[-81.2027,42.9624],[-81.20225,42.95907],[-81.2027,42.95574],[-81.20403,42.95254],[-81.20618,42.94958],[-81.20908,42.947],[-81.21261,42.94488],[-81.21665,42.9433],[-81.22102,42.94233],[-81.22557,42.942],[-81.23012,42.94233],[-81.2345,42.9433],[-81.23853,42.94488],[-81.24206,42.947],[-81.24496,42.94958],[-81.24712,42.95254],[-81.24845,42.95574],[-81.24889,42.95907],[-81.24845,42.9624],[-81.24712,42.9656],[-81.24496,42.96855],[-81.24206,42.97114],[-81.23853,42.97326],[-81.2345,42.97484],[-81.23012,42.97581],[-81.22557,42.97613]]]}},{"type":"Feature","properties":{"ident":"CPW6","name":"Midland (Huronia District Hospital) Heliport","airport_type":"heliport","radius_km":1.9},"geometry":{"type":"Polygon","coordinates":[[[-79.9144,44.75877],[-79.90971,44.75844],[-79.9052,44.75747],[-79.90105,44.75589],[-79.89741,44.75377],[-79.89442,44.75118],[-79.8922,44.74823],[-79.89083,44.74503],[-79.89037,44.7417],[-79.89083,44.73837],[-79.8922,44.73517],[-79.89442,44.73222],[-79.89741,44.72963],[-79.90105,44.72751],[-79.9052,44.72593],[-79.90971,44.72496],[-79.9144,44.72463],[-79.91909,44.72496],[-79.92359,44.72593],[-79.92775,44.72751],[-79.93139,44.72963],[-79.93438,44.73222],[-79.9366,44.73517],[-79.93797,44.73837],[-79.93843,44.7417],[-79.93797,44.74503],[-79.9366,44.74823],[-79.93438,44.75118],[-79.93139,44.75377],[-79.92775,44.75589],[-79.92359,44.75747],[-79.91909,44.75844],[-79.9144,44.75877]]]}},{"type":"Feature","properties":{"ident":"CPW8","name":"Powell River (Hospital) Heliport","airport_type":"heliport","radius_km":1.9},"geometry":{"type":"Polygon","coordinates":[[[-124.51745,49.86851],[-124.51229,49.86819],[-124.50732,49.86722],[-124.50275,49.86564],[-124.49874,49.86352],[-124.49544,49.86093],[-124.493,49.85798],[-124.49149,49.85478],[-124.49098,49.85145],[-124.49149,49.84812],[-124.493,49.84492],[-124.49544,49.84196],[-124.49874,49.83938],[-124.50275,49.83726],[-124.50732,49.83568],[-124.51229,49.83471],[-124.51745,49.83438],[-124.52262,49.83471],[-124.52759,49.83568],[-124.53216,49.83726],[-124.53617,49.83938],[-124.53947,49.84196],[-124.54191,49.84492],[-124.54342,49.84812],[-124.54393,49.85145],[-124.54342,49.85478],[-124.54191,49.85798],[-124.53947,49.86093],[-124.53617,49.86352],[-124.53216,49.86564],[-124.52759,49.86722],[-124.52262,49.86819],[-124.51745,49.86851]]]}},{"type":"Feature","properties":{"ident":"CPX2","name":"Marathon (Wilson Memorial Hospital) Heliport","airport_type":"heliport","radius_km":1.9},"geometry":{"type":"Polygon","coordinates":[[[-86.3747,48.73567],[-86.36966,48.73534],[-86.3648,48.73437],[-86.36033,48.73279],[-86.35641,48.73067],[-86.35319,48.72808],[-86.3508,48.72513],[-86.34933,48.72193],[-86.34883,48.7186],[-86.34933,48.71527],[-86.3508,48.71207],[-86.35319,48.70912],[-86.35641,48.70653],[-86.36033,48.70441],[-86.3648,48.70283],[-86.36966,48.70186],[-86.3747,48.70153],[-86.37975,48.70186],[-86.3846,48.70283],[-86.38908,48.70441],[-86.393,48.70653],[-86.39621,48.70912],[-86.3986,48.71207],[-86.40008,48.71527],[-86.40057,48.7186],[-86.40008,48.72193],[-86.3986,48.72513],[-86.39621,48.72808],[-86.393,48.73067],[-86.38908,48.73279],[-86.3846,48.73437],[-86.37975,48.73534],[-86.3747,48.73567]]]}},{"type":"Feature","properties":{"ident":"CPX6","name":"Port Perry (Community Memorial Hospital) Heliport","airport_type":"heliport","radius_km":1.9},"geometry":{"type":"Polygon","coordinates":[[[-78.95409,44.12193],[-78.94945,44.1216],[-78.945,44.12063],[-78.94089,44.11906],[-78.93728,44.11693],[-78.93433,44.11435],[-78.93213,44.1114],[-78.93078,44.10819],[-78.93032,44.10486],[-78.93078,44.10153],[-78.93213,44.09833],[-78.93433,44.09538],[-78.93728,44.09279],[-78.94089,44.09067],[-78.945,44.0891],[-78.94945,44.08812],[-78.95409,44.0878],[-78.95873,44.08812],[-78.96319,44.0891],[-78.9673,44.09067],[-78.9709,44.09279],[-78.97386,44.09538],[-78.97605,44.09833],[-78.9774,44.10153],[-78.97786,44.10486],[-78.9774,44.10819],[-78.97605,44.1114],[-78.97386,44.11435],[-78.9709,44.11693],[-78.9673,44.11906],[-78.96319,44.12063],[-78.95873,44.1216],[-78.95409,44.12193]]]}},{"type":"Feature","properties":{"ident":"CPY2","name":"Milton (District Hospital) Heliport","airport_type":"heliport","radius_km":1.9},"geometry":{"type":"Polygon","coordinates":[[[-79.86969,43.51296],[-79.8651,43.51263],[-79.86069,43.51166],[-79.85662,43.51008],[-79.85305,43.50796],[-79.85013,43.50537],[-79.84795,43.50242],[-79.84661,43.49922],[-79.84616,43.49589],[-79.84661,43.49256],[-79.84795,43.48936],[-79.85013,43.48641],[-79.85305,43.48382],[-79.85662,43.4817],[-79.86069,43.48012],[-79.8651,43.47915],[-79.86969,43.47882],[-79.87428,43.47915],[-79.87869,43.48012],[-79.88276,43.4817],[-79.88633,43.48382],[-79.88925,43.48641],[-79.89143,43.48936],[-79.89277,43.49256],[-79.89322,43.49589],[-79.89277,43.49922],[-79.89143,43.50242],[-79.88925,43.50537],[-79.88633,43.50796],[-79.88276,43.51008],[-79.87869,43.51166],[-79.87428,43.51263],[-79.86969,43.51296]]]}},{"type":"Feature","properties":{"ident":"CPY3","name":"Beardmore (Health Centre) Heliport","airport_type":"heliport","radius_km":1.9},"geometry":{"type":"Polygon","coordinates":[[[-87.9531,49.62567],[-87.94796,49.62534],[-87.94302,49.62437],[-87.93847,49.62279],[-87.93448,49.62067],[-87.9312,49.61808],[-87.92877,49.61513],[-87.92727,49.61193],[-87.92676,49.6086],[-87.92727,49.60527],[-87.92877,49.60207],[-87.9312,49.59912],[-87.93448,49.59653],[-87.93847,49.59441],[-87.94302,49.59283],[-87.94796,49.59186],[-87.9531,49.59153],[-87.95824,49.59186],[-87.96318,49.59283],[-87.96774,49.59441],[-87.97173,49.59653],[-87.975,49.59912],[-87.97744,49.60207],[-87.97894,49.60527],[-87.97944,49.6086],[-87.97894,49.61193],[-87.97744,49.61513],[-87.975,49.61808],[-87.97173,49.62067],[-87.96774,49.62279],[-87.96318,49.62437],[-87.95824,49.62534],[-87.9531,49.62567]]]}},{"type":"Feature","properties":{"ident":"CPY5","name":"Wilson's Heliport","airport_type":"heliport","radius_km":1.9},"geometry":{"type":"Polygon","coordinates":[[[-79.56397,43.63485],[-79.55937,43.63452],[-79.55494,43.63355],[-79.55087,43.63197],[-79.5473,43.62985],[-79.54436,43.62726],[-79.54218,43.62431],[-79.54084,43.62111],[-79.54039,43.61778],[-79.54084,43.61445],[-79.54218,43.61125],[-79.54436,43.6083],[-79.5473,43.60571],[-79.55087,43.60359],[-79.55494,43.60201],[-79.55937,43.60104],[-79.56397,43.60071],[-79.56857,43.60104],[-79.57299,43.60201],[-79.57706,43.60359],[-79.58064,43.60571],[-79.58357,43.6083],[-79.58575,43.61125],[-79.58709,43.61445],[-79.58754,43.61778],[-79.58709,43.62111],[-79.58575,43.62431],[-79.58357,43.62726],[-79.58064,43.62985],[-79.57706,43.63197],[-79.57299,43.63355],[-79.56857,43.63452],[-79.56397,43.63485]]]}},{"type":"Feature","properties":{"ident":"CPZ2","name":"Alliston (Stevenson Memorial Hospital) Heliport","airport_type":"heliport","radius_km":1.9},"geometry":{"type":"Polygon","coordinates":[[[-79.87372,44.17249],[-79.86908,44.17216],[-79.86461,44.17119],[-79.8605,44.16961],[-79.8569,44.16749],[-79.85394,44.1649],[-79.85174,44.16195],[-79.85038,44.15875],[-79.84993,44.15542],[-79.85038,44.15209],[-79.85174,44.14889],[-79.85394,44.14594],[-79.8569,44.14335],[-79.8605,44.14123],[-79.86461,44.13965],[-79.86908,44.13868],[-79.87372,44.13835],[-79.87836,44.13868],[-79.88282,44.13965],[-79.88693,44.14123],[-79.89054,44.14335],[-79.8935,44.14594],[-79.8957,44.14889],[-79.89705,44.15209],[-79.89751,44.15542],[-79.89705,44.15875],[-79.8957,44.16195],[-79.8935,44.1649],[-79.89054,44.16749],[-79.88693,44.16961],[-79.88282,44.17119],[-79.87836,44.17216],[-79.87372,44.17249]]]}},{"type":"Feature","properties":{"ident":"CPZ6","name":"Montreal / Point Zero Helipad","airport_type":"heliport","radius_km":1.9},"geometry":{"type":"Polygon","coordinates":[[[-73.65779,45.54687],[-73.65303,45.54654],[-73.64846,45.54557],[-73.64425,45.54399],[-73.64056,45.54187],[-73.63753,45.53929],[-73.63528,45.53633],[-73.63389,45.53313],[-73.63342,45.5298],[-73.63389,45.52647],[-73.63528,45.52327],[-73.63753,45.52032],[-73.64056,45.51773],[-73.64425,45.51561],[-73.64846,45.51403],[-73.65303,45.51306],[-73.65779,45.51274],[-73.66254,45.51306],[-73.66711,45.51403],[-73.67132,45.51561],[-73.67501,45.51773],[-73.67804,45.52032],[-73.6803,45.52327],[-73.68168,45.52647],[-73.68215,45.5298],[-73.68168,45.53313],[-73.6803,45.53633],[-73.67804,45.53929],[-73.67501,45.54187],[-73.67132,45.54399],[-73.66711,45.54557],[-73.66254,45.54654],[-73.65779,45.54687]]]}},{"type":"Feature","properties":{"ident":"CQH2","name":"Questral Helicopters Heliport","airport_type":"heliport","radius_km":1.9},"geometry":{"type":"Polygon","coordinates":[[[-75.50045,45.31582],[-75.49572,45.31549],[-75.49117,45.31452],[-75.48697,45.31294],[-75.48329,45.31082],[-75.48028,45.30824],[-75.47803,45.30528],[-75.47665,45.30208],[-75.47619,45.29875],[-75.47665,45.29542],[-75.47803,45.29222],[-75.48028,45.28927],[-75.48329,45.28668],[-75.48697,45.28456],[-75.49117,45.28298],[-75.49572,45.28201],[-75.50045,45.28169],[-75.50518,45.28201],[-75.50974,45.28298],[-75.51393,45.28456],[-75.51761,45.28668],[-75.52063,45.28927],[-75.52287,45.29222],[-75.52425,45.29542],[-75.52472,45.29875],[-75.52425,45.30208],[-75.52287,45.30528],[-75.52063,45.30824],[-75.51761,45.31082],[-75.51393,45.31294],[-75.50974,45.31452],[-75.50518,45.31549],[-75.50045,45.31582]]]}},{"type":"Feature","properties":{"ident":"CR8A","name":"Reef Hueston Helicopter Landing","airport_type":"heliport","radius_km":1.9},"geometry":{"type":"Polygon","coordinates":[[[-126.17223,53.84017],[-126.16659,53.83984],[-126.16116,53.83887],[-126.15616,53.83729],[-126.15178,53.83517],[-126.14819,53.83258],[-126.14551,53.82963],[-126.14387,53.82643],[-126.14331,53.8231],[-126.14387,53.81977],[-126.14551,53.81657],[-126.14819,53.81362],[-126.15178,53.81103],[-126.15616,53.80891],[-126.16116,53.80733],[-126.16659,53.80636],[-126.17223,53.80603],[-126.17787,53.80636],[-126.18329,53.80733],[-126.18829,53.80891],[-126.19267,53.81103],[-126.19627,53.81362],[-126.19894,53.81657],[-126.20059,53.81977],[-126.20114,53.8231],[-126.20059,53.82643],[-126.19894,53.82963],[-126.19627,53.83258],[-126.19267,53.83517],[-126.18829,53.83729],[-126.18329,53.83887],[-126.17787,53.83984],[-126.17223,53.84017]]]}},{"type":"Feature","properties":{"ident":"CRC2","name":"RCMP Heliport","airport_type":"heliport","radius_km":1.9},"geometry":{"type":"Polygon","coordinates":[[[-66.66668,45.94881],[-66.66189,45.94848],[-66.65729,45.94751],[-66.65305,45.94593],[-66.64933,45.94381],[-66.64628,45.94122],[-66.64401,45.93827],[-66.64261,45.93507],[-66.64214,45.93174],[-66.64261,45.92841],[-66.64401,45.92521],[-66.64628,45.92226],[-66.64933,45.91967],[-66.65305,45.91755],[-66.65729,45.91597],[-66.66189,45.915],[-66.66668,45.91467],[-66.67147,45.915],[-66.67607,45.91597],[-66.68031,45.91755],[-66.68403,45.91967],[-66.68709,45.92226],[-66.68935,45.92521],[-66.69075,45.92841],[-66.69122,45.93174],[-66.69075,45.93507],[-66.68935,45.93827],[-66.68709,45.94122],[-66.68403,45.94381],[-66.68031,45.94593],[-66.67607,45.94751],[-66.67147,45.94848],[-66.66668,45.94881]]]}},{"type":"Feature","properties":{"ident":"CRD3","name":"Red Deer Regional Hospital Centre Heliport","airport_type":"heliport","radius_km":1.9},"geometry":{"type":"Polygon","coordinates":[[[-113.816,52.27897],[-113.81056,52.27864],[-113.80533,52.27767],[-113.80051,52.27609],[-113.79628,52.27397],[-113.79282,52.27138],[-113.79024,52.26843],[-113.78865,52.26523],[-113.78812,52.2619],[-113.78865,52.25857],[-113.79024,52.25537],[-113.79282,52.25242],[-113.79628,52.24983],[-113.80051,52.24771],[-113.80533,52.24613],[-113.81056,52.24516],[-113.816,52.24483],[-113.82144,52.24516],[-113.82667,52.24613],[-113.83149,52.24771],[-113.83572,52.24983],[-113.83919,52.25242],[-113.84177,52.25537],[-113.84335,52.25857],[-113.84389,52.2619],[-113.84335,52.26523],[-113.84177,52.26843],[-113.83919,52.27138],[-113.83572,52.27397],[-113.83149,52.27609],[-113.82667,52.27767],[-113.82144,52.27864],[-113.816,52.27897]]]}},{"type":"Feature","properties":{"ident":"CRF2","name":"Langley (Russell Farm) Heliport","airport_type":"heliport","radius_km":1.9},"geometry":{"type":"Polygon","coordinates":[[[-122.67221,49.02811],[-122.66714,49.02779],[-122.66226,49.02681],[-122.65776,49.02524],[-122.65381,49.02311],[-122.65058,49.02053],[-122.64817,49.01758],[-122.64669,49.01438],[-122.64619,49.01105],[-122.64669,49.00772],[-122.64817,49.00451],[-122.65058,49.00156],[-122.65381,48.99898],[-122.65776,48.99685],[-122.66226,48.99528],[-122.66714,48.99431],[-122.67221,48.99398],[-122.67729,48.99431],[-122.68217,48.99528],[-122.68667,48.99685],[-122.69061,48.99898],[-122.69385,49.00156],[-122.69625,49.00451],[-122.69773,49.00772],[-122.69823,49.01105],[-122.69773,49.01438],[-122.69625,49.01758],[-122.69385,49.02053],[-122.69061,49.02311],[-122.68667,49.02524],[-122.68217,49.02681],[-122.67729,49.02779],[-122.67221,49.02811]]]}},{"type":"Feature","properties":{"ident":"CRG2","name":"Argus Heliport","airport_type":"heliport","radius_km":1.9},"geometry":{"type":"Polygon","coordinates":[[[-119.4458,49.97867],[-119.44062,49.97834],[-119.43565,49.97737],[-119.43106,49.97579],[-119.42704,49.97367],[-119.42374,49.97108],[-119.42129,49.96813],[-119.41978,49.96493],[-119.41927,49.9616],[-119.41978,49.95827],[-119.42129,49.95507],[-119.42374,49.95212],[-119.42704,49.94953],[-119.43106,49.94741],[-119.43565,49.94583],[-119.44062,49.94486],[-119.4458,49.94453],[-119.45098,49.94486],[-119.45595,49.94583],[-119.46054,49.94741],[-119.46456,49.94953],[-119.46786,49.95212],[-119.47031,49.95507],[-119.47182,49.95827],[-119.47233,49.9616],[-119.47182,49.96493],[-119.47031,49.96813],[-119.46786,49.97108],[-119.46456,49.97367],[-119.46054,49.97579],[-119.45595,49.97737],[-119.45098,49.97834],[-119.4458,49.97867]]]}},{"type":"Feature","properties":{"ident":"CRH2","name":"Coronation (Health Centre) Heliport","airport_type":"heliport","radius_km":1.9},"geometry":{"type":"Polygon","coordinates":[[[-111.45975,52.11314],[-111.45433,52.11281],[-111.44912,52.11184],[-111.44432,52.11026],[-111.44011,52.10814],[-111.43665,52.10555],[-111.43408,52.1026],[-111.4325,52.0994],[-111.43197,52.09607],[-111.4325,52.09274],[-111.43408,52.08954],[-111.43665,52.08659],[-111.44011,52.084],[-111.44432,52.08188],[-111.44912,52.0803],[-111.45433,52.07933],[-111.45975,52.079],[-111.46517,52.07933],[-111.47038,52.0803],[-111.47519,52.08188],[-111.4794,52.084],[-111.48285,52.08659],[-111.48542,52.08954],[-111.487,52.09274],[-111.48753,52.09607],[-111.487,52.0994],[-111.48542,52.1026],[-111.48285,52.10555],[-111.4794,52.10814],[-111.47519,52.11026],[-111.47038,52.11184],[-111.46517,52.11281],[-111.45975,52.11314]]]}},{"type":"Feature","properties":{"ident":"CRH5","name":"Rimbey (Hospital & Care Centre) Heliport","airport_type":"heliport","radius_km":1.9},"geometry":{"type":"Polygon","coordinates":[[[-114.24778,52.65768],[-114.24229,52.65736],[-114.23702,52.65638],[-114.23215,52.65481],[-114.22789,52.65268],[-114.22439,52.6501],[-114.22179,52.64715],[-114.22019,52.64395],[-114.21965,52.64062],[-114.22019,52.63729],[-114.22179,52.63408],[-114.22439,52.63113],[-114.22789,52.62855],[-114.23215,52.62642],[-114.23702,52.62485],[-114.24229,52.62388],[-114.24778,52.62355],[-114.25327,52.62388],[-114.25854,52.62485],[-114.26341,52.62642],[-114.26767,52.62855],[-114.27117,52.63113],[-114.27377,52.63408],[-114.27537,52.63729],[-114.27591,52.64062],[-114.27537,52.64395],[-114.27377,52.64715],[-114.27117,52.6501],[-114.26767,52.65268],[-114.26341,52.65481],[-114.25854,52.65638],[-114.25327,52.65736],[-114.24778,52.65768]]]}},{"type":"Feature","properties":{"ident":"CRL3","name":"Red Lake (Margaret Cochenour Memorial Hospital) Heliport","airport_type":"heliport","radius_km":1.9},"geometry":{"type":"Polygon","coordinates":[[[-93.82177,51.03067],[-93.81648,51.03034],[-93.81139,51.02937],[-93.8067,51.02779],[-93.80259,51.02567],[-93.79921,51.02308],[-93.79671,51.02013],[-93.79516,51.01693],[-93.79464,51.0136],[-93.79516,51.01027],[-93.79671,51.00707],[-93.79921,51.00412],[-93.80259,51.00153],[-93.8067,50.99941],[-93.81139,50.99783],[-93.81648,50.99686],[-93.82177,50.99653],[-93.82706,50.99686],[-93.83215,50.99783],[-93.83684,50.99941],[-93.84095,51.00153],[-93.84433,51.00412],[-93.84683,51.00707],[-93.84838,51.01027],[-93.8489,51.0136],[-93.84838,51.01693],[-93.84683,51.02013],[-93.84433,51.02308],[-93.84095,51.02567],[-93.83684,51.02779],[-93.83215,51.02937],[-93.82706,51.03034],[-93.82177,51.03067]]]}},{"type":"Feature","properties":{"ident":"CRO2","name":"Onward Aviation Heliport","airport_type":"heliport","radius_km":1.9},"geometry":{"type":"Polygon","coordinates":[[[-80.1294,43.32959],[-80.12482,43.32926],[-80.12042,43.32829],[-80.11637,43.32671],[-80.11281,43.32459],[-80.1099,43.322],[-80.10773,43.31905],[-80.10639,43.31585],[-80.10594,43.31252],[-80.10639,43.30919],[-80.10773,43.30599],[-80.1099,43.30304],[-80.11281,43.30045],[-80.11637,43.29833],[-80.12042,43.29675],[-80.12482,43.29578],[-80.1294,43.29545],[-80.13398,43.29578],[-80.13838,43.29675],[-80.14243,43.29833],[-80.14599,43.30045],[-80.1489,43.30304],[-80.15107,43.30599],[-80.15241,43.30919],[-80.15286,43.31252],[-80.15241,43.31585],[-80.15107,43.31905],[-80.1489,43.322],[-80.14599,43.32459],[-80.14243,43.32671],[-80.13838,43.32829],[-80.13398,43.32926],[-80.1294,43.32959]]]}},{"type":"Feature","properties":{"ident":"CRQ2","name":"Regina General Hospital Helipad","airport_type":"heliport","radius_km":1.9},"geometry":{"type":"Polygon","coordinates":[[[-104.60133,50.46108],[-104.5961,50.46075],[-104.59107,50.45978],[-104.58644,50.4582],[-104.58238,50.45608],[-104.57904,50.45349],[-104.57657,50.45054],[-104.57504,50.44734],[-104.57453,50.44401],[-104.57504,50.44068],[-104.57657,50.43748],[-104.57904,50.43453],[-104.58238,50.43194],[-104.58644,50.42982],[-104.59107,50.42824],[-104.5961,50.42727],[-104.60133,50.42694],[-104.60656,50.42727],[-104.61158,50.42824],[-104.61622,50.42982],[-104.62028,50.43194],[-104.62361,50.43453],[-104.62609,50.43748],[-104.62761,50.44068],[-104.62813,50.44401],[-104.62761,50.44734],[-104.62609,50.45054],[-104.62361,50.45349],[-104.62028,50.45608],[-104.61622,50.4582],[-104.61158,50.45978],[-104.60656,50.46075],[-104.60133,50.46108]]]}},{"type":"Feature","properties":{"ident":"CRS2","name":"Parry Sound Medical Heliport","airport_type":"heliport","radius_km":1.9},"geometry":{"type":"Polygon","coordinates":[[[-80.01645,45.35877],[-80.01172,45.35844],[-80.00716,45.35747],[-80.00296,45.35589],[-79.99928,45.35377],[-79.99626,45.35118],[-79.99402,45.34823],[-79.99264,45.34503],[-79.99217,45.3417],[-79.99264,45.33837],[-79.99402,45.33517],[-79.99626,45.33222],[-79.99928,45.32963],[-80.00296,45.32751],[-80.00716,45.32593],[-80.01172,45.32496],[-80.01645,45.32463],[-80.02119,45.32496],[-80.02575,45.32593],[-80.02994,45.32751],[-80.03362,45.32963],[-80.03664,45.33222],[-80.03889,45.33517],[-80.04027,45.33837],[-80.04074,45.3417],[-80.04027,45.34503],[-80.03889,45.34823],[-80.03664,45.35118],[-80.03362,45.35377],[-80.02994,45.35589],[-80.02575,45.35747],[-80.02119,45.35844],[-80.01645,45.35877]]]}},{"type":"Feature","properties":{"ident":"CRS6","name":"Rostrevor Heliport","airport_type":"heliport","radius_km":1.9},"geometry":{"type":"Polygon","coordinates":[[[-79.56783,45.2004],[-79.56311,45.20007],[-79.55857,45.1991],[-79.55438,45.19752],[-79.55071,45.1954],[-79.5477,45.19282],[-79.54546,45.18986],[-79.54408,45.18666],[-79.54362,45.18333],[-79.54408,45.18],[-79.54546,45.1768],[-79.5477,45.17385],[-79.55071,45.17126],[-79.55438,45.16914],[-79.55857,45.16756],[-79.56311,45.16659],[-79.56783,45.16627],[-79.57256,45.16659],[-79.5771,45.16756],[-79.58129,45.16914],[-79.58496,45.17126],[-79.58797,45.17385],[-79.59021,45.1768],[-79.59158,45.18],[-79.59205,45.18333],[-79.59158,45.18666],[-79.59021,45.18986],[-79.58797,45.19282],[-79.58496,45.1954],[-79.58129,45.19752],[-79.5771,45.1991],[-79.57256,45.20007],[-79.56783,45.2004]]]}},{"type":"Feature","properties":{"ident":"CRV2","name":"Barrie (Royal Victoria Hospital) Heliport","airport_type":"heliport","radius_km":1.9},"geometry":{"type":"Polygon","coordinates":[[[-79.66574,44.43148],[-79.66108,44.43115],[-79.6566,44.43018],[-79.65247,44.4286],[-79.64885,44.42648],[-79.64588,44.42389],[-79.64367,44.42094],[-79.64231,44.41774],[-79.64185,44.41441],[-79.64231,44.41108],[-79.64367,44.40788],[-79.64588,44.40493],[-79.64885,44.40234],[-79.65247,44.40022],[-79.6566,44.39864],[-79.66108,44.39767],[-79.66574,44.39734],[-79.67041,44.39767],[-79.67489,44.39864],[-79.67902,44.40022],[-79.68264,44.40234],[-79.68561,44.40493],[-79.68782,44.40788],[-79.68918,44.41108],[-79.68964,44.41441],[-79.68918,44.41774],[-79.68782,44.42094],[-79.68561,44.42389],[-79.68264,44.42648],[-79.67902,44.4286],[-79.67489,44.43018],[-79.67041,44.43115],[-79.66574,44.43148]]]}},{"type":"Feature","properties":{"ident":"CRW2","name":"Redwater (Heliworks) Heliport","airport_type":"heliport","radius_km":1.9},"geometry":{"type":"Polygon","coordinates":[[[-113.10425,53.93632],[-113.09859,53.93599],[-113.09316,53.93502],[-113.08815,53.93344],[-113.08376,53.93132],[-113.08015,53.92873],[-113.07747,53.92578],[-113.07582,53.92258],[-113.07527,53.91925],[-113.07582,53.91592],[-113.07747,53.91272],[-113.08015,53.90977],[-113.08376,53.90718],[-113.08815,53.90506],[-113.09316,53.90348],[-113.09859,53.90251],[-113.10425,53.90218],[-113.1099,53.90251],[-113.11534,53.90348],[-113.12035,53.90506],[-113.12474,53.90718],[-113.12835,53.90977],[-113.13102,53.91272],[-113.13267,53.91592],[-113.13323,53.91925],[-113.13267,53.92258],[-113.13102,53.92578],[-113.12835,53.92873],[-113.12474,53.93132],[-113.12035,53.93344],[-113.11534,53.93502],[-113.1099,53.93599],[-113.10425,53.93632]]]}},{"type":"Feature","properties":{"ident":"CRW8","name":"Redwater Health Centre Heliport","airport_type":"heliport","radius_km":1.9},"geometry":{"type":"Polygon","coordinates":[[[-113.1271,53.96687],[-113.12144,53.96654],[-113.116,53.96557],[-113.11099,53.96399],[-113.10659,53.96187],[-113.10299,53.95928],[-113.1003,53.95633],[-113.09865,53.95313],[-113.0981,53.9498],[-113.09865,53.94647],[-113.1003,53.94327],[-113.10299,53.94032],[-113.10659,53.93773],[-113.11099,53.93561],[-113.116,53.93403],[-113.12144,53.93306],[-113.1271,53.93273],[-113.13276,53.93306],[-113.1382,53.93403],[-113.14321,53.93561],[-113.14761,53.93773],[-113.15121,53.94032],[-113.1539,53.94327],[-113.15555,53.94647],[-113.1561,53.9498],[-113.15555,53.95313],[-113.1539,53.95633],[-113.15121,53.95928],[-113.14761,53.96187],[-113.14321,53.96399],[-113.1382,53.96557],[-113.13276,53.96654],[-113.1271,53.96687]]]}},{"type":"Feature","properties":{"ident":"CSA3","name":"Edmonton / Sturgeon Community Hospital Heliport","airport_type":"heliport","radius_km":1.9},"geometry":{"type":"Polygon","coordinates":[[[-113.62736,53.67165],[-113.62174,53.67132],[-113.61634,53.67035],[-113.61136,53.66877],[-113.607,53.66665],[-113.60342,53.66406],[-113.60075,53.66111],[-113.59912,53.65791],[-113.59856,53.65458],[-113.59912,53.65125],[-113.60075,53.64805],[-113.60342,53.6451],[-113.607,53.64251],[-113.61136,53.64039],[-113.61634,53.63881],[-113.62174,53.63784],[-113.62736,53.63751],[-113.63298,53.63784],[-113.63838,53.63881],[-113.64336,53.64039],[-113.64773,53.64251],[-113.65131,53.6451],[-113.65397,53.64805],[-113.65561,53.65125],[-113.65616,53.65458],[-113.65561,53.65791],[-113.65397,53.66111],[-113.65131,53.66406],[-113.64773,53.66665],[-113.64336,53.66877],[-113.63838,53.67035],[-113.63298,53.67132],[-113.62736,53.67165]]]}},{"type":"Feature","properties":{"ident":"CSB4","name":"Chibougamau Heliport","airport_type":"heliport","radius_km":1.9},"geometry":{"type":"Polygon","coordinates":[[[-74.3833,49.91707],[-74.37813,49.91674],[-74.37316,49.91577],[-74.36858,49.91419],[-74.36457,49.91207],[-74.36127,49.90948],[-74.35882,49.90653],[-74.35731,49.90333],[-74.3568,49.9],[-74.35731,49.89667],[-74.35882,49.89347],[-74.36127,49.89052],[-74.36457,49.88793],[-74.36858,49.88581],[-74.37316,49.88423],[-74.37813,49.88326],[-74.3833,49.88293],[-74.38847,49.88326],[-74.39344,49.88423],[-74.39802,49.88581],[-74.40204,49.88793],[-74.40533,49.89052],[-74.40778,49.89347],[-74.40929,49.89667],[-74.4098,49.9],[-74.40929,49.90333],[-74.40778,49.90653],[-74.40533,49.90948],[-74.40204,49.91207],[-74.39802,49.91419],[-74.39344,49.91577],[-74.38847,49.91674],[-74.3833,49.91707]]]}},{"type":"Feature","properties":{"ident":"CSC4","name":"Shefford Heliport","airport_type":"heliport","radius_km":1.9},"geometry":{"type":"Polygon","coordinates":[[[-72.59356,45.353],[-72.58882,45.35267],[-72.58427,45.3517],[-72.58007,45.35012],[-72.57639,45.348],[-72.57337,45.34542],[-72.57113,45.34246],[-72.56974,45.33926],[-72.56928,45.33593],[-72.56974,45.3326],[-72.57113,45.3294],[-72.57337,45.32645],[-72.57639,45.32386],[-72.58007,45.32174],[-72.58427,45.32016],[-72.58882,45.31919],[-72.59356,45.31887],[-72.59829,45.31919],[-72.60285,45.32016],[-72.60705,45.32174],[-72.61073,45.32386],[-72.61375,45.32645],[-72.61599,45.3294],[-72.61737,45.3326],[-72.61784,45.33593],[-72.61737,45.33926],[-72.61599,45.34246],[-72.61375,45.34542],[-72.61073,45.348],[-72.60705,45.35012],[-72.60285,45.3517],[-72.59829,45.35267],[-72.59356,45.353]]]}},{"type":"Feature","properties":{"ident":"CSD2","name":"Sundre (Hospital & Health Care Centre) Heliport","airport_type":"heliport","radius_km":1.9},"geometry":{"type":"Polygon","coordinates":[[[-114.63654,51.82423],[-114.63116,51.82391],[-114.62598,51.82293],[-114.6212,51.82136],[-114.61702,51.81923],[-114.61359,51.81665],[-114.61104,51.8137],[-114.60947,51.8105],[-114.60894,51.80717],[-114.60947,51.80384],[-114.61104,51.80063],[-114.61359,51.79768],[-114.61702,51.7951],[-114.6212,51.79297],[-114.62598,51.7914],[-114.63116,51.79043],[-114.63654,51.7901],[-114.64193,51.79043],[-114.6471,51.7914],[-114.65188,51.79297],[-114.65606,51.7951],[-114.65949,51.79768],[-114.66204,51.80063],[-114.66361,51.80384],[-114.66414,51.80717],[-114.66361,51.8105],[-114.66204,51.8137],[-114.65949,51.81665],[-114.65606,51.81923],[-114.65188,51.82136],[-114.6471,51.82293],[-114.64193,51.82391],[-114.63654,51.82423]]]}},{"type":"Feature","properties":{"ident":"CSD5","name":"Fermont Heliport","airport_type":"heliport","radius_km":1.9},"geometry":{"type":"Polygon","coordinates":[[[-67.1022,52.82317],[-67.0967,52.82284],[-67.0914,52.82187],[-67.08652,52.82029],[-67.08224,52.81817],[-67.07873,52.81558],[-67.07612,52.81263],[-67.07451,52.80943],[-67.07397,52.8061],[-67.07451,52.80277],[-67.07612,52.79957],[-67.07873,52.79662],[-67.08224,52.79403],[-67.08652,52.79191],[-67.0914,52.79033],[-67.0967,52.78936],[-67.1022,52.78903],[-67.10771,52.78936],[-67.11301,52.79033],[-67.11789,52.79191],[-67.12217,52.79403],[-67.12568,52.79662],[-67.12829,52.79957],[-67.12989,52.80277],[-67.13044,52.8061],[-67.12989,52.80943],[-67.12829,52.81263],[-67.12568,52.81558],[-67.12217,52.81817],[-67.11789,52.82029],[-67.11301,52.82187],[-67.10771,52.82284],[-67.1022,52.82317]]]}},{"type":"Feature","properties":{"ident":"CSD8","name":"Burnt Island Helipad","airport_type":"heliport","radius_km":1.9},"geometry":{"type":"Polygon","coordinates":[[[-79.74744,45.23542],[-79.74271,45.23509],[-79.73816,45.23412],[-79.73398,45.23255],[-79.7303,45.23042],[-79.72729,45.22784],[-79.72505,45.22489],[-79.72367,45.22168],[-79.72321,45.21835],[-79.72367,45.21502],[-79.72505,45.21182],[-79.72729,45.20887],[-79.7303,45.20629],[-79.73398,45.20416],[-79.73816,45.20259],[-79.74271,45.20161],[-79.74744,45.20129],[-79.75216,45.20161],[-79.75671,45.20259],[-79.7609,45.20416],[-79.76457,45.20629],[-79.76758,45.20887],[-79.76982,45.21182],[-79.7712,45.21502],[-79.77167,45.21835],[-79.7712,45.22168],[-79.76982,45.22489],[-79.76758,45.22784],[-79.76457,45.23042],[-79.7609,45.23255],[-79.75671,45.23412],[-79.75216,45.23509],[-79.74744,45.23542]]]}},{"type":"Feature","properties":{"ident":"CSE2","name":"Chibougamau (Hydro-Qu\u00e9bec) Heliport","airport_type":"heliport","radius_km":1.9},"geometry":{"type":"Polygon","coordinates":[[[-74.4003,49.90487],[-74.39513,49.90454],[-74.39016,49.90357],[-74.38558,49.90199],[-74.38157,49.89987],[-74.37827,49.89728],[-74.37582,49.89433],[-74.37432,49.89113],[-74.37381,49.8878],[-74.37432,49.88447],[-74.37582,49.88127],[-74.37827,49.87832],[-74.38157,49.87573],[-74.38558,49.87361],[-74.39016,49.87203],[-74.39513,49.87106],[-74.4003,49.87073],[-74.40547,49.87106],[-74.41044,49.87203],[-74.41502,49.87361],[-74.41903,49.87573],[-74.42233,49.87832],[-74.42477,49.88127],[-74.42628,49.88447],[-74.42679,49.8878],[-74.42628,49.89113],[-74.42477,49.89433],[-74.42233,49.89728],[-74.41903,49.89987],[-74.41502,49.90199],[-74.41044,49.90357],[-74.40547,49.90454],[-74.4003,49.90487]]]}},{"type":"Feature","properties":{"ident":"CSE7","name":"Delta (SEI) Heliport","airport_type":"heliport","radius_km":1.9},"geometry":{"type":"Polygon","coordinates":[[[-123.01839,49.14616],[-123.01331,49.14583],[-123.00841,49.14486],[-123.0039,49.14328],[-122.99995,49.14116],[-122.99671,49.13857],[-122.9943,49.13562],[-122.99281,49.13242],[-122.99231,49.12909],[-122.99281,49.12576],[-122.9943,49.12256],[-122.99671,49.11961],[-122.99995,49.11702],[-123.0039,49.1149],[-123.00841,49.11332],[-123.01331,49.11235],[-123.01839,49.11202],[-123.02348,49.11235],[-123.02838,49.11332],[-123.03289,49.1149],[-123.03684,49.11702],[-123.04008,49.11961],[-123.04249,49.12256],[-123.04398,49.12576],[-123.04448,49.12909],[-123.04398,49.13242],[-123.04249,49.13562],[-123.04008,49.13857],[-123.03684,49.14116],[-123.03289,49.14328],[-123.02838,49.14486],[-123.02348,49.14583],[-123.01839,49.14616]]]}},{"type":"Feature","properties":{"ident":"CSF6","name":"Ste-Marguerite Heliport","airport_type":"heliport","radius_km":1.9},"geometry":{"type":"Polygon","coordinates":[[[-74.0533,46.04817],[-74.0485,46.04784],[-74.04389,46.04687],[-74.03964,46.04529],[-74.03592,46.04317],[-74.03286,46.04058],[-74.03059,46.03763],[-74.02919,46.03443],[-74.02871,46.0311],[-74.02919,46.02777],[-74.03059,46.02457],[-74.03286,46.02162],[-74.03592,46.01903],[-74.03964,46.01691],[-74.04389,46.01533],[-74.0485,46.01436],[-74.0533,46.01403],[-74.0581,46.01436],[-74.06271,46.01533],[-74.06696,46.01691],[-74.07068,46.01903],[-74.07374,46.02162],[-74.07601,46.02457],[-74.07741,46.02777],[-74.07788,46.0311],[-74.07741,46.03443],[-74.07601,46.03763],[-74.07374,46.04058],[-74.07068,46.04317],[-74.06696,46.04529],[-74.06271,46.04687],[-74.0581,46.04784],[-74.0533,46.04817]]]}},{"type":"Feature","properties":{"ident":"CSG2","name":"East Angus Heliport","airport_type":"heliport","radius_km":1.9},"geometry":{"type":"Polygon","coordinates":[[[-71.6667,45.50037],[-71.66195,45.50004],[-71.65739,45.49907],[-71.65318,45.49749],[-71.64949,45.49537],[-71.64646,45.49278],[-71.64421,45.48983],[-71.64283,45.48663],[-71.64236,45.4833],[-71.64283,45.47997],[-71.64421,45.47677],[-71.64646,45.47382],[-71.64949,45.47123],[-71.65318,45.46911],[-71.65739,45.46753],[-71.66195,45.46656],[-71.6667,45.46623],[-71.67145,45.46656],[-71.67602,45.46753],[-71.68023,45.46911],[-71.68392,45.47123],[-71.68694,45.47382],[-71.68919,45.47677],[-71.69058,45.47997],[-71.69105,45.4833],[-71.69058,45.48663],[-71.68919,45.48983],[-71.68694,45.49278],[-71.68392,45.49537],[-71.68023,45.49749],[-71.67602,45.49907],[-71.67145,45.50004],[-71.6667,45.50037]]]}},{"type":"Feature","properties":{"ident":"CSG6","name":"Edmonton / Kelsonae Heliport","airport_type":"heliport","radius_km":1.9},"geometry":{"type":"Polygon","coordinates":[[[-113.8375,53.38368],[-113.83192,53.38335],[-113.82656,53.38238],[-113.82161,53.3808],[-113.81728,53.37868],[-113.81372,53.37609],[-113.81108,53.37314],[-113.80945,53.36994],[-113.8089,53.36661],[-113.80945,53.36328],[-113.81108,53.36008],[-113.81372,53.35713],[-113.81728,53.35454],[-113.82161,53.35242],[-113.82656,53.35084],[-113.83192,53.34987],[-113.8375,53.34954],[-113.84309,53.34987],[-113.84845,53.35084],[-113.8534,53.35242],[-113.85773,53.35454],[-113.86129,53.35713],[-113.86393,53.36008],[-113.86556,53.36328],[-113.86611,53.36661],[-113.86556,53.36994],[-113.86393,53.37314],[-113.86129,53.37609],[-113.85773,53.37868],[-113.8534,53.3808],[-113.84845,53.38238],[-113.84309,53.38335],[-113.8375,53.38368]]]}},{"type":"Feature","properties":{"ident":"CSG7","name":"Fran\u00e7ois Desourdy Heliport","airport_type":"heliport","radius_km":1.9},"geometry":{"type":"Polygon","coordinates":[[[-71.8689,45.46677],[-71.86415,45.46644],[-71.85959,45.46547],[-71.85538,45.46389],[-71.85169,45.46177],[-71.84867,45.45918],[-71.84642,45.45623],[-71.84503,45.45303],[-71.84457,45.4497],[-71.84503,45.44637],[-71.84642,45.44317],[-71.84867,45.44022],[-71.85169,45.43763],[-71.85538,45.43551],[-71.85959,45.43393],[-71.86415,45.43296],[-71.8689,45.43263],[-71.87364,45.43296],[-71.87821,45.43393],[-71.88241,45.43551],[-71.8861,45.43763],[-71.88913,45.44022],[-71.89137,45.44317],[-71.89276,45.44637],[-71.89323,45.4497],[-71.89276,45.45303],[-71.89137,45.45623],[-71.88913,45.45918],[-71.8861,45.46177],[-71.88241,45.46389],[-71.87821,45.46547],[-71.87364,45.46644],[-71.8689,45.46677]]]}},{"type":"Feature","properties":{"ident":"CSG9","name":"Sagard Heliport","airport_type":"heliport","radius_km":1.9},"geometry":{"type":"Polygon","coordinates":[[[-70.07749,48.00791],[-70.07251,48.00758],[-70.06773,48.00661],[-70.06332,48.00504],[-70.05945,48.00291],[-70.05628,48.00033],[-70.05392,47.99738],[-70.05247,47.99417],[-70.05198,47.99084],[-70.05247,47.98751],[-70.05392,47.98431],[-70.05628,47.98136],[-70.05945,47.97878],[-70.06332,47.97665],[-70.06773,47.97508],[-70.07251,47.9741],[-70.07749,47.97378],[-70.08246,47.9741],[-70.08725,47.97508],[-70.09166,47.97665],[-70.09552,47.97878],[-70.09869,47.98136],[-70.10105,47.98431],[-70.1025,47.98751],[-70.10299,47.99084],[-70.1025,47.99417],[-70.10105,47.99738],[-70.09869,48.00033],[-70.09552,48.00291],[-70.09166,48.00504],[-70.08725,48.00661],[-70.08246,48.00758],[-70.07749,48.00791]]]}},{"type":"Feature","properties":{"ident":"CSH6","name":"Montreal / Les C\u00e8dres Heliport","airport_type":"heliport","radius_km":1.9},"geometry":{"type":"Polygon","coordinates":[[[-74.08698,45.36423],[-74.08225,45.3639],[-74.07769,45.36293],[-74.07349,45.36136],[-74.06981,45.35923],[-74.06679,45.35665],[-74.06455,45.3537],[-74.06317,45.35049],[-74.0627,45.34716],[-74.06317,45.34384],[-74.06455,45.34063],[-74.06679,45.33768],[-74.06981,45.3351],[-74.07349,45.33297],[-74.07769,45.3314],[-74.08225,45.33043],[-74.08698,45.3301],[-74.09172,45.33043],[-74.09628,45.3314],[-74.10048,45.33297],[-74.10416,45.3351],[-74.10718,45.33768],[-74.10942,45.34063],[-74.1108,45.34384],[-74.11127,45.34716],[-74.1108,45.35049],[-74.10942,45.3537],[-74.10718,45.35665],[-74.10416,45.35923],[-74.10048,45.36136],[-74.09628,45.36293],[-74.09172,45.3639],[-74.08698,45.36423]]]}},{"type":"Feature","properties":{"ident":"CSH9","name":"Montr\u00e9al East (AIM) Heliport","airport_type":"heliport","radius_km":1.9},"geometry":{"type":"Polygon","coordinates":[[[-73.56214,45.65226],[-73.55738,45.65193],[-73.5528,45.65096],[-73.54858,45.64938],[-73.54488,45.64726],[-73.54184,45.64468],[-73.53959,45.64172],[-73.5382,45.63852],[-73.53773,45.63519],[-73.5382,45.63186],[-73.53959,45.62866],[-73.54184,45.62571],[-73.54488,45.62312],[-73.54858,45.621],[-73.5528,45.61942],[-73.55738,45.61845],[-73.56214,45.61813],[-73.5669,45.61845],[-73.57148,45.61942],[-73.5757,45.621],[-73.5794,45.62312],[-73.58243,45.62571],[-73.58469,45.62866],[-73.58608,45.63186],[-73.58655,45.63519],[-73.58608,45.63852],[-73.58469,45.64172],[-73.58243,45.64468],[-73.5794,45.64726],[-73.5757,45.64938],[-73.57148,45.65096],[-73.5669,45.65193],[-73.56214,45.65226]]]}},{"type":"Feature","properties":{"ident":"CSJ3","name":"St. Joseph's Hospital Helipad","airport_type":"heliport","radius_km":1.9},"geometry":{"type":"Polygon","coordinates":[[[-103.013,49.16997],[-103.00791,49.16964],[-103.00301,49.16867],[-102.9985,49.16709],[-102.99455,49.16497],[-102.9913,49.16239],[-102.98889,49.15943],[-102.98741,49.15623],[-102.9869,49.1529],[-102.98741,49.14957],[-102.98889,49.14637],[-102.9913,49.14342],[-102.99455,49.14083],[-102.9985,49.13871],[-103.00301,49.13713],[-103.00791,49.13616],[-103.013,49.13584],[-103.01809,49.13616],[-103.02299,49.13713],[-103.0275,49.13871],[-103.03145,49.14083],[-103.0347,49.14342],[-103.03711,49.14637],[-103.0386,49.14957],[-103.0391,49.1529],[-103.0386,49.15623],[-103.03711,49.15943],[-103.0347,49.16239],[-103.03145,49.16497],[-103.0275,49.16709],[-103.02299,49.16867],[-103.01809,49.16964],[-103.013,49.16997]]]}},{"type":"Feature","properties":{"ident":"CSK7","name":"Skyline Helicopter Technologies","airport_type":"heliport","radius_km":1.9},"geometry":{"type":"Polygon","coordinates":[[[-81.12194,46.45262],[-81.11711,46.4523],[-81.11247,46.45132],[-81.10818,46.44975],[-81.10443,46.44762],[-81.10135,46.44504],[-81.09906,46.44209],[-81.09765,46.43889],[-81.09718,46.43556],[-81.09765,46.43223],[-81.09906,46.42902],[-81.10135,46.42607],[-81.10443,46.42349],[-81.10818,46.42136],[-81.11247,46.41979],[-81.11711,46.41882],[-81.12194,46.41849],[-81.12678,46.41882],[-81.13142,46.41979],[-81.1357,46.42136],[-81.13946,46.42349],[-81.14254,46.42607],[-81.14482,46.42902],[-81.14623,46.43223],[-81.14671,46.43556],[-81.14623,46.43889],[-81.14482,46.44209],[-81.14254,46.44504],[-81.13946,46.44762],[-81.1357,46.44975],[-81.13142,46.45132],[-81.12678,46.4523],[-81.12194,46.45262]]]}},{"type":"Feature","properties":{"ident":"CSK9","name":"Nicolet Heliport","airport_type":"heliport","radius_km":1.9},"geometry":{"type":"Polygon","coordinates":[[[-72.6478,46.23737],[-72.64298,46.23704],[-72.63836,46.23607],[-72.63409,46.23449],[-72.63035,46.23237],[-72.62729,46.22978],[-72.62501,46.22683],[-72.6236,46.22363],[-72.62313,46.2203],[-72.6236,46.21697],[-72.62501,46.21377],[-72.62729,46.21082],[-72.63035,46.20823],[-72.63409,46.20611],[-72.63836,46.20453],[-72.64298,46.20356],[-72.6478,46.20323],[-72.65261,46.20356],[-72.65724,46.20453],[-72.6615,46.20611],[-72.66524,46.20823],[-72.66831,46.21082],[-72.67059,46.21377],[-72.67199,46.21697],[-72.67247,46.2203],[-72.67199,46.22363],[-72.67059,46.22683],[-72.66831,46.22978],[-72.66524,46.23237],[-72.6615,46.23449],[-72.65724,46.23607],[-72.65261,46.23704],[-72.6478,46.23737]]]}},{"type":"Feature","properties":{"ident":"CSL6","name":"Slave Lake Helicopters Heliport","airport_type":"heliport","radius_km":1.9},"geometry":{"type":"Polygon","coordinates":[[[-114.78136,55.31037],[-114.77551,55.31004],[-114.76988,55.30907],[-114.7647,55.30749],[-114.76016,55.30537],[-114.75643,55.30278],[-114.75366,55.29983],[-114.75195,55.29663],[-114.75138,55.2933],[-114.75195,55.28997],[-114.75366,55.28677],[-114.75643,55.28382],[-114.76016,55.28123],[-114.7647,55.27911],[-114.76988,55.27753],[-114.77551,55.27656],[-114.78136,55.27623],[-114.7872,55.27656],[-114.79283,55.27753],[-114.79801,55.27911],[-114.80255,55.28123],[-114.80628,55.28382],[-114.80905,55.28677],[-114.81076,55.28997],[-114.81133,55.2933],[-114.81076,55.29663],[-114.80905,55.29983],[-114.80628,55.30278],[-114.80255,55.30537],[-114.79801,55.30749],[-114.79283,55.30907],[-114.7872,55.31004],[-114.78136,55.31037]]]}},{"type":"Feature","properties":{"ident":"CSL8","name":"Sudbury / Laurentian (Hospital)","airport_type":"heliport","radius_km":1.9},"geometry":{"type":"Polygon","coordinates":[[[-80.99649,46.48372],[-80.99166,46.48339],[-80.98701,46.48242],[-80.98272,46.48084],[-80.97897,46.47872],[-80.97589,46.47613],[-80.9736,46.47318],[-80.97219,46.46998],[-80.97171,46.46665],[-80.97219,46.46332],[-80.9736,46.46012],[-80.97589,46.45717],[-80.97897,46.45458],[-80.98272,46.45246],[-80.98701,46.45088],[-80.99166,46.44991],[-80.99649,46.44958],[-81.00132,46.44991],[-81.00597,46.45088],[-81.01026,46.45246],[-81.01401,46.45458],[-81.01709,46.45717],[-81.01938,46.46012],[-81.02079,46.46332],[-81.02127,46.46665],[-81.02079,46.46998],[-81.01938,46.47318],[-81.01709,46.47613],[-81.01401,46.47872],[-81.01026,46.48084],[-81.00597,46.48242],[-81.00132,46.48339],[-80.99649,46.48372]]]}},{"type":"Feature","properties":{"ident":"CSM2","name":"Strathmore Hospital Heliport","airport_type":"heliport","radius_km":1.9},"geometry":{"type":"Polygon","coordinates":[[[-113.3862,51.07697],[-113.3809,51.07664],[-113.37581,51.07567],[-113.37111,51.07409],[-113.367,51.07197],[-113.36362,51.06938],[-113.36111,51.06643],[-113.35957,51.06323],[-113.35904,51.0599],[-113.35957,51.05657],[-113.36111,51.05337],[-113.36362,51.05042],[-113.367,51.04783],[-113.37111,51.04571],[-113.37581,51.04413],[-113.3809,51.04316],[-113.3862,51.04283],[-113.3915,51.04316],[-113.39659,51.04413],[-113.40129,51.04571],[-113.4054,51.04783],[-113.40878,51.05042],[-113.41129,51.05337],[-113.41283,51.05657],[-113.41336,51.0599],[-113.41283,51.06323],[-113.41129,51.06643],[-113.40878,51.06938],[-113.4054,51.07197],[-113.40129,51.07409],[-113.39659,51.07567],[-113.3915,51.07664],[-113.3862,51.07697]]]}},{"type":"Feature","properties":{"ident":"CSM7","name":"Abbotsford (Sumas Mountain) Heliport","airport_type":"heliport","radius_km":1.9},"geometry":{"type":"Polygon","coordinates":[[[-122.19744,49.12239],[-122.19235,49.12206],[-122.18746,49.12109],[-122.18296,49.11951],[-122.17901,49.11739],[-122.17576,49.1148],[-122.17335,49.11185],[-122.17187,49.10865],[-122.17137,49.10532],[-122.17187,49.10199],[-122.17335,49.09879],[-122.17576,49.09584],[-122.17901,49.09325],[-122.18296,49.09113],[-122.18746,49.08955],[-122.19235,49.08858],[-122.19744,49.08825],[-122.20253,49.08858],[-122.20742,49.08955],[-122.21193,49.09113],[-122.21588,49.09325],[-122.21912,49.09584],[-122.22153,49.09879],[-122.22301,49.10199],[-122.22351,49.10532],[-122.22301,49.10865],[-122.22153,49.11185],[-122.21912,49.1148],[-122.21588,49.11739],[-122.21193,49.11951],[-122.20742,49.12109],[-122.20253,49.12206],[-122.19744,49.12239]]]}},{"type":"Feature","properties":{"ident":"CSM9","name":"Sault Area Hospital Heliport","airport_type":"heliport","radius_km":1.9},"geometry":{"type":"Polygon","coordinates":[[[-84.3126,46.56447],[-84.30776,46.56414],[-84.3031,46.56317],[-84.29881,46.56159],[-84.29505,46.55947],[-84.29197,46.55688],[-84.28967,46.55393],[-84.28826,46.55073],[-84.28778,46.5474],[-84.28826,46.54407],[-84.28967,46.54087],[-84.29197,46.53792],[-84.29505,46.53533],[-84.29881,46.53321],[-84.3031,46.53163],[-84.30776,46.53066],[-84.3126,46.53033],[-84.31744,46.53066],[-84.3221,46.53163],[-84.32639,46.53321],[-84.33015,46.53533],[-84.33324,46.53792],[-84.33553,46.54087],[-84.33694,46.54407],[-84.33742,46.5474],[-84.33694,46.55073],[-84.33553,46.55393],[-84.33324,46.55688],[-84.33015,46.55947],[-84.32639,46.56159],[-84.3221,46.56317],[-84.31744,46.56414],[-84.3126,46.56447]]]}},{"type":"Feature","properties":{"ident":"CSN2","name":"Montreal / Kruger Heliport","airport_type":"heliport","radius_km":1.9},"geometry":{"type":"Polygon","coordinates":[[[-73.63604,45.52442],[-73.63129,45.52409],[-73.62672,45.52312],[-73.62251,45.52154],[-73.61882,45.51942],[-73.61579,45.51683],[-73.61354,45.51388],[-73.61216,45.51068],[-73.61169,45.50735],[-73.61216,45.50402],[-73.61354,45.50082],[-73.61579,45.49787],[-73.61882,45.49528],[-73.62251,45.49316],[-73.62672,45.49158],[-73.63129,45.49061],[-73.63604,45.49028],[-73.6408,45.49061],[-73.64536,45.49158],[-73.64957,45.49316],[-73.65327,45.49528],[-73.65629,45.49787],[-73.65854,45.50082],[-73.65993,45.50402],[-73.6604,45.50735],[-73.65993,45.51068],[-73.65854,45.51388],[-73.65629,45.51683],[-73.65327,45.51942],[-73.64957,45.52154],[-73.64536,45.52312],[-73.6408,45.52409],[-73.63604,45.52442]]]}},{"type":"Feature","properties":{"ident":"CSN4","name":"Woodstock/Snokist Heliport","airport_type":"heliport","radius_km":1.9},"geometry":{"type":"Polygon","coordinates":[[[-67.65944,46.21985],[-67.65462,46.21952],[-67.65,46.21855],[-67.64574,46.21698],[-67.642,46.21485],[-67.63893,46.21227],[-67.63665,46.20932],[-67.63525,46.20611],[-67.63478,46.20278],[-67.63525,46.19945],[-67.63665,46.19625],[-67.63893,46.1933],[-67.642,46.19072],[-67.64574,46.18859],[-67.65,46.18702],[-67.65462,46.18604],[-67.65944,46.18572],[-67.66425,46.18604],[-67.66887,46.18702],[-67.67314,46.18859],[-67.67687,46.19072],[-67.67994,46.1933],[-67.68222,46.19625],[-67.68362,46.19945],[-67.6841,46.20278],[-67.68362,46.20611],[-67.68222,46.20932],[-67.67994,46.21227],[-67.67687,46.21485],[-67.67314,46.21698],[-67.66887,46.21855],[-67.66425,46.21952],[-67.65944,46.21985]]]}},{"type":"Feature","properties":{"ident":"CSN6","name":"Saint John (Saint John Regional Hospital) Heliport","airport_type":"heliport","radius_km":1.9},"geometry":{"type":"Polygon","coordinates":[[[-66.08792,45.31933],[-66.08318,45.319],[-66.07863,45.31803],[-66.07444,45.31646],[-66.07076,45.31433],[-66.06774,45.31175],[-66.0655,45.3088],[-66.06412,45.30559],[-66.06365,45.30226],[-66.06412,45.29893],[-66.0655,45.29573],[-66.06774,45.29278],[-66.07076,45.2902],[-66.07444,45.28807],[-66.07863,45.2865],[-66.08318,45.28552],[-66.08792,45.2852],[-66.09265,45.28552],[-66.09721,45.2865],[-66.1014,45.28807],[-66.10508,45.2902],[-66.1081,45.29278],[-66.11034,45.29573],[-66.11172,45.29893],[-66.11219,45.30226],[-66.11172,45.30559],[-66.11034,45.3088],[-66.1081,45.31175],[-66.10508,45.31433],[-66.1014,45.31646],[-66.09721,45.31803],[-66.09265,45.319],[-66.08792,45.31933]]]}},{"type":"Feature","properties":{"ident":"CSN9","name":"Baie-Comeau / H\u00e9li-Manicouagan Heliport","airport_type":"heliport","radius_km":1.9},"geometry":{"type":"Polygon","coordinates":[[[-68.28542,49.21602],[-68.28032,49.2157],[-68.27542,49.21472],[-68.27091,49.21315],[-68.26695,49.21102],[-68.2637,49.20844],[-68.26129,49.20549],[-68.2598,49.20229],[-68.2593,49.19896],[-68.2598,49.19563],[-68.26129,49.19242],[-68.2637,49.18947],[-68.26695,49.18689],[-68.27091,49.18476],[-68.27542,49.18319],[-68.28032,49.18222],[-68.28542,49.18189],[-68.29051,49.18222],[-68.29541,49.18319],[-68.29993,49.18476],[-68.30389,49.18689],[-68.30714,49.18947],[-68.30955,49.19242],[-68.31104,49.19563],[-68.31154,49.19896],[-68.31104,49.20229],[-68.30955,49.20549],[-68.30714,49.20844],[-68.30389,49.21102],[-68.29993,49.21315],[-68.29541,49.21472],[-68.29051,49.2157],[-68.28542,49.21602]]]}},{"type":"Feature","properties":{"ident":"CSP2","name":"Stony Plain (Westview Health Centre) Heliport","airport_type":"heliport","radius_km":1.9},"geometry":{"type":"Polygon","coordinates":[[[-113.97831,53.5544],[-113.97271,53.55407],[-113.96732,53.5531],[-113.96236,53.55153],[-113.95801,53.5494],[-113.95443,53.54682],[-113.95178,53.54387],[-113.95015,53.54066],[-113.94959,53.53733],[-113.95015,53.534],[-113.95178,53.5308],[-113.95443,53.52785],[-113.95801,53.52527],[-113.96236,53.52314],[-113.96732,53.52157],[-113.97271,53.52059],[-113.97831,53.52027],[-113.98392,53.52059],[-113.9893,53.52157],[-113.99427,53.52314],[-113.99862,53.52527],[-114.00219,53.52785],[-114.00485,53.5308],[-114.00648,53.534],[-114.00703,53.53733],[-114.00648,53.54066],[-114.00485,53.54387],[-114.00219,53.54682],[-113.99862,53.5494],[-113.99427,53.55153],[-113.9893,53.5531],[-113.98392,53.55407],[-113.97831,53.5544]]]}},{"type":"Feature","properties":{"ident":"CSR5","name":"\u00cele d'Orl\u00e9ans Heliport","airport_type":"heliport","radius_km":1.9},"geometry":{"type":"Polygon","coordinates":[[[-70.8267,47.00787],[-70.82182,47.00754],[-70.81712,47.00657],[-70.8128,47.00499],[-70.809,47.00287],[-70.80589,47.00028],[-70.80358,46.99733],[-70.80216,46.99413],[-70.80168,46.9908],[-70.80216,46.98747],[-70.80358,46.98427],[-70.80589,46.98132],[-70.809,46.97873],[-70.8128,46.97661],[-70.81712,46.97503],[-70.82182,46.97406],[-70.8267,46.97373],[-70.83158,46.97406],[-70.83627,46.97503],[-70.8406,46.97661],[-70.84439,46.97873],[-70.8475,46.98132],[-70.84982,46.98427],[-70.85124,46.98747],[-70.85172,46.9908],[-70.85124,46.99413],[-70.84982,46.99733],[-70.8475,47.00028],[-70.84439,47.00287],[-70.8406,47.00499],[-70.83627,47.00657],[-70.83158,47.00754],[-70.8267,47.00787]]]}},{"type":"Feature","properties":{"ident":"CSR6","name":"Sonora Resort Heliport","airport_type":"heliport","radius_km":1.9},"geometry":{"type":"Polygon","coordinates":[[[-125.15756,50.3988],[-125.15234,50.39847],[-125.14732,50.3975],[-125.14269,50.39593],[-125.13863,50.3938],[-125.1353,50.39122],[-125.13283,50.38827],[-125.13131,50.38506],[-125.13079,50.38173],[-125.13131,50.3784],[-125.13283,50.3752],[-125.1353,50.37225],[-125.13863,50.36967],[-125.14269,50.36754],[-125.14732,50.36597],[-125.15234,50.36499],[-125.15756,50.36467],[-125.16278,50.36499],[-125.1678,50.36597],[-125.17243,50.36754],[-125.17649,50.36967],[-125.17981,50.37225],[-125.18229,50.3752],[-125.18381,50.3784],[-125.18432,50.38173],[-125.18381,50.38506],[-125.18229,50.38827],[-125.17981,50.39122],[-125.17649,50.3938],[-125.17243,50.39593],[-125.1678,50.3975],[-125.16278,50.39847],[-125.15756,50.3988]]]}},{"type":"Feature","properties":{"ident":"CSS2","name":"Rivi\u00e8re-du-Loup Heliport","airport_type":"heliport","radius_km":1.9},"geometry":{"type":"Polygon","coordinates":[[[-69.54225,47.86611],[-69.53729,47.86578],[-69.53252,47.86481],[-69.52812,47.86323],[-69.52427,47.86111],[-69.52111,47.85852],[-69.51876,47.85557],[-69.51731,47.85237],[-69.51682,47.84904],[-69.51731,47.84571],[-69.51876,47.84251],[-69.52111,47.83956],[-69.52427,47.83697],[-69.52812,47.83485],[-69.53252,47.83327],[-69.53729,47.8323],[-69.54225,47.83197],[-69.54721,47.8323],[-69.55199,47.83327],[-69.55638,47.83485],[-69.56024,47.83697],[-69.5634,47.83956],[-69.56575,47.84251],[-69.5672,47.84571],[-69.56769,47.84904],[-69.5672,47.85237],[-69.56575,47.85557],[-69.5634,47.85852],[-69.56024,47.86111],[-69.55638,47.86323],[-69.55199,47.86481],[-69.54721,47.86578],[-69.54225,47.86611]]]}},{"type":"Feature","properties":{"ident":"CST2","name":"Montreal / Marina Venise","airport_type":"heliport","radius_km":1.9},"geometry":{"type":"Polygon","coordinates":[[[-73.78109,45.64931],[-73.77633,45.64898],[-73.77175,45.64801],[-73.76753,45.64643],[-73.76383,45.64431],[-73.76079,45.64172],[-73.75854,45.63877],[-73.75715,45.63557],[-73.75668,45.63224],[-73.75715,45.62891],[-73.75854,45.62571],[-73.76079,45.62276],[-73.76383,45.62017],[-73.76753,45.61805],[-73.77175,45.61647],[-73.77633,45.6155],[-73.78109,45.61517],[-73.78585,45.6155],[-73.79043,45.61647],[-73.79465,45.61805],[-73.79835,45.62017],[-73.80138,45.62276],[-73.80364,45.62571],[-73.80503,45.62891],[-73.8055,45.63224],[-73.80503,45.63557],[-73.80364,45.63877],[-73.80138,45.64172],[-73.79835,45.64431],[-73.79465,45.64643],[-73.79043,45.64801],[-73.78585,45.64898],[-73.78109,45.64931]]]}},{"type":"Feature","properties":{"ident":"CST5","name":"Sable Island Heliport","airport_type":"heliport","radius_km":1.9},"geometry":{"type":"Polygon","coordinates":[[[-60.0056,43.95017],[-60.00098,43.94984],[-59.99653,43.94887],[-59.99243,43.94729],[-59.98884,43.94517],[-59.98589,43.94258],[-59.9837,43.93963],[-59.98235,43.93643],[-59.9819,43.9331],[-59.98235,43.92977],[-59.9837,43.92657],[-59.98589,43.92362],[-59.98884,43.92103],[-59.99243,43.91891],[-59.99653,43.91733],[-60.00098,43.91636],[-60.0056,43.91603],[-60.01022,43.91636],[-60.01467,43.91733],[-60.01877,43.91891],[-60.02236,43.92103],[-60.02531,43.92362],[-60.0275,43.92657],[-60.02885,43.92977],[-60.0293,43.9331],[-60.02885,43.93643],[-60.0275,43.93963],[-60.02531,43.94258],[-60.02236,43.94517],[-60.01877,43.94729],[-60.01467,43.94887],[-60.01022,43.94984],[-60.0056,43.95017]]]}},{"type":"Feature","properties":{"ident":"CSU4","name":"Shubenacadie Heliport","airport_type":"heliport","radius_km":1.9},"geometry":{"type":"Polygon","coordinates":[[[-63.39696,45.1103],[-63.39224,45.10997],[-63.3877,45.109],[-63.38352,45.10742],[-63.37986,45.1053],[-63.37685,45.10271],[-63.37462,45.09976],[-63.37324,45.09656],[-63.37278,45.09323],[-63.37324,45.0899],[-63.37462,45.0867],[-63.37685,45.08375],[-63.37986,45.08116],[-63.38352,45.07904],[-63.3877,45.07746],[-63.39224,45.07649],[-63.39696,45.07616],[-63.40167,45.07649],[-63.40621,45.07746],[-63.41039,45.07904],[-63.41405,45.08116],[-63.41706,45.08375],[-63.41929,45.0867],[-63.42067,45.0899],[-63.42113,45.09323],[-63.42067,45.09656],[-63.41929,45.09976],[-63.41706,45.10271],[-63.41405,45.1053],[-63.41039,45.10742],[-63.40621,45.109],[-63.40167,45.10997],[-63.39696,45.1103]]]}},{"type":"Feature","properties":{"ident":"CSU8","name":"Kelly Lake Heliport","airport_type":"heliport","radius_km":1.9},"geometry":{"type":"Polygon","coordinates":[[[-81.04492,46.46652],[-81.04009,46.4662],[-81.03544,46.46523],[-81.03116,46.46365],[-81.0274,46.46153],[-81.02432,46.45894],[-81.02203,46.45599],[-81.02062,46.45279],[-81.02015,46.44946],[-81.02062,46.44613],[-81.02203,46.44293],[-81.02432,46.43997],[-81.0274,46.43739],[-81.03116,46.43527],[-81.03544,46.43369],[-81.04009,46.43272],[-81.04492,46.43239],[-81.04975,46.43272],[-81.0544,46.43369],[-81.05868,46.43527],[-81.06244,46.43739],[-81.06552,46.43997],[-81.06781,46.44293],[-81.06922,46.44613],[-81.06969,46.44946],[-81.06922,46.45279],[-81.06781,46.45599],[-81.06552,46.45894],[-81.06244,46.46153],[-81.05868,46.46365],[-81.0544,46.46523],[-81.04975,46.4662],[-81.04492,46.46652]]]}},{"type":"Feature","properties":{"ident":"CSV2","name":"Ste-Agathe (AIM) Heliport","airport_type":"heliport","radius_km":1.9},"geometry":{"type":"Polygon","coordinates":[[[-74.29383,46.12805],[-74.28903,46.12773],[-74.28441,46.12676],[-74.28015,46.12518],[-74.27642,46.12306],[-74.27336,46.12047],[-74.27109,46.11752],[-74.26969,46.11432],[-74.26921,46.11099],[-74.26969,46.10766],[-74.27109,46.10446],[-74.27336,46.1015],[-74.27642,46.09892],[-74.28015,46.0968],[-74.28441,46.09522],[-74.28903,46.09425],[-74.29383,46.09392],[-74.29864,46.09425],[-74.30325,46.09522],[-74.30751,46.0968],[-74.31124,46.09892],[-74.3143,46.1015],[-74.31658,46.10446],[-74.31798,46.10766],[-74.31845,46.11099],[-74.31798,46.11432],[-74.31658,46.11752],[-74.3143,46.12047],[-74.31124,46.12306],[-74.30751,46.12518],[-74.30325,46.12676],[-74.29864,46.12773],[-74.29383,46.12805]]]}},{"type":"Feature","properties":{"ident":"CSV3","name":"B\u00e9cancour Heliport","airport_type":"heliport","radius_km":1.9},"geometry":{"type":"Polygon","coordinates":[[[-72.3961,46.38207],[-72.39128,46.38174],[-72.38664,46.38077],[-72.38236,46.37919],[-72.37861,46.37707],[-72.37554,46.37448],[-72.37325,46.37153],[-72.37184,46.36833],[-72.37137,46.365],[-72.37184,46.36167],[-72.37325,46.35847],[-72.37554,46.35552],[-72.37861,46.35293],[-72.38236,46.35081],[-72.38664,46.34923],[-72.39128,46.34826],[-72.3961,46.34793],[-72.40093,46.34826],[-72.40557,46.34923],[-72.40984,46.35081],[-72.41359,46.35293],[-72.41667,46.35552],[-72.41895,46.35847],[-72.42036,46.36167],[-72.42084,46.365],[-72.42036,46.36833],[-72.41895,46.37153],[-72.41667,46.37448],[-72.41359,46.37707],[-72.40984,46.37919],[-72.40557,46.38077],[-72.40093,46.38174],[-72.3961,46.38207]]]}},{"type":"Feature","properties":{"ident":"CSV4","name":"Fort Saskatchewan Community Hospital Heliport","airport_type":"heliport","radius_km":1.9},"geometry":{"type":"Polygon","coordinates":[[[-113.2102,53.71017],[-113.20458,53.70984],[-113.19917,53.70887],[-113.19419,53.70729],[-113.18982,53.70517],[-113.18623,53.70258],[-113.18357,53.69963],[-113.18193,53.69643],[-113.18137,53.6931],[-113.18193,53.68977],[-113.18357,53.68657],[-113.18623,53.68362],[-113.18982,53.68103],[-113.19419,53.67891],[-113.19917,53.67733],[-113.20458,53.67636],[-113.2102,53.67603],[-113.21582,53.67636],[-113.22123,53.67733],[-113.22621,53.67891],[-113.23058,53.68103],[-113.23417,53.68362],[-113.23683,53.68657],[-113.23847,53.68977],[-113.23903,53.6931],[-113.23847,53.69643],[-113.23683,53.69963],[-113.23417,53.70258],[-113.23058,53.70517],[-113.22621,53.70729],[-113.22123,53.70887],[-113.21582,53.70984],[-113.2102,53.71017]]]}},{"type":"Feature","properties":{"ident":"CSW5","name":"Montr\u00e9al (Bell) Heliport","airport_type":"heliport","radius_km":1.9},"geometry":{"type":"Polygon","coordinates":[[[-73.9311,45.70207],[-73.92633,45.70174],[-73.92175,45.70077],[-73.91753,45.69919],[-73.91382,45.69707],[-73.91078,45.69448],[-73.90853,45.69153],[-73.90714,45.68833],[-73.90667,45.685],[-73.90714,45.68167],[-73.90853,45.67847],[-73.91078,45.67552],[-73.91382,45.67293],[-73.91753,45.67081],[-73.92175,45.66923],[-73.92633,45.66826],[-73.9311,45.66793],[-73.93587,45.66826],[-73.94045,45.66923],[-73.94467,45.67081],[-73.94837,45.67293],[-73.95141,45.67552],[-73.95367,45.67847],[-73.95506,45.68167],[-73.95553,45.685],[-73.95506,45.68833],[-73.95367,45.69153],[-73.95141,45.69448],[-73.94837,45.69707],[-73.94467,45.69919],[-73.94045,45.70077],[-73.93587,45.70174],[-73.9311,45.70207]]]}},{"type":"Feature","properties":{"ident":"CSY5","name":"Valleyfield (Ciment Deval Inc) Heliport","airport_type":"heliport","radius_km":1.9},"geometry":{"type":"Polygon","coordinates":[[[-74.1492,45.28067],[-74.14447,45.28034],[-74.13992,45.27937],[-74.13573,45.27779],[-74.13205,45.27567],[-74.12904,45.27308],[-74.1268,45.27013],[-74.12542,45.26693],[-74.12495,45.2636],[-74.12542,45.26027],[-74.1268,45.25707],[-74.12904,45.25412],[-74.13205,45.25153],[-74.13573,45.24941],[-74.13992,45.24783],[-74.14447,45.24686],[-74.1492,45.24653],[-74.15393,45.24686],[-74.15848,45.24783],[-74.16267,45.24941],[-74.16635,45.25153],[-74.16936,45.25412],[-74.1716,45.25707],[-74.17298,45.26027],[-74.17345,45.2636],[-74.17298,45.26693],[-74.1716,45.27013],[-74.16936,45.27308],[-74.16635,45.27567],[-74.16267,45.27779],[-74.15848,45.27937],[-74.15393,45.28034],[-74.1492,45.28067]]]}},{"type":"Feature","properties":{"ident":"CSY6","name":"Poste Lemoyne (Complex Lg-3) Heliport","airport_type":"heliport","radius_km":1.9},"geometry":{"type":"Polygon","coordinates":[[[-75.0314,53.49987],[-75.02581,53.49954],[-75.02043,53.49857],[-75.01547,53.49699],[-75.01112,53.49487],[-75.00755,53.49228],[-75.0049,53.48933],[-75.00327,53.48613],[-75.00272,53.4828],[-75.00327,53.47947],[-75.0049,53.47627],[-75.00755,53.47332],[-75.01112,53.47073],[-75.01547,53.46861],[-75.02043,53.46703],[-75.02581,53.46606],[-75.0314,53.46573],[-75.037,53.46606],[-75.04238,53.46703],[-75.04734,53.46861],[-75.05168,53.47073],[-75.05525,53.47332],[-75.0579,53.47627],[-75.05953,53.47947],[-75.06009,53.4828],[-75.05953,53.48613],[-75.0579,53.48933],[-75.05525,53.49228],[-75.05168,53.49487],[-75.04734,53.49699],[-75.04238,53.49857],[-75.037,53.49954],[-75.0314,53.49987]]]}},{"type":"Feature","properties":{"ident":"CSY9","name":"Cape Breton Regional Hospital Heliport","airport_type":"heliport","radius_km":1.9},"geometry":{"type":"Polygon","coordinates":[[[-60.17949,46.12615],[-60.17469,46.12582],[-60.17007,46.12485],[-60.16581,46.12327],[-60.16208,46.12115],[-60.15902,46.11856],[-60.15675,46.11561],[-60.15535,46.11241],[-60.15487,46.10908],[-60.15535,46.10575],[-60.15675,46.10255],[-60.15902,46.0996],[-60.16208,46.09701],[-60.16581,46.09489],[-60.17007,46.09331],[-60.17469,46.09234],[-60.17949,46.09201],[-60.18429,46.09234],[-60.18891,46.09331],[-60.19317,46.09489],[-60.1969,46.09701],[-60.19996,46.0996],[-60.20224,46.10255],[-60.20364,46.10575],[-60.20411,46.10908],[-60.20364,46.11241],[-60.20224,46.11561],[-60.19996,46.11856],[-60.1969,46.12115],[-60.19317,46.12327],[-60.18891,46.12485],[-60.18429,46.12582],[-60.17949,46.12615]]]}},{"type":"Feature","properties":{"ident":"CSZ2","name":"Qu\u00e9bec (Complex H) Heliport","airport_type":"heliport","radius_km":1.9},"geometry":{"type":"Polygon","coordinates":[[[-71.21343,46.82427],[-71.20857,46.82395],[-71.20389,46.82297],[-71.19958,46.8214],[-71.1958,46.81927],[-71.1927,46.81669],[-71.19039,46.81374],[-71.18897,46.81053],[-71.1885,46.80721],[-71.18897,46.80388],[-71.19039,46.80067],[-71.1927,46.79772],[-71.1958,46.79514],[-71.19958,46.79301],[-71.20389,46.79144],[-71.20857,46.79047],[-71.21343,46.79014],[-71.2183,46.79047],[-71.22298,46.79144],[-71.22729,46.79301],[-71.23107,46.79514],[-71.23417,46.79772],[-71.23647,46.80067],[-71.23789,46.80388],[-71.23837,46.80721],[-71.23789,46.81053],[-71.23647,46.81374],[-71.23417,46.81669],[-71.23107,46.81927],[-71.22729,46.8214],[-71.22298,46.82297],[-71.2183,46.82395],[-71.21343,46.82427]]]}},{"type":"Feature","properties":{"ident":"CSZ6","name":"St-J\u00e9r\u00f4me (Hydro-Qu\u00e9bec) Heliport","airport_type":"heliport","radius_km":1.9},"geometry":{"type":"Polygon","coordinates":[[[-74.027,45.78783],[-74.02222,45.7875],[-74.01763,45.78653],[-74.0134,45.78495],[-74.0097,45.78283],[-74.00665,45.78025],[-74.00439,45.7773],[-74.003,45.77409],[-74.00253,45.77076],[-74.003,45.76743],[-74.00439,45.76423],[-74.00665,45.76128],[-74.0097,45.75869],[-74.0134,45.75657],[-74.01763,45.75499],[-74.02222,45.75402],[-74.027,45.7537],[-74.03177,45.75402],[-74.03636,45.75499],[-74.04059,45.75657],[-74.0443,45.75869],[-74.04734,45.76128],[-74.0496,45.76423],[-74.051,45.76743],[-74.05147,45.77076],[-74.051,45.77409],[-74.0496,45.7773],[-74.04734,45.78025],[-74.0443,45.78283],[-74.04059,45.78495],[-74.03636,45.78653],[-74.03177,45.7875],[-74.027,45.78783]]]}},{"type":"Feature","properties":{"ident":"CSZ8","name":"Montr\u00e9al (Sacr\u00e9-Coeur) Heliport","airport_type":"heliport","radius_km":1.9},"geometry":{"type":"Polygon","coordinates":[[[-73.71243,45.55024],[-73.70768,45.54991],[-73.70311,45.54894],[-73.69889,45.54736],[-73.6952,45.54524],[-73.69217,45.54265],[-73.68992,45.5397],[-73.68853,45.5365],[-73.68807,45.53317],[-73.68853,45.52984],[-73.68992,45.52664],[-73.69217,45.52369],[-73.6952,45.5211],[-73.69889,45.51898],[-73.70311,45.5174],[-73.70768,45.51643],[-73.71243,45.5161],[-73.71718,45.51643],[-73.72175,45.5174],[-73.72597,45.51898],[-73.72966,45.5211],[-73.73269,45.52369],[-73.73494,45.52664],[-73.73633,45.52984],[-73.7368,45.53317],[-73.73633,45.5365],[-73.73494,45.5397],[-73.73269,45.54265],[-73.72966,45.54524],[-73.72597,45.54736],[-73.72175,45.54894],[-73.71718,45.54991],[-73.71243,45.55024]]]}},{"type":"Feature","properties":{"ident":"CTA2","name":"Sept-\u00celes (Hydro-Qu\u00e9bec) Heliport","airport_type":"heliport","radius_km":1.9},"geometry":{"type":"Polygon","coordinates":[[[-66.41242,50.30542],[-66.40721,50.30509],[-66.4022,50.30412],[-66.39758,50.30254],[-66.39353,50.30042],[-66.39021,50.29783],[-66.38774,50.29488],[-66.38622,50.29168],[-66.3857,50.28835],[-66.38622,50.28502],[-66.38774,50.28182],[-66.39021,50.27887],[-66.39353,50.27628],[-66.39758,50.27416],[-66.4022,50.27258],[-66.40721,50.27161],[-66.41242,50.27128],[-66.41763,50.27161],[-66.42264,50.27258],[-66.42726,50.27416],[-66.43131,50.27628],[-66.43463,50.27887],[-66.4371,50.28182],[-66.43862,50.28502],[-66.43913,50.28835],[-66.43862,50.29168],[-66.4371,50.29488],[-66.43463,50.29783],[-66.43131,50.30042],[-66.42726,50.30254],[-66.42264,50.30412],[-66.41763,50.30509],[-66.41242,50.30542]]]}},{"type":"Feature","properties":{"ident":"CTA9","name":"Ottawa / Gatineau (Casino) Heliport","airport_type":"heliport","radius_km":1.9},"geometry":{"type":"Polygon","coordinates":[[[-75.72676,45.46377],[-75.72202,45.46344],[-75.71745,45.46247],[-75.71325,45.46089],[-75.70956,45.45877],[-75.70654,45.45618],[-75.70429,45.45323],[-75.7029,45.45003],[-75.70244,45.4467],[-75.7029,45.44337],[-75.70429,45.44017],[-75.70654,45.43722],[-75.70956,45.43463],[-75.71325,45.43251],[-75.71745,45.43093],[-75.72202,45.42996],[-75.72676,45.42963],[-75.73151,45.42996],[-75.73607,45.43093],[-75.74028,45.43251],[-75.74397,45.43463],[-75.74699,45.43722],[-75.74924,45.44017],[-75.75062,45.44337],[-75.75109,45.4467],[-75.75062,45.45003],[-75.74924,45.45323],[-75.74699,45.45618],[-75.74397,45.45877],[-75.74028,45.46089],[-75.73607,45.46247],[-75.73151,45.46344],[-75.72676,45.46377]]]}},{"type":"Feature","properties":{"ident":"CTB2","name":"Thunder Bay (Health Science Centre) Heliport","airport_type":"heliport","radius_km":1.9},"geometry":{"type":"Polygon","coordinates":[[[-89.2692,48.44017],[-89.26419,48.43984],[-89.25936,48.43887],[-89.25491,48.43729],[-89.25102,48.43517],[-89.24782,48.43258],[-89.24544,48.42963],[-89.24398,48.42643],[-89.24348,48.4231],[-89.24398,48.41977],[-89.24544,48.41657],[-89.24782,48.41362],[-89.25102,48.41103],[-89.25491,48.40891],[-89.25936,48.40733],[-89.26419,48.40636],[-89.2692,48.40603],[-89.27422,48.40636],[-89.27905,48.40733],[-89.28349,48.40891],[-89.28739,48.41103],[-89.29059,48.41362],[-89.29296,48.41657],[-89.29443,48.41977],[-89.29492,48.4231],[-89.29443,48.42643],[-89.29296,48.42963],[-89.29059,48.43258],[-89.28739,48.43517],[-89.28349,48.43729],[-89.27905,48.43887],[-89.27422,48.43984],[-89.2692,48.44017]]]}},{"type":"Feature","properties":{"ident":"CTB7","name":"Taber (Health Centre) Heliport","airport_type":"heliport","radius_km":1.9},"geometry":{"type":"Polygon","coordinates":[[[-112.166,49.80267],[-112.16084,49.80234],[-112.15588,49.80137],[-112.15131,49.79979],[-112.14731,49.79767],[-112.14402,49.79508],[-112.14158,49.79213],[-112.14007,49.78893],[-112.13957,49.7856],[-112.14007,49.78227],[-112.14158,49.77907],[-112.14402,49.77612],[-112.14731,49.77353],[-112.15131,49.77141],[-112.15588,49.76983],[-112.16084,49.76886],[-112.166,49.76853],[-112.17116,49.76886],[-112.17612,49.76983],[-112.18069,49.77141],[-112.18469,49.77353],[-112.18798,49.77612],[-112.19042,49.77907],[-112.19193,49.78227],[-112.19244,49.7856],[-112.19193,49.78893],[-112.19042,49.79213],[-112.18798,49.79508],[-112.18469,49.79767],[-112.18069,49.79979],[-112.17612,49.80137],[-112.17116,49.80234],[-112.166,49.80267]]]}},{"type":"Feature","properties":{"ident":"CTD4","name":"Baie-St-Paul Heliport","airport_type":"heliport","radius_km":1.9},"geometry":{"type":"Polygon","coordinates":[[[-70.51594,47.46075],[-70.51102,47.46042],[-70.50628,47.45945],[-70.50192,47.45787],[-70.4981,47.45575],[-70.49496,47.45316],[-70.49263,47.45021],[-70.49119,47.44701],[-70.49071,47.44368],[-70.49119,47.44035],[-70.49263,47.43715],[-70.49496,47.4342],[-70.4981,47.43161],[-70.50192,47.42949],[-70.50628,47.42791],[-70.51102,47.42694],[-70.51594,47.42661],[-70.52087,47.42694],[-70.5256,47.42791],[-70.52996,47.42949],[-70.53379,47.43161],[-70.53693,47.4342],[-70.53926,47.43715],[-70.54069,47.44035],[-70.54118,47.44368],[-70.54069,47.44701],[-70.53926,47.45021],[-70.53693,47.45316],[-70.53379,47.45575],[-70.52996,47.45787],[-70.5256,47.45945],[-70.52087,47.46042],[-70.51594,47.46075]]]}},{"type":"Feature","properties":{"ident":"CTF2","name":"Tofield Health Centre Heliport","airport_type":"heliport","radius_km":1.9},"geometry":{"type":"Polygon","coordinates":[[[-112.6506,53.39007],[-112.64502,53.38974],[-112.63965,53.38877],[-112.63471,53.3872],[-112.63037,53.38507],[-112.62681,53.38249],[-112.62417,53.37954],[-112.62254,53.37633],[-112.62199,53.373],[-112.62254,53.36967],[-112.62417,53.36647],[-112.62681,53.36352],[-112.63037,53.36094],[-112.63471,53.35881],[-112.63965,53.35724],[-112.64502,53.35626],[-112.6506,53.35594],[-112.65618,53.35626],[-112.66155,53.35724],[-112.66649,53.35881],[-112.67083,53.36094],[-112.67439,53.36352],[-112.67703,53.36647],[-112.67866,53.36967],[-112.67921,53.373],[-112.67866,53.37633],[-112.67703,53.37954],[-112.67439,53.38249],[-112.67083,53.38507],[-112.66649,53.3872],[-112.66155,53.38877],[-112.65618,53.38974],[-112.6506,53.39007]]]}},{"type":"Feature","properties":{"ident":"CTG2","name":"St-Hubert Helicraft / Metropolitan Airport Heliport","airport_type":"heliport","radius_km":1.9},"geometry":{"type":"Polygon","coordinates":[[[-73.41149,45.54916],[-73.40673,45.54883],[-73.40216,45.54786],[-73.39795,45.54628],[-73.39426,45.54416],[-73.39123,45.54158],[-73.38898,45.53862],[-73.38759,45.53542],[-73.38712,45.53209],[-73.38759,45.52876],[-73.38898,45.52556],[-73.39123,45.52261],[-73.39426,45.52002],[-73.39795,45.5179],[-73.40216,45.51632],[-73.40673,45.51535],[-73.41149,45.51503],[-73.41624,45.51535],[-73.42081,45.51632],[-73.42502,45.5179],[-73.42872,45.52002],[-73.43175,45.52261],[-73.434,45.52556],[-73.43538,45.52876],[-73.43585,45.53209],[-73.43538,45.53542],[-73.434,45.53862],[-73.43175,45.54158],[-73.42872,45.54416],[-73.42502,45.54628],[-73.42081,45.54786],[-73.41624,45.54883],[-73.41149,45.54916]]]}},{"type":"Feature","properties":{"ident":"CTH5","name":"Harrington Harbour Heliport","airport_type":"heliport","radius_km":1.9},"geometry":{"type":"Polygon","coordinates":[[[-59.4806,50.51317],[-59.47536,50.51284],[-59.47033,50.51187],[-59.46569,50.51029],[-59.46163,50.50817],[-59.45829,50.50558],[-59.45581,50.50263],[-59.45428,50.49943],[-59.45377,50.4961],[-59.45428,50.49277],[-59.45581,50.48957],[-59.45829,50.48662],[-59.46163,50.48403],[-59.46569,50.48191],[-59.47033,50.48033],[-59.47536,50.47936],[-59.4806,50.47903],[-59.48583,50.47936],[-59.49087,50.48033],[-59.4955,50.48191],[-59.49957,50.48403],[-59.50291,50.48662],[-59.50539,50.48957],[-59.50691,50.49277],[-59.50743,50.4961],[-59.50691,50.49943],[-59.50539,50.50263],[-59.50291,50.50558],[-59.49957,50.50817],[-59.4955,50.51029],[-59.49087,50.51187],[-59.48583,50.51284],[-59.4806,50.51317]]]}},{"type":"Feature","properties":{"ident":"CTH9","name":"St-Augustin Heliport","airport_type":"heliport","radius_km":1.9},"geometry":{"type":"Polygon","coordinates":[[[-58.64239,51.24074],[-58.63707,51.24041],[-58.63196,51.23944],[-58.62724,51.23787],[-58.62311,51.23574],[-58.61973,51.23316],[-58.61721,51.23021],[-58.61566,51.227],[-58.61513,51.22367],[-58.61566,51.22034],[-58.61721,51.21714],[-58.61973,51.21419],[-58.62311,51.21161],[-58.62724,51.20948],[-58.63196,51.20791],[-58.63707,51.20693],[-58.64239,51.20661],[-58.6477,51.20693],[-58.65281,51.20791],[-58.65753,51.20948],[-58.66166,51.21161],[-58.66505,51.21419],[-58.66756,51.21714],[-58.66911,51.22034],[-58.66964,51.22367],[-58.66911,51.227],[-58.66756,51.23021],[-58.66505,51.23316],[-58.66166,51.23574],[-58.65753,51.23787],[-58.65281,51.23944],[-58.6477,51.24041],[-58.64239,51.24074]]]}},{"type":"Feature","properties":{"ident":"CTJ2","name":"Qu\u00e9bec (Coast Guard) Heliport","airport_type":"heliport","radius_km":1.9},"geometry":{"type":"Polygon","coordinates":[[[-71.20398,46.8234],[-71.19911,46.82308],[-71.19444,46.8221],[-71.19013,46.82053],[-71.18635,46.8184],[-71.18325,46.81582],[-71.18094,46.81287],[-71.17952,46.80967],[-71.17904,46.80634],[-71.17952,46.80301],[-71.18094,46.7998],[-71.18325,46.79685],[-71.18635,46.79427],[-71.19013,46.79214],[-71.19444,46.79057],[-71.19911,46.7896],[-71.20398,46.78927],[-71.20884,46.7896],[-71.21352,46.79057],[-71.21783,46.79214],[-71.22161,46.79427],[-71.22471,46.79685],[-71.22702,46.7998],[-71.22844,46.80301],[-71.22892,46.80634],[-71.22844,46.80967],[-71.22702,46.81287],[-71.22471,46.81582],[-71.22161,46.8184],[-71.21783,46.82053],[-71.21352,46.8221],[-71.20884,46.82308],[-71.20398,46.8234]]]}},{"type":"Feature","properties":{"ident":"CTK8","name":"Abbotsford (Teck) Heliport","airport_type":"heliport","radius_km":1.9},"geometry":{"type":"Polygon","coordinates":[[[-122.395,49.14392],[-122.38991,49.14359],[-122.38502,49.14262],[-122.38051,49.14105],[-122.37656,49.13892],[-122.37332,49.13634],[-122.37091,49.13339],[-122.36942,49.13018],[-122.36892,49.12685],[-122.36942,49.12352],[-122.37091,49.12032],[-122.37332,49.11737],[-122.37656,49.11479],[-122.38051,49.11266],[-122.38502,49.11109],[-122.38991,49.11011],[-122.395,49.10979],[-122.40009,49.11011],[-122.40498,49.11109],[-122.40949,49.11266],[-122.41345,49.11479],[-122.41669,49.11737],[-122.4191,49.12032],[-122.42058,49.12352],[-122.42109,49.12685],[-122.42058,49.13018],[-122.4191,49.13339],[-122.41669,49.13634],[-122.41345,49.13892],[-122.40949,49.14105],[-122.40498,49.14262],[-122.40009,49.14359],[-122.395,49.14392]]]}},{"type":"Feature","properties":{"ident":"CTM4","name":"Toronto (St. Michael's Hospital) Heliport","airport_type":"heliport","radius_km":1.9},"geometry":{"type":"Polygon","coordinates":[[[-79.37847,43.67122],[-79.37387,43.67089],[-79.36944,43.66992],[-79.36537,43.66834],[-79.36179,43.66622],[-79.35886,43.66364],[-79.35668,43.66068],[-79.35533,43.65748],[-79.35488,43.65415],[-79.35533,43.65082],[-79.35668,43.64762],[-79.35886,43.64467],[-79.36179,43.64208],[-79.36537,43.63996],[-79.36944,43.63838],[-79.37387,43.63741],[-79.37847,43.63709],[-79.38307,43.63741],[-79.3875,43.63838],[-79.39158,43.63996],[-79.39515,43.64208],[-79.39809,43.64467],[-79.40027,43.64762],[-79.40161,43.65082],[-79.40206,43.65415],[-79.40161,43.65748],[-79.40027,43.66068],[-79.39809,43.66364],[-79.39515,43.66622],[-79.39158,43.66834],[-79.3875,43.66992],[-79.38307,43.67089],[-79.37847,43.67122]]]}},{"type":"Feature","properties":{"ident":"CTM6","name":"Timmins & District Hospital Heliport","airport_type":"heliport","radius_km":1.9},"geometry":{"type":"Polygon","coordinates":[[[-81.31361,48.50401],[-81.30859,48.50368],[-81.30376,48.50271],[-81.2993,48.50114],[-81.2954,48.49901],[-81.2922,48.49643],[-81.28982,48.49348],[-81.28835,48.49027],[-81.28786,48.48694],[-81.28835,48.48361],[-81.28982,48.48041],[-81.2922,48.47746],[-81.2954,48.47488],[-81.2993,48.47275],[-81.30376,48.47118],[-81.30859,48.4702],[-81.31361,48.46988],[-81.31863,48.4702],[-81.32347,48.47118],[-81.32792,48.47275],[-81.33182,48.47488],[-81.33502,48.47746],[-81.3374,48.48041],[-81.33887,48.48361],[-81.33936,48.48694],[-81.33887,48.49027],[-81.3374,48.49348],[-81.33502,48.49643],[-81.33182,48.49901],[-81.32792,48.50114],[-81.32347,48.50271],[-81.31863,48.50368],[-81.31361,48.50401]]]}},{"type":"Feature","properties":{"ident":"CTM9","name":"New Oakville Trafalgar Memorial Hospital Heliport","airport_type":"heliport","radius_km":1.9},"geometry":{"type":"Polygon","coordinates":[[[-79.7638,43.46617],[-79.75921,43.46584],[-79.7548,43.46487],[-79.75074,43.46329],[-79.74718,43.46117],[-79.74425,43.45858],[-79.74208,43.45563],[-79.74074,43.45243],[-79.74029,43.4491],[-79.74074,43.44577],[-79.74208,43.44257],[-79.74425,43.43962],[-79.74718,43.43703],[-79.75074,43.43491],[-79.7548,43.43333],[-79.75921,43.43236],[-79.7638,43.43203],[-79.76839,43.43236],[-79.7728,43.43333],[-79.77686,43.43491],[-79.78043,43.43703],[-79.78335,43.43962],[-79.78552,43.44257],[-79.78686,43.44577],[-79.78731,43.4491],[-79.78686,43.45243],[-79.78552,43.45563],[-79.78335,43.45858],[-79.78043,43.46117],[-79.77686,43.46329],[-79.7728,43.46487],[-79.76839,43.46584],[-79.7638,43.46617]]]}},{"type":"Feature","properties":{"ident":"CTP5","name":"St. Paul (Health Care Centre) Heliport","airport_type":"heliport","radius_km":1.9},"geometry":{"type":"Polygon","coordinates":[[[-111.291,54.00517],[-111.28534,54.00484],[-111.27989,54.00387],[-111.27487,54.00229],[-111.27047,54.00017],[-111.26686,53.99758],[-111.26418,53.99463],[-111.26253,53.99143],[-111.26197,53.9881],[-111.26253,53.98477],[-111.26418,53.98157],[-111.26686,53.97862],[-111.27047,53.97603],[-111.27487,53.97391],[-111.27989,53.97233],[-111.28534,53.97136],[-111.291,53.97103],[-111.29666,53.97136],[-111.30211,53.97233],[-111.30713,53.97391],[-111.31153,53.97603],[-111.31514,53.97862],[-111.31782,53.98157],[-111.31947,53.98477],[-111.32003,53.9881],[-111.31947,53.99143],[-111.31782,53.99463],[-111.31514,53.99758],[-111.31153,54.00017],[-111.30713,54.00229],[-111.30211,54.00387],[-111.29666,54.00484],[-111.291,54.00517]]]}},{"type":"Feature","properties":{"ident":"CTR4","name":"Artopex Plus Heliport","airport_type":"heliport","radius_km":1.9},"geometry":{"type":"Polygon","coordinates":[[[-72.7661,45.40787],[-72.76136,45.40754],[-72.7568,45.40657],[-72.7526,45.40499],[-72.74891,45.40287],[-72.74589,45.40028],[-72.74364,45.39733],[-72.74226,45.39413],[-72.74179,45.3908],[-72.74226,45.38747],[-72.74364,45.38427],[-72.74589,45.38132],[-72.74891,45.37873],[-72.7526,45.37661],[-72.7568,45.37503],[-72.76136,45.37406],[-72.7661,45.37373],[-72.77084,45.37406],[-72.7754,45.37503],[-72.7796,45.37661],[-72.78328,45.37873],[-72.78631,45.38132],[-72.78855,45.38427],[-72.78994,45.38747],[-72.7904,45.3908],[-72.78994,45.39413],[-72.78855,45.39733],[-72.78631,45.40028],[-72.78328,45.40287],[-72.7796,45.40499],[-72.7754,45.40657],[-72.77084,45.40754],[-72.7661,45.40787]]]}},{"type":"Feature","properties":{"ident":"CTS2","name":"Quebec / Beauport (HQ) Heliport","airport_type":"heliport","radius_km":1.9},"geometry":{"type":"Polygon","coordinates":[[[-71.19414,46.89659],[-71.18927,46.89626],[-71.18459,46.89529],[-71.18027,46.89371],[-71.17649,46.89159],[-71.17338,46.889],[-71.17107,46.88605],[-71.16965,46.88285],[-71.16917,46.87952],[-71.16965,46.87619],[-71.17107,46.87299],[-71.17338,46.87004],[-71.17649,46.86745],[-71.18027,46.86533],[-71.18459,46.86375],[-71.18927,46.86278],[-71.19414,46.86245],[-71.19902,46.86278],[-71.2037,46.86375],[-71.20802,46.86533],[-71.2118,46.86745],[-71.21491,46.87004],[-71.21721,46.87299],[-71.21863,46.87619],[-71.21911,46.87952],[-71.21863,46.88285],[-71.21721,46.88605],[-71.21491,46.889],[-71.2118,46.89159],[-71.20802,46.89371],[-71.2037,46.89529],[-71.19902,46.89626],[-71.19414,46.89659]]]}},{"type":"Feature","properties":{"ident":"CTS6","name":"Hespero / Safron Residence Heliport","airport_type":"heliport","radius_km":1.9},"geometry":{"type":"Polygon","coordinates":[[[-114.42797,52.29723],[-114.42253,52.2969],[-114.4173,52.29593],[-114.41247,52.29435],[-114.40825,52.29223],[-114.40478,52.28964],[-114.4022,52.28669],[-114.40061,52.28349],[-114.40007,52.28016],[-114.40061,52.27683],[-114.4022,52.27363],[-114.40478,52.27068],[-114.40825,52.26809],[-114.41247,52.26597],[-114.4173,52.26439],[-114.42253,52.26342],[-114.42797,52.26309],[-114.43341,52.26342],[-114.43865,52.26439],[-114.44347,52.26597],[-114.4477,52.26809],[-114.45117,52.27068],[-114.45375,52.27363],[-114.45533,52.27683],[-114.45587,52.28016],[-114.45533,52.28349],[-114.45375,52.28669],[-114.45117,52.28964],[-114.4477,52.29223],[-114.44347,52.29435],[-114.43865,52.29593],[-114.43341,52.2969],[-114.42797,52.29723]]]}},{"type":"Feature","properties":{"ident":"CVA3","name":"Valhalla Heliport","airport_type":"heliport","radius_km":1.9},"geometry":{"type":"Polygon","coordinates":[[[-119.5607,49.88476],[-119.55553,49.88444],[-119.55057,49.88347],[-119.54599,49.88189],[-119.54198,49.87977],[-119.53868,49.87718],[-119.53624,49.87423],[-119.53473,49.87103],[-119.53422,49.8677],[-119.53473,49.86437],[-119.53624,49.86117],[-119.53868,49.85821],[-119.54198,49.85563],[-119.54599,49.85351],[-119.55057,49.85193],[-119.55553,49.85096],[-119.5607,49.85063],[-119.56587,49.85096],[-119.57083,49.85193],[-119.57541,49.85351],[-119.57943,49.85563],[-119.58272,49.85821],[-119.58517,49.86117],[-119.58667,49.86437],[-119.58718,49.8677],[-119.58667,49.87103],[-119.58517,49.87423],[-119.58272,49.87718],[-119.57943,49.87977],[-119.57541,49.88189],[-119.57083,49.88347],[-119.56587,49.88444],[-119.5607,49.88476]]]}},{"type":"Feature","properties":{"ident":"CVG8","name":"Vegreville (St. Joseph's General Hospital) Heliport","airport_type":"heliport","radius_km":1.9},"geometry":{"type":"Polygon","coordinates":[[[-112.033,53.51097],[-112.0274,53.51064],[-112.02202,53.50967],[-112.01706,53.50809],[-112.01271,53.50597],[-112.00914,53.50338],[-112.00649,53.50043],[-112.00486,53.49723],[-112.00431,53.4939],[-112.00486,53.49057],[-112.00649,53.48737],[-112.00914,53.48442],[-112.01271,53.48183],[-112.01706,53.47971],[-112.02202,53.47813],[-112.0274,53.47716],[-112.033,53.47683],[-112.03859,53.47716],[-112.04398,53.47813],[-112.04894,53.47971],[-112.05328,53.48183],[-112.05685,53.48442],[-112.0595,53.48737],[-112.06114,53.49057],[-112.06169,53.4939],[-112.06114,53.49723],[-112.0595,53.50043],[-112.05685,53.50338],[-112.05328,53.50597],[-112.04894,53.50809],[-112.04398,53.50967],[-112.03859,53.51064],[-112.033,53.51097]]]}},{"type":"Feature","properties":{"ident":"CVH2","name":"Vermilion Health Centre Heliport","airport_type":"heliport","radius_km":1.9},"geometry":{"type":"Polygon","coordinates":[[[-110.872,53.37287],[-110.86642,53.37254],[-110.86106,53.37157],[-110.85611,53.36999],[-110.85178,53.36787],[-110.84822,53.36528],[-110.84558,53.36233],[-110.84395,53.35913],[-110.8434,53.3558],[-110.84395,53.35247],[-110.84558,53.34927],[-110.84822,53.34632],[-110.85178,53.34373],[-110.85611,53.34161],[-110.86106,53.34003],[-110.86642,53.33906],[-110.872,53.33873],[-110.87758,53.33906],[-110.88295,53.34003],[-110.88789,53.34161],[-110.89222,53.34373],[-110.89578,53.34632],[-110.89842,53.34927],[-110.90005,53.35247],[-110.9006,53.3558],[-110.90005,53.35913],[-110.89842,53.36233],[-110.89578,53.36528],[-110.89222,53.36787],[-110.88789,53.36999],[-110.88295,53.37157],[-110.87758,53.37254],[-110.872,53.37287]]]}},{"type":"Feature","properties":{"ident":"CVH7","name":"Vulcan (Hospital) Heliport","airport_type":"heliport","radius_km":1.9},"geometry":{"type":"Polygon","coordinates":[[[-113.25923,50.41279],[-113.25401,50.41246],[-113.24899,50.41149],[-113.24436,50.40991],[-113.2403,50.40779],[-113.23697,50.4052],[-113.2345,50.40225],[-113.23297,50.39905],[-113.23246,50.39572],[-113.23297,50.39239],[-113.2345,50.38919],[-113.23697,50.38624],[-113.2403,50.38365],[-113.24436,50.38153],[-113.24899,50.37995],[-113.25401,50.37898],[-113.25923,50.37865],[-113.26446,50.37898],[-113.26948,50.37995],[-113.27411,50.38153],[-113.27817,50.38365],[-113.28149,50.38624],[-113.28397,50.38919],[-113.28549,50.39239],[-113.28601,50.39572],[-113.28549,50.39905],[-113.28397,50.40225],[-113.28149,50.4052],[-113.27817,50.40779],[-113.27411,50.40991],[-113.26948,50.41149],[-113.26446,50.41246],[-113.25923,50.41279]]]}},{"type":"Feature","properties":{"ident":"CVK2","name":"Viking Health Centre Helipad","airport_type":"heliport","radius_km":1.9},"geometry":{"type":"Polygon","coordinates":[[[-111.7766,53.11752],[-111.77105,53.11719],[-111.76572,53.11622],[-111.7608,53.11464],[-111.7565,53.11252],[-111.75296,53.10994],[-111.75033,53.10698],[-111.74872,53.10378],[-111.74817,53.10045],[-111.74872,53.09712],[-111.75033,53.09392],[-111.75296,53.09097],[-111.7565,53.08838],[-111.7608,53.08626],[-111.76572,53.08468],[-111.77105,53.08371],[-111.7766,53.08339],[-111.78214,53.08371],[-111.78748,53.08468],[-111.79239,53.08626],[-111.7967,53.08838],[-111.80023,53.09097],[-111.80286,53.09392],[-111.80448,53.09712],[-111.80502,53.10045],[-111.80448,53.10378],[-111.80286,53.10698],[-111.80023,53.10994],[-111.7967,53.11252],[-111.79239,53.11464],[-111.78748,53.11622],[-111.78214,53.11719],[-111.7766,53.11752]]]}},{"type":"Feature","properties":{"ident":"CVS3","name":"Surrey Memorial Hospital Helipad","airport_type":"heliport","radius_km":1.9},"geometry":{"type":"Polygon","coordinates":[[[-122.84372,49.19308],[-122.83863,49.19275],[-122.83373,49.19178],[-122.82922,49.19021],[-122.82526,49.18808],[-122.82201,49.1855],[-122.8196,49.18255],[-122.81811,49.17934],[-122.81761,49.17601],[-122.81811,49.17269],[-122.8196,49.16948],[-122.82201,49.16653],[-122.82526,49.16395],[-122.82922,49.16182],[-122.83373,49.16025],[-122.83863,49.15928],[-122.84372,49.15895],[-122.84881,49.15928],[-122.85371,49.16025],[-122.85822,49.16182],[-122.86218,49.16395],[-122.86543,49.16653],[-122.86784,49.16948],[-122.86933,49.17269],[-122.86983,49.17601],[-122.86933,49.17934],[-122.86784,49.18255],[-122.86543,49.1855],[-122.86218,49.18808],[-122.85822,49.19021],[-122.85371,49.19178],[-122.84881,49.19275],[-122.84372,49.19308]]]}},{"type":"Feature","properties":{"ident":"CWC2","name":"Kelowna (Wildcat Helicopters) Heliport","airport_type":"heliport","radius_km":1.9},"geometry":{"type":"Polygon","coordinates":[[[-119.57923,49.88449],[-119.57406,49.88416],[-119.5691,49.88319],[-119.56452,49.88161],[-119.5605,49.87949],[-119.55721,49.87691],[-119.55476,49.87395],[-119.55326,49.87075],[-119.55275,49.86742],[-119.55326,49.86409],[-119.55476,49.86089],[-119.55721,49.85794],[-119.5605,49.85535],[-119.56452,49.85323],[-119.5691,49.85165],[-119.57406,49.85068],[-119.57923,49.85036],[-119.58439,49.85068],[-119.58936,49.85165],[-119.59394,49.85323],[-119.59795,49.85535],[-119.60125,49.85794],[-119.60369,49.86089],[-119.6052,49.86409],[-119.60571,49.86742],[-119.6052,49.87075],[-119.60369,49.87395],[-119.60125,49.87691],[-119.59795,49.87949],[-119.59394,49.88161],[-119.58936,49.88319],[-119.58439,49.88416],[-119.57923,49.88449]]]}},{"type":"Feature","properties":{"ident":"CWC4","name":"Wetaskiwin (Hospital & Care Centre) Heliport","airport_type":"heliport","radius_km":1.9},"geometry":{"type":"Polygon","coordinates":[[[-113.36825,53.00544],[-113.36272,53.00511],[-113.3574,53.00414],[-113.3525,53.00257],[-113.34821,53.00044],[-113.34468,52.99786],[-113.34206,52.99491],[-113.34045,52.9917],[-113.3399,52.98837],[-113.34045,52.98505],[-113.34206,52.98184],[-113.34468,52.97889],[-113.34821,52.97631],[-113.3525,52.97418],[-113.3574,52.97261],[-113.36272,52.97164],[-113.36825,52.97131],[-113.37379,52.97164],[-113.3791,52.97261],[-113.38401,52.97418],[-113.3883,52.97631],[-113.39183,52.97889],[-113.39445,52.98184],[-113.39606,52.98505],[-113.39661,52.98837],[-113.39606,52.9917],[-113.39445,52.99491],[-113.39183,52.99786],[-113.3883,53.00044],[-113.38401,53.00257],[-113.3791,53.00414],[-113.37379,53.00511],[-113.36825,53.00544]]]}},{"type":"Feature","properties":{"ident":"CWCV","name":"Nootka Lightstation Helipad","airport_type":"heliport","radius_km":1.9},"geometry":{"type":"Polygon","coordinates":[[[-126.61638,49.60932],[-126.61125,49.60899],[-126.60631,49.60802],[-126.60175,49.60644],[-126.59776,49.60432],[-126.59449,49.60173],[-126.59206,49.59878],[-126.59056,49.59558],[-126.59005,49.59225],[-126.59056,49.58892],[-126.59206,49.58572],[-126.59449,49.58277],[-126.59776,49.58018],[-126.60175,49.57806],[-126.60631,49.57648],[-126.61125,49.57551],[-126.61638,49.57518],[-126.62152,49.57551],[-126.62646,49.57648],[-126.63101,49.57806],[-126.635,49.58018],[-126.63828,49.58277],[-126.64071,49.58572],[-126.64221,49.58892],[-126.64271,49.59225],[-126.64221,49.59558],[-126.64071,49.59878],[-126.63828,49.60173],[-126.635,49.60432],[-126.63101,49.60644],[-126.62646,49.60802],[-126.62152,49.60899],[-126.61638,49.60932]]]}},{"type":"Feature","properties":{"ident":"CWD2","name":"Collingwood / Alta Heliport","airport_type":"heliport","radius_km":1.9},"geometry":{"type":"Polygon","coordinates":[[[-80.35369,44.54707],[-80.34902,44.54675],[-80.34453,44.54578],[-80.34039,44.5442],[-80.33676,44.54208],[-80.33379,44.53949],[-80.33157,44.53654],[-80.33021,44.53334],[-80.32975,44.53001],[-80.33021,44.52668],[-80.33157,44.52348],[-80.33379,44.52052],[-80.33676,44.51794],[-80.34039,44.51582],[-80.34453,44.51424],[-80.34902,44.51327],[-80.35369,44.51294],[-80.35836,44.51327],[-80.36286,44.51424],[-80.36699,44.51582],[-80.37062,44.51794],[-80.3736,44.52052],[-80.37581,44.52348],[-80.37718,44.52668],[-80.37764,44.53001],[-80.37718,44.53334],[-80.37581,44.53654],[-80.3736,44.53949],[-80.37062,44.54208],[-80.36699,44.5442],[-80.36286,44.54578],[-80.35836,44.54675],[-80.35369,44.54707]]]}},{"type":"Feature","properties":{"ident":"CWD3","name":"Hamilton/Waterdown Heliport","airport_type":"heliport","radius_km":1.9},"geometry":{"type":"Polygon","coordinates":[[[-79.9361,43.34137],[-79.93152,43.34104],[-79.92712,43.34007],[-79.92307,43.33849],[-79.91951,43.33637],[-79.91659,43.33378],[-79.91442,43.33083],[-79.91309,43.32763],[-79.91264,43.3243],[-79.91309,43.32097],[-79.91442,43.31777],[-79.91659,43.31482],[-79.91951,43.31223],[-79.92307,43.31011],[-79.92712,43.30853],[-79.93152,43.30756],[-79.9361,43.30723],[-79.94068,43.30756],[-79.94508,43.30853],[-79.94913,43.31011],[-79.95269,43.31223],[-79.95561,43.31482],[-79.95778,43.31777],[-79.95911,43.32097],[-79.95956,43.3243],[-79.95911,43.32763],[-79.95778,43.33083],[-79.95561,43.33378],[-79.95269,43.33637],[-79.94913,43.33849],[-79.94508,43.34007],[-79.94068,43.34104],[-79.9361,43.34137]]]}},{"type":"Feature","properties":{"ident":"CWFM","name":"Chatham Point Light Station Helipad","airport_type":"heliport","radius_km":1.9},"geometry":{"type":"Polygon","coordinates":[[[-125.44526,50.35017],[-125.44005,50.34984],[-125.43503,50.34887],[-125.43041,50.34729],[-125.42636,50.34517],[-125.42303,50.34258],[-125.42056,50.33963],[-125.41904,50.33643],[-125.41852,50.3331],[-125.41904,50.32977],[-125.42056,50.32657],[-125.42303,50.32362],[-125.42636,50.32103],[-125.43041,50.31891],[-125.43503,50.31733],[-125.44005,50.31636],[-125.44526,50.31603],[-125.45048,50.31636],[-125.4555,50.31733],[-125.46012,50.31891],[-125.46417,50.32103],[-125.4675,50.32362],[-125.46997,50.32657],[-125.47149,50.32977],[-125.472,50.3331],[-125.47149,50.33643],[-125.46997,50.33963],[-125.4675,50.34258],[-125.46417,50.34517],[-125.46012,50.34729],[-125.4555,50.34887],[-125.45048,50.34984],[-125.44526,50.35017]]]}},{"type":"Feature","properties":{"ident":"CWG2","name":"Winnipeg (City of Winnipeg) Heliport","airport_type":"heliport","radius_km":1.9},"geometry":{"type":"Polygon","coordinates":[[[-97.09555,49.91754],[-97.09038,49.91721],[-97.08541,49.91624],[-97.08083,49.91466],[-97.07682,49.91254],[-97.07352,49.90996],[-97.07107,49.907],[-97.06956,49.9038],[-97.06905,49.90047],[-97.06956,49.89714],[-97.07107,49.89394],[-97.07352,49.89099],[-97.07682,49.8884],[-97.08083,49.88628],[-97.08541,49.8847],[-97.09038,49.88373],[-97.09555,49.88341],[-97.10072,49.88373],[-97.10569,49.8847],[-97.11027,49.88628],[-97.11429,49.8884],[-97.11759,49.89099],[-97.12003,49.89394],[-97.12154,49.89714],[-97.12205,49.90047],[-97.12154,49.9038],[-97.12003,49.907],[-97.11759,49.90996],[-97.11429,49.91254],[-97.11027,49.91466],[-97.10569,49.91624],[-97.10072,49.91721],[-97.09555,49.91754]]]}},{"type":"Feature","properties":{"ident":"CWH2","name":"Wainwright (Health Centre) Heliport","airport_type":"heliport","radius_km":1.9},"geometry":{"type":"Polygon","coordinates":[[[-110.86473,52.86005],[-110.85922,52.85972],[-110.85392,52.85875],[-110.84904,52.85717],[-110.84475,52.85505],[-110.84124,52.85246],[-110.83863,52.84951],[-110.83702,52.84631],[-110.83648,52.84298],[-110.83702,52.83965],[-110.83863,52.83645],[-110.84124,52.8335],[-110.84475,52.83091],[-110.84904,52.82879],[-110.85392,52.82721],[-110.85922,52.82624],[-110.86473,52.82591],[-110.87025,52.82624],[-110.87555,52.82721],[-110.88043,52.82879],[-110.88472,52.83091],[-110.88823,52.8335],[-110.89084,52.83645],[-110.89245,52.83965],[-110.89299,52.84298],[-110.89245,52.84631],[-110.89084,52.84951],[-110.88823,52.85246],[-110.88472,52.85505],[-110.88043,52.85717],[-110.87555,52.85875],[-110.87025,52.85972],[-110.86473,52.86005]]]}},{"type":"Feature","properties":{"ident":"CWH3","name":"Woodstock (Hospital) Heliport","airport_type":"heliport","radius_km":1.9},"geometry":{"type":"Polygon","coordinates":[[[-80.75442,43.12263],[-80.74986,43.1223],[-80.74547,43.12133],[-80.74143,43.11975],[-80.73789,43.11763],[-80.73498,43.11504],[-80.73282,43.11209],[-80.73149,43.10889],[-80.73104,43.10556],[-80.73149,43.10223],[-80.73282,43.09903],[-80.73498,43.09608],[-80.73789,43.09349],[-80.74143,43.09137],[-80.74547,43.08979],[-80.74986,43.08882],[-80.75442,43.08849],[-80.75898,43.08882],[-80.76337,43.08979],[-80.76741,43.09137],[-80.77095,43.09349],[-80.77386,43.09608],[-80.77602,43.09903],[-80.77735,43.10223],[-80.7778,43.10556],[-80.77735,43.10889],[-80.77602,43.11209],[-80.77386,43.11504],[-80.77095,43.11763],[-80.76741,43.11975],[-80.76337,43.12133],[-80.75898,43.1223],[-80.75442,43.12263]]]}},{"type":"Feature","properties":{"ident":"CWH4","name":"Winchester District Memorial Hospital Heliport","airport_type":"heliport","radius_km":1.9},"geometry":{"type":"Polygon","coordinates":[[[-75.3549,45.10507],[-75.35018,45.10474],[-75.34565,45.10377],[-75.34147,45.10219],[-75.33781,45.10007],[-75.3348,45.09748],[-75.33257,45.09453],[-75.33119,45.09133],[-75.33073,45.088],[-75.33119,45.08467],[-75.33257,45.08147],[-75.3348,45.07852],[-75.33781,45.07593],[-75.34147,45.07381],[-75.34565,45.07223],[-75.35018,45.07126],[-75.3549,45.07093],[-75.35962,45.07126],[-75.36415,45.07223],[-75.36833,45.07381],[-75.37199,45.07593],[-75.375,45.07852],[-75.37723,45.08147],[-75.37861,45.08467],[-75.37907,45.088],[-75.37861,45.09133],[-75.37723,45.09453],[-75.375,45.09748],[-75.37199,45.10007],[-75.36833,45.10219],[-75.36415,45.10377],[-75.35962,45.10474],[-75.3549,45.10507]]]}},{"type":"Feature","properties":{"ident":"CWH6","name":"Dr. F. H. Wigmore Hospital Heliport","airport_type":"heliport","radius_km":1.9},"geometry":{"type":"Polygon","coordinates":[[[-105.52559,50.43705],[-105.52036,50.43672],[-105.51534,50.43575],[-105.51071,50.43417],[-105.50665,50.43205],[-105.50332,50.42947],[-105.50084,50.42651],[-105.49932,50.42331],[-105.4988,50.41998],[-105.49932,50.41665],[-105.50084,50.41345],[-105.50332,50.4105],[-105.50665,50.40791],[-105.51071,50.40579],[-105.51534,50.40421],[-105.52036,50.40324],[-105.52559,50.40292],[-105.53082,50.40324],[-105.53584,50.40421],[-105.54047,50.40579],[-105.54453,50.40791],[-105.54786,50.4105],[-105.55034,50.41345],[-105.55186,50.41665],[-105.55238,50.41998],[-105.55186,50.42331],[-105.55034,50.42651],[-105.54786,50.42947],[-105.54453,50.43205],[-105.54047,50.43417],[-105.53584,50.43575],[-105.53082,50.43672],[-105.52559,50.43705]]]}},{"type":"Feature","properties":{"ident":"CWH7","name":"Health Sciences Centre Helipad","airport_type":"heliport","radius_km":1.9},"geometry":{"type":"Polygon","coordinates":[[[-97.15656,49.92123],[-97.15139,49.9209],[-97.14642,49.91993],[-97.14184,49.91836],[-97.13782,49.91623],[-97.13453,49.91365],[-97.13208,49.9107],[-97.13057,49.90749],[-97.13006,49.90416],[-97.13057,49.90083],[-97.13208,49.89763],[-97.13453,49.89468],[-97.13782,49.8921],[-97.14184,49.88997],[-97.14642,49.8884],[-97.15139,49.88742],[-97.15656,49.8871],[-97.16173,49.88742],[-97.1667,49.8884],[-97.17129,49.88997],[-97.1753,49.8921],[-97.1786,49.89468],[-97.18105,49.89763],[-97.18255,49.90083],[-97.18306,49.90416],[-97.18255,49.90749],[-97.18105,49.9107],[-97.1786,49.91365],[-97.1753,49.91623],[-97.17129,49.91836],[-97.1667,49.91993],[-97.16173,49.9209],[-97.15656,49.92123]]]}},{"type":"Feature","properties":{"ident":"CWIF","name":"Quatsino Light Station Helipad","airport_type":"heliport","radius_km":1.9},"geometry":{"type":"Polygon","coordinates":[[[-128.03147,50.45876],[-128.02625,50.45843],[-128.02122,50.45746],[-128.01658,50.45588],[-128.01252,50.45376],[-128.00919,50.45117],[-128.00671,50.44822],[-128.00519,50.44502],[-128.00467,50.44169],[-128.00519,50.43836],[-128.00671,50.43516],[-128.00919,50.43221],[-128.01252,50.42962],[-128.01658,50.4275],[-128.02122,50.42592],[-128.02625,50.42495],[-128.03147,50.42462],[-128.0367,50.42495],[-128.04173,50.42592],[-128.04636,50.4275],[-128.05042,50.42962],[-128.05376,50.43221],[-128.05623,50.43516],[-128.05776,50.43836],[-128.05827,50.44169],[-128.05776,50.44502],[-128.05623,50.44822],[-128.05376,50.45117],[-128.05042,50.45376],[-128.04636,50.45588],[-128.04173,50.45746],[-128.0367,50.45843],[-128.03147,50.45876]]]}},{"type":"Feature","properties":{"ident":"CWP3","name":"Leslieville / W. Pidhirney Residence Heliport","airport_type":"heliport","radius_km":1.9},"geometry":{"type":"Polygon","coordinates":[[[-114.57135,52.37634],[-114.56589,52.37601],[-114.56065,52.37504],[-114.55582,52.37347],[-114.55158,52.37134],[-114.54811,52.36876],[-114.54553,52.36581],[-114.54394,52.3626],[-114.5434,52.35927],[-114.54394,52.35594],[-114.54553,52.35274],[-114.54811,52.34979],[-114.55158,52.34721],[-114.55582,52.34508],[-114.56065,52.34351],[-114.56589,52.34253],[-114.57135,52.34221],[-114.5768,52.34253],[-114.58204,52.34351],[-114.58687,52.34508],[-114.59111,52.34721],[-114.59458,52.34979],[-114.59717,52.35274],[-114.59876,52.35594],[-114.59929,52.35927],[-114.59876,52.3626],[-114.59717,52.36581],[-114.59458,52.36876],[-114.59111,52.37134],[-114.58687,52.37347],[-114.58204,52.37504],[-114.5768,52.37601],[-114.57135,52.37634]]]}},{"type":"Feature","properties":{"ident":"CWZM","name":"Boat Bluff Lighthouse Helipad","airport_type":"heliport","radius_km":1.9},"geometry":{"type":"Polygon","coordinates":[[[-128.52459,52.6608],[-128.5191,52.66047],[-128.51382,52.6595],[-128.50896,52.65792],[-128.5047,52.6558],[-128.5012,52.65322],[-128.4986,52.65026],[-128.497,52.64706],[-128.49646,52.64373],[-128.497,52.6404],[-128.4986,52.6372],[-128.5012,52.63425],[-128.5047,52.63166],[-128.50896,52.62954],[-128.51382,52.62796],[-128.5191,52.62699],[-128.52459,52.62667],[-128.53007,52.62699],[-128.53535,52.62796],[-128.54021,52.62954],[-128.54448,52.63166],[-128.54797,52.63425],[-128.55057,52.6372],[-128.55217,52.6404],[-128.55272,52.64373],[-128.55217,52.64706],[-128.55057,52.65026],[-128.54797,52.65322],[-128.54448,52.6558],[-128.54021,52.65792],[-128.53535,52.6595],[-128.53007,52.66047],[-128.52459,52.6608]]]}},{"type":"Feature","properties":{"ident":"CYAG","name":"Fort Frances Municipal Airport","airport_type":"medium_airport","radius_km":5.6},"geometry":{"type":"Polygon","coordinates":[[[-93.44349,48.70605],[-93.43355,48.70562],[-93.42378,48.70434],[-93.41435,48.70223],[-93.40541,48.69931],[-93.39713,48.69566],[-93.38964,48.69132],[-93.38307,48.68637],[-93.37754,48.6809],[-93.37313,48.675],[-93.36993,48.66877],[-93.36799,48.66232],[-93.36734,48.65575],[-93.36799,48.64918],[-93.36993,48.64273],[-93.37313,48.6365],[-93.37754,48.6306],[-93.38307,48.62512],[-93.38964,48.62018],[-93.39713,48.61584],[-93.40541,48.61218],[-93.41435,48.60927],[-93.42378,48.60716],[-93.43355,48.60587],[-93.44349,48.60544],[-93.45343,48.60587],[-93.4632,48.60716],[-93.47263,48.60927],[-93.48157,48.61218],[-93.48985,48.61584],[-93.49734,48.62018],[-93.50391,48.62512],[-93.50944,48.6306],[-93.51385,48.6365],[-93.51705,48.64273],[-93.51899,48.64918],[-93.51964,48.65575],[-93.51899,48.66232],[-93.51705,48.66877],[-93.51385,48.675],[-93.50944,48.6809],[-93.50391,48.68637],[-93.49734,48.69132],[-93.48985,48.69566],[-93.48157,48.69931],[-93.47263,48.70223],[-93.4632,48.70434],[-93.45343,48.70562],[-93.44349,48.70605]]]}},{"type":"Feature","properties":{"ident":"CYAH","name":"La Grande-4 Airport","airport_type":"medium_airport","radius_km":5.6},"geometry":{"type":"Polygon","coordinates":[[[-73.6753,53.80501],[-73.66419,53.80457],[-73.65328,53.80329],[-73.64274,53.80118],[-73.63276,53.79827],[-73.6235,53.79461],[-73.61514,53.79027],[-73.6078,53.78532],[-73.60162,53.77985],[-73.59669,53.77395],[-73.59312,53.76772],[-73.59094,53.76127],[-73.59022,53.7547],[-73.59094,53.74813],[-73.59312,53.74168],[-73.59669,53.73545],[-73.60162,53.72955],[-73.6078,53.72408],[-73.61514,53.71913],[-73.6235,53.71479],[-73.63276,53.71113],[-73.64274,53.70822],[-73.65328,53.70611],[-73.66419,53.70482],[-73.6753,53.70439],[-73.68641,53.70482],[-73.69732,53.70611],[-73.70786,53.70822],[-73.71784,53.71113],[-73.7271,53.71479],[-73.73546,53.71913],[-73.7428,53.72408],[-73.74899,53.72955],[-73.75391,53.73545],[-73.75749,53.74168],[-73.75966,53.74813],[-73.76038,53.7547],[-73.75966,53.76127],[-73.75749,53.76772],[-73.75391,53.77395],[-73.74899,53.77985],[-73.7428,53.78532],[-73.73546,53.79027],[-73.7271,53.79461],[-73.71784,53.79827],[-73.70786,53.80118],[-73.69732,53.80329],[-73.68641,53.80457],[-73.6753,53.80501]]]}},{"type":"Feature","properties":{"ident":"CYAM","name":"Sault Ste Marie Airport","airport_type":"medium_airport","radius_km":5.6},"geometry":{"type":"Polygon","coordinates":[[[-84.50847,46.53352],[-84.49893,46.53309],[-84.48956,46.53181],[-84.48051,46.52969],[-84.47194,46.52678],[-84.46399,46.52313],[-84.45681,46.51879],[-84.45051,46.51384],[-84.4452,46.50837],[-84.44097,46.50247],[-84.4379,46.49624],[-84.43603,46.48978],[-84.43541,46.48322],[-84.43603,46.47665],[-84.4379,46.4702],[-84.44097,46.46396],[-84.4452,46.45806],[-84.45051,46.45259],[-84.45681,46.44764],[-84.46399,46.44331],[-84.47194,46.43965],[-84.48051,46.43674],[-84.48956,46.43462],[-84.49893,46.43334],[-84.50847,46.43291],[-84.518,46.43334],[-84.52738,46.43462],[-84.53643,46.43674],[-84.545,46.43965],[-84.55294,46.44331],[-84.56013,46.44764],[-84.56643,46.45259],[-84.57174,46.45806],[-84.57596,46.46396],[-84.57904,46.4702],[-84.5809,46.47665],[-84.58153,46.48322],[-84.5809,46.48978],[-84.57904,46.49624],[-84.57596,46.50247],[-84.57174,46.50837],[-84.56643,46.51384],[-84.56013,46.51879],[-84.55294,46.52313],[-84.545,46.52678],[-84.53643,46.52969],[-84.52738,46.53181],[-84.518,46.53309],[-84.50847,46.53352]]]}},{"type":"Feature","properties":{"ident":"CYAQ","name":"Kasabonika Airport","airport_type":"medium_airport","radius_km":5.6},"geometry":{"type":"Polygon","coordinates":[[[-88.6428,53.57501],[-88.63175,53.57458],[-88.6209,53.57329],[-88.61042,53.57118],[-88.60049,53.56827],[-88.59129,53.56461],[-88.58296,53.56027],[-88.57566,53.55532],[-88.56952,53.54985],[-88.56462,53.54395],[-88.56106,53.53772],[-88.5589,53.53127],[-88.55818,53.5247],[-88.5589,53.51813],[-88.56106,53.51168],[-88.56462,53.50545],[-88.56952,53.49955],[-88.57566,53.49408],[-88.58296,53.48913],[-88.59129,53.48479],[-88.60049,53.48113],[-88.61042,53.47822],[-88.6209,53.47611],[-88.63175,53.47483],[-88.6428,53.47439],[-88.65384,53.47483],[-88.6647,53.47611],[-88.67518,53.47822],[-88.68511,53.48113],[-88.69431,53.48479],[-88.70264,53.48913],[-88.70993,53.49408],[-88.71608,53.49955],[-88.72098,53.50545],[-88.72454,53.51168],[-88.7267,53.51813],[-88.72742,53.5247],[-88.7267,53.53127],[-88.72454,53.53772],[-88.72098,53.54395],[-88.71608,53.54985],[-88.70993,53.55532],[-88.70264,53.56027],[-88.69431,53.56461],[-88.68511,53.56827],[-88.67518,53.57118],[-88.6647,53.57329],[-88.65384,53.57458],[-88.6428,53.57501]]]}},{"type":"Feature","properties":{"ident":"CYAV","name":"Winnipeg / St. Andrews Airport","airport_type":"medium_airport","radius_km":5.6},"geometry":{"type":"Polygon","coordinates":[[[-97.0325,50.10671],[-97.02227,50.10628],[-97.01222,50.10499],[-97.00252,50.10288],[-96.99332,50.09997],[-96.9848,50.09631],[-96.9771,50.09197],[-96.97034,50.08702],[-96.96465,50.08155],[-96.96011,50.07565],[-96.95682,50.06942],[-96.95482,50.06297],[-96.95415,50.0564],[-96.95482,50.04983],[-96.95682,50.04338],[-96.96011,50.03715],[-96.96465,50.03125],[-96.97034,50.02578],[-96.9771,50.02083],[-96.9848,50.01649],[-96.99332,50.01283],[-97.00252,50.00992],[-97.01222,50.00781],[-97.02227,50.00652],[-97.0325,50.00609],[-97.04273,50.00652],[-97.05278,50.00781],[-97.06249,50.00992],[-97.07168,50.01283],[-97.0802,50.01649],[-97.08791,50.02083],[-97.09466,50.02578],[-97.10036,50.03125],[-97.10489,50.03715],[-97.10818,50.04338],[-97.11018,50.04983],[-97.11085,50.0564],[-97.11018,50.06297],[-97.10818,50.06942],[-97.10489,50.07565],[-97.10036,50.08155],[-97.09466,50.08702],[-97.08791,50.09197],[-97.0802,50.09631],[-97.07168,50.09997],[-97.06249,50.10288],[-97.05278,50.10499],[-97.04273,50.10628],[-97.0325,50.10671]]]}},{"type":"Feature","properties":{"ident":"CYAW","name":"CFB Shearwater Heliport","airport_type":"heliport","radius_km":1.9},"geometry":{"type":"Polygon","coordinates":[[[-63.50211,44.65385],[-63.49743,44.65352],[-63.49293,44.65255],[-63.48878,44.65097],[-63.48515,44.64885],[-63.48216,44.64626],[-63.47995,44.64331],[-63.47858,44.64011],[-63.47812,44.63678],[-63.47858,44.63345],[-63.47995,44.63025],[-63.48216,44.6273],[-63.48515,44.62471],[-63.48878,44.62259],[-63.49293,44.62101],[-63.49743,44.62004],[-63.50211,44.61971],[-63.50679,44.62004],[-63.51129,44.62101],[-63.51543,44.62259],[-63.51907,44.62471],[-63.52205,44.6273],[-63.52427,44.63025],[-63.52563,44.63345],[-63.52609,44.63678],[-63.52563,44.64011],[-63.52427,44.64331],[-63.52205,44.64626],[-63.51907,44.64885],[-63.51543,44.65097],[-63.51129,44.65255],[-63.50679,44.65352],[-63.50211,44.65385]]]}},{"type":"Feature","properties":{"ident":"CYAY","name":"St. Anthony Airport","airport_type":"medium_airport","radius_km":5.6},"geometry":{"type":"Polygon","coordinates":[[[-56.08321,51.44221],[-56.07269,51.44178],[-56.06234,51.4405],[-56.05236,51.43839],[-56.0429,51.43547],[-56.03413,51.43182],[-56.0262,51.42748],[-56.01925,51.42253],[-56.01339,51.41706],[-56.00873,51.41116],[-56.00534,51.40493],[-56.00328,51.39848],[-56.00259,51.39191],[-56.00328,51.38534],[-56.00534,51.37889],[-56.00873,51.37266],[-56.01339,51.36676],[-56.01925,51.36128],[-56.0262,51.35634],[-56.03413,51.352],[-56.0429,51.34834],[-56.05236,51.34543],[-56.06234,51.34332],[-56.07269,51.34203],[-56.08321,51.3416],[-56.09373,51.34203],[-56.10408,51.34332],[-56.11406,51.34543],[-56.12352,51.34834],[-56.13229,51.352],[-56.14022,51.35634],[-56.14717,51.36128],[-56.15303,51.36676],[-56.15769,51.37266],[-56.16108,51.37889],[-56.16314,51.38534],[-56.16383,51.39191],[-56.16314,51.39848],[-56.16108,51.40493],[-56.15769,51.41116],[-56.15303,51.41706],[-56.14717,51.42253],[-56.14022,51.42748],[-56.13229,51.43182],[-56.12352,51.43547],[-56.11406,51.43839],[-56.10408,51.4405],[-56.09373,51.44178],[-56.08321,51.44221]]]}},{"type":"Feature","properties":{"ident":"CYAZ","name":"Tofino / Long Beach Airport","airport_type":"medium_airport","radius_km":5.6},"geometry":{"type":"Polygon","coordinates":[[[-125.77558,49.13014],[-125.76556,49.12971],[-125.75571,49.12842],[-125.74619,49.12631],[-125.73718,49.1234],[-125.72883,49.11974],[-125.72128,49.1154],[-125.71465,49.11046],[-125.70907,49.10499],[-125.70463,49.09908],[-125.7014,49.09285],[-125.69944,49.0864],[-125.69878,49.07983],[-125.69944,49.07327],[-125.7014,49.06681],[-125.70463,49.06058],[-125.70907,49.05468],[-125.71465,49.04921],[-125.72128,49.04426],[-125.72883,49.03992],[-125.73718,49.03627],[-125.74619,49.03336],[-125.75571,49.03124],[-125.76556,49.02996],[-125.77558,49.02953],[-125.78561,49.02996],[-125.79546,49.03124],[-125.80497,49.03336],[-125.81398,49.03627],[-125.82234,49.03992],[-125.82989,49.04426],[-125.83651,49.04921],[-125.84209,49.05468],[-125.84654,49.06058],[-125.84977,49.06681],[-125.85173,49.07327],[-125.85238,49.07983],[-125.85173,49.0864],[-125.84977,49.09285],[-125.84654,49.09908],[-125.84209,49.10499],[-125.83651,49.11046],[-125.82989,49.1154],[-125.82234,49.11974],[-125.81398,49.1234],[-125.80497,49.12631],[-125.79546,49.12842],[-125.78561,49.12971],[-125.77558,49.13014]]]}},{"type":"Feature","properties":{"ident":"CYB3","name":"Nelson/Baylock Estate Heliport","airport_type":"heliport","radius_km":1.9},"geometry":{"type":"Polygon","coordinates":[[[-117.26056,49.56179],[-117.25542,49.56146],[-117.25049,49.56049],[-117.24594,49.55891],[-117.24196,49.55679],[-117.23868,49.5542],[-117.23625,49.55125],[-117.23476,49.54805],[-117.23425,49.54472],[-117.23476,49.54139],[-117.23625,49.53819],[-117.23868,49.53524],[-117.24196,49.53265],[-117.24594,49.53053],[-117.25049,49.52895],[-117.25542,49.52798],[-117.26056,49.52765],[-117.26569,49.52798],[-117.27062,49.52895],[-117.27517,49.53053],[-117.27916,49.53265],[-117.28243,49.53524],[-117.28486,49.53819],[-117.28635,49.54139],[-117.28686,49.54472],[-117.28635,49.54805],[-117.28486,49.55125],[-117.28243,49.5542],[-117.27916,49.55679],[-117.27517,49.55891],[-117.27062,49.56049],[-117.26569,49.56146],[-117.26056,49.56179]]]}},{"type":"Feature","properties":{"ident":"CYBC","name":"Baie-Comeau Airport","airport_type":"medium_airport","radius_km":5.6},"geometry":{"type":"Polygon","coordinates":[[[-68.2044,49.18281],[-68.19436,49.18238],[-68.1845,49.18109],[-68.17498,49.17898],[-68.16596,49.17607],[-68.1576,49.17241],[-68.15003,49.16807],[-68.1434,49.16312],[-68.13782,49.15765],[-68.13337,49.15175],[-68.13014,49.14552],[-68.12817,49.13907],[-68.12752,49.1325],[-68.12817,49.12593],[-68.13014,49.11948],[-68.13337,49.11325],[-68.13782,49.10735],[-68.1434,49.10188],[-68.15003,49.09693],[-68.1576,49.09259],[-68.16596,49.08893],[-68.17498,49.08602],[-68.1845,49.08391],[-68.19436,49.08262],[-68.2044,49.08219],[-68.21443,49.08262],[-68.2243,49.08391],[-68.23382,49.08602],[-68.24284,49.08893],[-68.2512,49.09259],[-68.25876,49.09693],[-68.26539,49.10188],[-68.27098,49.10735],[-68.27543,49.11325],[-68.27866,49.11948],[-68.28062,49.12593],[-68.28128,49.1325],[-68.28062,49.13907],[-68.27866,49.14552],[-68.27543,49.15175],[-68.27098,49.15765],[-68.26539,49.16312],[-68.25876,49.16807],[-68.2512,49.17241],[-68.24284,49.17607],[-68.23382,49.17898],[-68.2243,49.18109],[-68.21443,49.18238],[-68.2044,49.18281]]]}},{"type":"Feature","properties":{"ident":"CYBD","name":"Bella Coola Airport","airport_type":"medium_airport","radius_km":5.6},"geometry":{"type":"Polygon","coordinates":[[[-126.596,52.43781],[-126.58524,52.43738],[-126.57467,52.43609],[-126.56446,52.43398],[-126.55479,52.43107],[-126.54582,52.42741],[-126.53772,52.42307],[-126.53061,52.41813],[-126.52462,52.41265],[-126.51985,52.40675],[-126.51638,52.40052],[-126.51428,52.39407],[-126.51358,52.3875],[-126.51428,52.38093],[-126.51638,52.37448],[-126.51985,52.36825],[-126.52462,52.36235],[-126.53061,52.35688],[-126.53772,52.35193],[-126.54582,52.34759],[-126.55479,52.34394],[-126.56446,52.34102],[-126.57467,52.33891],[-126.58524,52.33763],[-126.596,52.3372],[-126.60676,52.33763],[-126.61733,52.33891],[-126.62754,52.34102],[-126.63721,52.34394],[-126.64618,52.34759],[-126.65428,52.35193],[-126.66139,52.35688],[-126.66738,52.36235],[-126.67215,52.36825],[-126.67562,52.37448],[-126.67772,52.38093],[-126.67843,52.3875],[-126.67772,52.39407],[-126.67562,52.40052],[-126.67215,52.40675],[-126.66738,52.41265],[-126.66139,52.41813],[-126.65428,52.42307],[-126.64618,52.42741],[-126.63721,52.43107],[-126.62754,52.43398],[-126.61733,52.43609],[-126.60676,52.43738],[-126.596,52.43781]]]}},{"type":"Feature","properties":{"ident":"CYBF","name":"Bonnyville Airport","airport_type":"medium_airport","radius_km":5.6},"geometry":{"type":"Polygon","coordinates":[[[-110.744,54.3545],[-110.73275,54.35407],[-110.72169,54.35279],[-110.71101,54.35068],[-110.7009,54.34776],[-110.69152,54.34411],[-110.68304,54.33977],[-110.6756,54.33482],[-110.66934,54.32935],[-110.66435,54.32345],[-110.66072,54.31722],[-110.65852,54.31077],[-110.65779,54.3042],[-110.65852,54.29763],[-110.66072,54.29118],[-110.66435,54.28495],[-110.66934,54.27905],[-110.6756,54.27357],[-110.68304,54.26863],[-110.69152,54.26429],[-110.7009,54.26063],[-110.71101,54.25772],[-110.72169,54.25561],[-110.73275,54.25432],[-110.744,54.25389],[-110.75526,54.25432],[-110.76632,54.25561],[-110.777,54.25772],[-110.78711,54.26063],[-110.79649,54.26429],[-110.80497,54.26863],[-110.8124,54.27357],[-110.81867,54.27905],[-110.82366,54.28495],[-110.82728,54.29118],[-110.82948,54.29763],[-110.83022,54.3042],[-110.82948,54.31077],[-110.82728,54.31722],[-110.82366,54.32345],[-110.81867,54.32935],[-110.8124,54.33482],[-110.80497,54.33977],[-110.79649,54.34411],[-110.78711,54.34776],[-110.777,54.35068],[-110.76632,54.35279],[-110.75526,54.35407],[-110.744,54.3545]]]}},{"type":"Feature","properties":{"ident":"CYBG","name":"Saguenay-Bagotville Airport","airport_type":"medium_airport","radius_km":5.6},"geometry":{"type":"Polygon","coordinates":[[[-70.99201,48.38043],[-70.98214,48.38],[-70.97243,48.37871],[-70.96306,48.3766],[-70.95418,48.37369],[-70.94595,48.37003],[-70.93851,48.36569],[-70.93198,48.36075],[-70.92648,48.35528],[-70.92211,48.34937],[-70.91892,48.34314],[-70.91699,48.33669],[-70.91635,48.33012],[-70.91699,48.32356],[-70.91892,48.3171],[-70.92211,48.31087],[-70.92648,48.30497],[-70.93198,48.2995],[-70.93851,48.29455],[-70.94595,48.29021],[-70.95418,48.28656],[-70.96306,48.28365],[-70.97243,48.28153],[-70.98214,48.28025],[-70.99201,48.27982],[-71.00189,48.28025],[-71.0116,48.28153],[-71.02097,48.28365],[-71.02984,48.28656],[-71.03807,48.29021],[-71.04552,48.29455],[-71.05204,48.2995],[-71.05754,48.30497],[-71.06192,48.31087],[-71.0651,48.3171],[-71.06703,48.32356],[-71.06768,48.33012],[-71.06703,48.33669],[-71.0651,48.34314],[-71.06192,48.34937],[-71.05754,48.35528],[-71.05204,48.36075],[-71.04552,48.36569],[-71.03807,48.37003],[-71.02984,48.37369],[-71.02097,48.3766],[-71.0116,48.37871],[-71.00189,48.38],[-70.99201,48.38043]]]}},{"type":"Feature","properties":{"ident":"CYBK","name":"Baker Lake Airport","airport_type":"medium_airport","radius_km":5.6},"geometry":{"type":"Polygon","coordinates":[[[-96.0778,64.3492],[-96.06266,64.34877],[-96.04777,64.34749],[-96.03341,64.34537],[-96.0198,64.34246],[-96.00718,64.33881],[-95.99577,64.33447],[-95.98577,64.32952],[-95.97734,64.32405],[-95.97063,64.31815],[-95.96575,64.31192],[-95.96279,64.30546],[-95.9618,64.2989],[-95.96279,64.29233],[-95.96575,64.28588],[-95.97063,64.27965],[-95.97734,64.27374],[-95.98577,64.26827],[-95.99577,64.26333],[-96.00718,64.25899],[-96.0198,64.25533],[-96.03341,64.25242],[-96.04777,64.25031],[-96.06266,64.24902],[-96.0778,64.24859],[-96.09294,64.24902],[-96.10782,64.25031],[-96.12219,64.25242],[-96.1358,64.25533],[-96.14841,64.25899],[-96.15982,64.26333],[-96.16982,64.26827],[-96.17825,64.27374],[-96.18496,64.27965],[-96.18984,64.28588],[-96.1928,64.29233],[-96.19379,64.2989],[-96.1928,64.30546],[-96.18984,64.31192],[-96.18496,64.31815],[-96.17825,64.32405],[-96.16982,64.32952],[-96.15982,64.33447],[-96.14841,64.33881],[-96.1358,64.34246],[-96.12219,64.34537],[-96.10782,64.34749],[-96.09294,64.34877],[-96.0778,64.3492]]]}},{"type":"Feature","properties":{"ident":"CYBL","name":"Campbell River Airport","airport_type":"medium_airport","radius_km":5.6},"geometry":{"type":"Polygon","coordinates":[[[-125.271,50.00111],[-125.2608,50.00068],[-125.25077,49.99939],[-125.24109,49.99728],[-125.23191,49.99437],[-125.22341,49.99071],[-125.21572,49.98637],[-125.20898,49.98143],[-125.2033,49.97595],[-125.19877,49.97005],[-125.19549,49.96382],[-125.19349,49.95737],[-125.19282,49.9508],[-125.19349,49.94424],[-125.19549,49.93778],[-125.19877,49.93155],[-125.2033,49.92565],[-125.20898,49.92018],[-125.21572,49.91523],[-125.22341,49.91089],[-125.23191,49.90724],[-125.24109,49.90433],[-125.25077,49.90221],[-125.2608,49.90093],[-125.271,49.9005],[-125.28121,49.90093],[-125.29124,49.90221],[-125.30092,49.90433],[-125.31009,49.90724],[-125.3186,49.91089],[-125.32629,49.91523],[-125.33303,49.92018],[-125.33871,49.92565],[-125.34323,49.93155],[-125.34652,49.93778],[-125.34852,49.94424],[-125.34919,49.9508],[-125.34852,49.95737],[-125.34652,49.96382],[-125.34323,49.97005],[-125.33871,49.97595],[-125.33303,49.98143],[-125.32629,49.98637],[-125.3186,49.99071],[-125.31009,49.99437],[-125.30092,49.99728],[-125.29124,49.99939],[-125.28121,50.00068],[-125.271,50.00111]]]}},{"type":"Feature","properties":{"ident":"CYBN","name":"CFB Borden Heliport","airport_type":"heliport","radius_km":1.9},"geometry":{"type":"Polygon","coordinates":[[[-79.9125,44.28877],[-79.90785,44.28844],[-79.90338,44.28747],[-79.89926,44.28589],[-79.89564,44.28377],[-79.89268,44.28118],[-79.89048,44.27823],[-79.88912,44.27503],[-79.88866,44.2717],[-79.88912,44.26837],[-79.89048,44.26517],[-79.89268,44.26222],[-79.89564,44.25963],[-79.89926,44.25751],[-79.90338,44.25593],[-79.90785,44.25496],[-79.9125,44.25463],[-79.91715,44.25496],[-79.92162,44.25593],[-79.92574,44.25751],[-79.92935,44.25963],[-79.93232,44.26222],[-79.93452,44.26517],[-79.93588,44.26837],[-79.93633,44.2717],[-79.93588,44.27503],[-79.93452,44.27823],[-79.93232,44.28118],[-79.92935,44.28377],[-79.92574,44.28589],[-79.92162,44.28747],[-79.91715,44.28844],[-79.9125,44.28877]]]}},{"type":"Feature","properties":{"ident":"CYBR","name":"Brandon Municipal Airport","airport_type":"medium_airport","radius_km":5.6},"geometry":{"type":"Polygon","coordinates":[[[-99.9519,49.96031],[-99.9417,49.95988],[-99.93168,49.95859],[-99.922,49.95648],[-99.91284,49.95357],[-99.90434,49.94991],[-99.89666,49.94557],[-99.88992,49.94062],[-99.88425,49.93515],[-99.87973,49.92925],[-99.87644,49.92302],[-99.87445,49.91657],[-99.87378,49.91],[-99.87445,49.90343],[-99.87644,49.89698],[-99.87973,49.89075],[-99.88425,49.88485],[-99.88992,49.87938],[-99.89666,49.87443],[-99.90434,49.87009],[-99.91284,49.86643],[-99.922,49.86352],[-99.93168,49.86141],[-99.9417,49.86012],[-99.9519,49.85969],[-99.96209,49.86012],[-99.97211,49.86141],[-99.98179,49.86352],[-99.99095,49.86643],[-99.99945,49.87009],[-100.00713,49.87443],[-100.01387,49.87938],[-100.01955,49.88485],[-100.02407,49.89075],[-100.02735,49.89698],[-100.02934,49.90343],[-100.03001,49.91],[-100.02934,49.91657],[-100.02735,49.92302],[-100.02407,49.92925],[-100.01955,49.93515],[-100.01387,49.94062],[-100.00713,49.94557],[-99.99945,49.94991],[-99.99095,49.95357],[-99.98179,49.95648],[-99.97211,49.95859],[-99.96209,49.95988],[-99.9519,49.96031]]]}},{"type":"Feature","properties":{"ident":"CYBU","name":"Nipawin Airport","airport_type":"medium_airport","radius_km":5.6},"geometry":{"type":"Polygon","coordinates":[[[-104.008,53.38281],[-103.99701,53.38238],[-103.9862,53.38109],[-103.97577,53.37898],[-103.96588,53.37607],[-103.95672,53.37241],[-103.94844,53.36807],[-103.94117,53.36312],[-103.93505,53.35765],[-103.93018,53.35175],[-103.92663,53.34552],[-103.92448,53.33907],[-103.92376,53.3325],[-103.92448,53.32593],[-103.92663,53.31948],[-103.93018,53.31325],[-103.93505,53.30735],[-103.94117,53.30188],[-103.94844,53.29693],[-103.95672,53.29259],[-103.96588,53.28893],[-103.97577,53.28602],[-103.9862,53.28391],[-103.99701,53.28263],[-104.008,53.2822],[-104.019,53.28263],[-104.02981,53.28391],[-104.04024,53.28602],[-104.05012,53.28893],[-104.05929,53.29259],[-104.06757,53.29693],[-104.07484,53.30188],[-104.08096,53.30735],[-104.08583,53.31325],[-104.08937,53.31948],[-104.09152,53.32593],[-104.09224,53.3325],[-104.09152,53.33907],[-104.08937,53.34552],[-104.08583,53.35175],[-104.08096,53.35765],[-104.07484,53.36312],[-104.06757,53.36807],[-104.05929,53.37241],[-104.05012,53.37607],[-104.04024,53.37898],[-104.02981,53.38109],[-104.019,53.38238],[-104.008,53.38281]]]}},{"type":"Feature","properties":{"ident":"CYBW","name":"Calgary / Springbank Airport","airport_type":"medium_airport","radius_km":5.6},"geometry":{"type":"Polygon","coordinates":[[[-114.36938,51.15429],[-114.35892,51.15386],[-114.34864,51.15257],[-114.33872,51.15046],[-114.32932,51.14755],[-114.32061,51.14389],[-114.31273,51.13955],[-114.30582,51.13461],[-114.3,51.12913],[-114.29536,51.12323],[-114.29199,51.117],[-114.28995,51.11055],[-114.28926,51.10398],[-114.28995,51.09742],[-114.29199,51.09096],[-114.29536,51.08473],[-114.3,51.07883],[-114.30582,51.07336],[-114.31273,51.06841],[-114.32061,51.06407],[-114.32932,51.06042],[-114.33872,51.05751],[-114.34864,51.05539],[-114.35892,51.05411],[-114.36938,51.05368],[-114.37984,51.05411],[-114.39011,51.05539],[-114.40004,51.05751],[-114.40944,51.06042],[-114.41815,51.06407],[-114.42603,51.06841],[-114.43294,51.07336],[-114.43876,51.07883],[-114.4434,51.08473],[-114.44676,51.09096],[-114.44881,51.09742],[-114.44949,51.10398],[-114.44881,51.11055],[-114.44676,51.117],[-114.4434,51.12323],[-114.43876,51.12913],[-114.43294,51.13461],[-114.42603,51.13955],[-114.41815,51.14389],[-114.40944,51.14755],[-114.40004,51.15046],[-114.39011,51.15257],[-114.37984,51.15386],[-114.36938,51.15429]]]}},{"type":"Feature","properties":{"ident":"CYBX","name":"Lourdes-de-Blanc-Sablon Airport","airport_type":"medium_airport","radius_km":5.6},"geometry":{"type":"Polygon","coordinates":[[[-57.1853,51.49391],[-57.17476,51.49348],[-57.16441,51.49219],[-57.15441,51.49008],[-57.14494,51.48717],[-57.13617,51.48351],[-57.12823,51.47917],[-57.12127,51.47422],[-57.1154,51.46875],[-57.11073,51.46285],[-57.10734,51.45662],[-57.10528,51.45017],[-57.10459,51.4436],[-57.10528,51.43703],[-57.10734,51.43058],[-57.11073,51.42435],[-57.1154,51.41845],[-57.12127,51.41298],[-57.12823,51.40803],[-57.13617,51.40369],[-57.14494,51.40003],[-57.15441,51.39712],[-57.16441,51.39501],[-57.17476,51.39372],[-57.1853,51.39329],[-57.19583,51.39372],[-57.20619,51.39501],[-57.21619,51.39712],[-57.22565,51.40003],[-57.23443,51.40369],[-57.24237,51.40803],[-57.24933,51.41298],[-57.2552,51.41845],[-57.25987,51.42435],[-57.26326,51.43058],[-57.26532,51.43703],[-57.26601,51.4436],[-57.26532,51.45017],[-57.26326,51.45662],[-57.25987,51.46285],[-57.2552,51.46875],[-57.24933,51.47422],[-57.24237,51.47917],[-57.23443,51.48351],[-57.22565,51.48717],[-57.21619,51.49008],[-57.20619,51.49219],[-57.19583,51.49348],[-57.1853,51.49391]]]}},{"type":"Feature","properties":{"ident":"CYCB","name":"Cambridge Bay Airport","airport_type":"medium_airport","radius_km":5.6},"geometry":{"type":"Polygon","coordinates":[[[-105.138,69.15841],[-105.11959,69.15798],[-105.10149,69.15669],[-105.08402,69.15458],[-105.06747,69.15167],[-105.05212,69.14801],[-105.03825,69.14367],[-105.02608,69.13872],[-105.01583,69.13325],[-105.00767,69.12735],[-105.00174,69.12112],[-104.99814,69.11467],[-104.99693,69.1081],[-104.99814,69.10153],[-105.00174,69.09508],[-105.00767,69.08885],[-105.01583,69.08295],[-105.02608,69.07748],[-105.03825,69.07253],[-105.05212,69.06819],[-105.06747,69.06454],[-105.08402,69.06162],[-105.10149,69.05951],[-105.11959,69.05823],[-105.138,69.0578],[-105.15641,69.05823],[-105.17451,69.05951],[-105.19198,69.06162],[-105.20853,69.06454],[-105.22388,69.06819],[-105.23775,69.07253],[-105.24992,69.07748],[-105.26017,69.08295],[-105.26833,69.08885],[-105.27426,69.09508],[-105.27786,69.10153],[-105.27907,69.1081],[-105.27786,69.11467],[-105.27426,69.12112],[-105.26833,69.12735],[-105.26017,69.13325],[-105.24992,69.13872],[-105.23775,69.14367],[-105.22388,69.14801],[-105.20853,69.15167],[-105.19198,69.15458],[-105.17451,69.15669],[-105.15641,69.15798],[-105.138,69.15841]]]}},{"type":"Feature","properties":{"ident":"CYCC","name":"Cornwall Regional Airport","airport_type":"medium_airport","radius_km":5.6},"geometry":{"type":"Polygon","coordinates":[[[-74.56772,45.14294],[-74.55842,45.14251],[-74.54928,45.14123],[-74.54045,45.13911],[-74.5321,45.1362],[-74.52434,45.13255],[-74.51734,45.12821],[-74.51119,45.12326],[-74.50601,45.11779],[-74.50189,45.11189],[-74.49889,45.10566],[-74.49708,45.0992],[-74.49647,45.09264],[-74.49708,45.08607],[-74.49889,45.07962],[-74.50189,45.07339],[-74.50601,45.06748],[-74.51119,45.06201],[-74.51734,45.05707],[-74.52434,45.05273],[-74.5321,45.04907],[-74.54045,45.04616],[-74.54928,45.04405],[-74.55842,45.04276],[-74.56772,45.04233],[-74.57703,45.04276],[-74.58617,45.04405],[-74.59499,45.04616],[-74.60335,45.04907],[-74.6111,45.05273],[-74.61811,45.05707],[-74.62426,45.06201],[-74.62944,45.06748],[-74.63356,45.07339],[-74.63655,45.07962],[-74.63837,45.08607],[-74.63898,45.09264],[-74.63837,45.0992],[-74.63655,45.10566],[-74.63356,45.11189],[-74.62944,45.11779],[-74.62426,45.12326],[-74.61811,45.12821],[-74.6111,45.13255],[-74.60335,45.1362],[-74.59499,45.13911],[-74.58617,45.14123],[-74.57703,45.14251],[-74.56772,45.14294]]]}},{"type":"Feature","properties":{"ident":"CYCD","name":"Nanaimo Airport","airport_type":"medium_airport","radius_km":5.6},"geometry":{"type":"Polygon","coordinates":[[[-123.86986,49.10528],[-123.85984,49.10485],[-123.85,49.10356],[-123.84049,49.10145],[-123.83148,49.09854],[-123.82313,49.09488],[-123.81558,49.09054],[-123.80896,49.08559],[-123.80338,49.08012],[-123.79894,49.07422],[-123.79572,49.06799],[-123.79376,49.06154],[-123.7931,49.05497],[-123.79376,49.0484],[-123.79572,49.04195],[-123.79894,49.03572],[-123.80338,49.02982],[-123.80896,49.02435],[-123.81558,49.0194],[-123.82313,49.01506],[-123.83148,49.0114],[-123.84049,49.00849],[-123.85,49.00638],[-123.85984,49.00509],[-123.86986,49.00466],[-123.87988,49.00509],[-123.88973,49.00638],[-123.89924,49.00849],[-123.90824,49.0114],[-123.91659,49.01506],[-123.92414,49.0194],[-123.93076,49.02435],[-123.93634,49.02982],[-123.94078,49.03572],[-123.94401,49.04195],[-123.94597,49.0484],[-123.94663,49.05497],[-123.94597,49.06154],[-123.94401,49.06799],[-123.94078,49.07422],[-123.93634,49.08012],[-123.93076,49.08559],[-123.92414,49.09054],[-123.91659,49.09488],[-123.90824,49.09854],[-123.89924,49.10145],[-123.88973,49.10356],[-123.87988,49.10485],[-123.86986,49.10528]]]}},{"type":"Feature","properties":{"ident":"CYCE","name":"Centralia / James T. Field Memorial Aerodrome","airport_type":"medium_airport","radius_km":5.6},"geometry":{"type":"Polygon","coordinates":[[[-81.5083,43.3359],[-81.49928,43.33547],[-81.49042,43.33419],[-81.48186,43.33208],[-81.47375,43.32916],[-81.46623,43.32551],[-81.45944,43.32117],[-81.45348,43.31622],[-81.44845,43.31075],[-81.44446,43.30485],[-81.44155,43.29862],[-81.43979,43.29217],[-81.43919,43.2856],[-81.43979,43.27903],[-81.44155,43.27258],[-81.44446,43.26635],[-81.44845,43.26045],[-81.45348,43.25497],[-81.45944,43.25003],[-81.46623,43.24569],[-81.47375,43.24203],[-81.48186,43.23912],[-81.49042,43.23701],[-81.49928,43.23572],[-81.5083,43.23529],[-81.51732,43.23572],[-81.52619,43.23701],[-81.53475,43.23912],[-81.54285,43.24203],[-81.55037,43.24569],[-81.55717,43.25003],[-81.56313,43.25497],[-81.56815,43.26045],[-81.57215,43.26635],[-81.57505,43.27258],[-81.57682,43.27903],[-81.57741,43.2856],[-81.57682,43.29217],[-81.57505,43.29862],[-81.57215,43.30485],[-81.56815,43.31075],[-81.56313,43.31622],[-81.55717,43.32117],[-81.55037,43.32551],[-81.54285,43.32916],[-81.53475,43.33208],[-81.52619,43.33419],[-81.51732,43.33547],[-81.5083,43.3359]]]}},{"type":"Feature","properties":{"ident":"CYCG","name":"Castlegar/West Kootenay Regional Airport","airport_type":"medium_airport","radius_km":5.6},"geometry":{"type":"Polygon","coordinates":[[[-117.632,49.3467],[-117.62194,49.34627],[-117.61204,49.34499],[-117.60248,49.34287],[-117.59343,49.33996],[-117.58505,49.33631],[-117.57746,49.33197],[-117.57081,49.32702],[-117.5652,49.32155],[-117.56074,49.31565],[-117.55749,49.30942],[-117.55553,49.30296],[-117.55487,49.2964],[-117.55553,49.28983],[-117.55749,49.28338],[-117.56074,49.27715],[-117.5652,49.27125],[-117.57081,49.26577],[-117.57746,49.26083],[-117.58505,49.25649],[-117.59343,49.25283],[-117.60248,49.24992],[-117.61204,49.24781],[-117.62194,49.24652],[-117.632,49.24609],[-117.64207,49.24652],[-117.65197,49.24781],[-117.66152,49.24992],[-117.67057,49.25283],[-117.67896,49.25649],[-117.68655,49.26083],[-117.6932,49.26577],[-117.69881,49.27125],[-117.70327,49.27715],[-117.70651,49.28338],[-117.70848,49.28983],[-117.70914,49.2964],[-117.70848,49.30296],[-117.70651,49.30942],[-117.70327,49.31565],[-117.69881,49.32155],[-117.6932,49.32702],[-117.68655,49.33197],[-117.67896,49.33631],[-117.67057,49.33996],[-117.66152,49.34287],[-117.65197,49.34499],[-117.64207,49.34627],[-117.632,49.3467]]]}},{"type":"Feature","properties":{"ident":"CYCH","name":"Miramichi Airport","airport_type":"medium_airport","radius_km":5.6},"geometry":{"type":"Polygon","coordinates":[[[-65.4492,47.05811],[-65.43957,47.05768],[-65.43011,47.05639],[-65.42097,47.05428],[-65.41232,47.05137],[-65.40429,47.04771],[-65.39704,47.04337],[-65.39068,47.03843],[-65.38531,47.03295],[-65.38105,47.02705],[-65.37794,47.02082],[-65.37606,47.01437],[-65.37543,47.0078],[-65.37606,47.00123],[-65.37794,46.99478],[-65.38105,46.98855],[-65.38531,46.98265],[-65.39068,46.97718],[-65.39704,46.97223],[-65.40429,46.96789],[-65.41232,46.96424],[-65.42097,46.96132],[-65.43011,46.95921],[-65.43957,46.95793],[-65.4492,46.9575],[-65.45883,46.95793],[-65.4683,46.95921],[-65.47743,46.96132],[-65.48609,46.96424],[-65.49411,46.96789],[-65.50137,46.97223],[-65.50773,46.97718],[-65.51309,46.98265],[-65.51736,46.98855],[-65.52046,46.99478],[-65.52234,47.00123],[-65.52298,47.0078],[-65.52234,47.01437],[-65.52046,47.02082],[-65.51736,47.02705],[-65.51309,47.03295],[-65.50773,47.03843],[-65.50137,47.04337],[-65.49411,47.04771],[-65.48609,47.05137],[-65.47743,47.05428],[-65.4683,47.05639],[-65.45883,47.05768],[-65.4492,47.05811]]]}},{"type":"Feature","properties":{"ident":"CYCL","name":"Charlo Airport","airport_type":"medium_airport","radius_km":5.6},"geometry":{"type":"Polygon","coordinates":[[[-66.3303,48.0411],[-66.32049,48.04067],[-66.31084,48.03939],[-66.30153,48.03728],[-66.29272,48.03436],[-66.28454,48.03071],[-66.27715,48.02637],[-66.27067,48.02142],[-66.2652,48.01595],[-66.26085,48.01005],[-66.25769,48.00382],[-66.25578,47.99737],[-66.25513,47.9908],[-66.25578,47.98423],[-66.25769,47.97778],[-66.26085,47.97155],[-66.2652,47.96565],[-66.27067,47.96017],[-66.27715,47.95523],[-66.28454,47.95089],[-66.29272,47.94723],[-66.30153,47.94432],[-66.31084,47.94221],[-66.32049,47.94092],[-66.3303,47.94049],[-66.34011,47.94092],[-66.34975,47.94221],[-66.35906,47.94432],[-66.36788,47.94723],[-66.37606,47.95089],[-66.38345,47.95523],[-66.38993,47.96017],[-66.3954,47.96565],[-66.39974,47.97155],[-66.4029,47.97778],[-66.40482,47.98423],[-66.40547,47.9908],[-66.40482,47.99737],[-66.4029,48.00382],[-66.39974,48.01005],[-66.3954,48.01595],[-66.38993,48.02142],[-66.38345,48.02637],[-66.37606,48.03071],[-66.36788,48.03436],[-66.35906,48.03728],[-66.34975,48.03939],[-66.34011,48.04067],[-66.3303,48.0411]]]}},{"type":"Feature","properties":{"ident":"CYCN","name":"Cochrane Airport","airport_type":"medium_airport","radius_km":5.6},"geometry":{"type":"Polygon","coordinates":[[[-81.0136,49.1559],[-81.00357,49.15547],[-80.99372,49.15419],[-80.9842,49.15207],[-80.97518,49.14916],[-80.96683,49.14551],[-80.95927,49.14117],[-80.95264,49.13622],[-80.94706,49.13075],[-80.94261,49.12485],[-80.93938,49.11862],[-80.93742,49.11216],[-80.93676,49.1056],[-80.93742,49.09903],[-80.93938,49.09258],[-80.94261,49.08635],[-80.94706,49.08045],[-80.95264,49.07497],[-80.95927,49.07003],[-80.96683,49.06569],[-80.97518,49.06203],[-80.9842,49.05912],[-80.99372,49.05701],[-81.00357,49.05572],[-81.0136,49.05529],[-81.02363,49.05572],[-81.03349,49.05701],[-81.04301,49.05912],[-81.05202,49.06203],[-81.06038,49.06569],[-81.06794,49.07003],[-81.07457,49.07497],[-81.08015,49.08045],[-81.0846,49.08635],[-81.08783,49.09258],[-81.08979,49.09903],[-81.09044,49.1056],[-81.08979,49.11216],[-81.08783,49.11862],[-81.0846,49.12485],[-81.08015,49.13075],[-81.07457,49.13622],[-81.06794,49.14117],[-81.06038,49.14551],[-81.05202,49.14916],[-81.04301,49.15207],[-81.03349,49.15419],[-81.02363,49.15547],[-81.0136,49.1559]]]}},{"type":"Feature","properties":{"ident":"CYCP","name":"Blue River Airport","airport_type":"medium_airport","radius_km":5.6},"geometry":{"type":"Polygon","coordinates":[[[-119.283,52.167],[-119.2723,52.16657],[-119.26179,52.16529],[-119.25165,52.16318],[-119.24204,52.16026],[-119.23313,52.15661],[-119.22507,52.15227],[-119.218,52.14732],[-119.21205,52.14185],[-119.20731,52.13595],[-119.20387,52.12972],[-119.20177,52.12327],[-119.20107,52.1167],[-119.20177,52.11013],[-119.20387,52.10368],[-119.20731,52.09745],[-119.21205,52.09155],[-119.218,52.08608],[-119.22507,52.08113],[-119.23313,52.07679],[-119.24204,52.07313],[-119.25165,52.07022],[-119.26179,52.06811],[-119.2723,52.06682],[-119.283,52.06639],[-119.29369,52.06682],[-119.3042,52.06811],[-119.31435,52.07022],[-119.32396,52.07313],[-119.33287,52.07679],[-119.34093,52.08113],[-119.34799,52.08608],[-119.35394,52.09155],[-119.35868,52.09745],[-119.36213,52.10368],[-119.36422,52.11013],[-119.36492,52.1167],[-119.36422,52.12327],[-119.36213,52.12972],[-119.35868,52.13595],[-119.35394,52.14185],[-119.34799,52.14732],[-119.34093,52.15227],[-119.33287,52.15661],[-119.32396,52.16026],[-119.31435,52.16318],[-119.3042,52.16529],[-119.29369,52.16657],[-119.283,52.167]]]}},{"type":"Feature","properties":{"ident":"CYCQ","name":"Chetwynd Airport","airport_type":"medium_airport","radius_km":5.6},"geometry":{"type":"Polygon","coordinates":[[[-121.627,55.7375],[-121.61535,55.73707],[-121.6039,55.73579],[-121.59285,55.73367],[-121.58238,55.73076],[-121.57267,55.72711],[-121.5639,55.72277],[-121.5562,55.71782],[-121.54971,55.71235],[-121.54455,55.70645],[-121.5408,55.70022],[-121.53852,55.69376],[-121.53776,55.6872],[-121.53852,55.68063],[-121.5408,55.67418],[-121.54455,55.66795],[-121.54971,55.66205],[-121.5562,55.65657],[-121.5639,55.65163],[-121.57267,55.64729],[-121.58238,55.64363],[-121.59285,55.64072],[-121.6039,55.63861],[-121.61535,55.63732],[-121.627,55.63689],[-121.63865,55.63732],[-121.6501,55.63861],[-121.66115,55.64072],[-121.67162,55.64363],[-121.68132,55.64729],[-121.6901,55.65163],[-121.6978,55.65657],[-121.70428,55.66205],[-121.70945,55.66795],[-121.7132,55.67418],[-121.71548,55.68063],[-121.71624,55.6872],[-121.71548,55.69376],[-121.7132,55.70022],[-121.70945,55.70645],[-121.70428,55.71235],[-121.6978,55.71782],[-121.6901,55.72277],[-121.68132,55.72711],[-121.67162,55.73076],[-121.66115,55.73367],[-121.6501,55.73579],[-121.63865,55.73707],[-121.627,55.7375]]]}},{"type":"Feature","properties":{"ident":"CYCX","name":"CFB Gagetown Heliport","airport_type":"heliport","radius_km":1.9},"geometry":{"type":"Polygon","coordinates":[[[-66.43673,45.85483],[-66.43195,45.85451],[-66.42735,45.85353],[-66.42312,45.85196],[-66.41941,45.84983],[-66.41636,45.84725],[-66.4141,45.8443],[-66.4127,45.8411],[-66.41223,45.83777],[-66.4127,45.83444],[-66.4141,45.83123],[-66.41636,45.82828],[-66.41941,45.8257],[-66.42312,45.82357],[-66.42735,45.822],[-66.43195,45.82103],[-66.43673,45.8207],[-66.44151,45.82103],[-66.4461,45.822],[-66.45034,45.82357],[-66.45405,45.8257],[-66.4571,45.82828],[-66.45936,45.83123],[-66.46076,45.83444],[-66.46123,45.83777],[-66.46076,45.8411],[-66.45936,45.8443],[-66.4571,45.84725],[-66.45405,45.84983],[-66.45034,45.85196],[-66.4461,45.85353],[-66.44151,45.85451],[-66.43673,45.85483]]]}},{"type":"Feature","properties":{"ident":"CYDA","name":"Dawson City Airport","airport_type":"medium_airport","radius_km":5.6},"geometry":{"type":"Polygon","coordinates":[[[-139.12801,64.0934],[-139.113,64.09297],[-139.09826,64.09169],[-139.08402,64.08957],[-139.07054,64.08666],[-139.05804,64.08301],[-139.04674,64.07867],[-139.03682,64.07372],[-139.02847,64.06825],[-139.02182,64.06235],[-139.01699,64.05612],[-139.01406,64.04966],[-139.01307,64.0431],[-139.01406,64.03653],[-139.01699,64.03008],[-139.02182,64.02385],[-139.02847,64.01795],[-139.03682,64.01247],[-139.04674,64.00753],[-139.05804,64.00319],[-139.07054,63.99953],[-139.08402,63.99662],[-139.09826,63.99451],[-139.113,63.99322],[-139.12801,63.99279],[-139.14301,63.99322],[-139.15775,63.99451],[-139.17199,63.99662],[-139.18547,63.99953],[-139.19797,64.00319],[-139.20928,64.00753],[-139.21919,64.01247],[-139.22754,64.01795],[-139.23419,64.02385],[-139.23902,64.03008],[-139.24196,64.03653],[-139.24294,64.0431],[-139.24196,64.04966],[-139.23902,64.05612],[-139.23419,64.06235],[-139.22754,64.06825],[-139.21919,64.07372],[-139.20928,64.07867],[-139.19797,64.08301],[-139.18547,64.08666],[-139.17199,64.08957],[-139.15775,64.09169],[-139.14301,64.09297],[-139.12801,64.0934]]]}},{"type":"Feature","properties":{"ident":"CYDB","name":"Burwash Airport","airport_type":"medium_airport","radius_km":5.6},"geometry":{"type":"Polygon","coordinates":[[[-139.041,61.42141],[-139.0273,61.42098],[-139.01383,61.41969],[-139.00082,61.41758],[-138.9885,61.41467],[-138.97708,61.41101],[-138.96676,61.40667],[-138.9577,61.40173],[-138.95007,61.39625],[-138.944,61.39035],[-138.93959,61.38412],[-138.93691,61.37767],[-138.93601,61.3711],[-138.93691,61.36453],[-138.93959,61.35808],[-138.944,61.35185],[-138.95007,61.34595],[-138.9577,61.34048],[-138.96676,61.33553],[-138.97708,61.33119],[-138.9885,61.32754],[-139.00082,61.32462],[-139.01383,61.32251],[-139.0273,61.32123],[-139.041,61.3208],[-139.0547,61.32123],[-139.06817,61.32251],[-139.08118,61.32462],[-139.0935,61.32754],[-139.10492,61.33119],[-139.11524,61.33553],[-139.1243,61.34048],[-139.13193,61.34595],[-139.138,61.35185],[-139.14241,61.35808],[-139.14509,61.36453],[-139.14599,61.3711],[-139.14509,61.37767],[-139.14241,61.38412],[-139.138,61.39035],[-139.13193,61.39625],[-139.1243,61.40173],[-139.11524,61.40667],[-139.10492,61.41101],[-139.0935,61.41467],[-139.08118,61.41758],[-139.06817,61.41969],[-139.0547,61.42098],[-139.041,61.42141]]]}},{"type":"Feature","properties":{"ident":"CYDF","name":"Deer Lake Airport","airport_type":"medium_airport","radius_km":5.6},"geometry":{"type":"Polygon","coordinates":[[[-57.39615,49.25846],[-57.3861,49.25803],[-57.37622,49.25675],[-57.36668,49.25464],[-57.35765,49.25172],[-57.34927,49.24807],[-57.3417,49.24373],[-57.33506,49.23878],[-57.32946,49.23331],[-57.32501,49.22741],[-57.32177,49.22118],[-57.31981,49.21473],[-57.31915,49.20816],[-57.31981,49.20159],[-57.32177,49.19514],[-57.32501,49.18891],[-57.32946,49.18301],[-57.33506,49.17753],[-57.3417,49.17259],[-57.34927,49.16825],[-57.35765,49.16459],[-57.36668,49.16168],[-57.37622,49.15957],[-57.3861,49.15828],[-57.39615,49.15785],[-57.4062,49.15828],[-57.41608,49.15957],[-57.42561,49.16168],[-57.43465,49.16459],[-57.44302,49.16825],[-57.45059,49.17259],[-57.45724,49.17753],[-57.46283,49.18301],[-57.46729,49.18891],[-57.47052,49.19514],[-57.47249,49.20159],[-57.47315,49.20816],[-57.47249,49.21473],[-57.47052,49.22118],[-57.46729,49.22741],[-57.46283,49.23331],[-57.45724,49.23878],[-57.45059,49.24373],[-57.44302,49.24807],[-57.43465,49.25172],[-57.42561,49.25464],[-57.41608,49.25675],[-57.4062,49.25803],[-57.39615,49.25846]]]}},{"type":"Feature","properties":{"ident":"CYDH","name":"Ottawa / Dwyer Hill Heliport","airport_type":"heliport","radius_km":1.9},"geometry":{"type":"Polygon","coordinates":[[[-75.9483,45.14767],[-75.94358,45.14734],[-75.93905,45.14637],[-75.93486,45.14479],[-75.9312,45.14267],[-75.92819,45.14008],[-75.92595,45.13713],[-75.92458,45.13393],[-75.92411,45.1306],[-75.92458,45.12727],[-75.92595,45.12407],[-75.92819,45.12112],[-75.9312,45.11853],[-75.93486,45.11641],[-75.93905,45.11483],[-75.94358,45.11386],[-75.9483,45.11353],[-75.95302,45.11386],[-75.95756,45.11483],[-75.96174,45.11641],[-75.96541,45.11853],[-75.96842,45.12112],[-75.97065,45.12407],[-75.97203,45.12727],[-75.9725,45.1306],[-75.97203,45.13393],[-75.97065,45.13713],[-75.96842,45.14008],[-75.96541,45.14267],[-75.96174,45.14479],[-75.95756,45.14637],[-75.95302,45.14734],[-75.9483,45.14767]]]}},{"type":"Feature","properties":{"ident":"CYDM","name":"Ross River Airport","airport_type":"medium_airport","radius_km":5.6},"geometry":{"type":"Polygon","coordinates":[[[-132.423,62.02091],[-132.40903,62.02048],[-132.3953,62.01919],[-132.38204,62.01708],[-132.36948,62.01417],[-132.35784,62.01051],[-132.34731,62.00617],[-132.33808,62.00122],[-132.3303,61.99575],[-132.3241,61.98985],[-132.3196,61.98362],[-132.31687,61.97717],[-132.31595,61.9706],[-132.31687,61.96403],[-132.3196,61.95758],[-132.3241,61.95135],[-132.3303,61.94545],[-132.33808,61.93998],[-132.34731,61.93503],[-132.35784,61.93069],[-132.36948,61.92703],[-132.38204,61.92412],[-132.3953,61.92201],[-132.40903,61.92073],[-132.423,61.92029],[-132.43698,61.92073],[-132.45071,61.92201],[-132.46397,61.92412],[-132.47653,61.92703],[-132.48817,61.93069],[-132.4987,61.93503],[-132.50793,61.93998],[-132.51571,61.94545],[-132.52191,61.95135],[-132.52641,61.95758],[-132.52914,61.96403],[-132.53005,61.9706],[-132.52914,61.97717],[-132.52641,61.98362],[-132.52191,61.98985],[-132.51571,61.99575],[-132.50793,62.00122],[-132.4987,62.00617],[-132.48817,62.01051],[-132.47653,62.01417],[-132.46397,62.01708],[-132.45071,62.01919],[-132.43698,62.02048],[-132.423,62.02091]]]}},{"type":"Feature","properties":{"ident":"CYDN","name":"Dauphin Barker Airport","airport_type":"medium_airport","radius_km":5.6},"geometry":{"type":"Polygon","coordinates":[[[-100.052,51.15111],[-100.04155,51.15068],[-100.03127,51.14939],[-100.02135,51.14728],[-100.01195,51.14437],[-100.00323,51.14071],[-99.99536,51.13637],[-99.98845,51.13142],[-99.98262,51.12595],[-99.97799,51.12005],[-99.97462,51.11382],[-99.97258,51.10737],[-99.97189,51.1008],[-99.97258,51.09423],[-99.97462,51.08778],[-99.97799,51.08155],[-99.98262,51.07565],[-99.98845,51.07018],[-99.99536,51.06523],[-100.00323,51.06089],[-100.01195,51.05723],[-100.02135,51.05432],[-100.03127,51.05221],[-100.04155,51.05092],[-100.052,51.05049],[-100.06246,51.05092],[-100.07274,51.05221],[-100.08266,51.05432],[-100.09206,51.05723],[-100.10077,51.06089],[-100.10865,51.06523],[-100.11556,51.07018],[-100.12138,51.07565],[-100.12601,51.08155],[-100.12938,51.08778],[-100.13143,51.09423],[-100.13211,51.1008],[-100.13143,51.10737],[-100.12938,51.11382],[-100.12601,51.12005],[-100.12138,51.12595],[-100.11556,51.13142],[-100.10865,51.13637],[-100.10077,51.14071],[-100.09206,51.14437],[-100.08266,51.14728],[-100.07274,51.14939],[-100.06246,51.15068],[-100.052,51.15111]]]}},{"type":"Feature","properties":{"ident":"CYDO","name":"Dolbeau-Saint-Felicien Airport","airport_type":"medium_airport","radius_km":5.6},"geometry":{"type":"Polygon","coordinates":[[[-72.375,48.82881],[-72.36504,48.82838],[-72.35524,48.82709],[-72.34579,48.82498],[-72.33683,48.82207],[-72.32853,48.81841],[-72.32102,48.81407],[-72.31444,48.80912],[-72.30889,48.80365],[-72.30447,48.79775],[-72.30126,48.79152],[-72.29931,48.78507],[-72.29866,48.7785],[-72.29931,48.77193],[-72.30126,48.76548],[-72.30447,48.75925],[-72.30889,48.75335],[-72.31444,48.74788],[-72.32102,48.74293],[-72.32853,48.73859],[-72.33683,48.73493],[-72.34579,48.73202],[-72.35524,48.72991],[-72.36504,48.72862],[-72.375,48.72819],[-72.38496,48.72862],[-72.39476,48.72991],[-72.40421,48.73202],[-72.41317,48.73493],[-72.42147,48.73859],[-72.42898,48.74293],[-72.43556,48.74788],[-72.44111,48.75335],[-72.44553,48.75925],[-72.44874,48.76548],[-72.45069,48.77193],[-72.45134,48.7785],[-72.45069,48.78507],[-72.44874,48.79152],[-72.44553,48.79775],[-72.44111,48.80365],[-72.43556,48.80912],[-72.42898,48.81407],[-72.42147,48.81841],[-72.41317,48.82207],[-72.40421,48.82498],[-72.39476,48.82709],[-72.38496,48.82838],[-72.375,48.82881]]]}},{"type":"Feature","properties":{"ident":"CYDQ","name":"Dawson Creek Airport","airport_type":"medium_airport","radius_km":5.6},"geometry":{"type":"Polygon","coordinates":[[[-120.18326,55.79155],[-120.1716,55.79112],[-120.16013,55.78984],[-120.14907,55.78772],[-120.13858,55.78481],[-120.12886,55.78115],[-120.12007,55.77682],[-120.11237,55.77187],[-120.10587,55.7664],[-120.1007,55.7605],[-120.09694,55.75427],[-120.09466,55.74781],[-120.0939,55.74124],[-120.09466,55.73468],[-120.09694,55.72822],[-120.1007,55.72199],[-120.10587,55.71609],[-120.11237,55.71062],[-120.12007,55.70567],[-120.12886,55.70134],[-120.13858,55.69768],[-120.14907,55.69477],[-120.16013,55.69265],[-120.1716,55.69137],[-120.18326,55.69094],[-120.19493,55.69137],[-120.20639,55.69265],[-120.21746,55.69477],[-120.22794,55.69768],[-120.23766,55.70134],[-120.24645,55.70567],[-120.25416,55.71062],[-120.26065,55.71609],[-120.26582,55.72199],[-120.26958,55.72822],[-120.27186,55.73468],[-120.27263,55.74124],[-120.27186,55.74781],[-120.26958,55.75427],[-120.26582,55.7605],[-120.26065,55.7664],[-120.25416,55.77187],[-120.24645,55.77682],[-120.23766,55.78115],[-120.22794,55.78481],[-120.21746,55.78772],[-120.20639,55.78984],[-120.19493,55.79112],[-120.18326,55.79155]]]}},{"type":"Feature","properties":{"ident":"CYED","name":"Edmonton (CFB Namao) Heliport","airport_type":"heliport","radius_km":1.9},"geometry":{"type":"Polygon","coordinates":[[[-113.47255,53.685],[-113.46693,53.68467],[-113.46152,53.6837],[-113.45654,53.68213],[-113.45218,53.68],[-113.44859,53.67742],[-113.44593,53.67447],[-113.44429,53.67126],[-113.44374,53.66793],[-113.44429,53.6646],[-113.44593,53.6614],[-113.44859,53.65845],[-113.45218,53.65587],[-113.45654,53.65374],[-113.46152,53.65217],[-113.46693,53.65119],[-113.47255,53.65087],[-113.47817,53.65119],[-113.48357,53.65217],[-113.48855,53.65374],[-113.49292,53.65587],[-113.4965,53.65845],[-113.49916,53.6614],[-113.5008,53.6646],[-113.50136,53.66793],[-113.5008,53.67126],[-113.49916,53.67447],[-113.4965,53.67742],[-113.49292,53.68],[-113.48855,53.68213],[-113.48357,53.6837],[-113.47817,53.68467],[-113.47255,53.685]]]}},{"type":"Feature","properties":{"ident":"CYEE","name":"Huronia Airport","airport_type":"medium_airport","radius_km":5.6},"geometry":{"type":"Polygon","coordinates":[[[-79.9283,44.73361],[-79.91906,44.73318],[-79.90999,44.73189],[-79.90122,44.72978],[-79.89292,44.72687],[-79.88523,44.72321],[-79.87827,44.71887],[-79.87217,44.71392],[-79.86703,44.70845],[-79.86293,44.70255],[-79.85996,44.69632],[-79.85815,44.68987],[-79.85755,44.6833],[-79.85815,44.67673],[-79.85996,44.67028],[-79.86293,44.66405],[-79.86703,44.65815],[-79.87217,44.65268],[-79.87827,44.64773],[-79.88523,44.64339],[-79.89292,44.63973],[-79.90122,44.63682],[-79.90999,44.63471],[-79.91906,44.63342],[-79.9283,44.63299],[-79.93753,44.63342],[-79.94661,44.63471],[-79.95537,44.63682],[-79.96368,44.63973],[-79.97137,44.64339],[-79.97833,44.64773],[-79.98443,44.65268],[-79.98957,44.65815],[-79.99367,44.66405],[-79.99664,44.67028],[-79.99845,44.67673],[-79.99905,44.6833],[-79.99845,44.68987],[-79.99664,44.69632],[-79.99367,44.70255],[-79.98957,44.70845],[-79.98443,44.71392],[-79.97833,44.71887],[-79.97137,44.72321],[-79.96368,44.72687],[-79.95537,44.72978],[-79.94661,44.73189],[-79.93753,44.73318],[-79.9283,44.73361]]]}},{"type":"Feature","properties":{"ident":"CYEG","name":"Edmonton International Airport","airport_type":"large_airport","radius_km":5.6},"geometry":{"type":"Polygon","coordinates":[[[-113.58,53.36001],[-113.56901,53.35958],[-113.55821,53.35829],[-113.54778,53.35618],[-113.5379,53.35327],[-113.52875,53.34961],[-113.52047,53.34527],[-113.51321,53.34032],[-113.50709,53.33485],[-113.50222,53.32895],[-113.49868,53.32272],[-113.49653,53.31627],[-113.49581,53.3097],[-113.49653,53.30313],[-113.49868,53.29668],[-113.50222,53.29045],[-113.50709,53.28455],[-113.51321,53.27908],[-113.52047,53.27413],[-113.52875,53.26979],[-113.5379,53.26613],[-113.54778,53.26322],[-113.55821,53.26111],[-113.56901,53.25982],[-113.58,53.25939],[-113.59099,53.25982],[-113.60179,53.26111],[-113.61222,53.26322],[-113.6221,53.26613],[-113.63126,53.26979],[-113.63954,53.27413],[-113.6468,53.27908],[-113.65292,53.28455],[-113.65779,53.29045],[-113.66133,53.29668],[-113.66348,53.30313],[-113.6642,53.3097],[-113.66348,53.31627],[-113.66133,53.32272],[-113.65779,53.32895],[-113.65292,53.33485],[-113.6468,53.34032],[-113.63954,53.34527],[-113.63126,53.34961],[-113.6221,53.35327],[-113.61222,53.35618],[-113.60179,53.35829],[-113.59099,53.35958],[-113.58,53.36001]]]}},{"type":"Feature","properties":{"ident":"CYEL","name":"Elliot Lake Municipal Airport","airport_type":"medium_airport","radius_km":5.6},"geometry":{"type":"Polygon","coordinates":[[[-82.5614,46.4017],[-82.55189,46.40127],[-82.54254,46.39999],[-82.53351,46.39787],[-82.52496,46.39496],[-82.51703,46.39131],[-82.50987,46.38697],[-82.50358,46.38202],[-82.49828,46.37655],[-82.49407,46.37065],[-82.491,46.36442],[-82.48914,46.35796],[-82.48852,46.3514],[-82.48914,46.34483],[-82.491,46.33838],[-82.49407,46.33215],[-82.49828,46.32625],[-82.50358,46.32077],[-82.50987,46.31583],[-82.51703,46.31149],[-82.52496,46.30783],[-82.53351,46.30492],[-82.54254,46.30281],[-82.55189,46.30152],[-82.5614,46.30109],[-82.57091,46.30152],[-82.58026,46.30281],[-82.58929,46.30492],[-82.59784,46.30783],[-82.60577,46.31149],[-82.61294,46.31583],[-82.61922,46.32077],[-82.62452,46.32625],[-82.62874,46.33215],[-82.6318,46.33838],[-82.63366,46.34483],[-82.63428,46.3514],[-82.63366,46.35796],[-82.6318,46.36442],[-82.62874,46.37065],[-82.62452,46.37655],[-82.61922,46.38202],[-82.61294,46.38697],[-82.60577,46.39131],[-82.59784,46.39496],[-82.58929,46.39787],[-82.58026,46.39999],[-82.57091,46.40127],[-82.5614,46.4017]]]}},{"type":"Feature","properties":{"ident":"CYEM","name":"Manitoulin East Municipal Airport","airport_type":"medium_airport","radius_km":5.6},"geometry":{"type":"Polygon","coordinates":[[[-81.8576,45.89274],[-81.84817,45.89231],[-81.83891,45.89103],[-81.82996,45.88891],[-81.82149,45.886],[-81.81364,45.88234],[-81.80653,45.87801],[-81.80031,45.87306],[-81.79506,45.86759],[-81.79088,45.86169],[-81.78784,45.85546],[-81.786,45.849],[-81.78538,45.84244],[-81.786,45.83587],[-81.78784,45.82941],[-81.79088,45.82318],[-81.79506,45.81728],[-81.80031,45.81181],[-81.80653,45.80686],[-81.81364,45.80253],[-81.82149,45.79887],[-81.82996,45.79596],[-81.83891,45.79384],[-81.84817,45.79256],[-81.8576,45.79213],[-81.86702,45.79256],[-81.87628,45.79384],[-81.88523,45.79596],[-81.8937,45.79887],[-81.90155,45.80253],[-81.90866,45.80686],[-81.91488,45.81181],[-81.92013,45.81728],[-81.92431,45.82318],[-81.92735,45.82941],[-81.92919,45.83587],[-81.92981,45.84244],[-81.92919,45.849],[-81.92735,45.85546],[-81.92431,45.86169],[-81.92013,45.86759],[-81.91488,45.87306],[-81.90866,45.87801],[-81.90155,45.88234],[-81.8937,45.886],[-81.88523,45.88891],[-81.87628,45.89103],[-81.86702,45.89231],[-81.8576,45.89274]]]}},{"type":"Feature","properties":{"ident":"CYEN","name":"Estevan Airport","airport_type":"medium_airport","radius_km":5.6},"geometry":{"type":"Polygon","coordinates":[[[-102.966,49.26061],[-102.95595,49.26018],[-102.94607,49.25889],[-102.93654,49.25678],[-102.9275,49.25387],[-102.91913,49.25021],[-102.91155,49.24587],[-102.90491,49.24092],[-102.89932,49.23545],[-102.89486,49.22955],[-102.89162,49.22332],[-102.88966,49.21687],[-102.889,49.2103],[-102.88966,49.20373],[-102.89162,49.19728],[-102.89486,49.19105],[-102.89932,49.18515],[-102.90491,49.17968],[-102.91155,49.17473],[-102.91913,49.17039],[-102.9275,49.16673],[-102.93654,49.16382],[-102.94607,49.16171],[-102.95595,49.16043],[-102.966,49.16],[-102.97605,49.16043],[-102.98593,49.16171],[-102.99547,49.16382],[-103.00451,49.16673],[-103.01288,49.17039],[-103.02045,49.17473],[-103.02709,49.17968],[-103.03269,49.18515],[-103.03715,49.19105],[-103.04038,49.19728],[-103.04235,49.20373],[-103.04301,49.2103],[-103.04235,49.21687],[-103.04038,49.22332],[-103.03715,49.22955],[-103.03269,49.23545],[-103.02709,49.24092],[-103.02045,49.24587],[-103.01288,49.25021],[-103.00451,49.25387],[-102.99547,49.25678],[-102.98593,49.25889],[-102.97605,49.26018],[-102.966,49.26061]]]}},{"type":"Feature","properties":{"ident":"CYET","name":"Edson Airport","airport_type":"medium_airport","radius_km":5.6},"geometry":{"type":"Polygon","coordinates":[[[-116.465,53.6292],[-116.45394,53.62877],[-116.44307,53.62749],[-116.43257,53.62538],[-116.42263,53.62247],[-116.41342,53.61881],[-116.40508,53.61447],[-116.39778,53.60952],[-116.39162,53.60405],[-116.38672,53.59815],[-116.38315,53.59192],[-116.38099,53.58547],[-116.38027,53.5789],[-116.38099,53.57233],[-116.38315,53.56588],[-116.38672,53.55965],[-116.39162,53.55375],[-116.39778,53.54828],[-116.40508,53.54333],[-116.41342,53.53899],[-116.42263,53.53533],[-116.43257,53.53242],[-116.44307,53.53031],[-116.45394,53.52902],[-116.465,53.52859],[-116.47606,53.52902],[-116.48693,53.53031],[-116.49742,53.53242],[-116.50736,53.53533],[-116.51658,53.53899],[-116.52491,53.54333],[-116.53222,53.54828],[-116.53837,53.55375],[-116.54328,53.55965],[-116.54684,53.56588],[-116.549,53.57233],[-116.54973,53.5789],[-116.549,53.58547],[-116.54684,53.59192],[-116.54328,53.59815],[-116.53837,53.60405],[-116.53222,53.60952],[-116.52491,53.61447],[-116.51658,53.61881],[-116.50736,53.62247],[-116.49742,53.62538],[-116.48693,53.62749],[-116.47606,53.62877],[-116.465,53.6292]]]}},{"type":"Feature","properties":{"ident":"CYEV","name":"Inuvik Mike Zubko Airport","airport_type":"medium_airport","radius_km":5.6},"geometry":{"type":"Polygon","coordinates":[[[-133.483,68.3545],[-133.46524,68.35407],[-133.44778,68.35279],[-133.43093,68.35068],[-133.41496,68.34776],[-133.40016,68.34411],[-133.38678,68.33977],[-133.37504,68.33482],[-133.36515,68.32935],[-133.35728,68.32345],[-133.35156,68.31722],[-133.34809,68.31077],[-133.34692,68.3042],[-133.34809,68.29763],[-133.35156,68.29118],[-133.35728,68.28495],[-133.36515,68.27905],[-133.37504,68.27358],[-133.38678,68.26863],[-133.40016,68.26429],[-133.41496,68.26063],[-133.43093,68.25772],[-133.44778,68.25561],[-133.46524,68.25432],[-133.483,68.25389],[-133.50076,68.25432],[-133.51822,68.25561],[-133.53508,68.25772],[-133.55104,68.26063],[-133.56584,68.26429],[-133.57922,68.26863],[-133.59096,68.27358],[-133.60085,68.27905],[-133.60872,68.28495],[-133.61444,68.29118],[-133.61792,68.29763],[-133.61908,68.3042],[-133.61792,68.31077],[-133.61444,68.31722],[-133.60872,68.32345],[-133.60085,68.32935],[-133.59096,68.33482],[-133.57922,68.33977],[-133.56584,68.34411],[-133.55104,68.34776],[-133.53508,68.35068],[-133.51822,68.35279],[-133.50076,68.35407],[-133.483,68.3545]]]}},{"type":"Feature","properties":{"ident":"CYEY","name":"Amos/Magny Airport","airport_type":"medium_airport","radius_km":5.6},"geometry":{"type":"Polygon","coordinates":[[[-78.2497,48.61421],[-78.23978,48.61378],[-78.23003,48.61249],[-78.22061,48.61038],[-78.21169,48.60747],[-78.20343,48.60381],[-78.19595,48.59947],[-78.1894,48.59453],[-78.18387,48.58906],[-78.17947,48.58315],[-78.17628,48.57692],[-78.17434,48.57047],[-78.17369,48.5639],[-78.17434,48.55734],[-78.17628,48.55088],[-78.17947,48.54465],[-78.18387,48.53875],[-78.1894,48.53328],[-78.19595,48.52833],[-78.20343,48.52399],[-78.21169,48.52034],[-78.22061,48.51743],[-78.23003,48.51531],[-78.23978,48.51403],[-78.2497,48.5136],[-78.25962,48.51403],[-78.26938,48.51531],[-78.27879,48.51743],[-78.28771,48.52034],[-78.29598,48.52399],[-78.30345,48.52833],[-78.31001,48.53328],[-78.31553,48.53875],[-78.31993,48.54465],[-78.32313,48.55088],[-78.32507,48.55734],[-78.32572,48.5639],[-78.32507,48.57047],[-78.32313,48.57692],[-78.31993,48.58315],[-78.31553,48.58906],[-78.31001,48.59453],[-78.30345,48.59947],[-78.29598,48.60381],[-78.28771,48.60747],[-78.27879,48.61038],[-78.26938,48.61249],[-78.25962,48.61378],[-78.2497,48.61421]]]}},{"type":"Feature","properties":{"ident":"CYFB","name":"Iqaluit Airport","airport_type":"medium_airport","radius_km":5.6},"geometry":{"type":"Polygon","coordinates":[[[-68.5558,63.80671],[-68.54095,63.80628],[-68.52636,63.80499],[-68.51227,63.80288],[-68.49892,63.79997],[-68.48655,63.79631],[-68.47536,63.79197],[-68.46555,63.78703],[-68.45728,63.78155],[-68.4507,63.77565],[-68.44591,63.76942],[-68.44301,63.76297],[-68.44204,63.7564],[-68.44301,63.74984],[-68.44591,63.74338],[-68.4507,63.73715],[-68.45728,63.73125],[-68.46555,63.72578],[-68.47536,63.72083],[-68.48655,63.71649],[-68.49892,63.71284],[-68.51227,63.70993],[-68.52636,63.70781],[-68.54095,63.70653],[-68.5558,63.7061],[-68.57065,63.70653],[-68.58525,63.70781],[-68.59934,63.70993],[-68.61268,63.71284],[-68.62506,63.71649],[-68.63624,63.72083],[-68.64606,63.72578],[-68.65432,63.73125],[-68.66091,63.73715],[-68.66569,63.74338],[-68.66859,63.74984],[-68.66957,63.7564],[-68.66859,63.76297],[-68.66569,63.76942],[-68.66091,63.77565],[-68.65432,63.78155],[-68.64606,63.78703],[-68.63624,63.79197],[-68.62506,63.79631],[-68.61268,63.79997],[-68.59934,63.80288],[-68.58525,63.80499],[-68.57065,63.80628],[-68.5558,63.80671]]]}},{"type":"Feature","properties":{"ident":"CYFC","name":"Fredericton International Airport","airport_type":"medium_airport","radius_km":5.6},"geometry":{"type":"Polygon","coordinates":[[[-66.52989,45.919],[-66.52046,45.91857],[-66.51119,45.91729],[-66.50224,45.91517],[-66.49377,45.91226],[-66.48591,45.90861],[-66.47881,45.90427],[-66.47257,45.89932],[-66.46732,45.89385],[-66.46314,45.88795],[-66.46011,45.88172],[-66.45826,45.87526],[-66.45764,45.8687],[-66.45826,45.86213],[-66.46011,45.85568],[-66.46314,45.84945],[-66.46732,45.84354],[-66.47257,45.83807],[-66.47881,45.83313],[-66.48591,45.82879],[-66.49377,45.82513],[-66.50224,45.82222],[-66.51119,45.82011],[-66.52046,45.81882],[-66.52989,45.81839],[-66.53932,45.81882],[-66.54859,45.82011],[-66.55754,45.82222],[-66.56601,45.82513],[-66.57387,45.82879],[-66.58098,45.83313],[-66.58721,45.83807],[-66.59246,45.84354],[-66.59664,45.84945],[-66.59968,45.85568],[-66.60152,45.86213],[-66.60214,45.8687],[-66.60152,45.87526],[-66.59968,45.88172],[-66.59664,45.88795],[-66.59246,45.89385],[-66.58721,45.89932],[-66.58098,45.90427],[-66.57387,45.90861],[-66.56601,45.91226],[-66.55754,45.91517],[-66.54859,45.91729],[-66.53932,45.91857],[-66.52989,45.919]]]}},{"type":"Feature","properties":{"ident":"CYFD","name":"Brantford Municipal Airport","airport_type":"medium_airport","radius_km":5.6},"geometry":{"type":"Polygon","coordinates":[[[-80.3425,43.18171],[-80.3335,43.18128],[-80.32466,43.17999],[-80.31612,43.17788],[-80.30803,43.17497],[-80.30054,43.17131],[-80.29376,43.16697],[-80.28781,43.16203],[-80.2828,43.15655],[-80.27881,43.15065],[-80.27592,43.14442],[-80.27416,43.13797],[-80.27357,43.1314],[-80.27416,43.12483],[-80.27592,43.11838],[-80.27881,43.11215],[-80.2828,43.10625],[-80.28781,43.10078],[-80.29376,43.09583],[-80.30054,43.09149],[-80.30803,43.08784],[-80.31612,43.08492],[-80.32466,43.08281],[-80.3335,43.08153],[-80.3425,43.0811],[-80.3515,43.08153],[-80.36034,43.08281],[-80.36888,43.08492],[-80.37696,43.08784],[-80.38446,43.09149],[-80.39124,43.09583],[-80.39719,43.10078],[-80.4022,43.10625],[-80.40618,43.11215],[-80.40908,43.11838],[-80.41084,43.12483],[-80.41143,43.1314],[-80.41084,43.13797],[-80.40908,43.14442],[-80.40618,43.15065],[-80.4022,43.15655],[-80.39719,43.16203],[-80.39124,43.16697],[-80.38446,43.17131],[-80.37696,43.17497],[-80.36888,43.17788],[-80.36034,43.17999],[-80.3515,43.18128],[-80.3425,43.18171]]]}},{"type":"Feature","properties":{"ident":"CYFE","name":"Forestville Airport","airport_type":"medium_airport","radius_km":5.6},"geometry":{"type":"Polygon","coordinates":[[[-69.0972,48.79641],[-69.08724,48.79598],[-69.07745,48.79469],[-69.068,48.79258],[-69.05905,48.78967],[-69.05076,48.78601],[-69.04325,48.78167],[-69.03667,48.77673],[-69.03113,48.77125],[-69.02672,48.76535],[-69.02351,48.75912],[-69.02156,48.75267],[-69.02091,48.7461],[-69.02156,48.73954],[-69.02351,48.73308],[-69.02672,48.72685],[-69.03113,48.72095],[-69.03667,48.71548],[-69.04325,48.71053],[-69.05076,48.70619],[-69.05905,48.70254],[-69.068,48.69963],[-69.07745,48.69751],[-69.08724,48.69623],[-69.0972,48.6958],[-69.10716,48.69623],[-69.11694,48.69751],[-69.12639,48.69963],[-69.13534,48.70254],[-69.14364,48.70619],[-69.15114,48.71053],[-69.15772,48.71548],[-69.16327,48.72095],[-69.16768,48.72685],[-69.17089,48.73308],[-69.17284,48.73954],[-69.17349,48.7461],[-69.17284,48.75267],[-69.17089,48.75912],[-69.16768,48.76535],[-69.16327,48.77125],[-69.15772,48.77673],[-69.15114,48.78167],[-69.14364,48.78601],[-69.13534,48.78967],[-69.12639,48.79258],[-69.11694,48.79469],[-69.10716,48.79598],[-69.0972,48.79641]]]}},{"type":"Feature","properties":{"ident":"CYFJ","name":"Mont-Tremblant International Airport","airport_type":"medium_airport","radius_km":5.6},"geometry":{"type":"Polygon","coordinates":[[[-74.78,46.45971],[-74.77048,46.45928],[-74.76112,46.45799],[-74.75208,46.45588],[-74.74352,46.45297],[-74.73558,46.44931],[-74.72841,46.44497],[-74.72212,46.44003],[-74.71681,46.43455],[-74.71259,46.42865],[-74.70953,46.42242],[-74.70766,46.41597],[-74.70704,46.4094],[-74.70766,46.40283],[-74.70953,46.39638],[-74.71259,46.39015],[-74.71681,46.38425],[-74.72212,46.37878],[-74.72841,46.37383],[-74.73558,46.36949],[-74.74352,46.36584],[-74.75208,46.36292],[-74.76112,46.36081],[-74.77048,46.35953],[-74.78,46.3591],[-74.78952,46.35953],[-74.79888,46.36081],[-74.80792,46.36292],[-74.81648,46.36584],[-74.82441,46.36949],[-74.83159,46.37383],[-74.83788,46.37878],[-74.84318,46.38425],[-74.8474,46.39015],[-74.85047,46.39638],[-74.85233,46.40283],[-74.85296,46.4094],[-74.85233,46.41597],[-74.85047,46.42242],[-74.8474,46.42865],[-74.84318,46.43455],[-74.83788,46.44003],[-74.83159,46.44497],[-74.82441,46.44931],[-74.81648,46.45297],[-74.80792,46.45588],[-74.79888,46.45799],[-74.78952,46.45928],[-74.78,46.45971]]]}},{"type":"Feature","properties":{"ident":"CYFR","name":"Fort Resolution Airport","airport_type":"medium_airport","radius_km":5.6},"geometry":{"type":"Polygon","coordinates":[[[-113.69,61.23111],[-113.67638,61.23068],[-113.66299,61.22939],[-113.65007,61.22728],[-113.63782,61.22437],[-113.62647,61.22071],[-113.61621,61.21637],[-113.60721,61.21143],[-113.59963,61.20595],[-113.59359,61.20005],[-113.5892,61.19382],[-113.58654,61.18737],[-113.58564,61.1808],[-113.58654,61.17424],[-113.5892,61.16778],[-113.59359,61.16155],[-113.59963,61.15565],[-113.60721,61.15018],[-113.61621,61.14523],[-113.62647,61.14089],[-113.63782,61.13724],[-113.65007,61.13433],[-113.66299,61.13221],[-113.67638,61.13093],[-113.69,61.1305],[-113.70362,61.13093],[-113.71701,61.13221],[-113.72994,61.13433],[-113.74218,61.13724],[-113.75353,61.14089],[-113.76379,61.14523],[-113.7728,61.15018],[-113.78038,61.15565],[-113.78642,61.16155],[-113.7908,61.16778],[-113.79347,61.17424],[-113.79436,61.1808],[-113.79347,61.18737],[-113.7908,61.19382],[-113.78642,61.20005],[-113.78038,61.20595],[-113.7728,61.21143],[-113.76379,61.21637],[-113.75353,61.22071],[-113.74218,61.22437],[-113.72994,61.22728],[-113.71701,61.22939],[-113.70362,61.23068],[-113.69,61.23111]]]}},{"type":"Feature","properties":{"ident":"CYFS","name":"Fort Simpson Airport","airport_type":"medium_airport","radius_km":5.6},"geometry":{"type":"Polygon","coordinates":[[[-121.237,61.81051],[-121.22312,61.81008],[-121.20948,61.80879],[-121.19631,61.80668],[-121.18384,61.80377],[-121.17228,61.80011],[-121.16182,61.79577],[-121.15265,61.79082],[-121.14493,61.78535],[-121.13878,61.77945],[-121.1343,61.77322],[-121.13159,61.76677],[-121.13068,61.7602],[-121.13159,61.75363],[-121.1343,61.74718],[-121.13878,61.74095],[-121.14493,61.73505],[-121.15265,61.72958],[-121.16182,61.72463],[-121.17228,61.72029],[-121.18384,61.71663],[-121.19631,61.71372],[-121.20948,61.71161],[-121.22312,61.71033],[-121.237,61.7099],[-121.25088,61.71033],[-121.26452,61.71161],[-121.27769,61.71372],[-121.29016,61.71663],[-121.30172,61.72029],[-121.31218,61.72463],[-121.32135,61.72958],[-121.32907,61.73505],[-121.33522,61.74095],[-121.33969,61.74718],[-121.34241,61.75363],[-121.34332,61.7602],[-121.34241,61.76677],[-121.33969,61.77322],[-121.33522,61.77945],[-121.32907,61.78535],[-121.32135,61.79082],[-121.31218,61.79577],[-121.30172,61.80011],[-121.29016,61.80377],[-121.27769,61.80668],[-121.26452,61.80879],[-121.25088,61.81008],[-121.237,61.81051]]]}},{"type":"Feature","properties":{"ident":"CYGD","name":"Goderich Airport","airport_type":"medium_airport","radius_km":5.6},"geometry":{"type":"Polygon","coordinates":[[[-81.7106,43.8172],[-81.70151,43.81677],[-81.69257,43.81549],[-81.68394,43.81338],[-81.67577,43.81046],[-81.6682,43.80681],[-81.66134,43.80247],[-81.65534,43.79752],[-81.65027,43.79205],[-81.64624,43.78615],[-81.64332,43.77992],[-81.64154,43.77347],[-81.64094,43.7669],[-81.64154,43.76033],[-81.64332,43.75388],[-81.64624,43.74765],[-81.65027,43.74175],[-81.65534,43.73628],[-81.66134,43.73133],[-81.6682,43.72699],[-81.67577,43.72333],[-81.68394,43.72042],[-81.69257,43.71831],[-81.70151,43.71702],[-81.7106,43.71659],[-81.71969,43.71702],[-81.72863,43.71831],[-81.73726,43.72042],[-81.74543,43.72333],[-81.75301,43.72699],[-81.75986,43.73133],[-81.76587,43.73628],[-81.77093,43.74175],[-81.77496,43.74765],[-81.77789,43.75388],[-81.77967,43.76033],[-81.78026,43.7669],[-81.77967,43.77347],[-81.77789,43.77992],[-81.77496,43.78615],[-81.77093,43.79205],[-81.76587,43.79752],[-81.75986,43.80247],[-81.75301,43.80681],[-81.74543,43.81046],[-81.73726,43.81338],[-81.72863,43.81549],[-81.71969,43.81677],[-81.7106,43.8172]]]}},{"type":"Feature","properties":{"ident":"CYGE","name":"Golden Airport","airport_type":"medium_airport","radius_km":5.6},"geometry":{"type":"Polygon","coordinates":[[[-116.982,51.3495],[-116.9715,51.34907],[-116.96118,51.34779],[-116.95121,51.34567],[-116.94177,51.34276],[-116.93302,51.33911],[-116.92511,51.33477],[-116.91817,51.32982],[-116.91233,51.32435],[-116.90767,51.31845],[-116.90429,51.31222],[-116.90223,51.30576],[-116.90155,51.2992],[-116.90223,51.29263],[-116.90429,51.28618],[-116.90767,51.27994],[-116.91233,51.27404],[-116.91817,51.26857],[-116.92511,51.26362],[-116.93302,51.25929],[-116.94177,51.25563],[-116.95121,51.25272],[-116.96118,51.2506],[-116.9715,51.24932],[-116.982,51.24889],[-116.9925,51.24932],[-117.00283,51.2506],[-117.01279,51.25272],[-117.02223,51.25563],[-117.03098,51.25929],[-117.03889,51.26362],[-117.04583,51.26857],[-117.05168,51.27404],[-117.05633,51.27994],[-117.05972,51.28618],[-117.06177,51.29263],[-117.06246,51.2992],[-117.06177,51.30576],[-117.05972,51.31222],[-117.05633,51.31845],[-117.05168,51.32435],[-117.04583,51.32982],[-117.03889,51.33477],[-117.03098,51.33911],[-117.02223,51.34276],[-117.01279,51.34567],[-117.00283,51.34779],[-116.9925,51.34907],[-116.982,51.3495]]]}},{"type":"Feature","properties":{"ident":"CYGK","name":"Kingston Norman Rogers Airport","airport_type":"medium_airport","radius_km":5.6},"geometry":{"type":"Polygon","coordinates":[[[-76.5969,44.27561],[-76.58774,44.27518],[-76.57873,44.27389],[-76.57004,44.27178],[-76.5618,44.26887],[-76.55417,44.26521],[-76.54726,44.26087],[-76.54121,44.25592],[-76.53611,44.25045],[-76.53204,44.24455],[-76.52909,44.23832],[-76.5273,44.23187],[-76.5267,44.2253],[-76.5273,44.21873],[-76.52909,44.21228],[-76.53204,44.20605],[-76.53611,44.20015],[-76.54121,44.19468],[-76.54726,44.18973],[-76.55417,44.18539],[-76.5618,44.18173],[-76.57004,44.17882],[-76.57873,44.17671],[-76.58774,44.17542],[-76.5969,44.17499],[-76.60606,44.17542],[-76.61507,44.17671],[-76.62377,44.17882],[-76.632,44.18173],[-76.63964,44.18539],[-76.64654,44.18973],[-76.65259,44.19468],[-76.6577,44.20015],[-76.66176,44.20605],[-76.66471,44.21228],[-76.6665,44.21873],[-76.6671,44.2253],[-76.6665,44.23187],[-76.66471,44.23832],[-76.66176,44.24455],[-76.6577,44.25045],[-76.65259,44.25592],[-76.64654,44.26087],[-76.63964,44.26521],[-76.632,44.26887],[-76.62377,44.27178],[-76.61507,44.27389],[-76.60606,44.27518],[-76.5969,44.27561]]]}},{"type":"Feature","properties":{"ident":"CYGL","name":"La Grande Rivi\u00e8re Airport","airport_type":"medium_airport","radius_km":5.6},"geometry":{"type":"Polygon","coordinates":[[[-77.7042,53.67561],[-77.69313,53.67518],[-77.68225,53.67389],[-77.67174,53.67178],[-77.66179,53.66887],[-77.65256,53.66521],[-77.64422,53.66087],[-77.63691,53.65593],[-77.63074,53.65045],[-77.62583,53.64455],[-77.62227,53.63832],[-77.6201,53.63187],[-77.61938,53.6253],[-77.6201,53.61874],[-77.62227,53.61228],[-77.62583,53.60605],[-77.63074,53.60015],[-77.63691,53.59468],[-77.64422,53.58973],[-77.65256,53.58539],[-77.66179,53.58174],[-77.67174,53.57883],[-77.68225,53.57671],[-77.69313,53.57543],[-77.7042,53.575],[-77.71527,53.57543],[-77.72615,53.57671],[-77.73666,53.57883],[-77.74661,53.58174],[-77.75584,53.58539],[-77.76418,53.58973],[-77.7715,53.59468],[-77.77766,53.60015],[-77.78257,53.60605],[-77.78613,53.61228],[-77.7883,53.61874],[-77.78902,53.6253],[-77.7883,53.63187],[-77.78613,53.63832],[-77.78257,53.64455],[-77.77766,53.65045],[-77.7715,53.65593],[-77.76418,53.66087],[-77.75584,53.66521],[-77.74661,53.66887],[-77.73666,53.67178],[-77.72615,53.67389],[-77.71527,53.67518],[-77.7042,53.67561]]]}},{"type":"Feature","properties":{"ident":"CYGM","name":"Gimli Industrial Park Airport","airport_type":"medium_airport","radius_km":5.6},"geometry":{"type":"Polygon","coordinates":[[[-97.0433,50.67841],[-97.03295,50.67798],[-97.02277,50.67669],[-97.01295,50.67458],[-97.00365,50.67167],[-96.99502,50.66801],[-96.98722,50.66367],[-96.98038,50.65873],[-96.97462,50.65325],[-96.97003,50.64735],[-96.9667,50.64112],[-96.96467,50.63467],[-96.96399,50.6281],[-96.96467,50.62154],[-96.9667,50.61508],[-96.97003,50.60885],[-96.97462,50.60295],[-96.98038,50.59748],[-96.98722,50.59253],[-96.99502,50.58819],[-97.00365,50.58454],[-97.01295,50.58163],[-97.02277,50.57951],[-97.03295,50.57823],[-97.0433,50.5778],[-97.05365,50.57823],[-97.06382,50.57951],[-97.07364,50.58163],[-97.08295,50.58454],[-97.09157,50.58819],[-97.09937,50.59253],[-97.10621,50.59748],[-97.11197,50.60295],[-97.11656,50.60885],[-97.1199,50.61508],[-97.12192,50.62154],[-97.1226,50.6281],[-97.12192,50.63467],[-97.1199,50.64112],[-97.11656,50.64735],[-97.11197,50.65325],[-97.10621,50.65873],[-97.09937,50.66367],[-97.09157,50.66801],[-97.08295,50.67167],[-97.07364,50.67458],[-97.06382,50.67669],[-97.05365,50.67798],[-97.0433,50.67841]]]}},{"type":"Feature","properties":{"ident":"CYGP","name":"Michel-Pouliot Gasp\u00e9 Airport","airport_type":"medium_airport","radius_km":5.6},"geometry":{"type":"Polygon","coordinates":[[[-64.48189,48.82522],[-64.47193,48.82479],[-64.46214,48.82351],[-64.45268,48.82139],[-64.44373,48.81848],[-64.43542,48.81482],[-64.42792,48.81049],[-64.42133,48.80554],[-64.41579,48.80007],[-64.41137,48.79417],[-64.40816,48.78794],[-64.40621,48.78148],[-64.40556,48.77492],[-64.40621,48.76835],[-64.40816,48.76189],[-64.41137,48.75566],[-64.41579,48.74976],[-64.42133,48.74429],[-64.42792,48.73934],[-64.43542,48.73501],[-64.44373,48.73135],[-64.45268,48.72844],[-64.46214,48.72632],[-64.47193,48.72504],[-64.48189,48.72461],[-64.49186,48.72504],[-64.50165,48.72632],[-64.5111,48.72844],[-64.52006,48.73135],[-64.52836,48.73501],[-64.53587,48.73934],[-64.54245,48.74429],[-64.548,48.74976],[-64.55242,48.75566],[-64.55563,48.76189],[-64.55757,48.76835],[-64.55823,48.77492],[-64.55757,48.78148],[-64.55563,48.78794],[-64.55242,48.79417],[-64.548,48.80007],[-64.54245,48.80554],[-64.53587,48.81049],[-64.52836,48.81482],[-64.52006,48.81848],[-64.5111,48.82139],[-64.50165,48.82351],[-64.49186,48.82479],[-64.48189,48.82522]]]}},{"type":"Feature","properties":{"ident":"CYGQ","name":"Geraldton Greenstone Regional Airport","airport_type":"medium_airport","radius_km":5.6},"geometry":{"type":"Polygon","coordinates":[[[-86.9394,49.82861],[-86.92923,49.82818],[-86.91924,49.82689],[-86.90959,49.82478],[-86.90045,49.82187],[-86.89198,49.81821],[-86.88431,49.81387],[-86.8776,49.80893],[-86.87193,49.80345],[-86.86743,49.79755],[-86.86415,49.79132],[-86.86216,49.78487],[-86.8615,49.7783],[-86.86216,49.77174],[-86.86415,49.76528],[-86.86743,49.75905],[-86.87193,49.75315],[-86.8776,49.74768],[-86.88431,49.74273],[-86.89198,49.73839],[-86.90045,49.73474],[-86.90959,49.73183],[-86.91924,49.72971],[-86.92923,49.72843],[-86.9394,49.728],[-86.94957,49.72843],[-86.95956,49.72971],[-86.96921,49.73183],[-86.97835,49.73474],[-86.98682,49.73839],[-86.99449,49.74273],[-87.0012,49.74768],[-87.00687,49.75315],[-87.01137,49.75905],[-87.01465,49.76528],[-87.01664,49.77174],[-87.0173,49.7783],[-87.01664,49.78487],[-87.01465,49.79132],[-87.01137,49.79755],[-87.00687,49.80345],[-87.0012,49.80893],[-86.99449,49.81387],[-86.98682,49.81821],[-86.97835,49.82187],[-86.96921,49.82478],[-86.95956,49.82689],[-86.94957,49.82818],[-86.9394,49.82861]]]}},{"type":"Feature","properties":{"ident":"CYGR","name":"\u00celes-de-la-Madeleine Airport","airport_type":"medium_airport","radius_km":5.6},"geometry":{"type":"Polygon","coordinates":[[[-61.77861,47.47555],[-61.76891,47.47512],[-61.75937,47.47383],[-61.75016,47.47172],[-61.74143,47.46881],[-61.73335,47.46515],[-61.72603,47.46081],[-61.71962,47.45587],[-61.71422,47.45039],[-61.70992,47.44449],[-61.70679,47.43826],[-61.70489,47.43181],[-61.70426,47.42524],[-61.70489,47.41868],[-61.70679,47.41222],[-61.70992,47.40599],[-61.71422,47.40009],[-61.71962,47.39462],[-61.72603,47.38967],[-61.73335,47.38533],[-61.74143,47.38168],[-61.75016,47.37877],[-61.75937,47.37665],[-61.76891,47.37537],[-61.77861,47.37494],[-61.78832,47.37537],[-61.79786,47.37665],[-61.80707,47.37877],[-61.81579,47.38168],[-61.82388,47.38533],[-61.83119,47.38967],[-61.8376,47.39462],[-61.84301,47.40009],[-61.84731,47.40599],[-61.85043,47.41222],[-61.85233,47.41868],[-61.85297,47.42524],[-61.85233,47.43181],[-61.85043,47.43826],[-61.84731,47.44449],[-61.84301,47.45039],[-61.8376,47.45587],[-61.83119,47.46081],[-61.82388,47.46515],[-61.81579,47.46881],[-61.80707,47.47172],[-61.79786,47.47383],[-61.78832,47.47512],[-61.77861,47.47555]]]}},{"type":"Feature","properties":{"ident":"CYGV","name":"Havre-Saint-Pierre Airport","airport_type":"medium_airport","radius_km":5.6},"geometry":{"type":"Polygon","coordinates":[[[-63.6114,50.3322],[-63.60113,50.33177],[-63.59103,50.33049],[-63.58127,50.32837],[-63.57204,50.32546],[-63.56348,50.32181],[-63.55573,50.31747],[-63.54895,50.31252],[-63.54322,50.30705],[-63.53867,50.30115],[-63.53536,50.29492],[-63.53335,50.28846],[-63.53268,50.2819],[-63.53335,50.27533],[-63.53536,50.26888],[-63.53867,50.26265],[-63.54322,50.25675],[-63.54895,50.25127],[-63.55573,50.24633],[-63.56348,50.24199],[-63.57204,50.23833],[-63.58127,50.23542],[-63.59103,50.23331],[-63.60113,50.23202],[-63.6114,50.23159],[-63.62168,50.23202],[-63.63178,50.23331],[-63.64153,50.23542],[-63.65076,50.23833],[-63.65933,50.24199],[-63.66707,50.24633],[-63.67386,50.25127],[-63.67958,50.25675],[-63.68413,50.26265],[-63.68744,50.26888],[-63.68945,50.27533],[-63.69012,50.2819],[-63.68945,50.28846],[-63.68744,50.29492],[-63.68413,50.30115],[-63.67958,50.30705],[-63.67386,50.31252],[-63.66707,50.31747],[-63.65933,50.32181],[-63.65076,50.32546],[-63.64153,50.32837],[-63.63178,50.33049],[-63.62168,50.33177],[-63.6114,50.3322]]]}},{"type":"Feature","properties":{"ident":"CYGW","name":"Kuujjuarapik Airport","airport_type":"medium_airport","radius_km":5.6},"geometry":{"type":"Polygon","coordinates":[[[-77.7653,55.3322],[-77.75377,55.33177],[-77.74244,55.33049],[-77.7315,55.32837],[-77.72113,55.32546],[-77.71153,55.32181],[-77.70284,55.31747],[-77.69522,55.31252],[-77.6888,55.30705],[-77.68369,55.30115],[-77.67998,55.29492],[-77.67773,55.28846],[-77.67697,55.2819],[-77.67773,55.27533],[-77.67998,55.26888],[-77.68369,55.26265],[-77.6888,55.25675],[-77.69522,55.25127],[-77.70284,55.24633],[-77.71153,55.24199],[-77.72113,55.23833],[-77.7315,55.23542],[-77.74244,55.23331],[-77.75377,55.23202],[-77.7653,55.23159],[-77.77683,55.23202],[-77.78816,55.23331],[-77.7991,55.23542],[-77.80946,55.23833],[-77.81907,55.24199],[-77.82775,55.24633],[-77.83537,55.25127],[-77.84179,55.25675],[-77.8469,55.26265],[-77.85061,55.26888],[-77.85287,55.27533],[-77.85362,55.2819],[-77.85287,55.28846],[-77.85061,55.29492],[-77.8469,55.30115],[-77.84179,55.30705],[-77.83537,55.31252],[-77.82775,55.31747],[-77.81907,55.32181],[-77.80946,55.32546],[-77.7991,55.32837],[-77.78816,55.33049],[-77.77683,55.33177],[-77.7653,55.3322]]]}},{"type":"Feature","properties":{"ident":"CYHD","name":"Dryden Regional Airport","airport_type":"medium_airport","radius_km":5.6},"geometry":{"type":"Polygon","coordinates":[[[-92.7442,49.882],[-92.73402,49.88157],[-92.72402,49.88029],[-92.71436,49.87818],[-92.70521,49.87526],[-92.69673,49.87161],[-92.68906,49.86727],[-92.68233,49.86232],[-92.67666,49.85685],[-92.67215,49.85095],[-92.66887,49.84472],[-92.66688,49.83827],[-92.66621,49.8317],[-92.66688,49.82513],[-92.66887,49.81868],[-92.67215,49.81245],[-92.67666,49.80655],[-92.68233,49.80107],[-92.68906,49.79613],[-92.69673,49.79179],[-92.70521,49.78813],[-92.71436,49.78522],[-92.72402,49.78311],[-92.73402,49.78182],[-92.7442,49.78139],[-92.75438,49.78182],[-92.76439,49.78311],[-92.77405,49.78522],[-92.7832,49.78813],[-92.79168,49.79179],[-92.79935,49.79613],[-92.80607,49.80107],[-92.81174,49.80655],[-92.81625,49.81245],[-92.81953,49.81868],[-92.82152,49.82513],[-92.82219,49.8317],[-92.82152,49.83827],[-92.81953,49.84472],[-92.81625,49.85095],[-92.81174,49.85685],[-92.80607,49.86232],[-92.79935,49.86727],[-92.79168,49.87161],[-92.7832,49.87526],[-92.77405,49.87818],[-92.76439,49.88029],[-92.75438,49.88157],[-92.7442,49.882]]]}},{"type":"Feature","properties":{"ident":"CYHF","name":"Hearst Ren\u00e9 Fontaine Municipal Airport","airport_type":"medium_airport","radius_km":5.6},"geometry":{"type":"Polygon","coordinates":[[[-83.6861,49.7645],[-83.67594,49.76407],[-83.66596,49.76279],[-83.65632,49.76068],[-83.6472,49.75776],[-83.63873,49.75411],[-83.63108,49.74977],[-83.62437,49.74482],[-83.61872,49.73935],[-83.61422,49.73345],[-83.61095,49.72722],[-83.60896,49.72077],[-83.6083,49.7142],[-83.60896,49.70763],[-83.61095,49.70118],[-83.61422,49.69495],[-83.61872,49.68905],[-83.62437,49.68358],[-83.63108,49.67863],[-83.63873,49.67429],[-83.6472,49.67063],[-83.65632,49.66772],[-83.66596,49.66561],[-83.67594,49.66432],[-83.6861,49.66389],[-83.69625,49.66432],[-83.70623,49.66561],[-83.71587,49.66772],[-83.725,49.67063],[-83.73346,49.67429],[-83.74111,49.67863],[-83.74782,49.68358],[-83.75347,49.68905],[-83.75797,49.69495],[-83.76125,49.70118],[-83.76323,49.70763],[-83.7639,49.7142],[-83.76323,49.72077],[-83.76125,49.72722],[-83.75797,49.73345],[-83.75347,49.73935],[-83.74782,49.74482],[-83.74111,49.74977],[-83.73346,49.75411],[-83.725,49.75776],[-83.71587,49.76068],[-83.70623,49.76279],[-83.69625,49.76407],[-83.6861,49.7645]]]}},{"type":"Feature","properties":{"ident":"CYHM","name":"John C. Munro Hamilton International Airport","airport_type":"large_airport","radius_km":5.6},"geometry":{"type":"Polygon","coordinates":[[[-79.92942,43.22161],[-79.92041,43.22118],[-79.91156,43.2199],[-79.90302,43.21778],[-79.89493,43.21487],[-79.88743,43.21122],[-79.88064,43.20688],[-79.87469,43.20193],[-79.86968,43.19646],[-79.86569,43.19056],[-79.86279,43.18433],[-79.86103,43.17787],[-79.86044,43.17131],[-79.86103,43.16474],[-79.86279,43.15829],[-79.86569,43.15206],[-79.86968,43.14616],[-79.87469,43.14068],[-79.88064,43.13574],[-79.88743,43.1314],[-79.89493,43.12774],[-79.90302,43.12483],[-79.91156,43.12272],[-79.92041,43.12143],[-79.92942,43.121],[-79.93842,43.12143],[-79.94727,43.12272],[-79.95581,43.12483],[-79.9639,43.12774],[-79.97141,43.1314],[-79.97819,43.13574],[-79.98414,43.14068],[-79.98915,43.14616],[-79.99314,43.15206],[-79.99604,43.15829],[-79.9978,43.16474],[-79.99839,43.17131],[-79.9978,43.17787],[-79.99604,43.18433],[-79.99314,43.19056],[-79.98915,43.19646],[-79.98414,43.20193],[-79.97819,43.20688],[-79.97141,43.21122],[-79.9639,43.21487],[-79.95581,43.21778],[-79.94727,43.2199],[-79.93842,43.22118],[-79.92942,43.22161]]]}},{"type":"Feature","properties":{"ident":"CYHN","name":"Hornepayne Municipal Airport","airport_type":"medium_airport","radius_km":5.6},"geometry":{"type":"Polygon","coordinates":[[[-84.7589,49.24341],[-84.74886,49.24298],[-84.73898,49.24169],[-84.72945,49.23958],[-84.72041,49.23667],[-84.71204,49.23301],[-84.70447,49.22867],[-84.69783,49.22372],[-84.69224,49.21825],[-84.68779,49.21235],[-84.68455,49.20612],[-84.68258,49.19967],[-84.68193,49.1931],[-84.68258,49.18653],[-84.68455,49.18008],[-84.68779,49.17385],[-84.69224,49.16795],[-84.69783,49.16248],[-84.70447,49.15753],[-84.71204,49.15319],[-84.72041,49.14953],[-84.72945,49.14662],[-84.73898,49.14451],[-84.74886,49.14322],[-84.7589,49.14279],[-84.76895,49.14322],[-84.77883,49.14451],[-84.78836,49.14662],[-84.79739,49.14953],[-84.80576,49.15319],[-84.81333,49.15753],[-84.81997,49.16248],[-84.82557,49.16795],[-84.83002,49.17385],[-84.83326,49.18008],[-84.83522,49.18653],[-84.83588,49.1931],[-84.83522,49.19967],[-84.83326,49.20612],[-84.83002,49.21235],[-84.82557,49.21825],[-84.81997,49.22372],[-84.81333,49.22867],[-84.80576,49.23301],[-84.79739,49.23667],[-84.78836,49.23958],[-84.77883,49.24169],[-84.76895,49.24298],[-84.7589,49.24341]]]}},{"type":"Feature","properties":{"ident":"CYHT","name":"Haines Junction Airport","airport_type":"medium_airport","radius_km":5.6},"geometry":{"type":"Polygon","coordinates":[[[-137.54601,60.83951],[-137.53255,60.83908],[-137.51933,60.83779],[-137.50656,60.83568],[-137.49447,60.83277],[-137.48325,60.82911],[-137.47312,60.82477],[-137.46423,60.81982],[-137.45674,60.81435],[-137.45077,60.80845],[-137.44644,60.80222],[-137.44381,60.79577],[-137.44293,60.7892],[-137.44381,60.78263],[-137.44644,60.77618],[-137.45077,60.76995],[-137.45674,60.76405],[-137.46423,60.75858],[-137.47312,60.75363],[-137.48325,60.74929],[-137.49447,60.74563],[-137.50656,60.74272],[-137.51933,60.74061],[-137.53255,60.73932],[-137.54601,60.73889],[-137.55946,60.73932],[-137.57268,60.74061],[-137.58545,60.74272],[-137.59754,60.74563],[-137.60876,60.74929],[-137.61889,60.75363],[-137.62778,60.75858],[-137.63527,60.76405],[-137.64124,60.76995],[-137.64557,60.77618],[-137.6482,60.78263],[-137.64908,60.7892],[-137.6482,60.79577],[-137.64557,60.80222],[-137.64124,60.80845],[-137.63527,60.81435],[-137.62778,60.81982],[-137.61889,60.82477],[-137.60876,60.82911],[-137.59754,60.83277],[-137.58545,60.83568],[-137.57268,60.83779],[-137.55946,60.83908],[-137.54601,60.83951]]]}},{"type":"Feature","properties":{"ident":"CYHU","name":"Montr\u00e9al / Saint-Hubert Metropolitan Airport","airport_type":"medium_airport","radius_km":5.6},"geometry":{"type":"Polygon","coordinates":[[[-73.4169,45.56781],[-73.40753,45.56738],[-73.39832,45.56609],[-73.38943,45.56398],[-73.381,45.56107],[-73.3732,45.55741],[-73.36613,45.55307],[-73.35994,45.54813],[-73.35473,45.54265],[-73.35057,45.53675],[-73.34755,45.53052],[-73.34572,45.52407],[-73.34511,45.5175],[-73.34572,45.51094],[-73.34755,45.50448],[-73.35057,45.49825],[-73.35473,45.49235],[-73.35994,45.48688],[-73.36613,45.48193],[-73.3732,45.47759],[-73.381,45.47394],[-73.38943,45.47103],[-73.39832,45.46891],[-73.40753,45.46763],[-73.4169,45.4672],[-73.42627,45.46763],[-73.43548,45.46891],[-73.44438,45.47103],[-73.4528,45.47394],[-73.46061,45.47759],[-73.46767,45.48193],[-73.47386,45.48688],[-73.47908,45.49235],[-73.48323,45.49825],[-73.48625,45.50448],[-73.48808,45.51094],[-73.48869,45.5175],[-73.48808,45.52407],[-73.48625,45.53052],[-73.48323,45.53675],[-73.47908,45.54265],[-73.47386,45.54813],[-73.46767,45.55307],[-73.46061,45.55741],[-73.4528,45.56107],[-73.44438,45.56398],[-73.43548,45.56609],[-73.42627,45.56738],[-73.4169,45.56781]]]}},{"type":"Feature","properties":{"ident":"CYHY","name":"Hay River / Merlyn Carter Airport","airport_type":"medium_airport","radius_km":5.6},"geometry":{"type":"Polygon","coordinates":[[[-115.783,60.89],[-115.76952,60.88957],[-115.75628,60.88829],[-115.74349,60.88617],[-115.73138,60.88326],[-115.72015,60.87961],[-115.70999,60.87527],[-115.70109,60.87032],[-115.69359,60.86485],[-115.68761,60.85895],[-115.68327,60.85272],[-115.68064,60.84626],[-115.67975,60.8397],[-115.68064,60.83313],[-115.68327,60.82668],[-115.68761,60.82045],[-115.69359,60.81455],[-115.70109,60.80907],[-115.70999,60.80413],[-115.72015,60.79979],[-115.73138,60.79613],[-115.74349,60.79322],[-115.75628,60.79111],[-115.76952,60.78982],[-115.783,60.78939],[-115.79647,60.78982],[-115.80972,60.79111],[-115.82251,60.79322],[-115.83462,60.79613],[-115.84585,60.79979],[-115.856,60.80413],[-115.8649,60.80907],[-115.87241,60.81455],[-115.87838,60.82045],[-115.88272,60.82668],[-115.88536,60.83313],[-115.88624,60.8397],[-115.88536,60.84626],[-115.88272,60.85272],[-115.87838,60.85895],[-115.87241,60.86485],[-115.8649,60.87032],[-115.856,60.87527],[-115.84585,60.87961],[-115.83462,60.88326],[-115.82251,60.88617],[-115.80972,60.88829],[-115.79647,60.88957],[-115.783,60.89]]]}},{"type":"Feature","properties":{"ident":"CYHZ","name":"Halifax / Stanfield International Airport","airport_type":"large_airport","radius_km":5.6},"geometry":{"type":"Polygon","coordinates":[[[-63.5086,44.9311],[-63.49933,44.93067],[-63.49022,44.92939],[-63.48143,44.92727],[-63.4731,44.92436],[-63.46538,44.92071],[-63.4584,44.91637],[-63.45227,44.91142],[-63.44711,44.90595],[-63.44301,44.90005],[-63.44002,44.89382],[-63.43821,44.88736],[-63.4376,44.8808],[-63.43821,44.87423],[-63.44002,44.86778],[-63.44301,44.86155],[-63.44711,44.85565],[-63.45227,44.85017],[-63.4584,44.84523],[-63.46538,44.84089],[-63.4731,44.83723],[-63.48143,44.83432],[-63.49022,44.83221],[-63.49933,44.83092],[-63.5086,44.83049],[-63.51787,44.83092],[-63.52697,44.83221],[-63.53577,44.83432],[-63.5441,44.83723],[-63.55182,44.84089],[-63.5588,44.84523],[-63.56492,44.85017],[-63.57008,44.85565],[-63.57419,44.86155],[-63.57717,44.86778],[-63.57899,44.87423],[-63.57959,44.8808],[-63.57899,44.88736],[-63.57717,44.89382],[-63.57419,44.90005],[-63.57008,44.90595],[-63.56492,44.91142],[-63.5588,44.91637],[-63.55182,44.92071],[-63.5441,44.92436],[-63.53577,44.92727],[-63.52697,44.92939],[-63.51787,44.93067],[-63.5086,44.9311]]]}},{"type":"Feature","properties":{"ident":"CYIB","name":"Atikokan Municipal Airport","airport_type":"medium_airport","radius_km":5.6},"geometry":{"type":"Polygon","coordinates":[[[-91.6386,48.8242],[-91.62864,48.82377],[-91.61885,48.82249],[-91.60939,48.82038],[-91.60044,48.81746],[-91.59213,48.81381],[-91.58463,48.80947],[-91.57804,48.80452],[-91.5725,48.79905],[-91.56808,48.79315],[-91.56487,48.78692],[-91.56292,48.78047],[-91.56227,48.7739],[-91.56292,48.76733],[-91.56487,48.76088],[-91.56808,48.75465],[-91.5725,48.74875],[-91.57804,48.74327],[-91.58463,48.73833],[-91.59213,48.73399],[-91.60044,48.73033],[-91.60939,48.72742],[-91.61885,48.72531],[-91.62864,48.72402],[-91.6386,48.72359],[-91.64857,48.72402],[-91.65836,48.72531],[-91.66781,48.72742],[-91.67677,48.73033],[-91.68507,48.73399],[-91.69258,48.73833],[-91.69916,48.74327],[-91.70471,48.74875],[-91.70912,48.75465],[-91.71233,48.76088],[-91.71428,48.76733],[-91.71494,48.7739],[-91.71428,48.78047],[-91.71233,48.78692],[-91.70912,48.79315],[-91.70471,48.79905],[-91.69916,48.80452],[-91.69258,48.80947],[-91.68507,48.81381],[-91.67677,48.81746],[-91.66781,48.82038],[-91.65836,48.82249],[-91.64857,48.82377],[-91.6386,48.8242]]]}},{"type":"Feature","properties":{"ident":"CYID","name":"Digby / Annapolis Regional Airport","airport_type":"medium_airport","radius_km":5.6},"geometry":{"type":"Polygon","coordinates":[[[-65.78542,44.59615],[-65.77621,44.59572],[-65.76716,44.59444],[-65.75841,44.59232],[-65.75013,44.58941],[-65.74246,44.58576],[-65.73551,44.58142],[-65.72943,44.57647],[-65.7243,44.571],[-65.72021,44.5651],[-65.71724,44.55887],[-65.71544,44.55241],[-65.71484,44.54585],[-65.71544,44.53928],[-65.71724,44.53283],[-65.72021,44.52659],[-65.7243,44.52069],[-65.72943,44.51522],[-65.73551,44.51027],[-65.74246,44.50594],[-65.75013,44.50228],[-65.75841,44.49937],[-65.76716,44.49725],[-65.77621,44.49597],[-65.78542,44.49554],[-65.79464,44.49597],[-65.80369,44.49725],[-65.81244,44.49937],[-65.82072,44.50228],[-65.82839,44.50594],[-65.83534,44.51027],[-65.84142,44.51522],[-65.84655,44.52069],[-65.85064,44.52659],[-65.8536,44.53283],[-65.85541,44.53928],[-65.85601,44.54585],[-65.85541,44.55241],[-65.8536,44.55887],[-65.85064,44.5651],[-65.84655,44.571],[-65.84142,44.57647],[-65.83534,44.58142],[-65.82839,44.58576],[-65.82072,44.58941],[-65.81244,44.59232],[-65.80369,44.59444],[-65.79464,44.59572],[-65.78542,44.59615]]]}},{"type":"Feature","properties":{"ident":"CYIF","name":"St Augustin Airport","airport_type":"medium_airport","radius_km":5.6},"geometry":{"type":"Polygon","coordinates":[[[-58.6583,51.26201],[-58.64782,51.26158],[-58.63751,51.26029],[-58.62757,51.25818],[-58.61815,51.25527],[-58.60941,51.25161],[-58.60152,51.24727],[-58.59459,51.24232],[-58.58875,51.23685],[-58.58411,51.23095],[-58.58073,51.22472],[-58.57868,51.21827],[-58.57799,51.2117],[-58.57868,51.20513],[-58.58073,51.19868],[-58.58411,51.19245],[-58.58875,51.18655],[-58.59459,51.18108],[-58.60152,51.17613],[-58.60941,51.17179],[-58.61815,51.16813],[-58.62757,51.16522],[-58.63751,51.16311],[-58.64782,51.16182],[-58.6583,51.16139],[-58.66878,51.16182],[-58.67908,51.16311],[-58.68903,51.16522],[-58.69845,51.16813],[-58.70718,51.17179],[-58.71508,51.17613],[-58.72201,51.18108],[-58.72784,51.18655],[-58.73249,51.19245],[-58.73586,51.19868],[-58.73791,51.20513],[-58.7386,51.2117],[-58.73791,51.21827],[-58.73586,51.22472],[-58.73249,51.23095],[-58.72784,51.23685],[-58.72201,51.24232],[-58.71508,51.24727],[-58.70718,51.25161],[-58.69845,51.25527],[-58.68903,51.25818],[-58.67908,51.26029],[-58.66878,51.26158],[-58.6583,51.26201]]]}},{"type":"Feature","properties":{"ident":"CYIV","name":"Island Lake Airport","airport_type":"medium_airport","radius_km":5.6},"geometry":{"type":"Polygon","coordinates":[[[-94.6536,53.90751],[-94.64247,53.90708],[-94.63153,53.90579],[-94.62096,53.90368],[-94.61096,53.90077],[-94.60168,53.89711],[-94.59329,53.89277],[-94.58594,53.88782],[-94.57974,53.88235],[-94.5748,53.87645],[-94.57122,53.87022],[-94.56904,53.86377],[-94.56831,53.8572],[-94.56904,53.85063],[-94.57122,53.84418],[-94.5748,53.83795],[-94.57974,53.83205],[-94.58594,53.82658],[-94.59329,53.82163],[-94.60168,53.81729],[-94.61096,53.81363],[-94.62096,53.81072],[-94.63153,53.80861],[-94.64247,53.80733],[-94.6536,53.8069],[-94.66474,53.80733],[-94.67568,53.80861],[-94.68624,53.81072],[-94.69625,53.81363],[-94.70553,53.81729],[-94.71391,53.82163],[-94.72127,53.82658],[-94.72747,53.83205],[-94.7324,53.83795],[-94.73599,53.84418],[-94.73817,53.85063],[-94.73889,53.8572],[-94.73817,53.86377],[-94.73599,53.87022],[-94.7324,53.87645],[-94.72747,53.88235],[-94.72127,53.88782],[-94.71391,53.89277],[-94.70553,53.89711],[-94.69625,53.90077],[-94.68624,53.90368],[-94.67568,53.90579],[-94.66474,53.90708],[-94.6536,53.90751]]]}},{"type":"Feature","properties":{"ident":"CYJF","name":"Fort Liard Airport","airport_type":"medium_airport","radius_km":5.6},"geometry":{"type":"Polygon","coordinates":[[[-123.469,60.28611],[-123.45578,60.28568],[-123.44277,60.28439],[-123.43022,60.28228],[-123.41833,60.27937],[-123.40731,60.27571],[-123.39735,60.27137],[-123.38861,60.26643],[-123.38124,60.26095],[-123.37538,60.25505],[-123.37112,60.24882],[-123.36853,60.24237],[-123.36767,60.2358],[-123.36853,60.22924],[-123.37112,60.22278],[-123.37538,60.21655],[-123.38124,60.21065],[-123.38861,60.20518],[-123.39735,60.20023],[-123.40731,60.19589],[-123.41833,60.19224],[-123.43022,60.18933],[-123.44277,60.18721],[-123.45578,60.18593],[-123.469,60.1855],[-123.48223,60.18593],[-123.49523,60.18721],[-123.50778,60.18933],[-123.51967,60.19224],[-123.53069,60.19589],[-123.54066,60.20023],[-123.5494,60.20518],[-123.55676,60.21065],[-123.56262,60.21655],[-123.56688,60.22278],[-123.56947,60.22924],[-123.57034,60.2358],[-123.56947,60.24237],[-123.56688,60.24882],[-123.56262,60.25505],[-123.55676,60.26095],[-123.5494,60.26643],[-123.54066,60.27137],[-123.53069,60.27571],[-123.51967,60.27937],[-123.50778,60.28228],[-123.49523,60.28439],[-123.48223,60.28568],[-123.469,60.28611]]]}},{"type":"Feature","properties":{"ident":"CYJN","name":"St Jean Airport","airport_type":"medium_airport","radius_km":5.6},"geometry":{"type":"Polygon","coordinates":[[[-73.2811,45.3447],[-73.27176,45.34427],[-73.26259,45.34299],[-73.25373,45.34088],[-73.24534,45.33797],[-73.23756,45.33431],[-73.23053,45.32997],[-73.22436,45.32502],[-73.21917,45.31955],[-73.21503,45.31365],[-73.21202,45.30742],[-73.2102,45.30097],[-73.20959,45.2944],[-73.2102,45.28783],[-73.21202,45.28138],[-73.21503,45.27515],[-73.21917,45.26925],[-73.22436,45.26378],[-73.23053,45.25883],[-73.23756,45.25449],[-73.24534,45.25083],[-73.25373,45.24792],[-73.26259,45.24581],[-73.27176,45.24452],[-73.2811,45.24409],[-73.29043,45.24452],[-73.29961,45.24581],[-73.30846,45.24792],[-73.31685,45.25083],[-73.32463,45.25449],[-73.33166,45.25883],[-73.33783,45.26378],[-73.34303,45.26925],[-73.34716,45.27515],[-73.35017,45.28138],[-73.352,45.28783],[-73.35261,45.2944],[-73.352,45.30097],[-73.35017,45.30742],[-73.34716,45.31365],[-73.34303,45.31955],[-73.33783,45.32502],[-73.33166,45.32997],[-73.32463,45.33431],[-73.31685,45.33797],[-73.30846,45.34088],[-73.29961,45.34299],[-73.29043,45.34427],[-73.2811,45.3447]]]}},{"type":"Feature","properties":{"ident":"CYKA","name":"Kamloops John Moose Fulton Field Regional Airport","airport_type":"medium_airport","radius_km":5.6},"geometry":{"type":"Polygon","coordinates":[[[-120.44864,50.75334],[-120.43827,50.75291],[-120.42808,50.75163],[-120.41824,50.74951],[-120.40893,50.7466],[-120.40029,50.74295],[-120.39248,50.73861],[-120.38563,50.73366],[-120.37985,50.72819],[-120.37526,50.72229],[-120.37192,50.71606],[-120.36989,50.7096],[-120.36921,50.70304],[-120.36989,50.69647],[-120.37192,50.69002],[-120.37526,50.68379],[-120.37985,50.67789],[-120.38563,50.67241],[-120.39248,50.66747],[-120.40029,50.66313],[-120.40893,50.65947],[-120.41824,50.65656],[-120.42808,50.65445],[-120.43827,50.65316],[-120.44864,50.65273],[-120.45901,50.65316],[-120.4692,50.65445],[-120.47904,50.65656],[-120.48836,50.65947],[-120.49699,50.66313],[-120.50481,50.66747],[-120.51166,50.67241],[-120.51743,50.67789],[-120.52202,50.68379],[-120.52536,50.69002],[-120.52739,50.69647],[-120.52807,50.70304],[-120.52739,50.7096],[-120.52536,50.71606],[-120.52202,50.72229],[-120.51743,50.72819],[-120.51166,50.73366],[-120.50481,50.73861],[-120.49699,50.74295],[-120.48836,50.7466],[-120.47904,50.74951],[-120.4692,50.75163],[-120.45901,50.75291],[-120.44864,50.75334]]]}},{"type":"Feature","properties":{"ident":"CYKF","name":"Region of Waterloo International Airport","airport_type":"medium_airport","radius_km":5.6},"geometry":{"type":"Polygon","coordinates":[[[-80.3786,43.51111],[-80.36955,43.51068],[-80.36066,43.50939],[-80.35208,43.50728],[-80.34395,43.50437],[-80.33641,43.50071],[-80.32959,43.49637],[-80.32362,43.49142],[-80.31858,43.48595],[-80.31457,43.48005],[-80.31166,43.47382],[-80.30989,43.46737],[-80.30929,43.4608],[-80.30989,43.45423],[-80.31166,43.44778],[-80.31457,43.44155],[-80.31858,43.43565],[-80.32362,43.43018],[-80.32959,43.42523],[-80.33641,43.42089],[-80.34395,43.41723],[-80.35208,43.41432],[-80.36066,43.41221],[-80.36955,43.41092],[-80.3786,43.41049],[-80.38765,43.41092],[-80.39654,43.41221],[-80.40512,43.41432],[-80.41325,43.41723],[-80.42079,43.42089],[-80.42761,43.42523],[-80.43359,43.43018],[-80.43862,43.43565],[-80.44263,43.44155],[-80.44555,43.44778],[-80.44731,43.45423],[-80.44791,43.4608],[-80.44731,43.46737],[-80.44555,43.47382],[-80.44263,43.48005],[-80.43862,43.48595],[-80.43359,43.49142],[-80.42761,43.49637],[-80.42079,43.50071],[-80.41325,43.50437],[-80.40512,43.50728],[-80.39654,43.50939],[-80.38765,43.51068],[-80.3786,43.51111]]]}},{"type":"Feature","properties":{"ident":"CYKJ","name":"Key Lake Airport","airport_type":"medium_airport","radius_km":5.6},"geometry":{"type":"Polygon","coordinates":[[[-105.618,57.30641],[-105.60586,57.30597],[-105.59392,57.30469],[-105.5824,57.30258],[-105.57149,57.29967],[-105.56138,57.29601],[-105.55223,57.29167],[-105.54421,57.28672],[-105.53745,57.28125],[-105.53207,57.27535],[-105.52816,57.26912],[-105.52579,57.26267],[-105.52499,57.2561],[-105.52579,57.24953],[-105.52816,57.24308],[-105.53207,57.23685],[-105.53745,57.23095],[-105.54421,57.22548],[-105.55223,57.22053],[-105.56138,57.21619],[-105.57149,57.21253],[-105.5824,57.20962],[-105.59392,57.20751],[-105.60586,57.20622],[-105.618,57.20579],[-105.63014,57.20622],[-105.64207,57.20751],[-105.65359,57.20962],[-105.6645,57.21253],[-105.67461,57.21619],[-105.68376,57.22053],[-105.69178,57.22548],[-105.69854,57.23095],[-105.70392,57.23685],[-105.70783,57.24308],[-105.71021,57.24953],[-105.711,57.2561],[-105.71021,57.26267],[-105.70783,57.26912],[-105.70392,57.27535],[-105.69854,57.28125],[-105.69178,57.28672],[-105.68376,57.29167],[-105.67461,57.29601],[-105.6645,57.29967],[-105.65359,57.30258],[-105.64207,57.30469],[-105.63014,57.30597],[-105.618,57.30641]]]}},{"type":"Feature","properties":{"ident":"CYKL","name":"Schefferville Airport","airport_type":"medium_airport","radius_km":5.6},"geometry":{"type":"Polygon","coordinates":[[[-66.8053,54.85561],[-66.79391,54.85518],[-66.78271,54.85389],[-66.7719,54.85178],[-66.76166,54.84887],[-66.75216,54.84521],[-66.74358,54.84087],[-66.73605,54.83593],[-66.72971,54.83045],[-66.72466,54.82455],[-66.72099,54.81832],[-66.71876,54.81187],[-66.71802,54.8053],[-66.71876,54.79874],[-66.72099,54.79228],[-66.72466,54.78605],[-66.72971,54.78015],[-66.73605,54.77468],[-66.74358,54.76973],[-66.75216,54.76539],[-66.76166,54.76174],[-66.7719,54.75883],[-66.78271,54.75671],[-66.79391,54.75543],[-66.8053,54.755],[-66.81669,54.75543],[-66.82789,54.75671],[-66.8387,54.75883],[-66.84894,54.76174],[-66.85843,54.76539],[-66.86702,54.76973],[-66.87454,54.77468],[-66.88089,54.78015],[-66.88594,54.78605],[-66.88961,54.79228],[-66.89183,54.79874],[-66.89258,54.8053],[-66.89183,54.81187],[-66.88961,54.81832],[-66.88594,54.82455],[-66.88089,54.83045],[-66.87454,54.83593],[-66.86702,54.84087],[-66.85843,54.84521],[-66.84894,54.84887],[-66.8387,54.85178],[-66.82789,54.85389],[-66.81669,54.85518],[-66.8053,54.85561]]]}},{"type":"Feature","properties":{"ident":"CYKM","name":"Kincardine Municipal Airport","airport_type":"medium_airport","radius_km":5.6},"geometry":{"type":"Polygon","coordinates":[[[-81.6067,44.25171],[-81.59754,44.25128],[-81.58854,44.24999],[-81.57984,44.24788],[-81.57161,44.24497],[-81.56398,44.24131],[-81.55708,44.23697],[-81.55103,44.23203],[-81.54593,44.22655],[-81.54187,44.22065],[-81.53892,44.21442],[-81.53713,44.20797],[-81.53653,44.2014],[-81.53713,44.19483],[-81.53892,44.18838],[-81.54187,44.18215],[-81.54593,44.17625],[-81.55103,44.17078],[-81.55708,44.16583],[-81.56398,44.16149],[-81.57161,44.15784],[-81.57984,44.15492],[-81.58854,44.15281],[-81.59754,44.15153],[-81.6067,44.1511],[-81.61586,44.15153],[-81.62486,44.15281],[-81.63355,44.15492],[-81.64178,44.15784],[-81.64941,44.16149],[-81.65632,44.16583],[-81.66237,44.17078],[-81.66747,44.17625],[-81.67153,44.18215],[-81.67448,44.18838],[-81.67627,44.19483],[-81.67687,44.2014],[-81.67627,44.20797],[-81.67448,44.21442],[-81.67153,44.22065],[-81.66747,44.22655],[-81.66237,44.23203],[-81.65632,44.23697],[-81.64941,44.24131],[-81.64178,44.24497],[-81.63355,44.24788],[-81.62486,44.24999],[-81.61586,44.25128],[-81.6067,44.25171]]]}},{"type":"Feature","properties":{"ident":"CYKX","name":"Kirkland Lake Airport","airport_type":"medium_airport","radius_km":5.6},"geometry":{"type":"Polygon","coordinates":[[[-79.9814,48.26061],[-79.97155,48.26018],[-79.96186,48.25889],[-79.95251,48.25678],[-79.94366,48.25387],[-79.93545,48.25021],[-79.92802,48.24587],[-79.92151,48.24092],[-79.91602,48.23545],[-79.91166,48.22955],[-79.90848,48.22332],[-79.90656,48.21687],[-79.90591,48.2103],[-79.90656,48.20373],[-79.90848,48.19728],[-79.91166,48.19105],[-79.91602,48.18515],[-79.92151,48.17968],[-79.92802,48.17473],[-79.93545,48.17039],[-79.94366,48.16673],[-79.95251,48.16382],[-79.96186,48.16171],[-79.97155,48.16043],[-79.9814,48.16],[-79.99125,48.16043],[-80.00094,48.16171],[-80.01029,48.16382],[-80.01914,48.16673],[-80.02735,48.17039],[-80.03478,48.17473],[-80.04129,48.17968],[-80.04677,48.18515],[-80.05114,48.19105],[-80.05432,48.19728],[-80.05624,48.20373],[-80.05689,48.2103],[-80.05624,48.21687],[-80.05432,48.22332],[-80.05114,48.22955],[-80.04677,48.23545],[-80.04129,48.24092],[-80.03478,48.24587],[-80.02735,48.25021],[-80.01914,48.25387],[-80.01029,48.25678],[-80.00094,48.25889],[-79.99125,48.26018],[-79.9814,48.26061]]]}},{"type":"Feature","properties":{"ident":"CYKY","name":"Kindersley Airport","airport_type":"medium_airport","radius_km":5.6},"geometry":{"type":"Polygon","coordinates":[[[-109.181,51.56781],[-109.17045,51.56738],[-109.16008,51.56609],[-109.15006,51.56398],[-109.14058,51.56107],[-109.13179,51.55741],[-109.12384,51.55307],[-109.11686,51.54813],[-109.11099,51.54265],[-109.10631,51.53675],[-109.10291,51.53052],[-109.10085,51.52407],[-109.10016,51.5175],[-109.10085,51.51094],[-109.10291,51.50448],[-109.10631,51.49825],[-109.11099,51.49235],[-109.11686,51.48688],[-109.12384,51.48193],[-109.13179,51.47759],[-109.14058,51.47394],[-109.15006,51.47103],[-109.16008,51.46891],[-109.17045,51.46763],[-109.181,51.4672],[-109.19155,51.46763],[-109.20192,51.46891],[-109.21194,51.47103],[-109.22142,51.47394],[-109.23021,51.47759],[-109.23816,51.48193],[-109.24514,51.48688],[-109.25101,51.49235],[-109.25569,51.49825],[-109.25909,51.50448],[-109.26115,51.51094],[-109.26184,51.5175],[-109.26115,51.52407],[-109.25909,51.53052],[-109.25569,51.53675],[-109.25101,51.54265],[-109.24514,51.54813],[-109.23816,51.55307],[-109.23021,51.55741],[-109.22142,51.56107],[-109.21194,51.56398],[-109.20192,51.56609],[-109.19155,51.56738],[-109.181,51.56781]]]}},{"type":"Feature","properties":{"ident":"CYLD","name":"Chapleau Airport","airport_type":"medium_airport","radius_km":5.6},"geometry":{"type":"Polygon","coordinates":[[[-83.3467,47.87031],[-83.33692,47.86987],[-83.32731,47.86859],[-83.31803,47.86648],[-83.30924,47.86357],[-83.30109,47.85991],[-83.29373,47.85557],[-83.28727,47.85062],[-83.28182,47.84515],[-83.27749,47.83925],[-83.27434,47.83302],[-83.27242,47.82657],[-83.27178,47.82],[-83.27242,47.81343],[-83.27434,47.80698],[-83.27749,47.80075],[-83.28182,47.79485],[-83.28727,47.78938],[-83.29373,47.78443],[-83.30109,47.78009],[-83.30924,47.77643],[-83.31803,47.77352],[-83.32731,47.77141],[-83.33692,47.77012],[-83.3467,47.76969],[-83.35648,47.77012],[-83.36609,47.77141],[-83.37537,47.77352],[-83.38416,47.77643],[-83.39231,47.78009],[-83.39968,47.78443],[-83.40614,47.78938],[-83.41158,47.79485],[-83.41592,47.80075],[-83.41907,47.80698],[-83.42098,47.81343],[-83.42162,47.82],[-83.42098,47.82657],[-83.41907,47.83302],[-83.41592,47.83925],[-83.41158,47.84515],[-83.40614,47.85062],[-83.39968,47.85557],[-83.39231,47.85991],[-83.38416,47.86357],[-83.37537,47.86648],[-83.36609,47.86859],[-83.35648,47.86987],[-83.3467,47.87031]]]}},{"type":"Feature","properties":{"ident":"CYLJ","name":"Meadow Lake Airport","airport_type":"medium_airport","radius_km":5.6},"geometry":{"type":"Polygon","coordinates":[[[-108.523,54.17561],[-108.5118,54.17518],[-108.50078,54.17389],[-108.49015,54.17178],[-108.48008,54.16887],[-108.47074,54.16521],[-108.4623,54.16087],[-108.4549,54.15593],[-108.44866,54.15045],[-108.44369,54.14455],[-108.44008,54.13832],[-108.43789,54.13187],[-108.43716,54.1253],[-108.43789,54.11874],[-108.44008,54.11228],[-108.44369,54.10605],[-108.44866,54.10015],[-108.4549,54.09468],[-108.4623,54.08973],[-108.47074,54.08539],[-108.48008,54.08174],[-108.49015,54.07883],[-108.50078,54.07671],[-108.5118,54.07543],[-108.523,54.075],[-108.53421,54.07543],[-108.54522,54.07671],[-108.55585,54.07883],[-108.56592,54.08174],[-108.57526,54.08539],[-108.5837,54.08973],[-108.59111,54.09468],[-108.59735,54.10015],[-108.60231,54.10605],[-108.60592,54.11228],[-108.60811,54.11874],[-108.60885,54.1253],[-108.60811,54.13187],[-108.60592,54.13832],[-108.60231,54.14455],[-108.59735,54.15045],[-108.59111,54.15593],[-108.5837,54.16087],[-108.57526,54.16521],[-108.56592,54.16887],[-108.55585,54.17178],[-108.54522,54.17389],[-108.53421,54.17518],[-108.523,54.17561]]]}},{"type":"Feature","properties":{"ident":"CYLL","name":"Lloydminster Airport","airport_type":"medium_airport","radius_km":5.6},"geometry":{"type":"Polygon","coordinates":[[[-110.073,53.35951],[-110.06201,53.35908],[-110.05121,53.35779],[-110.04078,53.35568],[-110.0309,53.35277],[-110.02174,53.34911],[-110.01346,53.34477],[-110.0062,53.33982],[-110.00008,53.33435],[-109.99521,53.32845],[-109.99167,53.32222],[-109.98952,53.31577],[-109.9888,53.3092],[-109.98952,53.30263],[-109.99167,53.29618],[-109.99521,53.28995],[-110.00008,53.28405],[-110.0062,53.27858],[-110.01346,53.27363],[-110.02174,53.26929],[-110.0309,53.26563],[-110.04078,53.26272],[-110.05121,53.26061],[-110.06201,53.25932],[-110.073,53.25889],[-110.08399,53.25932],[-110.09479,53.26061],[-110.10522,53.26272],[-110.11509,53.26563],[-110.12425,53.26929],[-110.13253,53.27363],[-110.13979,53.27858],[-110.14591,53.28405],[-110.15078,53.28995],[-110.15432,53.29618],[-110.15647,53.30263],[-110.15719,53.3092],[-110.15647,53.31577],[-110.15432,53.32222],[-110.15078,53.32845],[-110.14591,53.33435],[-110.13979,53.33982],[-110.13253,53.34477],[-110.12425,53.34911],[-110.11509,53.35277],[-110.10522,53.35568],[-110.09479,53.35779],[-110.08399,53.35908],[-110.073,53.35951]]]}},{"type":"Feature","properties":{"ident":"CYLR","name":"Leaf Rapids Airport","airport_type":"medium_airport","radius_km":5.6},"geometry":{"type":"Polygon","coordinates":[[[-99.9853,56.56361],[-99.9734,56.56318],[-99.9617,56.56189],[-99.95041,56.55978],[-99.93971,56.55687],[-99.92979,56.55321],[-99.92083,56.54887],[-99.91296,56.54393],[-99.90634,56.53845],[-99.90106,56.53255],[-99.89723,56.52632],[-99.8949,56.51987],[-99.89412,56.5133],[-99.8949,56.50674],[-99.89723,56.50028],[-99.90106,56.49405],[-99.90634,56.48815],[-99.91296,56.48268],[-99.92083,56.47773],[-99.92979,56.47339],[-99.93971,56.46974],[-99.95041,56.46683],[-99.9617,56.46471],[-99.9734,56.46343],[-99.9853,56.463],[-99.9972,56.46343],[-100.0089,56.46471],[-100.02019,56.46683],[-100.03089,56.46974],[-100.0408,56.47339],[-100.04977,56.47773],[-100.05763,56.48268],[-100.06426,56.48815],[-100.06953,56.49405],[-100.07337,56.50028],[-100.07569,56.50674],[-100.07647,56.5133],[-100.07569,56.51987],[-100.07337,56.52632],[-100.06953,56.53255],[-100.06426,56.53845],[-100.05763,56.54393],[-100.04977,56.54887],[-100.0408,56.55321],[-100.03089,56.55687],[-100.02019,56.55978],[-100.0089,56.56189],[-99.9972,56.56318],[-99.9853,56.56361]]]}},{"type":"Feature","properties":{"ident":"CYLS","name":"Barrie-Lake Simcoe Regional Airport","airport_type":"medium_airport","radius_km":5.6},"geometry":{"type":"Polygon","coordinates":[[[-79.55466,44.53536],[-79.54546,44.53493],[-79.53641,44.53365],[-79.52768,44.53153],[-79.51941,44.52862],[-79.51174,44.52497],[-79.5048,44.52063],[-79.49872,44.51568],[-79.4936,44.51021],[-79.48952,44.50431],[-79.48655,44.49808],[-79.48475,44.49162],[-79.48415,44.48506],[-79.48475,44.47849],[-79.48655,44.47204],[-79.48952,44.4658],[-79.4936,44.4599],[-79.49872,44.45443],[-79.5048,44.44948],[-79.51174,44.44515],[-79.51941,44.44149],[-79.52768,44.43858],[-79.53641,44.43646],[-79.54546,44.43518],[-79.55466,44.43475],[-79.56387,44.43518],[-79.57291,44.43646],[-79.58165,44.43858],[-79.58992,44.44149],[-79.59759,44.44515],[-79.60452,44.44948],[-79.6106,44.45443],[-79.61573,44.4599],[-79.61981,44.4658],[-79.62277,44.47204],[-79.62457,44.47849],[-79.62517,44.48506],[-79.62457,44.49162],[-79.62277,44.49808],[-79.61981,44.50431],[-79.61573,44.51021],[-79.6106,44.51568],[-79.60452,44.52063],[-79.59759,44.52497],[-79.58992,44.52862],[-79.58165,44.53153],[-79.57291,44.53365],[-79.56387,44.53493],[-79.55466,44.53536]]]}},{"type":"Feature","properties":{"ident":"CYLT","name":"Alert Airport","airport_type":"medium_airport","radius_km":5.6},"geometry":{"type":"Polygon","coordinates":[[[-62.28304,82.56757],[-62.23262,82.56714],[-62.18306,82.56585],[-62.13521,82.56374],[-62.08989,82.56083],[-62.04788,82.55717],[-62.00989,82.55283],[-61.97657,82.54789],[-61.9485,82.54242],[-61.92615,82.53651],[-61.90991,82.53028],[-61.90005,82.52383],[-61.89675,82.51726],[-61.90005,82.5107],[-61.90991,82.50424],[-61.92615,82.49801],[-61.9485,82.49211],[-61.97657,82.48664],[-62.00989,82.48169],[-62.04788,82.47735],[-62.08989,82.4737],[-62.13521,82.47079],[-62.18306,82.46867],[-62.23262,82.46739],[-62.28304,82.46696],[-62.33346,82.46739],[-62.38302,82.46867],[-62.43086,82.47079],[-62.47618,82.4737],[-62.51819,82.47735],[-62.55618,82.48169],[-62.5895,82.48664],[-62.61757,82.49211],[-62.63992,82.49801],[-62.65616,82.50424],[-62.66602,82.5107],[-62.66933,82.51726],[-62.66602,82.52383],[-62.65616,82.53028],[-62.63992,82.53651],[-62.61757,82.54242],[-62.5895,82.54789],[-62.55618,82.55283],[-62.51819,82.55717],[-62.47618,82.56083],[-62.43086,82.56374],[-62.38302,82.56585],[-62.33346,82.56714],[-62.28304,82.56757]]]}},{"type":"Feature","properties":{"ident":"CYLW","name":"Kelowna International Airport","airport_type":"large_airport","radius_km":5.6},"geometry":{"type":"Polygon","coordinates":[[[-119.378,50.00641],[-119.36779,50.00598],[-119.35776,50.00469],[-119.34808,50.00258],[-119.3389,49.99967],[-119.3304,49.99601],[-119.32271,49.99167],[-119.31597,49.98672],[-119.31028,49.98125],[-119.30576,49.97535],[-119.30247,49.96912],[-119.30048,49.96267],[-119.29981,49.9561],[-119.30048,49.94953],[-119.30247,49.94308],[-119.30576,49.93685],[-119.31028,49.93095],[-119.31597,49.92548],[-119.32271,49.92053],[-119.3304,49.91619],[-119.3389,49.91253],[-119.34808,49.90962],[-119.35776,49.90751],[-119.36779,49.90622],[-119.378,49.90579],[-119.3882,49.90622],[-119.39824,49.90751],[-119.40792,49.90962],[-119.41709,49.91253],[-119.4256,49.91619],[-119.43329,49.92053],[-119.44003,49.92548],[-119.44571,49.93095],[-119.45024,49.93685],[-119.45352,49.94308],[-119.45552,49.94953],[-119.45619,49.9561],[-119.45552,49.96267],[-119.45352,49.96912],[-119.45024,49.97535],[-119.44571,49.98125],[-119.44003,49.98672],[-119.43329,49.99167],[-119.4256,49.99601],[-119.41709,49.99967],[-119.40792,50.00258],[-119.39824,50.00469],[-119.3882,50.00598],[-119.378,50.00641]]]}},{"type":"Feature","properties":{"ident":"CYMA","name":"Mayo Airport","airport_type":"medium_airport","radius_km":5.6},"geometry":{"type":"Polygon","coordinates":[[[-135.868,63.66671],[-135.85322,63.66628],[-135.8387,63.66499],[-135.82467,63.66288],[-135.81139,63.65997],[-135.79908,63.65631],[-135.78795,63.65197],[-135.77819,63.64703],[-135.76996,63.64155],[-135.76341,63.63565],[-135.75865,63.62942],[-135.75576,63.62297],[-135.75479,63.6164],[-135.75576,63.60984],[-135.75865,63.60338],[-135.76341,63.59715],[-135.76996,63.59125],[-135.77819,63.58578],[-135.78795,63.58083],[-135.79908,63.57649],[-135.81139,63.57284],[-135.82467,63.56993],[-135.8387,63.56781],[-135.85322,63.56653],[-135.868,63.5661],[-135.88277,63.56653],[-135.8973,63.56781],[-135.91132,63.56993],[-135.9246,63.57284],[-135.93691,63.57649],[-135.94804,63.58083],[-135.95781,63.58578],[-135.96603,63.59125],[-135.97258,63.59715],[-135.97734,63.60338],[-135.98023,63.60984],[-135.9812,63.6164],[-135.98023,63.62297],[-135.97734,63.62942],[-135.97258,63.63565],[-135.96603,63.64155],[-135.95781,63.64703],[-135.94804,63.65197],[-135.93691,63.65631],[-135.9246,63.65997],[-135.91132,63.66288],[-135.8973,63.66499],[-135.88277,63.66628],[-135.868,63.66671]]]}},{"type":"Feature","properties":{"ident":"CYME","name":"Matane Airport","airport_type":"medium_airport","radius_km":5.6},"geometry":{"type":"Polygon","coordinates":[[[-67.4533,48.9072],[-67.44332,48.90677],[-67.43351,48.90549],[-67.42404,48.90338],[-67.41507,48.90047],[-67.40676,48.89681],[-67.39924,48.89247],[-67.39264,48.88752],[-67.38709,48.88205],[-67.38266,48.87615],[-67.37945,48.86992],[-67.3775,48.86347],[-67.37684,48.8569],[-67.3775,48.85033],[-67.37945,48.84388],[-67.38266,48.83765],[-67.38709,48.83175],[-67.39264,48.82628],[-67.39924,48.82133],[-67.40676,48.81699],[-67.41507,48.81333],[-67.42404,48.81042],[-67.43351,48.80831],[-67.44332,48.80702],[-67.4533,48.80659],[-67.46328,48.80702],[-67.47309,48.80831],[-67.48256,48.81042],[-67.49153,48.81333],[-67.49985,48.81699],[-67.50736,48.82133],[-67.51396,48.82628],[-67.51952,48.83175],[-67.52394,48.83765],[-67.52715,48.84388],[-67.52911,48.85033],[-67.52976,48.8569],[-67.52911,48.86347],[-67.52715,48.86992],[-67.52394,48.87615],[-67.51952,48.88205],[-67.51396,48.88752],[-67.50736,48.89247],[-67.49985,48.89681],[-67.49153,48.90047],[-67.48256,48.90338],[-67.47309,48.90549],[-67.46328,48.90677],[-67.4533,48.9072]]]}},{"type":"Feature","properties":{"ident":"CYMG","name":"Manitouwadge Airport","airport_type":"medium_airport","radius_km":5.6},"geometry":{"type":"Polygon","coordinates":[[[-85.8606,49.13421],[-85.85058,49.13378],[-85.84072,49.13249],[-85.83121,49.13038],[-85.8222,49.12747],[-85.81385,49.12381],[-85.80629,49.11947],[-85.79967,49.11452],[-85.79409,49.10905],[-85.78964,49.10315],[-85.78641,49.09692],[-85.78445,49.09047],[-85.7838,49.0839],[-85.78445,49.07733],[-85.78641,49.07088],[-85.78964,49.06465],[-85.79409,49.05875],[-85.79967,49.05328],[-85.80629,49.04833],[-85.81385,49.04399],[-85.8222,49.04033],[-85.83121,49.03742],[-85.84072,49.03531],[-85.85058,49.03403],[-85.8606,49.0336],[-85.87063,49.03403],[-85.88048,49.03531],[-85.89,49.03742],[-85.89901,49.04033],[-85.90736,49.04399],[-85.91491,49.04833],[-85.92154,49.05328],[-85.92712,49.05875],[-85.93156,49.06465],[-85.93479,49.07088],[-85.93675,49.07733],[-85.93741,49.0839],[-85.93675,49.09047],[-85.93479,49.09692],[-85.93156,49.10315],[-85.92712,49.10905],[-85.92154,49.11452],[-85.91491,49.11947],[-85.90736,49.12381],[-85.89901,49.12747],[-85.89,49.13038],[-85.88048,49.13249],[-85.87063,49.13378],[-85.8606,49.13421]]]}},{"type":"Feature","properties":{"ident":"CYMJ","name":"Moose Jaw Air Vice Marshal C. M. McEwen Airport","airport_type":"medium_airport","radius_km":5.6},"geometry":{"type":"Polygon","coordinates":[[[-105.559,50.3806],[-105.54871,50.38017],[-105.5386,50.37889],[-105.52884,50.37678],[-105.5196,50.37387],[-105.51103,50.37021],[-105.50328,50.36587],[-105.49648,50.36092],[-105.49075,50.35545],[-105.48619,50.34955],[-105.48288,50.34332],[-105.48087,50.33687],[-105.48019,50.3303],[-105.48087,50.32373],[-105.48288,50.31728],[-105.48619,50.31105],[-105.49075,50.30515],[-105.49648,50.29968],[-105.50328,50.29473],[-105.51103,50.29039],[-105.5196,50.28673],[-105.52884,50.28382],[-105.5386,50.28171],[-105.54871,50.28042],[-105.559,50.27999],[-105.56928,50.28042],[-105.57939,50.28171],[-105.58916,50.28382],[-105.5984,50.28673],[-105.60697,50.29039],[-105.61472,50.29473],[-105.62152,50.29968],[-105.62724,50.30515],[-105.6318,50.31105],[-105.63512,50.31728],[-105.63713,50.32373],[-105.6378,50.3303],[-105.63713,50.33687],[-105.63512,50.34332],[-105.6318,50.34955],[-105.62724,50.35545],[-105.62152,50.36092],[-105.61472,50.36587],[-105.60697,50.37021],[-105.5984,50.37387],[-105.58916,50.37678],[-105.57939,50.37889],[-105.56928,50.38017],[-105.559,50.3806]]]}},{"type":"Feature","properties":{"ident":"CYML","name":"Charlevoix Airport","airport_type":"medium_airport","radius_km":5.6},"geometry":{"type":"Polygon","coordinates":[[[-70.2239,47.64781],[-70.21416,47.64737],[-70.20459,47.64609],[-70.19535,47.64398],[-70.1866,47.64107],[-70.17849,47.63741],[-70.17115,47.63307],[-70.16472,47.62812],[-70.15929,47.62265],[-70.15498,47.61675],[-70.15184,47.61052],[-70.14994,47.60407],[-70.1493,47.5975],[-70.14994,47.59093],[-70.15184,47.58448],[-70.15498,47.57825],[-70.15929,47.57235],[-70.16472,47.56688],[-70.17115,47.56193],[-70.17849,47.55759],[-70.1866,47.55393],[-70.19535,47.55102],[-70.20459,47.54891],[-70.21416,47.54762],[-70.2239,47.54719],[-70.23364,47.54762],[-70.24321,47.54891],[-70.25245,47.55102],[-70.2612,47.55393],[-70.26931,47.55759],[-70.27665,47.56193],[-70.28308,47.56688],[-70.28851,47.57235],[-70.29282,47.57825],[-70.29596,47.58448],[-70.29786,47.59093],[-70.2985,47.5975],[-70.29786,47.60407],[-70.29596,47.61052],[-70.29282,47.61675],[-70.28851,47.62265],[-70.28308,47.62812],[-70.27665,47.63307],[-70.26931,47.63741],[-70.2612,47.64107],[-70.25245,47.64398],[-70.24321,47.64609],[-70.23364,47.64737],[-70.2239,47.64781]]]}},{"type":"Feature","properties":{"ident":"CYMM","name":"Fort McMurray International Airport","airport_type":"medium_airport","radius_km":5.6},"geometry":{"type":"Polygon","coordinates":[[[-111.222,56.70361],[-111.21006,56.70318],[-111.19831,56.70189],[-111.18698,56.69978],[-111.17624,56.69687],[-111.16629,56.69321],[-111.15729,56.68887],[-111.1494,56.68393],[-111.14275,56.67845],[-111.13745,56.67255],[-111.1336,56.66632],[-111.13127,56.65987],[-111.13049,56.6533],[-111.13127,56.64673],[-111.1336,56.64028],[-111.13745,56.63405],[-111.14275,56.62815],[-111.1494,56.62268],[-111.15729,56.61773],[-111.16629,56.61339],[-111.17624,56.60974],[-111.18698,56.60682],[-111.19831,56.60471],[-111.21006,56.60343],[-111.222,56.603],[-111.23394,56.60343],[-111.24569,56.60471],[-111.25702,56.60682],[-111.26776,56.60974],[-111.27771,56.61339],[-111.28671,56.61773],[-111.2946,56.62268],[-111.30125,56.62815],[-111.30655,56.63405],[-111.3104,56.64028],[-111.31273,56.64673],[-111.31351,56.6533],[-111.31273,56.65987],[-111.3104,56.66632],[-111.30655,56.67255],[-111.30125,56.67845],[-111.2946,56.68393],[-111.28671,56.68887],[-111.27771,56.69321],[-111.26776,56.69687],[-111.25702,56.69978],[-111.24569,56.70189],[-111.23394,56.70318],[-111.222,56.70361]]]}},{"type":"Feature","properties":{"ident":"CYMO","name":"Moosonee Airport","airport_type":"medium_airport","radius_km":5.6},"geometry":{"type":"Polygon","coordinates":[[[-80.6078,51.3414],[-80.5973,51.34097],[-80.58698,51.33969],[-80.57702,51.33758],[-80.56758,51.33467],[-80.55883,51.33101],[-80.55092,51.32667],[-80.54398,51.32172],[-80.53814,51.31625],[-80.53348,51.31035],[-80.5301,51.30412],[-80.52805,51.29767],[-80.52736,51.2911],[-80.52805,51.28453],[-80.5301,51.27808],[-80.53348,51.27185],[-80.53814,51.26595],[-80.54398,51.26048],[-80.55092,51.25553],[-80.55883,51.25119],[-80.56758,51.24753],[-80.57702,51.24462],[-80.58698,51.24251],[-80.5973,51.24122],[-80.6078,51.24079],[-80.6183,51.24122],[-80.62862,51.24251],[-80.63859,51.24462],[-80.64802,51.24753],[-80.65677,51.25119],[-80.66468,51.25553],[-80.67162,51.26048],[-80.67747,51.26595],[-80.68212,51.27185],[-80.6855,51.27808],[-80.68756,51.28453],[-80.68825,51.2911],[-80.68756,51.29767],[-80.6855,51.30412],[-80.68212,51.31035],[-80.67747,51.31625],[-80.67162,51.32172],[-80.66468,51.32667],[-80.65677,51.33101],[-80.64802,51.33467],[-80.63859,51.33758],[-80.62862,51.33969],[-80.6183,51.34097],[-80.6078,51.3414]]]}},{"type":"Feature","properties":{"ident":"CYMT","name":"Chapais Airport","airport_type":"medium_airport","radius_km":5.6},"geometry":{"type":"Polygon","coordinates":[[[-74.5281,49.82221],[-74.51793,49.82178],[-74.50794,49.82049],[-74.49829,49.81838],[-74.48915,49.81547],[-74.48068,49.81181],[-74.47302,49.80747],[-74.4663,49.80252],[-74.46064,49.79705],[-74.45614,49.79115],[-74.45286,49.78492],[-74.45087,49.77847],[-74.45021,49.7719],[-74.45087,49.76533],[-74.45286,49.75888],[-74.45614,49.75265],[-74.46064,49.74675],[-74.4663,49.74128],[-74.47302,49.73633],[-74.48068,49.73199],[-74.48915,49.72833],[-74.49829,49.72542],[-74.50794,49.72331],[-74.51793,49.72203],[-74.5281,49.72159],[-74.53827,49.72203],[-74.54826,49.72331],[-74.55791,49.72542],[-74.56705,49.72833],[-74.57552,49.73199],[-74.58318,49.73633],[-74.5899,49.74128],[-74.59556,49.74675],[-74.60006,49.75265],[-74.60334,49.75888],[-74.60533,49.76533],[-74.60599,49.7719],[-74.60533,49.77847],[-74.60334,49.78492],[-74.60006,49.79115],[-74.59556,49.79705],[-74.5899,49.80252],[-74.58318,49.80747],[-74.57552,49.81181],[-74.56705,49.81547],[-74.55791,49.81838],[-74.54826,49.82049],[-74.53827,49.82178],[-74.5281,49.82221]]]}},{"type":"Feature","properties":{"ident":"CYMX","name":"Montreal Mirabel International Airport","airport_type":"medium_airport","radius_km":5.6},"geometry":{"type":"Polygon","coordinates":[[[-74.0387,45.72981],[-74.0293,45.72938],[-74.02006,45.72809],[-74.01114,45.72598],[-74.0027,45.72307],[-73.99486,45.71941],[-73.98778,45.71507],[-73.98157,45.71013],[-73.97634,45.70465],[-73.97218,45.69875],[-73.96915,45.69252],[-73.96731,45.68607],[-73.96669,45.6795],[-73.96731,45.67293],[-73.96915,45.66648],[-73.97218,45.66025],[-73.97634,45.65435],[-73.98157,45.64888],[-73.98778,45.64393],[-73.99486,45.63959],[-74.0027,45.63594],[-74.01114,45.63302],[-74.02006,45.63091],[-74.0293,45.62963],[-74.0387,45.6292],[-74.04809,45.62963],[-74.05733,45.63091],[-74.06625,45.63302],[-74.0747,45.63594],[-74.08253,45.63959],[-74.08961,45.64393],[-74.09582,45.64888],[-74.10105,45.65435],[-74.10522,45.66025],[-74.10824,45.66648],[-74.11008,45.67293],[-74.1107,45.6795],[-74.11008,45.68607],[-74.10824,45.69252],[-74.10522,45.69875],[-74.10105,45.70465],[-74.09582,45.71013],[-74.08961,45.71507],[-74.08253,45.71941],[-74.0747,45.72307],[-74.06625,45.72598],[-74.05733,45.72809],[-74.04809,45.72938],[-74.0387,45.72981]]]}},{"type":"Feature","properties":{"ident":"CYNA","name":"Natashquan Airport","airport_type":"medium_airport","radius_km":5.6},"geometry":{"type":"Polygon","coordinates":[[[-61.78898,50.24042],[-61.77872,50.23999],[-61.76864,50.23871],[-61.75891,50.23659],[-61.74969,50.23368],[-61.74115,50.23002],[-61.73342,50.22569],[-61.72664,50.22074],[-61.72093,50.21527],[-61.71639,50.20937],[-61.71308,50.20313],[-61.71108,50.19668],[-61.71041,50.19011],[-61.71108,50.18355],[-61.71308,50.17709],[-61.71639,50.17086],[-61.72093,50.16496],[-61.72664,50.15949],[-61.73342,50.15454],[-61.74115,50.1502],[-61.74969,50.14655],[-61.75891,50.14364],[-61.76864,50.14152],[-61.77872,50.14024],[-61.78898,50.13981],[-61.79924,50.14024],[-61.80932,50.14152],[-61.81905,50.14364],[-61.82827,50.14655],[-61.83681,50.1502],[-61.84454,50.15454],[-61.85132,50.15949],[-61.85703,50.16496],[-61.86157,50.17086],[-61.86488,50.17709],[-61.86688,50.18355],[-61.86755,50.19011],[-61.86688,50.19668],[-61.86488,50.20313],[-61.86157,50.20937],[-61.85703,50.21527],[-61.85132,50.22074],[-61.84454,50.22569],[-61.83681,50.23002],[-61.82827,50.23368],[-61.81905,50.23659],[-61.80932,50.23871],[-61.79924,50.23999],[-61.78898,50.24042]]]}},{"type":"Feature","properties":{"ident":"CYND","name":"Ottawa / Gatineau Airport","airport_type":"medium_airport","radius_km":5.6},"geometry":{"type":"Polygon","coordinates":[[[-75.5636,45.57201],[-75.55423,45.57158],[-75.54502,45.57029],[-75.53612,45.56818],[-75.5277,45.56527],[-75.51989,45.56161],[-75.51283,45.55727],[-75.50664,45.55233],[-75.50142,45.54685],[-75.49727,45.54095],[-75.49425,45.53472],[-75.49241,45.52827],[-75.4918,45.5217],[-75.49241,45.51514],[-75.49425,45.50868],[-75.49727,45.50245],[-75.50142,45.49655],[-75.50664,45.49108],[-75.51283,45.48613],[-75.51989,45.48179],[-75.5277,45.47814],[-75.53612,45.47523],[-75.54502,45.47311],[-75.55423,45.47183],[-75.5636,45.4714],[-75.57297,45.47183],[-75.58218,45.47311],[-75.59108,45.47523],[-75.5995,45.47814],[-75.60731,45.48179],[-75.61437,45.48613],[-75.62056,45.49108],[-75.62578,45.49655],[-75.62993,45.50245],[-75.63295,45.50868],[-75.63478,45.51514],[-75.6354,45.5217],[-75.63478,45.52827],[-75.63295,45.53472],[-75.62993,45.54095],[-75.62578,45.54685],[-75.62056,45.55233],[-75.61437,45.55727],[-75.60731,45.56161],[-75.5995,45.56527],[-75.59108,45.56818],[-75.58218,45.57029],[-75.57297,45.57158],[-75.5636,45.57201]]]}},{"type":"Feature","properties":{"ident":"CYNJ","name":"Langley Airport","airport_type":"medium_airport","radius_km":5.6},"geometry":{"type":"Polygon","coordinates":[[[-122.631,49.15111],[-122.62097,49.15068],[-122.61111,49.14939],[-122.60159,49.14728],[-122.59258,49.14437],[-122.58422,49.14071],[-122.57667,49.13637],[-122.57004,49.13142],[-122.56446,49.12595],[-122.56001,49.12005],[-122.55678,49.11382],[-122.55482,49.10737],[-122.55416,49.1008],[-122.55482,49.09423],[-122.55678,49.08778],[-122.56001,49.08155],[-122.56446,49.07565],[-122.57004,49.07018],[-122.57667,49.06523],[-122.58422,49.06089],[-122.59258,49.05723],[-122.60159,49.05432],[-122.61111,49.05221],[-122.62097,49.05092],[-122.631,49.05049],[-122.64103,49.05092],[-122.65088,49.05221],[-122.6604,49.05432],[-122.66941,49.05723],[-122.67777,49.06089],[-122.68533,49.06523],[-122.69195,49.07018],[-122.69754,49.07565],[-122.70198,49.08155],[-122.70521,49.08778],[-122.70717,49.09423],[-122.70783,49.1008],[-122.70717,49.10737],[-122.70521,49.11382],[-122.70198,49.12005],[-122.69754,49.12595],[-122.69195,49.13142],[-122.68533,49.13637],[-122.67777,49.14071],[-122.66941,49.14437],[-122.6604,49.14728],[-122.65088,49.14939],[-122.64103,49.15068],[-122.631,49.15111]]]}},{"type":"Feature","properties":{"ident":"CYNL","name":"Points North Landing Airport","airport_type":"medium_airport","radius_km":5.6},"geometry":{"type":"Polygon","coordinates":[[[-104.082,58.327],[-104.06951,58.32657],[-104.05724,58.32529],[-104.04539,58.32318],[-104.03417,58.32026],[-104.02376,58.31661],[-104.01435,58.31227],[-104.0061,58.30732],[-103.99915,58.30185],[-103.99361,58.29595],[-103.98959,58.28972],[-103.98715,58.28327],[-103.98633,58.2767],[-103.98715,58.27013],[-103.98959,58.26368],[-103.99361,58.25745],[-103.99915,58.25155],[-104.0061,58.24608],[-104.01435,58.24113],[-104.02376,58.23679],[-104.03417,58.23313],[-104.04539,58.23022],[-104.05724,58.22811],[-104.06951,58.22682],[-104.082,58.22639],[-104.09449,58.22682],[-104.10676,58.22811],[-104.11861,58.23022],[-104.12984,58.23313],[-104.14024,58.23679],[-104.14965,58.24113],[-104.1579,58.24608],[-104.16485,58.25155],[-104.17039,58.25745],[-104.17441,58.26368],[-104.17685,58.27013],[-104.17767,58.2767],[-104.17685,58.28327],[-104.17441,58.28972],[-104.17039,58.29595],[-104.16485,58.30185],[-104.1579,58.30732],[-104.14965,58.31227],[-104.14024,58.31661],[-104.12984,58.32026],[-104.11861,58.32318],[-104.10676,58.32529],[-104.09449,58.32657],[-104.082,58.327]]]}},{"type":"Feature","properties":{"ident":"CYNM","name":"Matagami Airport","airport_type":"medium_airport","radius_km":5.6},"geometry":{"type":"Polygon","coordinates":[[[-77.8028,49.81201],[-77.79264,49.81157],[-77.78265,49.81029],[-77.773,49.80818],[-77.76387,49.80527],[-77.7554,49.80161],[-77.74774,49.79727],[-77.74102,49.79232],[-77.73536,49.78685],[-77.73085,49.78095],[-77.72758,49.77472],[-77.72559,49.76827],[-77.72493,49.7617],[-77.72559,49.75513],[-77.72758,49.74868],[-77.73085,49.74245],[-77.73536,49.73655],[-77.74102,49.73108],[-77.74774,49.72613],[-77.7554,49.72179],[-77.76387,49.71813],[-77.773,49.71522],[-77.78265,49.71311],[-77.79264,49.71182],[-77.8028,49.71139],[-77.81297,49.71182],[-77.82296,49.71311],[-77.8326,49.71522],[-77.84174,49.71813],[-77.85021,49.72179],[-77.85787,49.72613],[-77.86459,49.73108],[-77.87025,49.73655],[-77.87475,49.74245],[-77.87803,49.74868],[-77.88001,49.75513],[-77.88068,49.7617],[-77.88001,49.76827],[-77.87803,49.77472],[-77.87475,49.78095],[-77.87025,49.78685],[-77.86459,49.79232],[-77.85787,49.79727],[-77.85021,49.80161],[-77.84174,49.80527],[-77.8326,49.80818],[-77.82296,49.81029],[-77.81297,49.81157],[-77.8028,49.81201]]]}},{"type":"Feature","properties":{"ident":"CYNN","name":"Nejanilini Lake Airport","airport_type":"medium_airport","radius_km":5.6},"geometry":{"type":"Polygon","coordinates":[[[-97.7803,59.5378],[-97.76736,59.53737],[-97.75465,59.53609],[-97.74238,59.53398],[-97.73076,59.53107],[-97.71998,59.52741],[-97.71024,59.52307],[-97.70169,59.51812],[-97.69449,59.51265],[-97.68876,59.50675],[-97.68459,59.50052],[-97.68206,59.49407],[-97.68122,59.4875],[-97.68206,59.48093],[-97.68459,59.47448],[-97.68876,59.46825],[-97.69449,59.46235],[-97.70169,59.45688],[-97.71024,59.45193],[-97.71998,59.44759],[-97.73076,59.44393],[-97.74238,59.44102],[-97.75465,59.43891],[-97.76736,59.43762],[-97.7803,59.43719],[-97.79323,59.43762],[-97.80594,59.43891],[-97.81821,59.44102],[-97.82984,59.44393],[-97.84061,59.44759],[-97.85036,59.45193],[-97.8589,59.45688],[-97.8661,59.46235],[-97.87183,59.46825],[-97.876,59.47448],[-97.87853,59.48093],[-97.87938,59.4875],[-97.87853,59.49407],[-97.876,59.50052],[-97.87183,59.50675],[-97.8661,59.51265],[-97.8589,59.51812],[-97.85036,59.52307],[-97.84061,59.52741],[-97.82984,59.53107],[-97.81821,59.53398],[-97.80594,59.53609],[-97.79323,59.53737],[-97.7803,59.5378]]]}},{"type":"Feature","properties":{"ident":"CYOA","name":"Ekati Airport","airport_type":"medium_airport","radius_km":5.6},"geometry":{"type":"Polygon","coordinates":[[[-110.615,64.7492],[-110.59963,64.74877],[-110.58453,64.74749],[-110.56995,64.74537],[-110.55614,64.74246],[-110.54334,64.73881],[-110.53177,64.73447],[-110.52161,64.72952],[-110.51306,64.72405],[-110.50625,64.71815],[-110.5013,64.71192],[-110.4983,64.70546],[-110.49729,64.6989],[-110.4983,64.69233],[-110.5013,64.68588],[-110.50625,64.67965],[-110.51306,64.67375],[-110.52161,64.66827],[-110.53177,64.66333],[-110.54334,64.65899],[-110.55614,64.65533],[-110.56995,64.65242],[-110.58453,64.65031],[-110.59963,64.64902],[-110.615,64.64859],[-110.63036,64.64902],[-110.64546,64.65031],[-110.66004,64.65242],[-110.67385,64.65533],[-110.68665,64.65899],[-110.69823,64.66333],[-110.70838,64.66827],[-110.71694,64.67375],[-110.72375,64.67965],[-110.72869,64.68588],[-110.7317,64.69233],[-110.73271,64.6989],[-110.7317,64.70546],[-110.72869,64.71192],[-110.72375,64.71815],[-110.71694,64.72405],[-110.70838,64.72952],[-110.69823,64.73447],[-110.68665,64.73881],[-110.67385,64.74246],[-110.66004,64.74537],[-110.64546,64.74749],[-110.63036,64.74877],[-110.615,64.7492]]]}},{"type":"Feature","properties":{"ident":"CYOD","name":"CFB Cold Lake","airport_type":"medium_airport","radius_km":5.6},"geometry":{"type":"Polygon","coordinates":[[[-110.279,54.4553],[-110.26772,54.45487],[-110.25663,54.45359],[-110.24592,54.45147],[-110.23579,54.44856],[-110.22639,54.44491],[-110.21789,54.44057],[-110.21043,54.43562],[-110.20415,54.43015],[-110.19915,54.42425],[-110.19552,54.41802],[-110.19331,54.41156],[-110.19257,54.405],[-110.19331,54.39843],[-110.19552,54.39198],[-110.19915,54.38575],[-110.20415,54.37985],[-110.21043,54.37437],[-110.21789,54.36943],[-110.22639,54.36509],[-110.23579,54.36143],[-110.24592,54.35852],[-110.25663,54.35641],[-110.26772,54.35512],[-110.279,54.35469],[-110.29028,54.35512],[-110.30137,54.35641],[-110.31207,54.35852],[-110.32221,54.36143],[-110.33161,54.36509],[-110.34011,54.36943],[-110.34757,54.37437],[-110.35385,54.37985],[-110.35885,54.38575],[-110.36248,54.39198],[-110.36469,54.39843],[-110.36543,54.405],[-110.36469,54.41156],[-110.36248,54.41802],[-110.35885,54.42425],[-110.35385,54.43015],[-110.34757,54.43562],[-110.34011,54.44057],[-110.33161,54.44491],[-110.32221,54.44856],[-110.31207,54.45147],[-110.30137,54.45359],[-110.29028,54.45487],[-110.279,54.4553]]]}},{"type":"Feature","properties":{"ident":"CYOJ","name":"High Level Airport","airport_type":"medium_airport","radius_km":5.6},"geometry":{"type":"Polygon","coordinates":[[[-117.165,58.6717],[-117.15239,58.67127],[-117.14,58.66999],[-117.12803,58.66788],[-117.11669,58.66496],[-117.10619,58.66131],[-117.09669,58.65697],[-117.08835,58.65202],[-117.08133,58.64655],[-117.07574,58.64065],[-117.07168,58.63442],[-117.06921,58.62797],[-117.06839,58.6214],[-117.06921,58.61483],[-117.07168,58.60838],[-117.07574,58.60215],[-117.08133,58.59625],[-117.08835,58.59077],[-117.09669,58.58583],[-117.10619,58.58149],[-117.11669,58.57783],[-117.12803,58.57492],[-117.14,58.57281],[-117.15239,58.57152],[-117.165,58.57109],[-117.17761,58.57152],[-117.19001,58.57281],[-117.20197,58.57492],[-117.21331,58.57783],[-117.22382,58.58149],[-117.23332,58.58583],[-117.24165,58.59077],[-117.24867,58.59625],[-117.25426,58.60215],[-117.25832,58.60838],[-117.26079,58.61483],[-117.26161,58.6214],[-117.26079,58.62797],[-117.25832,58.63442],[-117.25426,58.64065],[-117.24867,58.64655],[-117.24165,58.65202],[-117.23332,58.65697],[-117.22382,58.66131],[-117.21331,58.66496],[-117.20197,58.66788],[-117.19001,58.66999],[-117.17761,58.67127],[-117.165,58.6717]]]}},{"type":"Feature","properties":{"ident":"CYOO","name":"Oshawa Executive Airport","airport_type":"medium_airport","radius_km":5.6},"geometry":{"type":"Polygon","coordinates":[[[-78.895,43.9731],[-78.88588,43.97267],[-78.87692,43.97139],[-78.86827,43.96927],[-78.86008,43.96636],[-78.85248,43.96271],[-78.84561,43.95837],[-78.83959,43.95342],[-78.83451,43.94795],[-78.83047,43.94205],[-78.82753,43.93582],[-78.82575,43.92936],[-78.82516,43.9228],[-78.82575,43.91623],[-78.82753,43.90978],[-78.83047,43.90355],[-78.83451,43.89765],[-78.83959,43.89217],[-78.84561,43.88723],[-78.85248,43.88289],[-78.86008,43.87923],[-78.86827,43.87632],[-78.87692,43.87421],[-78.88588,43.87292],[-78.895,43.87249],[-78.90411,43.87292],[-78.91307,43.87421],[-78.92172,43.87632],[-78.92992,43.87923],[-78.93751,43.88289],[-78.94438,43.88723],[-78.95041,43.89217],[-78.95548,43.89765],[-78.95952,43.90355],[-78.96246,43.90978],[-78.96424,43.91623],[-78.96484,43.9228],[-78.96424,43.92936],[-78.96246,43.93582],[-78.95952,43.94205],[-78.95548,43.94795],[-78.95041,43.95342],[-78.94438,43.95837],[-78.93751,43.96271],[-78.92992,43.96636],[-78.92172,43.96927],[-78.91307,43.97139],[-78.90411,43.97267],[-78.895,43.9731]]]}},{"type":"Feature","properties":{"ident":"CYOP","name":"Rainbow Lake Airport","airport_type":"medium_airport","radius_km":5.6},"geometry":{"type":"Polygon","coordinates":[[[-119.408,58.54171],[-119.39543,58.54128],[-119.38308,58.53999],[-119.37116,58.53788],[-119.35987,58.53497],[-119.3494,58.53131],[-119.33993,58.52697],[-119.33163,58.52203],[-119.32464,58.51655],[-119.31907,58.51065],[-119.31502,58.50442],[-119.31257,58.49797],[-119.31174,58.4914],[-119.31257,58.48484],[-119.31502,58.47838],[-119.31907,58.47215],[-119.32464,58.46625],[-119.33163,58.46078],[-119.33993,58.45583],[-119.3494,58.45149],[-119.35987,58.44784],[-119.37116,58.44493],[-119.38308,58.44281],[-119.39543,58.44153],[-119.408,58.4411],[-119.42056,58.44153],[-119.43291,58.44281],[-119.44483,58.44493],[-119.45612,58.44784],[-119.46659,58.45149],[-119.47606,58.45583],[-119.48436,58.46078],[-119.49136,58.46625],[-119.49693,58.47215],[-119.50097,58.47838],[-119.50343,58.48484],[-119.50425,58.4914],[-119.50343,58.49797],[-119.50097,58.50442],[-119.49693,58.51065],[-119.49136,58.51655],[-119.48436,58.52203],[-119.47606,58.52697],[-119.46659,58.53131],[-119.45612,58.53497],[-119.44483,58.53788],[-119.43291,58.53999],[-119.42056,58.54128],[-119.408,58.54171]]]}},{"type":"Feature","properties":{"ident":"CYOS","name":"Owen Sound / Billy Bishop Regional Airport","airport_type":"medium_airport","radius_km":5.6},"geometry":{"type":"Polygon","coordinates":[[[-80.8375,44.64061],[-80.82828,44.64018],[-80.81922,44.63889],[-80.81047,44.63678],[-80.80218,44.63387],[-80.7945,44.63021],[-80.78755,44.62587],[-80.78146,44.62093],[-80.77633,44.61545],[-80.77224,44.60955],[-80.76927,44.60332],[-80.76747,44.59687],[-80.76686,44.5903],[-80.76747,44.58374],[-80.76927,44.57728],[-80.77224,44.57105],[-80.77633,44.56515],[-80.78146,44.55968],[-80.78755,44.55473],[-80.7945,44.55039],[-80.80218,44.54674],[-80.81047,44.54383],[-80.81922,44.54171],[-80.82828,44.54043],[-80.8375,44.54],[-80.84672,44.54043],[-80.85578,44.54171],[-80.86453,44.54383],[-80.87282,44.54674],[-80.8805,44.55039],[-80.88745,44.55473],[-80.89354,44.55968],[-80.89868,44.56515],[-80.90276,44.57105],[-80.90573,44.57728],[-80.90754,44.58374],[-80.90814,44.5903],[-80.90754,44.59687],[-80.90573,44.60332],[-80.90276,44.60955],[-80.89868,44.61545],[-80.89354,44.62093],[-80.88745,44.62587],[-80.8805,44.63021],[-80.87282,44.63387],[-80.86453,44.63678],[-80.85578,44.63889],[-80.84672,44.64018],[-80.8375,44.64061]]]}},{"type":"Feature","properties":{"ident":"CYOW","name":"Ottawa Macdonald-Cartier International Airport","airport_type":"large_airport","radius_km":5.6},"geometry":{"type":"Polygon","coordinates":[[[-75.6692,45.3728],[-75.65986,45.37237],[-75.65068,45.37109],[-75.64182,45.36897],[-75.63342,45.36606],[-75.62564,45.36241],[-75.61861,45.35807],[-75.61244,45.35312],[-75.60724,45.34765],[-75.6031,45.34175],[-75.60009,45.33552],[-75.59826,45.32906],[-75.59765,45.3225],[-75.59826,45.31593],[-75.60009,45.30948],[-75.6031,45.30325],[-75.60724,45.29735],[-75.61244,45.29187],[-75.61861,45.28693],[-75.62564,45.28259],[-75.63342,45.27893],[-75.64182,45.27602],[-75.65068,45.27391],[-75.65986,45.27262],[-75.6692,45.27219],[-75.67854,45.27262],[-75.68771,45.27391],[-75.69658,45.27602],[-75.70497,45.27893],[-75.71275,45.28259],[-75.71979,45.28693],[-75.72596,45.29187],[-75.73116,45.29735],[-75.7353,45.30325],[-75.73831,45.30948],[-75.74013,45.31593],[-75.74074,45.3225],[-75.74013,45.32906],[-75.73831,45.33552],[-75.7353,45.34175],[-75.73116,45.34765],[-75.72596,45.35312],[-75.71979,45.35807],[-75.71275,45.36241],[-75.70497,45.36606],[-75.69658,45.36897],[-75.68771,45.37109],[-75.67854,45.37237],[-75.6692,45.3728]]]}},{"type":"Feature","properties":{"ident":"CYOY","name":"C J.H.L.(Joe) Lecomte) Heliport","airport_type":"heliport","radius_km":1.9},"geometry":{"type":"Polygon","coordinates":[[[-71.50366,46.91995],[-71.49878,46.91962],[-71.4941,46.91865],[-71.48978,46.91708],[-71.48599,46.91495],[-71.48289,46.91237],[-71.48058,46.90942],[-71.47916,46.90621],[-71.47868,46.90288],[-71.47916,46.89956],[-71.48058,46.89635],[-71.48289,46.8934],[-71.48599,46.89082],[-71.48978,46.88869],[-71.4941,46.88712],[-71.49878,46.88615],[-71.50366,46.88582],[-71.50853,46.88615],[-71.51322,46.88712],[-71.51754,46.88869],[-71.52132,46.89082],[-71.52443,46.8934],[-71.52674,46.89635],[-71.52816,46.89956],[-71.52864,46.90288],[-71.52816,46.90621],[-71.52674,46.90942],[-71.52443,46.91237],[-71.52132,46.91495],[-71.51754,46.91708],[-71.51322,46.91865],[-71.50853,46.91962],[-71.50366,46.91995]]]}},{"type":"Feature","properties":{"ident":"CYP2","name":"Halifax (Windsor Park) Heliport","airport_type":"heliport","radius_km":1.9},"geometry":{"type":"Polygon","coordinates":[[[-63.6118,44.67449],[-63.60711,44.67416],[-63.60261,44.67319],[-63.59846,44.67161],[-63.59483,44.66949],[-63.59184,44.6669],[-63.58963,44.66395],[-63.58826,44.66075],[-63.5878,44.65742],[-63.58826,44.65409],[-63.58963,44.65089],[-63.59184,44.64794],[-63.59483,44.64535],[-63.59846,44.64323],[-63.60261,44.64165],[-63.60711,44.64068],[-63.6118,44.64035],[-63.61648,44.64068],[-63.62098,44.64165],[-63.62513,44.64323],[-63.62876,44.64535],[-63.63175,44.64794],[-63.63396,44.65089],[-63.63533,44.65409],[-63.63579,44.65742],[-63.63533,44.66075],[-63.63396,44.66395],[-63.63175,44.6669],[-63.62876,44.66949],[-63.62513,44.67161],[-63.62098,44.67319],[-63.61648,44.67416],[-63.6118,44.67449]]]}},{"type":"Feature","properties":{"ident":"CYPA","name":"Prince Albert Glass Field","airport_type":"medium_airport","radius_km":5.6},"geometry":{"type":"Polygon","coordinates":[[[-105.673,53.2645],[-105.66203,53.26407],[-105.65125,53.26279],[-105.64085,53.26068],[-105.63099,53.25776],[-105.62186,53.25411],[-105.61359,53.24977],[-105.60635,53.24482],[-105.60024,53.23935],[-105.59538,53.23345],[-105.59185,53.22722],[-105.58971,53.22077],[-105.58899,53.2142],[-105.58971,53.20763],[-105.59185,53.20118],[-105.59538,53.19495],[-105.60024,53.18905],[-105.60635,53.18358],[-105.61359,53.17863],[-105.62186,53.17429],[-105.63099,53.17063],[-105.64085,53.16772],[-105.65125,53.16561],[-105.66203,53.16432],[-105.673,53.16389],[-105.68396,53.16432],[-105.69474,53.16561],[-105.70514,53.16772],[-105.715,53.17063],[-105.72414,53.17429],[-105.7324,53.17863],[-105.73964,53.18358],[-105.74575,53.18905],[-105.75061,53.19495],[-105.75414,53.20118],[-105.75628,53.20763],[-105.757,53.2142],[-105.75628,53.22077],[-105.75414,53.22722],[-105.75061,53.23345],[-105.74575,53.23935],[-105.73964,53.24482],[-105.7324,53.24977],[-105.72414,53.25411],[-105.715,53.25776],[-105.70514,53.26068],[-105.69474,53.26279],[-105.68396,53.26407],[-105.673,53.2645]]]}},{"type":"Feature","properties":{"ident":"CYPD","name":"Port Hawkesbury Airport","airport_type":"medium_airport","radius_km":5.6},"geometry":{"type":"Polygon","coordinates":[[[-61.3681,45.70701],[-61.3587,45.70658],[-61.34947,45.70529],[-61.34056,45.70318],[-61.33211,45.70027],[-61.32429,45.69661],[-61.31721,45.69227],[-61.311,45.68732],[-61.30577,45.68185],[-61.30161,45.67595],[-61.29858,45.66972],[-61.29674,45.66327],[-61.29613,45.6567],[-61.29674,45.65013],[-61.29858,45.64368],[-61.30161,45.63745],[-61.30577,45.63155],[-61.311,45.62608],[-61.31721,45.62113],[-61.32429,45.61679],[-61.33211,45.61313],[-61.34056,45.61022],[-61.34947,45.60811],[-61.3587,45.60683],[-61.3681,45.60639],[-61.37749,45.60683],[-61.38673,45.60811],[-61.39564,45.61022],[-61.40409,45.61313],[-61.41191,45.61679],[-61.41899,45.62113],[-61.4252,45.62608],[-61.43043,45.63155],[-61.43459,45.63745],[-61.43762,45.64368],[-61.43946,45.65013],[-61.44007,45.6567],[-61.43946,45.66327],[-61.43762,45.66972],[-61.43459,45.67595],[-61.43043,45.68185],[-61.4252,45.68732],[-61.41899,45.69227],[-61.41191,45.69661],[-61.40409,45.70027],[-61.39564,45.70318],[-61.38673,45.70529],[-61.37749,45.70658],[-61.3681,45.70701]]]}},{"type":"Feature","properties":{"ident":"CYPE","name":"Peace River Airport","airport_type":"medium_airport","radius_km":5.6},"geometry":{"type":"Polygon","coordinates":[[[-117.447,56.2772],[-117.43519,56.27677],[-117.42358,56.27549],[-117.41237,56.27337],[-117.40175,56.27046],[-117.39191,56.26681],[-117.38301,56.26247],[-117.37521,56.25752],[-117.36863,56.25205],[-117.36339,56.24615],[-117.35959,56.23992],[-117.35728,56.23346],[-117.35651,56.2269],[-117.35728,56.22033],[-117.35959,56.21388],[-117.36339,56.20765],[-117.36863,56.20175],[-117.37521,56.19627],[-117.38301,56.19133],[-117.39191,56.18699],[-117.40175,56.18333],[-117.41237,56.18042],[-117.42358,56.17831],[-117.43519,56.17702],[-117.447,56.17659],[-117.45881,56.17702],[-117.47042,56.17831],[-117.48163,56.18042],[-117.49225,56.18333],[-117.50209,56.18699],[-117.51099,56.19133],[-117.51879,56.19627],[-117.52537,56.20175],[-117.5306,56.20765],[-117.53441,56.21388],[-117.53672,56.22033],[-117.53749,56.2269],[-117.53672,56.23346],[-117.53441,56.23992],[-117.5306,56.24615],[-117.52537,56.25205],[-117.51879,56.25752],[-117.51099,56.26247],[-117.50209,56.26681],[-117.49225,56.27046],[-117.48163,56.27337],[-117.47042,56.27549],[-117.45881,56.27677],[-117.447,56.2772]]]}},{"type":"Feature","properties":{"ident":"CYPG","name":"Portage-la-Prairie / Southport Airport","airport_type":"medium_airport","radius_km":5.6},"geometry":{"type":"Polygon","coordinates":[[[-98.27382,49.9534],[-98.26362,49.95297],[-98.2536,49.95169],[-98.24393,49.94958],[-98.23476,49.94666],[-98.22627,49.94301],[-98.21859,49.93867],[-98.21185,49.93372],[-98.20618,49.92825],[-98.20166,49.92235],[-98.19837,49.91612],[-98.19638,49.90967],[-98.19571,49.9031],[-98.19638,49.89653],[-98.19837,49.89008],[-98.20166,49.88385],[-98.20618,49.87795],[-98.21185,49.87247],[-98.21859,49.86753],[-98.22627,49.86319],[-98.23476,49.85953],[-98.24393,49.85662],[-98.2536,49.85451],[-98.26362,49.85322],[-98.27382,49.85279],[-98.28401,49.85322],[-98.29403,49.85451],[-98.30371,49.85662],[-98.31287,49.85953],[-98.32136,49.86319],[-98.32904,49.86753],[-98.33578,49.87247],[-98.34146,49.87795],[-98.34598,49.88385],[-98.34926,49.89008],[-98.35125,49.89653],[-98.35192,49.9031],[-98.35125,49.90967],[-98.34926,49.91612],[-98.34598,49.92235],[-98.34146,49.92825],[-98.33578,49.93372],[-98.32904,49.93867],[-98.32136,49.94301],[-98.31287,49.94666],[-98.30371,49.94958],[-98.29403,49.95169],[-98.28401,49.95297],[-98.27382,49.9534]]]}},{"type":"Feature","properties":{"ident":"CYPK","name":"Pitt Meadows Regional Airport","airport_type":"medium_airport","radius_km":5.6},"geometry":{"type":"Polygon","coordinates":[[[-122.70929,49.26519],[-122.69924,49.26476],[-122.68936,49.26347],[-122.67982,49.26136],[-122.67079,49.25845],[-122.66241,49.25479],[-122.65484,49.25045],[-122.6482,49.2455],[-122.6426,49.24003],[-122.63815,49.23413],[-122.63491,49.2279],[-122.63294,49.22145],[-122.63228,49.21488],[-122.63294,49.20831],[-122.63491,49.20186],[-122.63815,49.19563],[-122.6426,49.18973],[-122.6482,49.18426],[-122.65484,49.17931],[-122.66241,49.17497],[-122.67079,49.17131],[-122.67982,49.1684],[-122.68936,49.16629],[-122.69924,49.165],[-122.70929,49.16457],[-122.71935,49.165],[-122.72923,49.16629],[-122.73876,49.1684],[-122.7478,49.17131],[-122.75618,49.17497],[-122.76375,49.17931],[-122.77039,49.18426],[-122.77599,49.18973],[-122.78044,49.19563],[-122.78368,49.20186],[-122.78565,49.20831],[-122.7863,49.21488],[-122.78565,49.22145],[-122.78368,49.2279],[-122.78044,49.23413],[-122.77599,49.24003],[-122.77039,49.2455],[-122.76375,49.25045],[-122.75618,49.25479],[-122.7478,49.25845],[-122.73876,49.26136],[-122.72923,49.26347],[-122.71935,49.26476],[-122.70929,49.26519]]]}},{"type":"Feature","properties":{"ident":"CYPL","name":"Pickle Lake Airport","airport_type":"medium_airport","radius_km":5.6},"geometry":{"type":"Polygon","coordinates":[[[-90.2142,51.49671],[-90.20367,51.49627],[-90.19331,51.49499],[-90.18331,51.49288],[-90.17385,51.48997],[-90.16507,51.48631],[-90.15713,51.48197],[-90.15017,51.47702],[-90.1443,51.47155],[-90.13963,51.46565],[-90.13624,51.45942],[-90.13418,51.45297],[-90.13349,51.4464],[-90.13418,51.43983],[-90.13624,51.43338],[-90.13963,51.42715],[-90.1443,51.42125],[-90.15017,51.41578],[-90.15713,51.41083],[-90.16507,51.40649],[-90.17385,51.40283],[-90.18331,51.39992],[-90.19331,51.39781],[-90.20367,51.39652],[-90.2142,51.39609],[-90.22474,51.39652],[-90.23509,51.39781],[-90.24509,51.39992],[-90.25456,51.40283],[-90.26334,51.40649],[-90.27128,51.41083],[-90.27824,51.41578],[-90.2841,51.42125],[-90.28877,51.42715],[-90.29217,51.43338],[-90.29423,51.43983],[-90.29492,51.4464],[-90.29423,51.45297],[-90.29217,51.45942],[-90.28877,51.46565],[-90.2841,51.47155],[-90.27824,51.47702],[-90.27128,51.48197],[-90.26334,51.48631],[-90.25456,51.48997],[-90.24509,51.49288],[-90.23509,51.49499],[-90.22474,51.49627],[-90.2142,51.49671]]]}},{"type":"Feature","properties":{"ident":"CYPN","name":"Port-Menier Airport","airport_type":"medium_airport","radius_km":5.6},"geometry":{"type":"Polygon","coordinates":[[[-64.2886,49.8867],[-64.27842,49.88627],[-64.26841,49.88499],[-64.25875,49.88288],[-64.2496,49.87996],[-64.24112,49.87631],[-64.23345,49.87197],[-64.22672,49.86702],[-64.22105,49.86155],[-64.21654,49.85565],[-64.21326,49.84942],[-64.21127,49.84297],[-64.2106,49.8364],[-64.21127,49.82983],[-64.21326,49.82338],[-64.21654,49.81715],[-64.22105,49.81125],[-64.22672,49.80577],[-64.23345,49.80083],[-64.24112,49.79649],[-64.2496,49.79283],[-64.25875,49.78992],[-64.26841,49.78781],[-64.27842,49.78652],[-64.2886,49.78609],[-64.29878,49.78652],[-64.30878,49.78781],[-64.31844,49.78992],[-64.3276,49.79283],[-64.33608,49.79649],[-64.34375,49.80083],[-64.35048,49.80577],[-64.35614,49.81125],[-64.36066,49.81715],[-64.36394,49.82338],[-64.36593,49.82983],[-64.36659,49.8364],[-64.36593,49.84297],[-64.36394,49.84942],[-64.36066,49.85565],[-64.35614,49.86155],[-64.35048,49.86702],[-64.34375,49.87197],[-64.33608,49.87631],[-64.3276,49.87996],[-64.31844,49.88288],[-64.30878,49.88499],[-64.29878,49.88627],[-64.2886,49.8867]]]}},{"type":"Feature","properties":{"ident":"CYPQ","name":"Peterborough Regional Airport","airport_type":"medium_airport","radius_km":5.6},"geometry":{"type":"Polygon","coordinates":[[[-78.36205,44.28256],[-78.35289,44.28213],[-78.34388,44.28084],[-78.33519,44.27873],[-78.32695,44.27582],[-78.31931,44.27216],[-78.31241,44.26782],[-78.30635,44.26288],[-78.30125,44.2574],[-78.29719,44.2515],[-78.29424,44.24527],[-78.29245,44.23882],[-78.29184,44.23225],[-78.29245,44.22568],[-78.29424,44.21923],[-78.29719,44.213],[-78.30125,44.2071],[-78.30635,44.20163],[-78.31241,44.19668],[-78.31931,44.19234],[-78.32695,44.18869],[-78.33519,44.18577],[-78.34388,44.18366],[-78.35289,44.18238],[-78.36205,44.18195],[-78.37122,44.18238],[-78.38022,44.18366],[-78.38892,44.18577],[-78.39716,44.18869],[-78.40479,44.19234],[-78.4117,44.19668],[-78.41775,44.20163],[-78.42286,44.2071],[-78.42692,44.213],[-78.42987,44.21923],[-78.43166,44.22568],[-78.43226,44.23225],[-78.43166,44.23882],[-78.42987,44.24527],[-78.42692,44.2515],[-78.42286,44.2574],[-78.41775,44.26288],[-78.4117,44.26782],[-78.40479,44.27216],[-78.39716,44.27582],[-78.38892,44.27873],[-78.38022,44.28084],[-78.37122,44.28213],[-78.36205,44.28256]]]}},{"type":"Feature","properties":{"ident":"CYPR","name":"Prince Rupert Airport","airport_type":"medium_airport","radius_km":5.6},"geometry":{"type":"Polygon","coordinates":[[[-130.44501,54.3364],[-130.43376,54.33597],[-130.4227,54.33469],[-130.41203,54.33257],[-130.40192,54.32966],[-130.39255,54.32601],[-130.38407,54.32167],[-130.37664,54.31672],[-130.37037,54.31125],[-130.36539,54.30535],[-130.36177,54.29912],[-130.35957,54.29266],[-130.35883,54.2861],[-130.35957,54.27953],[-130.36177,54.27308],[-130.36539,54.26685],[-130.37037,54.26095],[-130.37664,54.25547],[-130.38407,54.25053],[-130.39255,54.24619],[-130.40192,54.24253],[-130.41203,54.23962],[-130.4227,54.23751],[-130.43376,54.23622],[-130.44501,54.23579],[-130.45626,54.23622],[-130.46731,54.23751],[-130.47799,54.23962],[-130.4881,54.24253],[-130.49747,54.24619],[-130.50594,54.25053],[-130.51338,54.25547],[-130.51964,54.26095],[-130.52463,54.26685],[-130.52825,54.27308],[-130.53045,54.27953],[-130.53119,54.2861],[-130.53045,54.29266],[-130.52825,54.29912],[-130.52463,54.30535],[-130.51964,54.31125],[-130.51338,54.31672],[-130.50594,54.32167],[-130.49747,54.32601],[-130.4881,54.32966],[-130.47799,54.33257],[-130.46731,54.33469],[-130.45626,54.33597],[-130.44501,54.3364]]]}},{"type":"Feature","properties":{"ident":"CYPW","name":"Powell River Airport","airport_type":"medium_airport","radius_km":5.6},"geometry":{"type":"Polygon","coordinates":[[[-124.5,49.88451],[-124.48982,49.88408],[-124.47981,49.88279],[-124.47015,49.88068],[-124.461,49.87777],[-124.45252,49.87411],[-124.44485,49.86977],[-124.43812,49.86483],[-124.43246,49.85935],[-124.42794,49.85345],[-124.42466,49.84722],[-124.42267,49.84077],[-124.42201,49.8342],[-124.42267,49.82764],[-124.42466,49.82118],[-124.42794,49.81495],[-124.43246,49.80905],[-124.43812,49.80358],[-124.44485,49.79863],[-124.45252,49.79429],[-124.461,49.79064],[-124.47015,49.78773],[-124.47981,49.78561],[-124.48982,49.78433],[-124.5,49.7839],[-124.51018,49.78433],[-124.52019,49.78561],[-124.52985,49.78773],[-124.539,49.79064],[-124.54748,49.79429],[-124.55515,49.79863],[-124.56188,49.80358],[-124.56754,49.80905],[-124.57206,49.81495],[-124.57534,49.82118],[-124.57733,49.82764],[-124.57799,49.8342],[-124.57733,49.84077],[-124.57534,49.84722],[-124.57206,49.85345],[-124.56754,49.85935],[-124.56188,49.86483],[-124.55515,49.86977],[-124.54748,49.87411],[-124.539,49.87777],[-124.52985,49.88068],[-124.52019,49.88279],[-124.51018,49.88408],[-124.5,49.88451]]]}},{"type":"Feature","properties":{"ident":"CYPX","name":"Puvirnituq Airport","airport_type":"medium_airport","radius_km":5.6},"geometry":{"type":"Polygon","coordinates":[[[-77.2869,60.1009],[-77.27375,60.10047],[-77.26082,60.09919],[-77.24834,60.09707],[-77.23652,60.09416],[-77.22556,60.09051],[-77.21565,60.08617],[-77.20696,60.08122],[-77.19964,60.07575],[-77.19381,60.06985],[-77.18957,60.06362],[-77.187,60.05716],[-77.18614,60.0506],[-77.187,60.04403],[-77.18957,60.03758],[-77.19381,60.03135],[-77.19964,60.02545],[-77.20696,60.01997],[-77.21565,60.01503],[-77.22556,60.01069],[-77.23652,60.00703],[-77.24834,60.00412],[-77.26082,60.00201],[-77.27375,60.00072],[-77.2869,60.00029],[-77.30006,60.00072],[-77.31298,60.00201],[-77.32546,60.00412],[-77.33729,60.00703],[-77.34824,60.01069],[-77.35815,60.01503],[-77.36685,60.01997],[-77.37417,60.02545],[-77.38,60.03135],[-77.38423,60.03758],[-77.38681,60.04403],[-77.38767,60.0506],[-77.38681,60.05716],[-77.38423,60.06362],[-77.38,60.06985],[-77.37417,60.07575],[-77.36685,60.08122],[-77.35815,60.08617],[-77.34824,60.09051],[-77.33729,60.09416],[-77.32546,60.09707],[-77.31298,60.09919],[-77.30006,60.10047],[-77.2869,60.1009]]]}},{"type":"Feature","properties":{"ident":"CYPY","name":"Fort Chipewyan Airport","airport_type":"medium_airport","radius_km":5.6},"geometry":{"type":"Polygon","coordinates":[[[-111.117,58.81751],[-111.10433,58.81708],[-111.09189,58.81579],[-111.07987,58.81368],[-111.06849,58.81077],[-111.05794,58.80711],[-111.04839,58.80277],[-111.04003,58.79782],[-111.03298,58.79235],[-111.02736,58.78645],[-111.02328,58.78022],[-111.02081,58.77377],[-111.01998,58.7672],[-111.02081,58.76063],[-111.02328,58.75418],[-111.02736,58.74795],[-111.03298,58.74205],[-111.04003,58.73658],[-111.04839,58.73163],[-111.05794,58.72729],[-111.06849,58.72363],[-111.07987,58.72072],[-111.09189,58.71861],[-111.10433,58.71733],[-111.117,58.7169],[-111.12966,58.71733],[-111.14211,58.71861],[-111.15412,58.72072],[-111.16551,58.72363],[-111.17606,58.72729],[-111.1856,58.73163],[-111.19397,58.73658],[-111.20102,58.74205],[-111.20663,58.74795],[-111.21071,58.75418],[-111.21318,58.76063],[-111.21401,58.7672],[-111.21318,58.77377],[-111.21071,58.78022],[-111.20663,58.78645],[-111.20102,58.79235],[-111.19397,58.79782],[-111.1856,58.80277],[-111.17606,58.80711],[-111.16551,58.81077],[-111.15412,58.81368],[-111.14211,58.81579],[-111.12966,58.81708],[-111.117,58.81751]]]}},{"type":"Feature","properties":{"ident":"CYPZ","name":"Burns Lake Airport","airport_type":"medium_airport","radius_km":5.6},"geometry":{"type":"Polygon","coordinates":[[[-125.951,54.42671],[-125.93972,54.42628],[-125.92864,54.42499],[-125.91794,54.42288],[-125.90781,54.41997],[-125.89842,54.41631],[-125.88992,54.41197],[-125.88248,54.40702],[-125.8762,54.40155],[-125.8712,54.39565],[-125.86757,54.38942],[-125.86537,54.38297],[-125.86463,54.3764],[-125.86537,54.36983],[-125.86757,54.36338],[-125.8712,54.35715],[-125.8762,54.35125],[-125.88248,54.34578],[-125.88992,54.34083],[-125.89842,54.33649],[-125.90781,54.33283],[-125.91794,54.32992],[-125.92864,54.32781],[-125.93972,54.32652],[-125.951,54.32609],[-125.96227,54.32652],[-125.97335,54.32781],[-125.98405,54.32992],[-125.99418,54.33283],[-126.00357,54.33649],[-126.01207,54.34083],[-126.01952,54.34578],[-126.02579,54.35125],[-126.03079,54.35715],[-126.03442,54.36338],[-126.03662,54.36983],[-126.03736,54.3764],[-126.03662,54.38297],[-126.03442,54.38942],[-126.03079,54.39565],[-126.02579,54.40155],[-126.01952,54.40702],[-126.01207,54.41197],[-126.00357,54.41631],[-125.99418,54.41997],[-125.98405,54.42288],[-125.97335,54.42499],[-125.96227,54.42628],[-125.951,54.42671]]]}},{"type":"Feature","properties":{"ident":"CYQA","name":"Muskoka Airport","airport_type":"medium_airport","radius_km":5.6},"geometry":{"type":"Polygon","coordinates":[[[-79.30655,45.02568],[-79.29726,45.02525],[-79.28814,45.02397],[-79.27933,45.02185],[-79.27099,45.01894],[-79.26326,45.01529],[-79.25626,45.01095],[-79.25013,45.006],[-79.24496,45.00053],[-79.24085,44.99463],[-79.23786,44.9884],[-79.23604,44.98194],[-79.23543,44.97538],[-79.23604,44.96881],[-79.23786,44.96236],[-79.24085,44.95612],[-79.24496,44.95022],[-79.25013,44.94475],[-79.25626,44.9398],[-79.26326,44.93547],[-79.27099,44.93181],[-79.27933,44.9289],[-79.28814,44.92678],[-79.29726,44.9255],[-79.30655,44.92507],[-79.31583,44.9255],[-79.32495,44.92678],[-79.33376,44.9289],[-79.3421,44.93181],[-79.34984,44.93547],[-79.35683,44.9398],[-79.36296,44.94475],[-79.36813,44.95022],[-79.37224,44.95612],[-79.37523,44.96236],[-79.37705,44.96881],[-79.37766,44.97538],[-79.37705,44.98194],[-79.37523,44.9884],[-79.37224,44.99463],[-79.36813,45.00053],[-79.36296,45.006],[-79.35683,45.01095],[-79.34984,45.01529],[-79.3421,45.01894],[-79.33376,45.02185],[-79.32495,45.02397],[-79.31583,45.02525],[-79.30655,45.02568]]]}},{"type":"Feature","properties":{"ident":"CYQB","name":"Quebec Jean Lesage International Airport","airport_type":"large_airport","radius_km":5.6},"geometry":{"type":"Polygon","coordinates":[[[-71.3933,46.84141],[-71.38371,46.84098],[-71.37429,46.83969],[-71.36519,46.83758],[-71.35657,46.83467],[-71.34857,46.83101],[-71.34135,46.82667],[-71.33501,46.82172],[-71.32967,46.81625],[-71.32542,46.81035],[-71.32233,46.80412],[-71.32046,46.79767],[-71.31983,46.7911],[-71.32046,46.78453],[-71.32233,46.77808],[-71.32542,46.77185],[-71.32967,46.76595],[-71.33501,46.76048],[-71.34135,46.75553],[-71.34857,46.75119],[-71.35657,46.74753],[-71.36519,46.74462],[-71.37429,46.74251],[-71.38371,46.74122],[-71.3933,46.74079],[-71.40289,46.74122],[-71.41232,46.74251],[-71.42142,46.74462],[-71.43004,46.74753],[-71.43803,46.75119],[-71.44526,46.75553],[-71.45159,46.76048],[-71.45693,46.76595],[-71.46119,46.77185],[-71.46427,46.77808],[-71.46615,46.78453],[-71.46678,46.7911],[-71.46615,46.79767],[-71.46427,46.80412],[-71.46119,46.81035],[-71.45693,46.81625],[-71.45159,46.82172],[-71.44526,46.82667],[-71.43803,46.83101],[-71.43004,46.83467],[-71.42142,46.83758],[-71.41232,46.83969],[-71.40289,46.84098],[-71.3933,46.84141]]]}},{"type":"Feature","properties":{"ident":"CYQD","name":"The Pas Airport","airport_type":"medium_airport","radius_km":5.6},"geometry":{"type":"Polygon","coordinates":[[[-101.091,54.02171],[-101.07984,54.02128],[-101.06887,54.01999],[-101.05827,54.01788],[-101.04824,54.01497],[-101.03894,54.01131],[-101.03053,54.00697],[-101.02315,54.00203],[-101.01694,53.99655],[-101.01199,53.99065],[-101.00839,53.98442],[-101.00621,53.97797],[-101.00548,53.9714],[-101.00621,53.96484],[-101.00839,53.95838],[-101.01199,53.95215],[-101.01694,53.94625],[-101.02315,53.94078],[-101.03053,53.93583],[-101.03894,53.93149],[-101.04824,53.92784],[-101.05827,53.92493],[-101.06887,53.92281],[-101.07984,53.92153],[-101.091,53.9211],[-101.10217,53.92153],[-101.11314,53.92281],[-101.12373,53.92493],[-101.13377,53.92784],[-101.14307,53.93149],[-101.15148,53.93583],[-101.15886,53.94078],[-101.16507,53.94625],[-101.17002,53.95215],[-101.17362,53.95838],[-101.1758,53.96484],[-101.17653,53.9714],[-101.1758,53.97797],[-101.17362,53.98442],[-101.17002,53.99065],[-101.16507,53.99655],[-101.15886,54.00203],[-101.15148,54.00697],[-101.14307,54.01131],[-101.13377,54.01497],[-101.12373,54.01788],[-101.11314,54.01999],[-101.10217,54.02128],[-101.091,54.02171]]]}},{"type":"Feature","properties":{"ident":"CYQF","name":"Red Deer Regional Airport","airport_type":"medium_airport","radius_km":5.6},"geometry":{"type":"Polygon","coordinates":[[[-113.894,52.23251],[-113.88329,52.23208],[-113.87276,52.23079],[-113.8626,52.22868],[-113.85298,52.22577],[-113.84405,52.22211],[-113.83598,52.21777],[-113.82891,52.21283],[-113.82294,52.20735],[-113.8182,52.20145],[-113.81475,52.19522],[-113.81265,52.18877],[-113.81195,52.1822],[-113.81265,52.17563],[-113.81475,52.16918],[-113.8182,52.16295],[-113.82294,52.15705],[-113.82891,52.15158],[-113.83598,52.14663],[-113.84405,52.14229],[-113.85298,52.13864],[-113.8626,52.13572],[-113.87276,52.13361],[-113.88329,52.13233],[-113.894,52.1319],[-113.90471,52.13233],[-113.91523,52.13361],[-113.92539,52.13572],[-113.93502,52.13864],[-113.94394,52.14229],[-113.95201,52.14663],[-113.95909,52.15158],[-113.96505,52.15705],[-113.9698,52.16295],[-113.97325,52.16918],[-113.97534,52.17563],[-113.97604,52.1822],[-113.97534,52.18877],[-113.97325,52.19522],[-113.9698,52.20145],[-113.96505,52.20735],[-113.95909,52.21283],[-113.95201,52.21777],[-113.94394,52.22211],[-113.93502,52.22577],[-113.92539,52.22868],[-113.91523,52.23079],[-113.90471,52.23208],[-113.894,52.23251]]]}},{"type":"Feature","properties":{"ident":"CYQG","name":"Windsor International Airport","airport_type":"large_airport","radius_km":5.6},"geometry":{"type":"Polygon","coordinates":[[[-82.9556,42.32591],[-82.94672,42.32548],[-82.938,42.32419],[-82.92958,42.32208],[-82.9216,42.31917],[-82.91421,42.31551],[-82.90752,42.31117],[-82.90166,42.30622],[-82.89672,42.30075],[-82.89278,42.29485],[-82.88993,42.28862],[-82.88819,42.28217],[-82.88761,42.2756],[-82.88819,42.26903],[-82.88993,42.26258],[-82.89278,42.25635],[-82.89672,42.25045],[-82.90166,42.24498],[-82.90752,42.24003],[-82.91421,42.23569],[-82.9216,42.23203],[-82.92958,42.22912],[-82.938,42.22701],[-82.94672,42.22572],[-82.9556,42.22529],[-82.96447,42.22572],[-82.97319,42.22701],[-82.98161,42.22912],[-82.98959,42.23203],[-82.99699,42.23569],[-83.00367,42.24003],[-83.00954,42.24498],[-83.01448,42.25045],[-83.01841,42.25635],[-83.02127,42.26258],[-83.023,42.26903],[-83.02358,42.2756],[-83.023,42.28217],[-83.02127,42.28862],[-83.01841,42.29485],[-83.01448,42.30075],[-83.00954,42.30622],[-83.00367,42.31117],[-82.99699,42.31551],[-82.98959,42.31917],[-82.98161,42.32208],[-82.97319,42.32419],[-82.96447,42.32548],[-82.9556,42.32591]]]}},{"type":"Feature","properties":{"ident":"CYQH","name":"Watson Lake Airport","airport_type":"medium_airport","radius_km":5.6},"geometry":{"type":"Polygon","coordinates":[[[-128.82199,60.16714],[-128.80881,60.16671],[-128.79586,60.16543],[-128.78335,60.16332],[-128.77151,60.1604],[-128.76053,60.15675],[-128.7506,60.15241],[-128.74189,60.14746],[-128.73455,60.14199],[-128.72871,60.13609],[-128.72447,60.12986],[-128.72189,60.12341],[-128.72103,60.11684],[-128.72189,60.11027],[-128.72447,60.10382],[-128.72871,60.09759],[-128.73455,60.09169],[-128.74189,60.08621],[-128.7506,60.08127],[-128.76053,60.07693],[-128.77151,60.07327],[-128.78335,60.07036],[-128.79586,60.06825],[-128.80881,60.06696],[-128.82199,60.06653],[-128.83517,60.06696],[-128.84813,60.06825],[-128.86063,60.07036],[-128.87248,60.07327],[-128.88346,60.07693],[-128.89339,60.08127],[-128.9021,60.08621],[-128.90943,60.09169],[-128.91527,60.09759],[-128.91952,60.10382],[-128.9221,60.11027],[-128.92296,60.11684],[-128.9221,60.12341],[-128.91952,60.12986],[-128.91527,60.13609],[-128.90943,60.14199],[-128.9021,60.14746],[-128.89339,60.15241],[-128.88346,60.15675],[-128.87248,60.1604],[-128.86063,60.16332],[-128.84813,60.16543],[-128.83517,60.16671],[-128.82199,60.16714]]]}},{"type":"Feature","properties":{"ident":"CYQI","name":"Yarmouth Airport","airport_type":"medium_airport","radius_km":5.6},"geometry":{"type":"Polygon","coordinates":[[[-66.0881,43.87721],[-66.079,43.87678],[-66.07005,43.87549],[-66.06141,43.87338],[-66.05323,43.87047],[-66.04565,43.86681],[-66.03879,43.86247],[-66.03278,43.85752],[-66.02771,43.85205],[-66.02367,43.84615],[-66.02074,43.83992],[-66.01896,43.83347],[-66.01837,43.8269],[-66.01896,43.82033],[-66.02074,43.81388],[-66.02367,43.80765],[-66.02771,43.80175],[-66.03278,43.79628],[-66.03879,43.79133],[-66.04565,43.78699],[-66.05323,43.78333],[-66.06141,43.78042],[-66.07005,43.77831],[-66.079,43.77703],[-66.0881,43.7766],[-66.0972,43.77703],[-66.10614,43.77831],[-66.11478,43.78042],[-66.12296,43.78333],[-66.13055,43.78699],[-66.1374,43.79133],[-66.14342,43.79628],[-66.14848,43.80175],[-66.15252,43.80765],[-66.15545,43.81388],[-66.15723,43.82033],[-66.15783,43.8269],[-66.15723,43.83347],[-66.15545,43.83992],[-66.15252,43.84615],[-66.14848,43.85205],[-66.14342,43.85752],[-66.1374,43.86247],[-66.13055,43.86681],[-66.12296,43.87047],[-66.11478,43.87338],[-66.10614,43.87549],[-66.0972,43.87678],[-66.0881,43.87721]]]}},{"type":"Feature","properties":{"ident":"CYQK","name":"Kenora Airport","airport_type":"medium_airport","radius_km":5.6},"geometry":{"type":"Polygon","coordinates":[[[-94.3631,49.8386],[-94.35293,49.83817],[-94.34293,49.83689],[-94.33328,49.83478],[-94.32414,49.83187],[-94.31566,49.82821],[-94.308,49.82387],[-94.30128,49.81892],[-94.29562,49.81345],[-94.29111,49.80755],[-94.28783,49.80132],[-94.28585,49.79487],[-94.28518,49.7883],[-94.28585,49.78173],[-94.28783,49.77528],[-94.29111,49.76905],[-94.29562,49.76315],[-94.30128,49.75768],[-94.308,49.75273],[-94.31566,49.74839],[-94.32414,49.74473],[-94.33328,49.74182],[-94.34293,49.73971],[-94.35293,49.73842],[-94.3631,49.73799],[-94.37327,49.73842],[-94.38327,49.73971],[-94.39292,49.74182],[-94.40206,49.74473],[-94.41053,49.74839],[-94.4182,49.75273],[-94.42492,49.75768],[-94.43058,49.76315],[-94.43509,49.76905],[-94.43836,49.77528],[-94.44035,49.78173],[-94.44102,49.7883],[-94.44035,49.79487],[-94.43836,49.80132],[-94.43509,49.80755],[-94.43058,49.81345],[-94.42492,49.81892],[-94.4182,49.82387],[-94.41053,49.82821],[-94.40206,49.83187],[-94.39292,49.83478],[-94.38327,49.83689],[-94.37327,49.83817],[-94.3631,49.8386]]]}},{"type":"Feature","properties":{"ident":"CYQL","name":"Lethbridge County Airport","airport_type":"medium_airport","radius_km":5.6},"geometry":{"type":"Polygon","coordinates":[[[-112.8,49.6806],[-112.78987,49.68017],[-112.7799,49.67889],[-112.77028,49.67677],[-112.76117,49.67386],[-112.75272,49.67021],[-112.74509,49.66587],[-112.73839,49.66092],[-112.73274,49.65545],[-112.72825,49.64955],[-112.72498,49.64332],[-112.723,49.63686],[-112.72234,49.6303],[-112.723,49.62373],[-112.72498,49.61728],[-112.72825,49.61105],[-112.73274,49.60515],[-112.73839,49.59967],[-112.74509,49.59473],[-112.75272,49.59039],[-112.76117,49.58673],[-112.77028,49.58382],[-112.7799,49.58171],[-112.78987,49.58042],[-112.8,49.57999],[-112.81014,49.58042],[-112.8201,49.58171],[-112.82972,49.58382],[-112.83884,49.58673],[-112.84728,49.59039],[-112.85492,49.59473],[-112.86162,49.59967],[-112.86726,49.60515],[-112.87176,49.61105],[-112.87502,49.61728],[-112.877,49.62373],[-112.87767,49.6303],[-112.877,49.63686],[-112.87502,49.64332],[-112.87176,49.64955],[-112.86726,49.65545],[-112.86162,49.66092],[-112.85492,49.66587],[-112.84728,49.67021],[-112.83884,49.67386],[-112.82972,49.67677],[-112.8201,49.67889],[-112.81014,49.68017],[-112.8,49.6806]]]}},{"type":"Feature","properties":{"ident":"CYQM","name":"Greater Moncton Rom\u00e9o LeBlanc International Airport","airport_type":"medium_airport","radius_km":5.6},"geometry":{"type":"Polygon","coordinates":[[[-64.67719,46.16349],[-64.66772,46.16306],[-64.65841,46.16178],[-64.64942,46.15967],[-64.64091,46.15675],[-64.63301,46.1531],[-64.62588,46.14876],[-64.61962,46.14381],[-64.61435,46.13834],[-64.61015,46.13244],[-64.6071,46.12621],[-64.60524,46.11976],[-64.60462,46.11319],[-64.60524,46.10662],[-64.6071,46.10017],[-64.61015,46.09394],[-64.61435,46.08804],[-64.61962,46.08256],[-64.62588,46.07762],[-64.63301,46.07328],[-64.64091,46.06962],[-64.64942,46.06671],[-64.65841,46.0646],[-64.66772,46.06331],[-64.67719,46.06288],[-64.68666,46.06331],[-64.69597,46.0646],[-64.70496,46.06671],[-64.71347,46.06962],[-64.72137,46.07328],[-64.7285,46.07762],[-64.73476,46.08256],[-64.74003,46.08804],[-64.74423,46.09394],[-64.74728,46.10017],[-64.74914,46.10662],[-64.74976,46.11319],[-64.74914,46.11976],[-64.74728,46.12621],[-64.74423,46.13244],[-64.74003,46.13834],[-64.73476,46.14381],[-64.7285,46.14876],[-64.72137,46.1531],[-64.71347,46.15675],[-64.70496,46.15967],[-64.69597,46.16178],[-64.68666,46.16306],[-64.67719,46.16349]]]}},{"type":"Feature","properties":{"ident":"CYQN","name":"Nakina Airport","airport_type":"medium_airport","radius_km":5.6},"geometry":{"type":"Polygon","coordinates":[[[-86.6964,50.23311],[-86.68615,50.23268],[-86.67607,50.23139],[-86.66634,50.22928],[-86.65712,50.22637],[-86.64858,50.22271],[-86.64085,50.21837],[-86.63408,50.21342],[-86.62837,50.20795],[-86.62382,50.20205],[-86.62052,50.19582],[-86.61852,50.18937],[-86.61784,50.1828],[-86.61852,50.17623],[-86.62052,50.16978],[-86.62382,50.16355],[-86.62837,50.15765],[-86.63408,50.15218],[-86.64085,50.14723],[-86.64858,50.14289],[-86.65712,50.13923],[-86.66634,50.13632],[-86.67607,50.13421],[-86.68615,50.13293],[-86.6964,50.13249],[-86.70666,50.13293],[-86.71674,50.13421],[-86.72647,50.13632],[-86.73568,50.13923],[-86.74423,50.14289],[-86.75195,50.14723],[-86.75873,50.15218],[-86.76444,50.15765],[-86.76898,50.16355],[-86.77229,50.16978],[-86.77429,50.17623],[-86.77496,50.1828],[-86.77429,50.18937],[-86.77229,50.19582],[-86.76898,50.20205],[-86.76444,50.20795],[-86.75873,50.21342],[-86.75195,50.21837],[-86.74423,50.22271],[-86.73568,50.22637],[-86.72647,50.22928],[-86.71674,50.23139],[-86.70666,50.23268],[-86.6964,50.23311]]]}},{"type":"Feature","properties":{"ident":"CYQQ","name":"Comox Valley International Airport / CFB Comox","airport_type":"medium_airport","radius_km":5.6},"geometry":{"type":"Polygon","coordinates":[[[-124.887,49.76111],[-124.87685,49.76068],[-124.86687,49.75939],[-124.85723,49.75728],[-124.8481,49.75437],[-124.83964,49.75071],[-124.83199,49.74637],[-124.82528,49.74142],[-124.81963,49.73595],[-124.81513,49.73005],[-124.81186,49.72382],[-124.80987,49.71737],[-124.80921,49.7108],[-124.80987,49.70423],[-124.81186,49.69778],[-124.81513,49.69155],[-124.81963,49.68565],[-124.82528,49.68018],[-124.83199,49.67523],[-124.83964,49.67089],[-124.8481,49.66723],[-124.85723,49.66432],[-124.86687,49.66221],[-124.87685,49.66092],[-124.887,49.66049],[-124.89716,49.66092],[-124.90714,49.66221],[-124.91677,49.66432],[-124.9259,49.66723],[-124.93436,49.67089],[-124.94201,49.67523],[-124.94872,49.68018],[-124.95437,49.68565],[-124.95887,49.69155],[-124.96214,49.69778],[-124.96413,49.70423],[-124.9648,49.7108],[-124.96413,49.71737],[-124.96214,49.72382],[-124.95887,49.73005],[-124.95437,49.73595],[-124.94872,49.74142],[-124.94201,49.74637],[-124.93436,49.75071],[-124.9259,49.75437],[-124.91677,49.75728],[-124.90714,49.75939],[-124.89716,49.76068],[-124.887,49.76111]]]}},{"type":"Feature","properties":{"ident":"CYQR","name":"Regina International Airport","airport_type":"medium_airport","radius_km":5.6},"geometry":{"type":"Polygon","coordinates":[[[-104.66091,50.48224],[-104.6506,50.48181],[-104.64047,50.48053],[-104.63068,50.47841],[-104.62142,50.4755],[-104.61283,50.47185],[-104.60506,50.46751],[-104.59825,50.46256],[-104.59251,50.45709],[-104.58794,50.45119],[-104.58462,50.44496],[-104.58261,50.4385],[-104.58193,50.43194],[-104.58261,50.42537],[-104.58462,50.41892],[-104.58794,50.41269],[-104.59251,50.40679],[-104.59825,50.40131],[-104.60506,50.39637],[-104.61283,50.39203],[-104.62142,50.38837],[-104.63068,50.38546],[-104.64047,50.38335],[-104.6506,50.38206],[-104.66091,50.38163],[-104.67121,50.38206],[-104.68135,50.38335],[-104.69113,50.38546],[-104.70039,50.38837],[-104.70898,50.39203],[-104.71675,50.39637],[-104.72356,50.40131],[-104.7293,50.40679],[-104.73387,50.41269],[-104.73719,50.41892],[-104.7392,50.42537],[-104.73988,50.43194],[-104.7392,50.4385],[-104.73719,50.44496],[-104.73387,50.45119],[-104.7293,50.45709],[-104.72356,50.46256],[-104.71675,50.46751],[-104.70898,50.47185],[-104.70039,50.4755],[-104.69113,50.47841],[-104.68135,50.48053],[-104.67121,50.48181],[-104.66091,50.48224]]]}},{"type":"Feature","properties":{"ident":"CYQS","name":"St Thomas Municipal Airport","airport_type":"medium_airport","radius_km":5.6},"geometry":{"type":"Polygon","coordinates":[[[-81.1108,42.82031],[-81.10186,42.81988],[-81.09307,42.81859],[-81.08458,42.81648],[-81.07654,42.81357],[-81.06908,42.80991],[-81.06235,42.80557],[-81.05643,42.80062],[-81.05145,42.79515],[-81.04749,42.78925],[-81.04461,42.78302],[-81.04286,42.77657],[-81.04227,42.77],[-81.04286,42.76343],[-81.04461,42.75698],[-81.04749,42.75075],[-81.05145,42.74485],[-81.05643,42.73938],[-81.06235,42.73443],[-81.06908,42.73009],[-81.07654,42.72643],[-81.08458,42.72352],[-81.09307,42.72141],[-81.10186,42.72013],[-81.1108,42.7197],[-81.11975,42.72013],[-81.12854,42.72141],[-81.13703,42.72352],[-81.14507,42.72643],[-81.15252,42.73009],[-81.15926,42.73443],[-81.16517,42.73938],[-81.17015,42.74485],[-81.17411,42.75075],[-81.17699,42.75698],[-81.17874,42.76343],[-81.17933,42.77],[-81.17874,42.77657],[-81.17699,42.78302],[-81.17411,42.78925],[-81.17015,42.79515],[-81.16517,42.80062],[-81.15926,42.80557],[-81.15252,42.80991],[-81.14507,42.81357],[-81.13703,42.81648],[-81.12854,42.81859],[-81.11975,42.81988],[-81.1108,42.82031]]]}},{"type":"Feature","properties":{"ident":"CYQT","name":"Thunder Bay International Airport","airport_type":"medium_airport","radius_km":5.6},"geometry":{"type":"Polygon","coordinates":[[[-89.3239,48.4222],[-89.31401,48.42177],[-89.3043,48.42049],[-89.29492,48.41838],[-89.28603,48.41546],[-89.2778,48.41181],[-89.27035,48.40747],[-89.26382,48.40252],[-89.25832,48.39705],[-89.25393,48.39115],[-89.25075,48.38492],[-89.24882,48.37847],[-89.24817,48.3719],[-89.24882,48.36533],[-89.25075,48.35888],[-89.25393,48.35265],[-89.25832,48.34675],[-89.26382,48.34127],[-89.27035,48.33633],[-89.2778,48.33199],[-89.28603,48.32833],[-89.29492,48.32542],[-89.3043,48.32331],[-89.31401,48.32202],[-89.3239,48.32159],[-89.33378,48.32202],[-89.3435,48.32331],[-89.35288,48.32542],[-89.36176,48.32833],[-89.37,48.33199],[-89.37745,48.33633],[-89.38398,48.34127],[-89.38948,48.34675],[-89.39386,48.35265],[-89.39705,48.35888],[-89.39898,48.36533],[-89.39963,48.3719],[-89.39898,48.37847],[-89.39705,48.38492],[-89.39386,48.39115],[-89.38948,48.39705],[-89.38398,48.40252],[-89.37745,48.40747],[-89.37,48.41181],[-89.36176,48.41546],[-89.35288,48.41838],[-89.3435,48.42049],[-89.33378,48.42177],[-89.3239,48.4222]]]}},{"type":"Feature","properties":{"ident":"CYQU","name":"Grande Prairie Airport","airport_type":"medium_airport","radius_km":5.6},"geometry":{"type":"Polygon","coordinates":[[[-118.885,55.23],[-118.8735,55.22957],[-118.8622,55.22829],[-118.85129,55.22618],[-118.84095,55.22326],[-118.83137,55.21961],[-118.82271,55.21527],[-118.81511,55.21032],[-118.80871,55.20485],[-118.80361,55.19895],[-118.7999,55.19272],[-118.79766,55.18627],[-118.7969,55.1797],[-118.79766,55.17313],[-118.7999,55.16668],[-118.80361,55.16045],[-118.80871,55.15455],[-118.81511,55.14907],[-118.82271,55.14413],[-118.83137,55.13979],[-118.84095,55.13613],[-118.85129,55.13322],[-118.8622,55.13111],[-118.8735,55.12982],[-118.885,55.12939],[-118.8965,55.12982],[-118.9078,55.13111],[-118.91872,55.13322],[-118.92905,55.13613],[-118.93863,55.13979],[-118.9473,55.14413],[-118.9549,55.14907],[-118.9613,55.15455],[-118.9664,55.16045],[-118.9701,55.16668],[-118.97235,55.17313],[-118.9731,55.1797],[-118.97235,55.18627],[-118.9701,55.19272],[-118.9664,55.19895],[-118.9613,55.20485],[-118.9549,55.21032],[-118.9473,55.21527],[-118.93863,55.21961],[-118.92905,55.22326],[-118.91872,55.22618],[-118.9078,55.22829],[-118.8965,55.22957],[-118.885,55.23]]]}},{"type":"Feature","properties":{"ident":"CYQV","name":"Yorkton Municipal Airport","airport_type":"medium_airport","radius_km":5.6},"geometry":{"type":"Polygon","coordinates":[[[-102.462,51.31501],[-102.4515,51.31458],[-102.44119,51.31329],[-102.43123,51.31118],[-102.4218,51.30827],[-102.41306,51.30461],[-102.40515,51.30027],[-102.39822,51.29533],[-102.39237,51.28985],[-102.38772,51.28395],[-102.38434,51.27772],[-102.38229,51.27127],[-102.3816,51.2647],[-102.38229,51.25814],[-102.38434,51.25168],[-102.38772,51.24545],[-102.39237,51.23955],[-102.39822,51.23408],[-102.40515,51.22913],[-102.41306,51.22479],[-102.4218,51.22114],[-102.43123,51.21823],[-102.44119,51.21611],[-102.4515,51.21483],[-102.462,51.2144],[-102.47249,51.21483],[-102.48281,51.21611],[-102.49276,51.21823],[-102.5022,51.22114],[-102.51094,51.22479],[-102.51885,51.22913],[-102.52578,51.23408],[-102.53162,51.23955],[-102.53627,51.24545],[-102.53965,51.25168],[-102.54171,51.25814],[-102.54239,51.2647],[-102.54171,51.27127],[-102.53965,51.27772],[-102.53627,51.28395],[-102.53162,51.28985],[-102.52578,51.29533],[-102.51885,51.30027],[-102.51094,51.30461],[-102.5022,51.30827],[-102.49276,51.31118],[-102.48281,51.31329],[-102.47249,51.31458],[-102.462,51.31501]]]}},{"type":"Feature","properties":{"ident":"CYQW","name":"North Battleford Airport","airport_type":"medium_airport","radius_km":5.6},"geometry":{"type":"Polygon","coordinates":[[[-108.24374,52.81971],[-108.23289,52.81928],[-108.22222,52.818],[-108.21192,52.81589],[-108.20217,52.81297],[-108.19313,52.80932],[-108.18495,52.80498],[-108.17778,52.80003],[-108.17174,52.79456],[-108.16692,52.78866],[-108.16343,52.78243],[-108.16131,52.77598],[-108.1606,52.76941],[-108.16131,52.76284],[-108.16343,52.75639],[-108.16692,52.75016],[-108.17174,52.74426],[-108.17778,52.73878],[-108.18495,52.73384],[-108.19313,52.7295],[-108.20217,52.72584],[-108.21192,52.72293],[-108.22222,52.72082],[-108.23289,52.71953],[-108.24374,52.7191],[-108.25459,52.71953],[-108.26526,52.72082],[-108.27556,52.72293],[-108.28532,52.72584],[-108.29436,52.7295],[-108.30254,52.73384],[-108.30971,52.73878],[-108.31575,52.74426],[-108.32056,52.75016],[-108.32405,52.75639],[-108.32618,52.76284],[-108.32689,52.76941],[-108.32618,52.77598],[-108.32405,52.78243],[-108.32056,52.78866],[-108.31575,52.79456],[-108.30971,52.80003],[-108.30254,52.80498],[-108.29436,52.80932],[-108.28532,52.81297],[-108.27556,52.81589],[-108.26526,52.818],[-108.25459,52.81928],[-108.24374,52.81971]]]}},{"type":"Feature","properties":{"ident":"CYQX","name":"Gander International Airport","airport_type":"medium_airport","radius_km":5.6},"geometry":{"type":"Polygon","coordinates":[[[-54.56772,48.98656],[-54.55772,48.98613],[-54.5479,48.98485],[-54.53841,48.98273],[-54.52943,48.97982],[-54.5211,48.97617],[-54.51357,48.97183],[-54.50696,48.96688],[-54.5014,48.96141],[-54.49697,48.95551],[-54.49375,48.94928],[-54.49179,48.94282],[-54.49114,48.93626],[-54.49179,48.92969],[-54.49375,48.92324],[-54.49697,48.91701],[-54.5014,48.91111],[-54.50696,48.90563],[-54.51357,48.90069],[-54.5211,48.89635],[-54.52943,48.89269],[-54.53841,48.88978],[-54.5479,48.88767],[-54.55772,48.88638],[-54.56772,48.88595],[-54.57771,48.88638],[-54.58754,48.88767],[-54.59702,48.88978],[-54.60601,48.89269],[-54.61434,48.89635],[-54.62187,48.90069],[-54.62847,48.90563],[-54.63404,48.91111],[-54.63847,48.91701],[-54.64169,48.92324],[-54.64364,48.92969],[-54.6443,48.93626],[-54.64364,48.94282],[-54.64169,48.94928],[-54.63847,48.95551],[-54.63404,48.96141],[-54.62847,48.96688],[-54.62187,48.97183],[-54.61434,48.97617],[-54.60601,48.97982],[-54.59702,48.98273],[-54.58754,48.98485],[-54.57771,48.98613],[-54.56772,48.98656]]]}},{"type":"Feature","properties":{"ident":"CYQY","name":"Sydney / J.A. Douglas McCurdy Airport","airport_type":"medium_airport","radius_km":5.6},"geometry":{"type":"Polygon","coordinates":[[[-60.04976,46.21138],[-60.04028,46.21095],[-60.03096,46.20966],[-60.02196,46.20755],[-60.01344,46.20464],[-60.00555,46.20098],[-59.9984,46.19664],[-59.99214,46.1917],[-59.98686,46.18622],[-59.98266,46.18032],[-59.9796,46.17409],[-59.97775,46.16764],[-59.97713,46.16107],[-59.97775,46.15451],[-59.9796,46.14805],[-59.98266,46.14182],[-59.98686,46.13592],[-59.99214,46.13045],[-59.9984,46.1255],[-60.00555,46.12116],[-60.01344,46.11751],[-60.02196,46.1146],[-60.03096,46.11248],[-60.04028,46.1112],[-60.04976,46.11077],[-60.05924,46.1112],[-60.06856,46.11248],[-60.07755,46.1146],[-60.08607,46.11751],[-60.09397,46.12116],[-60.10112,46.1255],[-60.10738,46.13045],[-60.11266,46.13592],[-60.11686,46.14182],[-60.11991,46.14805],[-60.12177,46.15451],[-60.12239,46.16107],[-60.12177,46.16764],[-60.11991,46.17409],[-60.11686,46.18032],[-60.11266,46.18622],[-60.10738,46.1917],[-60.10112,46.19664],[-60.09397,46.20098],[-60.08607,46.20464],[-60.07755,46.20755],[-60.06856,46.20966],[-60.05924,46.21095],[-60.04976,46.21138]]]}},{"type":"Feature","properties":{"ident":"CYQZ","name":"Quesnel Airport","airport_type":"medium_airport","radius_km":5.6},"geometry":{"type":"Polygon","coordinates":[[[-122.51,53.07641],[-122.49908,53.07598],[-122.48835,53.07469],[-122.47799,53.07258],[-122.46818,53.06967],[-122.45909,53.06601],[-122.45086,53.06167],[-122.44365,53.05672],[-122.43757,53.05125],[-122.43273,53.04535],[-122.42921,53.03912],[-122.42708,53.03267],[-122.42636,53.0261],[-122.42708,53.01953],[-122.42921,53.01308],[-122.43273,53.00685],[-122.43757,53.00095],[-122.44365,52.99548],[-122.45086,52.99053],[-122.45909,52.98619],[-122.46818,52.98253],[-122.47799,52.97962],[-122.48835,52.97751],[-122.49908,52.97623],[-122.51,52.97579],[-122.52092,52.97623],[-122.53165,52.97751],[-122.54201,52.97962],[-122.55182,52.98253],[-122.56092,52.98619],[-122.56914,52.99053],[-122.57636,52.99548],[-122.58244,53.00095],[-122.58728,53.00685],[-122.59079,53.01308],[-122.59293,53.01953],[-122.59364,53.0261],[-122.59293,53.03267],[-122.59079,53.03912],[-122.58728,53.04535],[-122.58244,53.05125],[-122.57636,53.05672],[-122.56914,53.06167],[-122.56092,53.06601],[-122.55182,53.06967],[-122.54201,53.07258],[-122.53165,53.07469],[-122.52092,53.07598],[-122.51,53.07641]]]}},{"type":"Feature","properties":{"ident":"CYRB","name":"Resolute Bay Airport","airport_type":"medium_airport","radius_km":5.6},"geometry":{"type":"Polygon","coordinates":[[[-94.9694,74.76721],[-94.94449,74.76678],[-94.92,74.76549],[-94.89636,74.76338],[-94.87397,74.76047],[-94.85322,74.75681],[-94.83445,74.75247],[-94.81799,74.74753],[-94.80412,74.74206],[-94.79308,74.73615],[-94.78505,74.72992],[-94.78018,74.72347],[-94.77855,74.7169],[-94.78018,74.71034],[-94.78505,74.70388],[-94.79308,74.69765],[-94.80412,74.69175],[-94.81799,74.68628],[-94.83445,74.68133],[-94.85322,74.67699],[-94.87397,74.67334],[-94.89636,74.67043],[-94.92,74.66831],[-94.94449,74.66703],[-94.9694,74.6666],[-94.99431,74.66703],[-95.01879,74.66831],[-95.04243,74.67043],[-95.06482,74.67334],[-95.08558,74.67699],[-95.10435,74.68133],[-95.12081,74.68628],[-95.13468,74.69175],[-95.14572,74.69765],[-95.15374,74.70388],[-95.15861,74.71034],[-95.16025,74.7169],[-95.15861,74.72347],[-95.15374,74.72992],[-95.14572,74.73615],[-95.13468,74.74206],[-95.12081,74.74753],[-95.10435,74.75247],[-95.08558,74.75681],[-95.06482,74.76047],[-95.04243,74.76338],[-95.01879,74.76549],[-94.99431,74.76678],[-94.9694,74.76721]]]}},{"type":"Feature","properties":{"ident":"CYRI","name":"Rivi\u00e8re-du-Loup Airport","airport_type":"medium_airport","radius_km":5.6},"geometry":{"type":"Polygon","coordinates":[[[-69.5847,47.81471],[-69.57493,47.81428],[-69.56533,47.81299],[-69.55606,47.81088],[-69.54728,47.80797],[-69.53914,47.80431],[-69.53178,47.79997],[-69.52533,47.79502],[-69.51989,47.78955],[-69.51556,47.78365],[-69.51241,47.77742],[-69.5105,47.77097],[-69.50986,47.7644],[-69.5105,47.75783],[-69.51241,47.75138],[-69.51556,47.74515],[-69.51989,47.73925],[-69.52533,47.73378],[-69.53178,47.72883],[-69.53914,47.72449],[-69.54728,47.72083],[-69.55606,47.71792],[-69.56533,47.71581],[-69.57493,47.71453],[-69.5847,47.7141],[-69.59447,47.71453],[-69.60407,47.71581],[-69.61334,47.71792],[-69.62212,47.72083],[-69.63026,47.72449],[-69.63762,47.72883],[-69.64408,47.73378],[-69.64951,47.73925],[-69.65384,47.74515],[-69.65699,47.75138],[-69.6589,47.75783],[-69.65954,47.7644],[-69.6589,47.77097],[-69.65699,47.77742],[-69.65384,47.78365],[-69.64951,47.78955],[-69.64408,47.79502],[-69.63762,47.79997],[-69.63026,47.80431],[-69.62212,47.80797],[-69.61334,47.81088],[-69.60407,47.81299],[-69.59447,47.81428],[-69.5847,47.81471]]]}},{"type":"Feature","properties":{"ident":"CYRJ","name":"Roberval Airport","airport_type":"medium_airport","radius_km":5.6},"geometry":{"type":"Polygon","coordinates":[[[-72.26574,48.56997],[-72.25582,48.56954],[-72.24608,48.56826],[-72.23667,48.56614],[-72.22776,48.56323],[-72.2195,48.55957],[-72.21203,48.55524],[-72.20548,48.55029],[-72.19996,48.54482],[-72.19557,48.53892],[-72.19237,48.53269],[-72.19044,48.52623],[-72.18979,48.51967],[-72.19044,48.5131],[-72.19237,48.50664],[-72.19557,48.50041],[-72.19996,48.49451],[-72.20548,48.48904],[-72.21203,48.48409],[-72.2195,48.47976],[-72.22776,48.4761],[-72.23667,48.47319],[-72.24608,48.47107],[-72.25582,48.46979],[-72.26574,48.46936],[-72.27565,48.46979],[-72.28539,48.47107],[-72.2948,48.47319],[-72.30371,48.4761],[-72.31197,48.47976],[-72.31944,48.48409],[-72.32599,48.48904],[-72.33151,48.49451],[-72.3359,48.50041],[-72.3391,48.50664],[-72.34103,48.5131],[-72.34168,48.51967],[-72.34103,48.52623],[-72.3391,48.53269],[-72.3359,48.53892],[-72.33151,48.54482],[-72.32599,48.55029],[-72.31944,48.55524],[-72.31197,48.55957],[-72.30371,48.56323],[-72.2948,48.56614],[-72.28539,48.56826],[-72.27565,48.56954],[-72.26574,48.56997]]]}},{"type":"Feature","properties":{"ident":"CYRL","name":"Red Lake Airport","airport_type":"medium_airport","radius_km":5.6},"geometry":{"type":"Polygon","coordinates":[[[-93.7931,51.1172],[-93.78265,51.11677],[-93.77238,51.11549],[-93.76246,51.11337],[-93.75307,51.11046],[-93.74437,51.10681],[-93.73649,51.10247],[-93.72959,51.09752],[-93.72377,51.09205],[-93.71914,51.08615],[-93.71577,51.07992],[-93.71373,51.07346],[-93.71305,51.0669],[-93.71373,51.06033],[-93.71577,51.05388],[-93.71914,51.04765],[-93.72377,51.04175],[-93.72959,51.03627],[-93.73649,51.03133],[-93.74437,51.02699],[-93.75307,51.02333],[-93.76246,51.02042],[-93.77238,51.01831],[-93.78265,51.01702],[-93.7931,51.01659],[-93.80355,51.01702],[-93.81382,51.01831],[-93.82373,51.02042],[-93.83312,51.02333],[-93.84183,51.02699],[-93.8497,51.03133],[-93.85661,51.03627],[-93.86243,51.04175],[-93.86706,51.04765],[-93.87042,51.05388],[-93.87247,51.06033],[-93.87315,51.0669],[-93.87247,51.07346],[-93.87042,51.07992],[-93.86706,51.08615],[-93.86243,51.09205],[-93.85661,51.09752],[-93.8497,51.10247],[-93.84183,51.10681],[-93.83312,51.11046],[-93.82373,51.11337],[-93.81382,51.11549],[-93.80355,51.11677],[-93.7931,51.1172]]]}},{"type":"Feature","properties":{"ident":"CYRO","name":"Ottawa / Rockcliffe Airport","airport_type":"medium_airport","radius_km":5.6},"geometry":{"type":"Polygon","coordinates":[[[-75.644,45.5108],[-75.63464,45.51037],[-75.62544,45.50909],[-75.61655,45.50697],[-75.60814,45.50406],[-75.60034,45.50041],[-75.59329,45.49607],[-75.5871,45.49112],[-75.58189,45.48565],[-75.57774,45.47975],[-75.57472,45.47352],[-75.57289,45.46706],[-75.57228,45.4605],[-75.57289,45.45393],[-75.57472,45.44748],[-75.57774,45.44124],[-75.58189,45.43534],[-75.5871,45.42987],[-75.59329,45.42492],[-75.60034,45.42059],[-75.60814,45.41693],[-75.61655,45.41402],[-75.62544,45.4119],[-75.63464,45.41062],[-75.644,45.41019],[-75.65336,45.41062],[-75.66256,45.4119],[-75.67145,45.41402],[-75.67986,45.41693],[-75.68766,45.42059],[-75.69472,45.42492],[-75.7009,45.42987],[-75.70611,45.43534],[-75.71026,45.44124],[-75.71328,45.44748],[-75.71511,45.45393],[-75.71572,45.4605],[-75.71511,45.46706],[-75.71328,45.47352],[-75.71026,45.47975],[-75.70611,45.48565],[-75.7009,45.49112],[-75.69472,45.49607],[-75.68766,45.50041],[-75.67986,45.50406],[-75.67145,45.50697],[-75.66256,45.50909],[-75.65336,45.51037],[-75.644,45.5108]]]}},{"type":"Feature","properties":{"ident":"CYRP","name":"Ottawa / Carp Airport","airport_type":"medium_airport","radius_km":5.6},"geometry":{"type":"Polygon","coordinates":[[[-76.0222,45.3695],[-76.01286,45.36907],[-76.00369,45.36779],[-75.99482,45.36567],[-75.98643,45.36276],[-75.97865,45.35911],[-75.97161,45.35477],[-75.96544,45.34982],[-75.96024,45.34435],[-75.95611,45.33845],[-75.9531,45.33222],[-75.95127,45.32576],[-75.95066,45.3192],[-75.95127,45.31263],[-75.9531,45.30618],[-75.95611,45.29995],[-75.96024,45.29405],[-75.96544,45.28857],[-75.97161,45.28363],[-75.97865,45.27929],[-75.98643,45.27563],[-75.99482,45.27272],[-76.00369,45.27061],[-76.01286,45.26932],[-76.0222,45.26889],[-76.03154,45.26932],[-76.04072,45.27061],[-76.04958,45.27272],[-76.05797,45.27563],[-76.06575,45.27929],[-76.07279,45.28363],[-76.07896,45.28857],[-76.08416,45.29405],[-76.0883,45.29995],[-76.09131,45.30618],[-76.09313,45.31263],[-76.09374,45.3192],[-76.09313,45.32576],[-76.09131,45.33222],[-76.0883,45.33845],[-76.08416,45.34435],[-76.07896,45.34982],[-76.07279,45.35477],[-76.06575,45.35911],[-76.05797,45.36276],[-76.04958,45.36567],[-76.04072,45.36779],[-76.03154,45.36907],[-76.0222,45.3695]]]}},{"type":"Feature","properties":{"ident":"CYRQ","name":"Trois-Rivi\u00e8res Airport","airport_type":"medium_airport","radius_km":5.6},"geometry":{"type":"Polygon","coordinates":[[[-72.6794,46.4031],[-72.66988,46.40267],[-72.66053,46.40139],[-72.65151,46.39927],[-72.64296,46.39636],[-72.63503,46.39271],[-72.62786,46.38837],[-72.62158,46.38342],[-72.61628,46.37795],[-72.61206,46.37205],[-72.609,46.36582],[-72.60714,46.35936],[-72.60651,46.3528],[-72.60714,46.34623],[-72.609,46.33978],[-72.61206,46.33355],[-72.61628,46.32765],[-72.62158,46.32217],[-72.62786,46.31723],[-72.63503,46.31289],[-72.64296,46.30923],[-72.65151,46.30632],[-72.66053,46.30421],[-72.66988,46.30292],[-72.6794,46.30249],[-72.68891,46.30292],[-72.69826,46.30421],[-72.70729,46.30632],[-72.71584,46.30923],[-72.72377,46.31289],[-72.73093,46.31723],[-72.73722,46.32217],[-72.74252,46.32765],[-72.74673,46.33355],[-72.7498,46.33978],[-72.75166,46.34623],[-72.75228,46.3528],[-72.75166,46.35936],[-72.7498,46.36582],[-72.74673,46.37205],[-72.74252,46.37795],[-72.73722,46.38342],[-72.73093,46.38837],[-72.72377,46.39271],[-72.71584,46.39636],[-72.70729,46.39927],[-72.69826,46.40139],[-72.68891,46.40267],[-72.6794,46.4031]]]}},{"type":"Feature","properties":{"ident":"CYRT","name":"Rankin Inlet Airport","airport_type":"medium_airport","radius_km":5.6},"geometry":{"type":"Polygon","coordinates":[[[-92.1158,62.86171],[-92.10143,62.86128],[-92.0873,62.85999],[-92.07367,62.85788],[-92.06075,62.85497],[-92.04878,62.85131],[-92.03795,62.84697],[-92.02845,62.84203],[-92.02045,62.83655],[-92.01408,62.83065],[-92.00945,62.82442],[-92.00664,62.81797],[-92.0057,62.8114],[-92.00664,62.80484],[-92.00945,62.79838],[-92.01408,62.79215],[-92.02045,62.78625],[-92.02845,62.78078],[-92.03795,62.77583],[-92.04878,62.77149],[-92.06075,62.76784],[-92.07367,62.76493],[-92.0873,62.76281],[-92.10143,62.76153],[-92.1158,62.7611],[-92.13017,62.76153],[-92.14429,62.76281],[-92.15793,62.76493],[-92.17085,62.76784],[-92.18282,62.77149],[-92.19365,62.77583],[-92.20314,62.78078],[-92.21115,62.78625],[-92.21751,62.79215],[-92.22214,62.79838],[-92.22495,62.80484],[-92.2259,62.8114],[-92.22495,62.81797],[-92.22214,62.82442],[-92.21751,62.83065],[-92.21115,62.83655],[-92.20314,62.84203],[-92.19365,62.84697],[-92.18282,62.85131],[-92.17085,62.85497],[-92.15793,62.85788],[-92.14429,62.85999],[-92.13017,62.86128],[-92.1158,62.86171]]]}},{"type":"Feature","properties":{"ident":"CYRV","name":"Revelstoke Airport","airport_type":"medium_airport","radius_km":5.6},"geometry":{"type":"Polygon","coordinates":[[[-118.18426,51.01255],[-118.17383,51.01212],[-118.16359,51.01084],[-118.15369,51.00872],[-118.14432,51.00581],[-118.13564,51.00215],[-118.12778,50.99782],[-118.12089,50.99287],[-118.11509,50.9874],[-118.11047,50.9815],[-118.10711,50.97527],[-118.10507,50.96881],[-118.10439,50.96225],[-118.10507,50.95568],[-118.10711,50.94922],[-118.11047,50.94299],[-118.11509,50.93709],[-118.12089,50.93162],[-118.12778,50.92667],[-118.13564,50.92234],[-118.14432,50.91868],[-118.15369,50.91577],[-118.16359,50.91365],[-118.17383,50.91237],[-118.18426,50.91194],[-118.19468,50.91237],[-118.20493,50.91365],[-118.21482,50.91577],[-118.22419,50.91868],[-118.23288,50.92234],[-118.24074,50.92667],[-118.24762,50.93162],[-118.25343,50.93709],[-118.25805,50.94299],[-118.26141,50.94922],[-118.26345,50.95568],[-118.26413,50.96225],[-118.26345,50.96881],[-118.26141,50.97527],[-118.25805,50.9815],[-118.25343,50.9874],[-118.24762,50.99287],[-118.24074,50.99782],[-118.23288,51.00215],[-118.22419,51.00581],[-118.21482,51.00872],[-118.20493,51.01084],[-118.19468,51.01212],[-118.18426,51.01255]]]}},{"type":"Feature","properties":{"ident":"CYS7","name":"Wallaceburg/Chatham-Kent Health Alliance Heliport","airport_type":"heliport","radius_km":1.9},"geometry":{"type":"Polygon","coordinates":[[[-82.3668,42.61627],[-82.36228,42.61594],[-82.35793,42.61497],[-82.35392,42.61339],[-82.3504,42.61127],[-82.34752,42.60868],[-82.34538,42.60573],[-82.34406,42.60253],[-82.34361,42.5992],[-82.34406,42.59587],[-82.34538,42.59267],[-82.34752,42.58972],[-82.3504,42.58713],[-82.35392,42.58501],[-82.35793,42.58343],[-82.36228,42.58246],[-82.3668,42.58213],[-82.37132,42.58246],[-82.37567,42.58343],[-82.37968,42.58501],[-82.3832,42.58713],[-82.38608,42.58972],[-82.38822,42.59267],[-82.38954,42.59587],[-82.38999,42.5992],[-82.38954,42.60253],[-82.38822,42.60573],[-82.38608,42.60868],[-82.3832,42.61127],[-82.37968,42.61339],[-82.37567,42.61497],[-82.37132,42.61594],[-82.3668,42.61627]]]}},{"type":"Feature","properties":{"ident":"CYSB","name":"Sudbury Airport","airport_type":"medium_airport","radius_km":5.6},"geometry":{"type":"Polygon","coordinates":[[[-80.7989,46.67531],[-80.78934,46.67488],[-80.77994,46.67359],[-80.77087,46.67148],[-80.76227,46.66857],[-80.75431,46.66491],[-80.7471,46.66057],[-80.74078,46.65562],[-80.73546,46.65015],[-80.73122,46.64425],[-80.72814,46.63802],[-80.72627,46.63157],[-80.72565,46.625],[-80.72627,46.61843],[-80.72814,46.61198],[-80.73122,46.60575],[-80.73546,46.59985],[-80.74078,46.59438],[-80.7471,46.58943],[-80.75431,46.58509],[-80.76227,46.58143],[-80.77087,46.57852],[-80.77994,46.57641],[-80.78934,46.57512],[-80.7989,46.57469],[-80.80846,46.57512],[-80.81786,46.57641],[-80.82693,46.57852],[-80.83552,46.58143],[-80.84349,46.58509],[-80.85069,46.58943],[-80.85701,46.59438],[-80.86233,46.59985],[-80.86657,46.60575],[-80.86965,46.61198],[-80.87152,46.61843],[-80.87215,46.625],[-80.87152,46.63157],[-80.86965,46.63802],[-80.86657,46.64425],[-80.86233,46.65015],[-80.85701,46.65562],[-80.85069,46.66057],[-80.84349,46.66491],[-80.83552,46.66857],[-80.82693,46.67148],[-80.81786,46.67359],[-80.80846,46.67488],[-80.7989,46.67531]]]}},{"type":"Feature","properties":{"ident":"CYSC","name":"Sherbrooke Airport","airport_type":"medium_airport","radius_km":5.6},"geometry":{"type":"Polygon","coordinates":[[[-71.6914,45.4889],[-71.68204,45.48847],[-71.67284,45.48719],[-71.66396,45.48508],[-71.65555,45.48216],[-71.64775,45.47851],[-71.6407,45.47417],[-71.63452,45.46922],[-71.62931,45.46375],[-71.62516,45.45785],[-71.62215,45.45162],[-71.62032,45.44517],[-71.61971,45.4386],[-71.62032,45.43203],[-71.62215,45.42558],[-71.62516,45.41935],[-71.62931,45.41345],[-71.63452,45.40797],[-71.6407,45.40303],[-71.64775,45.39869],[-71.65555,45.39503],[-71.66396,45.39212],[-71.67284,45.39001],[-71.68204,45.38872],[-71.6914,45.38829],[-71.70076,45.38872],[-71.70995,45.39001],[-71.71883,45.39212],[-71.72725,45.39503],[-71.73504,45.39869],[-71.74209,45.40303],[-71.74828,45.40797],[-71.75349,45.41345],[-71.75764,45.41935],[-71.76065,45.42558],[-71.76248,45.43203],[-71.76309,45.4386],[-71.76248,45.44517],[-71.76065,45.45162],[-71.75764,45.45785],[-71.75349,45.46375],[-71.74828,45.46922],[-71.74209,45.47417],[-71.73504,45.47851],[-71.72725,45.48216],[-71.71883,45.48508],[-71.70995,45.48719],[-71.70076,45.48847],[-71.6914,45.4889]]]}},{"type":"Feature","properties":{"ident":"CYSD","name":"Canadian Forces Base Suffield Heliport","airport_type":"heliport","radius_km":1.9},"geometry":{"type":"Polygon","coordinates":[[[-111.18019,50.29343],[-111.17498,50.2931],[-111.16997,50.29213],[-111.16535,50.29055],[-111.1613,50.28843],[-111.15798,50.28584],[-111.15552,50.28289],[-111.154,50.27969],[-111.15348,50.27636],[-111.154,50.27303],[-111.15552,50.26983],[-111.15798,50.26688],[-111.1613,50.26429],[-111.16535,50.26217],[-111.16997,50.26059],[-111.17498,50.25962],[-111.18019,50.25929],[-111.1854,50.25962],[-111.19041,50.26059],[-111.19503,50.26217],[-111.19907,50.26429],[-111.20239,50.26688],[-111.20486,50.26983],[-111.20638,50.27303],[-111.2069,50.27636],[-111.20638,50.27969],[-111.20486,50.28289],[-111.20239,50.28584],[-111.19907,50.28843],[-111.19503,50.29055],[-111.19041,50.29213],[-111.1854,50.2931],[-111.18019,50.29343]]]}},{"type":"Feature","properties":{"ident":"CYSF","name":"Stony Rapids Airport","airport_type":"medium_airport","radius_km":5.6},"geometry":{"type":"Polygon","coordinates":[[[-105.841,59.30061],[-105.82816,59.30018],[-105.81554,59.29889],[-105.80335,59.29678],[-105.79181,59.29387],[-105.78111,59.29021],[-105.77143,59.28587],[-105.76295,59.28093],[-105.7558,59.27545],[-105.7501,59.26955],[-105.74597,59.26332],[-105.74346,59.25687],[-105.74261,59.2503],[-105.74346,59.24374],[-105.74597,59.23728],[-105.7501,59.23105],[-105.7558,59.22515],[-105.76295,59.21968],[-105.77143,59.21473],[-105.78111,59.21039],[-105.79181,59.20674],[-105.80335,59.20383],[-105.81554,59.20171],[-105.82816,59.20043],[-105.841,59.2],[-105.85385,59.20043],[-105.86647,59.20171],[-105.87866,59.20383],[-105.8902,59.20674],[-105.9009,59.21039],[-105.91058,59.21473],[-105.91906,59.21968],[-105.92621,59.22515],[-105.9319,59.23105],[-105.93604,59.23728],[-105.93855,59.24374],[-105.93939,59.2503],[-105.93855,59.25687],[-105.93604,59.26332],[-105.9319,59.26955],[-105.92621,59.27545],[-105.91906,59.28093],[-105.91058,59.28587],[-105.9009,59.29021],[-105.8902,59.29387],[-105.87866,59.29678],[-105.86647,59.29889],[-105.85385,59.30018],[-105.841,59.30061]]]}},{"type":"Feature","properties":{"ident":"CYSG","name":"Saint-Georges Airport","airport_type":"medium_airport","radius_km":5.6},"geometry":{"type":"Polygon","coordinates":[[[-70.7147,46.14671],[-70.70523,46.14628],[-70.69592,46.14499],[-70.68694,46.14288],[-70.67843,46.13997],[-70.67054,46.13631],[-70.6634,46.13197],[-70.65715,46.12703],[-70.65187,46.12155],[-70.64768,46.11565],[-70.64463,46.10942],[-70.64278,46.10297],[-70.64215,46.0964],[-70.64278,46.08983],[-70.64463,46.08338],[-70.64768,46.07715],[-70.65187,46.07125],[-70.65715,46.06578],[-70.6634,46.06083],[-70.67054,46.05649],[-70.67843,46.05284],[-70.68694,46.04992],[-70.69592,46.04781],[-70.70523,46.04653],[-70.7147,46.0461],[-70.72417,46.04653],[-70.73347,46.04781],[-70.74246,46.04992],[-70.75097,46.05284],[-70.75886,46.05649],[-70.766,46.06083],[-70.77225,46.06578],[-70.77752,46.07125],[-70.78172,46.07715],[-70.78477,46.08338],[-70.78662,46.08983],[-70.78724,46.0964],[-70.78662,46.10297],[-70.78477,46.10942],[-70.78172,46.11565],[-70.77752,46.12155],[-70.77225,46.12703],[-70.766,46.13197],[-70.75886,46.13631],[-70.75097,46.13997],[-70.74246,46.14288],[-70.73347,46.14499],[-70.72417,46.14628],[-70.7147,46.14671]]]}},{"type":"Feature","properties":{"ident":"CYSH","name":"Smiths Falls-Montague (Russ Beach) Airport","airport_type":"medium_airport","radius_km":5.6},"geometry":{"type":"Polygon","coordinates":[[[-75.9406,44.99611],[-75.93132,44.99568],[-75.9222,44.99439],[-75.9134,44.99228],[-75.90506,44.98937],[-75.89733,44.98571],[-75.89034,44.98137],[-75.88421,44.97643],[-75.87904,44.97095],[-75.87493,44.96505],[-75.87194,44.95882],[-75.87013,44.95237],[-75.86952,44.9458],[-75.87013,44.93923],[-75.87194,44.93278],[-75.87493,44.92655],[-75.87904,44.92065],[-75.88421,44.91518],[-75.89034,44.91023],[-75.89733,44.90589],[-75.90506,44.90224],[-75.9134,44.89932],[-75.9222,44.89721],[-75.93132,44.89593],[-75.9406,44.8955],[-75.94988,44.89593],[-75.95899,44.89721],[-75.9678,44.89932],[-75.97614,44.90224],[-75.98387,44.90589],[-75.99086,44.91023],[-75.99699,44.91518],[-76.00215,44.92065],[-76.00626,44.92655],[-76.00925,44.93278],[-76.01107,44.93923],[-76.01167,44.9458],[-76.01107,44.95237],[-76.00925,44.95882],[-76.00626,44.96505],[-76.00215,44.97095],[-75.99699,44.97643],[-75.99086,44.98137],[-75.98387,44.98571],[-75.97614,44.98937],[-75.9678,44.99228],[-75.95899,44.99439],[-75.94988,44.99568],[-75.9406,44.99611]]]}},{"type":"Feature","properties":{"ident":"CYSJ","name":"Saint John Airport","airport_type":"medium_airport","radius_km":5.6},"geometry":{"type":"Polygon","coordinates":[[[-65.8903,45.36641],[-65.88096,45.36598],[-65.87178,45.36469],[-65.86292,45.36258],[-65.85453,45.35967],[-65.84675,45.35601],[-65.83971,45.35167],[-65.83354,45.34673],[-65.82834,45.34125],[-65.8242,45.33535],[-65.8212,45.32912],[-65.81937,45.32267],[-65.81876,45.3161],[-65.81937,45.30953],[-65.8212,45.30308],[-65.8242,45.29685],[-65.82834,45.29095],[-65.83354,45.28548],[-65.83971,45.28053],[-65.84675,45.27619],[-65.85453,45.27254],[-65.86292,45.26962],[-65.87178,45.26751],[-65.88096,45.26623],[-65.8903,45.2658],[-65.89963,45.26623],[-65.90881,45.26751],[-65.91767,45.26962],[-65.92607,45.27254],[-65.93385,45.27619],[-65.94088,45.28053],[-65.94705,45.28548],[-65.95225,45.29095],[-65.95639,45.29685],[-65.9594,45.30308],[-65.96122,45.30953],[-65.96184,45.3161],[-65.96122,45.32267],[-65.9594,45.32912],[-65.95639,45.33535],[-65.95225,45.34125],[-65.94705,45.34673],[-65.94088,45.35167],[-65.93385,45.35601],[-65.92607,45.35967],[-65.91767,45.36258],[-65.90881,45.36469],[-65.89963,45.36598],[-65.8903,45.36641]]]}},{"type":"Feature","properties":{"ident":"CYSL","name":"Saint-L\u00e9onard Airport","airport_type":"medium_airport","radius_km":5.6},"geometry":{"type":"Polygon","coordinates":[[[-67.83624,47.2074],[-67.82659,47.20697],[-67.81709,47.20569],[-67.80793,47.20357],[-67.79925,47.20066],[-67.79121,47.19701],[-67.78393,47.19267],[-67.77755,47.18772],[-67.77217,47.18225],[-67.76789,47.17635],[-67.76478,47.17012],[-67.7629,47.16366],[-67.76226,47.1571],[-67.7629,47.15053],[-67.76478,47.14408],[-67.76789,47.13785],[-67.77217,47.13194],[-67.77755,47.12647],[-67.78393,47.12153],[-67.79121,47.11719],[-67.79925,47.11353],[-67.80793,47.11062],[-67.81709,47.10851],[-67.82659,47.10722],[-67.83624,47.10679],[-67.8459,47.10722],[-67.85539,47.10851],[-67.86455,47.11062],[-67.87323,47.11353],[-67.88128,47.11719],[-67.88855,47.12153],[-67.89493,47.12647],[-67.90031,47.13194],[-67.90459,47.13785],[-67.9077,47.14408],[-67.90959,47.15053],[-67.91022,47.1571],[-67.90959,47.16366],[-67.9077,47.17012],[-67.90459,47.17635],[-67.90031,47.18225],[-67.89493,47.18772],[-67.88855,47.19267],[-67.88128,47.19701],[-67.87323,47.20066],[-67.86455,47.20357],[-67.85539,47.20569],[-67.8459,47.20697],[-67.83624,47.2074]]]}},{"type":"Feature","properties":{"ident":"CYSM","name":"Fort Smith Airport","airport_type":"medium_airport","radius_km":5.6},"geometry":{"type":"Polygon","coordinates":[[[-111.962,60.07061],[-111.94886,60.07018],[-111.93594,60.06889],[-111.92347,60.06678],[-111.91166,60.06387],[-111.90071,60.06021],[-111.89081,60.05587],[-111.88213,60.05093],[-111.87481,60.04545],[-111.86899,60.03955],[-111.86476,60.03332],[-111.86219,60.02687],[-111.86133,60.0203],[-111.86219,60.01374],[-111.86476,60.00728],[-111.86899,60.00105],[-111.87481,59.99515],[-111.88213,59.98968],[-111.89081,59.98473],[-111.90071,59.98039],[-111.91166,59.97674],[-111.92347,59.97383],[-111.93594,59.97171],[-111.94886,59.97043],[-111.962,59.97],[-111.97514,59.97043],[-111.98805,59.97171],[-112.00052,59.97383],[-112.01233,59.97674],[-112.02328,59.98039],[-112.03318,59.98473],[-112.04187,59.98968],[-112.04918,59.99515],[-112.05501,60.00105],[-112.05924,60.00728],[-112.06181,60.01374],[-112.06267,60.0203],[-112.06181,60.02687],[-112.05924,60.03332],[-112.05501,60.03955],[-112.04918,60.04545],[-112.04187,60.05093],[-112.03318,60.05587],[-112.02328,60.06021],[-112.01233,60.06387],[-112.00052,60.06678],[-111.98805,60.06889],[-111.97514,60.07018],[-111.962,60.07061]]]}},{"type":"Feature","properties":{"ident":"CYSN","name":"Niagara District Airport","airport_type":"medium_airport","radius_km":5.6},"geometry":{"type":"Polygon","coordinates":[[[-79.17169,43.2419],[-79.16268,43.24147],[-79.15383,43.24019],[-79.14528,43.23807],[-79.13719,43.23516],[-79.12968,43.23151],[-79.1229,43.22717],[-79.11694,43.22222],[-79.11193,43.21675],[-79.10794,43.21085],[-79.10504,43.20462],[-79.10328,43.19816],[-79.10269,43.1916],[-79.10328,43.18503],[-79.10504,43.17858],[-79.10794,43.17235],[-79.11193,43.16645],[-79.11694,43.16097],[-79.1229,43.15603],[-79.12968,43.15169],[-79.13719,43.14803],[-79.14528,43.14512],[-79.15383,43.14301],[-79.16268,43.14172],[-79.17169,43.14129],[-79.18069,43.14172],[-79.18954,43.14301],[-79.19809,43.14512],[-79.20619,43.14803],[-79.21369,43.15169],[-79.22048,43.15603],[-79.22643,43.16097],[-79.23144,43.16645],[-79.23543,43.17235],[-79.23833,43.17858],[-79.2401,43.18503],[-79.24069,43.1916],[-79.2401,43.19816],[-79.23833,43.20462],[-79.23543,43.21085],[-79.23144,43.21675],[-79.22643,43.22222],[-79.22048,43.22717],[-79.21369,43.23151],[-79.20619,43.23516],[-79.19809,43.23807],[-79.18954,43.24019],[-79.18069,43.24147],[-79.17169,43.2419]]]}},{"type":"Feature","properties":{"ident":"CYSP","name":"Marathon Airport","airport_type":"medium_airport","radius_km":5.6},"geometry":{"type":"Polygon","coordinates":[[[-86.3444,48.8056],[-86.33444,48.80517],[-86.32465,48.80389],[-86.3152,48.80177],[-86.30625,48.79886],[-86.29795,48.79521],[-86.29044,48.79087],[-86.28386,48.78592],[-86.27832,48.78045],[-86.2739,48.77455],[-86.27069,48.76832],[-86.26875,48.76186],[-86.26809,48.7553],[-86.26875,48.74873],[-86.27069,48.74228],[-86.2739,48.73605],[-86.27832,48.73015],[-86.28386,48.72467],[-86.29044,48.71973],[-86.29795,48.71539],[-86.30625,48.71173],[-86.3152,48.70882],[-86.32465,48.70671],[-86.33444,48.70542],[-86.3444,48.70499],[-86.35436,48.70542],[-86.36415,48.70671],[-86.3736,48.70882],[-86.38255,48.71173],[-86.39085,48.71539],[-86.39835,48.71973],[-86.40493,48.72467],[-86.41048,48.73015],[-86.41489,48.73605],[-86.4181,48.74228],[-86.42005,48.74873],[-86.4207,48.7553],[-86.42005,48.76186],[-86.4181,48.76832],[-86.41489,48.77455],[-86.41048,48.78045],[-86.40493,48.78592],[-86.39835,48.79087],[-86.39085,48.79521],[-86.38255,48.79886],[-86.3736,48.80177],[-86.36415,48.80389],[-86.35436,48.80517],[-86.3444,48.8056]]]}},{"type":"Feature","properties":{"ident":"CYSU","name":"Summerside Airport","airport_type":"medium_airport","radius_km":5.6},"geometry":{"type":"Polygon","coordinates":[[[-63.8336,46.49091],[-63.82407,46.49048],[-63.8147,46.48919],[-63.80566,46.48708],[-63.7971,46.48417],[-63.78916,46.48051],[-63.78198,46.47617],[-63.77568,46.47123],[-63.77038,46.46575],[-63.76615,46.45985],[-63.76309,46.45362],[-63.76122,46.44717],[-63.7606,46.4406],[-63.76122,46.43403],[-63.76309,46.42758],[-63.76615,46.42135],[-63.77038,46.41545],[-63.77568,46.40998],[-63.78198,46.40503],[-63.78916,46.40069],[-63.7971,46.39704],[-63.80566,46.39412],[-63.8147,46.39201],[-63.82407,46.39073],[-63.8336,46.3903],[-63.84313,46.39073],[-63.85249,46.39201],[-63.86154,46.39412],[-63.8701,46.39704],[-63.87804,46.40069],[-63.88522,46.40503],[-63.89151,46.40998],[-63.89682,46.41545],[-63.90104,46.42135],[-63.90411,46.42758],[-63.90598,46.43403],[-63.9066,46.4406],[-63.90598,46.44717],[-63.90411,46.45362],[-63.90104,46.45985],[-63.89682,46.46575],[-63.89151,46.47123],[-63.88522,46.47617],[-63.87804,46.48051],[-63.8701,46.48417],[-63.86154,46.48708],[-63.85249,46.48919],[-63.84313,46.49048],[-63.8336,46.49091]]]}},{"type":"Feature","properties":{"ident":"CYTA","name":"Pembroke Airport","airport_type":"medium_airport","radius_km":5.6},"geometry":{"type":"Polygon","coordinates":[[[-77.2517,45.9147],[-77.24227,45.91427],[-77.233,45.91299],[-77.22406,45.91088],[-77.21558,45.90796],[-77.20772,45.90431],[-77.20062,45.89997],[-77.19439,45.89502],[-77.18914,45.88955],[-77.18496,45.88365],[-77.18192,45.87742],[-77.18008,45.87097],[-77.17946,45.8644],[-77.18008,45.85783],[-77.18192,45.85138],[-77.18496,45.84515],[-77.18914,45.83925],[-77.19439,45.83377],[-77.20062,45.82883],[-77.20772,45.82449],[-77.21558,45.82083],[-77.22406,45.81792],[-77.233,45.81581],[-77.24227,45.81452],[-77.2517,45.81409],[-77.26113,45.81452],[-77.2704,45.81581],[-77.27935,45.81792],[-77.28782,45.82083],[-77.29568,45.82449],[-77.30278,45.82883],[-77.30901,45.83377],[-77.31426,45.83925],[-77.31844,45.84515],[-77.32148,45.85138],[-77.32332,45.85783],[-77.32394,45.8644],[-77.32332,45.87097],[-77.32148,45.87742],[-77.31844,45.88365],[-77.31426,45.88955],[-77.30901,45.89502],[-77.30278,45.89997],[-77.29568,45.90431],[-77.28782,45.90796],[-77.27935,45.91088],[-77.2704,45.91299],[-77.26113,45.91427],[-77.2517,45.9147]]]}},{"type":"Feature","properties":{"ident":"CYTF","name":"Alma Airport","airport_type":"medium_airport","radius_km":5.6},"geometry":{"type":"Polygon","coordinates":[[[-71.6419,48.55921],[-71.63199,48.55878],[-71.62225,48.55749],[-71.61284,48.55538],[-71.60393,48.55247],[-71.59567,48.54881],[-71.58821,48.54447],[-71.58166,48.53952],[-71.57614,48.53405],[-71.57175,48.52815],[-71.56855,48.52192],[-71.56662,48.51547],[-71.56597,48.5089],[-71.56662,48.50233],[-71.56855,48.49588],[-71.57175,48.48965],[-71.57614,48.48375],[-71.58166,48.47828],[-71.58821,48.47333],[-71.59567,48.46899],[-71.60393,48.46533],[-71.61284,48.46242],[-71.62225,48.46031],[-71.63199,48.45902],[-71.6419,48.45859],[-71.65181,48.45902],[-71.66155,48.46031],[-71.67096,48.46242],[-71.67987,48.46533],[-71.68812,48.46899],[-71.69559,48.47333],[-71.70214,48.47828],[-71.70766,48.48375],[-71.71205,48.48965],[-71.71524,48.49588],[-71.71718,48.50233],[-71.71783,48.5089],[-71.71718,48.51547],[-71.71524,48.52192],[-71.71205,48.52815],[-71.70766,48.53405],[-71.70214,48.53952],[-71.69559,48.54447],[-71.68812,48.54881],[-71.67987,48.55247],[-71.67096,48.55538],[-71.66155,48.55749],[-71.65181,48.55878],[-71.6419,48.55921]]]}},{"type":"Feature","properties":{"ident":"CYTH","name":"Thompson Airport","airport_type":"medium_airport","radius_km":5.6},"geometry":{"type":"Polygon","coordinates":[[[-97.8642,55.85141],[-97.85251,55.85098],[-97.84103,55.84969],[-97.82995,55.84758],[-97.81945,55.84467],[-97.80971,55.84101],[-97.80091,55.83667],[-97.79319,55.83173],[-97.78669,55.82625],[-97.78151,55.82035],[-97.77775,55.81412],[-97.77546,55.80767],[-97.7747,55.8011],[-97.77546,55.79454],[-97.77775,55.78808],[-97.78151,55.78185],[-97.78669,55.77595],[-97.79319,55.77048],[-97.80091,55.76553],[-97.80971,55.76119],[-97.81945,55.75754],[-97.82995,55.75463],[-97.84103,55.75251],[-97.85251,55.75123],[-97.8642,55.7508],[-97.87588,55.75123],[-97.88736,55.75251],[-97.89845,55.75463],[-97.90895,55.75754],[-97.91868,55.76119],[-97.92748,55.76553],[-97.9352,55.77048],[-97.94171,55.77595],[-97.94688,55.78185],[-97.95065,55.78808],[-97.95293,55.79454],[-97.9537,55.8011],[-97.95293,55.80767],[-97.95065,55.81412],[-97.94688,55.82035],[-97.94171,55.82625],[-97.9352,55.83173],[-97.92748,55.83667],[-97.91868,55.84101],[-97.90895,55.84467],[-97.89845,55.84758],[-97.88736,55.84969],[-97.87588,55.85098],[-97.8642,55.85141]]]}},{"type":"Feature","properties":{"ident":"CYTR","name":"CFB Trenton","airport_type":"medium_airport","radius_km":5.6},"geometry":{"type":"Polygon","coordinates":[[[-77.5281,44.16921],[-77.51895,44.16878],[-77.50996,44.16749],[-77.50128,44.16538],[-77.49306,44.16247],[-77.48544,44.15881],[-77.47855,44.15447],[-77.47251,44.14952],[-77.46741,44.14405],[-77.46336,44.13815],[-77.46041,44.13192],[-77.45863,44.12547],[-77.45803,44.1189],[-77.45863,44.11233],[-77.46041,44.10588],[-77.46336,44.09965],[-77.46741,44.09375],[-77.47251,44.08828],[-77.47855,44.08333],[-77.48544,44.07899],[-77.49306,44.07533],[-77.50128,44.07242],[-77.50996,44.07031],[-77.51895,44.06903],[-77.5281,44.06859],[-77.53725,44.06903],[-77.54624,44.07031],[-77.55491,44.07242],[-77.56314,44.07533],[-77.57076,44.07899],[-77.57765,44.08333],[-77.58369,44.08828],[-77.58878,44.09375],[-77.59284,44.09965],[-77.59578,44.10588],[-77.59757,44.11233],[-77.59817,44.1189],[-77.59757,44.12547],[-77.59578,44.13192],[-77.59284,44.13815],[-77.58878,44.14405],[-77.58369,44.14952],[-77.57765,44.15447],[-77.57076,44.15881],[-77.56314,44.16247],[-77.55491,44.16538],[-77.54624,44.16749],[-77.53725,44.16878],[-77.5281,44.16921]]]}},{"type":"Feature","properties":{"ident":"CYTS","name":"Timmins/Victor M. Power","airport_type":"medium_airport","radius_km":5.6},"geometry":{"type":"Polygon","coordinates":[[[-81.3767,48.62],[-81.36678,48.61957],[-81.35703,48.61829],[-81.34761,48.61617],[-81.33869,48.61326],[-81.33042,48.60961],[-81.32294,48.60527],[-81.31639,48.60032],[-81.31086,48.59485],[-81.30646,48.58895],[-81.30327,48.58272],[-81.30133,48.57626],[-81.30068,48.5697],[-81.30133,48.56313],[-81.30327,48.55668],[-81.30646,48.55045],[-81.31086,48.54455],[-81.31639,48.53907],[-81.32294,48.53413],[-81.33042,48.52979],[-81.33869,48.52613],[-81.34761,48.52322],[-81.35703,48.52111],[-81.36678,48.51982],[-81.3767,48.51939],[-81.38662,48.51982],[-81.39638,48.52111],[-81.40579,48.52322],[-81.41471,48.52613],[-81.42298,48.52979],[-81.43046,48.53413],[-81.43701,48.53907],[-81.44254,48.54455],[-81.44694,48.55045],[-81.45013,48.55668],[-81.45207,48.56313],[-81.45272,48.5697],[-81.45207,48.57626],[-81.45013,48.58272],[-81.44694,48.58895],[-81.44254,48.59485],[-81.43701,48.60032],[-81.43046,48.60527],[-81.42298,48.60961],[-81.41471,48.61326],[-81.40579,48.61617],[-81.39638,48.61829],[-81.38662,48.61957],[-81.3767,48.62]]]}},{"type":"Feature","properties":{"ident":"CYTZ","name":"Billy Bishop Toronto City Airport","airport_type":"medium_airport","radius_km":5.6},"geometry":{"type":"Polygon","coordinates":[[[-79.39553,43.67816],[-79.38646,43.67773],[-79.37754,43.67644],[-79.36893,43.67433],[-79.36078,43.67142],[-79.35322,43.66776],[-79.34639,43.66342],[-79.34039,43.65848],[-79.33534,43.653],[-79.33132,43.6471],[-79.3284,43.64087],[-79.32663,43.63442],[-79.32603,43.62785],[-79.32663,43.62129],[-79.3284,43.61483],[-79.33132,43.6086],[-79.33534,43.6027],[-79.34039,43.59723],[-79.34639,43.59228],[-79.35322,43.58794],[-79.36078,43.58429],[-79.36893,43.58138],[-79.37754,43.57926],[-79.38646,43.57798],[-79.39553,43.57755],[-79.4046,43.57798],[-79.41352,43.57926],[-79.42213,43.58138],[-79.43028,43.58429],[-79.43784,43.58794],[-79.44467,43.59228],[-79.45067,43.59723],[-79.45572,43.6027],[-79.45974,43.6086],[-79.46266,43.61483],[-79.46443,43.62129],[-79.46503,43.62785],[-79.46443,43.63442],[-79.46266,43.64087],[-79.45974,43.6471],[-79.45572,43.653],[-79.45067,43.65848],[-79.44467,43.66342],[-79.43784,43.66776],[-79.43028,43.67142],[-79.42213,43.67433],[-79.41352,43.67644],[-79.4046,43.67773],[-79.39553,43.67816]]]}},{"type":"Feature","properties":{"ident":"CYUL","name":"Montreal / Pierre Elliott Trudeau International Airport","airport_type":"large_airport","radius_km":5.6},"geometry":{"type":"Polygon","coordinates":[[[-73.74229,45.51814],[-73.73293,45.51771],[-73.72373,45.51643],[-73.71484,45.51431],[-73.70643,45.5114],[-73.69863,45.50775],[-73.69157,45.50341],[-73.68539,45.49846],[-73.68017,45.49299],[-73.67602,45.48709],[-73.67301,45.48086],[-73.67118,45.4744],[-73.67056,45.46784],[-73.67118,45.46127],[-73.67301,45.45482],[-73.67602,45.44859],[-73.68017,45.44268],[-73.68539,45.43721],[-73.69157,45.43227],[-73.69863,45.42793],[-73.70643,45.42427],[-73.71484,45.42136],[-73.72373,45.41925],[-73.73293,45.41796],[-73.74229,45.41753],[-73.75166,45.41796],[-73.76086,45.41925],[-73.76974,45.42136],[-73.77816,45.42427],[-73.78596,45.42793],[-73.79302,45.43227],[-73.7992,45.43721],[-73.80441,45.44268],[-73.80856,45.44859],[-73.81158,45.45482],[-73.81341,45.46127],[-73.81402,45.46784],[-73.81341,45.4744],[-73.81158,45.48086],[-73.80856,45.48709],[-73.80441,45.49299],[-73.7992,45.49846],[-73.79302,45.50341],[-73.78596,45.50775],[-73.77816,45.5114],[-73.76974,45.51431],[-73.76086,45.51643],[-73.75166,45.51771],[-73.74229,45.51814]]]}},{"type":"Feature","properties":{"ident":"CYUX","name":"Hall Beach Airport","airport_type":"medium_airport","radius_km":5.6},"geometry":{"type":"Polygon","coordinates":[[[-81.2425,68.82641],[-81.22436,68.82598],[-81.20653,68.82469],[-81.18932,68.82258],[-81.17302,68.81967],[-81.15791,68.81601],[-81.14424,68.81167],[-81.13226,68.80672],[-81.12216,68.80125],[-81.11412,68.79535],[-81.10827,68.78912],[-81.10473,68.78267],[-81.10354,68.7761],[-81.10473,68.76953],[-81.10827,68.76308],[-81.11412,68.75685],[-81.12216,68.75095],[-81.13226,68.74548],[-81.14424,68.74053],[-81.15791,68.73619],[-81.17302,68.73253],[-81.18932,68.72962],[-81.20653,68.72751],[-81.22436,68.72622],[-81.2425,68.72579],[-81.26064,68.72622],[-81.27847,68.72751],[-81.29568,68.72962],[-81.31198,68.73253],[-81.32709,68.73619],[-81.34076,68.74053],[-81.35274,68.74548],[-81.36284,68.75095],[-81.37088,68.75685],[-81.37673,68.76308],[-81.38027,68.76953],[-81.38146,68.7761],[-81.38027,68.78267],[-81.37673,68.78912],[-81.37088,68.79535],[-81.36284,68.80125],[-81.35274,68.80672],[-81.34076,68.81167],[-81.32709,68.81601],[-81.31198,68.81967],[-81.29568,68.82258],[-81.27847,68.82469],[-81.26064,68.82598],[-81.2425,68.82641]]]}},{"type":"Feature","properties":{"ident":"CYUY","name":"Rouyn Noranda Airport","airport_type":"medium_airport","radius_km":5.6},"geometry":{"type":"Polygon","coordinates":[[[-78.8356,48.25641],[-78.82575,48.25598],[-78.81607,48.25469],[-78.80672,48.25258],[-78.79786,48.24967],[-78.78965,48.24601],[-78.78223,48.24167],[-78.77572,48.23672],[-78.77023,48.23125],[-78.76587,48.22535],[-78.76269,48.21912],[-78.76077,48.21267],[-78.76012,48.2061],[-78.76077,48.19953],[-78.76269,48.19308],[-78.76587,48.18685],[-78.77023,48.18095],[-78.77572,48.17548],[-78.78223,48.17053],[-78.78965,48.16619],[-78.79786,48.16253],[-78.80672,48.15962],[-78.81607,48.15751],[-78.82575,48.15623],[-78.8356,48.1558],[-78.84545,48.15623],[-78.85514,48.15751],[-78.86449,48.15962],[-78.87334,48.16253],[-78.88155,48.16619],[-78.88898,48.17053],[-78.89549,48.17548],[-78.90097,48.18095],[-78.90534,48.18685],[-78.90851,48.19308],[-78.91044,48.19953],[-78.91108,48.2061],[-78.91044,48.21267],[-78.90851,48.21912],[-78.90534,48.22535],[-78.90097,48.23125],[-78.89549,48.23672],[-78.88898,48.24167],[-78.88155,48.24601],[-78.87334,48.24967],[-78.86449,48.25258],[-78.85514,48.25469],[-78.84545,48.25598],[-78.8356,48.25641]]]}},{"type":"Feature","properties":{"ident":"CYVB","name":"Bonaventure Airport","airport_type":"medium_airport","radius_km":5.6},"geometry":{"type":"Polygon","coordinates":[[[-65.4603,48.1214],[-65.45047,48.12097],[-65.44081,48.11969],[-65.43149,48.11757],[-65.42265,48.11466],[-65.41447,48.11101],[-65.40706,48.10667],[-65.40057,48.10172],[-65.3951,48.09625],[-65.39074,48.09035],[-65.38758,48.08412],[-65.38566,48.07766],[-65.38501,48.0711],[-65.38566,48.06453],[-65.38758,48.05808],[-65.39074,48.05185],[-65.3951,48.04595],[-65.40057,48.04047],[-65.40706,48.03553],[-65.41447,48.03119],[-65.42265,48.02753],[-65.43149,48.02462],[-65.44081,48.02251],[-65.45047,48.02122],[-65.4603,48.02079],[-65.47012,48.02122],[-65.47978,48.02251],[-65.48911,48.02462],[-65.49794,48.02753],[-65.50613,48.03119],[-65.51353,48.03553],[-65.52002,48.04047],[-65.52549,48.04595],[-65.52985,48.05185],[-65.53302,48.05808],[-65.53494,48.06453],[-65.53558,48.0711],[-65.53494,48.07766],[-65.53302,48.08412],[-65.52985,48.09035],[-65.52549,48.09625],[-65.52002,48.10172],[-65.51353,48.10667],[-65.50613,48.11101],[-65.49794,48.11466],[-65.48911,48.11757],[-65.47978,48.11969],[-65.47012,48.12097],[-65.4603,48.1214]]]}},{"type":"Feature","properties":{"ident":"CYVC","name":"La Ronge Airport","airport_type":"medium_airport","radius_km":5.6},"geometry":{"type":"Polygon","coordinates":[[[-105.262,55.20171],[-105.25051,55.20128],[-105.23922,55.19999],[-105.22831,55.19788],[-105.21798,55.19497],[-105.20841,55.19131],[-105.19975,55.18697],[-105.19216,55.18203],[-105.18576,55.17655],[-105.18067,55.17065],[-105.17696,55.16442],[-105.17472,55.15797],[-105.17396,55.1514],[-105.17472,55.14484],[-105.17696,55.13838],[-105.18067,55.13215],[-105.18576,55.12625],[-105.19216,55.12078],[-105.19975,55.11583],[-105.20841,55.11149],[-105.21798,55.10784],[-105.22831,55.10493],[-105.23922,55.10281],[-105.25051,55.10153],[-105.262,55.1011],[-105.27349,55.10153],[-105.28479,55.10281],[-105.29569,55.10493],[-105.30602,55.10784],[-105.31559,55.11149],[-105.32425,55.11583],[-105.33185,55.12078],[-105.33824,55.12625],[-105.34334,55.13215],[-105.34704,55.13838],[-105.34929,55.14484],[-105.35004,55.1514],[-105.34929,55.15797],[-105.34704,55.16442],[-105.34334,55.17065],[-105.33824,55.17655],[-105.33185,55.18203],[-105.32425,55.18697],[-105.31559,55.19131],[-105.30602,55.19497],[-105.29569,55.19788],[-105.28479,55.19999],[-105.27349,55.20128],[-105.262,55.20171]]]}},{"type":"Feature","properties":{"ident":"CYVD","name":"Virden / RJ (Bob) Andrew Field Regional Aerodrome","airport_type":"medium_airport","radius_km":5.6},"geometry":{"type":"Polygon","coordinates":[[[-100.918,49.92861],[-100.90781,49.92818],[-100.89779,49.92689],[-100.88813,49.92478],[-100.87897,49.92187],[-100.87048,49.91821],[-100.8628,49.91387],[-100.85607,49.90892],[-100.85039,49.90345],[-100.84588,49.89755],[-100.8426,49.89132],[-100.8406,49.88487],[-100.83994,49.8783],[-100.8406,49.87173],[-100.8426,49.86528],[-100.84588,49.85905],[-100.85039,49.85315],[-100.85607,49.84768],[-100.8628,49.84273],[-100.87048,49.83839],[-100.87897,49.83473],[-100.88813,49.83182],[-100.89779,49.82971],[-100.90781,49.82842],[-100.918,49.82799],[-100.92819,49.82842],[-100.9382,49.82971],[-100.94787,49.83182],[-100.95703,49.83473],[-100.96552,49.83839],[-100.9732,49.84273],[-100.97993,49.84768],[-100.9856,49.85315],[-100.99012,49.85905],[-100.9934,49.86528],[-100.9954,49.87173],[-100.99606,49.8783],[-100.9954,49.88487],[-100.9934,49.89132],[-100.99012,49.89755],[-100.9856,49.90345],[-100.97993,49.90892],[-100.9732,49.91387],[-100.96552,49.91821],[-100.95703,49.92187],[-100.94787,49.92478],[-100.9382,49.92689],[-100.92819,49.92818],[-100.918,49.92861]]]}},{"type":"Feature","properties":{"ident":"CYVK","name":"Vernon Regional Airport","airport_type":"medium_airport","radius_km":5.6},"geometry":{"type":"Polygon","coordinates":[[[-119.33096,50.29647],[-119.3207,50.29604],[-119.3106,50.29475],[-119.30086,50.29264],[-119.29163,50.28973],[-119.28307,50.28607],[-119.27534,50.28173],[-119.26855,50.27679],[-119.26284,50.27132],[-119.25829,50.26541],[-119.25498,50.25918],[-119.25297,50.25273],[-119.2523,50.24616],[-119.25297,50.2396],[-119.25498,50.23314],[-119.25829,50.22691],[-119.26284,50.22101],[-119.26855,50.21554],[-119.27534,50.21059],[-119.28307,50.20625],[-119.29163,50.2026],[-119.30086,50.19969],[-119.3106,50.19757],[-119.3207,50.19629],[-119.33096,50.19586],[-119.34123,50.19629],[-119.35132,50.19757],[-119.36107,50.19969],[-119.3703,50.2026],[-119.37885,50.20625],[-119.38659,50.21059],[-119.39337,50.21554],[-119.39909,50.22101],[-119.40364,50.22691],[-119.40695,50.23314],[-119.40895,50.2396],[-119.40963,50.24616],[-119.40895,50.25273],[-119.40695,50.25918],[-119.40364,50.26541],[-119.39909,50.27132],[-119.39337,50.27679],[-119.38659,50.28173],[-119.37885,50.28607],[-119.3703,50.28973],[-119.36107,50.29264],[-119.35132,50.29475],[-119.34123,50.29604],[-119.33096,50.29647]]]}},{"type":"Feature","properties":{"ident":"CYVO","name":"Val-d'Or Airport","airport_type":"medium_airport","radius_km":5.6},"geometry":{"type":"Polygon","coordinates":[[[-77.7828,48.1036],[-77.77298,48.10317],[-77.76332,48.10189],[-77.754,48.09978],[-77.74517,48.09686],[-77.73698,48.09321],[-77.72958,48.08887],[-77.72309,48.08392],[-77.71762,48.07845],[-77.71327,48.07255],[-77.71011,48.06632],[-77.70818,48.05987],[-77.70754,48.0533],[-77.70818,48.04673],[-77.71011,48.04028],[-77.71327,48.03405],[-77.71762,48.02815],[-77.72309,48.02267],[-77.72958,48.01773],[-77.73698,48.01339],[-77.74517,48.00973],[-77.754,48.00682],[-77.76332,48.00471],[-77.77298,48.00342],[-77.7828,48.00299],[-77.79262,48.00342],[-77.80228,48.00471],[-77.8116,48.00682],[-77.82043,48.00973],[-77.82861,48.01339],[-77.83601,48.01773],[-77.84251,48.02267],[-77.84797,48.02815],[-77.85233,48.03405],[-77.85549,48.04028],[-77.85741,48.04673],[-77.85806,48.0533],[-77.85741,48.05987],[-77.85549,48.06632],[-77.85233,48.07255],[-77.84797,48.07845],[-77.84251,48.08392],[-77.83601,48.08887],[-77.82861,48.09321],[-77.82043,48.09686],[-77.8116,48.09978],[-77.80228,48.10189],[-77.79262,48.10317],[-77.7828,48.1036]]]}},{"type":"Feature","properties":{"ident":"CYVP","name":"Kuujjuaq Airport","airport_type":"medium_airport","radius_km":5.6},"geometry":{"type":"Polygon","coordinates":[[[-68.4269,58.14641],[-68.41448,58.14597],[-68.40227,58.14469],[-68.39048,58.14258],[-68.37931,58.13967],[-68.36896,58.13601],[-68.3596,58.13167],[-68.35139,58.12672],[-68.34447,58.12125],[-68.33896,58.11535],[-68.33496,58.10912],[-68.33253,58.10267],[-68.33172,58.0961],[-68.33253,58.08953],[-68.33496,58.08308],[-68.33896,58.07685],[-68.34447,58.07095],[-68.35139,58.06548],[-68.3596,58.06053],[-68.36896,58.05619],[-68.37931,58.05253],[-68.39048,58.04962],[-68.40227,58.04751],[-68.41448,58.04622],[-68.4269,58.04579],[-68.43933,58.04622],[-68.45154,58.04751],[-68.46333,58.04962],[-68.4745,58.05253],[-68.48485,58.05619],[-68.49421,58.06053],[-68.50242,58.06548],[-68.50934,58.07095],[-68.51484,58.07685],[-68.51885,58.08308],[-68.52127,58.08953],[-68.52209,58.0961],[-68.52127,58.10267],[-68.51885,58.10912],[-68.51484,58.11535],[-68.50934,58.12125],[-68.50242,58.12672],[-68.49421,58.13167],[-68.48485,58.13601],[-68.4745,58.13967],[-68.46333,58.14258],[-68.45154,58.14469],[-68.43933,58.14597],[-68.4269,58.14641]]]}},{"type":"Feature","properties":{"ident":"CYVQ","name":"Norman Wells Airport","airport_type":"medium_airport","radius_km":5.6},"geometry":{"type":"Polygon","coordinates":[[[-126.798,65.33191],[-126.78229,65.33148],[-126.76686,65.33019],[-126.75196,65.32808],[-126.73785,65.32517],[-126.72476,65.32151],[-126.71293,65.31717],[-126.70255,65.31222],[-126.69381,65.30675],[-126.68685,65.30085],[-126.68179,65.29462],[-126.67872,65.28817],[-126.67769,65.2816],[-126.67872,65.27503],[-126.68179,65.26858],[-126.68685,65.26235],[-126.69381,65.25645],[-126.70255,65.25098],[-126.71293,65.24603],[-126.72476,65.24169],[-126.73785,65.23804],[-126.75196,65.23512],[-126.76686,65.23301],[-126.78229,65.23173],[-126.798,65.2313],[-126.8137,65.23173],[-126.82913,65.23301],[-126.84403,65.23512],[-126.85815,65.23804],[-126.87123,65.24169],[-126.88306,65.24603],[-126.89344,65.25098],[-126.90218,65.25645],[-126.90914,65.26235],[-126.9142,65.26858],[-126.91727,65.27503],[-126.9183,65.2816],[-126.91727,65.28817],[-126.9142,65.29462],[-126.90914,65.30085],[-126.90218,65.30675],[-126.89344,65.31222],[-126.88306,65.31717],[-126.87123,65.32151],[-126.85815,65.32517],[-126.84403,65.32808],[-126.82913,65.33019],[-126.8137,65.33148],[-126.798,65.33191]]]}},{"type":"Feature","properties":{"ident":"CYVR","name":"Vancouver International Airport","airport_type":"large_airport","radius_km":5.6},"geometry":{"type":"Polygon","coordinates":[[[-123.184,49.24421],[-123.17395,49.24378],[-123.16407,49.24249],[-123.15454,49.24038],[-123.14551,49.23747],[-123.13714,49.23381],[-123.12957,49.22947],[-123.12293,49.22453],[-123.11733,49.21905],[-123.11288,49.21315],[-123.10964,49.20692],[-123.10768,49.20047],[-123.10702,49.1939],[-123.10768,49.18733],[-123.10964,49.18088],[-123.11288,49.17465],[-123.11733,49.16875],[-123.12293,49.16328],[-123.12957,49.15833],[-123.13714,49.15399],[-123.14551,49.15034],[-123.15454,49.14742],[-123.16407,49.14531],[-123.17395,49.14403],[-123.184,49.1436],[-123.19405,49.14403],[-123.20392,49.14531],[-123.21346,49.14742],[-123.22249,49.15034],[-123.23086,49.15399],[-123.23843,49.15833],[-123.24507,49.16328],[-123.25066,49.16875],[-123.25512,49.17465],[-123.25835,49.18088],[-123.26032,49.18733],[-123.26098,49.1939],[-123.26032,49.20047],[-123.25835,49.20692],[-123.25512,49.21315],[-123.25066,49.21905],[-123.24507,49.22453],[-123.23843,49.22947],[-123.23086,49.23381],[-123.22249,49.23747],[-123.21346,49.24038],[-123.20392,49.24249],[-123.19405,49.24378],[-123.184,49.24421]]]}},{"type":"Feature","properties":{"ident":"CYVV","name":"Wiarton Airport","airport_type":"medium_airport","radius_km":5.6},"geometry":{"type":"Polygon","coordinates":[[[-81.1072,44.79611],[-81.09796,44.79568],[-81.08887,44.79439],[-81.0801,44.79228],[-81.07179,44.78937],[-81.06408,44.78571],[-81.05712,44.78137],[-81.05101,44.77642],[-81.04586,44.77095],[-81.04176,44.76505],[-81.03879,44.75882],[-81.03698,44.75237],[-81.03637,44.7458],[-81.03698,44.73923],[-81.03879,44.73278],[-81.04176,44.72655],[-81.04586,44.72065],[-81.05101,44.71518],[-81.05712,44.71023],[-81.06408,44.70589],[-81.07179,44.70223],[-81.0801,44.69932],[-81.08887,44.69721],[-81.09796,44.69592],[-81.1072,44.69549],[-81.11645,44.69592],[-81.12553,44.69721],[-81.13431,44.69932],[-81.14262,44.70223],[-81.15032,44.70589],[-81.15728,44.71023],[-81.16339,44.71518],[-81.16854,44.72065],[-81.17264,44.72655],[-81.17562,44.73278],[-81.17742,44.73923],[-81.17803,44.7458],[-81.17742,44.75237],[-81.17562,44.75882],[-81.17264,44.76505],[-81.16854,44.77095],[-81.16339,44.77642],[-81.15728,44.78137],[-81.15032,44.78571],[-81.14262,44.78937],[-81.13431,44.79228],[-81.12553,44.79439],[-81.11645,44.79568],[-81.1072,44.79611]]]}},{"type":"Feature","properties":{"ident":"CYWA","name":"Petawawa Heliport","airport_type":"heliport","radius_km":1.9},"geometry":{"type":"Polygon","coordinates":[[[-77.3192,45.96927],[-77.31441,45.96894],[-77.3098,45.96797],[-77.30556,45.96639],[-77.30184,45.96427],[-77.29879,45.96168],[-77.29652,45.95873],[-77.29512,45.95553],[-77.29465,45.9522],[-77.29512,45.94887],[-77.29652,45.94567],[-77.29879,45.94272],[-77.30184,45.94013],[-77.30556,45.93801],[-77.3098,45.93643],[-77.31441,45.93546],[-77.3192,45.93513],[-77.32399,45.93546],[-77.32859,45.93643],[-77.33284,45.93801],[-77.33656,45.94013],[-77.33961,45.94272],[-77.34188,45.94567],[-77.34328,45.94887],[-77.34375,45.9522],[-77.34328,45.95553],[-77.34188,45.95873],[-77.33961,45.96168],[-77.33656,45.96427],[-77.33284,45.96639],[-77.32859,45.96797],[-77.32399,45.96894],[-77.3192,45.96927]]]}},{"type":"Feature","properties":{"ident":"CYWG","name":"Winnipeg / James Armstrong Richardson International Airport","airport_type":"large_airport","radius_km":5.6},"geometry":{"type":"Polygon","coordinates":[[[-97.2399,49.96031],[-97.2297,49.95987],[-97.21968,49.95859],[-97.21001,49.95648],[-97.20084,49.95357],[-97.19235,49.94991],[-97.18466,49.94557],[-97.17793,49.94062],[-97.17225,49.93515],[-97.16773,49.92925],[-97.16445,49.92302],[-97.16245,49.91657],[-97.16178,49.91],[-97.16245,49.90343],[-97.16445,49.89698],[-97.16773,49.89075],[-97.17225,49.88485],[-97.17793,49.87938],[-97.18466,49.87443],[-97.19235,49.87009],[-97.20084,49.86643],[-97.21001,49.86352],[-97.21968,49.86141],[-97.2297,49.86012],[-97.2399,49.85969],[-97.25009,49.86012],[-97.26012,49.86141],[-97.26979,49.86352],[-97.27896,49.86643],[-97.28745,49.87009],[-97.29513,49.87443],[-97.30187,49.87938],[-97.30755,49.88485],[-97.31207,49.89075],[-97.31535,49.89698],[-97.31735,49.90343],[-97.31801,49.91],[-97.31735,49.91657],[-97.31535,49.92302],[-97.31207,49.92925],[-97.30755,49.93515],[-97.30187,49.94062],[-97.29513,49.94557],[-97.28745,49.94991],[-97.27896,49.95357],[-97.26979,49.95648],[-97.26012,49.95859],[-97.25009,49.95987],[-97.2399,49.96031]]]}},{"type":"Feature","properties":{"ident":"CYWK","name":"Wabush Airport","airport_type":"medium_airport","radius_km":5.6},"geometry":{"type":"Polygon","coordinates":[[[-66.8644,52.97221],[-66.85351,52.97178],[-66.84281,52.97049],[-66.83247,52.96838],[-66.82268,52.96547],[-66.81361,52.96181],[-66.8054,52.95747],[-66.79821,52.95253],[-66.79214,52.94705],[-66.78732,52.94115],[-66.78381,52.93492],[-66.78168,52.92847],[-66.78096,52.9219],[-66.78168,52.91534],[-66.78381,52.90888],[-66.78732,52.90265],[-66.79214,52.89675],[-66.79821,52.89128],[-66.8054,52.88633],[-66.81361,52.88199],[-66.82268,52.87834],[-66.83247,52.87543],[-66.84281,52.87331],[-66.85351,52.87203],[-66.8644,52.8716],[-66.87529,52.87203],[-66.886,52.87331],[-66.89633,52.87543],[-66.90612,52.87834],[-66.9152,52.88199],[-66.9234,52.88633],[-66.9306,52.89128],[-66.93666,52.89675],[-66.94149,52.90265],[-66.945,52.90888],[-66.94713,52.91534],[-66.94784,52.9219],[-66.94713,52.92847],[-66.945,52.93492],[-66.94149,52.94115],[-66.93666,52.94705],[-66.9306,52.95253],[-66.9234,52.95747],[-66.9152,52.96181],[-66.90612,52.96547],[-66.89633,52.96838],[-66.886,52.97049],[-66.87529,52.97178],[-66.8644,52.97221]]]}},{"type":"Feature","properties":{"ident":"CYWL","name":"Williams Lake Airport","airport_type":"medium_airport","radius_km":5.6},"geometry":{"type":"Polygon","coordinates":[[[-122.054,52.23341],[-122.04329,52.23298],[-122.03277,52.23169],[-122.0226,52.22958],[-122.01298,52.22667],[-122.00405,52.22301],[-121.99599,52.21867],[-121.98891,52.21373],[-121.98295,52.20825],[-121.9782,52.20235],[-121.97475,52.19612],[-121.97266,52.18967],[-121.97196,52.1831],[-121.97266,52.17654],[-121.97475,52.17008],[-121.9782,52.16385],[-121.98295,52.15795],[-121.98891,52.15248],[-121.99599,52.14753],[-122.00405,52.14319],[-122.01298,52.13954],[-122.0226,52.13663],[-122.03277,52.13451],[-122.04329,52.13323],[-122.054,52.1328],[-122.06471,52.13323],[-122.07524,52.13451],[-122.0854,52.13663],[-122.09502,52.13954],[-122.10395,52.14319],[-122.11202,52.14753],[-122.11909,52.15248],[-122.12505,52.15795],[-122.1298,52.16385],[-122.13325,52.17008],[-122.13534,52.17654],[-122.13605,52.1831],[-122.13534,52.18967],[-122.13325,52.19612],[-122.1298,52.20235],[-122.12505,52.20825],[-122.11909,52.21373],[-122.11202,52.21867],[-122.10395,52.22301],[-122.09502,52.22667],[-122.0854,52.22958],[-122.07524,52.23169],[-122.06471,52.23298],[-122.054,52.23341]]]}},{"type":"Feature","properties":{"ident":"CYWY","name":"Wrigley Airport","airport_type":"medium_airport","radius_km":5.6},"geometry":{"type":"Polygon","coordinates":[[[-123.437,63.25971],[-123.42243,63.25928],[-123.40811,63.25799],[-123.39429,63.25588],[-123.38119,63.25297],[-123.36905,63.24931],[-123.35808,63.24497],[-123.34845,63.24002],[-123.34034,63.23455],[-123.33388,63.22865],[-123.32919,63.22242],[-123.32634,63.21597],[-123.32539,63.2094],[-123.32634,63.20283],[-123.32919,63.19638],[-123.33388,63.19015],[-123.34034,63.18425],[-123.34845,63.17878],[-123.35808,63.17383],[-123.36905,63.16949],[-123.38119,63.16583],[-123.39429,63.16292],[-123.40811,63.16081],[-123.42243,63.15953],[-123.437,63.15909],[-123.45156,63.15953],[-123.46588,63.16081],[-123.47971,63.16292],[-123.4928,63.16583],[-123.50494,63.16949],[-123.51592,63.17383],[-123.52554,63.17878],[-123.53365,63.18425],[-123.54011,63.19015],[-123.5448,63.19638],[-123.54765,63.20283],[-123.5486,63.2094],[-123.54765,63.21597],[-123.5448,63.22242],[-123.54011,63.22865],[-123.53365,63.23455],[-123.52554,63.24002],[-123.51592,63.24497],[-123.50494,63.24931],[-123.4928,63.25297],[-123.47971,63.25588],[-123.46588,63.25799],[-123.45156,63.25928],[-123.437,63.25971]]]}},{"type":"Feature","properties":{"ident":"CYXC","name":"Cranbrook/Canadian Rockies International Airport","airport_type":"medium_airport","radius_km":5.6},"geometry":{"type":"Polygon","coordinates":[[[-115.782,49.66111],[-115.77186,49.66068],[-115.7619,49.65939],[-115.75229,49.65728],[-115.74318,49.65437],[-115.73474,49.65071],[-115.7271,49.64637],[-115.72041,49.64143],[-115.71476,49.63595],[-115.71027,49.63005],[-115.70701,49.62382],[-115.70503,49.61737],[-115.70436,49.6108],[-115.70503,49.60424],[-115.70701,49.59778],[-115.71027,49.59155],[-115.71476,49.58565],[-115.72041,49.58018],[-115.7271,49.57523],[-115.73474,49.57089],[-115.74318,49.56724],[-115.75229,49.56433],[-115.7619,49.56221],[-115.77186,49.56093],[-115.782,49.5605],[-115.79213,49.56093],[-115.80209,49.56221],[-115.81171,49.56433],[-115.82082,49.56724],[-115.82926,49.57089],[-115.83689,49.57523],[-115.84359,49.58018],[-115.84923,49.58565],[-115.85372,49.59155],[-115.85699,49.59778],[-115.85897,49.60424],[-115.85963,49.6108],[-115.85897,49.61737],[-115.85699,49.62382],[-115.85372,49.63005],[-115.84923,49.63595],[-115.84359,49.64143],[-115.83689,49.64637],[-115.82926,49.65071],[-115.82082,49.65437],[-115.81171,49.65728],[-115.80209,49.65939],[-115.79213,49.66068],[-115.782,49.66111]]]}},{"type":"Feature","properties":{"ident":"CYXE","name":"Saskatoon John G. Diefenbaker International Airport","airport_type":"large_airport","radius_km":5.6},"geometry":{"type":"Polygon","coordinates":[[[-106.70079,52.22103],[-106.69009,52.2206],[-106.67956,52.21931],[-106.6694,52.2172],[-106.65978,52.21429],[-106.65086,52.21063],[-106.64279,52.20629],[-106.63572,52.20135],[-106.62976,52.19588],[-106.62501,52.18997],[-106.62157,52.18374],[-106.61947,52.17729],[-106.61877,52.17072],[-106.61947,52.16416],[-106.62157,52.1577],[-106.62501,52.15147],[-106.62976,52.14557],[-106.63572,52.1401],[-106.64279,52.13515],[-106.65086,52.13081],[-106.65978,52.12716],[-106.6694,52.12425],[-106.67956,52.12213],[-106.69009,52.12085],[-106.70079,52.12042],[-106.7115,52.12085],[-106.72202,52.12213],[-106.73218,52.12425],[-106.7418,52.12716],[-106.75073,52.13081],[-106.75879,52.13515],[-106.76587,52.1401],[-106.77183,52.14557],[-106.77657,52.15147],[-106.78002,52.1577],[-106.78211,52.16416],[-106.78282,52.17072],[-106.78211,52.17729],[-106.78002,52.18374],[-106.77657,52.18997],[-106.77183,52.19588],[-106.76587,52.20135],[-106.75879,52.20629],[-106.75073,52.21063],[-106.7418,52.21429],[-106.73218,52.2172],[-106.72202,52.21931],[-106.7115,52.2206],[-106.70079,52.22103]]]}},{"type":"Feature","properties":{"ident":"CYXH","name":"Medicine Hat Regional Airport","airport_type":"medium_airport","radius_km":5.6},"geometry":{"type":"Polygon","coordinates":[[[-110.721,50.06921],[-110.71078,50.06878],[-110.70074,50.06749],[-110.69104,50.06538],[-110.68185,50.06247],[-110.67334,50.05881],[-110.66564,50.05447],[-110.65889,50.04953],[-110.6532,50.04405],[-110.64867,50.03815],[-110.64538,50.03192],[-110.64338,50.02547],[-110.64271,50.0189],[-110.64338,50.01234],[-110.64538,50.00588],[-110.64867,49.99965],[-110.6532,49.99375],[-110.65889,49.98828],[-110.66564,49.98333],[-110.67334,49.97899],[-110.68185,49.97534],[-110.69104,49.97243],[-110.70074,49.97031],[-110.71078,49.96903],[-110.721,49.9686],[-110.73122,49.96903],[-110.74126,49.97031],[-110.75096,49.97243],[-110.76015,49.97534],[-110.76866,49.97899],[-110.77636,49.98333],[-110.78311,49.98828],[-110.7888,49.99375],[-110.79333,49.99965],[-110.79663,50.00588],[-110.79862,50.01234],[-110.79929,50.0189],[-110.79862,50.02547],[-110.79663,50.03192],[-110.79333,50.03815],[-110.7888,50.04405],[-110.78311,50.04953],[-110.77636,50.05447],[-110.76866,50.05881],[-110.76015,50.06247],[-110.75096,50.06538],[-110.74126,50.06749],[-110.73122,50.06878],[-110.721,50.06921]]]}},{"type":"Feature","properties":{"ident":"CYXJ","name":"Fort St John / North Peace Regional Airport","airport_type":"medium_airport","radius_km":5.6},"geometry":{"type":"Polygon","coordinates":[[[-120.74,56.2884],[-120.72818,56.28797],[-120.71657,56.28669],[-120.70536,56.28457],[-120.69474,56.28166],[-120.68489,56.27801],[-120.67599,56.27367],[-120.66818,56.26872],[-120.66161,56.26325],[-120.65637,56.25735],[-120.65256,56.25112],[-120.65025,56.24466],[-120.64948,56.2381],[-120.65025,56.23153],[-120.65256,56.22508],[-120.65637,56.21885],[-120.66161,56.21295],[-120.66818,56.20747],[-120.67599,56.20253],[-120.68489,56.19819],[-120.69474,56.19453],[-120.70536,56.19162],[-120.71657,56.18951],[-120.72818,56.18822],[-120.74,56.18779],[-120.75181,56.18822],[-120.76343,56.18951],[-120.77464,56.19162],[-120.78526,56.19453],[-120.7951,56.19819],[-120.804,56.20253],[-120.81181,56.20747],[-120.81839,56.21295],[-120.82363,56.21885],[-120.82743,56.22508],[-120.82974,56.23153],[-120.83052,56.2381],[-120.82974,56.24466],[-120.82743,56.25112],[-120.82363,56.25735],[-120.81839,56.26325],[-120.81181,56.26872],[-120.804,56.27367],[-120.7951,56.27801],[-120.78526,56.28166],[-120.77464,56.28457],[-120.76343,56.28669],[-120.75181,56.28797],[-120.74,56.2884]]]}},{"type":"Feature","properties":{"ident":"CYXK","name":"Rimouski Airport","airport_type":"medium_airport","radius_km":5.6},"geometry":{"type":"Polygon","coordinates":[[[-68.49632,48.52795],[-68.48642,48.52752],[-68.47668,48.52624],[-68.46728,48.52412],[-68.45838,48.52121],[-68.45013,48.51755],[-68.44266,48.51322],[-68.43612,48.50827],[-68.4306,48.5028],[-68.42621,48.4969],[-68.42302,48.49066],[-68.42109,48.48421],[-68.42044,48.47764],[-68.42109,48.47108],[-68.42302,48.46462],[-68.42621,48.45839],[-68.4306,48.45249],[-68.43612,48.44702],[-68.44266,48.44207],[-68.45013,48.43773],[-68.45838,48.43408],[-68.46728,48.43117],[-68.47668,48.42905],[-68.48642,48.42777],[-68.49632,48.42734],[-68.50623,48.42777],[-68.51596,48.42905],[-68.52536,48.43117],[-68.53427,48.43408],[-68.54252,48.43773],[-68.54998,48.44207],[-68.55653,48.44702],[-68.56204,48.45249],[-68.56643,48.45839],[-68.56962,48.46462],[-68.57156,48.47108],[-68.57221,48.47764],[-68.57156,48.48421],[-68.56962,48.49066],[-68.56643,48.4969],[-68.56204,48.5028],[-68.55653,48.50827],[-68.54998,48.51322],[-68.54252,48.51755],[-68.53427,48.52121],[-68.52536,48.52412],[-68.51596,48.52624],[-68.50623,48.52752],[-68.49632,48.52795]]]}},{"type":"Feature","properties":{"ident":"CYXL","name":"Sioux Lookout Airport","airport_type":"medium_airport","radius_km":5.6},"geometry":{"type":"Polygon","coordinates":[[[-91.9053,50.1642],[-91.89506,50.16377],[-91.88499,50.16249],[-91.87528,50.16038],[-91.86607,50.15747],[-91.85754,50.15381],[-91.84983,50.14947],[-91.84306,50.14452],[-91.83736,50.13905],[-91.83282,50.13315],[-91.82952,50.12692],[-91.82752,50.12047],[-91.82685,50.1139],[-91.82752,50.10733],[-91.82952,50.10088],[-91.83282,50.09465],[-91.83736,50.08875],[-91.84306,50.08328],[-91.84983,50.07833],[-91.85754,50.07399],[-91.86607,50.07033],[-91.87528,50.06742],[-91.88499,50.06531],[-91.89506,50.06402],[-91.9053,50.06359],[-91.91554,50.06402],[-91.9256,50.06531],[-91.93532,50.06742],[-91.94452,50.07033],[-91.95305,50.07399],[-91.96077,50.07833],[-91.96753,50.08328],[-91.97323,50.08875],[-91.97777,50.09465],[-91.98107,50.10088],[-91.98307,50.10733],[-91.98374,50.1139],[-91.98307,50.12047],[-91.98107,50.12692],[-91.97777,50.13315],[-91.97323,50.13905],[-91.96753,50.14452],[-91.96077,50.14947],[-91.95305,50.15381],[-91.94452,50.15747],[-91.93532,50.16038],[-91.9256,50.16249],[-91.91554,50.16377],[-91.9053,50.1642]]]}},{"type":"Feature","properties":{"ident":"CYXQ","name":"Beaver Creek Airport","airport_type":"medium_airport","radius_km":5.6},"geometry":{"type":"Polygon","coordinates":[[[-140.867,62.46061],[-140.85283,62.46018],[-140.83889,62.45889],[-140.82544,62.45678],[-140.81269,62.45387],[-140.80088,62.45021],[-140.7902,62.44587],[-140.78083,62.44093],[-140.77294,62.43545],[-140.76665,62.42955],[-140.76209,62.42332],[-140.75931,62.41687],[-140.75839,62.4103],[-140.75931,62.40374],[-140.76209,62.39728],[-140.76665,62.39105],[-140.77294,62.38515],[-140.78083,62.37968],[-140.7902,62.37473],[-140.80088,62.37039],[-140.81269,62.36674],[-140.82544,62.36383],[-140.83889,62.36171],[-140.85283,62.36043],[-140.867,62.36],[-140.88118,62.36043],[-140.89512,62.36171],[-140.90857,62.36383],[-140.92131,62.36674],[-140.93313,62.37039],[-140.94381,62.37473],[-140.95318,62.37968],[-140.96107,62.38515],[-140.96736,62.39105],[-140.97192,62.39728],[-140.97469,62.40374],[-140.97562,62.4103],[-140.97469,62.41687],[-140.97192,62.42332],[-140.96736,62.42955],[-140.96107,62.43545],[-140.95318,62.44093],[-140.94381,62.44587],[-140.93313,62.45021],[-140.92131,62.45387],[-140.90857,62.45678],[-140.89512,62.45889],[-140.88118,62.46018],[-140.867,62.46061]]]}},{"type":"Feature","properties":{"ident":"CYXR","name":"Earlton (Timiskaming Regional) Airport","airport_type":"medium_airport","radius_km":5.6},"geometry":{"type":"Polygon","coordinates":[[[-79.84735,47.74771],[-79.83759,47.74728],[-79.828,47.74599],[-79.81874,47.74388],[-79.80997,47.74097],[-79.80184,47.73731],[-79.79449,47.73297],[-79.78805,47.72802],[-79.78262,47.72255],[-79.77829,47.71665],[-79.77515,47.71042],[-79.77324,47.70397],[-79.7726,47.6974],[-79.77324,47.69083],[-79.77515,47.68438],[-79.77829,47.67815],[-79.78262,47.67225],[-79.78805,47.66678],[-79.79449,47.66183],[-79.80184,47.65749],[-79.80997,47.65383],[-79.81874,47.65092],[-79.828,47.64881],[-79.83759,47.64753],[-79.84735,47.6471],[-79.8571,47.64753],[-79.86669,47.64881],[-79.87595,47.65092],[-79.88472,47.65383],[-79.89285,47.65749],[-79.9002,47.66183],[-79.90664,47.66678],[-79.91207,47.67225],[-79.9164,47.67815],[-79.91954,47.68438],[-79.92145,47.69083],[-79.92209,47.6974],[-79.92145,47.70397],[-79.91954,47.71042],[-79.9164,47.71665],[-79.91207,47.72255],[-79.90664,47.72802],[-79.9002,47.73297],[-79.89285,47.73731],[-79.88472,47.74097],[-79.87595,47.74388],[-79.86669,47.74599],[-79.8571,47.74728],[-79.84735,47.74771]]]}},{"type":"Feature","properties":{"ident":"CYXS","name":"Prince George (International) Airport","airport_type":"medium_airport","radius_km":5.6},"geometry":{"type":"Polygon","coordinates":[[[-122.66655,53.93462],[-122.65541,53.93419],[-122.64446,53.9329],[-122.63389,53.93079],[-122.62388,53.92788],[-122.6146,53.92422],[-122.6062,53.91988],[-122.59884,53.91494],[-122.59264,53.90946],[-122.5877,53.90356],[-122.58411,53.89733],[-122.58194,53.89088],[-122.58121,53.88431],[-122.58194,53.87774],[-122.58411,53.87129],[-122.5877,53.86506],[-122.59264,53.85916],[-122.59884,53.85369],[-122.6062,53.84874],[-122.6146,53.8444],[-122.62388,53.84075],[-122.63389,53.83783],[-122.64446,53.83572],[-122.65541,53.83444],[-122.66655,53.83401],[-122.67769,53.83444],[-122.68864,53.83572],[-122.69922,53.83783],[-122.70923,53.84075],[-122.71851,53.8444],[-122.7269,53.84874],[-122.73426,53.85369],[-122.74047,53.85916],[-122.7454,53.86506],[-122.74899,53.87129],[-122.75117,53.87774],[-122.7519,53.88431],[-122.75117,53.89088],[-122.74899,53.89733],[-122.7454,53.90356],[-122.74047,53.90946],[-122.73426,53.91494],[-122.7269,53.91988],[-122.71851,53.92422],[-122.70923,53.92788],[-122.69922,53.93079],[-122.68864,53.9329],[-122.67769,53.93419],[-122.66655,53.93462]]]}},{"type":"Feature","properties":{"ident":"CYXT","name":"Northwest Regional Airport Terrace-Kitimat","airport_type":"medium_airport","radius_km":5.6},"geometry":{"type":"Polygon","coordinates":[[[-128.57601,54.5188],[-128.56471,54.51837],[-128.55361,54.51709],[-128.54288,54.51497],[-128.53273,54.51206],[-128.52331,54.50841],[-128.5148,54.50407],[-128.50733,54.49912],[-128.50104,54.49365],[-128.49604,54.48775],[-128.4924,54.48152],[-128.49019,54.47506],[-128.48945,54.4685],[-128.49019,54.46193],[-128.4924,54.45548],[-128.49604,54.44925],[-128.50104,54.44335],[-128.50733,54.43787],[-128.5148,54.43293],[-128.52331,54.42859],[-128.53273,54.42493],[-128.54288,54.42202],[-128.55361,54.41991],[-128.56471,54.41862],[-128.57601,54.41819],[-128.58731,54.41862],[-128.59841,54.41991],[-128.60913,54.42202],[-128.61929,54.42493],[-128.6287,54.42859],[-128.63722,54.43293],[-128.64468,54.43787],[-128.65097,54.44335],[-128.65598,54.44925],[-128.65962,54.45548],[-128.66183,54.46193],[-128.66257,54.4685],[-128.66183,54.47506],[-128.65962,54.48152],[-128.65598,54.48775],[-128.65097,54.49365],[-128.64468,54.49912],[-128.63722,54.50407],[-128.6287,54.50841],[-128.61929,54.51206],[-128.60913,54.51497],[-128.59841,54.51709],[-128.58731,54.51837],[-128.57601,54.5188]]]}},{"type":"Feature","properties":{"ident":"CYXU","name":"London International Airport","airport_type":"medium_airport","radius_km":5.6},"geometry":{"type":"Polygon","coordinates":[[[-81.149,43.08315],[-81.14002,43.08272],[-81.13119,43.08144],[-81.12267,43.07932],[-81.11459,43.07641],[-81.10711,43.07275],[-81.10034,43.06842],[-81.0944,43.06347],[-81.0894,43.058],[-81.08542,43.0521],[-81.08253,43.04587],[-81.08077,43.03941],[-81.08018,43.03285],[-81.08077,43.02628],[-81.08253,43.01982],[-81.08542,43.01359],[-81.0894,43.00769],[-81.0944,43.00222],[-81.10034,42.99727],[-81.10711,42.99294],[-81.11459,42.98928],[-81.12267,42.98637],[-81.13119,42.98425],[-81.14002,42.98297],[-81.149,42.98254],[-81.15799,42.98297],[-81.16682,42.98425],[-81.17534,42.98637],[-81.18341,42.98928],[-81.1909,42.99294],[-81.19767,42.99727],[-81.2036,43.00222],[-81.2086,43.00769],[-81.21259,43.01359],[-81.21548,43.01982],[-81.21724,43.02628],[-81.21782,43.03285],[-81.21724,43.03941],[-81.21548,43.04587],[-81.21259,43.0521],[-81.2086,43.058],[-81.2036,43.06347],[-81.19767,43.06842],[-81.1909,43.07275],[-81.18341,43.07641],[-81.17534,43.07932],[-81.16682,43.08144],[-81.15799,43.08272],[-81.149,43.08315]]]}},{"type":"Feature","properties":{"ident":"CYXX","name":"Abbotsford International Airport","airport_type":"medium_airport","radius_km":5.6},"geometry":{"type":"Polygon","coordinates":[[[-122.361,49.0756],[-122.35099,49.07517],[-122.34114,49.07389],[-122.33164,49.07178],[-122.32264,49.06886],[-122.3143,49.06521],[-122.30675,49.06087],[-122.30014,49.05592],[-122.29456,49.05045],[-122.29012,49.04455],[-122.2869,49.03832],[-122.28494,49.03187],[-122.28428,49.0253],[-122.28494,49.01873],[-122.2869,49.01228],[-122.29012,49.00605],[-122.29456,49.00015],[-122.30014,48.99467],[-122.30675,48.98973],[-122.3143,48.98539],[-122.32264,48.98173],[-122.33164,48.97882],[-122.34114,48.97671],[-122.35099,48.97542],[-122.361,48.97499],[-122.37101,48.97542],[-122.38086,48.97671],[-122.39036,48.97882],[-122.39936,48.98173],[-122.4077,48.98539],[-122.41525,48.98973],[-122.42186,48.99467],[-122.42744,49.00015],[-122.43188,49.00605],[-122.4351,49.01228],[-122.43706,49.01873],[-122.43772,49.0253],[-122.43706,49.03187],[-122.4351,49.03832],[-122.43188,49.04455],[-122.42744,49.05045],[-122.42186,49.05592],[-122.41525,49.06087],[-122.4077,49.06521],[-122.39936,49.06886],[-122.39036,49.07178],[-122.38086,49.07389],[-122.37101,49.07517],[-122.361,49.0756]]]}},{"type":"Feature","properties":{"ident":"CYXY","name":"Whitehorse / Erik Nielsen International Airport","airport_type":"medium_airport","radius_km":5.6},"geometry":{"type":"Polygon","coordinates":[[[-135.06571,60.75884],[-135.05228,60.75841],[-135.03909,60.75712],[-135.02636,60.75501],[-135.01429,60.7521],[-135.00311,60.74844],[-134.993,60.7441],[-134.98413,60.73916],[-134.97666,60.73369],[-134.97071,60.72778],[-134.96639,60.72155],[-134.96376,60.7151],[-134.96288,60.70853],[-134.96376,60.70197],[-134.96639,60.69551],[-134.97071,60.68928],[-134.97666,60.68338],[-134.98413,60.67791],[-134.993,60.67296],[-135.00311,60.66862],[-135.01429,60.66497],[-135.02636,60.66206],[-135.03909,60.65994],[-135.05228,60.65866],[-135.06571,60.65823],[-135.07913,60.65866],[-135.09232,60.65994],[-135.10505,60.66206],[-135.11712,60.66497],[-135.1283,60.66862],[-135.13841,60.67296],[-135.14728,60.67791],[-135.15475,60.68338],[-135.1607,60.68928],[-135.16502,60.69551],[-135.16765,60.70197],[-135.16853,60.70853],[-135.16765,60.7151],[-135.16502,60.72155],[-135.1607,60.72778],[-135.15475,60.73369],[-135.14728,60.73916],[-135.13841,60.7441],[-135.1283,60.74844],[-135.11712,60.7521],[-135.10505,60.75501],[-135.09232,60.75712],[-135.07913,60.75841],[-135.06571,60.75884]]]}},{"type":"Feature","properties":{"ident":"CYXZ","name":"Wawa Airport","airport_type":"medium_airport","radius_km":5.6},"geometry":{"type":"Polygon","coordinates":[[[-84.7867,48.01701],[-84.77689,48.01658],[-84.76725,48.01529],[-84.75795,48.01318],[-84.74913,48.01027],[-84.74096,48.00661],[-84.73357,48.00227],[-84.72709,47.99733],[-84.72163,47.99185],[-84.71728,47.98595],[-84.71413,47.97972],[-84.71221,47.97327],[-84.71157,47.9667],[-84.71221,47.96014],[-84.71413,47.95368],[-84.71728,47.94745],[-84.72163,47.94155],[-84.72709,47.93608],[-84.73357,47.93113],[-84.74096,47.92679],[-84.74913,47.92314],[-84.75795,47.92023],[-84.76725,47.91811],[-84.77689,47.91683],[-84.7867,47.9164],[-84.7965,47.91683],[-84.80614,47.91811],[-84.81545,47.92023],[-84.82426,47.92314],[-84.83243,47.92679],[-84.83982,47.93113],[-84.8463,47.93608],[-84.85176,47.94155],[-84.85611,47.94745],[-84.85927,47.95368],[-84.86119,47.96014],[-84.86183,47.9667],[-84.86119,47.97327],[-84.85927,47.97972],[-84.85611,47.98595],[-84.85176,47.99185],[-84.8463,47.99733],[-84.83982,48.00227],[-84.83243,48.00661],[-84.82426,48.01027],[-84.81545,48.01318],[-84.80614,48.01529],[-84.7965,48.01658],[-84.7867,48.01701]]]}},{"type":"Feature","properties":{"ident":"CYYB","name":"North Bay Jack Garland Airport","airport_type":"medium_airport","radius_km":5.6},"geometry":{"type":"Polygon","coordinates":[[[-79.4228,46.41391],[-79.41328,46.41348],[-79.40393,46.41219],[-79.3949,46.41008],[-79.38635,46.40717],[-79.37842,46.40351],[-79.37125,46.39917],[-79.36496,46.39423],[-79.35967,46.38875],[-79.35545,46.38285],[-79.35238,46.37662],[-79.35052,46.37017],[-79.3499,46.3636],[-79.35052,46.35704],[-79.35238,46.35058],[-79.35545,46.34435],[-79.35967,46.33845],[-79.36496,46.33298],[-79.37125,46.32803],[-79.37842,46.32369],[-79.38635,46.32004],[-79.3949,46.31713],[-79.40393,46.31501],[-79.41328,46.31373],[-79.4228,46.3133],[-79.43231,46.31373],[-79.44167,46.31501],[-79.45069,46.31713],[-79.45925,46.32004],[-79.46718,46.32369],[-79.47434,46.32803],[-79.48063,46.33298],[-79.48593,46.33845],[-79.49015,46.34435],[-79.49321,46.35058],[-79.49507,46.35704],[-79.4957,46.3636],[-79.49507,46.37017],[-79.49321,46.37662],[-79.49015,46.38285],[-79.48593,46.38875],[-79.48063,46.39423],[-79.47434,46.39917],[-79.46718,46.40351],[-79.45925,46.40717],[-79.45069,46.41008],[-79.44167,46.41219],[-79.43231,46.41348],[-79.4228,46.41391]]]}},{"type":"Feature","properties":{"ident":"CYYC","name":"Calgary International Airport","airport_type":"large_airport","radius_km":5.6},"geometry":{"type":"Polygon","coordinates":[[[-114.00993,51.16913],[-113.99947,51.1687],[-113.98919,51.16741],[-113.97926,51.1653],[-113.96986,51.16239],[-113.96115,51.15873],[-113.95326,51.15439],[-113.94635,51.14945],[-113.94053,51.14397],[-113.93589,51.13807],[-113.93252,51.13184],[-113.93048,51.12539],[-113.92979,51.11882],[-113.93048,51.11226],[-113.93252,51.1058],[-113.93589,51.09957],[-113.94053,51.09367],[-113.94635,51.0882],[-113.95326,51.08325],[-113.96115,51.07891],[-113.96986,51.07526],[-113.97926,51.07235],[-113.98919,51.07023],[-113.99947,51.06895],[-114.00993,51.06852],[-114.02039,51.06895],[-114.03068,51.07023],[-114.0406,51.07235],[-114.05,51.07526],[-114.05872,51.07891],[-114.0666,51.08325],[-114.07351,51.0882],[-114.07934,51.09367],[-114.08397,51.09957],[-114.08734,51.1058],[-114.08939,51.11226],[-114.09007,51.11882],[-114.08939,51.12539],[-114.08734,51.13184],[-114.08397,51.13807],[-114.07934,51.14397],[-114.07351,51.14945],[-114.0666,51.15439],[-114.05872,51.15873],[-114.05,51.16239],[-114.0406,51.1653],[-114.03068,51.16741],[-114.02039,51.1687],[-114.00993,51.16913]]]}},{"type":"Feature","properties":{"ident":"CYYD","name":"Smithers Airport","airport_type":"medium_airport","radius_km":5.6},"geometry":{"type":"Polygon","coordinates":[[[-127.183,54.875],[-127.1716,54.87457],[-127.1604,54.87329],[-127.14958,54.87118],[-127.13934,54.86827],[-127.12984,54.86461],[-127.12125,54.86027],[-127.11372,54.85532],[-127.10737,54.84985],[-127.10232,54.84395],[-127.09865,54.83772],[-127.09642,54.83127],[-127.09567,54.8247],[-127.09642,54.81813],[-127.09865,54.81168],[-127.10232,54.80545],[-127.10737,54.79955],[-127.11372,54.79408],[-127.12125,54.78913],[-127.12984,54.78479],[-127.13934,54.78113],[-127.14958,54.77822],[-127.1604,54.77611],[-127.1716,54.77482],[-127.183,54.77439],[-127.1944,54.77482],[-127.2056,54.77611],[-127.21642,54.77822],[-127.22666,54.78113],[-127.23616,54.78479],[-127.24475,54.78913],[-127.25228,54.79408],[-127.25862,54.79955],[-127.26368,54.80545],[-127.26735,54.81168],[-127.26958,54.81813],[-127.27032,54.8247],[-127.26958,54.83127],[-127.26735,54.83772],[-127.26368,54.84395],[-127.25862,54.84985],[-127.25228,54.85532],[-127.24475,54.86027],[-127.23616,54.86461],[-127.22666,54.86827],[-127.21642,54.87118],[-127.2056,54.87329],[-127.1944,54.87457],[-127.183,54.875]]]}},{"type":"Feature","properties":{"ident":"CYYE","name":"Fort Nelson Airport","airport_type":"medium_airport","radius_km":5.6},"geometry":{"type":"Polygon","coordinates":[[[-122.597,58.8867],[-122.58431,58.88627],[-122.57184,58.88499],[-122.5598,58.88288],[-122.54839,58.87996],[-122.53782,58.87631],[-122.52826,58.87197],[-122.51988,58.86702],[-122.51281,58.86155],[-122.50719,58.85565],[-122.5031,58.84942],[-122.50062,58.84297],[-122.49979,58.8364],[-122.50062,58.82983],[-122.5031,58.82338],[-122.50719,58.81715],[-122.51281,58.81125],[-122.51988,58.80578],[-122.52826,58.80083],[-122.53782,58.79649],[-122.54839,58.79283],[-122.5598,58.78992],[-122.57184,58.78781],[-122.58431,58.78652],[-122.597,58.78609],[-122.60969,58.78652],[-122.62216,58.78781],[-122.6342,58.78992],[-122.64561,58.79283],[-122.65618,58.79649],[-122.66574,58.80083],[-122.67412,58.80578],[-122.68119,58.81125],[-122.68681,58.81715],[-122.6909,58.82338],[-122.69338,58.82983],[-122.69421,58.8364],[-122.69338,58.84297],[-122.6909,58.84942],[-122.68681,58.85565],[-122.68119,58.86155],[-122.67412,58.86702],[-122.66574,58.87197],[-122.65618,58.87631],[-122.64561,58.87996],[-122.6342,58.88288],[-122.62216,58.88499],[-122.60969,58.88627],[-122.597,58.8867]]]}},{"type":"Feature","properties":{"ident":"CYYF","name":"Penticton Airport","airport_type":"medium_airport","radius_km":5.6},"geometry":{"type":"Polygon","coordinates":[[[-119.602,49.51341],[-119.59189,49.51298],[-119.58196,49.51169],[-119.57238,49.50958],[-119.5633,49.50667],[-119.55488,49.50301],[-119.54727,49.49867],[-119.54059,49.49372],[-119.53497,49.48825],[-119.53049,49.48235],[-119.52723,49.47612],[-119.52526,49.46967],[-119.5246,49.4631],[-119.52526,49.45653],[-119.52723,49.45008],[-119.53049,49.44385],[-119.53497,49.43795],[-119.54059,49.43248],[-119.54727,49.42753],[-119.55488,49.42319],[-119.5633,49.41953],[-119.57238,49.41662],[-119.58196,49.41451],[-119.59189,49.41323],[-119.602,49.4128],[-119.6121,49.41323],[-119.62203,49.41451],[-119.63162,49.41662],[-119.6407,49.41953],[-119.64912,49.42319],[-119.65673,49.42753],[-119.6634,49.43248],[-119.66903,49.43795],[-119.67351,49.44385],[-119.67676,49.45008],[-119.67874,49.45653],[-119.6794,49.4631],[-119.67874,49.46967],[-119.67676,49.47612],[-119.67351,49.48235],[-119.66903,49.48825],[-119.6634,49.49372],[-119.65673,49.49867],[-119.64912,49.50301],[-119.6407,49.50667],[-119.63162,49.50958],[-119.62203,49.51169],[-119.6121,49.51298],[-119.602,49.51341]]]}},{"type":"Feature","properties":{"ident":"CYYG","name":"Charlottetown Airport","airport_type":"medium_airport","radius_km":5.6},"geometry":{"type":"Polygon","coordinates":[[[-63.12517,46.33922],[-63.11567,46.33879],[-63.10633,46.3375],[-63.09732,46.33539],[-63.08877,46.33248],[-63.08086,46.32882],[-63.0737,46.32448],[-63.06742,46.31954],[-63.06213,46.31406],[-63.05792,46.30816],[-63.05486,46.30193],[-63.053,46.29548],[-63.05238,46.28891],[-63.053,46.28234],[-63.05486,46.27589],[-63.05792,46.26966],[-63.06213,46.26376],[-63.06742,46.25829],[-63.0737,46.25334],[-63.08086,46.249],[-63.08877,46.24535],[-63.09732,46.24243],[-63.10633,46.24032],[-63.11567,46.23904],[-63.12517,46.23861],[-63.13468,46.23904],[-63.14402,46.24032],[-63.15303,46.24243],[-63.16157,46.24535],[-63.16949,46.249],[-63.17665,46.25334],[-63.18293,46.25829],[-63.18822,46.26376],[-63.19243,46.26966],[-63.19549,46.27589],[-63.19735,46.28234],[-63.19797,46.28891],[-63.19735,46.29548],[-63.19549,46.30193],[-63.19243,46.30816],[-63.18822,46.31406],[-63.18293,46.31954],[-63.17665,46.32448],[-63.16949,46.32882],[-63.16157,46.33248],[-63.15303,46.33539],[-63.14402,46.3375],[-63.13468,46.33879],[-63.12517,46.33922]]]}},{"type":"Feature","properties":{"ident":"CYYJ","name":"Victoria International Airport","airport_type":"large_airport","radius_km":5.6},"geometry":{"type":"Polygon","coordinates":[[[-123.42779,48.69751],[-123.41785,48.69708],[-123.40809,48.69579],[-123.39865,48.69368],[-123.38972,48.69077],[-123.38144,48.68711],[-123.37395,48.68277],[-123.36739,48.67783],[-123.36185,48.67235],[-123.35745,48.66645],[-123.35425,48.66022],[-123.3523,48.65377],[-123.35165,48.6472],[-123.3523,48.64063],[-123.35425,48.63418],[-123.35745,48.62795],[-123.36185,48.62205],[-123.36739,48.61658],[-123.37395,48.61163],[-123.38144,48.60729],[-123.38972,48.60364],[-123.39865,48.60072],[-123.40809,48.59861],[-123.41785,48.59733],[-123.42779,48.5969],[-123.43773,48.59733],[-123.4475,48.59861],[-123.45693,48.60072],[-123.46586,48.60364],[-123.47414,48.60729],[-123.48163,48.61163],[-123.4882,48.61658],[-123.49373,48.62205],[-123.49814,48.62795],[-123.50134,48.63418],[-123.50328,48.64063],[-123.50393,48.6472],[-123.50328,48.65377],[-123.50134,48.66022],[-123.49814,48.66645],[-123.49373,48.67235],[-123.4882,48.67783],[-123.48163,48.68277],[-123.47414,48.68711],[-123.46586,48.69077],[-123.45693,48.69368],[-123.4475,48.69579],[-123.43773,48.69708],[-123.42779,48.69751]]]}},{"type":"Feature","properties":{"ident":"CYYL","name":"Lynn Lake Airport","airport_type":"medium_airport","radius_km":5.6},"geometry":{"type":"Polygon","coordinates":[[[-101.076,56.9142],[-101.06398,56.91377],[-101.05218,56.91249],[-101.04078,56.91038],[-101.02998,56.90747],[-101.01997,56.90381],[-101.01092,56.89947],[-101.00299,56.89452],[-100.9963,56.88905],[-100.99097,56.88315],[-100.9871,56.87692],[-100.98476,56.87047],[-100.98397,56.8639],[-100.98476,56.85733],[-100.9871,56.85088],[-100.99097,56.84465],[-100.9963,56.83875],[-101.00299,56.83328],[-101.01092,56.82833],[-101.01997,56.82399],[-101.02998,56.82033],[-101.04078,56.81742],[-101.05218,56.81531],[-101.06398,56.81402],[-101.076,56.81359],[-101.08801,56.81402],[-101.09982,56.81531],[-101.11121,56.81742],[-101.12201,56.82033],[-101.13202,56.82399],[-101.14107,56.82833],[-101.14901,56.83328],[-101.1557,56.83875],[-101.16102,56.84465],[-101.16489,56.85088],[-101.16724,56.85733],[-101.16802,56.8639],[-101.16724,56.87047],[-101.16489,56.87692],[-101.16102,56.88315],[-101.1557,56.88905],[-101.14901,56.89452],[-101.14107,56.89947],[-101.13202,56.90381],[-101.12201,56.90747],[-101.11121,56.91038],[-101.09982,56.91249],[-101.08801,56.91377],[-101.076,56.9142]]]}},{"type":"Feature","properties":{"ident":"CYYN","name":"Swift Current Airport","airport_type":"medium_airport","radius_km":5.6},"geometry":{"type":"Polygon","coordinates":[[[-107.691,50.34221],[-107.68072,50.34178],[-107.67062,50.34049],[-107.66087,50.33838],[-107.65163,50.33547],[-107.64307,50.33181],[-107.63532,50.32747],[-107.62853,50.32252],[-107.62281,50.31705],[-107.61826,50.31115],[-107.61494,50.30492],[-107.61294,50.29847],[-107.61226,50.2919],[-107.61294,50.28533],[-107.61494,50.27888],[-107.61826,50.27265],[-107.62281,50.26675],[-107.62853,50.26128],[-107.63532,50.25633],[-107.64307,50.25199],[-107.65163,50.24833],[-107.66087,50.24542],[-107.67062,50.24331],[-107.68072,50.24203],[-107.691,50.2416],[-107.70128,50.24203],[-107.71138,50.24331],[-107.72113,50.24542],[-107.73037,50.24833],[-107.73894,50.25199],[-107.74668,50.25633],[-107.75347,50.26128],[-107.75919,50.26675],[-107.76375,50.27265],[-107.76706,50.27888],[-107.76907,50.28533],[-107.76974,50.2919],[-107.76907,50.29847],[-107.76706,50.30492],[-107.76375,50.31115],[-107.75919,50.31705],[-107.75347,50.32252],[-107.74668,50.32747],[-107.73894,50.33181],[-107.73037,50.33547],[-107.72113,50.33838],[-107.71138,50.34049],[-107.70128,50.34178],[-107.691,50.34221]]]}},{"type":"Feature","properties":{"ident":"CYYQ","name":"Churchill Airport","airport_type":"medium_airport","radius_km":5.6},"geometry":{"type":"Polygon","coordinates":[[[-94.065,58.78951],[-94.05235,58.78908],[-94.03991,58.78779],[-94.02791,58.78568],[-94.01653,58.78277],[-94.00599,58.77911],[-93.99646,58.77477],[-93.98809,58.76982],[-93.98105,58.76435],[-93.97544,58.75845],[-93.97137,58.75222],[-93.96889,58.74577],[-93.96806,58.7392],[-93.96889,58.73263],[-93.97137,58.72618],[-93.97544,58.71995],[-93.98105,58.71405],[-93.98809,58.70858],[-93.99646,58.70363],[-94.00599,58.69929],[-94.01653,58.69563],[-94.02791,58.69272],[-94.03991,58.69061],[-94.05235,58.68933],[-94.065,58.6889],[-94.07766,58.68933],[-94.09009,58.69061],[-94.1021,58.69272],[-94.11347,58.69563],[-94.12402,58.69929],[-94.13355,58.70363],[-94.14191,58.70858],[-94.14895,58.71405],[-94.15456,58.71995],[-94.15864,58.72618],[-94.16111,58.73263],[-94.16194,58.7392],[-94.16111,58.74577],[-94.15864,58.75222],[-94.15456,58.75845],[-94.14895,58.76435],[-94.14191,58.76982],[-94.13355,58.77477],[-94.12402,58.77911],[-94.11347,58.78277],[-94.1021,58.78568],[-94.09009,58.78779],[-94.07766,58.78908],[-94.065,58.78951]]]}},{"type":"Feature","properties":{"ident":"CYYR","name":"Goose Bay Airport","airport_type":"medium_airport","radius_km":5.6},"geometry":{"type":"Polygon","coordinates":[[[-60.4258,53.3695],[-60.41481,53.36907],[-60.404,53.36779],[-60.39357,53.36567],[-60.38369,53.36276],[-60.37453,53.35911],[-60.36625,53.35477],[-60.35899,53.34982],[-60.35287,53.34435],[-60.348,53.33845],[-60.34446,53.33222],[-60.34231,53.32576],[-60.34159,53.3192],[-60.34231,53.31263],[-60.34446,53.30618],[-60.348,53.29995],[-60.35287,53.29405],[-60.35899,53.28857],[-60.36625,53.28363],[-60.37453,53.27929],[-60.38369,53.27563],[-60.39357,53.27272],[-60.404,53.27061],[-60.41481,53.26932],[-60.4258,53.26889],[-60.43679,53.26932],[-60.4476,53.27061],[-60.45803,53.27272],[-60.46791,53.27563],[-60.47707,53.27929],[-60.48535,53.28363],[-60.49261,53.28857],[-60.49873,53.29405],[-60.5036,53.29995],[-60.50714,53.30618],[-60.50929,53.31263],[-60.51001,53.3192],[-60.50929,53.32576],[-60.50714,53.33222],[-60.5036,53.33845],[-60.49873,53.34435],[-60.49261,53.34982],[-60.48535,53.35477],[-60.47707,53.35911],[-60.46791,53.36276],[-60.45803,53.36567],[-60.4476,53.36779],[-60.43679,53.36907],[-60.4258,53.3695]]]}},{"type":"Feature","properties":{"ident":"CYYT","name":"St. John's International Airport","airport_type":"large_airport","radius_km":5.6},"geometry":{"type":"Polygon","coordinates":[[[-52.7519,47.6689],[-52.74216,47.66847],[-52.73258,47.66719],[-52.72334,47.66508],[-52.71458,47.66216],[-52.70647,47.65851],[-52.69913,47.65417],[-52.69269,47.64922],[-52.68727,47.64375],[-52.68295,47.63785],[-52.67981,47.63162],[-52.67791,47.62517],[-52.67727,47.6186],[-52.67791,47.61203],[-52.67981,47.60558],[-52.68295,47.59935],[-52.68727,47.59345],[-52.69269,47.58797],[-52.69913,47.58303],[-52.70647,47.57869],[-52.71458,47.57503],[-52.72334,47.57212],[-52.73258,47.57001],[-52.74216,47.56872],[-52.7519,47.56829],[-52.76164,47.56872],[-52.77122,47.57001],[-52.78046,47.57212],[-52.78922,47.57503],[-52.79733,47.57869],[-52.80467,47.58303],[-52.81111,47.58797],[-52.81653,47.59345],[-52.82085,47.59935],[-52.82399,47.60558],[-52.82589,47.61203],[-52.82653,47.6186],[-52.82589,47.62517],[-52.82399,47.63162],[-52.82085,47.63785],[-52.81653,47.64375],[-52.81111,47.64922],[-52.80467,47.65417],[-52.79733,47.65851],[-52.78922,47.66216],[-52.78046,47.66508],[-52.77122,47.66719],[-52.76164,47.66847],[-52.7519,47.6689]]]}},{"type":"Feature","properties":{"ident":"CYYU","name":"Kapuskasing Airport","airport_type":"medium_airport","radius_km":5.6},"geometry":{"type":"Polygon","coordinates":[[[-82.46964,49.46189],[-82.45955,49.46146],[-82.44963,49.46018],[-82.44006,49.45806],[-82.43099,49.45515],[-82.42258,49.4515],[-82.41497,49.44716],[-82.4083,49.44221],[-82.40268,49.43674],[-82.39821,49.43084],[-82.39496,49.42461],[-82.39299,49.41815],[-82.39233,49.41159],[-82.39299,49.40502],[-82.39496,49.39857],[-82.39821,49.39234],[-82.40268,49.38643],[-82.4083,49.38096],[-82.41497,49.37602],[-82.42258,49.37168],[-82.43099,49.36802],[-82.44006,49.36511],[-82.44963,49.363],[-82.45955,49.36171],[-82.46964,49.36128],[-82.47974,49.36171],[-82.48966,49.363],[-82.49923,49.36511],[-82.5083,49.36802],[-82.51671,49.37168],[-82.52432,49.37602],[-82.53099,49.38096],[-82.53661,49.38643],[-82.54108,49.39234],[-82.54433,49.39857],[-82.5463,49.40502],[-82.54696,49.41159],[-82.5463,49.41815],[-82.54433,49.42461],[-82.54108,49.43084],[-82.53661,49.43674],[-82.53099,49.44221],[-82.52432,49.44716],[-82.51671,49.4515],[-82.5083,49.45515],[-82.49923,49.45806],[-82.48966,49.46018],[-82.47974,49.46146],[-82.46964,49.46189]]]}},{"type":"Feature","properties":{"ident":"CYYW","name":"Armstrong Airport","airport_type":"medium_airport","radius_km":5.6},"geometry":{"type":"Polygon","coordinates":[[[-88.9097,50.3406],[-88.89942,50.34017],[-88.88932,50.33889],[-88.87957,50.33677],[-88.87033,50.33386],[-88.86177,50.33021],[-88.85402,50.32587],[-88.84723,50.32092],[-88.84151,50.31545],[-88.83695,50.30955],[-88.83364,50.30332],[-88.83163,50.29686],[-88.83096,50.2903],[-88.83163,50.28373],[-88.83364,50.27728],[-88.83695,50.27105],[-88.84151,50.26515],[-88.84723,50.25967],[-88.85402,50.25473],[-88.86177,50.25039],[-88.87033,50.24673],[-88.87957,50.24382],[-88.88932,50.24171],[-88.89942,50.24042],[-88.9097,50.23999],[-88.91998,50.24042],[-88.93008,50.24171],[-88.93983,50.24382],[-88.94907,50.24673],[-88.95763,50.25039],[-88.96537,50.25473],[-88.97217,50.25967],[-88.97789,50.26515],[-88.98244,50.27105],[-88.98575,50.27728],[-88.98776,50.28373],[-88.98844,50.2903],[-88.98776,50.29686],[-88.98575,50.30332],[-88.98244,50.30955],[-88.97789,50.31545],[-88.97217,50.32092],[-88.96537,50.32587],[-88.95763,50.33021],[-88.94907,50.33386],[-88.93983,50.33677],[-88.93008,50.33889],[-88.91998,50.34017],[-88.9097,50.3406]]]}},{"type":"Feature","properties":{"ident":"CYYY","name":"Mont Joli Airport","airport_type":"medium_airport","radius_km":5.6},"geometry":{"type":"Polygon","coordinates":[[[-68.2081,48.65891],[-68.19817,48.65848],[-68.18841,48.65719],[-68.17898,48.65508],[-68.17006,48.65217],[-68.16178,48.64851],[-68.1543,48.64417],[-68.14774,48.63922],[-68.14221,48.63375],[-68.13781,48.62785],[-68.13461,48.62162],[-68.13267,48.61517],[-68.13202,48.6086],[-68.13267,48.60203],[-68.13461,48.59558],[-68.13781,48.58935],[-68.14221,48.58345],[-68.14774,48.57798],[-68.1543,48.57303],[-68.16178,48.56869],[-68.17006,48.56503],[-68.17898,48.56212],[-68.18841,48.56001],[-68.19817,48.55873],[-68.2081,48.5583],[-68.21803,48.55873],[-68.22779,48.56001],[-68.23721,48.56212],[-68.24614,48.56503],[-68.25442,48.56869],[-68.2619,48.57303],[-68.26846,48.57798],[-68.27399,48.58345],[-68.27839,48.58935],[-68.28159,48.59558],[-68.28353,48.60203],[-68.28418,48.6086],[-68.28353,48.61517],[-68.28159,48.62162],[-68.27839,48.62785],[-68.27399,48.63375],[-68.26846,48.63922],[-68.2619,48.64417],[-68.25442,48.64851],[-68.24614,48.65217],[-68.23721,48.65508],[-68.22779,48.65719],[-68.21803,48.65848],[-68.2081,48.65891]]]}},{"type":"Feature","properties":{"ident":"CYYZ","name":"Toronto Pearson International Airport","airport_type":"large_airport","radius_km":5.6},"geometry":{"type":"Polygon","coordinates":[[[-79.62942,43.72624],[-79.62034,43.72581],[-79.61142,43.72453],[-79.6028,43.72241],[-79.59464,43.7195],[-79.58708,43.71584],[-79.58024,43.71151],[-79.57424,43.70656],[-79.56919,43.70109],[-79.56516,43.69519],[-79.56224,43.68896],[-79.56046,43.6825],[-79.55987,43.67594],[-79.56046,43.66937],[-79.56224,43.66291],[-79.56516,43.65668],[-79.56919,43.65078],[-79.57424,43.64531],[-79.58024,43.64036],[-79.58708,43.63603],[-79.59464,43.63237],[-79.6028,43.62946],[-79.61142,43.62734],[-79.62034,43.62606],[-79.62942,43.62563],[-79.6385,43.62606],[-79.64742,43.62734],[-79.65604,43.62946],[-79.6642,43.63237],[-79.67176,43.63603],[-79.6786,43.64036],[-79.6846,43.64531],[-79.68966,43.65078],[-79.69368,43.65668],[-79.6966,43.66291],[-79.69838,43.66937],[-79.69897,43.67594],[-79.69838,43.6825],[-79.6966,43.68896],[-79.69368,43.69519],[-79.68966,43.70109],[-79.6846,43.70656],[-79.6786,43.71151],[-79.67176,43.71584],[-79.6642,43.7195],[-79.65604,43.72241],[-79.64742,43.72453],[-79.6385,43.72581],[-79.62942,43.72624]]]}},{"type":"Feature","properties":{"ident":"CYZE","name":"Gore Bay Manitoulin Airport","airport_type":"medium_airport","radius_km":5.6},"geometry":{"type":"Polygon","coordinates":[[[-82.5678,45.93561],[-82.55837,45.93518],[-82.5491,45.93389],[-82.54015,45.93178],[-82.53167,45.92887],[-82.52381,45.92521],[-82.5167,45.92087],[-82.51047,45.91592],[-82.50522,45.91045],[-82.50104,45.90455],[-82.498,45.89832],[-82.49615,45.89187],[-82.49553,45.8853],[-82.49615,45.87873],[-82.498,45.87228],[-82.50104,45.86605],[-82.50522,45.86015],[-82.51047,45.85468],[-82.5167,45.84973],[-82.52381,45.84539],[-82.53167,45.84173],[-82.54015,45.83882],[-82.5491,45.83671],[-82.55837,45.83542],[-82.5678,45.83499],[-82.57723,45.83542],[-82.58651,45.83671],[-82.59546,45.83882],[-82.60394,45.84173],[-82.6118,45.84539],[-82.6189,45.84973],[-82.62514,45.85468],[-82.63039,45.86015],[-82.63457,45.86605],[-82.63761,45.87228],[-82.63945,45.87873],[-82.64007,45.8853],[-82.63945,45.89187],[-82.63761,45.89832],[-82.63457,45.90455],[-82.63039,45.91045],[-82.62514,45.91592],[-82.6189,45.92087],[-82.6118,45.92521],[-82.60394,45.92887],[-82.59546,45.93178],[-82.58651,45.93389],[-82.57723,45.93518],[-82.5678,45.93561]]]}},{"type":"Feature","properties":{"ident":"CYZF","name":"Yellowknife International Airport","airport_type":"medium_airport","radius_km":5.6},"geometry":{"type":"Polygon","coordinates":[[[-114.44,62.5131],[-114.4258,62.51267],[-114.41184,62.51139],[-114.39836,62.50928],[-114.3856,62.50636],[-114.37376,62.50271],[-114.36306,62.49837],[-114.35368,62.49342],[-114.34577,62.48795],[-114.33947,62.48205],[-114.3349,62.47582],[-114.33212,62.46937],[-114.33119,62.4628],[-114.33212,62.45623],[-114.3349,62.44978],[-114.33947,62.44355],[-114.34577,62.43765],[-114.35368,62.43217],[-114.36306,62.42723],[-114.37376,62.42289],[-114.3856,62.41923],[-114.39836,62.41632],[-114.41184,62.41421],[-114.4258,62.41292],[-114.44,62.41249],[-114.4542,62.41292],[-114.46816,62.41421],[-114.48164,62.41632],[-114.49441,62.41923],[-114.50624,62.42289],[-114.51694,62.42723],[-114.52633,62.43217],[-114.53423,62.43765],[-114.54053,62.44355],[-114.5451,62.44978],[-114.54788,62.45623],[-114.54881,62.4628],[-114.54788,62.46937],[-114.5451,62.47582],[-114.54053,62.48205],[-114.53423,62.48795],[-114.52633,62.49342],[-114.51694,62.49837],[-114.50624,62.50271],[-114.49441,62.50636],[-114.48164,62.50928],[-114.46816,62.51139],[-114.4542,62.51267],[-114.44,62.5131]]]}},{"type":"Feature","properties":{"ident":"CYZH","name":"Slave Lake Airport","airport_type":"medium_airport","radius_km":5.6},"geometry":{"type":"Polygon","coordinates":[[[-114.77728,55.34325],[-114.76574,55.34282],[-114.75441,55.34154],[-114.74347,55.33942],[-114.7331,55.33651],[-114.72349,55.33285],[-114.7148,55.32852],[-114.70718,55.32357],[-114.70076,55.3181],[-114.69565,55.3122],[-114.69194,55.30597],[-114.68968,55.29951],[-114.68892,55.29295],[-114.68968,55.28638],[-114.69194,55.27992],[-114.69565,55.27369],[-114.70076,55.26779],[-114.70718,55.26232],[-114.7148,55.25737],[-114.72349,55.25304],[-114.7331,55.24938],[-114.74347,55.24647],[-114.75441,55.24435],[-114.76574,55.24307],[-114.77728,55.24264],[-114.78881,55.24307],[-114.80014,55.24435],[-114.81109,55.24647],[-114.82145,55.24938],[-114.83106,55.25304],[-114.83975,55.25737],[-114.84737,55.26232],[-114.85379,55.26779],[-114.8589,55.27369],[-114.86262,55.27992],[-114.86487,55.28638],[-114.86563,55.29295],[-114.86487,55.29951],[-114.86262,55.30597],[-114.8589,55.3122],[-114.85379,55.3181],[-114.84737,55.32357],[-114.83975,55.32852],[-114.83106,55.33285],[-114.82145,55.33651],[-114.81109,55.33942],[-114.80014,55.34154],[-114.78881,55.34282],[-114.77728,55.34325]]]}},{"type":"Feature","properties":{"ident":"CYZP","name":"Sandspit Airport","airport_type":"medium_airport","radius_km":5.6},"geometry":{"type":"Polygon","coordinates":[[[-131.814,53.3046],[-131.80302,53.30417],[-131.79223,53.30289],[-131.78182,53.30078],[-131.77195,53.29786],[-131.76281,53.29421],[-131.75454,53.28987],[-131.74729,53.28492],[-131.74118,53.27945],[-131.73631,53.27355],[-131.73277,53.26732],[-131.73063,53.26087],[-131.72991,53.2543],[-131.73063,53.24773],[-131.73277,53.24128],[-131.73631,53.23505],[-131.74118,53.22915],[-131.74729,53.22368],[-131.75454,53.21873],[-131.76281,53.21439],[-131.77195,53.21073],[-131.78182,53.20782],[-131.79223,53.20571],[-131.80302,53.20442],[-131.814,53.20399],[-131.82497,53.20442],[-131.83576,53.20571],[-131.84617,53.20782],[-131.85604,53.21073],[-131.86518,53.21439],[-131.87345,53.21873],[-131.8807,53.22368],[-131.88682,53.22915],[-131.89168,53.23505],[-131.89522,53.24128],[-131.89736,53.24773],[-131.89808,53.2543],[-131.89736,53.26087],[-131.89522,53.26732],[-131.89168,53.27355],[-131.88682,53.27945],[-131.8807,53.28492],[-131.87345,53.28987],[-131.86518,53.29421],[-131.85604,53.29786],[-131.84617,53.30078],[-131.83576,53.30289],[-131.82497,53.30417],[-131.814,53.3046]]]}},{"type":"Feature","properties":{"ident":"CYZR","name":"Chris Hadfield Airport","airport_type":"medium_airport","radius_km":5.6},"geometry":{"type":"Polygon","coordinates":[[[-82.3089,43.04971],[-82.29992,43.04928],[-82.2911,43.04799],[-82.28258,43.04588],[-82.27451,43.04297],[-82.26703,43.03931],[-82.26026,43.03497],[-82.25433,43.03003],[-82.24933,43.02455],[-82.24535,43.01865],[-82.24246,43.01242],[-82.2407,43.00597],[-82.24012,42.9994],[-82.2407,42.99283],[-82.24246,42.98638],[-82.24535,42.98015],[-82.24933,42.97425],[-82.25433,42.96878],[-82.26026,42.96383],[-82.26703,42.95949],[-82.27451,42.95584],[-82.28258,42.95292],[-82.2911,42.95081],[-82.29992,42.94953],[-82.3089,42.9491],[-82.31788,42.94953],[-82.3267,42.95081],[-82.33522,42.95292],[-82.34329,42.95584],[-82.35077,42.95949],[-82.35754,42.96383],[-82.36347,42.96878],[-82.36847,42.97425],[-82.37245,42.98015],[-82.37534,42.98638],[-82.37709,42.99283],[-82.37768,42.9994],[-82.37709,43.00597],[-82.37534,43.01242],[-82.37245,43.01865],[-82.36847,43.02455],[-82.36347,43.03003],[-82.35754,43.03497],[-82.35077,43.03931],[-82.34329,43.04297],[-82.33522,43.04588],[-82.3267,43.04799],[-82.31788,43.04928],[-82.3089,43.04971]]]}},{"type":"Feature","properties":{"ident":"CYZS","name":"Coral Harbour Airport","airport_type":"medium_airport","radius_km":5.6},"geometry":{"type":"Polygon","coordinates":[[[-83.3594,64.2436],[-83.34431,64.24317],[-83.32949,64.24189],[-83.31518,64.23977],[-83.30162,64.23686],[-83.28905,64.23321],[-83.27769,64.22887],[-83.26772,64.22392],[-83.25932,64.21845],[-83.25264,64.21255],[-83.24778,64.20632],[-83.24483,64.19986],[-83.24384,64.1933],[-83.24483,64.18673],[-83.24778,64.18028],[-83.25264,64.17405],[-83.25932,64.16815],[-83.26772,64.16267],[-83.27769,64.15773],[-83.28905,64.15339],[-83.30162,64.14973],[-83.31518,64.14682],[-83.32949,64.14471],[-83.34431,64.14342],[-83.3594,64.14299],[-83.37448,64.14342],[-83.38931,64.14471],[-83.40362,64.14682],[-83.41718,64.14973],[-83.42974,64.15339],[-83.44111,64.15773],[-83.45107,64.16267],[-83.45947,64.16815],[-83.46616,64.17405],[-83.47102,64.18028],[-83.47396,64.18673],[-83.47495,64.1933],[-83.47396,64.19986],[-83.47102,64.20632],[-83.46616,64.21255],[-83.45947,64.21845],[-83.45107,64.22392],[-83.44111,64.22887],[-83.42974,64.23321],[-83.41718,64.23686],[-83.40362,64.23977],[-83.38931,64.24189],[-83.37448,64.24317],[-83.3594,64.2436]]]}},{"type":"Feature","properties":{"ident":"CYZT","name":"Port Hardy Airport","airport_type":"medium_airport","radius_km":5.6},"geometry":{"type":"Polygon","coordinates":[[[-127.367,50.7309],[-127.35663,50.73047],[-127.34645,50.72919],[-127.33662,50.72708],[-127.3273,50.72416],[-127.31867,50.72051],[-127.31086,50.71617],[-127.30401,50.71122],[-127.29824,50.70575],[-127.29365,50.69985],[-127.29031,50.69362],[-127.28829,50.68717],[-127.28761,50.6806],[-127.28829,50.67403],[-127.29031,50.66758],[-127.29365,50.66135],[-127.29824,50.65545],[-127.30401,50.64998],[-127.31086,50.64503],[-127.31867,50.64069],[-127.3273,50.63703],[-127.33662,50.63412],[-127.34645,50.63201],[-127.35663,50.63072],[-127.367,50.63029],[-127.37736,50.63072],[-127.38754,50.63201],[-127.39738,50.63412],[-127.40669,50.63703],[-127.41533,50.64069],[-127.42313,50.64503],[-127.42998,50.64998],[-127.43575,50.65545],[-127.44034,50.66135],[-127.44368,50.66758],[-127.44571,50.67403],[-127.44639,50.6806],[-127.44571,50.68717],[-127.44368,50.69362],[-127.44034,50.69985],[-127.43575,50.70575],[-127.42998,50.71122],[-127.42313,50.71617],[-127.41533,50.72051],[-127.40669,50.72416],[-127.39738,50.72708],[-127.38754,50.72919],[-127.37736,50.73047],[-127.367,50.7309]]]}},{"type":"Feature","properties":{"ident":"CYZU","name":"Whitecourt Airport","airport_type":"medium_airport","radius_km":5.6},"geometry":{"type":"Polygon","coordinates":[[[-115.787,54.19421],[-115.77579,54.19378],[-115.76478,54.19249],[-115.75414,54.19038],[-115.74406,54.18747],[-115.73472,54.18381],[-115.72628,54.17947],[-115.71887,54.17453],[-115.71263,54.16905],[-115.70766,54.16315],[-115.70405,54.15692],[-115.70186,54.15047],[-115.70112,54.1439],[-115.70186,54.13734],[-115.70405,54.13088],[-115.70766,54.12465],[-115.71263,54.11875],[-115.71887,54.11328],[-115.72628,54.10833],[-115.73472,54.10399],[-115.74406,54.10034],[-115.75414,54.09743],[-115.76478,54.09531],[-115.77579,54.09403],[-115.787,54.0936],[-115.79821,54.09403],[-115.80923,54.09531],[-115.81987,54.09743],[-115.82994,54.10034],[-115.83928,54.10399],[-115.84773,54.10833],[-115.85514,54.11328],[-115.86138,54.11875],[-115.86635,54.12465],[-115.86996,54.13088],[-115.87215,54.13734],[-115.87288,54.1439],[-115.87215,54.15047],[-115.86996,54.15692],[-115.86635,54.16315],[-115.86138,54.16905],[-115.85514,54.17453],[-115.84773,54.17947],[-115.83928,54.18381],[-115.82994,54.18747],[-115.81987,54.19038],[-115.80923,54.19249],[-115.79821,54.19378],[-115.787,54.19421]]]}},{"type":"Feature","properties":{"ident":"CYZV","name":"Sept-\u00celes Airport","airport_type":"medium_airport","radius_km":5.6},"geometry":{"type":"Polygon","coordinates":[[[-66.2656,50.27361],[-66.25534,50.27318],[-66.24525,50.27189],[-66.23551,50.26978],[-66.22629,50.26687],[-66.21774,50.26321],[-66.21,50.25887],[-66.20322,50.25392],[-66.19751,50.24845],[-66.19296,50.24255],[-66.18965,50.23632],[-66.18765,50.22987],[-66.18697,50.2233],[-66.18765,50.21673],[-66.18965,50.21028],[-66.19296,50.20405],[-66.19751,50.19815],[-66.20322,50.19268],[-66.21,50.18773],[-66.21774,50.18339],[-66.22629,50.17974],[-66.23551,50.17682],[-66.24525,50.17471],[-66.25534,50.17343],[-66.2656,50.173],[-66.27587,50.17343],[-66.28595,50.17471],[-66.29569,50.17682],[-66.30492,50.17974],[-66.31347,50.18339],[-66.3212,50.18773],[-66.32798,50.19268],[-66.3337,50.19815],[-66.33824,50.20405],[-66.34155,50.21028],[-66.34356,50.21673],[-66.34423,50.2233],[-66.34356,50.22987],[-66.34155,50.23632],[-66.33824,50.24255],[-66.3337,50.24845],[-66.32798,50.25392],[-66.3212,50.25887],[-66.31347,50.26321],[-66.30492,50.26687],[-66.29569,50.26978],[-66.28595,50.27189],[-66.27587,50.27318],[-66.2656,50.27361]]]}},{"type":"Feature","properties":{"ident":"CYZW","name":"Teslin Airport","airport_type":"medium_airport","radius_km":5.6},"geometry":{"type":"Polygon","coordinates":[[[-132.743,60.2231],[-132.72979,60.22267],[-132.71682,60.22139],[-132.70429,60.21927],[-132.69243,60.21636],[-132.68143,60.21271],[-132.67148,60.20837],[-132.66276,60.20342],[-132.65541,60.19795],[-132.64956,60.19205],[-132.6453,60.18582],[-132.64272,60.17936],[-132.64186,60.1728],[-132.64272,60.16623],[-132.6453,60.15978],[-132.64956,60.15355],[-132.65541,60.14765],[-132.66276,60.14217],[-132.67148,60.13723],[-132.68143,60.13289],[-132.69243,60.12923],[-132.70429,60.12632],[-132.71682,60.12421],[-132.72979,60.12292],[-132.743,60.12249],[-132.7562,60.12292],[-132.76917,60.12421],[-132.7817,60.12632],[-132.79357,60.12923],[-132.80457,60.13289],[-132.81451,60.13723],[-132.82324,60.14217],[-132.83059,60.14765],[-132.83644,60.15355],[-132.84069,60.15978],[-132.84327,60.16623],[-132.84414,60.1728],[-132.84327,60.17936],[-132.84069,60.18582],[-132.83644,60.19205],[-132.83059,60.19795],[-132.82324,60.20342],[-132.81451,60.20837],[-132.80457,60.21271],[-132.79357,60.21636],[-132.7817,60.21927],[-132.76917,60.22139],[-132.7562,60.22267],[-132.743,60.2231]]]}},{"type":"Feature","properties":{"ident":"CYZX","name":"CFB Greenwood","airport_type":"medium_airport","radius_km":5.6},"geometry":{"type":"Polygon","coordinates":[[[-64.9169,45.03471],[-64.90762,45.03428],[-64.89849,45.03299],[-64.88968,45.03088],[-64.88134,45.02797],[-64.8736,45.02431],[-64.86661,45.01997],[-64.86047,45.01503],[-64.85531,45.00955],[-64.85119,45.00365],[-64.8482,44.99742],[-64.84639,44.99097],[-64.84578,44.9844],[-64.84639,44.97784],[-64.8482,44.97138],[-64.85119,44.96515],[-64.85531,44.95925],[-64.86047,44.95378],[-64.86661,44.94883],[-64.8736,44.94449],[-64.88134,44.94084],[-64.88968,44.93793],[-64.89849,44.93581],[-64.90762,44.93453],[-64.9169,44.9341],[-64.92618,44.93453],[-64.93531,44.93581],[-64.94412,44.93793],[-64.95246,44.94084],[-64.9602,44.94449],[-64.96719,44.94883],[-64.97333,44.95378],[-64.9785,44.95925],[-64.98261,44.96515],[-64.9856,44.97138],[-64.98742,44.97784],[-64.98802,44.9844],[-64.98742,44.99097],[-64.9856,44.99742],[-64.98261,45.00365],[-64.9785,45.00955],[-64.97333,45.01503],[-64.96719,45.01997],[-64.9602,45.02431],[-64.95246,45.02797],[-64.94412,45.03088],[-64.93531,45.03299],[-64.92618,45.03428],[-64.9169,45.03471]]]}},{"type":"Feature","properties":{"ident":"CYZY","name":"Mackenzie Airport","airport_type":"medium_airport","radius_km":5.6},"geometry":{"type":"Polygon","coordinates":[[[-123.13391,55.34809],[-123.12237,55.34766],[-123.11104,55.34638],[-123.10009,55.34426],[-123.08973,55.34135],[-123.08012,55.3377],[-123.07143,55.33336],[-123.0638,55.32841],[-123.05738,55.32294],[-123.05227,55.31704],[-123.04856,55.31081],[-123.0463,55.30435],[-123.04555,55.29779],[-123.0463,55.29122],[-123.04856,55.28477],[-123.05227,55.27853],[-123.05738,55.27263],[-123.0638,55.26716],[-123.07143,55.26221],[-123.08012,55.25788],[-123.08973,55.25422],[-123.10009,55.25131],[-123.11104,55.24919],[-123.12237,55.24791],[-123.13391,55.24748],[-123.14544,55.24791],[-123.15678,55.24919],[-123.16772,55.25131],[-123.17809,55.25422],[-123.1877,55.25788],[-123.19639,55.26221],[-123.20401,55.26716],[-123.21043,55.27263],[-123.21554,55.27853],[-123.21926,55.28477],[-123.22151,55.29122],[-123.22227,55.29779],[-123.22151,55.30435],[-123.21926,55.31081],[-123.21554,55.31704],[-123.21043,55.32294],[-123.20401,55.32841],[-123.19639,55.33336],[-123.1877,55.3377],[-123.17809,55.34135],[-123.16772,55.34426],[-123.15678,55.34638],[-123.14544,55.34766],[-123.13391,55.34809]]]}},{"type":"Feature","properties":{"ident":"CZAM","name":"Shuswap Regional Airport","airport_type":"medium_airport","radius_km":5.6},"geometry":{"type":"Polygon","coordinates":[[[-119.229,50.73311],[-119.21863,50.73268],[-119.20845,50.73139],[-119.19861,50.72928],[-119.1893,50.72637],[-119.18066,50.72271],[-119.17286,50.71837],[-119.16601,50.71343],[-119.16024,50.70795],[-119.15565,50.70205],[-119.15231,50.69582],[-119.15028,50.68937],[-119.1496,50.6828],[-119.15028,50.67624],[-119.15231,50.66978],[-119.15565,50.66355],[-119.16024,50.65765],[-119.16601,50.65218],[-119.17286,50.64723],[-119.18066,50.64289],[-119.1893,50.63924],[-119.19861,50.63633],[-119.20845,50.63421],[-119.21863,50.63293],[-119.229,50.6325],[-119.23936,50.63293],[-119.24954,50.63421],[-119.25938,50.63633],[-119.26869,50.63924],[-119.27733,50.64289],[-119.28514,50.64723],[-119.29198,50.65218],[-119.29775,50.65765],[-119.30235,50.66355],[-119.30569,50.66978],[-119.30771,50.67624],[-119.30839,50.6828],[-119.30771,50.68937],[-119.30569,50.69582],[-119.30235,50.70205],[-119.29775,50.70795],[-119.29198,50.71343],[-119.28514,50.71837],[-119.27733,50.72271],[-119.26869,50.72637],[-119.25938,50.72928],[-119.24954,50.73139],[-119.23936,50.73268],[-119.229,50.73311]]]}},{"type":"Feature","properties":{"ident":"CZBB","name":"Boundary Bay Airport","airport_type":"medium_airport","radius_km":5.6},"geometry":{"type":"Polygon","coordinates":[[[-123.00688,49.12464],[-122.99685,49.12421],[-122.987,49.12293],[-122.97749,49.12081],[-122.96848,49.1179],[-122.96013,49.11425],[-122.95258,49.10991],[-122.94595,49.10496],[-122.94037,49.09949],[-122.93593,49.09359],[-122.9327,49.08736],[-122.93074,49.0809],[-122.93008,49.07434],[-122.93074,49.06777],[-122.9327,49.06132],[-122.93593,49.05509],[-122.94037,49.04919],[-122.94595,49.04371],[-122.95258,49.03877],[-122.96013,49.03443],[-122.96848,49.03077],[-122.97749,49.02786],[-122.987,49.02575],[-122.99685,49.02446],[-123.00688,49.02403],[-123.0169,49.02446],[-123.02675,49.02575],[-123.03626,49.02786],[-123.04527,49.03077],[-123.05363,49.03443],[-123.06118,49.03877],[-123.0678,49.04371],[-123.07338,49.04919],[-123.07782,49.05509],[-123.08105,49.06132],[-123.08301,49.06777],[-123.08367,49.07434],[-123.08301,49.0809],[-123.08105,49.08736],[-123.07782,49.09359],[-123.07338,49.09949],[-123.0678,49.10496],[-123.06118,49.10991],[-123.05363,49.11425],[-123.04527,49.1179],[-123.03626,49.12081],[-123.02675,49.12293],[-123.0169,49.12421],[-123.00688,49.12464]]]}},{"type":"Feature","properties":{"ident":"CZBF","name":"Bathurst Airport","airport_type":"medium_airport","radius_km":5.6},"geometry":{"type":"Polygon","coordinates":[[[-65.7389,47.68001],[-65.72916,47.67958],[-65.71958,47.67829],[-65.71033,47.67618],[-65.70158,47.67327],[-65.69346,47.66961],[-65.68612,47.66527],[-65.67968,47.66032],[-65.67425,47.65485],[-65.66994,47.64895],[-65.6668,47.64272],[-65.66489,47.63627],[-65.66425,47.6297],[-65.66489,47.62313],[-65.6668,47.61668],[-65.66994,47.61045],[-65.67425,47.60455],[-65.67968,47.59908],[-65.68612,47.59413],[-65.69346,47.58979],[-65.70158,47.58613],[-65.71033,47.58322],[-65.71958,47.58111],[-65.72916,47.57982],[-65.7389,47.57939],[-65.74864,47.57982],[-65.75822,47.58111],[-65.76746,47.58322],[-65.77622,47.58613],[-65.78434,47.58979],[-65.79168,47.59413],[-65.79812,47.59908],[-65.80354,47.60455],[-65.80786,47.61045],[-65.811,47.61668],[-65.81291,47.62313],[-65.81355,47.6297],[-65.81291,47.63627],[-65.811,47.64272],[-65.80786,47.64895],[-65.80354,47.65485],[-65.79812,47.66032],[-65.79168,47.66527],[-65.78434,47.66961],[-65.77622,47.67327],[-65.76746,47.67618],[-65.75822,47.67829],[-65.74864,47.67958],[-65.7389,47.68001]]]}},{"type":"Feature","properties":{"ident":"CZBM","name":"Bromont (Roland D\u00e9sourdy) Airport","airport_type":"medium_airport","radius_km":5.6},"geometry":{"type":"Polygon","coordinates":[[[-72.7414,45.3411],[-72.73207,45.34067],[-72.72289,45.33939],[-72.71404,45.33727],[-72.70565,45.33436],[-72.69787,45.33071],[-72.69084,45.32637],[-72.68467,45.32142],[-72.67948,45.31595],[-72.67534,45.31005],[-72.67233,45.30382],[-72.67051,45.29736],[-72.6699,45.2908],[-72.67051,45.28423],[-72.67233,45.27778],[-72.67534,45.27155],[-72.67948,45.26565],[-72.68467,45.26017],[-72.69084,45.25523],[-72.69787,45.25089],[-72.70565,45.24723],[-72.71404,45.24432],[-72.72289,45.24221],[-72.73207,45.24092],[-72.7414,45.24049],[-72.75074,45.24092],[-72.75991,45.24221],[-72.76877,45.24432],[-72.77716,45.24723],[-72.78493,45.25089],[-72.79196,45.25523],[-72.79813,45.26017],[-72.80333,45.26565],[-72.80747,45.27155],[-72.81047,45.27778],[-72.8123,45.28423],[-72.81291,45.2908],[-72.8123,45.29736],[-72.81047,45.30382],[-72.80747,45.31005],[-72.80333,45.31595],[-72.79813,45.32142],[-72.79196,45.32637],[-72.78493,45.33071],[-72.77716,45.33436],[-72.76877,45.33727],[-72.75991,45.33939],[-72.75074,45.34067],[-72.7414,45.3411]]]}},{"type":"Feature","properties":{"ident":"CZEE","name":"Kelsey Airport","airport_type":"medium_airport","radius_km":5.6},"geometry":{"type":"Polygon","coordinates":[[[-96.5097,56.0878],[-96.49794,56.08737],[-96.48639,56.08609],[-96.47524,56.08397],[-96.46467,56.08106],[-96.45488,56.07741],[-96.44602,56.07307],[-96.43826,56.06812],[-96.43171,56.06265],[-96.4265,56.05675],[-96.42272,56.05052],[-96.42042,56.04406],[-96.41965,56.0375],[-96.42042,56.03093],[-96.42272,56.02448],[-96.4265,56.01825],[-96.43171,56.01235],[-96.43826,56.00687],[-96.44602,56.00193],[-96.45488,55.99759],[-96.46467,55.99393],[-96.47524,55.99102],[-96.48639,55.98891],[-96.49794,55.98762],[-96.5097,55.98719],[-96.52145,55.98762],[-96.533,55.98891],[-96.54416,55.99102],[-96.55472,55.99393],[-96.56451,55.99759],[-96.57337,56.00193],[-96.58114,56.00687],[-96.58768,56.01235],[-96.59289,56.01825],[-96.59668,56.02448],[-96.59897,56.03093],[-96.59975,56.0375],[-96.59897,56.04406],[-96.59668,56.05052],[-96.59289,56.05675],[-96.58768,56.06265],[-96.58114,56.06812],[-96.57337,56.07307],[-96.56451,56.07741],[-96.55472,56.08106],[-96.54416,56.08397],[-96.533,56.08609],[-96.52145,56.08737],[-96.5097,56.0878]]]}},{"type":"Feature","properties":{"ident":"CZFA","name":"Faro Airport","airport_type":"medium_airport","radius_km":5.6},"geometry":{"type":"Polygon","coordinates":[[[-133.37601,62.25781],[-133.36192,62.25738],[-133.34808,62.25609],[-133.33472,62.25398],[-133.32206,62.25107],[-133.31033,62.24741],[-133.29972,62.24307],[-133.29041,62.23812],[-133.28257,62.23265],[-133.27633,62.22675],[-133.27179,62.22052],[-133.26904,62.21407],[-133.26812,62.2075],[-133.26904,62.20093],[-133.27179,62.19448],[-133.27633,62.18825],[-133.28257,62.18235],[-133.29041,62.17688],[-133.29972,62.17193],[-133.31033,62.16759],[-133.32206,62.16393],[-133.33472,62.16102],[-133.34808,62.15891],[-133.36192,62.15763],[-133.37601,62.1572],[-133.39009,62.15763],[-133.40393,62.15891],[-133.41729,62.16102],[-133.42995,62.16393],[-133.44169,62.16759],[-133.4523,62.17193],[-133.4616,62.17688],[-133.46944,62.18235],[-133.47568,62.18825],[-133.48022,62.19448],[-133.48297,62.20093],[-133.4839,62.2075],[-133.48297,62.21407],[-133.48022,62.22052],[-133.47568,62.22675],[-133.46944,62.23265],[-133.4616,62.23812],[-133.4523,62.24307],[-133.44169,62.24741],[-133.42995,62.25107],[-133.41729,62.25398],[-133.40393,62.25609],[-133.39009,62.25738],[-133.37601,62.25781]]]}},{"type":"Feature","properties":{"ident":"CZGF","name":"Grand Forks Airport","airport_type":"medium_airport","radius_km":5.6},"geometry":{"type":"Polygon","coordinates":[[[-118.431,49.0659],[-118.42099,49.06547],[-118.41115,49.06419],[-118.40165,49.06207],[-118.39265,49.05916],[-118.38431,49.05551],[-118.37676,49.05117],[-118.37015,49.04622],[-118.36457,49.04075],[-118.36014,49.03485],[-118.35691,49.02862],[-118.35495,49.02216],[-118.3543,49.0156],[-118.35495,49.00903],[-118.35691,49.00258],[-118.36014,48.99635],[-118.36457,48.99045],[-118.37015,48.98497],[-118.37676,48.98003],[-118.38431,48.97569],[-118.39265,48.97203],[-118.40165,48.96912],[-118.41115,48.96701],[-118.42099,48.96572],[-118.431,48.96529],[-118.44101,48.96572],[-118.45085,48.96701],[-118.46035,48.96912],[-118.46935,48.97203],[-118.47769,48.97569],[-118.48524,48.98003],[-118.49185,48.98497],[-118.49743,48.99045],[-118.50186,48.99635],[-118.50509,49.00258],[-118.50705,49.00903],[-118.5077,49.0156],[-118.50705,49.02216],[-118.50509,49.02862],[-118.50186,49.03485],[-118.49743,49.04075],[-118.49185,49.04622],[-118.48524,49.05117],[-118.47769,49.05551],[-118.46935,49.05916],[-118.46035,49.06207],[-118.45085,49.06419],[-118.44101,49.06547],[-118.431,49.0659]]]}},{"type":"Feature","properties":{"ident":"CZJG","name":"Jenpeg Airport","airport_type":"medium_airport","radius_km":5.6},"geometry":{"type":"Polygon","coordinates":[[[-98.0461,54.56921],[-98.03478,54.56878],[-98.02367,54.56749],[-98.01293,54.56538],[-98.00276,54.56247],[-97.99334,54.55881],[-97.98481,54.55447],[-97.97734,54.54953],[-97.97104,54.54405],[-97.96603,54.53815],[-97.96238,54.53192],[-97.96017,54.52547],[-97.95943,54.5189],[-97.96017,54.51234],[-97.96238,54.50588],[-97.96603,54.49965],[-97.97104,54.49375],[-97.97734,54.48828],[-97.98481,54.48333],[-97.99334,54.47899],[-98.00276,54.47534],[-98.01293,54.47243],[-98.02367,54.47031],[-98.03478,54.46903],[-98.0461,54.4686],[-98.05741,54.46903],[-98.06853,54.47031],[-98.07926,54.47243],[-98.08943,54.47534],[-98.09886,54.47899],[-98.10738,54.48333],[-98.11486,54.48828],[-98.12115,54.49375],[-98.12617,54.49965],[-98.12981,54.50588],[-98.13202,54.51234],[-98.13277,54.5189],[-98.13202,54.52547],[-98.12981,54.53192],[-98.12617,54.53815],[-98.12115,54.54405],[-98.11486,54.54953],[-98.10738,54.55447],[-98.09886,54.55881],[-98.08943,54.56247],[-98.07926,54.56538],[-98.06853,54.56749],[-98.05741,54.56878],[-98.0461,54.56921]]]}},{"type":"Feature","properties":{"ident":"CZJN","name":"Swan River Airport","airport_type":"medium_airport","radius_km":5.6},"geometry":{"type":"Polygon","coordinates":[[[-101.236,52.17091],[-101.22531,52.17048],[-101.21479,52.16919],[-101.20465,52.16708],[-101.19503,52.16417],[-101.18612,52.16051],[-101.17807,52.15617],[-101.171,52.15123],[-101.16505,52.14575],[-101.16031,52.13985],[-101.15686,52.13362],[-101.15477,52.12717],[-101.15407,52.1206],[-101.15477,52.11404],[-101.15686,52.10758],[-101.16031,52.10135],[-101.16505,52.09545],[-101.171,52.08998],[-101.17807,52.08503],[-101.18612,52.08069],[-101.19503,52.07704],[-101.20465,52.07413],[-101.21479,52.07201],[-101.22531,52.07073],[-101.236,52.0703],[-101.24669,52.07073],[-101.25721,52.07201],[-101.26735,52.07413],[-101.27697,52.07704],[-101.28588,52.08069],[-101.29393,52.08503],[-101.301,52.08998],[-101.30695,52.09545],[-101.31169,52.10135],[-101.31514,52.10758],[-101.31723,52.11404],[-101.31793,52.1206],[-101.31723,52.12717],[-101.31514,52.13362],[-101.31169,52.13985],[-101.30695,52.14575],[-101.301,52.15123],[-101.29393,52.15617],[-101.28588,52.16051],[-101.27697,52.16417],[-101.26735,52.16708],[-101.25721,52.16919],[-101.24669,52.17048],[-101.236,52.17091]]]}},{"type":"Feature","properties":{"ident":"CZLQ","name":"Thicket Portage Airport","airport_type":"medium_airport","radius_km":5.6},"geometry":{"type":"Polygon","coordinates":[[[-97.7078,55.36921],[-97.69626,55.36878],[-97.68492,55.36749],[-97.67397,55.36538],[-97.6636,55.36247],[-97.65398,55.35881],[-97.64529,55.35447],[-97.63766,55.34953],[-97.63124,55.34405],[-97.62612,55.33815],[-97.62241,55.33192],[-97.62015,55.32547],[-97.61939,55.3189],[-97.62015,55.31233],[-97.62241,55.30588],[-97.62612,55.29965],[-97.63124,55.29375],[-97.63766,55.28828],[-97.64529,55.28333],[-97.65398,55.27899],[-97.6636,55.27534],[-97.67397,55.27242],[-97.68492,55.27031],[-97.69626,55.26903],[-97.7078,55.2686],[-97.71934,55.26903],[-97.73068,55.27031],[-97.74163,55.27242],[-97.75201,55.27534],[-97.76162,55.27899],[-97.77032,55.28333],[-97.77794,55.28828],[-97.78437,55.29375],[-97.78948,55.29965],[-97.7932,55.30588],[-97.79545,55.31233],[-97.79621,55.3189],[-97.79545,55.32547],[-97.7932,55.33192],[-97.78948,55.33815],[-97.78437,55.34405],[-97.77794,55.34953],[-97.77032,55.35447],[-97.76162,55.35881],[-97.75201,55.36247],[-97.74163,55.36538],[-97.73068,55.36749],[-97.71934,55.36878],[-97.7078,55.36921]]]}},{"type":"Feature","properties":{"ident":"CZMN","name":"Pikwitonei Airport","airport_type":"medium_airport","radius_km":5.6},"geometry":{"type":"Polygon","coordinates":[[[-97.1642,55.63921],[-97.15258,55.63878],[-97.14116,55.63749],[-97.13013,55.63538],[-97.11969,55.63247],[-97.11001,55.62881],[-97.10126,55.62447],[-97.09358,55.61953],[-97.08711,55.61405],[-97.08196,55.60815],[-97.07822,55.60192],[-97.07595,55.59547],[-97.07518,55.5889],[-97.07595,55.58234],[-97.07822,55.57588],[-97.08196,55.56965],[-97.08711,55.56375],[-97.09358,55.55828],[-97.10126,55.55333],[-97.11001,55.54899],[-97.11969,55.54534],[-97.13013,55.54243],[-97.14116,55.54031],[-97.15258,55.53903],[-97.1642,55.5386],[-97.17582,55.53903],[-97.18724,55.54031],[-97.19826,55.54243],[-97.20871,55.54534],[-97.21839,55.54899],[-97.22714,55.55333],[-97.23482,55.55828],[-97.24129,55.56375],[-97.24644,55.56965],[-97.25018,55.57588],[-97.25245,55.58234],[-97.25322,55.5889],[-97.25245,55.59547],[-97.25018,55.60192],[-97.24644,55.60815],[-97.24129,55.61405],[-97.23482,55.61953],[-97.22714,55.62447],[-97.21839,55.62881],[-97.20871,55.63247],[-97.19826,55.63538],[-97.18724,55.63749],[-97.17582,55.63878],[-97.1642,55.63921]]]}},{"type":"Feature","properties":{"ident":"CZMT","name":"Masset Airport","airport_type":"medium_airport","radius_km":5.6},"geometry":{"type":"Polygon","coordinates":[[[-132.125,54.07781],[-132.11382,54.07738],[-132.10283,54.07609],[-132.09223,54.07398],[-132.08218,54.07107],[-132.07286,54.06741],[-132.06444,54.06307],[-132.05706,54.05812],[-132.05083,54.05265],[-132.04588,54.04675],[-132.04228,54.04052],[-132.04009,54.03407],[-132.03936,54.0275],[-132.04009,54.02093],[-132.04228,54.01448],[-132.04588,54.00825],[-132.05083,54.00235],[-132.05706,53.99688],[-132.06444,53.99193],[-132.07286,53.98759],[-132.08218,53.98393],[-132.09223,53.98102],[-132.10283,53.97891],[-132.11382,53.97762],[-132.125,53.97719],[-132.13618,53.97762],[-132.14717,53.97891],[-132.15777,53.98102],[-132.16782,53.98393],[-132.17714,53.98759],[-132.18556,53.99193],[-132.19294,53.99688],[-132.19917,54.00235],[-132.20412,54.00825],[-132.20772,54.01448],[-132.20991,54.02093],[-132.21064,54.0275],[-132.20991,54.03407],[-132.20772,54.04052],[-132.20412,54.04675],[-132.19917,54.05265],[-132.19294,54.05812],[-132.18556,54.06307],[-132.17714,54.06741],[-132.16782,54.07107],[-132.15777,54.07398],[-132.14717,54.07609],[-132.13618,54.07738],[-132.125,54.07781]]]}},{"type":"Feature","properties":{"ident":"CZPC","name":"Pincher Creek Airport","airport_type":"medium_airport","radius_km":5.6},"geometry":{"type":"Polygon","coordinates":[[[-113.997,49.57073],[-113.98689,49.5703],[-113.97695,49.56902],[-113.96735,49.56691],[-113.95826,49.56399],[-113.94983,49.56034],[-113.94221,49.556],[-113.93552,49.55105],[-113.92989,49.54558],[-113.92541,49.53968],[-113.92215,49.53345],[-113.92017,49.527],[-113.91951,49.52043],[-113.92017,49.51386],[-113.92215,49.50741],[-113.92541,49.50118],[-113.92989,49.49528],[-113.93552,49.4898],[-113.94221,49.48486],[-113.94983,49.48052],[-113.95826,49.47686],[-113.96735,49.47395],[-113.97695,49.47184],[-113.98689,49.47055],[-113.997,49.47012],[-114.00712,49.47055],[-114.01706,49.47184],[-114.02666,49.47395],[-114.03575,49.47686],[-114.04418,49.48052],[-114.0518,49.48486],[-114.05848,49.4898],[-114.06411,49.49528],[-114.06859,49.50118],[-114.07185,49.50741],[-114.07383,49.51386],[-114.07449,49.52043],[-114.07383,49.527],[-114.07185,49.53345],[-114.06859,49.53968],[-114.06411,49.54558],[-114.05848,49.55105],[-114.0518,49.556],[-114.04418,49.56034],[-114.03575,49.56399],[-114.02666,49.56691],[-114.01706,49.56902],[-114.00712,49.5703],[-113.997,49.57073]]]}},{"type":"Feature","properties":{"ident":"CZSJ","name":"Sandy Lake Airport","airport_type":"medium_airport","radius_km":5.6},"geometry":{"type":"Polygon","coordinates":[[[-93.3444,53.11451],[-93.33347,53.11408],[-93.32273,53.11279],[-93.31236,53.11068],[-93.30254,53.10777],[-93.29344,53.10411],[-93.2852,53.09977],[-93.27798,53.09483],[-93.2719,53.08935],[-93.26706,53.08345],[-93.26354,53.07722],[-93.2614,53.07077],[-93.26068,53.0642],[-93.2614,53.05764],[-93.26354,53.05118],[-93.26706,53.04495],[-93.2719,53.03905],[-93.27798,53.03358],[-93.2852,53.02863],[-93.29344,53.02429],[-93.30254,53.02064],[-93.31236,53.01773],[-93.32273,53.01561],[-93.33347,53.01433],[-93.3444,53.0139],[-93.35533,53.01433],[-93.36607,53.01561],[-93.37643,53.01773],[-93.38626,53.02064],[-93.39536,53.02429],[-93.40359,53.02863],[-93.41081,53.03358],[-93.4169,53.03905],[-93.42174,53.04495],[-93.42526,53.05118],[-93.4274,53.05764],[-93.42811,53.0642],[-93.4274,53.07077],[-93.42526,53.07722],[-93.42174,53.08345],[-93.4169,53.08935],[-93.41081,53.09483],[-93.40359,53.09977],[-93.39536,53.10411],[-93.38626,53.10777],[-93.37643,53.11068],[-93.36607,53.11279],[-93.35533,53.11408],[-93.3444,53.11451]]]}},{"type":"Feature","properties":{"ident":"CZST","name":"Stewart Airport","airport_type":"medium_airport","radius_km":5.6},"geometry":{"type":"Polygon","coordinates":[[[-129.98243,55.98572],[-129.97071,55.98529],[-129.95919,55.984],[-129.94807,55.98189],[-129.93753,55.97898],[-129.92776,55.97532],[-129.91893,55.97098],[-129.91118,55.96603],[-129.90466,55.96056],[-129.89946,55.95466],[-129.89568,55.94843],[-129.89339,55.94198],[-129.89262,55.93541],[-129.89339,55.92884],[-129.89568,55.92239],[-129.89946,55.91616],[-129.90466,55.91026],[-129.91118,55.90479],[-129.91893,55.89984],[-129.92776,55.8955],[-129.93753,55.89184],[-129.94807,55.88893],[-129.95919,55.88682],[-129.97071,55.88554],[-129.98243,55.88511],[-129.99416,55.88554],[-130.00568,55.88682],[-130.0168,55.88893],[-130.02734,55.89184],[-130.03711,55.8955],[-130.04594,55.89984],[-130.05369,55.90479],[-130.06021,55.91026],[-130.06541,55.91616],[-130.06919,55.92239],[-130.07148,55.92884],[-130.07225,55.93541],[-130.07148,55.94198],[-130.06919,55.94843],[-130.06541,55.95466],[-130.06021,55.96056],[-130.05369,55.96603],[-130.04594,55.97098],[-130.03711,55.97532],[-130.02734,55.97898],[-130.0168,55.98189],[-130.00568,55.984],[-129.99416,55.98529],[-129.98243,55.98572]]]}},{"type":"Feature","properties":{"ident":"CZUC","name":"Ignace Municipal Airport","airport_type":"medium_airport","radius_km":5.6},"geometry":{"type":"Polygon","coordinates":[[[-91.72042,49.47851],[-91.71032,49.47808],[-91.7004,49.4768],[-91.69082,49.47468],[-91.68175,49.47177],[-91.67333,49.46811],[-91.66573,49.46378],[-91.65906,49.45883],[-91.65343,49.45336],[-91.64896,49.44746],[-91.64571,49.44122],[-91.64373,49.43477],[-91.64307,49.4282],[-91.64373,49.42164],[-91.64571,49.41518],[-91.64896,49.40895],[-91.65343,49.40305],[-91.65906,49.39758],[-91.66573,49.39263],[-91.67333,49.38829],[-91.68175,49.38464],[-91.69082,49.38173],[-91.7004,49.37961],[-91.71032,49.37833],[-91.72042,49.3779],[-91.73051,49.37833],[-91.74044,49.37961],[-91.75002,49.38173],[-91.75909,49.38464],[-91.7675,49.38829],[-91.77511,49.39263],[-91.78178,49.39758],[-91.7874,49.40305],[-91.79188,49.40895],[-91.79513,49.41518],[-91.7971,49.42164],[-91.79776,49.4282],[-91.7971,49.43477],[-91.79513,49.44122],[-91.79188,49.44746],[-91.7874,49.45336],[-91.78178,49.45883],[-91.77511,49.46378],[-91.7675,49.46811],[-91.75909,49.47177],[-91.75002,49.47468],[-91.74044,49.4768],[-91.73051,49.47808],[-91.72042,49.47851]]]}},{"type":"Feature","properties":{"ident":"US-0243","name":"Almonte (General Hospital)","airport_type":"heliport","radius_km":1.9},"geometry":{"type":"Polygon","coordinates":[[[-76.18734,45.24735],[-76.18261,45.24703],[-76.17807,45.24605],[-76.17388,45.24448],[-76.17021,45.24235],[-76.16719,45.23977],[-76.16495,45.23682],[-76.16357,45.23362],[-76.16311,45.23029],[-76.16357,45.22696],[-76.16495,45.22375],[-76.16719,45.2208],[-76.17021,45.21822],[-76.17388,45.21609],[-76.17807,45.21452],[-76.18261,45.21355],[-76.18734,45.21322],[-76.19207,45.21355],[-76.19662,45.21452],[-76.20081,45.21609],[-76.20448,45.21822],[-76.20749,45.2208],[-76.20973,45.22375],[-76.21111,45.22696],[-76.21158,45.23029],[-76.21111,45.23362],[-76.20973,45.23682],[-76.20749,45.23977],[-76.20448,45.24235],[-76.20081,45.24448],[-76.19662,45.24605],[-76.19207,45.24703],[-76.18734,45.24735]]]}}]}