{"type":"FeatureCollection","features":[{"type":"Feature","properties":{"type":"Secondary Highway","name":null,"label":null,"length_km":3,"expressway":0},"geometry":{"type":"LineString","coordinates":[[-133.32533,62.21571],[-133.31664,62.16014]]}},{"type":"Feature","properties":{"type":"Secondary Highway","name":null,"label":null,"length_km":317,"expressway":0},"geometry":{"type":"LineString","coordinates":[[-123.52746,63.26809],[-123.4962,63.25593],[-123.42674,63.21772],[-123.36075,63.19167],[-123.27913,63.14826],[-123.25655,63.1309],[-123.2305,63.09964],[-123.20793,63.05275],[-123.19577,62.98155],[-123.16278,62.91035],[-123.15583,62.85478],[-123.14541,62.82873],[-123.1402,62.79921],[-123.01169,62.52482],[-123.00127,62.49009],[-122.99259,62.43973],[-122.9648,62.40673],[-122.92139,62.38763],[-122.82067,62.36853],[-122.75815,62.34943],[-122.68174,62.3199],[-122.60012,62.27996],[-122.57928,62.25912],[-122.56539,62.23307],[-122.53934,62.14104],[-122.52892,62.12714],[-122.51155,62.1202],[-122.43514,62.09936],[-122.357,62.08894],[-122.2858,62.06983],[-122.22849,62.06289],[-122.12777,62.03858],[-122.04094,62.02816],[-121.75266,61.94306],[-121.5599,61.89097],[-121.35498,61.85623],[-121.34109,61.84408],[-121.3272,61.80587],[-121.31678,61.79024],[-121.29767,61.78156],[-121.24037,61.77635],[-121.22647,61.7642],[-121.21605,61.74336],[-121.21432,61.71383],[-121.223,61.69299],[-121.24037,61.67042],[-121.30809,61.61311],[-121.32372,61.57317],[-121.32546,61.54538],[-121.35151,61.52107],[-121.3272,61.49329],[-121.27684,61.47418],[-121.2421,61.4464]]}},{"type":"Feature","properties":{"type":"Secondary Highway","name":"1","label":null,"length_km":43,"expressway":0},"geometry":{"type":"LineString","coordinates":[[-120.31302,50.68125],[-120.23314,50.66215],[-120.16715,50.66215],[-120.06469,50.65346],[-119.98481,50.65346],[-119.94139,50.64825],[-119.92576,50.6361]]}},{"type":"Feature","properties":{"type":"Secondary Highway","name":"3","label":null,"length_km":99,"expressway":0},"geometry":{"type":"LineString","coordinates":[[-118.21696,49.01586],[-118.32636,49.01238],[-118.37499,49.03322],[-118.41145,49.03669],[-118.49481,49.02454],[-118.52086,49.02801],[-118.53823,49.03843],[-118.54517,49.05232],[-118.54344,49.10963],[-118.54864,49.12526],[-118.56254,49.14089],[-118.58164,49.1461],[-118.61116,49.14263],[-118.64589,49.13047],[-118.65805,49.11658],[-118.66847,49.07837],[-118.68063,49.06101],[-118.71883,49.04364],[-118.76572,49.01064],[-118.79003,49.00196],[-118.82303,49.00196],[-118.86123,49.01238],[-118.88034,49.02627],[-118.89075,49.04885],[-118.95154,49.05059],[-118.98627,49.06101],[-119.0019,49.06101]]}},{"type":"Feature","properties":{"type":"Secondary Highway","name":"3","label":null,"length_km":123,"expressway":0},"geometry":{"type":"LineString","coordinates":[[-121.35672,49.3597],[-121.28899,49.32149],[-121.24905,49.2694],[-121.09102,49.21904],[-121.02503,49.22251],[-120.98161,49.21035],[-120.96599,49.19993],[-120.93994,49.16694],[-120.88957,49.15305],[-120.87395,49.14436],[-120.867,49.13047],[-120.86353,49.10963],[-120.85484,49.09921],[-120.80969,49.08705],[-120.75065,49.06101],[-120.72634,49.06622],[-120.56657,49.17909],[-120.55962,49.19646],[-120.5822,49.35449],[-120.58046,49.40138],[-120.53531,49.43958],[-120.4971,49.46216]]}},{"type":"Feature","properties":{"type":"Ferry Route","name":null,"label":null,"length_km":39,"expressway":0},"geometry":{"type":"LineString","coordinates":[[-57.08188,51.4193],[-57.02978,51.37068],[-56.88217,51.26474],[-56.81792,51.23349],[-56.76061,51.2248]]}},{"type":"Feature","properties":{"type":"Major Highway","name":"1","label":null,"length_km":59,"expressway":0},"geometry":{"type":"LineString","coordinates":[[-54.61245,48.96028],[-54.63155,48.96376],[-54.68712,48.96028],[-54.76353,48.96376],[-54.82084,48.95507],[-54.84341,48.95681],[-54.85904,48.96549],[-54.86946,48.99154],[-54.87988,49.00023],[-54.90072,49.00717],[-54.93893,49.00891],[-54.98581,49.02801],[-55.0136,49.04538],[-55.09869,49.11831],[-55.11085,49.12352]]}},{"type":"Feature","properties":{"type":"Secondary Highway","name":null,"label":null,"length_km":67,"expressway":0},"geometry":{"type":"LineString","coordinates":[[-57.8182,51.43493],[-57.79041,51.46098],[-57.74874,51.47487],[-57.71227,51.47314],[-57.66712,51.45577],[-57.64628,51.4523],[-57.57681,51.48529],[-57.53687,51.48529],[-57.34064,51.51308],[-57.26944,51.5044],[-57.22602,51.48877]]}},{"type":"Feature","properties":{"type":"Secondary Highway","name":"3","label":null,"length_km":266,"expressway":0},"geometry":{"type":"LineString","coordinates":[[-78.97166,42.90478],[-79.15921,42.89089],[-79.27382,42.90478],[-79.34329,42.88741],[-79.35718,42.89436],[-79.36413,42.90478],[-79.36413,42.94472],[-79.3676,42.96035],[-79.39365,42.97772],[-79.45443,42.98813],[-79.64198,42.99161],[-79.7236,42.97772],[-80.16991,42.86657],[-80.36093,42.83532],[-80.43908,42.81621],[-80.46686,42.82663],[-80.48597,42.84052],[-80.60926,42.83879],[-80.62489,42.83011],[-80.70304,42.84921],[-80.76209,42.83184],[-80.86455,42.76238],[-81.15282,42.75022],[-81.2136,42.77453],[-81.27438,42.81448]]}},{"type":"Feature","properties":{"type":"Ferry Route","name":null,"label":null,"length_km":50,"expressway":0},"geometry":{"type":"LineString","coordinates":[[-82.01243,45.55482],[-82.01417,45.52009],[-82.0107,45.50099],[-81.9968,45.46973],[-81.97944,45.44889],[-81.93602,45.41589],[-81.88393,45.38637],[-81.712,45.33254],[-81.69116,45.31864],[-81.66164,45.28565],[-81.6599,45.27002],[-81.66512,45.26134]]}},{"type":"Feature","properties":{"type":"Secondary Highway","name":"11","label":null,"length_km":181,"expressway":0},"geometry":{"type":"LineString","coordinates":[[-88.24507,49.02106],[-88.24507,49.03322],[-88.26765,49.06622],[-88.26591,49.0749],[-88.27112,49.09921],[-88.26591,49.10963],[-88.25375,49.11658],[-88.21381,49.19125],[-88.17734,49.23119],[-88.10614,49.27808],[-88.09572,49.29718],[-88.13046,49.34754],[-88.12872,49.38054],[-88.10267,49.39443],[-88.10093,49.40659],[-88.12525,49.42395],[-88.12351,49.43785],[-88.11135,49.45869],[-88.08878,49.47953],[-88.06447,49.49863],[-88.03147,49.51252],[-87.93248,49.60803],[-87.90644,49.62366],[-87.86476,49.64276],[-87.83003,49.65145],[-87.67721,49.6636],[-87.6199,49.67576],[-87.55912,49.68097],[-87.40456,49.70528],[-87.28647,49.69313],[-87.18575,49.71049],[-86.96173,49.68444]]}},{"type":"Feature","properties":{"type":"Secondary Highway","name":"373","label":null,"length_km":193,"expressway":0},"geometry":{"type":"LineString","coordinates":[[-97.82065,53.96515],[-97.74424,54.00856],[-97.73035,54.02593],[-97.72688,54.06066],[-97.71472,54.0815],[-97.64873,54.11623],[-97.59837,54.16138],[-97.581,54.19091],[-97.57579,54.21001],[-97.581,54.23953],[-97.59837,54.2569],[-97.61747,54.26558],[-97.68694,54.27947],[-97.86407,54.39061],[-97.96826,54.4375],[-97.97868,54.45661],[-97.98389,54.50523],[-97.9891,54.52433],[-98.07072,54.51912],[-98.09851,54.52086],[-98.18881,54.54865],[-98.20444,54.58685],[-98.22528,54.60422],[-98.24612,54.60943],[-98.29648,54.60769],[-98.31385,54.61116],[-98.32079,54.61984],[-98.31906,54.63895],[-98.28953,54.67021],[-98.28953,54.68931],[-98.30516,54.71536],[-98.35726,54.7744],[-98.38331,54.81087],[-98.40415,54.8265],[-98.43367,54.83171],[-98.53266,54.83171],[-98.5917,54.81955],[-98.64901,54.80045],[-98.69242,54.79698],[-98.81225,54.80219]]}},{"type":"Feature","properties":{"type":"Secondary Highway","name":"21","label":null,"length_km":136,"expressway":0},"geometry":{"type":"LineString","coordinates":[[-109.1693,51.46966],[-109.1363,52.14173],[-109.14672,52.2546],[-109.17104,52.31712],[-109.17798,52.34317],[-109.17624,52.35706],[-109.15367,52.3588],[-109.14325,52.37096],[-109.14846,52.39527],[-109.14325,52.45779],[-109.14672,52.75648],[-109.22661,52.77905],[-109.28565,52.81031],[-109.28391,52.84504],[-109.28912,52.86068],[-109.31517,52.8902],[-109.32212,52.90409],[-109.33428,52.90583],[-109.3499,52.97529],[-109.34817,53.04649],[-109.29954,53.05344],[-109.29086,53.06907],[-109.28912,53.09338]]}},{"type":"Feature","properties":{"type":"Secondary Highway","name":null,"label":null,"length_km":797,"expressway":0},"geometry":{"type":"LineString","coordinates":[[-108.60491,59.56567],[-108.68131,59.55177],[-108.7091,59.51009],[-108.68131,59.46842],[-108.57712,59.46842],[-108.50245,59.40069],[-108.0353,59.40764],[-107.87727,59.3729],[-107.67062,59.36596],[-107.51259,59.32428],[-107.31462,59.30518],[-107.10101,59.30518],[-106.81969,59.31039],[-106.68944,59.27739],[-106.5592,59.22877],[-106.05732,59.22877],[-105.80378,59.21487],[-105.70653,59.18188],[-105.65096,59.15236],[-105.67353,59.12284],[-105.70306,59.10026],[-105.81246,59.05684],[-105.84546,59.03601],[-105.85588,59.02038],[-105.88019,58.95612],[-105.9236,58.92313],[-105.92881,58.9075],[-105.91839,58.89534],[-105.86803,58.88318],[-105.8003,58.87797],[-105.49466,58.88492],[-105.33663,58.86408],[-105.20118,58.83977],[-104.88338,58.76857],[-104.76009,58.71995],[-104.6802,58.65048],[-104.61421,58.55844],[-104.58122,58.52892],[-104.54822,58.51503],[-104.4666,58.49419],[-104.42319,58.46988],[-104.37803,58.42125],[-104.29989,58.30143],[-104.19569,58.24759],[-104.12102,58.25975],[-104.0585,58.28059],[-104.00467,58.25975],[-103.97688,58.2337],[-103.86747,58.20591],[-103.83274,58.16423],[-103.79801,58.10172],[-103.79107,58.03399],[-103.83969,57.92458],[-103.87442,57.86901],[-103.92131,57.8065],[-103.95604,57.73877],[-103.9352,57.63631],[-103.9352,57.42271],[-103.97688,57.36714],[-103.97688,57.29246],[-103.98383,57.23689],[-103.94215,57.17611],[-103.88137,57.12054],[-103.78412,57.0997],[-103.68861,57.06497],[-103.58615,56.95556],[-103.57225,56.867],[-103.6122,56.79754],[-103.62609,56.71592],[-103.58615,56.6395],[-103.57225,56.57178],[-103.57225,56.47453],[-103.5792,56.39291],[-103.57225,56.3026],[-103.56357,56.26614]]}},{"type":"Feature","properties":{"type":"Secondary Highway","name":"7","label":null,"length_km":349,"expressway":0},"geometry":{"type":"LineString","coordinates":[[-121.2421,61.4464],[-121.35846,61.42903],[-121.5408,61.41167],[-121.59463,61.39951],[-121.62068,61.37346],[-121.7214,61.3422],[-121.82734,61.3231],[-121.99405,61.33526],[-122.03052,61.33352],[-122.34831,61.28837],[-122.46293,61.25885],[-122.51155,61.24322],[-122.5515,61.22411],[-122.6939,61.18591],[-122.75815,61.14249],[-122.85366,61.10255],[-122.8745,61.08345],[-122.90229,61.03656],[-122.92834,61.01399],[-123.03427,60.96536],[-123.08289,60.94799],[-123.12283,60.92889],[-123.14715,60.90458],[-123.15409,60.8768],[-123.21314,60.8247],[-123.23919,60.77781],[-123.25655,60.76218],[-123.28607,60.74829],[-123.40937,60.70487],[-123.46668,60.67014],[-123.48405,60.64757],[-123.49273,60.62152],[-123.49099,60.5972],[-123.48231,60.57289],[-123.44237,60.52079],[-123.33644,60.42007],[-123.3156,60.38881],[-123.30344,60.35582],[-123.3017,60.32977],[-123.30691,60.30719],[-123.32254,60.28635],[-123.36596,60.24988],[-123.36943,60.23773],[-123.36075,60.22384],[-123.31733,60.18563],[-123.27913,60.16653],[-123.00648,60.05712],[-122.99606,60.05018],[-122.98564,60.02586],[-122.9266,60.01197],[-122.91097,59.99981]]}},{"type":"Feature","properties":{"type":"Secondary Highway","name":"97","label":null,"length_km":35,"expressway":0},"geometry":{"type":"LineString","coordinates":[[-121.35325,50.42597],[-121.32199,50.46591],[-121.30809,50.4937],[-121.30462,50.52843],[-121.31851,50.56837],[-121.35325,50.64478],[-121.36019,50.68646],[-121.33935,50.70556],[-121.30983,50.77155],[-121.31157,50.78371],[-121.32893,50.80455],[-121.33067,50.8167]]}},{"type":"Feature","properties":{"type":"Secondary Highway","name":"12","label":null,"length_km":98,"expressway":0},"geometry":{"type":"LineString","coordinates":[[-121.33414,50.80802],[-121.27336,50.79065],[-121.21258,50.78197],[-121.17785,50.78544],[-121.12749,50.80107],[-121.10838,50.80281],[-121.07886,50.79065],[-121.05455,50.78544],[-121.02677,50.76808],[-120.95557,50.77155],[-120.92083,50.76113],[-120.88263,50.76634],[-120.86526,50.74898],[-120.80448,50.75071],[-120.76628,50.76461],[-120.73849,50.74377],[-120.6013,50.69514],[-120.5683,50.67604],[-120.51621,50.66041],[-120.478,50.63957]]}},{"type":"Feature","properties":{"type":"Secondary Highway","name":"12","label":null,"length_km":57,"expressway":0},"geometry":{"type":"LineString","coordinates":[[-121.5599,50.22973],[-121.58769,50.25231],[-121.60331,50.28704],[-121.62936,50.29746],[-121.64326,50.31483],[-121.6641,50.3704],[-121.67451,50.45376],[-121.69535,50.49196],[-121.74398,50.53364],[-121.78913,50.54927],[-121.80476,50.57879],[-121.82386,50.58226],[-121.83602,50.58921],[-121.84297,50.59963],[-121.84817,50.62741],[-121.89333,50.67257],[-121.935,50.68646]]}},{"type":"Feature","properties":{"type":"Secondary Highway","name":"1","label":null,"length_km":32,"expressway":0},"geometry":{"type":"LineString","coordinates":[[-121.35325,50.42771],[-121.37756,50.40339],[-121.38971,50.36345],[-121.3845,50.34956],[-121.38798,50.33219],[-121.38277,50.30267],[-121.38624,50.28357],[-121.3984,50.26794],[-121.44355,50.25057],[-121.53038,50.2471],[-121.5599,50.23494]]}},{"type":"Feature","properties":{"type":"Secondary Highway","name":"1","label":null,"length_km":82,"expressway":0},"geometry":{"type":"LineString","coordinates":[[-121.5599,50.23147],[-121.56685,50.1429],[-121.53559,50.09428],[-121.51475,50.02308],[-121.44355,49.91541],[-121.41576,49.82337],[-121.41924,49.81469],[-121.4366,49.79732],[-121.43834,49.79038],[-121.41403,49.74522],[-121.4175,49.65839],[-121.40882,49.62019],[-121.42445,49.59414],[-121.40534,49.5733],[-121.41055,49.56636],[-121.44181,49.56462],[-121.45223,49.5542],[-121.4505,49.53683],[-121.43313,49.51426],[-121.4505,49.40832],[-121.44181,49.38054],[-121.40361,49.35796]]}},{"type":"Feature","properties":{"type":"Major Highway","name":"5","label":null,"length_km":101,"expressway":1},"geometry":{"type":"LineString","coordinates":[[-120.75586,50.09428],[-120.80622,50.05434],[-120.83227,50.02134],[-120.867,50.0144],[-120.90173,49.99182],[-120.91736,49.97619],[-120.91736,49.95709],[-120.89131,49.92409],[-120.89305,49.90325],[-120.93125,49.84595],[-120.93125,49.84074],[-120.95557,49.81816],[-120.97467,49.78343],[-121.02156,49.72786],[-121.02677,49.70007],[-121.01461,49.65145],[-121.02156,49.63408],[-121.08755,49.59761],[-121.14485,49.60109],[-121.16917,49.5924],[-121.19869,49.55593],[-121.19869,49.51426],[-121.2039,49.49863],[-121.21432,49.49342],[-121.24731,49.49515],[-121.26121,49.46911],[-121.28204,49.44479],[-121.31678,49.43437],[-121.33414,49.37533],[-121.36366,49.35623]]}},{"type":"Feature","properties":{"type":"Major Highway","name":"417","label":null,"length_km":129,"expressway":1},"geometry":{"type":"LineString","coordinates":[[-74.53466,45.54961],[-74.64754,45.48015],[-74.74479,45.43152],[-74.80383,45.38464],[-74.86982,45.37074],[-74.93234,45.33427],[-74.99312,45.33601],[-75.05043,45.31864],[-75.23798,45.32559],[-75.45158,45.3499],[-75.59745,45.38985],[-75.65823,45.41068]]}},{"type":"Feature","properties":{"type":"Secondary Highway","name":"1","label":null,"length_km":126,"expressway":0},"geometry":{"type":"LineString","coordinates":[[-66.18511,45.23355],[-66.29452,45.19882],[-66.48554,45.17451],[-66.56022,45.14151],[-66.6592,45.1363],[-66.72172,45.13804],[-66.75992,45.12762],[-66.79987,45.13109],[-66.85544,45.14325],[-67.06036,45.21445],[-67.15413,45.23876],[-67.19234,45.24224],[-67.21491,45.23703],[-67.29827,45.19187]]}},{"type":"Feature","properties":{"type":"Secondary Highway","name":"3","label":null,"length_km":50,"expressway":0},"geometry":{"type":"LineString","coordinates":[[-67.29827,45.18493],[-67.28264,45.2405],[-67.28785,45.29781],[-67.28611,45.32386],[-67.26006,45.402],[-67.23922,45.42979],[-67.16281,45.44542],[-67.13329,45.46452],[-67.12982,45.4923],[-67.13329,45.54614],[-67.11766,45.57219],[-67.11072,45.59824],[-67.11419,45.62429],[-67.13329,45.6486]]}},{"type":"Feature","properties":{"type":"Major Highway","name":"2","label":null,"length_km":27,"expressway":1},"geometry":{"type":"LineString","coordinates":[[-66.6922,45.92645],[-66.74256,45.92993],[-66.76687,45.92645],[-66.84675,45.86394],[-66.92143,45.84136]]}},{"type":"Feature","properties":{"type":"Major Highway","name":"20","label":null,"length_km":130,"expressway":1},"geometry":{"type":"LineString","coordinates":[[-71.14135,46.73223],[-71.24728,46.68882],[-71.32717,46.67493],[-71.39663,46.65061],[-71.47304,46.63325],[-71.50777,46.61588],[-71.56334,46.57594],[-71.75437,46.46653],[-71.83078,46.39707],[-71.9506,46.30503],[-72.04785,46.26335],[-72.05827,46.2512],[-72.06869,46.21646],[-72.07911,46.1991],[-72.20762,46.11053]]}},{"type":"Feature","properties":{"type":"Secondary Highway","name":"52","label":null,"length_km":34,"expressway":0},"geometry":{"type":"LineString","coordinates":[[-102.83246,49.13047],[-102.79252,49.10442],[-102.73001,49.05232],[-102.69527,49.03148],[-102.66228,49.02106],[-102.5876,49.01238],[-102.54419,49.00023]]}},{"type":"Feature","properties":{"type":"Secondary Highway","name":"8","label":null,"length_km":435,"expressway":0},"geometry":{"type":"LineString","coordinates":[[-133.70043,68.35804],[-133.63097,68.332],[-133.54587,68.31637],[-133.44689,68.30768],[-133.33575,68.31116],[-133.28712,68.299],[-133.26281,68.28511],[-133.25239,68.26948],[-133.27149,68.25038],[-133.25065,68.22085],[-133.28365,68.20696],[-133.41042,68.19307],[-133.44515,68.17918],[-133.46426,68.11145],[-133.48857,68.07845],[-133.48336,68.04025],[-133.46599,67.9951],[-133.47294,67.97773],[-133.52851,67.93431],[-133.58582,67.89611],[-133.73864,67.80928],[-133.82373,67.75024],[-133.87583,67.72419],[-133.87062,67.68598],[-133.83241,67.59915],[-133.75079,67.47933],[-133.75079,67.46717],[-133.76121,67.45849],[-133.79594,67.4498],[-133.90014,67.44112],[-134.06338,67.39771],[-134.11895,67.38729],[-134.23357,67.38381],[-134.31866,67.39423],[-134.40375,67.41334],[-134.51316,67.4498],[-134.59999,67.48627],[-134.6573,67.49843],[-134.71808,67.48801],[-134.74586,67.47759],[-134.76323,67.44112],[-134.82922,67.42028],[-134.77191,67.40118],[-134.78233,67.38381],[-134.81706,67.3595],[-134.95946,67.31782],[-135.03587,67.3074],[-135.06539,67.29351],[-135.08103,67.27441],[-135.1227,67.25704],[-135.15396,67.24836],[-135.24947,67.2362],[-135.635,67.19453],[-135.7583,67.165],[-135.94932,67.14416],[-136.04484,67.11812],[-136.14729,67.07817]]}},{"type":"Feature","properties":{"type":"Secondary Highway","name":null,"label":null,"length_km":882,"expressway":0},"geometry":{"type":"LineString","coordinates":[[-126.18792,67.01739],[-126.51961,66.90799],[-127.10137,66.72912],[-127.26809,66.68744],[-127.63277,66.60756],[-127.7387,66.56588],[-127.94015,66.45474],[-128.00614,66.42869],[-128.22842,66.36791],[-128.40382,66.30539],[-128.47502,66.29323],[-128.49065,66.27587],[-128.59832,66.27239],[-128.62263,66.2585],[-128.63131,66.24808],[-128.59137,66.21682],[-128.52885,66.20814],[-128.50802,66.19425],[-128.49586,66.1682],[-128.4837,66.07963],[-128.47155,66.04143],[-128.37777,66.01538],[-128.2892,65.97544],[-128.25447,65.89729],[-128.18327,65.84346],[-128.02698,65.82609],[-127.92105,65.77399],[-127.86026,65.70453],[-127.76302,65.61596],[-127.65882,65.52913],[-127.50079,65.45967],[-127.32539,65.41452],[-126.97634,65.31032],[-126.87041,65.28427],[-126.56476,65.24086],[-126.4241,65.20439],[-125.98648,65.03941],[-125.90139,65.02552],[-125.80761,65.00121],[-125.67216,64.99426],[-125.66174,64.96995],[-125.63742,64.94043],[-125.61659,64.92653],[-125.58185,64.9109],[-125.5176,64.90396],[-125.32136,64.91611],[-125.10429,64.87444],[-125.06261,64.86228],[-125.03483,64.84839],[-125.00704,64.82407],[-124.97578,64.76329],[-124.96015,64.74072],[-124.88374,64.69209],[-124.85422,64.64347],[-124.83859,64.6261],[-124.76218,64.58442],[-124.75002,64.57227],[-124.73266,64.52885],[-124.7344,64.51149],[-124.75176,64.47155],[-124.75176,64.44723],[-124.74134,64.42987],[-124.70487,64.40729],[-124.62152,64.38124],[-124.54684,64.3222],[-124.4357,64.27531],[-124.40965,64.25794],[-124.3975,64.24232],[-124.35582,64.15375],[-124.25336,64.00787],[-124.22731,63.98704],[-124.12659,63.92799],[-124.03281,63.88805],[-124.01371,63.86547],[-123.97898,63.79775],[-123.96335,63.77343],[-123.81053,63.66056],[-123.79316,63.63624],[-123.77058,63.58588],[-123.75148,63.5581],[-123.62297,63.43653],[-123.57956,63.38444],[-123.57956,63.32366],[-123.52572,63.26635]]}},{"type":"Feature","properties":{"type":"Secondary Highway","name":"77","label":null,"length_km":103,"expressway":0},"geometry":{"type":"LineString","coordinates":[[-122.91097,59.99981],[-122.91965,59.9755],[-122.95439,59.94598],[-122.96828,59.92514],[-122.97349,59.90257],[-122.96828,59.83136],[-122.99606,59.77406],[-123.05337,59.72717],[-123.10026,59.67681],[-123.10894,59.62124],[-123.11936,59.6004],[-123.20619,59.48405],[-123.27392,59.41458],[-123.28955,59.38159],[-123.29129,59.33644],[-123.3017,59.3017],[-123.29476,59.27566],[-123.27566,59.24961],[-123.22877,59.19751],[-123.22877,59.16799],[-123.26003,59.12978],[-123.24961,59.09679],[-123.20445,59.07768],[-123.19403,59.06205],[-123.18535,58.97522],[-123.10373,58.90055]]}},{"type":"Feature","properties":{"type":"Secondary Highway","name":"39","label":null,"length_km":254,"expressway":0},"geometry":{"type":"LineString","coordinates":[[-99.11268,54.65979],[-99.27071,54.64416],[-99.35059,54.64242],[-99.37143,54.63547],[-99.43569,54.59727],[-99.46521,54.58511],[-99.50168,54.58338],[-99.61282,54.59032],[-99.63713,54.58338],[-99.68576,54.5608],[-99.70659,54.55559],[-99.73091,54.5608],[-99.75869,54.58511],[-99.77606,54.5938],[-99.90804,54.64068],[-99.93235,54.64242],[-100.00529,54.64068],[-100.14943,54.61984],[-100.26752,54.61116],[-100.3144,54.59901],[-100.38213,54.56254],[-100.43076,54.55733],[-100.60441,54.56427],[-100.62699,54.57296],[-100.66519,54.5938],[-100.68777,54.59901],[-100.78676,54.58511],[-100.93089,54.58338],[-101.00036,54.56948],[-101.20528,54.4705],[-101.24348,54.46008],[-101.32684,54.45313],[-101.36331,54.43577]]}},{"type":"Feature","properties":{"type":"Secondary Highway","name":"18","label":null,"length_km":62,"expressway":0},"geometry":{"type":"LineString","coordinates":[[-102.28544,49.23814],[-102.34795,49.2364],[-102.41568,49.20862],[-102.51988,49.20341],[-102.60844,49.17909],[-102.70917,49.17736],[-102.75084,49.1652],[-102.83246,49.13047]]}},{"type":"Feature","properties":{"type":"Secondary Highway","name":"1","label":null,"length_km":163,"expressway":0},"geometry":{"type":"LineString","coordinates":[[-98.45972,49.99008],[-98.54655,49.97619],[-98.76536,49.96404],[-98.82614,49.95362],[-98.92339,49.95188],[-99.104,49.91541],[-99.32628,49.88936],[-99.38706,49.89457],[-99.48257,49.9102],[-99.55898,49.91715],[-99.61803,49.91367],[-99.78127,49.89283],[-99.92193,49.88936]]}},{"type":"Feature","properties":{"type":"Secondary Highway","name":null,"label":null,"length_km":58,"expressway":0},"geometry":{"type":"LineString","coordinates":[[-100.05739,51.15708],[-100.05739,51.03899],[-100.03655,50.96605],[-100.03655,50.95042],[-100.04523,50.93132],[-100.07823,50.89138],[-100.07996,50.87401],[-100.07475,50.86359],[-100.0296,50.83581],[-100.01571,50.81844],[-100.00703,50.78718],[-100.00355,50.71772],[-99.99487,50.69514],[-99.98445,50.68299],[-99.94798,50.66562],[-99.9393,50.6552],[-99.93756,50.64304],[-99.95319,50.63262],[-99.96187,50.60657],[-99.94451,50.51975]]}},{"type":"Feature","properties":{"type":"Secondary Highway","name":"1","label":null,"length_km":125,"expressway":0},"geometry":{"type":"LineString","coordinates":[[-97.34309,49.90499],[-97.37261,49.89283],[-97.41776,49.88242],[-97.48202,49.87547],[-97.54801,49.8772],[-97.67999,49.89457],[-98.15234,49.99703],[-98.27564,50.00224],[-98.45972,49.99008]]}},{"type":"Feature","properties":{"type":"Secondary Highway","name":"2","label":null,"length_km":300,"expressway":0},"geometry":{"type":"LineString","coordinates":[[-99.95145,49.58719],[-99.81774,49.59067],[-99.6406,49.57504],[-99.45479,49.56636],[-98.9998,49.56983],[-98.95812,49.57677],[-98.82093,49.61498],[-98.66116,49.63929],[-98.37115,49.67055],[-98.11414,49.67923],[-98.04641,49.68618],[-97.90054,49.7157],[-97.81371,49.7296],[-97.66262,49.76606],[-97.49417,49.77648],[-97.44381,49.78343],[-97.39172,49.79906],[-97.27015,49.84421]]}},{"type":"Feature","properties":{"type":"Secondary Highway","name":"75","label":null,"length_km":88,"expressway":0},"geometry":{"type":"LineString","coordinates":[[-97.16943,49.90499],[-97.16943,49.83726],[-97.16422,49.8008],[-97.15206,49.7678],[-97.11039,49.71397],[-97.10518,49.68965],[-97.11039,49.66534],[-97.17638,49.54725],[-97.20416,49.5212],[-97.27884,49.46737],[-97.3483,49.37186],[-97.37087,49.35623],[-97.37261,49.34928],[-97.37087,49.33713],[-97.35525,49.30413],[-97.34656,49.2364],[-97.31704,49.13047],[-97.30315,49.10789],[-97.26321,49.06274],[-97.25105,49.0419],[-97.24931,49.02627],[-97.25973,49.01238]]}},{"type":"Feature","properties":{"type":"Secondary Highway","name":"68","label":null,"length_km":222,"expressway":0},"geometry":{"type":"LineString","coordinates":[[-98.18707,50.95042],[-98.22702,50.94174],[-98.43367,50.94174],[-98.55871,50.94521],[-98.60038,50.95042],[-98.62817,50.96084],[-98.64901,50.97994],[-98.65248,50.99905],[-98.63859,51.04941],[-98.64206,51.06504],[-98.65596,51.0824],[-98.67506,51.08588],[-98.72889,51.07719],[-98.80183,51.0824],[-98.87998,51.0633],[-98.89387,51.07546],[-98.90255,51.11192],[-98.91124,51.12582],[-98.91818,51.12929],[-98.93555,51.12929],[-98.95465,51.15013],[-98.98765,51.16055],[-99.00675,51.16055],[-99.02064,51.1536],[-99.04843,51.11887],[-99.06232,51.11019],[-99.14567,51.09977],[-99.1613,51.09108],[-99.20125,51.04767],[-99.22209,51.03899],[-99.2464,51.03725],[-99.60587,51.04767],[-99.72917,51.05983],[-99.75522,51.06504],[-99.77606,51.07719],[-99.81079,51.10671],[-99.85594,51.12929],[-99.94625,51.14839],[-100.05391,51.15708]]}},{"type":"Feature","properties":{"type":"Secondary Highway","name":null,"label":null,"length_km":251,"expressway":0},"geometry":{"type":"LineString","coordinates":[[-98.35552,51.17965],[-98.03773,51.17965],[-97.90227,51.17271],[-97.86407,51.17791],[-97.7755,51.20744],[-97.72167,51.21786],[-97.53064,51.21091],[-97.41082,51.21786],[-97.32399,51.23175],[-97.09649,51.23175],[-97.04613,51.23522],[-97.02703,51.23001],[-97.01661,51.20223],[-97.00619,51.07719],[-97.02703,50.93653],[-97.02008,50.82539],[-97.02008,50.65694],[-97.02877,50.56663],[-97.02529,50.52495],[-97.0496,50.47807],[-97.04787,50.4416],[-97.06002,50.32872],[-97.05308,50.27489],[-97.0444,50.06823],[-97.05655,50.03871],[-97.12602,49.96577],[-97.1538,49.91888],[-97.16943,49.90499]]}},{"type":"Feature","properties":{"type":"Secondary Highway","name":"11","label":null,"length_km":397,"expressway":0},"geometry":{"type":"LineString","coordinates":[[-89.89657,48.61123],[-89.97472,48.61991],[-90.05634,48.63554],[-90.14838,48.63554],[-90.20221,48.65291],[-90.33593,48.67027],[-90.41929,48.66854],[-90.53564,48.63901],[-90.57211,48.64075],[-90.69714,48.67027],[-90.78397,48.67722],[-90.91248,48.67896],[-91.04273,48.66333],[-91.12782,48.66854],[-91.26848,48.71195],[-91.331,48.74321],[-91.36747,48.75189],[-91.39699,48.74668],[-91.46645,48.72411],[-91.54807,48.71716],[-91.60886,48.72063],[-91.70958,48.74321],[-91.90408,48.72063],[-92.15241,48.73105],[-92.31739,48.72932],[-92.42853,48.74321],[-92.59177,48.75189],[-92.7168,48.75016],[-92.89393,48.72932],[-93.00855,48.69806],[-93.0346,48.70153],[-93.07975,48.71716],[-93.13706,48.7189],[-93.41491,48.63554],[-93.43749,48.62338]]}},{"type":"Feature","properties":{"type":"Secondary Highway","name":"1","label":null,"length_km":99,"expressway":0},"geometry":{"type":"LineString","coordinates":[[-94.26758,49.72438],[-94.29189,49.73481],[-94.41693,49.76085],[-94.4916,49.7678],[-94.55065,49.76433],[-94.71389,49.72786],[-94.83197,49.72786],[-95.15324,49.74175]]}},{"type":"Feature","properties":{"type":"Secondary Highway","name":"71","label":null,"length_km":124,"expressway":0},"geometry":{"type":"LineString","coordinates":[[-94.26063,49.72438],[-94.25195,49.69313],[-94.23285,49.67229],[-94.2068,49.66187],[-94.11476,49.64276],[-94.09219,49.63235],[-94.07656,49.61672],[-94.07656,49.54378],[-94.03661,49.48647],[-94.02619,49.4639],[-94.02619,49.44479],[-94.02967,49.43437],[-94.04182,49.42569],[-94.08003,49.42569],[-94.09566,49.41701],[-94.07308,49.38922],[-94.02793,49.38575],[-93.98452,49.37186],[-93.98278,49.35275],[-93.98625,49.33886],[-94.03488,49.29545],[-94.04182,49.28329],[-94.04356,49.26766],[-94.03835,49.25377],[-94.02098,49.23814],[-93.94631,49.20514],[-93.93068,49.1843],[-93.91853,49.14784],[-93.90984,49.04885],[-93.92721,48.93424],[-93.92373,48.90124],[-93.90984,48.86303],[-93.922,48.73974],[-93.91853,48.66854]]}},{"type":"Feature","properties":{"type":"Secondary Highway","name":"12","label":null,"length_km":163,"expressway":0},"geometry":{"type":"LineString","coordinates":[[-95.49014,49.00543],[-95.49883,49.00717],[-95.50925,49.01933],[-95.53008,49.02454],[-95.68811,49.03148],[-95.78363,49.04017],[-95.87393,49.08358],[-95.97639,49.09053],[-96.06669,49.13568],[-96.17436,49.16694],[-96.30808,49.23293],[-96.37928,49.26071],[-96.53731,49.29371],[-96.58073,49.3076],[-96.63803,49.33713],[-96.67276,49.3597],[-96.6936,49.38228],[-96.70402,49.40138],[-96.70923,49.43611],[-96.68666,49.60977],[-96.65193,49.70181]]}},{"type":"Feature","properties":{"type":"Secondary Highway","name":"11","label":null,"length_km":79,"expressway":0},"geometry":{"type":"LineString","coordinates":[[-94.60274,48.72584],[-94.53502,48.73974],[-94.34573,48.73626],[-94.2589,48.72411],[-94.2068,48.70327],[-94.14255,48.68764],[-94.09913,48.66854],[-94.02272,48.66159],[-93.89942,48.65985]]}},{"type":"Feature","properties":{"type":"Secondary Highway","name":"11","label":null,"length_km":54,"expressway":0},"geometry":{"type":"LineString","coordinates":[[-93.91853,48.66854],[-93.84906,48.65638],[-93.78654,48.63554],[-93.75008,48.63033],[-93.66325,48.62859],[-93.57815,48.62165],[-93.50695,48.62338],[-93.46701,48.60949],[-93.43749,48.62338]]}},{"type":"Feature","properties":{"type":"Secondary Highway","name":null,"label":null,"length_km":35,"expressway":0},"geometry":{"type":"LineString","coordinates":[[-74.17518,50.00919],[-74.18387,49.9814],[-74.19776,49.96404],[-74.2568,49.92409],[-74.2898,49.91367],[-74.36621,49.9102],[-74.39573,49.89978],[-74.41136,49.88242],[-74.42525,49.83379],[-74.43741,49.81469]]}},{"type":"Feature","properties":{"type":"Secondary Highway","name":"17","label":null,"length_km":279,"expressway":0},"geometry":{"type":"LineString","coordinates":[[-88.24507,49.02106],[-88.08878,49.00196],[-88.07141,49.01759],[-88.04536,49.02454],[-88.02105,49.02106],[-88.01758,49.01238],[-88.02452,48.98981],[-88.02452,48.97765],[-88.00369,48.97418],[-87.94811,48.94813],[-87.86997,48.94118],[-87.81613,48.92729],[-87.77966,48.93076],[-87.72062,48.9134],[-87.67373,48.91166],[-87.65289,48.8995],[-87.62511,48.89082],[-87.53654,48.87693],[-87.51049,48.86824],[-87.49139,48.84914],[-87.45318,48.85609],[-87.34378,48.82309],[-87.16317,48.78489],[-87.10586,48.78836],[-87.09545,48.79704],[-87.07634,48.83004],[-87.06419,48.84219],[-86.97215,48.8613],[-86.95131,48.84741],[-86.92352,48.79357],[-86.90963,48.78141],[-86.89053,48.7762],[-86.85927,48.77968],[-86.78633,48.80052],[-86.74465,48.80573],[-86.70645,48.82136],[-86.68908,48.82483],[-86.67172,48.81788],[-86.62483,48.7901],[-86.52237,48.77273],[-86.50848,48.78836],[-86.48764,48.79878],[-86.33655,48.74321],[-86.28967,48.71716],[-86.17852,48.68764],[-86.11948,48.68417],[-86.01355,48.68417],[-85.97361,48.69285],[-85.92498,48.69111],[-85.87462,48.69458],[-85.85031,48.70327]]}},{"type":"Feature","properties":{"type":"Secondary Highway","name":"510","label":null,"length_km":105,"expressway":0},"geometry":{"type":"LineString","coordinates":[[-57.23297,51.48703],[-57.22602,51.47835],[-57.22081,51.44361],[-57.20345,51.42798],[-57.14787,51.41583],[-57.09751,51.42278],[-57.05931,51.4384],[-56.98116,51.4905],[-56.88912,51.51481],[-56.78493,51.57212],[-56.74151,51.58949],[-56.72935,51.60512],[-56.71894,51.64506],[-56.70157,51.67805],[-56.67899,51.71105],[-56.65294,51.73015],[-56.61474,51.74057],[-56.51575,51.75794],[-56.37335,51.7371]]}},{"type":"Feature","properties":{"type":"Secondary Highway","name":null,"label":null,"length_km":141,"expressway":0},"geometry":{"type":"LineString","coordinates":[[-55.56757,51.35331],[-55.59536,51.36894],[-55.60057,51.40194],[-55.62314,51.42798],[-55.73081,51.48529],[-55.76728,51.4905],[-55.79333,51.48356],[-55.92531,51.4002],[-55.97741,51.38283],[-56.02777,51.37068],[-56.10244,51.36547],[-56.17538,51.37068],[-56.24311,51.38804],[-56.30389,51.41062],[-56.32646,51.41062],[-56.37509,51.39846],[-56.5418,51.38283],[-56.59043,51.36547],[-56.63732,51.33421],[-56.70157,51.30469],[-56.74498,51.27169],[-56.77103,51.2387]]}},{"type":"Feature","properties":{"type":"Secondary Highway","name":"430","label":null,"length_km":173,"expressway":0},"geometry":{"type":"LineString","coordinates":[[-56.77451,51.23001],[-56.75714,51.2248],[-56.74846,51.21265],[-56.74325,51.19181],[-56.74672,51.17618],[-56.81445,51.12234],[-56.83529,51.08588],[-56.88391,51.02509],[-56.92385,50.93653],[-56.94122,50.90701],[-56.96553,50.87922],[-57.06625,50.78371],[-57.08709,50.76982],[-57.1635,50.72987],[-57.18782,50.70382],[-57.19302,50.68125],[-57.17219,50.65694],[-57.16524,50.63957],[-57.16177,50.62047],[-57.16871,50.60484],[-57.19997,50.57705],[-57.26596,50.55795],[-57.3198,50.551],[-57.3719,50.53016],[-57.45525,50.45028],[-57.49519,50.39124],[-57.50561,50.34782],[-57.54729,50.27315],[-57.57681,50.19153],[-57.62891,50.11859],[-57.6758,50.04218],[-57.71748,49.95535],[-57.77999,49.86331],[-57.79736,49.85116],[-57.83209,49.83553],[-57.84078,49.82337]]}},{"type":"Feature","properties":{"type":"Secondary Highway","name":null,"label":null,"length_km":82,"expressway":0},"geometry":{"type":"LineString","coordinates":[[-57.83383,49.82684],[-57.84772,49.80253],[-57.86335,49.76085],[-57.91024,49.7157],[-57.93455,49.68097],[-57.93802,49.66187],[-57.93108,49.6445],[-57.91371,49.63582],[-57.89808,49.61151],[-57.89982,49.59935],[-57.87203,49.5733],[-57.74005,49.49863],[-57.63586,49.4639],[-57.62544,49.44827],[-57.60286,49.39443],[-57.55771,49.35623],[-57.54903,49.30413],[-57.53687,49.28329],[-57.5004,49.25203],[-57.48304,49.24509],[-57.46567,49.24509]]}},{"type":"Feature","properties":{"type":"Secondary Highway","name":"361","label":null,"length_km":33,"expressway":0},"geometry":{"type":"LineString","coordinates":[[-55.62662,47.97216],[-55.6735,47.96348],[-55.71345,47.93743],[-55.73081,47.93222],[-55.74644,47.93396],[-55.77075,47.96174],[-55.78986,47.96522],[-55.80375,47.96174],[-55.81417,47.95306],[-55.82632,47.93048],[-55.86453,47.89922],[-55.87321,47.88012],[-55.87495,47.85755]]}},{"type":"Feature","properties":{"type":"Secondary Highway","name":"230","label":null,"length_km":125,"expressway":0},"geometry":{"type":"LineString","coordinates":[[-53.09293,48.6668],[-53.11203,48.62165],[-53.08251,48.55392],[-53.08251,48.54176],[-53.09119,48.52266],[-53.10161,48.47925],[-53.13808,48.46014],[-53.21101,48.42715],[-53.30479,48.4011],[-53.4003,48.40284],[-53.47498,48.38894],[-53.69379,48.36984],[-53.75804,48.35421],[-53.79972,48.35768],[-53.83272,48.35248],[-53.91086,48.32643],[-53.95254,48.27433],[-53.98206,48.21876],[-54.03069,48.18055]]}},{"type":"Feature","properties":{"type":"Secondary Highway","name":"10","label":null,"length_km":144,"expressway":0},"geometry":{"type":"LineString","coordinates":[[-52.84459,47.29663],[-52.86196,47.19938],[-52.92274,47.19243],[-52.92621,47.17854],[-52.90537,47.14381],[-52.91753,47.12297],[-52.92795,47.11255],[-52.97657,47.1056],[-52.98352,47.10213],[-52.97136,47.07955],[-52.91232,47.05524],[-52.90364,47.03266],[-52.90885,47.01877],[-52.92448,47.01356],[-52.98873,47.02919],[-53.00262,47.02398],[-52.99568,47.00661],[-52.95921,46.94931],[-52.954,46.91457],[-52.96442,46.87463],[-52.98005,46.85553],[-53.05472,46.8017],[-53.10508,46.79475],[-53.1676,46.77912],[-53.21622,46.74092],[-53.23706,46.7305],[-53.27701,46.75133],[-53.33084,46.75828],[-53.35863,46.77391],[-53.37425,46.77391],[-53.40378,46.76176],[-53.44893,46.72355],[-53.4715,46.71834],[-53.51666,46.72529],[-53.58438,46.75828],[-53.61043,46.77912],[-53.62259,46.79822],[-53.62325,46.80818]]}},{"type":"Feature","properties":{"type":"Secondary Highway","name":"70","label":null,"length_km":81,"expressway":0},"geometry":{"type":"LineString","coordinates":[[-52.99568,48.07462],[-52.99915,48.03815],[-53.01304,48.01037],[-53.03562,47.98779],[-53.08772,47.95827],[-53.09987,47.94438],[-53.10856,47.8697],[-53.11897,47.84539],[-53.2388,47.75335],[-53.24748,47.72557],[-53.2388,47.6891],[-53.25096,47.66826],[-53.30132,47.637],[-53.31174,47.62484],[-53.31174,47.59358],[-53.30305,47.56059],[-53.28916,47.54322],[-53.24922,47.51023],[-53.24401,47.4946],[-53.24748,47.46855],[-53.24227,47.44076],[-53.20407,47.41124],[-53.23706,47.36783]]}},{"type":"Feature","properties":{"type":"Secondary Highway","name":"80","label":null,"length_km":86,"expressway":0},"geometry":{"type":"LineString","coordinates":[[-53.01825,48.0451],[-53.07035,48.03294],[-53.13981,48.03641],[-53.17455,48.03294],[-53.26485,48.00689],[-53.28569,47.99126],[-53.32737,47.93743],[-53.36036,47.90443],[-53.37773,47.86797],[-53.44893,47.82455],[-53.47324,47.78114],[-53.49755,47.75335],[-53.50102,47.7273],[-53.49582,47.67347],[-53.49755,47.64742],[-53.50797,47.61963],[-53.55833,47.54843],[-53.57049,47.48591],[-53.57223,47.45292]]}},{"type":"Feature","properties":{"type":"Secondary Highway","name":"320","label":null,"length_km":192,"expressway":0},"geometry":{"type":"LineString","coordinates":[[-54.47004,49.27982],[-54.41968,49.29892],[-54.35543,49.34581],[-54.32591,49.35449],[-54.28076,49.3597],[-54.2304,49.35623],[-54.13315,49.38228],[-54.0741,49.3927],[-53.98206,49.42743],[-53.95254,49.42916],[-53.91607,49.42048],[-53.83272,49.38054],[-53.72852,49.35275],[-53.6278,49.28676],[-53.59307,49.27634],[-53.57396,49.2503],[-53.56354,49.21904],[-53.56354,49.19472],[-53.57049,49.17562],[-53.57917,49.1652],[-53.70421,49.14263],[-53.82924,49.08358],[-53.91086,49.01412],[-53.92996,48.97244],[-54.00637,48.9186],[-54.01506,48.88561],[-54.02721,48.86824],[-54.08626,48.85782],[-54.16961,48.83698],[-54.18698,48.82657],[-54.24081,48.77968]]}},{"type":"Feature","properties":{"type":"Secondary Highway","name":"360","label":null,"length_km":95,"expressway":0},"geometry":{"type":"LineString","coordinates":[[-55.43212,49.01933],[-55.47901,49.0037],[-55.49637,48.98981],[-55.51026,48.96897],[-55.52589,48.92555],[-55.53805,48.90819],[-55.52589,48.85956],[-55.545,48.74842],[-55.49637,48.55045],[-55.48074,48.50877],[-55.45296,48.46014],[-55.45469,48.44625],[-55.4738,48.39415],[-55.49464,48.28822],[-55.50679,48.2587],[-55.49637,48.18229],[-55.50679,48.16319],[-55.57278,48.10067],[-55.60925,48.026],[-55.62662,47.97216]]}},{"type":"Feature","properties":{"type":"Secondary Highway","name":"370","label":null,"length_km":93,"expressway":0},"geometry":{"type":"LineString","coordinates":[[-56.03298,48.98286],[-56.0955,48.94639],[-56.14412,48.89603],[-56.2379,48.87519],[-56.26047,48.86477],[-56.28826,48.84393],[-56.31083,48.83698],[-56.35251,48.83351],[-56.46366,48.84567],[-56.49839,48.83872],[-56.57306,48.81094],[-56.84223,48.80225]]}},{"type":"Feature","properties":{"type":"Secondary Highway","name":"480","label":null,"length_km":132,"expressway":0},"geometry":{"type":"LineString","coordinates":[[-58.27319,48.51051],[-58.03875,48.48793],[-58.02659,48.47925],[-57.99186,48.47056],[-57.80778,48.46014],[-57.75568,48.43236],[-57.70358,48.38721],[-57.7279,48.25523],[-57.73658,48.17534],[-57.69316,48.06073],[-57.68969,48.0121],[-57.64975,47.98953],[-57.63586,47.97563],[-57.62891,47.96174],[-57.66017,47.91659],[-57.64801,47.87839],[-57.64975,47.86449],[-57.66712,47.83844],[-57.65496,47.77593],[-57.66017,47.73772],[-57.64454,47.71688],[-57.62891,47.68562],[-57.63238,47.65784],[-57.6237,47.62832]]}},{"type":"Feature","properties":{"type":"Major Highway","name":"1","label":null,"length_km":118,"expressway":0},"geometry":{"type":"LineString","coordinates":[[-57.41184,49.30587],[-57.45004,49.27287],[-57.4622,49.25377],[-57.46046,49.22946],[-57.43962,49.19125],[-57.4483,49.15999],[-57.46393,49.1461],[-57.50561,49.127],[-57.52819,49.10963],[-57.54382,49.08879],[-57.56118,49.0419],[-57.5716,49.02975],[-57.62717,49.00717],[-57.73832,48.98981],[-57.90503,48.94813],[-57.91024,48.93597],[-57.89982,48.90819],[-57.94844,48.86824],[-57.97276,48.83351],[-58.07348,48.79878],[-58.12558,48.75884],[-58.14294,48.73626],[-58.15684,48.705],[-58.19851,48.67027],[-58.23672,48.61297]]}},{"type":"Feature","properties":{"type":"Major Highway","name":"1","label":null,"length_km":117,"expressway":0},"geometry":{"type":"LineString","coordinates":[[-56.46192,49.44827],[-56.63037,49.34407],[-56.79361,49.28329],[-56.85439,49.27461],[-56.89607,49.28329],[-56.92212,49.30413],[-56.96901,49.3597],[-56.9829,49.36838],[-56.99679,49.37012],[-57.01589,49.35623],[-57.07494,49.27808],[-57.09578,49.26419],[-57.11835,49.25898],[-57.18434,49.25724],[-57.28159,49.22425],[-57.38231,49.22251],[-57.43268,49.20341],[-57.45004,49.19993]]}},{"type":"Feature","properties":{"type":"Secondary Highway","name":"7","label":null,"length_km":185,"expressway":0},"geometry":{"type":"LineString","coordinates":[[-62.0277,45.60518],[-62.05202,45.55482],[-62.04333,45.5253],[-62.02076,45.5062],[-61.99992,45.47668],[-62.05202,45.37595],[-62.06591,45.31691],[-62.04854,45.28218],[-62.02597,45.25613],[-62.01034,45.19708],[-61.99124,45.15714],[-61.99471,45.13978],[-62.01208,45.12588],[-62.01729,45.11546],[-62.01902,45.02342],[-62.05549,45.02342],[-62.07807,45.00259],[-62.11974,44.99043],[-62.25346,44.98175],[-62.27083,44.95743],[-62.39934,44.92097],[-62.48964,44.91402],[-62.55389,44.91749],[-62.57299,44.88623],[-62.61815,44.8515],[-62.64941,44.83414],[-62.74144,44.79593],[-62.79702,44.79419],[-62.84043,44.82024],[-62.86127,44.82198],[-62.88558,44.80982],[-62.93942,44.76467],[-63.00367,44.77856],[-63.11134,44.79419],[-63.12658,44.79057]]}},{"type":"Feature","properties":{"type":"Secondary Highway","name":"4","label":null,"length_km":87,"expressway":0},"geometry":{"type":"LineString","coordinates":[[-60.24943,46.10706],[-60.26853,46.07059],[-60.33105,46.03586],[-60.42656,45.96119],[-60.47866,45.9334],[-60.52034,45.9004],[-60.60891,45.85178],[-60.65058,45.82226],[-60.70789,45.79447],[-60.72526,45.78058],[-60.72526,45.76321],[-60.71657,45.73716],[-60.72005,45.71111],[-60.73047,45.69722],[-60.85029,45.65554],[-60.89718,45.66075],[-60.91488,45.65796]]}},{"type":"Feature","properties":{"type":"Secondary Highway","name":"105","label":null,"length_km":31,"expressway":1},"geometry":{"type":"LineString","coordinates":[[-60.6228,46.19215],[-60.65579,46.16958],[-60.7461,46.13484],[-60.82598,46.09317],[-60.8555,46.08969],[-60.88502,46.10185]]}},{"type":"Feature","properties":{"type":"Secondary Highway","name":"105","label":null,"length_km":66,"expressway":1},"geometry":{"type":"LineString","coordinates":[[-61.36606,45.67465],[-61.33133,45.75279],[-61.3157,45.81878],[-61.24624,45.88651],[-61.19414,45.92298],[-61.16983,45.95424],[-61.14725,45.96639],[-61.083,45.97855],[-61.05695,45.98897],[-60.97185,46.04628],[-60.9406,46.06017],[-60.90586,46.08448],[-60.88502,46.08796]]}},{"type":"Feature","properties":{"type":"Secondary Highway","name":"19","label":null,"length_km":90,"expressway":0},"geometry":{"type":"LineString","coordinates":[[-61.11946,46.39186],[-61.16809,46.37623],[-61.25492,46.26162],[-61.31049,46.22515],[-61.30702,46.18868],[-61.3157,46.16958],[-61.406,46.07406],[-61.43205,46.05322],[-61.46331,46.0376],[-61.51194,46.03065],[-61.52235,46.02544],[-61.53104,46.01502],[-61.51367,45.99244],[-61.51541,45.98202],[-61.49978,45.94729],[-61.48068,45.91603],[-61.48415,45.88304],[-61.45984,45.75279],[-61.44073,45.71632],[-61.40253,45.6677]]}},{"type":"Feature","properties":{"type":"Secondary Highway","name":null,"label":null,"length_km":42,"expressway":0},"geometry":{"type":"LineString","coordinates":[[-61.1021,46.41791],[-61.09689,46.39881],[-61.10384,46.35887],[-61.09168,46.32934],[-61.07605,46.3224],[-61.01527,46.33629],[-61.00138,46.33282],[-60.98748,46.32413],[-60.93712,46.24251],[-60.92844,46.18173],[-60.91976,46.15916],[-60.8694,46.0949]]}},{"type":"Feature","properties":{"type":"Secondary Highway","name":null,"label":null,"length_km":171,"expressway":0},"geometry":{"type":"LineString","coordinates":[[-60.6228,46.19215],[-60.63496,46.20952],[-60.64017,46.2373],[-60.63843,46.27898],[-60.62627,46.31371],[-60.60543,46.33455],[-60.5516,46.35539],[-60.54118,46.36581],[-60.52034,46.39707],[-60.49777,46.40402],[-60.49082,46.4457],[-60.47693,46.48043],[-60.4613,46.50127],[-60.42309,46.53252],[-60.41962,46.56031],[-60.39183,46.59851],[-60.39357,46.61762],[-60.41615,46.66103],[-60.41615,46.6784],[-60.40746,46.69229],[-60.36057,46.7305],[-60.35015,46.74786],[-60.35189,46.78259],[-60.36752,46.80864],[-60.39704,46.83122],[-60.44046,46.84858],[-60.46824,46.87811],[-60.51513,46.88332],[-60.55334,46.86769],[-60.58459,46.84685],[-60.66274,46.81559],[-60.694,46.81038],[-60.78604,46.81559],[-60.81383,46.81385],[-60.82945,46.80517],[-60.8364,46.79301],[-60.83293,46.74265],[-60.85203,46.72876],[-60.87982,46.72702],[-60.9076,46.7166],[-60.92149,46.70618],[-60.93018,46.6784],[-60.96317,46.63325],[-60.99096,46.61241],[-61.0118,46.57941],[-61.02569,46.53773],[-61.083,46.42833],[-61.11946,46.39186]]}},{"type":"Feature","properties":{"type":"Major Highway","name":"2","label":null,"length_km":146,"expressway":1},"geometry":{"type":"LineString","coordinates":[[-65.46616,45.72154],[-65.52868,45.73716],[-65.73186,45.86046],[-65.76312,45.88651],[-65.77527,45.91256],[-65.80132,45.93166],[-65.82737,45.94208],[-65.89336,45.9525],[-65.93504,45.96639],[-65.95935,45.96639],[-65.98019,45.95424],[-65.99582,45.93514],[-66.03056,45.87783],[-66.0566,45.85004],[-66.08092,45.83789],[-66.12607,45.82573],[-66.24416,45.85699],[-66.28757,45.88651],[-66.3223,45.89693],[-66.37093,45.89693],[-66.45602,45.8813],[-66.4977,45.89172],[-66.61058,45.94382],[-66.6731,45.92472],[-66.6922,45.92645]]}},{"type":"Feature","properties":{"type":"Secondary Highway","name":"11","label":null,"length_km":133,"expressway":0},"geometry":{"type":"LineString","coordinates":[[-65.48353,47.04482],[-65.45053,47.02398],[-65.16052,46.88505],[-65.10495,46.84511],[-65.03896,46.77391],[-65.01117,46.75133],[-64.92955,46.70445],[-64.84446,46.62456],[-64.79931,46.54815],[-64.75937,46.49953],[-64.72116,46.43527],[-64.63607,46.34844],[-64.61002,46.31198],[-64.59092,46.27204],[-64.58223,46.23557],[-64.58918,46.20952],[-64.60481,46.18868],[-64.66385,46.14353]]}},{"type":"Feature","properties":{"type":"Secondary Highway","name":"4","label":null,"length_km":40,"expressway":0},"geometry":{"type":"LineString","coordinates":[[-67.05862,45.67812],[-67.17497,45.62949],[-67.22533,45.60171],[-67.25485,45.5965],[-67.32084,45.59476],[-67.33995,45.58782],[-67.366,45.57045],[-67.4042,45.56871]]}},{"type":"Feature","properties":{"type":"Secondary Highway","name":"132","label":null,"length_km":218,"expressway":0},"geometry":{"type":"LineString","coordinates":[[-65.61724,49.23814],[-65.58078,49.2364],[-65.50263,49.2503],[-65.47137,49.2503],[-65.17268,49.21383],[-65.07369,49.20688],[-65.01986,49.1982],[-64.93476,49.19646],[-64.90003,49.19125],[-64.75416,49.13394],[-64.73853,49.11658],[-64.67254,49.10616],[-64.54229,49.06448],[-64.46588,49.01064],[-64.36342,48.95507],[-64.31133,48.91513],[-64.24881,48.87693],[-64.22797,48.85435],[-64.24881,48.82657],[-64.29049,48.82483],[-64.38947,48.84393],[-64.4763,48.88214],[-64.50756,48.89082],[-64.59092,48.90124],[-64.61523,48.89777],[-64.62218,48.89256],[-64.62044,48.8804],[-64.5996,48.86303],[-64.51624,48.83351]]}},{"type":"Feature","properties":{"type":"Secondary Highway","name":"198","label":null,"length_km":144,"expressway":0},"geometry":{"type":"LineString","coordinates":[[-64.51624,48.83351],[-64.61697,48.84914],[-64.66385,48.84393],[-64.74026,48.81962],[-64.86009,48.83351],[-64.89482,48.8283],[-64.94345,48.80746],[-64.96949,48.80225],[-64.99902,48.80746],[-65.0268,48.81962],[-65.04417,48.83178],[-65.07195,48.86998],[-65.13968,48.89777],[-65.18831,48.89603],[-65.26819,48.86303],[-65.29076,48.86303],[-65.30639,48.87345],[-65.3446,48.9186],[-65.36544,48.93424],[-65.39843,48.93944],[-65.46095,48.93597],[-65.48005,48.94292],[-65.49047,48.98633],[-65.52521,48.99849],[-65.53562,49.00717],[-65.54257,49.0228],[-65.54084,49.05232],[-65.51826,49.11484],[-65.52,49.13742],[-65.57036,49.19299],[-65.62072,49.2364]]}},{"type":"Feature","properties":{"type":"Secondary Highway","name":"132","label":null,"length_km":97,"expressway":0},"geometry":{"type":"LineString","coordinates":[[-66.48033,49.11831],[-66.42129,49.13394],[-66.36745,49.13915],[-66.34314,49.15652],[-66.31536,49.15478],[-66.17122,49.17388],[-66.08439,49.19472],[-66.00451,49.19299],[-65.85689,49.20167],[-65.6815,49.22598],[-65.61724,49.22946]]}},{"type":"Feature","properties":{"type":"Secondary Highway","name":"132","label":null,"length_km":120,"expressway":0},"geometry":{"type":"LineString","coordinates":[[-67.52924,48.84046],[-67.51187,48.84046],[-67.46672,48.85435],[-67.41115,48.8613],[-67.27569,48.89256],[-67.16281,48.93771],[-67.03431,48.96202],[-66.93706,49.00543],[-66.70088,49.09748],[-66.58106,49.10963],[-66.47165,49.10963]]}},{"type":"Feature","properties":{"type":"Secondary Highway","name":"299","label":null,"length_km":117,"expressway":0},"geometry":{"type":"LineString","coordinates":[[-65.90205,48.21702],[-65.90031,48.27086],[-65.90726,48.28996],[-65.97672,48.33858],[-65.99582,48.37158],[-66.01666,48.43236],[-66.03403,48.46883],[-66.05487,48.4914],[-66.11738,48.52961],[-66.13128,48.5626],[-66.16601,48.60254],[-66.15733,48.64422],[-66.15212,48.705],[-66.11044,48.81094],[-66.10697,48.86651],[-66.09134,48.90819],[-66.0896,48.92555],[-66.09655,48.94292],[-66.11738,48.95507],[-66.16948,48.9707],[-66.21637,48.99154],[-66.32925,49.00023],[-66.36919,49.00891],[-66.40219,49.03148],[-66.42824,49.07143],[-66.44213,49.08705],[-66.48207,49.11137]]}},{"type":"Feature","properties":{"type":"Secondary Highway","name":"132","label":null,"length_km":259,"expressway":0},"geometry":{"type":"LineString","coordinates":[[-64.51624,48.83351],[-64.50583,48.81962],[-64.4763,48.79878],[-64.44331,48.76231],[-64.36169,48.73974],[-64.34606,48.72758],[-64.32348,48.69806],[-64.28007,48.68243],[-64.24881,48.65812],[-64.24013,48.64075],[-64.23839,48.62338],[-64.30091,48.62165],[-64.34085,48.61297],[-64.34258,48.60775],[-64.33737,48.59907],[-64.31827,48.58518],[-64.29743,48.55045],[-64.25402,48.53308],[-64.24534,48.51224],[-64.2818,48.50356],[-64.3148,48.48967],[-64.33217,48.47404],[-64.35995,48.43757],[-64.39295,48.41673],[-64.51624,48.4011],[-64.61697,48.37852],[-64.69685,48.36637],[-64.72811,48.35595],[-64.75068,48.33511],[-64.75937,48.27954],[-64.76805,48.26044],[-64.80452,48.22223],[-64.84099,48.19792],[-64.87572,48.19097],[-64.97123,48.19445],[-64.98165,48.15103],[-65.02854,48.13367],[-65.131,48.08678],[-65.30466,48.03989],[-65.40538,48.02773],[-65.46443,48.03815],[-65.51479,48.06594],[-65.55473,48.07636],[-65.67282,48.12151],[-65.79611,48.14582],[-65.82737,48.16145],[-65.87079,48.20313],[-65.88468,48.21008],[-65.90205,48.21008]]}},{"type":"Feature","properties":{"type":"Secondary Highway","name":"195","label":null,"length_km":44,"expressway":0},"geometry":{"type":"LineString","coordinates":[[-67.39378,48.47056],[-67.35037,48.53482],[-67.34689,48.55392],[-67.35558,48.59039],[-67.35384,48.64943],[-67.36079,48.6668],[-67.38162,48.68069],[-67.4945,48.71369],[-67.53445,48.738],[-67.56758,48.82554]]}},{"type":"Feature","properties":{"type":"Secondary Highway","name":null,"label":null,"length_km":81,"expressway":0},"geometry":{"type":"LineString","coordinates":[[-68.23429,48.60775],[-68.1874,48.61991],[-68.12141,48.63033],[-68.10058,48.64075],[-68.07626,48.66159],[-68.03979,48.65985],[-67.97033,48.67374],[-67.86266,48.71716],[-67.76368,48.74495],[-67.67685,48.7901],[-67.58481,48.81788],[-67.52924,48.84046]]}},{"type":"Feature","properties":{"type":"Secondary Highway","name":"132","label":null,"length_km":93,"expressway":0},"geometry":{"type":"LineString","coordinates":[[-67.41809,48.45841],[-67.47714,48.49835],[-67.54313,48.51398],[-67.61607,48.54524],[-67.66816,48.55913],[-67.722,48.5626],[-67.77583,48.55913],[-67.94081,48.5244],[-67.99985,48.52266],[-68.12315,48.54524],[-68.23429,48.60775]]}},{"type":"Feature","properties":{"type":"Secondary Highway","name":"132","label":null,"length_km":95,"expressway":0},"geometry":{"type":"LineString","coordinates":[[-65.8951,48.21008],[-65.93851,48.21008],[-65.9663,48.20486],[-66.0375,48.14929],[-66.06702,48.1354],[-66.09655,48.12672],[-66.15906,48.12498],[-66.25978,48.11456],[-66.29973,48.12151],[-66.33793,48.14408],[-66.4265,48.13714],[-66.51506,48.1163],[-66.53417,48.10588],[-66.56022,48.0833],[-66.59495,48.07462],[-66.60189,48.0642],[-66.66441,48.05378],[-66.71998,48.02947]]}},{"type":"Feature","properties":{"type":"Secondary Highway","name":"132","label":null,"length_km":96,"expressway":0},"geometry":{"type":"LineString","coordinates":[[-66.71998,48.02947],[-66.74777,48.02947],[-66.80508,48.00689],[-66.88322,48.00516],[-66.94227,47.98605],[-66.96484,47.99126],[-66.99437,48.01384],[-67.0482,48.03121],[-67.13503,48.10588],[-67.14718,48.12672],[-67.15239,48.15971],[-67.15934,48.17361],[-67.21144,48.23091],[-67.23575,48.24828],[-67.22707,48.34553],[-67.23054,48.3681],[-67.24096,48.38721],[-67.25833,48.4011],[-67.28438,48.41499],[-67.41809,48.45667]]}},{"type":"Feature","properties":{"type":"Secondary Highway","name":"11","label":null,"length_km":121,"expressway":0},"geometry":{"type":"LineString","coordinates":[[-66.61579,47.9409],[-66.4786,47.9739],[-66.43692,47.96869],[-66.3935,47.9739],[-66.35009,47.97042],[-66.27194,47.95132],[-66.12433,47.89749],[-66.04271,47.88359],[-66.00103,47.88359],[-65.83258,47.84018],[-65.80827,47.82629],[-65.78743,47.80197],[-65.7336,47.67868],[-65.71102,47.64047],[-65.69366,47.62832],[-65.65545,47.61963],[-65.61898,47.59879],[-65.61204,47.59011]]}},{"type":"Feature","properties":{"type":"Secondary Highway","name":"11","label":null,"length_km":184,"expressway":0},"geometry":{"type":"LineString","coordinates":[[-65.46443,47.0674],[-65.40885,47.09345],[-65.32029,47.12644],[-65.27166,47.15249],[-65.21435,47.20111],[-65.15705,47.23237],[-65.10842,47.27579],[-65.03028,47.32615],[-64.97818,47.37477],[-64.9365,47.42166],[-64.92261,47.46334],[-64.92608,47.5137],[-64.94866,47.55885],[-64.93129,47.5849],[-64.88267,47.61269],[-64.86356,47.64047],[-64.86877,47.67173],[-64.90177,47.74119],[-64.91566,47.75856],[-64.93476,47.77072],[-64.95908,47.77593],[-64.98686,47.77419],[-65.06674,47.75509],[-65.10669,47.75335],[-65.10842,47.77593],[-65.12058,47.7985],[-65.14142,47.80892],[-65.16747,47.80892],[-65.20567,47.80024],[-65.2734,47.76898],[-65.34807,47.75161],[-65.36891,47.73772],[-65.41927,47.69083],[-65.44359,47.6752],[-65.50784,47.65957],[-65.54431,47.64221],[-65.60856,47.62484],[-65.62072,47.61442],[-65.62419,47.59532]]}},{"type":"Feature","properties":{"type":"Secondary Highway","name":"8","label":null,"length_km":52,"expressway":0},"geometry":{"type":"LineString","coordinates":[[-65.61204,47.59011],[-65.58772,47.51023],[-65.49742,47.41645],[-65.47484,47.38867],[-65.4488,47.36609],[-65.41754,47.31399],[-65.40712,47.28794],[-65.40191,47.23237],[-65.40538,47.17854],[-65.41406,47.15075],[-65.46443,47.0674]]}},{"type":"Feature","properties":{"type":"Secondary Highway","name":"104","label":null,"length_km":69,"expressway":1},"geometry":{"type":"LineString","coordinates":[[-61.42511,45.65207],[-61.44595,45.65381],[-61.47894,45.67291],[-61.51194,45.67291],[-61.58661,45.63818],[-61.63002,45.60692],[-61.66128,45.59824],[-61.73422,45.59997],[-61.89051,45.58434],[-61.95303,45.58608],[-61.98255,45.60171],[-62.01034,45.60866],[-62.0277,45.60518]]}},{"type":"Feature","properties":{"type":"Secondary Highway","name":"8","label":null,"length_km":43,"expressway":0},"geometry":{"type":"LineString","coordinates":[[-65.48353,47.04482],[-65.52868,47.02745],[-65.58251,46.9962],[-65.61377,46.96841],[-65.65024,46.94583],[-65.7718,46.84338],[-65.82911,46.8017]]}},{"type":"Feature","properties":{"type":"Secondary Highway","name":"132","label":null,"length_km":114,"expressway":0},"geometry":{"type":"LineString","coordinates":[[-68.22735,48.60081],[-68.28465,48.58344],[-68.33849,48.54697],[-68.38885,48.52613],[-68.43053,48.49314],[-68.49652,48.46188],[-68.57988,48.40284],[-68.69623,48.38026],[-68.78132,48.35248],[-68.88378,48.28128],[-68.98277,48.23439],[-69.06439,48.17882],[-69.15295,48.14582],[-69.18942,48.12003]]}},{"type":"Feature","properties":{"type":"Secondary Highway","name":"17","label":null,"length_km":161,"expressway":0},"geometry":{"type":"LineString","coordinates":[[-66.66527,47.94228],[-66.74082,47.94438],[-66.82418,47.93222],[-66.87454,47.91312],[-66.91101,47.88533],[-66.95442,47.86276],[-67.05688,47.82629],[-67.1385,47.80545],[-67.2097,47.77593],[-67.22707,47.76203],[-67.24964,47.72904],[-67.27048,47.66826],[-67.29306,47.65263],[-67.32605,47.64742],[-67.34516,47.63352],[-67.35037,47.61616],[-67.34168,47.54322],[-67.34516,47.52586],[-67.35558,47.50849],[-67.47019,47.42861],[-67.63517,47.35393],[-67.65253,47.31746],[-67.66643,47.30184],[-67.71331,47.28273],[-67.72894,47.2671],[-67.75152,47.23237],[-67.77583,47.21153],[-67.82619,47.18896],[-67.91302,47.16812]]}},{"type":"Feature","properties":{"type":"Secondary Highway","name":"2","label":null,"length_km":18,"expressway":1},"geometry":{"type":"LineString","coordinates":[[-67.91302,47.14554],[-67.90087,47.13339],[-67.84182,47.10039],[-67.75847,47.06219]]}},{"type":"Feature","properties":{"type":"Secondary Highway","name":"108","label":null,"length_km":221,"expressway":0},"geometry":{"type":"LineString","coordinates":[[-65.82911,46.8017],[-65.86905,46.82601],[-65.93851,46.83295],[-65.98193,46.84685],[-66.00451,46.84858],[-66.14864,46.81906],[-66.23026,46.79822],[-66.37093,46.77565],[-66.43518,46.78954],[-66.53938,46.78954],[-66.76861,46.859],[-66.83633,46.86421],[-66.89885,46.87463],[-66.94748,46.86769],[-66.99089,46.86942],[-67.03083,46.88158],[-67.06209,46.90589],[-67.10377,46.92152],[-67.18539,46.91631],[-67.26527,46.92847],[-67.30695,46.925],[-67.34342,46.91457],[-67.37641,46.89547],[-67.41288,46.88505],[-67.45456,46.88505],[-67.48929,46.89895],[-67.52229,46.95799],[-67.54313,46.97883],[-67.59002,46.9962],[-67.66122,47.03961],[-67.73068,47.04829],[-67.75847,47.06392]]}},{"type":"Feature","properties":{"type":"Secondary Highway","name":"6","label":null,"length_km":170,"expressway":0},"geometry":{"type":"LineString","coordinates":[[-62.73624,45.68333],[-62.82654,45.75453],[-62.85259,45.758],[-62.88385,45.77537],[-63.00714,45.78926],[-63.03667,45.78232],[-63.08008,45.74932],[-63.15823,45.74758],[-63.24853,45.71111],[-63.29021,45.70764],[-63.34578,45.73369],[-63.3944,45.74585],[-63.45171,45.80142],[-63.48992,45.8101],[-63.57154,45.8101],[-63.60974,45.82052],[-63.63926,45.83962],[-63.68094,45.83441],[-63.72262,45.8431],[-63.82855,45.87956],[-63.88065,45.87088],[-63.96227,45.89346],[-63.98311,45.89172],[-63.997,45.8813],[-64.04042,45.86567],[-64.16198,45.85178],[-64.21234,45.83615]]}},{"type":"Feature","properties":{"type":"Major Highway","name":"2","label":null,"length_km":65,"expressway":1},"geometry":{"type":"LineString","coordinates":[[-64.82883,46.12964],[-64.88267,46.13658],[-64.90872,46.13311],[-64.92434,46.12269],[-64.95908,46.08448],[-64.97818,46.07059],[-65.08411,46.03412],[-65.11363,46.02023],[-65.13447,46.0046],[-65.17268,45.95771],[-65.22651,45.91082],[-65.25603,45.85004],[-65.26993,45.83094],[-65.30987,45.79794],[-65.33592,45.78232]]}},{"type":"Feature","properties":{"type":"Secondary Highway","name":"8","label":null,"length_km":138,"expressway":0},"geometry":{"type":"LineString","coordinates":[[-65.8048,46.81559],[-65.8239,46.77044],[-65.85689,46.71487],[-65.87773,46.64714],[-65.89857,46.62456],[-65.91768,46.61588],[-65.99061,46.60372],[-66.12607,46.56205],[-66.27541,46.49953],[-66.36398,46.48564],[-66.39524,46.47001],[-66.54285,46.36581],[-66.56195,46.34324],[-66.58106,46.30503],[-66.6071,46.2373],[-66.61926,46.18521],[-66.61579,46.12443],[-66.588,46.02891],[-66.59148,45.99939],[-66.60189,45.97508],[-66.61926,45.95771],[-66.6783,45.93861],[-66.6922,45.92645]]}},{"type":"Feature","properties":{"type":"Secondary Highway","name":null,"label":null,"length_km":87,"expressway":1},"geometry":{"type":"LineString","coordinates":[[-67.7602,47.06566],[-67.76194,47.01183],[-67.7411,46.98751],[-67.72894,46.95278],[-67.74457,46.83122],[-67.71852,46.73397],[-67.72026,46.70966],[-67.73763,46.6454],[-67.73763,46.56726],[-67.73242,46.55684],[-67.72026,46.54642],[-67.64559,46.51689],[-67.61954,46.49953],[-67.61259,46.47174],[-67.62996,46.43354],[-67.62996,46.42138],[-67.58481,46.35713],[-67.57091,46.31892],[-67.56918,46.29461],[-67.57439,46.26162],[-67.60912,46.17479],[-67.6178,46.14526]]}},{"type":"Feature","properties":{"type":"Major Highway","name":"2","label":null,"length_km":85,"expressway":1},"geometry":{"type":"LineString","coordinates":[[-66.92316,45.84136],[-66.97352,45.84831],[-67.03431,45.86567],[-67.18018,45.92472],[-67.33474,45.94556],[-67.43199,45.94382],[-67.46846,45.95424],[-67.53445,45.98723],[-67.5657,46.01328],[-67.57612,46.03586],[-67.58828,46.08969],[-67.6178,46.14526]]}},{"type":"Feature","properties":{"type":"Major Highway","name":"102","label":null,"length_km":73,"expressway":1},"geometry":{"type":"LineString","coordinates":[[-63.29889,45.37074],[-63.28674,45.25439],[-63.28847,45.23355],[-63.29715,45.21792],[-63.33883,45.17451],[-63.37009,45.13283],[-63.43435,45.0842],[-63.47255,45.0078],[-63.5316,44.97306],[-63.54028,44.95222],[-63.53854,44.89318],[-63.54549,44.86539],[-63.57327,44.82892],[-63.61321,44.78725],[-63.641,44.76641],[-63.68268,44.74904]]}},{"type":"Feature","properties":{"type":"Secondary Highway","name":"101","label":null,"length_km":102,"expressway":1},"geometry":{"type":"LineString","coordinates":[[-64.53187,45.04947],[-64.43462,45.05816],[-64.31827,45.09636],[-64.28354,45.0981],[-64.26096,45.09462],[-64.2245,45.07726],[-64.19324,45.04947],[-64.17934,45.03037],[-64.16024,44.98522],[-64.14288,44.96959],[-64.11683,44.96264],[-64.04042,44.96612],[-63.9258,44.91575],[-63.82855,44.85497],[-63.68268,44.74904]]}},{"type":"Feature","properties":{"type":"Secondary Highway","name":"1","label":null,"length_km":87,"expressway":1},"geometry":{"type":"LineString","coordinates":[[-65.49742,45.72675],[-65.68324,45.63123],[-65.73186,45.59824],[-65.77354,45.56003],[-65.84995,45.47147],[-65.96283,45.39332],[-66.00624,45.33254],[-66.02013,45.29781],[-66.02535,45.2926],[-66.03403,45.28739],[-66.05834,45.28565],[-66.0896,45.26828],[-66.18511,45.23355]]}},{"type":"Feature","properties":{"type":"Secondary Highway","name":"101","label":null,"length_km":112,"expressway":1},"geometry":{"type":"LineString","coordinates":[[-65.50437,44.74557],[-65.43317,44.78377],[-65.32202,44.83066],[-65.19525,44.86713],[-65.0789,44.94528],[-64.97123,44.97827],[-64.86009,45.02516],[-64.78021,45.04426],[-64.70032,45.05642],[-64.66559,45.05642],[-64.58397,45.04774],[-64.53187,45.04947]]}},{"type":"Feature","properties":{"type":"Secondary Highway","name":"103","label":null,"length_km":66,"expressway":1},"geometry":{"type":"LineString","coordinates":[[-64.32001,44.58059],[-64.31654,44.52676],[-64.32522,44.50245],[-64.34085,44.49376],[-64.38774,44.47813],[-64.42421,44.44167],[-64.46936,44.43124],[-64.48846,44.42256],[-64.53187,44.38262],[-64.5614,44.32879],[-64.56834,44.25759],[-64.57876,44.2298],[-64.66559,44.14123],[-64.69685,44.07872],[-64.71769,44.07003]]}},{"type":"Feature","properties":{"type":"Secondary Highway","name":"8","label":null,"length_km":107,"expressway":0},"geometry":{"type":"LineString","coordinates":[[-64.73853,44.04919],[-64.75589,44.06135],[-64.77673,44.08219],[-64.82015,44.15686],[-64.9035,44.26106],[-64.9556,44.34615],[-64.98165,44.36873],[-65.09974,44.41388],[-65.14489,44.43472],[-65.19178,44.44167],[-65.24214,44.49897],[-65.27166,44.52329],[-65.2925,44.52849],[-65.34634,44.53023],[-65.39496,44.55454],[-65.40885,44.56496],[-65.45053,44.64311],[-65.49221,44.7091],[-65.50089,44.73515],[-65.51305,44.74557]]}},{"type":"Feature","properties":{"type":"Secondary Highway","name":"103","label":null,"length_km":171,"expressway":0},"geometry":{"type":"LineString","coordinates":[[-64.71769,44.08045],[-64.72984,44.0544],[-64.73332,44.02835],[-64.75068,44.00231],[-64.83578,43.94673],[-64.86704,43.93284],[-64.89308,43.91027],[-64.95387,43.87901],[-65.06848,43.83907],[-65.2022,43.81996],[-65.2404,43.81996],[-65.32723,43.79739],[-65.35849,43.7835],[-65.39496,43.75745],[-65.44706,43.66541],[-65.52347,43.58379],[-65.54257,43.58031],[-65.57557,43.57858],[-65.59467,43.58552],[-65.65545,43.62373],[-65.68671,43.65672],[-65.78222,43.70535],[-65.8048,43.72619],[-65.82737,43.75918],[-65.89857,43.83038],[-65.93678,43.85643],[-65.97325,43.86859],[-66.00277,43.87033],[-66.03056,43.86512],[-66.07223,43.84775],[-66.07918,43.84775]]}},{"type":"Feature","properties":{"type":"Secondary Highway","name":null,"label":null,"length_km":10,"expressway":0},"geometry":{"type":"LineString","coordinates":[[-66.72172,48.02947],[-66.69393,48.00342],[-66.68178,47.95653],[-66.67136,47.95479],[-66.6592,47.94785]]}},{"type":"Feature","properties":{"type":"Secondary Highway","name":"101","label":null,"length_km":119,"expressway":1},"geometry":{"type":"LineString","coordinates":[[-66.07918,43.84775],[-66.10002,43.85122],[-66.11565,43.85991],[-66.11738,43.88769],[-66.12433,43.91548],[-66.12259,43.96931],[-66.13649,44.02488],[-66.13649,44.0544],[-66.14864,44.12561],[-66.09828,44.20202],[-66.08613,44.26974],[-66.05487,44.334],[-66.02882,44.40172],[-65.99756,44.43646],[-65.91247,44.48855],[-65.79611,44.57538],[-65.75444,44.59622],[-65.69192,44.61011],[-65.67282,44.6188],[-65.54605,44.69694],[-65.50784,44.7282],[-65.49047,44.75252]]}},{"type":"Feature","properties":{"type":"Major Highway","name":"30","label":null,"length_km":53,"expressway":1},"geometry":{"type":"LineString","coordinates":[[-73.14712,45.99765],[-73.16796,45.96813],[-73.19922,45.89172],[-73.21832,45.8622],[-73.25305,45.83094],[-73.29126,45.78753],[-73.35204,45.73716],[-73.39198,45.71459],[-73.40413,45.69722],[-73.44755,45.60518],[-73.44755,45.56698],[-73.43018,45.5253]]}},{"type":"Feature","properties":{"type":"Secondary Highway","name":"185","label":null,"length_km":124,"expressway":0},"geometry":{"type":"LineString","coordinates":[[-68.35586,47.37825],[-68.35586,47.39561],[-68.3628,47.41298],[-68.3958,47.4425],[-68.58161,47.53454],[-68.61461,47.54322],[-68.69102,47.5519],[-68.72749,47.58143],[-68.79174,47.60748],[-68.85252,47.6561],[-68.88031,47.67173],[-68.91678,47.67868],[-69.01576,47.66652],[-69.24846,47.70473],[-69.38739,47.74467],[-69.412,47.75537]]}},{"type":"Feature","properties":{"type":"Secondary Highway","name":"2","label":null,"length_km":53,"expressway":1},"geometry":{"type":"LineString","coordinates":[[-67.91302,47.14554],[-67.91997,47.16812],[-67.93386,47.18896],[-68.00506,47.2289],[-68.09537,47.30357],[-68.22214,47.35393],[-68.31765,47.36435],[-68.34891,47.37304]]}},{"type":"Feature","properties":{"type":"Major Highway","name":"20","label":null,"length_km":200,"expressway":1},"geometry":{"type":"LineString","coordinates":[[-69.55584,47.82802],[-69.55584,47.8124],[-69.56626,47.79503],[-69.60968,47.74988],[-69.67914,47.66131],[-69.73297,47.60227],[-69.82328,47.51891],[-69.92053,47.44076],[-69.98478,47.39735],[-70.14455,47.31226],[-70.21922,47.24106],[-70.33905,47.11776],[-70.3703,47.08997],[-70.4363,47.04308],[-70.55265,46.97709],[-70.62037,46.95104],[-70.70547,46.93021],[-70.76278,46.89374],[-70.80445,46.88332],[-70.85655,46.86074],[-70.94338,46.84685],[-71.03195,46.8208],[-71.09967,46.81038],[-71.1674,46.77044]]}},{"type":"Feature","properties":{"type":"Major Highway","name":"73","label":null,"length_km":44,"expressway":1},"geometry":{"type":"LineString","coordinates":[[-71.14135,46.73223],[-71.09273,46.66798],[-71.0632,46.6072],[-71.0632,46.58636],[-71.07536,46.54121],[-71.07536,46.52037],[-71.05626,46.50995],[-71.01805,46.45611],[-70.95206,46.42312],[-70.90865,46.37276],[-70.89997,46.35539]]}},{"type":"Feature","properties":{"type":"Secondary Highway","name":"173","label":null,"length_km":74,"expressway":0},"geometry":{"type":"LineString","coordinates":[[-70.89823,46.35713],[-70.88434,46.32761],[-70.82182,46.28419],[-70.78188,46.22167],[-70.72457,46.1991],[-70.70894,46.15047],[-70.65858,46.10706],[-70.63427,46.0949],[-70.56828,46.07927],[-70.53181,46.06017],[-70.50923,46.04281],[-70.49708,46.0237],[-70.46408,45.95076],[-70.44671,45.87609],[-70.40851,45.83789],[-70.39462,45.8101]]}},{"type":"Feature","properties":{"type":"Secondary Highway","name":"132","label":null,"length_km":161,"expressway":0},"geometry":{"type":"LineString","coordinates":[[-71.15524,46.76002],[-71.22297,46.73744],[-71.28723,46.72529],[-71.39316,46.69403],[-71.50951,46.66971],[-71.67101,46.61762],[-71.74569,46.60894],[-71.84641,46.63498],[-71.86551,46.63498],[-71.92629,46.60372],[-71.99402,46.55857],[-72.12774,46.54642],[-72.13642,46.53252],[-72.17115,46.51689],[-72.19373,46.49779],[-72.20762,46.47695],[-72.22499,46.43006],[-72.23714,46.41617],[-72.25625,46.40923],[-72.31529,46.39881],[-72.46637,46.33455],[-72.50805,46.30503],[-72.51673,46.2894],[-72.51673,46.27551]]}},{"type":"Feature","properties":{"type":"Major Highway","name":"55","label":null,"length_km":10,"expressway":1},"geometry":{"type":"LineString","coordinates":[[-72.59662,46.33108],[-72.51673,46.27551]]}},{"type":"Feature","properties":{"type":"Secondary Highway","name":"112","label":null,"length_km":75,"expressway":0},"geometry":{"type":"LineString","coordinates":[[-70.91212,46.3797],[-70.94859,46.35192],[-71.01632,46.25814],[-71.05105,46.22688],[-71.1153,46.19389],[-71.25249,46.14005],[-71.30806,46.10011],[-71.3428,46.04801],[-71.37058,45.98897],[-71.37579,45.96987],[-71.36885,45.92472],[-71.42442,45.83615]]}},{"type":"Feature","properties":{"type":"Secondary Highway","name":"161","label":null,"length_km":93,"expressway":0},"geometry":{"type":"LineString","coordinates":[[-72.21978,46.114],[-72.19373,46.09838],[-72.14337,46.09317],[-72.10169,46.06364],[-72.02702,46.05322],[-71.97144,46.06191],[-71.93498,46.05496],[-71.92108,46.04628],[-71.87593,45.99765],[-71.80126,45.94903],[-71.76305,45.93861],[-71.72659,45.91256],[-71.60329,45.88825],[-71.54945,45.8622],[-71.48346,45.86394],[-71.42442,45.83615]]}},{"type":"Feature","properties":{"type":"Secondary Highway","name":"143","label":null,"length_km":35,"expressway":0},"geometry":{"type":"LineString","coordinates":[[-72.80675,46.05496],[-72.72339,45.99765],[-72.51673,45.89172]]}},{"type":"Feature","properties":{"type":"Secondary Highway","name":"132","label":null,"length_km":77,"expressway":0},"geometry":{"type":"LineString","coordinates":[[-72.51673,46.27551],[-72.52715,46.26162],[-72.54626,46.24599],[-72.62267,46.21299],[-72.79459,46.06712],[-72.84495,46.03238],[-72.89358,46.02197],[-73.00993,46.01676],[-73.13149,46.03412],[-73.14712,45.99765]]}},{"type":"Feature","properties":{"type":"Secondary Highway","name":"112","label":null,"length_km":71,"expressway":0},"geometry":{"type":"LineString","coordinates":[[-71.41573,45.83268],[-71.41747,45.78058],[-71.43136,45.74585],[-71.45741,45.72154],[-71.52688,45.68507],[-71.55119,45.66596],[-71.56855,45.63818],[-71.58418,45.59129],[-71.60329,45.55309],[-71.62933,45.52009],[-71.67101,45.47841],[-71.70748,45.4541],[-71.81689,45.41937],[-71.91587,45.36901]]}},{"type":"Feature","properties":{"type":"Major Highway","name":"55","label":null,"length_km":80,"expressway":1},"geometry":{"type":"LineString","coordinates":[[-71.91066,45.37422],[-71.97839,45.47494],[-72.02007,45.55482],[-72.04091,45.57913],[-72.06869,45.59997],[-72.15726,45.64513],[-72.23541,45.71285],[-72.36218,45.80142],[-72.39517,45.82226],[-72.45074,45.8431],[-72.51673,45.89172]]}},{"type":"Feature","properties":{"type":"Major Highway","name":"55","label":null,"length_km":17,"expressway":1},"geometry":{"type":"LineString","coordinates":[[-71.96103,45.36901],[-71.99749,45.37595],[-72.07564,45.37769],[-72.11211,45.37074]]}},{"type":"Feature","properties":{"type":"Major Highway","name":"20","label":null,"length_km":111,"expressway":1},"geometry":{"type":"LineString","coordinates":[[-72.47853,45.91603],[-72.52195,45.88999],[-72.58446,45.86567],[-72.62614,45.8292],[-72.68519,45.78926],[-72.75638,45.7198],[-72.84669,45.67291],[-72.91962,45.6486],[-73.04292,45.63123],[-73.1749,45.58434],[-73.30168,45.55135],[-73.43018,45.5253]]}},{"type":"Feature","properties":{"type":"Major Highway","name":"10","label":null,"length_km":141,"expressway":1},"geometry":{"type":"LineString","coordinates":[[-72.08432,45.31864],[-72.10343,45.29607],[-72.12774,45.2926],[-72.1451,45.29607],[-72.18331,45.31691],[-72.20068,45.32038],[-72.23888,45.29086],[-72.25972,45.28739],[-72.38996,45.30649],[-72.56015,45.3117],[-72.71992,45.34643],[-72.88316,45.36553],[-73.02382,45.37769],[-73.05682,45.38637],[-73.09849,45.40895],[-73.12107,45.41589],[-73.14885,45.41589],[-73.22179,45.402],[-73.29647,45.40721],[-73.32599,45.40026]]}},{"type":"Feature","properties":{"type":"Secondary Highway","name":"133","label":null,"length_km":39,"expressway":0},"geometry":{"type":"LineString","coordinates":[[-73.07418,45.01648],[-73.06897,45.02516],[-73.06724,45.04774],[-73.07071,45.10852],[-73.07592,45.12241],[-73.10023,45.13283],[-73.16796,45.12936],[-73.19748,45.14498],[-73.22353,45.18319],[-73.23047,45.20229],[-73.22527,45.25786],[-73.23569,45.31343],[-73.25259,45.32422]]}},{"type":"Feature","properties":{"type":"Major Highway","name":"15","label":null,"length_km":41,"expressway":1},"geometry":{"type":"LineString","coordinates":[[-73.48923,45.48188],[-73.49965,45.47668],[-73.50486,45.43152],[-73.52396,45.37248],[-73.52743,45.34469],[-73.52049,45.32386],[-73.48575,45.28565],[-73.46839,45.24571],[-73.46318,45.20577],[-73.46839,45.09462],[-73.45623,45.0078]]}},{"type":"Feature","properties":{"type":"Major Highway","name":"401","label":null,"length_km":207,"expressway":1},"geometry":{"type":"LineString","coordinates":[[-81.27438,42.81448],[-81.30217,42.80579],[-81.34211,42.77627],[-81.4081,42.75543],[-81.44283,42.7398],[-81.58349,42.64255],[-81.79536,42.53141],[-81.94123,42.44458],[-82.02285,42.40811],[-82.11142,42.38206],[-82.17394,42.34212],[-82.22951,42.32302],[-82.24861,42.30913],[-82.29029,42.26224],[-82.31634,42.25008],[-82.35975,42.24487],[-82.45179,42.25703],[-82.50215,42.25529],[-82.54383,42.24661],[-82.61156,42.21709],[-82.65324,42.21188],[-82.88594,42.21882],[-82.9172,42.22577],[-82.95193,42.2414],[-82.95019,42.25356],[-82.97103,42.2935],[-82.97624,42.32476],[-82.99535,42.33691]]}},{"type":"Feature","properties":{"type":"Major Highway","name":"401","label":null,"length_km":129,"expressway":1},"geometry":{"type":"LineString","coordinates":[[-74.38878,45.21098],[-74.41136,45.19361],[-74.45304,45.19535],[-74.48603,45.18493],[-74.51382,45.16409],[-74.58328,45.09636],[-74.63885,45.06858],[-74.67532,45.05989],[-74.9636,45.02863],[-75.05737,45.00259],[-75.35259,44.86192],[-75.48284,44.74557]]}},{"type":"Feature","properties":{"type":"Secondary Highway","name":"63","label":null,"length_km":54,"expressway":0},"geometry":{"type":"LineString","coordinates":[[-79.11058,46.69576],[-79.09843,46.6784],[-79.10364,46.66103],[-79.154,46.62456],[-79.16789,46.60546],[-79.14705,46.51516],[-79.14879,46.48911],[-79.15921,46.46827],[-79.18526,46.4457],[-79.20957,46.40923],[-79.22173,46.40054],[-79.35023,46.34324],[-79.3867,46.33108],[-79.41449,46.32761]]}},{"type":"Feature","properties":{"type":"Secondary Highway","name":"12","label":null,"length_km":35,"expressway":0},"geometry":{"type":"LineString","coordinates":[[-79.07064,44.28016],[-79.03765,44.17249],[-78.98034,44.08393],[-78.9595,43.99362],[-78.92651,43.92763],[-78.92303,43.89811]]}},{"type":"Feature","properties":{"type":"Major Highway","name":"115","label":null,"length_km":35,"expressway":1},"geometry":{"type":"LineString","coordinates":[[-78.61158,44.05667],[-78.58787,44.07872],[-78.39511,44.20722],[-78.35343,44.29232]]}},{"type":"Feature","properties":{"type":"Secondary Highway","name":"11","label":null,"length_km":63,"expressway":0},"geometry":{"type":"LineString","coordinates":[[-79.22346,45.27697],[-79.2252,45.24918],[-79.26341,45.19708],[-79.27035,45.17798],[-79.27382,45.10331],[-79.28424,45.04426],[-79.30508,44.98696],[-79.3155,44.93486],[-79.32071,44.88971],[-79.31377,44.87408],[-79.31029,44.8324],[-79.33634,44.77856],[-79.39539,44.71431],[-79.4197,44.6761],[-79.43359,44.63616],[-79.4388,44.58754]]}},{"type":"Feature","properties":{"type":"Secondary Highway","name":"6","label":null,"length_km":97,"expressway":0},"geometry":{"type":"LineString","coordinates":[[-81.66512,45.26134],[-81.60607,45.22834],[-81.55918,45.1884],[-81.53661,45.17451],[-81.47235,45.15367],[-81.45499,45.14151],[-81.41505,45.09115],[-81.39768,45.07552],[-81.31953,45.03211],[-81.29522,45.013],[-81.27612,44.97827],[-81.26049,44.91923],[-81.23791,44.86366],[-81.15629,44.7282],[-81.13719,44.65874],[-81.12851,44.63964],[-81.11461,44.62401],[-81.09725,44.61359],[-81.04862,44.60317],[-81.00521,44.56323]]}},{"type":"Feature","properties":{"type":"Secondary Highway","name":"7","label":null,"length_km":306,"expressway":0},"geometry":{"type":"LineString","coordinates":[[-75.86489,45.33775],[-75.87531,45.32038],[-75.93783,45.2596],[-75.97256,45.21792],[-76.02466,45.17277],[-76.07849,45.14325],[-76.19658,45.13804],[-76.22957,45.12762],[-76.25215,45.11199],[-76.26604,45.08941],[-76.26778,45.06684],[-76.23999,44.99564],[-76.23826,44.95917],[-76.25736,44.91923],[-76.27473,44.9036],[-76.29556,44.89318],[-76.33377,44.88102],[-76.43449,44.86366],[-76.63246,44.79767],[-76.71582,44.77335],[-76.80091,44.75773],[-76.89469,44.75425],[-76.92421,44.7473],[-76.95373,44.73515],[-77.01452,44.69521],[-77.10655,44.65353],[-77.16733,44.60838],[-77.24548,44.56496],[-77.29237,44.55975],[-77.39136,44.53023],[-77.49381,44.51113],[-77.63448,44.47813],[-77.86024,44.44167],[-77.88281,44.43298],[-77.90886,44.41214],[-77.97485,44.39825],[-78.06863,44.35136],[-78.1624,44.31489],[-78.25792,44.29405],[-78.30654,44.29058],[-78.35343,44.29232]]}},{"type":"Feature","properties":{"type":"Secondary Highway","name":"7","label":null,"length_km":81,"expressway":0},"geometry":{"type":"LineString","coordinates":[[-78.35517,44.29232],[-78.38642,44.30274],[-78.41595,44.30795],[-78.52882,44.301],[-78.57745,44.30274],[-78.61566,44.31142],[-78.69206,44.34441],[-78.73722,44.34789],[-78.85009,44.334],[-78.93171,44.33052],[-79.02896,44.28711],[-79.07064,44.28016]]}},{"type":"Feature","properties":{"type":"Secondary Highway","name":"12","label":null,"length_km":58,"expressway":0},"geometry":{"type":"LineString","coordinates":[[-79.46311,44.58059],[-79.39018,44.60143],[-79.28424,44.60143],[-79.2582,44.59969],[-79.23388,44.59101],[-79.1922,44.56844],[-79.15226,44.53023],[-79.08627,44.31489],[-79.07064,44.28016]]}},{"type":"Feature","properties":{"type":"Secondary Highway","name":"26","label":null,"length_km":134,"expressway":0},"geometry":{"type":"LineString","coordinates":[[-79.75312,44.3531],[-79.79133,44.38957],[-79.84864,44.45729],[-79.87295,44.46424],[-79.899,44.4625],[-79.97194,44.43819],[-80.01882,44.43993],[-80.46165,44.56149],[-80.56759,44.57712],[-80.62142,44.59969],[-80.65789,44.60838],[-80.71172,44.60664],[-80.78813,44.58754],[-80.91443,44.57181]]}},{"type":"Feature","properties":{"type":"Major Highway","name":"401","label":null,"length_km":290,"expressway":1},"geometry":{"type":"LineString","coordinates":[[-76.01945,44.39478],[-76.0646,44.38609],[-76.1549,44.34268],[-76.23305,44.32705],[-76.37024,44.30968],[-76.54216,44.30795],[-76.68803,44.29753],[-77.26632,44.21938],[-77.33231,44.20549],[-77.38267,44.18639],[-77.43824,44.1777],[-77.47992,44.15513],[-77.5546,44.12734],[-77.83766,44.05093],[-77.92796,44.01967],[-77.99222,44.00231],[-78.04258,43.99883],[-78.16067,44.00231],[-78.23534,43.98668],[-78.35517,43.97799],[-78.44894,43.94153],[-78.48194,43.93284],[-78.59482,43.93111]]}},{"type":"Feature","properties":{"type":"Major Highway","name":"401","label":null,"length_km":32,"expressway":1},"geometry":{"type":"LineString","coordinates":[[-78.59308,43.92763],[-78.69206,43.912],[-78.82231,43.91895],[-78.87788,43.912]]}},{"type":"Feature","properties":{"type":"Secondary Highway","name":"6","label":null,"length_km":117,"expressway":0},"geometry":{"type":"LineString","coordinates":[[-80.8958,44.43819],[-80.8767,44.41214],[-80.86107,44.37394],[-80.84544,44.26627],[-80.80897,44.09782],[-80.7864,44.03704],[-80.77598,44.02488],[-80.63879,43.90679],[-80.31752,43.6463],[-80.25326,43.56989],[-80.2359,43.52995],[-80.22027,43.47959],[-80.19596,43.44833]]}},{"type":"Feature","properties":{"type":"Secondary Highway","name":"21","label":null,"length_km":199,"expressway":0},"geometry":{"type":"LineString","coordinates":[[-81.0,44.55802],[-81.03299,44.54933],[-81.25181,44.52502],[-81.29001,44.51634],[-81.32474,44.50071],[-81.35079,44.4764],[-81.41852,44.37915],[-81.45151,44.34963],[-81.56266,44.2298],[-81.66685,44.10303],[-81.68943,44.06309],[-81.69811,44.02314],[-81.68769,43.96236],[-81.70332,43.85817],[-81.70506,43.81649],[-81.68769,43.73834],[-81.69637,43.58031],[-81.68769,43.54384],[-81.67901,43.46396],[-81.68074,43.42055],[-81.69116,43.37192],[-81.72937,43.3094],[-81.7832,43.25904],[-81.84919,43.2191],[-81.96381,43.16874],[-81.98465,43.15485],[-81.9968,43.13748],[-82.00201,43.11838],[-81.99333,43.04023],[-82.00375,42.99161]]}},{"type":"Feature","properties":{"type":"Secondary Highway","name":"11","label":null,"length_km":31,"expressway":0},"geometry":{"type":"LineString","coordinates":[[-79.44054,44.59101],[-79.4388,44.57365],[-79.46138,44.50765],[-79.49437,44.46771],[-79.54126,44.44167],[-79.65587,44.40346]]}},{"type":"Feature","properties":{"type":"Secondary Highway","name":"60","label":null,"length_km":306,"expressway":0},"geometry":{"type":"LineString","coordinates":[[-76.61336,45.4732],[-76.68109,45.48188],[-76.84606,45.52877],[-76.88601,45.53225],[-76.99194,45.52704],[-77.0423,45.54093],[-77.15865,45.5635],[-77.20728,45.58261],[-77.341,45.59997],[-77.36878,45.59824],[-77.39136,45.58955],[-77.46082,45.52877],[-77.57022,45.51835],[-77.60843,45.49578],[-77.63969,45.48536],[-77.67095,45.48362],[-77.73346,45.48883],[-77.77688,45.50446],[-77.83592,45.53746],[-77.86892,45.54614],[-77.90018,45.54267],[-77.97138,45.50099],[-78.01653,45.48709],[-78.05473,45.48362],[-78.11031,45.48709],[-78.21277,45.48015],[-78.23708,45.48709],[-78.25271,45.5062],[-78.26834,45.56698],[-78.27702,45.58782],[-78.29959,45.60345],[-78.32217,45.60692],[-78.41074,45.57392],[-78.50625,45.57566],[-78.60871,45.56698],[-78.6938,45.51835],[-78.88309,45.37769],[-78.9595,45.34122],[-79.11579,45.34817],[-79.16442,45.32386],[-79.22346,45.27697]]}},{"type":"Feature","properties":{"type":"Secondary Highway","name":"117","label":null,"length_km":193,"expressway":0},"geometry":{"type":"LineString","coordinates":[[-75.87357,46.59851],[-75.77806,46.59157],[-75.68949,46.56726],[-75.54536,46.56726],[-75.29702,46.55857],[-75.2484,46.54642],[-75.18588,46.50995],[-75.15636,46.49779],[-75.11294,46.49258],[-75.01396,46.49779],[-74.99312,46.49432],[-74.97402,46.4839],[-74.92539,46.44396],[-74.88371,46.42312],[-74.84725,46.37276],[-74.83335,46.36234],[-74.81251,46.35539],[-74.80209,46.33282],[-74.79688,46.29114],[-74.74652,46.26509],[-74.7361,46.25293],[-74.72047,46.16958],[-74.69442,46.13658],[-74.65448,46.11748],[-74.60586,46.1088],[-74.44957,46.11227],[-74.3992,46.1088],[-74.36447,46.0949],[-74.33148,46.07406],[-74.30195,46.04801],[-74.28806,46.02717]]}},{"type":"Feature","properties":{"type":"Major Highway","name":"15","label":null,"length_km":56,"expressway":1},"geometry":{"type":"LineString","coordinates":[[-74.28806,46.02717],[-74.21165,45.99765],[-74.16997,45.96813],[-74.15434,45.94382],[-74.13524,45.86915],[-74.11267,45.83268],[-74.005,45.73369],[-73.93901,45.69549],[-73.90427,45.6486],[-73.88517,45.63123]]}},{"type":"Feature","properties":{"type":"Major Highway","name":"40","label":null,"length_km":34,"expressway":1},"geometry":{"type":"LineString","coordinates":[[-74.07793,45.3829],[-74.11267,45.39853],[-74.14913,45.42284],[-74.18387,45.44021],[-74.32106,45.47147],[-74.34711,45.48362],[-74.36968,45.50272]]}},{"type":"Feature","properties":{"type":"Secondary Highway","name":"17","label":null,"length_km":102,"expressway":0},"geometry":{"type":"LineString","coordinates":[[-74.53466,45.54961],[-74.62496,45.58434],[-74.71353,45.58608],[-74.96707,45.5774],[-75.06258,45.56003],[-75.21888,45.54787],[-75.27792,45.53572],[-75.44576,45.48342]]}},{"type":"Feature","properties":{"type":"Secondary Highway","name":"50","label":null,"length_km":152,"expressway":0},"geometry":{"type":"LineString","coordinates":[[-75.23643,45.60423],[-74.86114,45.66249],[-74.75173,45.66249],[-74.5416,45.62949],[-74.47735,45.62602],[-74.3801,45.63123],[-74.25333,45.61387],[-74.20991,45.61734],[-74.15608,45.63644],[-74.13177,45.63992],[-74.10572,45.63297],[-74.05188,45.60345],[-74.02757,45.59824],[-73.95637,45.60345],[-73.88517,45.63123]]}},{"type":"Feature","properties":{"type":"Secondary Highway","name":"148","label":null,"length_km":157,"expressway":0},"geometry":{"type":"LineString","coordinates":[[-77.14476,45.8101],[-77.0753,45.8101],[-77.03883,45.81878],[-77.01799,45.83615],[-76.98499,45.8813],[-76.95547,45.90388],[-76.92942,45.9143],[-76.87211,45.92298],[-76.80439,45.91777],[-76.76618,45.89867],[-76.69845,45.83789],[-76.63594,45.80837],[-76.61336,45.78926],[-76.60294,45.75627],[-76.60294,45.6677],[-76.59079,45.64513],[-76.56821,45.62949],[-76.46575,45.59997],[-76.3685,45.56177],[-76.29036,45.54614],[-76.26257,45.5444],[-76.1879,45.55656],[-76.09933,45.55135],[-76.01945,45.53572],[-75.91872,45.49578],[-75.87878,45.49057]]}},{"type":"Feature","properties":{"type":"Secondary Highway","name":"5","label":null,"length_km":73,"expressway":0},"geometry":{"type":"LineString","coordinates":[[-75.93783,46.60546],[-75.95346,46.59157],[-75.97256,46.56031],[-75.98645,46.52211],[-75.99166,46.48911],[-75.98124,46.35192],[-75.98645,46.32066],[-76.00382,46.2703],[-76.00555,46.24599],[-76.00034,46.22688],[-75.97429,46.18521],[-75.97256,46.15742],[-75.98819,46.14005],[-76.03855,46.11574],[-76.05244,46.10359],[-76.06981,46.0758],[-76.07328,46.04628],[-76.06633,46.02891],[-76.03681,45.99765],[-76.0125,45.94035],[-76.02813,45.89693],[-76.02466,45.87436],[-75.99943,45.85432]]}},{"type":"Feature","properties":{"type":"Secondary Highway","name":"172","label":null,"length_km":80,"expressway":0},"geometry":{"type":"LineString","coordinates":[[-70.93122,48.47751],[-70.9729,48.49314],[-71.00243,48.49488],[-71.11878,48.4914],[-71.21255,48.50703],[-71.28723,48.51224],[-71.31328,48.52613],[-71.35495,48.57476],[-71.37927,48.58692],[-71.41226,48.58692],[-71.50604,48.56781],[-71.52688,48.57129],[-71.58939,48.5956],[-71.63107,48.5956]]}},{"type":"Feature","properties":{"type":"Secondary Highway","name":"172","label":null,"length_km":136,"expressway":0},"geometry":{"type":"LineString","coordinates":[[-69.75034,48.17187],[-69.7486,48.18229],[-69.75381,48.20139],[-69.77292,48.21702],[-69.84064,48.25696],[-69.89621,48.2778],[-69.94657,48.31253],[-70.12197,48.37331],[-70.33036,48.42889],[-70.43456,48.44278],[-70.49013,48.43236],[-70.5457,48.41673],[-70.5787,48.41673],[-70.73152,48.45667],[-70.85655,48.46535],[-70.93122,48.47751]]}},{"type":"Feature","properties":{"type":"Ferry Route","name":null,"label":null,"length_km":218,"expressway":0},"geometry":{"type":"LineString","coordinates":[[-66.24242,50.14117],[-66.16601,50.09254],[-66.08786,50.05607],[-65.9993,50.02655],[-65.89163,50.00224],[-65.75791,49.98487],[-65.31334,49.97098],[-65.16573,49.94493],[-65.03549,49.90673],[-64.90698,49.83726],[-64.77326,49.78517],[-64.6517,49.75043],[-64.46415,49.71049],[-64.41552,49.70702],[-64.37384,49.71744],[-64.35648,49.73654],[-64.35127,49.75217],[-64.34953,49.79211]]}},{"type":"Feature","properties":{"type":"Ferry Route","name":null,"label":null,"length_km":143,"expressway":0},"geometry":{"type":"LineString","coordinates":[[-64.34953,49.77822],[-64.353,49.75738],[-64.3669,49.74522],[-64.39468,49.73828],[-64.42942,49.74175],[-64.46415,49.75391],[-64.50756,49.77648],[-64.53361,49.79732],[-64.55098,49.82163],[-64.55966,49.85984],[-64.54924,49.89805],[-64.51103,49.94146],[-64.45373,49.98835],[-64.40684,50.00919],[-64.36516,50.01961],[-64.30785,50.02829],[-64.14635,50.03697],[-63.99006,50.05087],[-63.91886,50.06997],[-63.81987,50.1047],[-63.73304,50.14464],[-63.65489,50.19153],[-63.58543,50.24536]]}},{"type":"Feature","properties":{"type":"Secondary Highway","name":null,"label":null,"length_km":825,"expressway":0},"geometry":{"type":"LineString","coordinates":[[-67.11419,52.85025],[-67.09682,52.87109],[-67.03952,52.89888],[-66.98568,52.93882],[-66.96311,52.95098],[-66.93011,52.95445],[-66.8537,52.93535],[-66.8016,52.9475],[-66.75992,52.95271],[-66.7113,52.97703],[-66.6922,53.00481],[-66.65573,53.03086],[-66.61231,53.04475],[-66.54459,53.05344],[-66.4786,53.08296],[-66.45255,53.07949],[-66.39871,53.04649],[-66.36745,53.03954],[-66.29799,53.05344],[-66.199,53.0847],[-66.08613,53.15069],[-66.07397,53.16631],[-66.04792,53.2132],[-66.01319,53.24273],[-65.98193,53.25836],[-65.74228,53.34519],[-65.69018,53.35387],[-65.54778,53.35213],[-65.51131,53.36081],[-65.47137,53.37644],[-65.17615,53.4407],[-65.12579,53.43549],[-65.03722,53.39902],[-65.00596,53.39902],[-64.97644,53.41638],[-64.92087,53.46675],[-64.8653,53.48411],[-64.79931,53.49453],[-64.74547,53.54837],[-64.68122,53.58136],[-64.64475,53.61436],[-64.58745,53.62825],[-64.52319,53.63172],[-64.4051,53.60046],[-64.27833,53.58831],[-64.05778,53.52926],[-63.98832,53.531],[-63.90496,53.54142],[-63.85113,53.53447],[-63.73651,53.49974],[-63.59411,53.4789],[-63.45345,53.44591],[-63.29715,53.43722],[-63.18775,53.40423],[-63.0523,53.34171],[-62.78139,53.29656],[-62.6442,53.31393],[-62.47748,53.27572],[-62.25346,53.20452],[-62.07633,53.14027],[-61.76548,53.08817],[-61.45463,53.0517],[-61.43205,53.04302],[-61.39385,53.00829],[-61.37301,53.00308],[-61.32091,53.0187],[-61.25666,53.05517],[-61.07605,53.13679],[-61.01527,53.17153],[-60.90586,53.25141],[-60.8555,53.27398],[-60.80514,53.28093],[-60.69053,53.27225],[-60.46303,53.27746],[-60.39531,53.28614],[-60.37273,53.29482],[-60.33973,53.3174],[-60.31369,53.31566],[-60.40746,53.34692],[-60.42309,53.35734],[-60.43004,53.36776],[-60.43004,53.38513],[-60.41441,53.41986],[-60.37968,53.44243],[-60.24249,53.48585],[-60.18865,53.51363],[-60.14176,53.52058]]}},{"type":"Feature","properties":{"type":"Secondary Highway","name":"138","label":null,"length_km":504,"expressway":0},"geometry":{"type":"LineString","coordinates":[[-66.28583,50.228],[-66.20942,50.23321],[-66.06702,50.25578],[-66.02187,50.27141],[-65.96977,50.30441],[-65.94373,50.30962],[-65.91594,50.30788],[-65.83432,50.28878],[-65.6815,50.28878],[-65.58772,50.29399],[-65.38801,50.32525],[-65.25082,50.32525],[-65.16747,50.33219],[-65.12926,50.32872],[-65.07195,50.31483],[-64.93997,50.30267],[-64.64128,50.29572],[-64.57182,50.2992],[-64.46762,50.32004],[-64.41205,50.32351],[-64.35474,50.3183],[-64.21755,50.28704],[-64.16372,50.28704],[-64.09946,50.30614],[-63.9779,50.3183],[-63.91712,50.31656],[-63.8355,50.30614],[-63.73304,50.30441],[-63.69831,50.29746],[-63.65837,50.28183],[-63.62016,50.27836],[-63.59585,50.26447],[-63.56285,50.26447],[-63.52291,50.2801],[-63.49165,50.28183],[-63.4274,50.25578],[-63.38919,50.25405],[-63.34578,50.26968],[-63.27805,50.30441],[-63.2138,50.30962],[-63.12176,50.32525],[-62.99499,50.33219],[-62.90469,50.31309],[-62.84911,50.30962],[-62.81959,50.31309],[-62.76228,50.33914],[-62.73797,50.34261],[-62.71019,50.3374],[-62.64246,50.31135],[-62.60946,50.30441],[-62.47227,50.2992],[-62.4167,50.31656],[-62.39065,50.31656],[-62.27951,50.28531],[-62.18747,50.26794],[-62.08154,50.25926],[-62.02944,50.24015],[-61.92698,50.25057],[-61.8662,50.24884],[-61.82626,50.23321],[-61.81237,50.21932],[-61.80716,50.19674]]}},{"type":"Feature","properties":{"type":"Secondary Highway","name":null,"label":null,"length_km":249,"expressway":0},"geometry":{"type":"LineString","coordinates":[[-66.27715,50.228],[-66.35183,50.21758],[-66.36745,50.22279],[-66.3935,50.25405],[-66.42129,50.2662],[-66.45776,50.26794],[-66.49596,50.25926],[-66.56195,50.22452],[-66.61926,50.20716],[-66.68699,50.1429],[-66.71477,50.12901],[-66.7495,50.09949],[-66.81723,50.05955],[-66.91969,50.01613],[-66.97352,49.98487],[-66.99089,49.96925],[-67.00826,49.93104],[-67.02215,49.91541],[-67.0673,49.88068],[-67.14198,49.84074],[-67.17671,49.79385],[-67.18713,49.76433],[-67.18192,49.70528],[-67.18713,49.66187],[-67.19755,49.64798],[-67.2427,49.61672],[-67.25485,49.60109],[-67.26006,49.57851],[-67.26354,49.51773],[-67.27222,49.47605],[-67.29132,49.43611],[-67.31564,49.41527],[-67.33995,49.40485],[-67.39726,49.39443],[-67.42851,49.3927],[-67.51187,49.40311],[-67.62301,49.38228],[-67.64559,49.36838],[-67.6508,49.34928],[-67.64906,49.3267],[-67.65427,49.32323],[-67.69942,49.31802],[-67.82098,49.31976],[-67.84182,49.31281],[-67.87135,49.29371],[-67.89913,49.28676],[-67.94602,49.2885],[-68.05542,49.30934],[-68.10058,49.3076],[-68.13183,49.29892],[-68.15267,49.28676],[-68.17699,49.26071],[-68.18393,49.23293],[-68.20477,49.22946]]}},{"type":"Feature","properties":{"type":"Secondary Highway","name":"172","label":null,"length_km":484,"expressway":0},"geometry":{"type":"LineString","coordinates":[[-68.19088,49.23814],[-68.20824,49.23814],[-68.22561,49.24509],[-68.25166,49.28329],[-68.26902,49.29545],[-68.31418,49.30934],[-68.42011,49.33192],[-68.44789,49.34754],[-68.45658,49.3597],[-68.47221,49.4118],[-68.51562,49.43958],[-68.52778,49.45348],[-68.53472,49.47432],[-68.53472,49.53683],[-68.54514,49.55941],[-68.56772,49.57851],[-68.61634,49.60456],[-68.63892,49.62019],[-68.65455,49.64624],[-68.68233,49.70528],[-68.7188,49.75912],[-68.72922,49.78864],[-68.76048,49.90673],[-68.76048,49.93104],[-68.74485,50.00919],[-68.74659,50.05434],[-68.81432,50.05781],[-68.83168,50.07518],[-68.83863,50.09949],[-68.83168,50.1377],[-68.8039,50.21758],[-68.79174,50.26273],[-68.79348,50.2992],[-68.81605,50.37561],[-68.82126,50.41381],[-68.81605,50.43986],[-68.77611,50.52322],[-68.76222,50.58574],[-68.7518,50.61352],[-68.7327,50.63436],[-68.68928,50.65346],[-68.67886,50.66736],[-68.67886,50.76461],[-68.66844,50.78371],[-68.63892,50.81149],[-68.63024,50.8306],[-68.63892,50.8879],[-68.63718,50.90527],[-68.63024,50.91743],[-68.59203,50.95216],[-68.52951,50.9921],[-68.42358,51.05114],[-68.3628,51.07719],[-68.32112,51.10324],[-68.28986,51.13624],[-68.23777,51.2057],[-68.1874,51.24564],[-68.11447,51.28906],[-68.10058,51.32726],[-68.15094,51.35678],[-68.19782,51.37762],[-68.21519,51.39499],[-68.21866,51.41062],[-68.21345,51.46445],[-68.2395,51.52523],[-68.24124,51.54086],[-68.23429,51.5617],[-68.24298,51.57907],[-68.23777,51.60512],[-68.21345,51.6329],[-68.1162,51.68153],[-68.06411,51.70063],[-68.05369,51.70931],[-68.04674,51.72321],[-68.04848,51.73884],[-68.05542,51.75099],[-68.1162,51.80483],[-68.12315,51.8274],[-68.12315,51.86734],[-68.14746,51.90381],[-68.14573,51.92465],[-68.13704,51.96112],[-68.111,52.01669],[-68.06063,52.06184],[-67.95991,52.16083],[-67.89045,52.19035],[-67.66469,52.27023],[-67.53965,52.33275],[-67.50145,52.3397],[-67.40594,52.34143],[-67.366,52.35185],[-67.36426,52.36574],[-67.37641,52.38137],[-67.40941,52.44563],[-67.43199,52.51509],[-67.42678,52.6106],[-67.39726,52.67312],[-67.39899,52.69223],[-67.42504,52.74259],[-67.42504,52.76169],[-67.41809,52.77905],[-67.41115,52.78774],[-67.39726,52.79121],[-67.33474,52.76169],[-67.31216,52.76169],[-67.25659,52.79642],[-67.12635,52.82594],[-67.11419,52.85025]]}},{"type":"Feature","properties":{"type":"Secondary Highway","name":"138","label":null,"length_km":111,"expressway":0},"geometry":{"type":"LineString","coordinates":[[-68.1683,49.23814],[-68.26729,49.21383],[-68.30897,49.19993],[-68.40622,49.14436],[-68.44789,49.10789],[-68.47047,49.09574],[-68.63197,49.05059],[-68.65108,49.03669],[-68.67713,48.99502],[-68.71359,48.96028],[-68.74312,48.94118],[-68.81779,48.90992],[-68.88552,48.85609],[-68.94109,48.83698],[-69.03834,48.81962],[-69.05397,48.81267],[-69.08175,48.78141],[-69.10433,48.77273]]}},{"type":"Feature","properties":{"type":"Secondary Highway","name":"385","label":null,"length_km":75,"expressway":0},"geometry":{"type":"LineString","coordinates":[[-69.09043,48.76579],[-69.1078,48.78141],[-69.11996,48.84219],[-69.11648,48.86477],[-69.09738,48.88908],[-69.09912,48.90645],[-69.10433,48.91513],[-69.12517,48.93076],[-69.17553,48.9516],[-69.1981,48.9707],[-69.26409,49.05406],[-69.29362,49.10789],[-69.31098,49.12179],[-69.38913,49.16347],[-69.45686,49.19125],[-69.51937,49.2364],[-69.535,49.26071],[-69.58363,49.29718]]}},{"type":"Feature","properties":{"type":"Secondary Highway","name":"138","label":null,"length_km":91,"expressway":0},"geometry":{"type":"LineString","coordinates":[[-69.09738,48.77968],[-69.10606,48.73626],[-69.12517,48.70674],[-69.12864,48.66159],[-69.13732,48.64249],[-69.14948,48.63033],[-69.20158,48.60775],[-69.24325,48.59907],[-69.26236,48.58518],[-69.30925,48.50356],[-69.33529,48.4393],[-69.3544,48.41326],[-69.45686,48.33685],[-69.51764,48.28128],[-69.53674,48.27433],[-69.61662,48.26217],[-69.7295,48.19097],[-69.75034,48.17187]]}},{"type":"Feature","properties":{"type":"Secondary Highway","name":"169","label":null,"length_km":104,"expressway":0},"geometry":{"type":"LineString","coordinates":[[-71.87593,48.73453],[-71.90372,48.738],[-71.9645,48.7571],[-72.00618,48.7571],[-72.02528,48.76231],[-72.03744,48.77794],[-72.03396,48.81267],[-72.04959,48.81441],[-72.06348,48.82136],[-72.0878,48.85262],[-72.09648,48.85782],[-72.1069,48.85435],[-72.12947,48.8283],[-72.15205,48.83004],[-72.18852,48.85956],[-72.20936,48.90298],[-72.22325,48.90298],[-72.2493,48.88561],[-72.27187,48.88561],[-72.30834,48.89256],[-72.36739,48.91166],[-72.38649,48.9134],[-72.49069,48.85956],[-72.515,48.84046],[-72.52195,48.82657],[-72.51153,48.80225],[-72.44554,48.7571],[-72.41254,48.71369],[-72.40907,48.69979],[-72.41428,48.68417],[-72.45595,48.66159]]}},{"type":"Feature","properties":{"type":"Secondary Highway","name":"170","label":null,"length_km":165,"expressway":0},"geometry":{"type":"LineString","coordinates":[[-71.11704,48.39242],[-71.08925,48.38373],[-71.06494,48.36116],[-71.03195,48.34379],[-70.96248,48.33337],[-70.92254,48.33685],[-70.87565,48.31427],[-70.84613,48.31601],[-70.80272,48.3299],[-70.78188,48.33164],[-70.72283,48.30559],[-70.636,48.28128],[-70.53875,48.27954],[-70.49013,48.27433],[-70.23311,48.2066],[-70.18449,48.19965],[-70.09592,48.20486],[-70.06814,48.20139],[-70.0473,48.18924],[-70.03688,48.17187],[-70.02299,48.10935],[-70.03341,48.07288],[-70.07161,47.99126],[-70.07508,47.96348],[-70.06466,47.93396],[-70.05251,47.9218],[-70.03688,47.91312],[-69.93963,47.89402],[-69.87711,47.87318]]}},{"type":"Feature","properties":{"type":"Secondary Highway","name":null,"label":null,"length_km":43,"expressway":0},"geometry":{"type":"LineString","coordinates":[[-71.70748,48.41326],[-71.73874,48.42541],[-71.80647,48.43583],[-71.91587,48.4202],[-72.08953,48.4202]]}},{"type":"Feature","properties":{"type":"Secondary Highway","name":null,"label":null,"length_km":46,"expressway":0},"geometry":{"type":"LineString","coordinates":[[-72.08259,48.42715],[-72.09995,48.43236],[-72.13295,48.44973],[-72.1781,48.44973],[-72.20762,48.45841],[-72.24062,48.48619],[-72.2875,48.54524],[-72.3396,48.57823],[-72.37781,48.62165],[-72.45769,48.65985]]}},{"type":"Feature","properties":{"type":"Secondary Highway","name":"175","label":null,"length_km":59,"expressway":0},"geometry":{"type":"LineString","coordinates":[[-71.1153,48.33858],[-71.15004,48.31253],[-71.21082,48.28301],[-71.26812,48.26565],[-71.28028,48.25002],[-71.27854,48.23091],[-71.25423,48.21008],[-71.24728,48.19445],[-71.27333,48.11456],[-71.27333,48.09199],[-71.26639,48.07462],[-71.2386,48.05204],[-71.2386,48.04163],[-71.24902,48.01731],[-71.25249,47.99474],[-71.24902,47.98779],[-71.23513,47.98432],[-71.22818,47.97216],[-71.23339,47.95306],[-71.2577,47.91659],[-71.25944,47.86102],[-71.2716,47.82976]]}},{"type":"Feature","properties":{"type":"Secondary Highway","name":"169","label":null,"length_km":72,"expressway":0},"geometry":{"type":"LineString","coordinates":[[-71.70054,48.4202],[-71.68317,48.35595],[-71.6988,48.29864],[-71.6988,48.27954],[-71.63975,48.17882],[-71.61197,48.14929],[-71.55813,48.13019],[-71.50777,48.06594],[-71.43657,48.02079],[-71.41747,47.99647],[-71.38274,47.9218],[-71.3237,47.88186],[-71.28549,47.83844],[-71.26465,47.82802]]}},{"type":"Feature","properties":{"type":"Secondary Highway","name":"73","label":null,"length_km":104,"expressway":1},"geometry":{"type":"LineString","coordinates":[[-71.28723,47.83497],[-71.2716,47.82802],[-71.24728,47.80892],[-71.22644,47.78114],[-71.21255,47.75335],[-71.21429,47.71688],[-71.24381,47.64916],[-71.24728,47.53454],[-71.23513,47.47029],[-71.2004,47.41992],[-71.18824,47.3904],[-71.17956,47.34351],[-71.17956,47.30878],[-71.18824,47.281],[-71.21429,47.2671],[-71.22992,47.24974],[-71.23339,47.23063],[-71.23166,47.19069],[-71.2386,47.17333],[-71.35322,47.07087],[-71.37058,47.04482],[-71.37406,47.01356],[-71.36537,46.96841],[-71.32717,46.91978],[-71.28896,46.8729],[-71.25249,46.84164],[-71.2195,46.82254]]}},{"type":"Feature","properties":{"type":"Secondary Highway","name":"155","label":null,"length_km":206,"expressway":0},"geometry":{"type":"LineString","coordinates":[[-72.08259,48.42715],[-72.11732,48.37158],[-72.13989,48.32816],[-72.17984,48.2778],[-72.21109,48.2257],[-72.23367,48.17361],[-72.24409,48.09372],[-72.25798,48.06246],[-72.36565,47.95132],[-72.3726,47.93048],[-72.40907,47.91833],[-72.43511,47.89575],[-72.482,47.80371],[-72.515,47.70994],[-72.53584,47.6891],[-72.58967,47.66305],[-72.60877,47.64742],[-72.61919,47.62137],[-72.6244,47.57448],[-72.64524,47.56927],[-72.66435,47.55885],[-72.71123,47.50328],[-72.76854,47.44945],[-72.77722,47.43034],[-72.78591,47.37477],[-72.80154,47.32615],[-72.82585,47.281],[-72.87795,47.20806],[-72.90747,47.09171],[-72.91268,47.06045],[-72.92831,47.04308],[-72.93178,47.03266],[-72.92831,47.01703],[-72.90226,46.98578],[-72.89705,46.95452],[-72.904,46.93021],[-72.9231,46.92152],[-72.93525,46.90937],[-72.93352,46.89026],[-72.91615,46.87463],[-72.89358,46.86595],[-72.80848,46.86769],[-72.78764,46.86421],[-72.77201,46.85727],[-72.76159,46.84338],[-72.76159,46.8208],[-72.76681,46.80343],[-72.78764,46.77912],[-72.78764,46.76002],[-72.77201,46.73918],[-72.72165,46.70271],[-72.69039,46.66624],[-72.67655,46.64343]]}},{"type":"Feature","properties":{"type":"Secondary Highway","name":"138","label":null,"length_km":30,"expressway":0},"geometry":{"type":"LineString","coordinates":[[-69.72776,48.1875],[-69.73992,48.17013],[-69.75729,48.12498],[-69.87364,47.94264],[-69.88406,47.8888],[-69.89274,47.87318]]}},{"type":"Feature","properties":{"type":"Secondary Highway","name":"138","label":null,"length_km":180,"expressway":0},"geometry":{"type":"LineString","coordinates":[[-69.87711,47.88012],[-69.90316,47.83671],[-69.92921,47.80545],[-70.03341,47.72557],[-70.07856,47.69778],[-70.16365,47.66826],[-70.19665,47.66999],[-70.25743,47.68389],[-70.28347,47.68041],[-70.29216,47.67347],[-70.31821,47.61963],[-70.3321,47.60574],[-70.35468,47.59706],[-70.40851,47.59011],[-70.46929,47.55712],[-70.51444,47.53801],[-70.52833,47.52586],[-70.53702,47.50328],[-70.53702,47.48244],[-70.52833,47.4425],[-70.53528,47.4234],[-70.62211,47.35567],[-70.68289,47.26363],[-70.72804,47.2098],[-70.74715,47.1959],[-70.80619,47.17506],[-70.86871,47.12991],[-70.90344,47.09171],[-70.91559,47.06566],[-70.92081,47.04308],[-70.95727,47.03093],[-71.03542,46.97709],[-71.05973,46.95278],[-71.1674,46.88853],[-71.2195,46.82254]]}},{"type":"Feature","properties":{"type":"Secondary Highway","name":"167","label":null,"length_km":248,"expressway":0},"geometry":{"type":"LineString","coordinates":[[-72.44206,48.65291],[-72.47679,48.67722],[-72.49242,48.68243],[-72.50979,48.68243],[-72.56015,48.66854],[-72.59141,48.67374],[-72.64003,48.72063],[-72.69387,48.74668],[-72.70602,48.76231],[-72.71992,48.79704],[-72.73902,48.81094],[-72.81369,48.81962],[-72.95436,48.87866],[-73.06724,48.90298],[-73.17317,48.93597],[-73.24263,48.97418],[-73.38677,49.0749],[-73.48055,49.10268],[-73.59169,49.17041],[-73.66115,49.18257],[-73.68373,49.19299],[-73.70109,49.20514],[-73.71846,49.26592],[-73.72714,49.27113],[-73.76535,49.28155],[-73.9008,49.30239],[-73.94595,49.33018],[-74.02584,49.34928],[-74.05536,49.38054],[-74.10746,49.39964],[-74.15087,49.43437],[-74.16824,49.46216],[-74.19949,49.54552],[-74.21339,49.55941],[-74.25854,49.58546],[-74.30195,49.63582],[-74.35058,49.6775],[-74.37489,49.72786],[-74.41483,49.77127],[-74.44436,49.82337]]}},{"type":"Feature","properties":{"type":"Secondary Highway","name":"111","label":null,"length_km":94,"expressway":0},"geometry":{"type":"LineString","coordinates":[[-78.13462,48.57823],[-78.19019,48.61644],[-78.22492,48.62859],[-78.41942,48.6338],[-78.5323,48.64596],[-78.73548,48.68243],[-78.7789,48.68243],[-78.78758,48.6859],[-78.79973,48.69979],[-78.84662,48.71369],[-78.85009,48.73105],[-78.86225,48.73974],[-78.91261,48.75016],[-78.95429,48.74668]]}},{"type":"Feature","properties":{"type":"Secondary Highway","name":"109","label":null,"length_km":698,"expressway":0},"geometry":{"type":"LineString","coordinates":[[-77.6258,53.81233],[-77.60148,53.78107],[-77.59801,53.7637],[-77.60322,53.74634],[-77.61711,53.73244],[-77.6449,53.72203],[-77.73694,53.72029],[-77.73868,53.69424],[-77.73346,53.65082],[-77.72131,53.6352],[-77.697,53.6213],[-77.6831,53.60567],[-77.66227,53.54489],[-77.59627,53.46675],[-77.56849,53.40597],[-77.5407,53.38339],[-77.46603,53.34692],[-77.44519,53.32782],[-77.43651,53.28788],[-77.41567,53.26877],[-77.41046,53.24793],[-77.41914,53.23057],[-77.4504,53.20626],[-77.46777,53.18542],[-77.47992,53.14027],[-77.47992,53.10554],[-77.46256,53.08991],[-77.41741,53.06907],[-77.38094,53.03954],[-77.29932,52.94403],[-77.27674,52.89888],[-77.275,52.87804],[-77.27848,52.85894],[-77.29411,52.83636],[-77.33405,52.80163],[-77.3462,52.786],[-77.3601,52.72348],[-77.38962,52.6627],[-77.39136,52.60366],[-77.37746,52.58456],[-77.32537,52.55677],[-77.30453,52.54114],[-77.29932,52.52378],[-77.33752,52.49599],[-77.35141,52.47862],[-77.35662,52.45952],[-77.34968,52.44216],[-77.33057,52.42305],[-77.30626,52.40916],[-77.24722,52.397],[-77.16733,52.39006],[-77.12913,52.37096],[-77.11003,52.34838],[-77.10134,52.32754],[-77.09961,52.31191],[-77.10829,52.28239],[-77.07877,52.25113],[-77.07356,52.23376],[-77.08051,52.2164],[-77.0944,52.20251],[-77.16039,52.17472],[-77.1847,52.15562],[-77.24201,52.08963],[-77.30974,52.02016],[-77.31495,51.98717],[-77.3271,51.9698],[-77.38962,51.91944],[-77.40699,51.90208],[-77.41741,51.88124],[-77.42956,51.82393],[-77.41219,51.79962],[-77.41219,51.79267],[-77.41914,51.78746],[-77.40872,51.77183],[-77.35489,51.73536],[-77.39483,51.66416],[-77.41567,51.5808],[-77.44866,51.52523],[-77.45214,51.50613],[-77.43477,51.45403],[-77.43998,51.40367],[-77.43651,51.38457],[-77.41914,51.36894],[-77.36878,51.34984],[-77.36183,51.34116],[-77.3601,51.32552],[-77.44172,51.20049],[-77.46603,51.17791],[-77.51118,51.15534],[-77.52507,51.14492],[-77.5546,51.06156],[-77.60148,51.01641],[-77.61538,50.99905],[-77.63101,50.94695],[-77.63448,50.8688],[-77.62927,50.84101],[-77.61364,50.8167],[-77.61538,50.78371],[-77.66921,50.75071],[-77.68831,50.73508],[-77.69352,50.71945],[-77.69005,50.71077],[-77.66053,50.6743],[-77.61364,50.64825],[-77.59454,50.63262],[-77.52681,50.53016],[-77.50597,50.51106],[-77.45561,50.49891],[-77.34447,50.49891],[-77.26458,50.48328],[-77.16039,50.44333],[-77.12739,50.4225],[-77.10308,50.40166],[-77.09266,50.38082],[-77.08745,50.3513],[-77.0944,50.2471],[-77.08919,50.16548],[-77.09787,50.13075],[-77.13087,50.0717],[-77.13781,50.04392],[-77.1326,50.01266],[-77.11003,49.95014],[-77.10829,49.91888],[-77.11871,49.8911],[-77.1326,49.88068],[-77.14997,49.88415],[-77.19686,49.9102],[-77.21943,49.9102],[-77.23333,49.90673],[-77.25417,49.88762],[-77.27153,49.84074],[-77.29237,49.82858],[-77.39483,49.8199],[-77.54244,49.78343],[-77.60322,49.77475],[-77.68658,49.74522],[-77.75083,49.73828],[-77.74736,49.60456],[-77.76299,49.58719],[-77.78209,49.57677],[-77.84808,49.56983],[-78.00437,49.58025],[-78.06168,49.56809],[-78.08947,49.55593],[-78.10162,49.51252],[-78.10336,49.44653],[-78.11204,49.39964],[-78.11031,49.38401],[-78.09989,49.36665],[-78.05994,49.33886],[-78.053,49.32149],[-78.05821,49.27634],[-78.05473,49.25724],[-78.0339,49.22425],[-77.98006,49.16347],[-77.96096,49.12526],[-77.95922,49.09921],[-77.97138,49.03496],[-77.96791,49.0228],[-77.9488,48.98981],[-77.94707,48.95334],[-77.93144,48.86998],[-77.93317,48.80399],[-78.02174,48.7901],[-78.03216,48.78662],[-78.04431,48.77099],[-78.10162,48.76405],[-78.11899,48.75363],[-78.12767,48.73626],[-78.13288,48.70153],[-78.12767,48.56955]]}},{"type":"Feature","properties":{"type":"Secondary Highway","name":"113","label":null,"length_km":405,"expressway":0},"geometry":{"type":"LineString","coordinates":[[-74.43741,49.81469],[-74.45998,49.80427],[-74.49472,49.79559],[-74.60586,49.79211],[-74.71353,49.79732],[-74.83509,49.77996],[-75.04869,49.80948],[-75.18414,49.806],[-75.64261,49.82858],[-75.79022,49.82163],[-75.82495,49.81121],[-75.85447,49.79559],[-75.93609,49.7296],[-75.97256,49.69139],[-76.03334,49.60282],[-76.05418,49.58198],[-76.0837,49.56636],[-76.18269,49.53162],[-76.26778,49.46911],[-76.30251,49.45695],[-76.4015,49.43785],[-76.53348,49.39791],[-76.60989,49.36665],[-76.73145,49.35796],[-76.81654,49.33539],[-76.86343,49.30239],[-76.90511,49.24856],[-76.90164,49.22077],[-76.90685,49.18257],[-76.92248,49.1652],[-77.02841,49.11831],[-77.04404,49.10268],[-77.04056,49.08705],[-77.01278,49.04711],[-77.01278,49.02801],[-77.0232,49.01759],[-77.06661,48.99675],[-77.1326,48.92381],[-77.14302,48.90645],[-77.14476,48.88735],[-77.12218,48.85262],[-77.12218,48.7901],[-77.09961,48.71021],[-77.09787,48.66333],[-77.10134,48.63033],[-77.10655,48.61991],[-77.12913,48.5956],[-77.16213,48.51051],[-77.20728,48.42715],[-77.23853,48.382],[-77.31668,48.28648],[-77.34794,48.23439],[-77.3792,48.16492],[-77.40004,48.09025]]}},{"type":"Feature","properties":{"type":"Secondary Highway","name":"109","label":null,"length_km":58,"expressway":0},"geometry":{"type":"LineString","coordinates":[[-78.12767,48.56955],[-78.10683,48.5626],[-78.07384,48.57476],[-78.05821,48.56434],[-78.04953,48.5435],[-78.04779,48.47751],[-78.04431,48.45493],[-78.03563,48.44452],[-78.00611,48.42715],[-77.99916,48.41326],[-77.99743,48.38547],[-78.00264,48.30559],[-77.99743,48.28475],[-77.98527,48.26912],[-77.96096,48.25175],[-77.89497,48.22918],[-77.85676,48.19965],[-77.83419,48.17187],[-77.82203,48.14582],[-77.81856,48.11977],[-77.82724,48.10588]]}},{"type":"Feature","properties":{"type":"Secondary Highway","name":"117","label":null,"length_km":48,"expressway":0},"geometry":{"type":"LineString","coordinates":[[-77.40004,48.09025],[-77.46429,48.10067],[-77.63101,48.08851],[-77.7543,48.10414],[-77.82724,48.10588]]}},{"type":"Feature","properties":{"type":"Secondary Highway","name":"117","label":null,"length_km":137,"expressway":0},"geometry":{"type":"LineString","coordinates":[[-77.82724,48.10241],[-77.90539,48.10414],[-77.98701,48.12846],[-78.09294,48.12151],[-78.10857,48.13193],[-78.12593,48.18229],[-78.1433,48.19965],[-78.2857,48.23612],[-78.31522,48.23612],[-78.442,48.22049],[-78.54619,48.23091],[-78.60176,48.23265],[-78.74937,48.21355],[-78.8692,48.21008],[-78.93171,48.21529],[-79.02723,48.2396]]}},{"type":"Feature","properties":{"type":"Secondary Highway","name":"101","label":null,"length_km":53,"expressway":0},"geometry":{"type":"LineString","coordinates":[[-79.00465,48.75363],[-78.99771,48.63207],[-78.99076,48.58171],[-79.05675,48.56087],[-79.0637,48.50182],[-79.07585,48.47925],[-79.09148,48.47056],[-79.09495,48.45841],[-79.08801,48.4393],[-79.04112,48.40631],[-79.02896,48.38894],[-79.02723,48.35768],[-79.05154,48.31601],[-79.05675,48.29169],[-79.05154,48.27259],[-79.02723,48.23265]]}},{"type":"Feature","properties":{"type":"Secondary Highway","name":"101","label":null,"length_km":99,"expressway":0},"geometry":{"type":"LineString","coordinates":[[-79.42491,47.6179],[-79.42838,47.49286],[-79.43359,47.45639],[-79.43359,47.32962],[-79.42317,47.29142],[-79.38149,47.26016],[-79.3676,47.23237],[-79.36413,47.18896],[-79.37976,47.13165],[-79.28251,47.04829],[-79.2582,46.92847],[-79.23562,46.88505],[-79.21652,46.86942],[-79.18873,46.859],[-79.08801,46.8399],[-79.06022,46.81733],[-79.07585,46.74786],[-79.09669,46.71139],[-79.11232,46.69403]]}},{"type":"Feature","properties":{"type":"Secondary Highway","name":"17","label":null,"length_km":256,"expressway":0},"geometry":{"type":"LineString","coordinates":[[-77.16907,45.81878],[-77.27153,45.88999],[-77.40004,45.99418],[-77.45387,46.02717],[-77.46603,46.04454],[-77.46603,46.06538],[-77.47298,46.0758],[-77.56849,46.13484],[-77.61364,46.15395],[-77.664,46.16784],[-77.72652,46.17652],[-77.8585,46.17826],[-77.88281,46.18868],[-77.8915,46.20431],[-77.89844,46.20952],[-78.02521,46.20778],[-78.03911,46.21299],[-78.07905,46.24078],[-78.12941,46.25467],[-78.29612,46.25293],[-78.38295,46.27551],[-78.4472,46.26335],[-78.46978,46.26335],[-78.50104,46.27204],[-78.57224,46.30677],[-78.60697,46.31198],[-78.71117,46.31198],[-78.78237,46.28245],[-78.89004,46.27725],[-78.97687,46.26335],[-79.0116,46.26509],[-79.24778,46.31198],[-79.2773,46.31198],[-79.33287,46.29982],[-79.37107,46.29808]]}},{"type":"Feature","properties":{"type":"Secondary Highway","name":null,"label":null,"length_km":22,"expressway":0},"geometry":{"type":"LineString","coordinates":[[-81.79536,46.2894],[-81.7832,46.26683],[-81.75021,46.24251],[-81.71895,46.19736],[-81.71721,46.17652],[-81.73979,46.15395],[-81.74326,46.13658],[-81.712,46.08796]]}},{"type":"Feature","properties":{"type":"Secondary Highway","name":null,"label":null,"length_km":3,"expressway":0},"geometry":{"type":"LineString","coordinates":[[-81.76584,46.03412],[-81.75195,46.04107],[-81.74326,46.0567]]}},{"type":"Feature","properties":{"type":"Secondary Highway","name":null,"label":null,"length_km":13,"expressway":0},"geometry":{"type":"LineString","coordinates":[[-81.91345,45.98723],[-81.87351,46.00634],[-81.7971,46.02197]]}},{"type":"Feature","properties":{"type":"Secondary Highway","name":"11","label":null,"length_km":106,"expressway":0},"geometry":{"type":"LineString","coordinates":[[-79.47006,46.34324],[-79.42317,46.31371],[-79.37281,46.27204],[-79.35718,46.25467],[-79.35197,46.2373],[-79.36586,46.15742],[-79.3485,46.04628],[-79.35544,46.01676],[-79.37107,46.00981],[-79.37455,46.00113],[-79.3676,45.83615],[-79.37802,45.80663],[-79.42317,45.75106],[-79.43359,45.72154],[-79.43012,45.69896],[-79.40754,45.6677],[-79.40233,45.65381],[-79.40233,45.63644],[-79.41449,45.61039],[-79.39712,45.59129],[-79.34676,45.55656],[-79.30856,45.50272],[-79.26341,45.46625],[-79.24257,45.44368],[-79.23388,45.4211],[-79.23041,45.37248],[-79.21478,45.34469],[-79.21478,45.29954]]}},{"type":"Feature","properties":{"type":"Secondary Highway","name":"6","label":null,"length_km":53,"expressway":0},"geometry":{"type":"LineString","coordinates":[[-82.01243,45.56177],[-82.00028,45.61734],[-81.98291,45.64686],[-81.96728,45.66423],[-81.94123,45.67638],[-81.85961,45.69722],[-81.83877,45.70938],[-81.83183,45.7198],[-81.83356,45.73022],[-81.85267,45.75627],[-81.85614,45.7719],[-81.85614,45.86915],[-81.88914,45.87436],[-81.91866,45.88477],[-81.92908,45.94035],[-81.9256,45.97855]]}},{"type":"Feature","properties":{"type":"Secondary Highway","name":"69","label":null,"length_km":131,"expressway":0},"geometry":{"type":"LineString","coordinates":[[-80.92359,46.43875],[-80.89928,46.40749],[-80.84544,46.36755],[-80.82287,46.34671],[-80.81418,46.32761],[-80.80724,46.27725],[-80.79508,46.24946],[-80.71867,46.18173],[-80.65615,46.09838],[-80.58669,46.0237],[-80.57453,45.99939],[-80.58322,45.95771],[-80.58148,45.9143],[-80.56238,45.85699],[-80.50333,45.76495],[-80.47034,45.72675],[-80.41824,45.67638],[-80.37483,45.60866],[-80.34357,45.58434],[-80.27063,45.54267],[-80.19943,45.47668],[-80.0935,45.41242],[-80.07125,45.39328]]}},{"type":"Feature","properties":{"type":"Secondary Highway","name":"117","label":null,"length_km":222,"expressway":0},"geometry":{"type":"LineString","coordinates":[[-77.40004,48.09025],[-77.38094,48.06767],[-77.35662,47.97737],[-77.34794,47.89749],[-77.3462,47.81934],[-77.31668,47.78982],[-77.30626,47.75682],[-77.28195,47.7273],[-77.25069,47.64221],[-77.19859,47.604],[-77.13087,47.52586],[-77.12218,47.50849],[-77.11871,47.4755],[-77.11176,47.46334],[-77.04751,47.44424],[-77.0093,47.41992],[-76.99194,47.39735],[-76.97631,47.34525],[-76.96415,47.33136],[-76.94852,47.32441],[-76.89643,47.32094],[-76.87559,47.31052],[-76.81481,47.248],[-76.69498,47.20285],[-76.66372,47.17506],[-76.58731,47.09345],[-76.53695,47.07434],[-76.53001,47.04482],[-76.53695,47.02051],[-76.46054,46.97362],[-76.43623,46.91978],[-76.42234,46.90416],[-76.39455,46.89026],[-76.35461,46.88332],[-76.35461,46.84685],[-76.34419,46.83122],[-76.28514,46.82427],[-76.22089,46.79301],[-76.17227,46.78954],[-76.15143,46.78259],[-76.07849,46.73918],[-75.97603,46.65756],[-75.9413,46.62283],[-75.87357,46.59851]]}},{"type":"Feature","properties":{"type":"Secondary Highway","name":"11","label":null,"length_km":145,"expressway":0},"geometry":{"type":"LineString","coordinates":[[-79.67324,47.53454],[-79.68192,47.52759],[-79.68366,47.51891],[-79.6333,47.45118],[-79.6333,47.43382],[-79.64025,47.41992],[-79.66108,47.40603],[-79.74444,47.38346],[-79.78091,47.36956],[-79.80175,47.35393],[-79.81217,47.33136],[-79.81217,47.31746],[-79.80175,47.29489],[-79.74097,47.22369],[-79.72534,47.18375],[-79.72881,47.16465],[-79.73923,47.15075],[-79.78786,47.1247],[-79.79307,47.10734],[-79.78959,47.05177],[-79.81911,47.01009],[-79.81391,46.98925],[-79.7566,46.93368],[-79.74618,46.90589],[-79.75139,46.88332],[-79.77744,46.85727],[-79.78959,46.83295],[-79.80001,46.79128],[-79.80175,46.75481],[-79.7948,46.73571],[-79.77744,46.71313],[-79.62462,46.57247],[-79.56905,46.52905],[-79.51347,46.51168],[-79.49611,46.49779],[-79.48048,46.47001],[-79.47006,46.43354],[-79.46311,46.34324]]}},{"type":"Feature","properties":{"type":"Secondary Highway","name":"17","label":null,"length_km":189,"expressway":0},"geometry":{"type":"LineString","coordinates":[[-79.46311,46.34324],[-79.57425,46.35018],[-79.68366,46.3797],[-79.72187,46.38491],[-79.80001,46.38491],[-79.89032,46.37276],[-79.95978,46.36755],[-80.25847,46.43527],[-80.44603,46.46653],[-80.51202,46.47001],[-80.58495,46.51168],[-80.63531,46.52384],[-80.69088,46.52037],[-80.73777,46.49258],[-80.76903,46.4839],[-80.8055,46.48216],[-80.92012,46.49258],[-81.02778,46.4839],[-81.08336,46.46306],[-81.13372,46.43006]]}},{"type":"Feature","properties":{"type":"Secondary Highway","name":"17","label":null,"length_km":204,"expressway":0},"geometry":{"type":"LineString","coordinates":[[-81.71548,46.29982],[-81.80404,46.2894],[-81.93255,46.24772],[-82.06106,46.2182],[-82.16873,46.2182],[-82.25035,46.20257],[-82.32502,46.20431],[-82.38233,46.1991],[-82.43095,46.20431],[-82.5091,46.21994],[-82.55425,46.22167],[-82.66018,46.20083],[-82.78001,46.19042],[-82.84947,46.17479],[-82.89115,46.17131],[-82.93283,46.17305],[-82.99361,46.18868],[-83.22805,46.27551],[-83.36177,46.2894],[-83.4486,46.26509],[-83.52848,46.2703]]}},{"type":"Feature","properties":{"type":"Secondary Highway","name":"129","label":null,"length_km":167,"expressway":0},"geometry":{"type":"LineString","coordinates":[[-83.43123,47.76898],[-83.40866,47.74467],[-83.33051,47.70994],[-83.31141,47.69778],[-83.24194,47.63352],[-83.21589,47.59532],[-83.21068,47.57448],[-83.22284,47.43903],[-83.21763,47.41124],[-83.20026,47.37998],[-83.19679,47.36088],[-83.21242,47.281],[-83.202,47.24106],[-83.15685,47.15944],[-83.15164,47.11776],[-83.15859,47.04135],[-83.18637,47.0014],[-83.18985,46.9823],[-83.18811,46.94757],[-83.19332,46.93368],[-83.21763,46.91284],[-83.29057,46.88853],[-83.31141,46.87463],[-83.32356,46.85032],[-83.33051,46.79822],[-83.33919,46.77391],[-83.3774,46.74786],[-83.39303,46.7305],[-83.39129,46.71313],[-83.36524,46.6784],[-83.36871,46.66103],[-83.41039,46.61241],[-83.43297,46.55684],[-83.43123,46.53947],[-83.41039,46.50474],[-83.36698,46.46132],[-83.36177,46.4509],[-83.3635,46.44049],[-83.38782,46.41965],[-83.41213,46.41617],[-83.41908,46.41096],[-83.42428,46.40228],[-83.42428,46.37449],[-83.47986,46.35018],[-83.4868,46.33803],[-83.49028,46.31371],[-83.5059,46.31198],[-83.5198,46.30329],[-83.52674,46.29114],[-83.52674,46.27551]]}},{"type":"Feature","properties":{"type":"Secondary Highway","name":"17","label":null,"length_km":104,"expressway":0},"geometry":{"type":"LineString","coordinates":[[-83.52674,46.28245],[-83.54064,46.28072],[-83.54411,46.2703],[-83.55453,46.26509],[-83.62052,46.29114],[-83.70214,46.29114],[-83.76466,46.29808],[-83.81502,46.31024],[-83.88101,46.3415],[-83.90879,46.34844],[-83.947,46.34844],[-84.03036,46.33455],[-84.0512,46.33455],[-84.06162,46.3415],[-84.06682,46.35366],[-84.07377,46.4457],[-84.08245,46.4839],[-84.09808,46.51863],[-84.11545,46.536],[-84.15192,46.55163],[-84.18839,46.5551],[-84.20402,46.55163],[-84.22138,46.53079],[-84.23528,46.52384],[-84.26653,46.52211],[-84.34468,46.52732]]}},{"type":"Feature","properties":{"type":"Secondary Highway","name":"11","label":null,"length_km":274,"expressway":0},"geometry":{"type":"LineString","coordinates":[[-86.96173,49.68444],[-86.88879,49.69313],[-86.8037,49.6966],[-86.73944,49.7296],[-86.65261,49.75564],[-86.60399,49.77996],[-86.58315,49.78517],[-86.45638,49.78343],[-86.29488,49.79906],[-86.16984,49.78343],[-86.10559,49.78169],[-85.8833,49.79211],[-85.81905,49.8008],[-85.45263,49.76954],[-85.01153,49.75912],[-84.50618,49.77127]]}},{"type":"Feature","properties":{"type":"Secondary Highway","name":"584","label":null,"length_km":52,"expressway":0},"geometry":{"type":"LineString","coordinates":[[-86.75855,50.18632],[-86.78112,50.16027],[-86.78633,50.14117],[-86.78459,50.12206],[-86.77244,50.0856],[-86.76897,50.06476],[-86.77418,50.02482],[-86.79328,49.95535],[-86.80891,49.93104],[-86.84711,49.8911],[-86.88358,49.86852],[-86.88879,49.85289],[-86.88358,49.81643],[-86.88879,49.806],[-86.94436,49.79211],[-86.9652,49.77301],[-86.96867,49.75043],[-86.95305,49.73307],[-86.94957,49.72265],[-86.96173,49.68444]]}},{"type":"Feature","properties":{"type":"Secondary Highway","name":"11","label":null,"length_km":458,"expressway":0},"geometry":{"type":"LineString","coordinates":[[-84.50618,49.77127],[-84.43151,49.75043],[-84.303,49.73828],[-84.07898,49.74696],[-83.9852,49.74522],[-83.60836,49.68271],[-83.39476,49.63929],[-82.94846,49.54031],[-82.72791,49.50036],[-82.60461,49.45695],[-82.38754,49.40659],[-82.30418,49.37359],[-82.22951,49.37186],[-82.17046,49.34407],[-82.08537,49.31802],[-81.9586,49.30239],[-81.86309,49.28503],[-81.69637,49.28155],[-81.62517,49.2694],[-81.52098,49.22251],[-81.40984,49.19299],[-81.39073,49.16868],[-81.38031,49.11137],[-81.34906,49.10095],[-81.33863,49.08705],[-81.31432,49.0749],[-81.2327,49.05406],[-81.10246,49.06274],[-81.06599,49.05927],[-81.04862,49.05059],[-81.03647,49.02975],[-81.03473,48.97591],[-81.02605,48.95334],[-81.0,48.93424],[-80.89233,48.88908],[-80.85065,48.8613],[-80.82113,48.82136],[-80.78813,48.73626],[-80.77772,48.71716],[-80.75167,48.69111],[-80.63358,48.60254],[-80.611,48.57823],[-80.60406,48.55739]]}},{"type":"Feature","properties":{"type":"Secondary Highway","name":"101","label":null,"length_km":28,"expressway":0},"geometry":{"type":"LineString","coordinates":[[-79.02723,48.2257],[-79.14011,48.23439],[-79.18005,48.23265],[-79.22346,48.21529],[-79.27556,48.18055]]}},{"type":"Feature","properties":{"type":"Secondary Highway","name":"117","label":null,"length_km":28,"expressway":0},"geometry":{"type":"LineString","coordinates":[[-79.27209,48.17534],[-79.38323,48.15624],[-79.48916,48.15971],[-79.52216,48.14756]]}},{"type":"Feature","properties":{"type":"Secondary Highway","name":"66","label":null,"length_km":75,"expressway":0},"geometry":{"type":"LineString","coordinates":[[-79.52216,48.14929],[-79.62635,48.13193],[-79.69929,48.10414],[-79.73576,48.0972],[-79.78091,48.10588],[-79.87816,48.14582],[-79.94589,48.15103],[-80.00667,48.16319],[-80.04314,48.15103],[-80.10913,48.10241],[-80.17859,48.0833]]}},{"type":"Feature","properties":{"type":"Secondary Highway","name":"11","label":null,"length_km":66,"expressway":0},"geometry":{"type":"LineString","coordinates":[[-80.60406,48.55739],[-80.54848,48.53829],[-80.4877,48.53655],[-80.46339,48.52961],[-80.4165,48.47056],[-80.32967,48.41499],[-80.28279,48.37679],[-80.26889,48.35248],[-80.25674,48.31253],[-80.255,48.18403],[-80.21506,48.1163],[-80.19075,48.0833],[-80.17859,48.07809]]}},{"type":"Feature","properties":{"type":"Secondary Highway","name":"631","label":null,"length_km":140,"expressway":0},"geometry":{"type":"LineString","coordinates":[[-84.50618,49.77127],[-84.53397,49.68618],[-84.56696,49.62714],[-84.6017,49.58719],[-84.67637,49.5212],[-84.69026,49.5021],[-84.70937,49.46042],[-84.72673,49.37359],[-84.76667,49.30413],[-84.77015,49.28155],[-84.76841,49.21209],[-84.78404,49.17215],[-84.76841,49.127],[-84.76494,49.06448],[-84.78578,48.92729],[-84.81009,48.86303],[-84.88823,48.76926],[-84.92297,48.68764],[-84.9577,48.64596],[-84.97159,48.63554],[-84.9959,48.62686],[-85.02369,48.62165],[-85.1001,48.61991],[-85.18345,48.60775],[-85.24945,48.60949],[-85.26507,48.60081],[-85.2755,48.57823]]}},{"type":"Feature","properties":{"type":"Secondary Highway","name":"17","label":null,"length_km":77,"expressway":0},"geometry":{"type":"LineString","coordinates":[[-85.26681,48.59213],[-85.2425,48.56955],[-85.1904,48.54697],[-85.1713,48.53308],[-85.1383,48.47577],[-85.09489,48.43409],[-85.07058,48.37505],[-85.04974,48.35074],[-85.02369,48.33164],[-84.91949,48.27954],[-84.89692,48.26565],[-84.87955,48.24828],[-84.85871,48.2066],[-84.8344,48.1684],[-84.81356,48.1163],[-84.81182,48.09372],[-84.82398,48.03294],[-84.82398,48.00863],[-84.8014,47.99995],[-84.78056,47.97737]]}},{"type":"Feature","properties":{"type":"Secondary Highway","name":"101","label":null,"length_km":220,"expressway":0},"geometry":{"type":"LineString","coordinates":[[-81.58523,48.39068],[-81.66338,48.35074],[-81.75889,48.31774],[-81.77973,48.30385],[-81.82488,48.25696],[-81.85788,48.24307],[-81.97423,48.2396],[-82.01764,48.23439],[-82.23645,48.18576],[-82.3337,48.22049],[-82.40143,48.25696],[-82.43964,48.26217],[-82.44137,48.21355],[-82.5091,48.20834],[-82.5473,48.19618],[-82.69665,48.0642],[-82.7557,48.026],[-82.80606,48.01037],[-82.89636,47.99995],[-82.94151,47.98953],[-83.02661,47.95132],[-83.13601,47.92354],[-83.19158,47.88186],[-83.29404,47.8697],[-83.36003,47.82629],[-83.38955,47.8176],[-83.38434,47.77245],[-83.38434,47.72904]]}},{"type":"Feature","properties":{"type":"Secondary Highway","name":"101","label":null,"length_km":158,"expressway":0},"geometry":{"type":"LineString","coordinates":[[-83.43123,47.76898],[-83.53022,47.80371],[-83.62052,47.82629],[-83.8428,47.85755],[-83.93832,47.88012],[-84.03036,47.89575],[-84.15018,47.94264],[-84.28216,47.96174],[-84.34815,47.96348],[-84.38462,47.95827],[-84.46277,47.93396],[-84.50097,47.93048],[-84.51313,47.93569],[-84.52355,47.94959],[-84.5305,47.99821],[-84.54265,48.026],[-84.56175,48.03989],[-84.58259,48.04684],[-84.62427,48.04857],[-84.65379,48.03989],[-84.75799,47.99995],[-84.77536,47.98779],[-84.78751,47.97042]]}},{"type":"Feature","properties":{"type":"Secondary Highway","name":"144","label":null,"length_km":230,"expressway":0},"geometry":{"type":"LineString","coordinates":[[-80.97395,46.4318],[-80.98958,46.45959],[-81.01563,46.49432],[-81.0382,46.51342],[-81.07467,46.53773],[-81.14587,46.56031],[-81.23965,46.5742],[-81.31432,46.57594],[-81.34211,46.58115],[-81.40463,46.61588],[-81.50187,46.65409],[-81.56613,46.70445],[-81.59565,46.75307],[-81.63038,46.86769],[-81.65296,47.08302],[-81.69116,47.12644],[-81.72416,47.25321],[-81.76063,47.33136],[-81.80404,47.3713],[-81.84051,47.41471],[-81.84051,47.49633],[-81.85614,47.55364],[-81.84746,47.59185],[-81.82141,47.64395],[-81.72242,47.72383],[-81.66685,47.73598],[-81.6217,47.76551],[-81.58871,47.76898],[-81.57655,47.78114],[-81.57655,47.80024],[-81.6026,47.9027],[-81.60781,47.94785],[-81.58697,48.09546],[-81.57828,48.39068]]}},{"type":"Feature","properties":{"type":"Secondary Highway","name":"17","label":null,"length_km":196,"expressway":0},"geometry":{"type":"LineString","coordinates":[[-84.78056,47.97737],[-84.81182,47.92006],[-84.8726,47.87839],[-84.88997,47.84539],[-84.89865,47.81587],[-84.89518,47.7985],[-84.88476,47.78635],[-84.82398,47.75682],[-84.80661,47.71862],[-84.80314,47.6752],[-84.81877,47.5519],[-84.81009,47.50502],[-84.79446,47.48418],[-84.72847,47.42687],[-84.67463,47.36956],[-84.61559,47.34004],[-84.59128,47.32094],[-84.57565,47.30357],[-84.5687,47.281],[-84.57391,47.25842],[-84.58607,47.24453],[-84.6399,47.23063],[-84.65727,47.21848],[-84.67463,47.15249],[-84.69374,47.13686],[-84.75278,47.05871],[-84.77015,47.01877],[-84.77188,46.99793],[-84.76146,46.98057],[-84.75104,46.97536],[-84.63643,46.9632],[-84.53223,46.92847],[-84.44193,46.93021],[-84.41241,46.92673],[-84.35857,46.88679],[-84.35163,46.87811],[-84.35336,46.86421],[-84.3933,46.82427],[-84.39678,46.80517],[-84.38983,46.7878],[-84.35857,46.74439],[-84.34815,46.67666],[-84.3221,46.64714],[-84.30995,46.62456],[-84.30127,46.58462],[-84.29953,46.52211]]}},{"type":"Feature","properties":{"type":"Secondary Highway","name":"11","label":null,"length_km":77,"expressway":0},"geometry":{"type":"LineString","coordinates":[[-80.18206,48.0833],[-80.1317,48.05899],[-80.06918,48.01037],[-79.99104,47.94264],[-79.93373,47.87144],[-79.89726,47.83671],[-79.8851,47.82802],[-79.83474,47.8124],[-79.82606,47.79329],[-79.82953,47.73078],[-79.81564,47.72383],[-79.78265,47.69431],[-79.67498,47.64047],[-79.67324,47.5328]]}},{"type":"Feature","properties":{"type":"Secondary Highway","name":"17","label":null,"length_km":66,"expressway":0},"geometry":{"type":"LineString","coordinates":[[-85.85031,48.705],[-85.76695,48.71716],[-85.64018,48.71716],[-85.5273,48.70327],[-85.49778,48.69111],[-85.45089,48.64422],[-85.43179,48.63207],[-85.41616,48.62686],[-85.35191,48.62686],[-85.31717,48.59734],[-85.2755,48.57823]]}},{"type":"Feature","properties":{"type":"Secondary Highway","name":"17","label":null,"length_km":99,"expressway":0},"geometry":{"type":"LineString","coordinates":[[-91.64185,49.41701],[-91.68005,49.43264],[-91.73215,49.44653],[-91.89887,49.4639],[-92.01175,49.49342],[-92.06732,49.51599],[-92.15588,49.5351],[-92.24098,49.56809],[-92.3087,49.57677],[-92.39032,49.59935],[-92.4511,49.63755],[-92.46673,49.65319],[-92.48931,49.68618],[-92.49973,49.69313]]}},{"type":"Feature","properties":{"type":"Secondary Highway","name":"17","label":null,"length_km":217,"expressway":0},"geometry":{"type":"LineString","coordinates":[[-91.64185,49.41701],[-91.54113,49.35102],[-91.34142,49.2885],[-91.13303,49.2503],[-91.02189,49.24856],[-90.96979,49.23467],[-90.90727,49.22772],[-90.88643,49.21383],[-90.83954,49.16868],[-90.73708,49.127],[-90.70409,49.09574],[-90.67978,49.06101],[-90.65894,49.04885],[-90.59295,49.04017],[-90.49049,49.0419],[-90.46444,49.03496],[-90.40366,48.99675],[-90.35677,48.97765],[-90.30294,48.96028],[-90.13449,48.92903],[-90.02682,48.89082],[-89.9834,48.86651],[-89.90873,48.8092],[-89.88789,48.78489],[-89.88268,48.75016],[-89.89484,48.67027],[-89.89657,48.61123]]}},{"type":"Feature","properties":{"type":"Secondary Highway","name":"17","label":null,"length_km":100,"expressway":0},"geometry":{"type":"LineString","coordinates":[[-92.49379,49.69718],[-92.60392,49.70355],[-92.6074,49.72265],[-92.62129,49.74001],[-92.66644,49.76085],[-92.71333,49.79211],[-92.73938,49.79906],[-92.85226,49.81643],[-92.96166,49.80774],[-93.07454,49.81469],[-93.21868,49.81469],[-93.28119,49.82684],[-93.34545,49.8581],[-93.36803,49.85984]]}},{"type":"Feature","properties":{"type":"Secondary Highway","name":"1","label":null,"length_km":100,"expressway":0},"geometry":{"type":"LineString","coordinates":[[-93.37497,49.86679],[-93.41144,49.86158],[-93.47396,49.83032],[-93.50869,49.82337],[-93.60073,49.83726],[-93.67367,49.83553],[-93.8508,49.84768],[-93.90811,49.84421],[-94.03488,49.79732],[-94.14255,49.77475],[-94.2068,49.7678],[-94.22243,49.75912],[-94.2398,49.73481],[-94.25195,49.72438]]}},{"type":"Feature","properties":{"type":"Secondary Highway","name":"1","label":null,"length_km":156,"expressway":0},"geometry":{"type":"LineString","coordinates":[[-95.22792,49.74696],[-95.24876,49.72612],[-95.27481,49.71223],[-95.37032,49.67923],[-95.43284,49.6445],[-95.47799,49.63582],[-95.61344,49.63582],[-95.67249,49.64971],[-95.70201,49.65145],[-96.07711,49.64276],[-96.32024,49.65839],[-96.43832,49.65319],[-96.5512,49.67402],[-96.61719,49.67923]]}},{"type":"Feature","properties":{"type":"Secondary Highway","name":"11","label":null,"length_km":179,"expressway":0},"geometry":{"type":"LineString","coordinates":[[-97.08781,49.89805],[-97.03571,49.95362],[-96.96972,50.01613],[-96.83774,50.11512],[-96.82385,50.13596],[-96.81864,50.18111],[-96.80822,50.20021],[-96.5512,50.40687],[-96.54078,50.42597],[-96.53384,50.44855],[-96.52863,50.61178],[-96.51473,50.62568],[-96.48869,50.62915],[-96.41054,50.61178],[-96.32892,50.61873],[-96.30113,50.60831],[-96.25077,50.56837],[-96.18131,50.54927],[-96.16221,50.54059],[-96.08927,50.48154],[-96.02675,50.45376],[-96.01112,50.43812],[-96.00765,50.41902],[-96.01981,50.32004],[-96.0337,50.29572],[-96.07017,50.26273],[-96.08232,50.24536],[-96.08753,50.228],[-96.08927,50.20195],[-96.06496,50.12206],[-96.05123,50.06027]]}},{"type":"Feature","properties":{"type":"Secondary Highway","name":null,"label":null,"length_km":198,"expressway":0},"geometry":{"type":"LineString","coordinates":[[-91.79988,51.71279],[-91.78078,51.65027],[-91.78425,51.54086],[-91.76862,51.50787],[-91.74257,51.48529],[-91.69568,51.46793],[-91.60886,51.45577],[-91.56718,51.44014],[-91.50292,51.40888],[-91.39004,51.34636],[-91.32926,51.30469],[-91.24591,51.28558],[-90.95242,51.2057],[-90.83954,51.21265],[-90.79439,51.2248],[-90.73014,51.2578],[-90.67804,51.30295],[-90.63462,51.32726],[-90.5339,51.36894],[-90.43492,51.39325],[-90.37066,51.44535],[-90.33072,51.46793],[-90.28036,51.47661],[-90.21437,51.47314],[-90.18311,51.47661]]}},{"type":"Feature","properties":{"type":"Secondary Highway","name":null,"label":null,"length_km":274,"expressway":0},"geometry":{"type":"LineString","coordinates":[[-90.18311,51.47661],[-90.14143,51.49745],[-90.10323,51.53218],[-90.04418,51.57386],[-89.99903,51.61901],[-89.97646,51.63464],[-89.87052,51.66242],[-89.75764,51.72841],[-89.62566,51.77183],[-89.61003,51.79267],[-89.61351,51.84998],[-89.6083,51.86213],[-89.59788,51.87255],[-89.57009,51.88124],[-89.51278,51.8795],[-89.49195,51.88297],[-89.46416,51.90034],[-89.41206,51.94375],[-89.38254,51.95938],[-89.25056,51.98196],[-89.13074,51.96807],[-89.0248,51.9889],[-88.92582,52.03058],[-88.89803,52.09484],[-88.84767,52.11568],[-88.73479,52.11568],[-88.64275,52.10873],[-88.56634,52.10873],[-88.38226,52.1643],[-88.25896,52.18167],[-88.24507,52.18861],[-88.22423,52.2164],[-88.2086,52.22161],[-88.18429,52.21987],[-88.12177,52.19903],[-88.06968,52.19035],[-87.93596,52.18688],[-87.85955,52.20077]]}},{"type":"Feature","properties":{"type":"Secondary Highway","name":null,"label":null,"length_km":252,"expressway":0},"geometry":{"type":"LineString","coordinates":[[-90.16053,51.49397],[-90.18137,51.42972],[-90.22479,51.34116],[-90.23695,51.27343],[-90.23695,51.23175],[-90.23,51.19181],[-90.19179,51.1345],[-90.18832,51.11192],[-90.2109,51.09456],[-90.33246,51.0442],[-90.37935,51.01294],[-90.39324,50.9921],[-90.39671,50.97473],[-90.45576,50.92437],[-90.48528,50.88964],[-90.49396,50.8688],[-90.50091,50.83233],[-90.49223,50.79413],[-90.4957,50.77502],[-90.56516,50.7073],[-90.59121,50.65346],[-90.60684,50.57532],[-90.59642,50.49891],[-90.60684,50.44333],[-90.69193,50.33914],[-90.7093,50.29051],[-90.70756,50.25405],[-90.72319,50.21932],[-90.76834,50.18632],[-90.82044,50.10296],[-90.84475,50.07518],[-90.86907,50.06476],[-90.94895,50.05607],[-91.00973,50.03176],[-91.04273,50.00571],[-91.09482,49.9432],[-91.16081,49.89283],[-91.17992,49.86679],[-91.1886,49.84595],[-91.18513,49.77475],[-91.1886,49.75217],[-91.20249,49.72786],[-91.23028,49.69834],[-91.26327,49.67402],[-91.331,49.63755],[-91.39004,49.57677],[-91.45256,49.52815],[-91.60017,49.44827],[-91.64185,49.41527]]}},{"type":"Feature","properties":{"type":"Secondary Highway","name":"105","label":null,"length_km":151,"expressway":0},"geometry":{"type":"LineString","coordinates":[[-93.78133,51.00078],[-93.78307,50.97126],[-93.77439,50.94347],[-93.75529,50.91569],[-93.7275,50.89659],[-93.68756,50.88964],[-93.6233,50.90006],[-93.59378,50.90006],[-93.52084,50.87922],[-93.42881,50.83928],[-93.42186,50.82191],[-93.43402,50.80281],[-93.43575,50.78023],[-93.4236,50.75419],[-93.39928,50.73682],[-93.33329,50.70382],[-93.27772,50.6552],[-93.21868,50.63262],[-93.1961,50.617],[-93.177,50.58574],[-93.14921,50.49717],[-93.10406,50.42944],[-93.10059,50.40166],[-93.11101,50.37561],[-93.13706,50.34088],[-93.17526,50.31135],[-93.19089,50.29399],[-93.20826,50.25578],[-93.2152,50.23668],[-93.21,50.17937],[-93.21868,50.17069],[-93.23778,50.16374],[-93.2673,50.13249],[-93.28119,50.05607],[-93.31593,50.02308],[-93.3385,49.98835],[-93.3524,49.9432],[-93.35761,49.87547],[-93.36803,49.85289]]}},{"type":"Feature","properties":{"type":"Secondary Highway","name":null,"label":null,"length_km":315,"expressway":0},"geometry":{"type":"LineString","coordinates":[[-93.78133,51.00078],[-93.75355,51.0633],[-93.70492,51.12755],[-93.62678,51.19875],[-93.57642,51.22654],[-93.58336,51.27516],[-93.69624,51.37415],[-93.72924,51.43146],[-93.75181,51.46098],[-93.77786,51.47835],[-93.83691,51.50266],[-93.86122,51.52002],[-93.86469,51.53913],[-93.85774,51.56518],[-93.80044,51.64679],[-93.77265,51.67805],[-93.69798,51.7041],[-93.64588,51.75446],[-93.62504,51.76836],[-93.48785,51.81351],[-93.43922,51.84303],[-93.42186,51.86734],[-93.40276,51.91076],[-93.39234,51.95938],[-93.39928,51.98022],[-93.44617,52.06011],[-93.4809,52.10178],[-93.48264,52.11047],[-93.4236,52.14867],[-93.30898,52.26329],[-93.21868,52.3258],[-93.18916,52.34143],[-93.10754,52.36401],[-93.07975,52.37964],[-93.04849,52.41437],[-93.04328,52.44042],[-93.05023,52.46299],[-93.06759,52.48557],[-93.09017,52.5012],[-93.13185,52.51857],[-93.25862,52.53941],[-93.50695,52.59498],[-93.59205,52.6106],[-93.76744,52.60366],[-93.95847,52.61755],[-94.03661,52.61755]]}},{"type":"Feature","properties":{"type":"Secondary Highway","name":"5","label":null,"length_km":319,"expressway":0},"geometry":{"type":"LineString","coordinates":[[-114.81844,60.73439],[-114.71077,60.69098],[-114.59268,60.66493],[-114.54232,60.64409],[-114.46244,60.59026],[-114.33046,60.46869],[-114.28183,60.4357],[-114.24363,60.39229],[-114.21237,60.36797],[-114.08212,60.30719],[-113.99008,60.27072],[-113.9293,60.25509],[-113.83205,60.21863],[-113.59414,60.15263],[-113.45521,60.14222],[-113.40312,60.13006],[-113.17388,60.03628],[-113.12179,60.0276],[-112.94813,60.01892],[-112.74842,60.04497],[-112.72932,60.03628],[-112.70327,60.01023],[-112.68243,59.99634],[-112.64075,59.98592],[-112.49835,59.98592],[-112.42715,60.01544],[-112.38895,60.02239],[-112.30038,60.01371],[-112.1684,60.02065],[-112.10935,60.01023],[-112.00516,60.00155]]}},{"type":"Feature","properties":{"type":"Secondary Highway","name":"5","label":null,"length_km":74,"expressway":0},"geometry":{"type":"LineString","coordinates":[[-120.18278,51.48877],[-120.20883,51.42278],[-120.2123,51.3811],[-120.18973,51.31337],[-120.18452,51.27343],[-120.16541,51.21786],[-120.15326,51.20223],[-120.11679,51.17444],[-120.11158,51.15881],[-120.11158,51.13797],[-120.11679,51.12061],[-120.12721,51.10498],[-120.18452,51.07893],[-120.20536,51.05635],[-120.20883,51.02336],[-120.19841,50.99036],[-120.20883,50.96431],[-120.31302,50.76461],[-120.32692,50.72119],[-120.30955,50.68125]]}},{"type":"Feature","properties":{"type":"Secondary Highway","name":"1","label":null,"length_km":68,"expressway":0},"geometry":{"type":"LineString","coordinates":[[-118.13881,50.9921],[-118.21696,51.00426],[-118.31942,50.98689],[-118.33157,50.973],[-118.42187,50.94],[-118.45834,50.91569],[-118.48092,50.92263],[-118.5087,50.96779],[-118.55385,50.98342],[-118.67194,51.00078],[-118.69626,50.99557],[-118.72057,50.97994]]}},{"type":"Feature","properties":{"type":"Secondary Highway","name":"1","label":null,"length_km":150,"expressway":0},"geometry":{"type":"LineString","coordinates":[[-118.72404,50.97473],[-118.76572,50.95389],[-118.79003,50.91222],[-118.83171,50.89832],[-118.90291,50.88269],[-118.94633,50.85665],[-118.98627,50.84101],[-119.03663,50.81149],[-119.1443,50.7785],[-119.23286,50.71772],[-119.28323,50.69688],[-119.31101,50.70035],[-119.33706,50.72987],[-119.34748,50.75071],[-119.33359,50.8306],[-119.36658,50.85838],[-119.40131,50.87054],[-119.45515,50.87922],[-119.48641,50.8879],[-119.53156,50.87748],[-119.58539,50.85838],[-119.58886,50.84449],[-119.64617,50.82712],[-119.69132,50.80628],[-119.73127,50.74377],[-119.79031,50.6934],[-119.8181,50.68646],[-119.89103,50.6361],[-119.91187,50.63262]]}},{"type":"Feature","properties":{"type":"Secondary Highway","name":"1","label":null,"length_km":100,"expressway":0},"geometry":{"type":"LineString","coordinates":[[-116.18688,51.44014],[-116.27197,51.45403],[-116.35185,51.44361],[-116.45605,51.41583],[-116.54809,51.3481],[-116.57587,51.31684],[-116.58977,51.2769],[-116.5724,51.2248],[-116.5724,51.21091],[-116.61582,51.21612],[-116.68702,51.24738],[-116.71828,51.2769],[-116.74432,51.28558],[-116.78253,51.2769],[-116.8381,51.296],[-116.97529,51.32205]]}},{"type":"Feature","properties":{"type":"Secondary Highway","name":"1","label":null,"length_km":37,"expressway":0},"geometry":{"type":"LineString","coordinates":[[-114.01092,51.09456],[-113.88763,51.07198],[-113.78169,51.03725],[-113.68097,51.03551]]}},{"type":"Feature","properties":{"type":"Secondary Highway","name":"1","label":null,"length_km":195,"expressway":0},"geometry":{"type":"LineString","coordinates":[[-113.68097,51.03551],[-113.57157,51.03551],[-113.54725,51.04767],[-113.51426,51.04941],[-113.44479,51.04246],[-113.25203,51.03551],[-113.13915,51.01989],[-113.09921,51.00599],[-113.08358,50.98168],[-113.05927,50.90701],[-113.03496,50.87748],[-113.01412,50.86359],[-112.84914,50.86185],[-112.83525,50.85665],[-112.8092,50.83407],[-112.78663,50.82712],[-112.56087,50.83754],[-112.47925,50.83233],[-112.46188,50.82365],[-112.45146,50.79586],[-112.44104,50.78371],[-112.36637,50.7455],[-112.33511,50.73508],[-112.28128,50.72814],[-112.17187,50.67778],[-112.06594,50.64131],[-112.00516,50.62568]]}},{"type":"Feature","properties":{"type":"Secondary Highway","name":"16A","label":null,"length_km":16,"expressway":0},"geometry":{"type":"LineString","coordinates":[[-100.07475,49.16173],[-100.05739,49.02454],[-100.05739,48.94292]]}},{"type":"Feature","properties":{"type":"Secondary Highway","name":"16A","label":null,"length_km":36,"expressway":0},"geometry":{"type":"LineString","coordinates":[[-99.95667,49.56809],[-99.96708,49.54899],[-100.00529,49.5212],[-100.02092,49.49168],[-100.02787,49.43264],[-100.02266,49.27113],[-100.03134,49.26245],[-100.05218,49.25898],[-100.06086,49.24682],[-100.06781,49.2173],[-100.06954,49.16868]]}},{"type":"Feature","properties":{"type":"Secondary Highway","name":"3","label":null,"length_km":153,"expressway":0},"geometry":{"type":"LineString","coordinates":[[-100.06954,49.16868],[-100.1529,49.16694],[-100.31788,49.17909],[-100.47243,49.17909],[-100.49154,49.1843],[-100.50543,49.19299],[-100.51064,49.20167],[-100.51238,49.22772],[-100.528,49.23814],[-100.57316,49.23814],[-100.72598,49.26766],[-100.92916,49.27461],[-100.95173,49.27287],[-100.97605,49.26592],[-101.05072,49.21383],[-101.06635,49.19299],[-101.06635,49.16347],[-101.29905,49.17388],[-101.39283,49.18604]]}},{"type":"Feature","properties":{"type":"Secondary Highway","name":"16","label":null,"length_km":158,"expressway":0},"geometry":{"type":"LineString","coordinates":[[-101.28863,50.61873],[-101.27648,50.61005],[-101.2348,50.59442],[-101.19312,50.54753],[-101.16012,50.52669],[-101.11845,50.52148],[-101.03162,50.53016],[-100.99168,50.52843],[-100.94479,50.51801],[-100.79197,50.47112],[-100.59747,50.45028],[-100.40471,50.41555],[-100.03481,50.31483],[-99.96708,50.29051],[-99.90457,50.25578]]}},{"type":"Feature","properties":{"type":"Secondary Highway","name":"1","label":null,"length_km":165,"expressway":0},"geometry":{"type":"LineString","coordinates":[[-99.91499,49.88936],[-99.95667,49.88762],[-100.01744,49.8772],[-100.09038,49.87894],[-100.21021,49.84247],[-100.31614,49.839],[-100.33524,49.83379],[-100.3665,49.81121],[-100.39776,49.8008],[-100.50717,49.77996],[-100.69993,49.77301],[-100.75203,49.77475],[-100.79023,49.78169],[-100.82496,49.79559],[-100.96215,49.8772],[-101.14623,49.94667],[-101.28342,50.00919],[-101.32336,50.01787],[-101.36852,50.03524]]}},{"type":"Feature","properties":{"type":"Secondary Highway","name":"9","label":null,"length_km":59,"expressway":0},"geometry":{"type":"LineString","coordinates":[[-102.25765,49.64103],[-102.27675,49.6775],[-102.30454,49.77127],[-102.30107,49.78169],[-102.28023,49.80253],[-102.27328,49.83032],[-102.28544,49.91541],[-102.28544,49.98661],[-102.30801,50.0335],[-102.30975,50.13596],[-102.30628,50.17416],[-102.27502,50.18111],[-102.25939,50.20021],[-102.25592,50.22452],[-102.25765,50.29225],[-102.24723,50.32351],[-102.24376,50.34782]]}},{"type":"Feature","properties":{"type":"Secondary Highway","name":"9","label":null,"length_km":31,"expressway":0},"geometry":{"type":"LineString","coordinates":[[-102.28023,49.22946],[-102.27502,49.48994],[-102.25765,49.56288],[-102.25765,49.58893],[-102.24376,49.61151],[-102.24723,49.62714],[-102.25765,49.64103]]}},{"type":"Feature","properties":{"type":"Secondary Highway","name":"18","label":null,"length_km":100,"expressway":0},"geometry":{"type":"LineString","coordinates":[[-101.39283,49.18604],[-101.46577,49.19299],[-101.58038,49.19125],[-101.63248,49.18257],[-101.75925,49.18778],[-101.87213,49.1982],[-102.13435,49.23293],[-102.28544,49.24161]]}},{"type":"Feature","properties":{"type":"Secondary Highway","name":"52","label":null,"length_km":121,"expressway":0},"geometry":{"type":"LineString","coordinates":[[-103.85358,49.65839],[-103.82753,49.63582],[-103.77891,49.6063],[-103.59483,49.52468],[-103.30829,49.33192],[-103.20583,49.27287],[-103.08774,49.21556],[-103.01828,49.15999],[-102.97487,49.1461],[-102.96271,49.13394],[-102.83246,49.13047]]}},{"type":"Feature","properties":{"type":"Secondary Highway","name":"52","label":null,"length_km":92,"expressway":0},"geometry":{"type":"LineString","coordinates":[[-104.60379,50.01613],[-104.3572,49.89805],[-104.06024,49.76433],[-103.95431,49.71223],[-103.87095,49.6636],[-103.84316,49.65492],[-103.81711,49.65145]]}},{"type":"Feature","properties":{"type":"Secondary Highway","name":"16","label":null,"length_km":226,"expressway":0},"geometry":{"type":"LineString","coordinates":[[-104.5569,51.78399],[-104.67673,51.7892],[-104.81739,51.80656],[-105.33142,51.8986],[-105.4964,51.93333],[-105.64401,51.95244],[-105.79683,51.96459],[-105.87672,51.98022],[-106.08511,51.99585],[-106.25529,51.99932],[-106.34386,52.00801],[-106.36643,52.01148],[-106.57483,52.0931]]}},{"type":"Feature","properties":{"type":"Secondary Highway","name":"16","label":null,"length_km":107,"expressway":0},"geometry":{"type":"LineString","coordinates":[[-101.51786,50.7785],[-101.53349,50.78718],[-101.61859,50.80802],[-101.72973,50.85838],[-101.76967,50.86706],[-101.78877,50.86706],[-101.80267,50.87575],[-101.88428,50.90353],[-101.99195,50.92437],[-102.0319,50.93827],[-102.07357,50.96431],[-102.17082,51.04246],[-102.24897,51.08067],[-102.30454,51.11887],[-102.38616,51.16055],[-102.43131,51.19528]]}},{"type":"Feature","properties":{"type":"Secondary Highway","name":"1","label":null,"length_km":101,"expressway":0},"geometry":{"type":"LineString","coordinates":[[-101.36852,50.03524],[-101.41019,50.03871],[-101.46403,50.05781],[-101.53697,50.09775],[-101.63074,50.13075],[-101.77141,50.21063],[-101.93986,50.26968],[-101.9659,50.28531],[-102.02321,50.29225],[-102.14477,50.33219],[-102.25071,50.3374]]}},{"type":"Feature","properties":{"type":"Secondary Highway","name":"13","label":null,"length_km":194,"expressway":0},"geometry":{"type":"LineString","coordinates":[[-106.00522,49.64276],[-106.33865,49.66187],[-106.41506,49.68271],[-106.5071,49.68965],[-106.60608,49.69139],[-106.64603,49.70528],[-106.66687,49.70702],[-106.76585,49.69313],[-106.87178,49.69834],[-106.9343,49.68097],[-107.02634,49.67402],[-107.06455,49.67923],[-107.14269,49.70181],[-107.19653,49.71049],[-107.74182,49.73133]]}},{"type":"Feature","properties":{"type":"Secondary Highway","name":"29","label":null,"length_km":86,"expressway":0},"geometry":{"type":"LineString","coordinates":[[-121.58942,55.68785],[-121.57379,55.64617],[-121.57032,55.62186],[-121.58074,55.59755],[-121.61721,55.54719],[-121.62589,55.50724],[-121.62068,55.48293],[-121.59984,55.44994],[-121.55295,55.41694],[-121.47307,55.39089],[-121.42965,55.37179],[-121.40882,55.35616],[-121.38971,55.33011],[-121.38798,55.29885],[-121.37582,55.27107],[-121.36193,55.2537],[-121.34977,55.24676],[-121.12228,55.15993],[-121.04413,55.14256]]}},{"type":"Feature","properties":{"type":"Secondary Highway","name":"43","label":null,"length_km":134,"expressway":0},"geometry":{"type":"LineString","coordinates":[[-118.82303,55.17034],[-119.22244,55.16166],[-119.28323,55.16514],[-119.32838,55.17382],[-119.35616,55.18424],[-119.38568,55.20334],[-119.52809,55.32317],[-119.59234,55.37179],[-119.69132,55.41],[-119.91361,55.47772],[-119.9987,55.48814]]}},{"type":"Feature","properties":{"type":"Secondary Highway","name":null,"label":null,"length_km":89,"expressway":0},"geometry":{"type":"LineString","coordinates":[[-119.9987,56.30434],[-120.0699,56.32171],[-120.19667,56.33386],[-120.35818,56.32692],[-120.54747,56.32344],[-120.57178,56.31823],[-120.62561,56.29045],[-120.74196,56.25051],[-120.7958,56.24182]]}},{"type":"Feature","properties":{"type":"Secondary Highway","name":"97","label":null,"length_km":68,"expressway":0},"geometry":{"type":"LineString","coordinates":[[-120.73502,56.25051],[-120.72113,56.22098],[-120.66382,56.13242],[-120.65513,56.1029],[-120.64472,56.0178],[-120.62561,55.98828],[-120.55441,55.93445],[-120.22967,55.75905]]}},{"type":"Feature","properties":{"type":"Secondary Highway","name":null,"label":null,"length_km":32,"expressway":0},"geometry":{"type":"LineString","coordinates":[[-119.9987,55.48814],[-120.01607,55.48988],[-120.03691,55.50724],[-120.10116,55.60449],[-120.11332,55.64617],[-120.11332,55.71564],[-120.13937,55.75558],[-120.19841,55.76947]]}},{"type":"Feature","properties":{"type":"Secondary Highway","name":null,"label":null,"length_km":59,"expressway":0},"geometry":{"type":"LineString","coordinates":[[-118.65979,55.86325],[-118.67542,55.8233],[-118.67889,55.73995],[-118.69626,55.67743],[-118.70147,55.63228],[-118.69105,55.58018],[-118.65458,55.50203],[-118.65458,55.45688],[-118.68236,55.41521],[-118.70147,55.39958],[-118.76051,55.36832],[-118.78308,55.34053],[-118.79524,55.29191],[-118.7935,55.18597],[-118.80393,55.17034],[-118.82476,55.17034]]}},{"type":"Feature","properties":{"type":"Secondary Highway","name":"88","label":null,"length_km":245,"expressway":0},"geometry":{"type":"LineString","coordinates":[[-117.16111,58.4994],[-117.24446,58.50461],[-117.3365,58.53587],[-117.41291,58.54976],[-117.51363,58.54455],[-117.66993,58.56018],[-117.93563,58.56712],[-118.03461,58.58102],[-118.10929,58.58449],[-118.23953,58.60533],[-118.30205,58.60359],[-118.4514,58.58449],[-118.55733,58.59144],[-118.65979,58.60533],[-118.78656,58.60186],[-119.05573,58.56539],[-119.08525,58.55671],[-119.15298,58.51676],[-119.1825,58.50808],[-119.29191,58.49245],[-119.35095,58.48898]]}},{"type":"Feature","properties":{"type":"Secondary Highway","name":"35","label":null,"length_km":198,"expressway":0},"geometry":{"type":"LineString","coordinates":[[-117.1229,58.52024],[-117.15069,58.50634],[-117.18021,58.4855],[-117.20278,58.45945],[-117.22015,58.43341],[-117.2271,58.39173],[-117.22362,58.24759],[-117.23057,58.23196],[-117.28788,58.1625],[-117.29135,58.13819],[-117.28614,58.09477],[-117.29309,58.07567],[-117.30872,58.06177],[-117.37123,58.02878],[-117.43896,57.97668],[-117.56747,57.93674],[-117.59525,57.91938],[-117.60567,57.90027],[-117.60741,57.84644],[-117.60046,57.79087],[-117.61957,57.7214],[-117.61609,57.69362],[-117.59699,57.67104],[-117.49106,57.60505],[-117.47543,57.579],[-117.47196,57.54601],[-117.47369,57.51649],[-117.48411,57.48696],[-117.54142,57.40708],[-117.55705,57.3654],[-117.55879,57.32372],[-117.53968,57.18827],[-117.54489,57.11359],[-117.55879,57.08407],[-117.6022,57.05629],[-117.61957,57.03545],[-117.63867,56.99377],[-117.64909,56.9382],[-117.64909,56.81316],[-117.63346,56.67945],[-117.64214,56.65861],[-117.64041,56.6343],[-117.64909,56.59262],[-117.67514,56.54399],[-117.68556,56.44848],[-117.67167,56.39638],[-117.65083,56.34255],[-117.63693,56.30955],[-117.61783,56.28177]]}},{"type":"Feature","properties":{"type":"Secondary Highway","name":"35","label":null,"length_km":181,"expressway":0},"geometry":{"type":"LineString","coordinates":[[-116.97008,60.02239],[-117.00481,59.9946],[-117.02565,59.9564],[-117.03781,59.9043],[-117.04128,59.84179],[-117.04823,59.81747],[-117.08643,59.77406],[-117.11943,59.70112],[-117.17153,59.6386],[-117.18889,59.60908],[-117.1941,59.57956],[-117.1941,59.49794],[-117.20626,59.46494],[-117.23578,59.43542],[-117.30351,59.38506],[-117.37123,59.31907],[-117.48585,59.23919],[-117.49453,59.22182],[-117.51537,59.21661],[-117.55531,59.19056],[-117.62825,59.16799],[-117.65777,59.15236],[-117.68729,59.11762],[-117.69598,59.09505],[-117.69598,59.069],[-117.68382,59.03427],[-117.66472,59.00301],[-117.64388,58.98043],[-117.61262,58.96307],[-117.50321,58.9266],[-117.47022,58.90923],[-117.44938,58.88839],[-117.42507,58.81719],[-117.40076,58.78767],[-117.35734,58.7651],[-117.25488,58.73557],[-117.19931,58.69737],[-117.15416,58.64006],[-117.12811,58.59665],[-117.12117,58.56886],[-117.1229,58.52024]]}},{"type":"Feature","properties":{"type":"Secondary Highway","name":"1","label":null,"length_km":157,"expressway":0},"geometry":{"type":"LineString","coordinates":[[-117.52753,61.06956],[-117.31566,61.00878],[-117.15937,60.95147],[-117.06559,60.93758],[-116.89541,60.92889],[-116.84331,60.91674],[-116.74953,60.87853],[-116.69743,60.86637],[-116.60366,60.82643],[-116.57414,60.80212],[-116.52551,60.74481],[-116.49599,60.7205],[-116.45605,60.69793],[-116.4109,60.68056],[-116.34143,60.63367],[-116.27371,60.60589],[-116.1834,60.59547],[-116.16256,60.58505],[-116.15215,60.56942]]}},{"type":"Feature","properties":{"type":"Secondary Highway","name":"1","label":null,"length_km":97,"expressway":0},"geometry":{"type":"LineString","coordinates":[[-116.15041,60.56942],[-116.15909,60.54858],[-116.17472,60.53469],[-116.25113,60.5069],[-116.30323,60.47391],[-116.3397,60.43744],[-116.38658,60.37839],[-116.41611,60.35234],[-116.44563,60.33671],[-116.52899,60.3124],[-116.56545,60.28983],[-116.65576,60.20821],[-116.73043,60.12832],[-116.76864,60.09706],[-116.85894,60.04497],[-116.8902,60.03628],[-116.93882,60.03628],[-116.97008,60.02239]]}},{"type":"Feature","properties":{"type":"Secondary Highway","name":"5","label":null,"length_km":116,"expressway":0},"geometry":{"type":"LineString","coordinates":[[-114.81844,60.73439],[-114.87401,60.72745],[-114.9209,60.70835],[-114.97473,60.70314],[-115.03204,60.70487],[-115.15881,60.72918],[-115.30295,60.72918],[-115.42799,60.73787],[-115.53739,60.73266],[-115.78399,60.75002],[-115.85719,60.76126]]}},{"type":"Feature","properties":{"type":"Secondary Highway","name":"3","label":null,"length_km":453,"expressway":0},"geometry":{"type":"LineString","coordinates":[[-114.36866,62.46925],[-114.44507,62.46578],[-114.54232,62.45536],[-114.60484,62.46057],[-114.79066,62.50572],[-114.89832,62.51788],[-115.07198,62.56129],[-115.23696,62.61513],[-115.31163,62.66028],[-115.45577,62.69501],[-115.5808,62.72106],[-115.82567,62.75926],[-115.88818,62.77837],[-115.8986,62.79052],[-115.93507,62.80094],[-115.97849,62.80615],[-116.01148,62.80268],[-116.04448,62.7801],[-116.08963,62.73148],[-116.17646,62.69501],[-116.29802,62.63076],[-116.31539,62.6186],[-116.35706,62.57518],[-116.41958,62.55261],[-116.45952,62.52135],[-116.50467,62.47099],[-116.50641,62.44147],[-116.50294,62.40847],[-116.48036,62.36158],[-116.36575,62.25044],[-116.25981,62.17577],[-116.24418,62.14972],[-116.24418,62.12367],[-116.28413,62.11672],[-116.31365,62.10457],[-116.32233,62.08546],[-116.32754,62.03684],[-116.33796,62.01774],[-116.36575,62.00211],[-116.41437,61.99169],[-116.43695,61.98127],[-116.44737,61.97085],[-116.463,61.93959],[-116.48557,61.91181],[-116.73043,61.81629],[-116.78079,61.77635],[-116.819,61.73815],[-116.8572,61.71036],[-116.92493,61.68778],[-117.06038,61.66347],[-117.10206,61.64437],[-117.13332,61.62006],[-117.16979,61.56622],[-117.29309,61.50544],[-117.32087,61.47592],[-117.36255,61.45334],[-117.42854,61.40298],[-117.4928,61.36999],[-117.53621,61.3422],[-117.56226,61.31268],[-117.56921,61.29184],[-117.564,61.27795],[-117.53274,61.25537],[-117.51884,61.22932],[-117.52058,61.1998],[-117.53621,61.15812],[-117.53621,61.13034],[-117.52753,61.10255],[-117.52753,61.06956]]}},{"type":"Feature","properties":{"type":"Secondary Highway","name":"6","label":null,"length_km":142,"expressway":0},"geometry":{"type":"LineString","coordinates":[[-113.65839,61.20327],[-113.62887,61.15465],[-113.62366,61.13034],[-113.62887,61.1095],[-113.64798,61.08519],[-113.68618,61.05393],[-113.74175,61.02267],[-113.8911,60.97925],[-113.96404,60.9532],[-114.0665,60.94279],[-114.11686,60.93063],[-114.195,60.88027],[-114.23668,60.86117],[-114.33914,60.83859],[-114.57011,60.81254],[-114.68472,60.77781],[-114.76113,60.76044],[-114.81844,60.73439]]}},{"type":"Feature","properties":{"type":"Secondary Highway","name":null,"label":null,"length_km":77,"expressway":0},"geometry":{"type":"LineString","coordinates":[[-111.48071,59.51183],[-111.44945,59.56046],[-111.43903,59.58651],[-111.43729,59.61429],[-111.44424,59.63166],[-111.46508,59.65597],[-111.50502,59.67334],[-111.52412,59.68723],[-111.55712,59.74974],[-111.59358,59.78274],[-111.60748,59.814],[-111.64395,59.85394],[-111.69257,59.88867],[-111.80198,59.95119],[-111.85755,59.99287],[-111.89401,60.00503],[-111.93743,60.01023],[-111.98258,60.0085],[-112.00516,59.99981]]}},{"type":"Feature","properties":{"type":"Secondary Highway","name":null,"label":null,"length_km":263,"expressway":0},"geometry":{"type":"LineString","coordinates":[[-111.84713,59.97724],[-111.85581,59.96335],[-111.85928,59.90951],[-111.87839,59.87825],[-111.97043,59.814],[-112.09893,59.75496],[-112.22918,59.65423],[-112.25696,59.62645],[-112.26912,59.60561],[-112.27259,59.58129],[-112.27086,59.51878],[-112.27954,59.48752],[-112.32122,59.46668],[-112.35942,59.43368],[-112.40631,59.40937],[-112.43757,59.36769],[-112.50877,59.32428],[-112.51398,59.31386],[-112.51398,59.30344],[-112.44104,59.28086],[-112.41847,59.26697],[-112.4011,59.24613],[-112.38895,59.21487],[-112.38721,59.19751],[-112.39068,59.18535],[-112.40805,59.16451],[-112.40978,59.15236],[-112.40805,59.14194],[-112.39589,59.13325],[-112.37505,59.12804],[-112.2917,59.12804],[-112.14409,59.11415],[-111.97563,59.12457],[-111.93396,59.12284],[-111.90617,59.11762],[-111.8836,59.10547],[-111.86797,59.08637],[-111.86623,59.069],[-111.8697,59.04642],[-111.8836,59.03774],[-111.88707,59.02732],[-111.88186,59.01169],[-111.8697,59.00127],[-111.75509,58.98217],[-111.73598,58.97001],[-111.69431,58.93007],[-111.65263,58.9075],[-111.52933,58.89187],[-111.4043,58.85887],[-111.29663,58.80156],[-111.22543,58.80504],[-111.19069,58.79809],[-111.1577,58.77552],[-111.13512,58.72515]]}},{"type":"Feature","properties":{"type":"Secondary Highway","name":"280","label":null,"length_km":65,"expressway":0},"geometry":{"type":"LineString","coordinates":[[-94.95354,56.29913],[-94.92749,56.30087],[-94.71215,56.35297],[-94.64269,56.36339],[-94.62706,56.3686],[-94.62532,56.37554],[-94.5958,56.3547],[-94.5437,56.33386],[-94.50897,56.32865],[-94.47597,56.33386],[-94.44471,56.34602],[-94.41867,56.3686],[-94.39956,56.40333],[-94.39435,56.42417]]}},{"type":"Feature","properties":{"type":"Secondary Highway","name":"290","label":null,"length_km":33,"expressway":0},"geometry":{"type":"LineString","coordinates":[[-94.11823,56.54225],[-94.14949,56.51968],[-94.19985,56.45716],[-94.23111,56.43111],[-94.2589,56.42243],[-94.30058,56.41896],[-94.39435,56.42417]]}},{"type":"Feature","properties":{"type":"Secondary Highway","name":"280","label":null,"length_km":399,"expressway":0},"geometry":{"type":"LineString","coordinates":[[-94.39435,56.42417],[-94.48292,56.46237],[-94.52286,56.47279],[-94.64963,56.49363],[-94.78509,56.50579],[-94.88407,56.50579],[-94.98306,56.52315],[-95.13067,56.52489],[-95.28349,56.5492],[-95.33385,56.55094],[-95.38421,56.53357],[-95.47278,56.48842],[-95.50925,56.45542],[-95.54224,56.40854],[-95.56308,56.39812],[-95.735,56.3547],[-95.76105,56.36165],[-95.81489,56.40506],[-95.86525,56.40854],[-95.88088,56.39638],[-95.95034,56.38249],[-95.99549,56.34949],[-96.07885,56.30955],[-96.23167,56.27829],[-96.29766,56.25398],[-96.36365,56.24877],[-96.38449,56.23662],[-96.4227,56.20362],[-96.45569,56.18799],[-96.53731,56.17757],[-96.64324,56.14458],[-96.67797,56.14631],[-96.75786,56.16368],[-96.79259,56.16368],[-96.82559,56.15673],[-96.86726,56.1411],[-96.94715,56.09595],[-97.08434,56.06817],[-97.17811,56.02996],[-97.2771,56.02128],[-97.37609,55.98828],[-97.53933,55.94139],[-97.56364,55.93792],[-97.61052,55.94139],[-97.63657,55.93618],[-97.70604,55.90319],[-97.88491,55.82852],[-97.90575,55.81462]]}},{"type":"Feature","properties":{"type":"Secondary Highway","name":"6","label":null,"length_km":35,"expressway":0},"geometry":{"type":"LineString","coordinates":[[-98.81225,54.80219],[-98.86435,54.76919],[-98.89908,54.7223],[-98.91644,54.70841],[-98.96507,54.69799],[-99.02932,54.67542],[-99.11268,54.65979]]}},{"type":"Feature","properties":{"type":"Secondary Highway","name":"6","label":null,"length_km":126,"expressway":0},"geometry":{"type":"LineString","coordinates":[[-97.85482,55.73316],[-97.93179,55.69827],[-97.93353,55.65833],[-97.94916,55.62881],[-97.99779,55.56629],[-98.04294,55.52461],[-98.11414,55.4812],[-98.27043,55.40652],[-98.32253,55.36832],[-98.35726,55.3249],[-98.37289,55.25717],[-98.38331,55.23113],[-98.44235,55.1634],[-98.49272,55.0592],[-98.51355,55.02968],[-98.54308,55.00711],[-98.59865,54.98627],[-98.62296,54.97064],[-98.81225,54.80219]]}},{"type":"Feature","properties":{"type":"Secondary Highway","name":"9","label":null,"length_km":232,"expressway":0},"geometry":{"type":"LineString","coordinates":[[-111.8506,51.61554],[-111.92354,51.6329],[-112.01905,51.64506],[-112.09372,51.66069],[-112.32816,51.64332],[-112.50356,51.65374],[-112.52266,51.64679],[-112.53135,51.62596],[-112.52266,51.53392],[-112.5244,51.48182],[-112.6477,51.46966],[-112.68764,51.46098],[-112.70327,51.44882],[-112.7189,51.41235],[-112.73105,51.40541],[-112.78836,51.41062],[-112.92555,51.39673],[-113.37186,51.38804],[-113.49342,51.38283],[-113.52294,51.37589],[-113.55941,51.34636],[-113.5733,51.329],[-113.60803,51.27169],[-113.66708,51.21612],[-113.6775,51.11713],[-113.68097,51.03551]]}},{"type":"Feature","properties":{"type":"Secondary Highway","name":"63","label":null,"length_km":455,"expressway":0},"geometry":{"type":"LineString","coordinates":[[-111.12818,58.74078],[-111.16291,58.58796],[-111.18027,58.55323],[-111.2098,58.51329],[-111.21674,58.49592],[-111.21848,58.46119],[-111.21153,58.42125],[-111.19417,58.38478],[-111.16117,58.35005],[-111.0674,58.29969],[-110.94584,58.22154],[-110.93715,58.20765],[-110.93194,58.18507],[-110.93542,58.14339],[-110.94584,58.12082],[-110.96494,58.09303],[-111.02919,58.04441],[-111.04656,58.02183],[-111.0535,57.99926],[-111.0535,57.9489],[-111.06913,57.90375],[-111.0865,57.88638],[-111.14033,57.86033],[-111.15596,57.84123],[-111.16117,57.82733],[-111.15596,57.80997],[-111.10734,57.76308],[-111.09345,57.74224],[-111.09692,57.71793],[-111.11949,57.68493],[-111.15249,57.65715],[-111.21327,57.62763],[-111.26711,57.58769],[-111.33831,57.55122],[-111.45292,57.46439],[-111.52933,57.43487],[-111.59532,57.42444],[-111.6179,57.40882],[-111.62311,57.37756],[-111.61269,57.30288],[-111.58664,57.223],[-111.5849,57.19521],[-111.60574,57.14833],[-111.64568,57.11533],[-111.65263,57.0997],[-111.65089,57.08928],[-111.637,57.07886],[-111.55538,57.05455],[-111.51196,57.02676],[-111.4946,57.00766],[-111.47376,56.91389],[-111.43903,56.85831],[-111.41472,56.80448],[-111.4095,56.74023],[-111.39735,56.72286],[-111.35741,56.68813],[-111.34351,56.66034],[-111.30878,56.51794],[-111.30705,56.48495],[-111.31399,56.45369],[-111.33136,56.4259],[-111.35393,56.41201],[-111.53975,56.35818],[-111.58664,56.33907],[-111.59879,56.31823],[-111.60053,56.2835],[-111.60921,56.26787],[-111.63353,56.25745],[-111.66478,56.23662],[-111.78982,56.12895],[-111.91659,56.04733],[-112.06941,55.91708],[-112.12498,55.88409],[-112.17187,55.85109],[-112.19966,55.81809],[-112.21355,55.78336],[-112.21355,55.75384],[-112.15624,55.67917],[-112.15103,55.6618],[-112.15798,55.6427],[-112.17882,55.62707],[-112.2778,55.57845],[-112.34379,55.53329],[-112.3681,55.50551],[-112.4011,55.44646],[-112.46536,55.38221],[-112.48793,55.34053],[-112.49314,55.29712],[-112.48098,55.19292],[-112.47925,55.14951],[-112.51398,55.04531],[-112.49488,54.95501],[-112.50182,54.9359],[-112.5435,54.88207],[-112.56781,54.81955]]}},{"type":"Feature","properties":{"type":"Secondary Highway","name":"1A","label":null,"length_km":118,"expressway":0},"geometry":{"type":"LineString","coordinates":[[-113.88068,52.31886],[-114.16374,52.31365],[-114.59095,52.31712],[-114.7073,52.32407],[-114.84102,52.31538],[-114.87922,52.3258],[-114.90006,52.36227],[-114.92437,52.39179]]}},{"type":"Feature","properties":{"type":"Major Highway","name":"2","label":null,"length_km":143,"expressway":1},"geometry":{"type":"LineString","coordinates":[[-113.63235,52.72348],[-113.64971,52.69223],[-113.65839,52.66791],[-113.65839,52.56372],[-113.66534,52.53419],[-113.68444,52.51683],[-113.75564,52.48383],[-113.80601,52.43868],[-113.81816,52.41784],[-113.84768,52.33622],[-113.85463,52.28065],[-113.84595,52.25981],[-113.8199,52.23376],[-113.81469,52.11568],[-114.01266,51.95938],[-114.00398,51.42104],[-114.00398,51.15534],[-114.03697,51.12234],[-114.0335,51.08935]]}},{"type":"Feature","properties":{"type":"Secondary Highway","name":"2A","label":null,"length_km":70,"expressway":0},"geometry":{"type":"LineString","coordinates":[[-113.55767,53.26877],[-113.55594,53.24446],[-113.52989,53.19757],[-113.48995,53.09164],[-113.44827,53.04823],[-113.41875,53.02392],[-113.40138,52.99613],[-113.38922,52.98918],[-113.40833,52.9423],[-113.46911,52.81726],[-113.50037,52.77558],[-113.57677,52.69396],[-113.61324,52.62797],[-113.65839,52.56024]]}},{"type":"Feature","properties":{"type":"Secondary Highway","name":"102","label":null,"length_km":247,"expressway":0},"geometry":{"type":"LineString","coordinates":[[-103.25446,56.32171],[-103.30656,56.32518],[-103.37081,56.33734],[-103.40554,56.33907],[-103.4368,56.33213],[-103.5601,56.26787],[-103.62609,56.22272],[-103.78933,56.09595],[-103.93694,56.05253],[-103.97514,56.02128],[-104.06197,55.98654],[-104.21132,55.95181],[-104.37803,55.89451],[-104.609,55.77815],[-104.64721,55.74863],[-104.68194,55.7139],[-104.6993,55.67569],[-104.70972,55.66007],[-104.74793,55.62707],[-104.79134,55.5715],[-104.79308,55.5524],[-104.80697,55.52808],[-104.85733,55.46383],[-104.9459,55.41868],[-104.98237,55.35616],[-105.00495,55.34401],[-105.06746,55.33358],[-105.19771,55.28149],[-105.25501,55.24849],[-105.30711,55.20334],[-105.31927,55.1825],[-105.32216,55.16801]]}},{"type":"Feature","properties":{"type":"Secondary Highway","name":"55","label":null,"length_km":108,"expressway":0},"geometry":{"type":"LineString","coordinates":[[-104.79482,53.47369],[-105.14735,53.45459],[-105.44951,53.4216],[-105.52245,53.41986],[-105.63359,53.39381],[-105.75863,53.39207]]}},{"type":"Feature","properties":{"type":"Secondary Highway","name":"6","label":null,"length_km":141,"expressway":0},"geometry":{"type":"LineString","coordinates":[[-99.11268,54.65979],[-99.09879,54.63027],[-99.07968,54.5608],[-99.0519,54.52781],[-99.04148,54.50349],[-99.04148,54.46529],[-99.04843,54.44619],[-99.11442,54.36977],[-99.14741,54.30205],[-99.16304,54.22738],[-99.15609,54.1145],[-99.17172,54.03982],[-99.19951,53.98251],[-99.21861,53.92521],[-99.27071,53.83838],[-99.30718,53.74808],[-99.33149,53.65951],[-99.34712,53.53621],[-99.34886,53.32955],[-99.34538,53.29309],[-99.33496,53.26877],[-99.28634,53.20799],[-99.26376,53.12985],[-99.24987,53.09685],[-99.20819,53.02912],[-99.16478,52.99092],[-99.16478,52.96487],[-99.18562,52.92493],[-99.18735,52.90583]]}},{"type":"Feature","properties":{"type":"Secondary Highway","name":"6","label":null,"length_km":172,"expressway":0},"geometry":{"type":"LineString","coordinates":[[-99.18735,52.90583],[-99.10921,52.86588],[-99.08663,52.85894],[-99.04322,52.85894],[-99.02411,52.84678],[-98.99112,52.79468],[-98.96681,52.74606],[-98.95639,52.70959],[-98.94944,52.65402],[-98.91124,52.6106],[-98.89908,52.58803],[-98.88866,52.52898],[-98.89387,52.44216],[-98.91297,52.34143],[-98.9286,52.30323],[-98.93034,52.25113],[-98.91644,52.22682],[-98.87998,52.19556],[-98.86608,52.17819],[-98.83135,52.11568],[-98.8244,52.05316],[-98.82788,51.97675],[-98.8244,51.95765],[-98.80357,51.90208],[-98.76883,51.86734],[-98.74105,51.8083],[-98.73237,51.77009],[-98.748,51.67632],[-98.75147,51.60859],[-98.74105,51.59296],[-98.71674,51.58254],[-98.682,51.57559],[-98.64901,51.54955],[-98.62817,51.51829],[-98.57781,51.46445],[-98.54829,51.4193],[-98.49272,51.36894],[-98.47535,51.33595],[-98.44062,51.29079],[-98.38505,51.23696],[-98.359,51.21786]]}},{"type":"Feature","properties":{"type":"Secondary Highway","name":"391","label":null,"length_km":513,"expressway":0},"geometry":{"type":"LineString","coordinates":[[-97.90575,55.81462],[-98.03946,55.86498],[-98.0933,55.8754],[-98.21312,55.88756],[-98.34163,55.92403],[-98.3972,55.9275],[-98.46319,55.91013],[-98.49098,55.9084],[-98.51529,55.91187],[-98.56565,55.93792],[-98.58649,55.94139],[-98.63338,55.93618],[-98.6629,55.92576],[-98.68895,55.9084],[-98.72542,55.89451],[-98.76536,55.8893],[-99.1231,55.8893],[-99.39401,55.8563],[-99.4982,55.82852],[-99.5833,55.82678],[-99.61803,55.83199],[-99.67707,55.85456],[-99.70312,55.86846],[-99.75175,55.90319],[-99.81253,55.95355],[-99.85247,55.97613],[-99.8681,55.99349],[-99.88199,56.0317],[-99.89588,56.04733],[-99.91499,56.05948],[-99.97924,56.08553],[-100.00355,56.11332],[-100.01224,56.14979],[-100.01224,56.23662],[-100.03134,56.32865],[-100.03134,56.41896],[-100.02613,56.44153],[-100.00008,56.49884],[-99.94798,56.56483],[-99.9393,56.6013],[-99.94277,56.6395],[-99.95145,56.6725],[-99.96361,56.6916],[-99.98966,56.71244],[-100.04523,56.73154],[-100.2571,56.76975],[-100.3283,56.77496],[-100.53148,56.77496],[-100.56795,56.78017],[-100.62873,56.81143],[-100.69124,56.82532],[-100.79891,56.85831],[-100.88053,56.86353],[-100.96215,56.86179],[-100.99862,56.86874],[-101.09761,56.90173],[-101.19486,56.90868],[-101.22264,56.92257],[-101.30426,56.98335],[-101.32163,57.01461],[-101.32857,57.06323],[-101.33552,57.07539],[-101.35115,57.08234],[-101.60122,57.07539],[-101.65505,57.0806],[-101.72625,57.10144],[-101.77141,57.10665],[-101.85303,57.0997],[-101.9989,57.06671]]}},{"type":"Feature","properties":{"type":"Secondary Highway","name":"10","label":null,"length_km":65,"expressway":0},"geometry":{"type":"LineString","coordinates":[[-101.84608,54.75877],[-101.81482,54.75704],[-101.73841,54.70841],[-101.63248,54.67542],[-101.57517,54.64242],[-101.54912,54.632],[-101.52134,54.632],[-101.4814,54.65284],[-101.45708,54.65979],[-101.43103,54.65805],[-101.41193,54.64937],[-101.39978,54.63547],[-101.38762,54.60248],[-101.3772,54.52607],[-101.3581,54.46182],[-101.35462,54.43577]]}},{"type":"Feature","properties":{"type":"Secondary Highway","name":"10","label":null,"length_km":55,"expressway":0},"geometry":{"type":"LineString","coordinates":[[-101.36331,54.43577],[-101.36678,54.38714],[-101.38588,54.32289],[-101.38241,54.2951],[-101.36504,54.23953],[-101.3581,54.17701],[-101.34247,54.13186],[-101.30079,54.07108],[-101.25737,53.98946],[-101.25043,53.96689],[-101.25564,53.93736],[-101.30947,53.9061],[-101.31816,53.87658],[-101.31121,53.85922],[-101.29732,53.84185],[-101.27474,53.82796],[-101.25564,53.82449]]}},{"type":"Feature","properties":{"type":"Secondary Highway","name":"60","label":null,"length_km":50,"expressway":0},"geometry":{"type":"LineString","coordinates":[[-101.25564,53.82449],[-101.32336,53.80191],[-101.40498,53.78628],[-101.46924,53.74634],[-101.49008,53.73765],[-101.52655,53.74113],[-101.55259,53.75328],[-101.6238,53.75676],[-101.7002,53.7446]]}},{"type":"Feature","properties":{"type":"Secondary Highway","name":"4","label":null,"length_km":56,"expressway":0},"geometry":{"type":"LineString","coordinates":[[-108.4573,54.14228],[-108.45208,54.10408],[-108.42256,54.01377],[-108.42083,53.89742],[-108.41388,53.85401],[-108.40346,53.82796],[-108.38262,53.80191],[-108.37568,53.78454],[-108.38262,53.7255],[-108.37046,53.6734],[-108.36873,53.63867],[-108.38436,53.53447],[-108.38436,53.49974],[-108.36352,53.40076],[-108.34268,53.36255]]}},{"type":"Feature","properties":{"type":"Secondary Highway","name":"106","label":null,"length_km":391,"expressway":0},"geometry":{"type":"LineString","coordinates":[[-104.79482,53.47369],[-104.80176,53.50321],[-104.80176,53.52232],[-104.76009,53.59873],[-104.73751,53.61609],[-104.71146,53.62999],[-104.65415,53.64735],[-104.63852,53.66298],[-104.60032,53.73418],[-104.60553,53.79323],[-104.62289,53.89395],[-104.67152,54.03288],[-104.66805,54.05198],[-104.62637,54.13186],[-104.62463,54.15965],[-104.63679,54.23258],[-104.63158,54.24995],[-104.61074,54.28468],[-104.57774,54.31768],[-104.47355,54.39409],[-104.40235,54.43577],[-104.30162,54.47571],[-104.22869,54.4896],[-104.02898,54.49307],[-103.78585,54.5087],[-103.74591,54.51912],[-103.68687,54.55385],[-103.66429,54.5608],[-103.63477,54.55385],[-103.55489,54.5087],[-103.51321,54.50176],[-103.50105,54.50697],[-103.49063,54.52086],[-103.47848,54.58859],[-103.46806,54.6129],[-103.44548,54.632],[-103.3986,54.65805],[-103.34476,54.67368],[-103.19541,54.69799],[-102.99223,54.70841],[-102.96966,54.71536],[-102.94013,54.73272],[-102.85851,54.80045],[-102.82725,54.81782],[-102.80294,54.8265],[-102.76995,54.82997],[-102.6918,54.81955],[-102.66228,54.81955],[-102.64144,54.83171],[-102.63102,54.85602],[-102.53898,54.84387],[-102.30801,54.87165],[-102.21945,54.86991],[-102.13262,54.85428],[-102.05794,54.83345],[-101.96938,54.80219],[-101.89991,54.76225],[-101.84608,54.75877]]}},{"type":"Feature","properties":{"type":"Secondary Highway","name":"55","label":null,"length_km":262,"expressway":0},"geometry":{"type":"LineString","coordinates":[[-101.7002,53.7446],[-101.76099,53.74113],[-101.81308,53.72724],[-101.88776,53.68035],[-101.97459,53.66298],[-102.02321,53.62304],[-102.08747,53.61088],[-102.14477,53.57789],[-102.25418,53.5692],[-102.2837,53.564],[-102.51467,53.47022],[-102.54419,53.46501],[-102.60497,53.46327],[-102.63102,53.45633],[-102.70743,53.41812],[-102.82725,53.38686],[-103.11553,53.36602],[-103.83448,53.36776],[-104.02898,53.36429]]}},{"type":"Feature","properties":{"type":"Secondary Highway","name":"3","label":null,"length_km":217,"expressway":0},"geometry":{"type":"LineString","coordinates":[[-108.34442,53.36255],[-107.33893,53.35039],[-107.27988,53.34171],[-107.19305,53.31219],[-107.10796,53.30698],[-107.06455,53.2844],[-107.0385,53.27746],[-106.92388,53.2844],[-106.85789,53.27746],[-106.78843,53.25488],[-106.72938,53.24793],[-106.67208,53.23057],[-106.59046,53.22189],[-106.54009,53.22362],[-106.49494,53.22015],[-106.39943,53.22015]]}},{"type":"Feature","properties":{"type":"Secondary Highway","name":"2","label":null,"length_km":12,"expressway":0},"geometry":{"type":"LineString","coordinates":[[-105.75863,53.39207],[-105.75863,53.26009],[-105.76731,53.2132]]}},{"type":"Feature","properties":{"type":"Secondary Highway","name":"10","label":null,"length_km":85,"expressway":0},"geometry":{"type":"LineString","coordinates":[[-101.25564,53.82449],[-101.23654,53.79323],[-101.22611,53.75849],[-101.22438,53.72897],[-101.23306,53.69945],[-101.24348,53.68729],[-101.27127,53.66819],[-101.38067,53.62651],[-101.40846,53.60915],[-101.42409,53.58483],[-101.42235,53.54663],[-101.40325,53.52058],[-101.37893,53.50843],[-101.37199,53.48759],[-101.34247,53.45112],[-101.31989,53.41291],[-101.30947,53.40249],[-101.28516,53.39381],[-101.13408,53.38165],[-101.09413,53.37471],[-101.04898,53.34345],[-101.01946,53.30003]]}},{"type":"Feature","properties":{"type":"Secondary Highway","name":"4","label":null,"length_km":45,"expressway":0},"geometry":{"type":"LineString","coordinates":[[-108.34442,53.36255],[-108.34963,53.31219],[-108.37394,53.19931],[-108.37568,53.16631],[-108.36873,53.13158],[-108.30795,52.98397],[-108.301,52.95619],[-108.30621,52.80163],[-108.31489,52.76343],[-108.33052,52.7478]]}},{"type":"Feature","properties":{"type":"Secondary Highway","name":"60","label":null,"length_km":211,"expressway":0},"geometry":{"type":"LineString","coordinates":[[-99.18735,52.90583],[-99.29329,52.91972],[-99.35407,52.92319],[-99.42179,52.91972],[-99.50862,52.90583],[-99.56246,52.90583],[-99.67534,52.92493],[-99.78474,52.97703],[-99.94625,52.98224],[-99.98966,52.98918],[-100.01918,53.00308],[-100.05912,53.04649],[-100.08517,53.06212],[-100.14595,53.0708],[-100.22236,53.09164],[-100.31614,53.10032],[-100.3856,53.09859],[-100.40123,53.10727],[-100.43076,53.14721],[-100.47417,53.17153],[-100.6131,53.20626],[-100.73119,53.22362],[-100.78155,53.23752],[-100.80586,53.25315],[-100.86143,53.30698],[-100.88574,53.32087],[-100.91005,53.32608],[-101.01251,53.32608],[-101.04204,53.3365]]}},{"type":"Feature","properties":{"type":"Secondary Highway","name":"3","label":null,"length_km":161,"expressway":0},"geometry":{"type":"LineString","coordinates":[[-105.76731,53.2132],[-105.76384,53.08122],[-105.76731,53.07254],[-105.78815,53.05517],[-105.78294,53.0187],[-105.80204,52.95966],[-105.8003,52.93882],[-105.77947,52.92493],[-105.74647,52.91972],[-105.57455,52.91798],[-105.48946,52.94056],[-105.4443,52.96661],[-105.35747,52.97876],[-105.14908,52.98571],[-105.11088,52.97703],[-105.04141,52.9423],[-104.98063,52.93361],[-104.93201,52.91277],[-104.83997,52.90235],[-104.72535,52.87283],[-104.63158,52.86241],[-104.5569,52.82942]]}},{"type":"Feature","properties":{"type":"Secondary Highway","name":"3","label":null,"length_km":250,"expressway":0},"geometry":{"type":"LineString","coordinates":[[-104.03419,52.83289],[-103.96473,52.83984],[-103.76502,52.8381],[-103.74765,52.84331],[-103.71118,52.86762],[-103.68861,52.87283],[-103.41422,52.88499],[-103.36386,52.87804],[-103.32219,52.84852],[-103.29614,52.84331],[-102.65881,52.84678],[-102.05794,52.87283],[-101.95201,52.86588],[-101.90339,52.85373],[-101.84782,52.83463],[-101.80787,52.83289],[-101.79745,52.82594]]}},{"type":"Feature","properties":{"type":"Secondary Highway","name":null,"label":null,"length_km":59,"expressway":0},"geometry":{"type":"LineString","coordinates":[[-101.01946,53.30003],[-101.07677,53.23231],[-101.09587,53.16979],[-101.1306,53.0847],[-101.1306,53.06212],[-101.12192,53.04823],[-101.05419,53.01176],[-101.01772,53.00134],[-101.01078,52.98571],[-101.0403,52.93014],[-101.05246,52.77558],[-101.06461,52.76169],[-101.10282,52.74085],[-101.11497,52.72522]]}},{"type":"Feature","properties":{"type":"Secondary Highway","name":"77","label":null,"length_km":76,"expressway":0},"geometry":{"type":"LineString","coordinates":[[-101.79051,52.82594],[-101.40151,52.8381],[-101.33552,52.83463],[-101.29211,52.82594],[-101.26085,52.81205],[-101.11324,52.7339]]}},{"type":"Feature","properties":{"type":"Secondary Highway","name":"11","label":null,"length_km":124,"expressway":0},"geometry":{"type":"LineString","coordinates":[[-105.76384,53.142],[-105.79336,53.13332],[-105.89755,53.0847],[-105.95312,53.0517],[-105.9948,53.0187],[-106.01912,52.99092],[-106.05732,52.91798],[-106.07816,52.89367],[-106.20667,52.82247],[-106.22924,52.8051],[-106.25356,52.75822],[-106.33691,52.64186],[-106.36643,52.5724],[-106.38901,52.53767],[-106.43416,52.4821],[-106.51926,52.40221],[-106.54357,52.3397],[-106.58351,52.28934],[-106.62171,52.2164],[-106.63908,52.16083],[-106.64255,52.12436]]}},{"type":"Feature","properties":{"type":"Secondary Highway","name":"16","label":null,"length_km":192,"expressway":0},"geometry":{"type":"LineString","coordinates":[[-108.30795,52.77732],[-108.26801,52.75127],[-108.01794,52.65228],[-107.8408,52.59845],[-107.52822,52.52378],[-107.3233,52.44216],[-107.21563,52.40569],[-107.0958,52.35185],[-107.05586,52.34838],[-106.96382,52.35706],[-106.92388,52.34838],[-106.87873,52.32233],[-106.7398,52.21466],[-106.6686,52.17298],[-106.65124,52.15562],[-106.64255,52.13304]]}},{"type":"Feature","properties":{"type":"Secondary Highway","name":"6","label":null,"length_km":53,"expressway":0},"geometry":{"type":"LineString","coordinates":[[-104.59511,52.84504],[-104.58643,52.82768],[-104.58643,52.78253],[-104.55517,52.72869],[-104.53259,52.63492],[-104.50481,52.45779],[-104.49786,52.38137],[-104.4996,52.3067],[-104.51523,52.21119],[-104.53259,52.15041],[-104.54996,52.12436]]}},{"type":"Feature","properties":{"type":"Secondary Highway","name":"10","label":null,"length_km":50,"expressway":0},"geometry":{"type":"LineString","coordinates":[[-101.11497,52.73217],[-101.11324,52.71306],[-101.0924,52.65576],[-101.09066,52.61408],[-101.09413,52.5724],[-101.10629,52.51336],[-101.10976,52.45084],[-101.15665,52.3588],[-101.16881,52.34664],[-101.20701,52.3258],[-101.22091,52.27718],[-101.25216,52.23203],[-101.26085,52.19209],[-101.25911,52.11915]]}},{"type":"Feature","properties":{"type":"Secondary Highway","name":"6","label":null,"length_km":29,"expressway":0},"geometry":{"type":"LineString","coordinates":[[-104.54301,52.13999],[-104.55343,52.11568],[-104.56559,52.01322],[-104.56385,51.93681],[-104.5708,51.8465],[-104.56732,51.81698],[-104.53433,51.77704],[-104.52912,51.76141],[-104.52912,51.74925]]}},{"type":"Feature","properties":{"type":"Secondary Highway","name":"5","label":null,"length_km":239,"expressway":0},"geometry":{"type":"LineString","coordinates":[[-104.54301,52.13999],[-104.4857,52.13652],[-104.43361,52.12783],[-104.35546,52.10526],[-104.24779,52.06358],[-104.15922,52.04621],[-103.8119,51.95765],[-103.152,51.8083],[-102.81857,51.70758],[-102.63102,51.68153],[-102.48167,51.64679],[-102.41742,51.63985]]}},{"type":"Feature","properties":{"type":"Secondary Highway","name":"5","label":null,"length_km":93,"expressway":0},"geometry":{"type":"LineString","coordinates":[[-102.41742,51.63985],[-102.37574,51.63638],[-102.01627,51.56518],[-101.93117,51.55476],[-101.79919,51.54607],[-101.78182,51.5096],[-101.75578,51.48356],[-101.72973,51.46966],[-101.65332,51.44709],[-101.61859,51.42104],[-101.61437,51.4084]]}},{"type":"Feature","properties":{"type":"Secondary Highway","name":null,"label":null,"length_km":29,"expressway":0},"geometry":{"type":"LineString","coordinates":[[-101.61164,51.40367],[-101.54912,51.40714],[-101.5196,51.39846],[-101.50744,51.38804],[-101.49702,51.3672],[-101.48834,51.30816],[-101.42061,51.30816],[-101.40498,51.30121],[-101.39457,51.28732]]}},{"type":"Feature","properties":{"type":"Secondary Highway","name":"10","label":null,"length_km":97,"expressway":0},"geometry":{"type":"LineString","coordinates":[[-101.5717,51.21959],[-101.88081,51.21091],[-102.43999,51.20917]]}},{"type":"Feature","properties":{"type":"Secondary Highway","name":"16","label":null,"length_km":232,"expressway":0},"geometry":{"type":"LineString","coordinates":[[-104.53433,51.74925],[-104.33809,51.77183],[-104.15575,51.76836],[-103.93694,51.75446],[-103.864,51.74578],[-103.80322,51.73189],[-103.64519,51.66069],[-103.59309,51.64506],[-103.52884,51.63985],[-103.38818,51.64506],[-103.32045,51.63638],[-103.2753,51.62075],[-102.84809,51.38283],[-102.49383,51.23175]]}},{"type":"Feature","properties":{"type":"Secondary Highway","name":"10","label":null,"length_km":151,"expressway":0},"geometry":{"type":"LineString","coordinates":[[-101.25911,52.11915],[-101.11671,52.10005],[-100.81802,52.10352],[-100.72077,52.11047],[-100.69819,52.10699],[-100.68082,52.09831],[-100.66346,52.07052],[-100.64609,52.0028],[-100.65478,51.96459],[-100.6513,51.94549],[-100.6322,51.90381],[-100.57316,51.83087],[-100.54711,51.77704],[-100.51064,51.718],[-100.48459,51.64679],[-100.44986,51.5947],[-100.39429,51.5235],[-100.36303,51.46966],[-100.3474,51.40714],[-100.36824,51.34463],[-100.37345,51.28037],[-100.36476,51.25953],[-100.34914,51.24217],[-100.29183,51.19875],[-100.27967,51.15708]]}},{"type":"Feature","properties":{"type":"Secondary Highway","name":"6","label":null,"length_km":103,"expressway":0},"geometry":{"type":"LineString","coordinates":[[-104.52912,51.7562],[-104.55169,51.57733],[-104.54301,51.41235],[-104.54475,51.34636],[-104.52217,51.24738],[-104.51696,51.16576],[-104.49439,51.11192],[-104.49439,50.90874],[-104.4996,50.87401],[-104.51349,50.85144],[-104.57774,50.81149],[-104.59511,50.78718],[-104.61768,50.77502],[-104.62463,50.76461],[-104.62463,50.5319],[-104.61247,50.48675],[-104.61421,50.45028],[-104.60726,50.43465]]}},{"type":"Feature","properties":{"type":"Secondary Highway","name":"11","label":null,"length_km":270,"expressway":0},"geometry":{"type":"LineString","coordinates":[[-106.60435,52.12089],[-106.60782,52.074],[-106.60261,52.05316],[-106.57309,52.00453],[-106.5453,51.94549],[-106.5071,51.89339],[-106.488,51.81003],[-106.43764,51.6659],[-106.4168,51.62422],[-106.39943,51.60685],[-106.35428,51.57386],[-106.32649,51.53565],[-106.29697,51.52002],[-106.26571,51.48356],[-106.21882,51.44709],[-106.14936,51.38283],[-105.98265,51.26822],[-105.96528,51.24738],[-105.95139,51.20223],[-105.93402,51.17444],[-105.85414,51.11019],[-105.79683,51.03378],[-105.73952,50.97821],[-105.63359,50.90701],[-105.58844,50.86706],[-105.53113,50.82886],[-105.46167,50.80802],[-105.30538,50.74724],[-105.18729,50.72119],[-105.07962,50.66388],[-105.0171,50.6552],[-104.91117,50.66041],[-104.84518,50.65694],[-104.78092,50.63262],[-104.72362,50.59963],[-104.65242,50.52495],[-104.57427,50.47459],[-104.56211,50.45896],[-104.55864,50.44333]]}},{"type":"Feature","properties":{"type":"Secondary Highway","name":"10","label":null,"length_km":176,"expressway":0},"geometry":{"type":"LineString","coordinates":[[-102.49036,51.22828],[-102.51293,51.21265],[-102.5494,51.15187],[-102.62234,51.06504],[-102.68138,51.00599],[-102.73174,50.97647],[-102.8533,50.93827],[-102.9054,50.90874],[-103.50279,50.79586],[-103.54273,50.79239],[-103.63304,50.79934],[-103.68166,50.79586],[-103.75633,50.78371],[-103.81017,50.76461],[-103.84837,50.73682],[-103.86227,50.71945],[-103.87616,50.68993],[-103.88137,50.65346],[-103.88484,50.54753],[-103.87963,50.51106]]}},{"type":"Feature","properties":{"type":"Secondary Highway","name":"1","label":null,"length_km":79,"expressway":0},"geometry":{"type":"LineString","coordinates":[[-103.89352,50.51801],[-104.02377,50.50412],[-104.20611,50.50585],[-104.24258,50.4937],[-104.30683,50.45202],[-104.35198,50.43986],[-104.4666,50.44507],[-104.59685,50.44507]]}},{"type":"Feature","properties":{"type":"Secondary Highway","name":"1","label":null,"length_km":187,"expressway":0},"geometry":{"type":"LineString","coordinates":[[-102.25071,50.3374],[-102.32538,50.35824],[-102.38616,50.36693],[-102.41221,50.36519],[-102.43652,50.37734],[-102.49557,50.38776],[-102.60497,50.3895],[-102.70569,50.38082],[-102.80989,50.39818],[-102.87935,50.40513],[-103.12248,50.39992],[-103.22494,50.40513],[-103.31524,50.42597],[-103.40728,50.46591],[-103.46806,50.47633],[-103.51842,50.50412],[-103.54968,50.51454],[-103.61393,50.51975],[-103.75112,50.51801],[-103.9161,50.52322]]}},{"type":"Feature","properties":{"type":"Secondary Highway","name":"83","label":null,"length_km":99,"expressway":0},"geometry":{"type":"LineString","coordinates":[[-101.32857,51.29079],[-101.32857,51.31511],[-101.33726,51.33421],[-101.34768,51.38283],[-101.35983,51.40714],[-101.37025,51.42451],[-101.40325,51.44014],[-101.42582,51.45751],[-101.43277,51.4714],[-101.42582,51.49745],[-101.44319,51.54955],[-101.54044,51.64332],[-101.55781,51.67111],[-101.55954,51.69542],[-101.54739,51.7371],[-101.54565,51.76662],[-101.55954,51.88471],[-101.56128,51.93333],[-101.54391,51.98196],[-101.54391,52.01843],[-101.5387,52.02711],[-101.5196,52.03058],[-101.33726,52.02885],[-101.31468,52.04621],[-101.29905,52.07921],[-101.26606,52.10873],[-101.25737,52.12436]]}},{"type":"Feature","properties":{"type":"Secondary Highway","name":"5","label":null,"length_km":239,"expressway":0},"geometry":{"type":"LineString","coordinates":[[-106.67555,52.15041],[-105.77599,52.14173],[-105.77599,52.15562],[-105.7621,52.18861],[-105.74126,52.20077],[-105.68222,52.20424],[-105.37831,52.19556],[-105.23765,52.21119],[-105.18729,52.21292],[-105.01536,52.20077],[-104.84518,52.1973],[-104.78092,52.19209],[-104.71841,52.17993],[-104.66284,52.15909],[-104.609,52.15214],[-104.5569,52.12436]]}},{"type":"Feature","properties":{"type":"Secondary Highway","name":"1","label":null,"length_km":152,"expressway":0},"geometry":{"type":"LineString","coordinates":[[-111.99126,50.61873],[-111.93917,50.58574],[-111.82802,50.54059],[-111.61442,50.46591],[-111.51717,50.42597],[-111.45466,50.37908],[-111.34004,50.31135],[-111.28447,50.28357],[-111.10039,50.21063],[-110.94062,50.16201],[-110.82601,50.11859],[-110.77391,50.09254],[-110.7305,50.06302],[-110.70271,50.0335],[-110.69403,50.01613]]}},{"type":"Feature","properties":{"type":"Secondary Highway","name":"3","label":null,"length_km":54,"expressway":0},"geometry":{"type":"LineString","coordinates":[[-113.44479,49.71397],[-113.47084,49.70702],[-113.51599,49.68444],[-113.53857,49.65839],[-113.55594,49.64798],[-113.77475,49.55767],[-113.8581,49.52641],[-113.91367,49.51252]]}},{"type":"Feature","properties":{"type":"Secondary Highway","name":"3","label":null,"length_km":5,"expressway":0},"geometry":{"type":"LineString","coordinates":[[-113.39617,49.71744],[-113.4118,49.71223],[-113.44306,49.7157]]}},{"type":"Feature","properties":{"type":"Secondary Highway","name":"2","label":null,"length_km":61,"expressway":0},"geometry":{"type":"LineString","coordinates":[[-113.39964,49.71744],[-113.38228,49.68965],[-113.36665,49.64624],[-113.34754,49.57156],[-113.34581,49.5212],[-113.29371,49.45695],[-113.29024,49.42916],[-113.29024,49.34407],[-113.29545,49.31802],[-113.30066,49.30934],[-113.29892,49.20688],[-113.28503,49.15305],[-113.2885,49.13568],[-113.29718,49.11831],[-113.34754,49.05927],[-113.35623,49.03148],[-113.37186,49.00196]]}},{"type":"Feature","properties":{"type":"Secondary Highway","name":"2","label":null,"length_km":94,"expressway":0},"geometry":{"type":"LineString","coordinates":[[-113.86511,50.69612],[-113.84768,50.66562],[-113.839,50.63262],[-113.83032,50.43465],[-113.83726,50.39124],[-113.79038,50.36866],[-113.76606,50.3513],[-113.73654,50.32525],[-113.70876,50.27836],[-113.67055,50.26099],[-113.65492,50.2471],[-113.64103,50.16201],[-113.60977,50.09081],[-113.58199,50.04565],[-113.52815,49.90499],[-113.52468,49.87373],[-113.52641,49.80427],[-113.52294,49.77475],[-113.50557,49.75391],[-113.44479,49.71397]]}},{"type":"Feature","properties":{"type":"Secondary Highway","name":"3","label":null,"length_km":75,"expressway":0},"geometry":{"type":"LineString","coordinates":[[-112.74668,49.70007],[-112.80573,49.69313],[-112.86303,49.70007],[-112.93771,49.73828],[-112.9846,49.7869],[-113.04364,49.79385],[-113.12352,49.79211],[-113.19299,49.78169],[-113.26419,49.78169],[-113.28503,49.77301],[-113.31802,49.74696],[-113.37707,49.7296],[-113.39964,49.71744]]}},{"type":"Feature","properties":{"type":"Secondary Highway","name":"3","label":null,"length_km":92,"expressway":0},"geometry":{"type":"LineString","coordinates":[[-113.91367,49.51252],[-113.93799,49.51252],[-114.0144,49.52294],[-114.06302,49.52294],[-114.07344,49.53162],[-114.08039,49.56636],[-114.09081,49.58025],[-114.14812,49.58719],[-114.20716,49.58719],[-114.29225,49.55767],[-114.30788,49.55593],[-114.36519,49.57156],[-114.40339,49.6063],[-114.48849,49.64276],[-114.62047,49.63755],[-114.67778,49.62714],[-114.68993,49.63061],[-114.70209,49.64276]]}},{"type":"Feature","properties":{"type":"Secondary Highway","name":"3","label":null,"length_km":80,"expressway":0},"geometry":{"type":"LineString","coordinates":[[-114.69688,49.63582],[-114.7264,49.65492],[-114.80628,49.67402],[-114.82191,49.68792],[-114.85317,49.73133],[-114.87228,49.74001],[-114.88269,49.73828],[-114.89311,49.72091],[-114.89832,49.6636],[-114.91222,49.64276],[-114.96258,49.59761],[-115.06504,49.53162],[-115.08067,49.51599],[-115.08414,49.50036],[-115.08067,49.48474],[-115.03725,49.39617],[-115.01989,49.38401],[-115.01641,49.34581],[-115.0303,49.32844],[-115.05809,49.31802],[-115.09629,49.31108],[-115.12582,49.28676]]}},{"type":"Feature","properties":{"type":"Secondary Highway","name":"3","label":null,"length_km":73,"expressway":0},"geometry":{"type":"LineString","coordinates":[[-115.74926,49.54552],[-115.69542,49.55073],[-115.60859,49.51947],[-115.5426,49.483],[-115.36026,49.40659],[-115.30469,49.38749],[-115.24738,49.38054],[-115.22307,49.37186],[-115.20744,49.3597],[-115.17097,49.3076],[-115.12582,49.28329]]}},{"type":"Feature","properties":{"type":"Secondary Highway","name":"2","label":null,"length_km":29,"expressway":0},"geometry":{"type":"LineString","coordinates":[[-115.12582,49.29024],[-115.12582,49.25898],[-115.12929,49.24335],[-115.13797,49.23467],[-115.16229,49.22251],[-115.1675,49.20688],[-115.15708,49.19125],[-115.11019,49.14784],[-115.07372,49.07316],[-115.05462,49.00023]]}},{"type":"Feature","properties":{"type":"Secondary Highway","name":"6","label":null,"length_km":56,"expressway":0},"geometry":{"type":"LineString","coordinates":[[-113.67229,49.00023],[-113.68618,49.03496],[-113.70007,49.05232],[-113.72091,49.06448],[-113.83379,49.10268],[-113.85463,49.11484],[-113.86158,49.13221],[-113.86331,49.16868],[-113.85289,49.20688],[-113.85463,49.2364],[-113.86505,49.26071],[-113.90673,49.30934],[-113.92583,49.36838],[-113.92583,49.40659],[-113.90673,49.47432],[-113.91367,49.51252]]}},{"type":"Feature","properties":{"type":"Secondary Highway","name":"93","label":null,"length_km":95,"expressway":0},"geometry":{"type":"LineString","coordinates":[[-116.01669,51.23522],[-116.13304,51.18139],[-116.15562,51.16228],[-116.15909,51.14666],[-116.15215,51.13624],[-116.12783,51.11887],[-116.02537,51.07025],[-115.99932,51.04593],[-115.98022,51.01815],[-115.96807,50.98863],[-115.96633,50.95042],[-115.99932,50.93479],[-116.02537,50.91048],[-116.03927,50.88443],[-116.03753,50.85838],[-116.01148,50.81497],[-115.88471,50.68299],[-115.95591,50.66736],[-116.03406,50.62915]]}},{"type":"Feature","properties":{"type":"Secondary Highway","name":"1A","label":null,"length_km":143,"expressway":0},"geometry":{"type":"LineString","coordinates":[[-115.3481,51.0824],[-115.26822,51.0824],[-115.18313,51.09456],[-115.12061,51.09629],[-115.09803,51.10498],[-115.05462,51.14666],[-115.02683,51.16055],[-114.91569,51.17271],[-114.82018,51.20049],[-114.61005,51.23349],[-114.57184,51.22654],[-114.53017,51.2057],[-114.51106,51.2057],[-114.46244,51.18486],[-114.37387,51.18312],[-114.34261,51.17791],[-114.25752,51.14839],[-114.1759,51.12929],[-114.1047,51.09282],[-114.09254,51.07893],[-114.0856,51.07719]]}},{"type":"Feature","properties":{"type":"Secondary Highway","name":"93","label":null,"length_km":103,"expressway":0},"geometry":{"type":"LineString","coordinates":[[-116.97355,52.13304],[-116.94056,52.09831],[-116.91625,52.08094],[-116.88672,52.06705],[-116.79816,51.99585],[-116.73043,51.96633],[-116.72001,51.9507],[-116.71828,51.91944],[-116.71307,51.90555],[-116.67486,51.88818],[-116.45779,51.68847],[-116.39874,51.65722],[-116.35706,51.64332],[-116.17819,51.43319]]}},{"type":"Feature","properties":{"type":"Secondary Highway","name":"43","label":null,"length_km":21,"expressway":0},"geometry":{"type":"LineString","coordinates":[[-114.3374,53.74113],[-114.26273,53.71855],[-114.23147,53.69598],[-114.22452,53.6734],[-114.22452,53.57268]]}},{"type":"Feature","properties":{"type":"Secondary Highway","name":"33","label":null,"length_km":30,"expressway":0},"geometry":{"type":"LineString","coordinates":[[-114.4086,54.15791],[-114.40513,54.01725],[-114.38603,53.98599],[-114.37735,53.95299],[-114.35477,53.89569],[-114.34782,53.85401],[-114.34956,53.79323],[-114.3374,53.74287]]}},{"type":"Feature","properties":{"type":"Secondary Highway","name":"754","label":null,"length_km":125,"expressway":0},"geometry":{"type":"LineString","coordinates":[[-113.79732,55.94313],[-113.93625,55.9275],[-114.02829,55.90319],[-114.05608,55.89103],[-114.13075,55.84588],[-114.17243,55.80768],[-114.22452,55.78163],[-114.32004,55.76079],[-114.34609,55.75037],[-114.3895,55.71911],[-114.44681,55.70001],[-114.51627,55.66007],[-114.66041,55.64791],[-114.70382,55.6236],[-114.76982,55.60449],[-114.7976,55.58192],[-114.80802,55.56282],[-114.8167,55.55413],[-114.87054,55.55066],[-114.8879,55.54545]]}},{"type":"Feature","properties":{"type":"Secondary Highway","name":"88","label":null,"length_km":266,"expressway":0},"geometry":{"type":"LineString","coordinates":[[-116.14867,58.51259],[-116.14867,58.42646],[-116.13999,58.40909],[-116.10005,58.38478],[-116.00453,58.38305],[-115.97849,58.37436],[-115.96286,58.35352],[-115.95417,58.31879],[-115.94896,58.31011],[-115.91944,58.30143],[-115.9125,58.29274],[-115.89339,58.29448],[-115.88124,58.28406],[-115.85866,58.27711],[-115.76836,58.21286],[-115.74926,58.19202],[-115.72668,58.13819],[-115.71279,58.12082],[-115.68847,58.10519],[-115.62596,58.08088],[-115.61727,58.03573],[-115.59122,58.00447],[-115.55997,57.93848],[-115.53913,57.91243],[-115.52176,57.90027],[-115.48356,57.89159],[-115.45403,57.87943],[-115.39325,57.86728],[-115.37589,57.85338],[-115.36199,57.81518],[-115.34116,57.78739],[-115.33942,57.77524],[-115.37415,57.71793],[-115.37936,57.6502],[-115.32726,57.5981],[-115.31858,57.58248],[-115.31684,57.56685],[-115.32032,57.55295],[-115.33074,57.5408],[-115.37415,57.51649],[-115.3811,57.50954],[-115.38457,57.48523],[-115.37936,57.43139],[-115.39152,57.40013],[-115.38978,57.37061],[-115.36547,57.3272],[-115.33942,57.29594],[-115.32726,57.26642],[-115.31858,57.25599],[-115.18486,57.22995],[-115.14145,57.20737],[-115.12061,57.17611],[-115.10671,57.10318],[-115.10845,57.0806],[-115.11714,57.05802],[-115.19181,56.97988],[-115.20744,56.95556],[-115.22133,56.91389],[-115.23349,56.84963],[-115.29427,56.74717],[-115.31337,56.69855],[-115.31684,56.67597],[-115.31337,56.57525],[-115.30642,56.52663],[-115.33421,56.48321],[-115.33247,56.43111],[-115.36373,56.37554],[-115.3811,56.31476],[-115.37415,56.25398],[-115.36894,56.23314],[-115.33768,56.18973],[-115.30469,56.16368],[-115.30816,56.15152],[-115.33421,56.11505],[-115.34984,56.06296]]}},{"type":"Feature","properties":{"type":"Secondary Highway","name":"2","label":null,"length_km":97,"expressway":0},"geometry":{"type":"LineString","coordinates":[[-117.62304,56.23488],[-117.61436,56.24182],[-117.59352,56.2453],[-117.2844,56.24356],[-117.19063,56.19667],[-117.15069,56.15499],[-117.13853,56.11679],[-117.12117,55.70001],[-117.11943,55.54198],[-117.13158,55.47078]]}},{"type":"Feature","properties":{"type":"Secondary Highway","name":"750","label":null,"length_km":116,"expressway":0},"geometry":{"type":"LineString","coordinates":[[-116.23897,55.40305],[-116.22161,55.49162],[-116.20772,55.50203],[-116.17125,55.51246],[-116.14172,55.54198],[-116.1261,55.54892],[-116.1261,55.58192],[-116.11915,55.59928],[-116.11047,55.60797],[-116.08268,55.62533],[-116.07573,55.63749],[-116.074,55.68438],[-116.06705,55.70001],[-116.05837,55.70695],[-116.01322,55.72432],[-115.94896,55.79726],[-115.90555,55.81983],[-115.8274,55.84067],[-115.77704,55.86672],[-115.67979,55.87193],[-115.65721,55.87714],[-115.62769,55.9084],[-115.59817,55.9605],[-115.55128,55.99349],[-115.52523,56.02301],[-115.50613,56.02822],[-115.42625,56.03343],[-115.34289,56.06296]]}},{"type":"Feature","properties":{"type":"Secondary Highway","name":"2A","label":null,"length_km":100,"expressway":0},"geometry":{"type":"LineString","coordinates":[[-116.24245,55.40305],[-116.25113,55.40131],[-116.26329,55.41173],[-116.43868,55.43084],[-116.6766,55.44125],[-116.83984,55.43952],[-116.86589,55.44473],[-116.89888,55.46383],[-117.13506,55.47425]]}},{"type":"Feature","properties":{"type":"Secondary Highway","name":"88","label":null,"length_km":78,"expressway":0},"geometry":{"type":"LineString","coordinates":[[-115.34984,56.06296],[-115.32205,56.04385],[-115.30121,56.02128],[-115.28558,55.95355],[-115.27864,55.94313],[-115.24391,55.93792],[-115.21959,55.9466],[-115.20396,55.9466],[-115.1866,55.93792],[-115.1675,55.91535],[-115.16402,55.90492],[-115.1675,55.89451],[-115.19875,55.86498],[-115.21265,55.84067],[-115.21959,55.81983],[-115.21786,55.8042],[-115.16229,55.80073],[-115.13624,55.78857],[-115.11714,55.76426],[-115.08935,55.69306],[-115.07025,55.66701],[-115.03725,55.6427],[-115.00252,55.62707],[-114.87401,55.54545]]}},{"type":"Feature","properties":{"type":"Secondary Highway","name":"49","label":null,"length_km":34,"expressway":0},"geometry":{"type":"LineString","coordinates":[[-117.12811,55.4812],[-117.13506,55.4673],[-117.16111,55.45862],[-117.16805,55.45167],[-117.16805,55.40479],[-117.175,55.36137],[-117.18716,55.33532],[-117.20278,55.28322],[-117.22883,55.24328],[-117.24099,55.21202],[-117.25836,55.13909],[-117.25836,55.08873],[-117.2653,55.07657],[-117.2792,55.06962]]}},{"type":"Feature","properties":{"type":"Secondary Highway","name":"2","label":null,"length_km":99,"expressway":0},"geometry":{"type":"LineString","coordinates":[[-115.36199,55.31622],[-115.4714,55.31101],[-115.5426,55.29885],[-115.62943,55.29712],[-115.68153,55.30754],[-115.71105,55.31969],[-115.75099,55.32317],[-115.78399,55.33706],[-115.89339,55.34748],[-115.95591,55.37353],[-116.0028,55.377],[-116.08268,55.39089],[-116.17472,55.39437],[-116.24592,55.40652]]}},{"type":"Feature","properties":{"type":"Secondary Highway","name":null,"label":null,"length_km":31,"expressway":0},"geometry":{"type":"LineString","coordinates":[[-114.89311,55.54545],[-114.89659,55.54024],[-114.89659,55.52808],[-114.87922,55.49509],[-114.85838,55.46557],[-114.8167,55.44473],[-114.78544,55.38047],[-114.76982,55.37179],[-114.73161,55.36137],[-114.73335,55.34227],[-114.7594,55.30754],[-114.76113,55.2676]]}},{"type":"Feature","properties":{"type":"Secondary Highway","name":"2","label":null,"length_km":67,"expressway":0},"geometry":{"type":"LineString","coordinates":[[-114.76461,55.26412],[-114.82191,55.26412],[-114.87054,55.29538],[-114.90701,55.30927],[-114.97473,55.31796],[-115.07372,55.35095],[-115.17097,55.34227],[-115.28211,55.31796],[-115.33247,55.31622],[-115.36199,55.31969]]}},{"type":"Feature","properties":{"type":"Secondary Highway","name":null,"label":null,"length_km":52,"expressway":0},"geometry":{"type":"LineString","coordinates":[[-115.35679,55.31622],[-115.35852,55.26412],[-115.35331,55.25023],[-115.33247,55.22592],[-115.33074,55.1634],[-115.30295,55.1304],[-115.29774,55.06962],[-115.28558,55.04357],[-115.26822,55.01926],[-115.25953,54.97411],[-115.26475,54.95501],[-115.28906,54.90812],[-115.29948,54.8786],[-115.30469,54.83692],[-115.30295,54.7935],[-115.30642,54.77788],[-115.33074,54.76225],[-115.40541,54.74488]]}},{"type":"Feature","properties":{"type":"Secondary Highway","name":null,"label":null,"length_km":69,"expressway":0},"geometry":{"type":"LineString","coordinates":[[-115.40541,54.74488],[-115.41062,54.72751],[-115.41409,54.68931],[-115.3811,54.64763],[-115.37589,54.62506],[-115.37762,54.59206],[-115.38978,54.56427],[-115.42451,54.52607],[-115.48703,54.48092],[-115.57039,54.43577],[-115.61901,54.42187],[-115.67806,54.39235],[-115.7041,54.34373],[-115.70931,54.26905],[-115.74578,54.22564],[-115.78572,54.20306],[-115.79614,54.19091]]}},{"type":"Feature","properties":{"type":"Secondary Highway","name":"43","label":null,"length_km":191,"expressway":0},"geometry":{"type":"LineString","coordinates":[[-117.2844,55.06962],[-117.28788,54.92549],[-117.2844,54.90638],[-117.27746,54.89944],[-117.28093,54.82476],[-117.27225,54.80045],[-117.25836,54.78482],[-117.23578,54.76919],[-117.1559,54.73793],[-117.12637,54.71709],[-117.10554,54.68931],[-117.06733,54.61984],[-116.9805,54.51565],[-116.92146,54.45661],[-116.87283,54.42187],[-116.81379,54.39409],[-116.67833,54.34373],[-116.61234,54.32983],[-116.46126,54.31768],[-116.25287,54.31247],[-116.10005,54.276],[-116.07921,54.26384],[-116.02364,54.21348],[-115.94896,54.21001],[-115.79614,54.19091]]}},{"type":"Feature","properties":{"type":"Secondary Highway","name":"33","label":null,"length_km":124,"expressway":0},"geometry":{"type":"LineString","coordinates":[[-115.41756,54.7032],[-115.37415,54.71536],[-115.34984,54.71362],[-115.32726,54.70494],[-115.29774,54.68236],[-115.24391,54.632],[-115.18486,54.59032],[-115.1536,54.55385],[-115.05983,54.51218],[-114.99036,54.46182],[-114.9209,54.39756],[-114.85665,54.35588],[-114.80281,54.33331],[-114.73856,54.29684],[-114.65867,54.28121],[-114.58921,54.2569],[-114.57879,54.24127],[-114.57184,54.20654],[-114.54753,54.18396],[-114.49196,54.17007],[-114.37908,54.15791]]}},{"type":"Feature","properties":{"type":"Secondary Highway","name":"43","label":null,"length_km":166,"expressway":0},"geometry":{"type":"LineString","coordinates":[[-115.79614,54.19091],[-115.75273,54.17354],[-115.71279,54.14402],[-115.66937,54.13186],[-115.63464,54.10929],[-115.60338,54.09539],[-115.48529,54.06934],[-115.36894,54.05545],[-115.22654,54.00856],[-115.15881,53.97036],[-115.12408,53.94084],[-115.10671,53.93215],[-115.06851,53.92521],[-115.05462,53.91652],[-114.973,53.90263],[-114.86012,53.89569],[-114.83754,53.887],[-114.79066,53.85227],[-114.72466,53.82796],[-114.58053,53.79323],[-114.5319,53.78975],[-114.39471,53.75155],[-114.3374,53.74287]]}},{"type":"Feature","properties":{"type":"Secondary Highway","name":"32","label":null,"length_km":62,"expressway":0},"geometry":{"type":"LineString","coordinates":[[-115.67979,54.13707],[-115.73536,54.13186],[-115.76662,54.13533],[-115.77704,54.14228],[-115.79788,54.14055],[-115.83261,54.09713],[-115.83608,54.05719],[-115.84129,54.0433],[-115.88471,54.01898],[-115.90034,54.00162],[-115.91597,53.88006],[-115.92812,53.8679],[-115.96633,53.85053],[-115.98543,53.80365],[-116.00106,53.69077],[-115.99759,53.66819],[-115.98717,53.64041],[-115.96112,53.6022]]}},{"type":"Feature","properties":{"type":"Secondary Highway","name":"16","label":null,"length_km":110,"expressway":0},"geometry":{"type":"LineString","coordinates":[[-114.98689,53.5831],[-115.16402,53.6022],[-115.2057,53.6022],[-115.23522,53.59178],[-115.25953,53.59004],[-115.37415,53.60394],[-115.5044,53.60915],[-115.66242,53.60741],[-115.83956,53.61436],[-115.97328,53.6022]]}},{"type":"Feature","properties":{"type":"Secondary Highway","name":"16","label":null,"length_km":85,"expressway":0},"geometry":{"type":"LineString","coordinates":[[-114.22452,53.57268],[-114.29746,53.56573],[-114.41729,53.56573],[-114.48849,53.5692],[-114.54058,53.57963],[-114.67257,53.58657],[-114.82539,53.57615],[-114.92437,53.57963],[-114.95563,53.58831],[-114.98689,53.58831]]}},{"type":"Feature","properties":{"type":"Secondary Highway","name":"2","label":null,"length_km":173,"expressway":0},"geometry":{"type":"LineString","coordinates":[[-114.76461,55.26412],[-114.74203,55.25023],[-114.61179,55.22244],[-114.55795,55.22592],[-114.51975,55.23981],[-114.48675,55.24155],[-114.46244,55.23634],[-114.30267,55.16687],[-114.21063,55.14951],[-114.16895,55.11651],[-114.11338,55.08178],[-114.0856,55.05399],[-114.06128,55.0401],[-114.03003,55.03142],[-113.96404,55.021],[-113.839,55.01579],[-113.75043,55.02621],[-113.71049,55.021],[-113.65145,54.98279],[-113.61498,54.93417],[-113.58546,54.90986],[-113.57504,54.88902],[-113.55941,54.83518],[-113.51599,54.76225],[-113.47084,54.74141],[-113.4309,54.73272],[-113.39617,54.72925],[-113.32844,54.72925],[-113.3076,54.72578],[-113.29197,54.71189]]}},{"type":"Feature","properties":{"type":"Secondary Highway","name":"2","label":null,"length_km":63,"expressway":0},"geometry":{"type":"LineString","coordinates":[[-113.29545,54.70841],[-113.29718,54.67368],[-113.31108,54.632],[-113.33365,54.61116],[-113.37012,54.58859],[-113.38228,54.57296],[-113.38922,54.54517],[-113.38922,54.5087],[-113.39443,54.49134],[-113.43611,54.45487],[-113.48474,54.43577],[-113.49689,54.42187],[-113.51773,54.34199],[-113.5212,54.28642],[-113.52815,54.26732],[-113.56462,54.23432],[-113.62366,54.21001],[-113.63061,54.19959],[-113.63408,54.1718],[-113.6775,54.13186]]}},{"type":"Feature","properties":{"type":"Secondary Highway","name":"55","label":null,"length_km":84,"expressway":0},"geometry":{"type":"LineString","coordinates":[[-112.56781,54.81955],[-112.66854,54.81261],[-112.69285,54.81608],[-112.71716,54.8265],[-112.77621,54.82303],[-112.7901,54.81434],[-112.80225,54.79003],[-112.81094,54.74662],[-112.83004,54.73793],[-113.14089,54.74314],[-113.16694,54.73793],[-113.22077,54.72057],[-113.29197,54.70841]]}},{"type":"Feature","properties":{"type":"Secondary Highway","name":"28","label":null,"length_km":189,"expressway":0},"geometry":{"type":"LineString","coordinates":[[-112.00689,54.1336],[-112.09025,54.12492],[-112.45146,54.12839],[-112.4723,54.12318],[-112.50182,54.09887],[-112.51919,54.09366],[-112.8092,54.09713],[-112.85088,54.08671],[-112.92208,54.0624],[-112.99675,54.05371],[-113.12352,54.02246],[-113.13742,54.01725],[-113.14784,54.00509],[-113.15826,53.9582],[-113.17041,53.94605],[-113.19472,53.94084],[-113.27634,53.94778],[-113.30587,53.93563],[-113.32323,53.91305],[-113.32497,53.86269],[-113.34407,53.84359],[-113.38922,53.83317],[-113.47779,53.83664],[-113.49168,53.83317],[-113.49689,53.81927],[-113.49689,53.78975],[-113.48126,53.72376],[-113.48126,53.69945],[-113.48995,53.67166],[-113.51773,53.6213]]}},{"type":"Feature","properties":{"type":"Secondary Highway","name":null,"label":null,"length_km":286,"expressway":0},"geometry":{"type":"LineString","coordinates":[[-109.36553,56.53531],[-109.39506,56.53357],[-109.41242,56.52142],[-109.41763,56.4971],[-109.40721,56.46932],[-109.36901,56.44153],[-109.28912,56.40333],[-109.22661,56.35644],[-109.16062,56.33039],[-108.92618,56.28524],[-108.90707,56.27135],[-108.8845,56.21925],[-108.85671,56.18278],[-108.81677,56.10463],[-108.71605,56.04385],[-108.58059,55.98134],[-108.54586,55.9466],[-108.52502,55.89798],[-108.4625,55.83893],[-108.32184,55.72606],[-108.27322,55.67743],[-108.24543,55.6427],[-108.22633,55.62707],[-108.1777,55.59755],[-108.08045,55.52635],[-108.07351,55.49856],[-108.04919,55.46383],[-107.95368,55.39784],[-107.88248,55.3579],[-107.86164,55.33706],[-107.81823,55.2537],[-107.80781,55.18771],[-107.80086,55.16687],[-107.78523,55.14777],[-107.73661,55.10609],[-107.72271,55.07483],[-107.75571,55.03663],[-107.76439,55.01405],[-107.78697,54.98974],[-107.79218,54.95674],[-107.8026,54.94112],[-107.80954,54.92201],[-107.82517,54.83692],[-107.83038,54.77267],[-107.82691,54.69452],[-107.81302,54.62853],[-107.81302,54.5938],[-107.8217,54.57643],[-107.86685,54.52954],[-107.8738,54.51218],[-107.86512,54.45661],[-107.85296,54.42361],[-107.83907,54.39409],[-107.8026,54.35936],[-107.79218,54.3142],[-107.78002,54.29857]]}},{"type":"Feature","properties":{"type":"Secondary Highway","name":"55","label":null,"length_km":179,"expressway":0},"geometry":{"type":"LineString","coordinates":[[-107.78871,54.28989],[-107.77308,54.27947],[-107.74876,54.27079],[-107.65846,54.27253],[-107.61157,54.26558],[-107.5039,54.21522],[-107.47091,54.19612],[-107.40839,54.14923],[-107.38061,54.12144],[-107.31809,54.0815],[-107.28857,54.05024],[-107.2382,54.01725],[-107.19132,53.9582],[-107.10101,53.90958],[-107.05934,53.85922],[-106.98987,53.78975],[-106.97077,53.75849],[-106.95861,53.71855],[-106.96209,53.64041],[-106.95688,53.61262],[-106.87352,53.5119],[-106.67034,53.38686],[-106.56962,53.35039],[-106.51578,53.31219],[-106.40811,53.26009],[-106.39943,53.24273],[-106.39769,53.21841]]}},{"type":"Feature","properties":{"type":"Secondary Highway","name":"55","label":null,"length_km":77,"expressway":0},"geometry":{"type":"LineString","coordinates":[[-107.78002,54.29857],[-107.81302,54.29684],[-107.84254,54.28989],[-107.86512,54.25342],[-107.88595,54.24127],[-107.99362,54.22564],[-108.04919,54.22216],[-108.10303,54.19091],[-108.1395,54.18222],[-108.32879,54.18049],[-108.35136,54.1718],[-108.39304,54.13707],[-108.41388,54.1336],[-108.45556,54.13533]]}},{"type":"Feature","properties":{"type":"Secondary Highway","name":"4","label":null,"length_km":180,"expressway":0},"geometry":{"type":"LineString","coordinates":[[-110.01328,54.34373],[-109.92645,54.33157],[-109.82573,54.33157],[-109.79795,54.33331],[-109.74758,54.34894],[-109.71459,54.35415],[-109.32906,54.35415],[-109.25439,54.36109],[-109.23703,54.35588],[-109.20229,54.3281],[-109.08247,54.32115],[-109.03211,54.31247],[-109.00953,54.30205],[-108.9939,54.28989],[-108.98348,54.26905],[-108.98001,54.22738],[-108.97306,54.21001],[-108.94701,54.17701],[-108.93312,54.14923],[-108.91749,54.14055],[-108.7282,54.14228],[-108.58233,54.16138],[-108.52329,54.15617],[-108.45035,54.14228]]}},{"type":"Feature","properties":{"type":"Secondary Highway","name":"28","label":null,"length_km":177,"expressway":0},"geometry":{"type":"LineString","coordinates":[[-111.56059,54.13533],[-111.54322,54.13533],[-111.4616,54.15444],[-111.42513,54.16833],[-111.38172,54.17528],[-111.23585,54.17354],[-111.14207,54.18917],[-111.05003,54.18396],[-110.86595,54.1857],[-110.84858,54.19264],[-110.8399,54.2048],[-110.83469,54.25342],[-110.8208,54.26732],[-110.77738,54.27079],[-110.73918,54.28989],[-110.69229,54.30378],[-110.36929,54.35588],[-110.33282,54.35762],[-110.22862,54.34373],[-110.21473,54.35067],[-110.18868,54.37499],[-110.17131,54.37846],[-110.0949,54.36457],[-110.06017,54.34546],[-110.01328,54.34199]]}},{"type":"Feature","properties":{"type":"Secondary Highway","name":"36","label":null,"length_km":70,"expressway":0},"geometry":{"type":"LineString","coordinates":[[-111.57796,54.13533],[-111.57448,54.10581],[-111.54843,54.0433],[-111.54149,54.01725],[-111.54496,53.88874],[-111.65784,53.89221],[-111.68389,53.887],[-111.69778,53.87485],[-111.70299,53.83838],[-111.69604,53.74287],[-111.70473,53.7255],[-111.74988,53.69424],[-111.76377,53.66472],[-111.77072,53.61609],[-111.76377,53.531],[-111.77593,53.498],[-111.77593,53.46675],[-111.78808,53.4216]]}},{"type":"Feature","properties":{"type":"Secondary Highway","name":"16","label":null,"length_km":194,"expressway":0},"geometry":{"type":"LineString","coordinates":[[-113.52294,53.57442],[-113.37012,53.55531],[-112.84741,53.57615],[-112.81962,53.57268],[-112.58171,53.57963],[-112.36637,53.57268],[-112.2969,53.564],[-112.19271,53.54142],[-112.02426,53.48585],[-111.94785,53.48932],[-111.91833,53.48585],[-111.89749,53.47543],[-111.84713,53.43375],[-111.78808,53.4216]]}},{"type":"Feature","properties":{"type":"Secondary Highway","name":"36","label":null,"length_km":130,"expressway":0},"geometry":{"type":"LineString","coordinates":[[-111.79677,53.42681],[-111.77766,53.14027],[-111.78461,53.12116],[-111.81761,53.07949],[-111.83671,53.02739],[-111.82802,52.96487],[-111.82976,52.9093],[-111.82629,52.87109],[-111.82802,52.786],[-111.84018,52.70959],[-111.82629,52.27197],[-111.83323,52.24071],[-111.86797,52.1973],[-111.87665,52.17125],[-111.8697,52.12089],[-111.86623,51.98022],[-111.84192,51.93507],[-111.83323,51.86908],[-111.8506,51.61554]]}},{"type":"Feature","properties":{"type":"Secondary Highway","name":"16","label":null,"length_km":201,"expressway":0},"geometry":{"type":"LineString","coordinates":[[-111.79156,53.42681],[-111.73946,53.4216],[-111.70473,53.39728],[-111.68736,53.39034],[-111.60053,53.3886],[-111.4755,53.35213],[-111.41124,53.31566],[-111.37477,53.30698],[-111.32615,53.30872],[-111.23411,53.32435],[-111.04829,53.34171],[-110.72529,53.34519],[-110.3224,53.3365],[-110.22688,53.30698],[-110.14353,53.27051],[-110.11574,53.26356],[-110.07754,53.2653],[-110.00634,53.28614]]}},{"type":"Feature","properties":{"type":"Secondary Highway","name":"16","label":null,"length_km":83,"expressway":0},"geometry":{"type":"LineString","coordinates":[[-110.00634,53.28614],[-109.92298,53.28093],[-109.87088,53.2653],[-109.83268,53.24446],[-109.76495,53.18889],[-109.67291,53.14895],[-109.62081,53.13158],[-109.52704,53.11595],[-109.40895,53.11769],[-109.27697,53.09338]]}},{"type":"Feature","properties":{"type":"Secondary Highway","name":"16","label":null,"length_km":110,"expressway":0},"geometry":{"type":"LineString","coordinates":[[-109.27697,53.09338],[-109.2405,53.08643],[-109.15193,53.05344],[-108.99043,53.02739],[-108.71431,52.95271],[-108.55802,52.92319],[-108.50245,52.90756],[-108.46771,52.89193],[-108.43819,52.87109],[-108.39999,52.82594],[-108.38609,52.77905],[-108.36178,52.76343],[-108.32879,52.74953]]}},{"type":"Feature","properties":{"type":"Secondary Highway","name":"4","label":null,"length_km":118,"expressway":0},"geometry":{"type":"LineString","coordinates":[[-108.30795,52.72522],[-108.29579,52.70959],[-108.29753,52.68702],[-108.34094,52.60366],[-108.35831,52.54635],[-108.36004,52.49599],[-108.34963,52.46299],[-108.33921,52.45605],[-108.28364,52.4682],[-108.2489,52.46126],[-108.22806,52.44216],[-108.20375,52.39527],[-108.18118,52.38137],[-108.1586,52.3779],[-108.09435,52.38311],[-108.04746,52.37443],[-108.02315,52.3588],[-108.00404,52.3397],[-107.98147,52.28586],[-107.97452,52.22161],[-107.9832,52.10178],[-108.00404,51.96285],[-108.00578,51.90034],[-108.01794,51.86908],[-108.01967,51.84824],[-108.01794,51.67458],[-108.01273,51.65027],[-107.99189,51.59991],[-107.98841,51.55823]]}},{"type":"Feature","properties":{"type":"Secondary Highway","name":"4","label":null,"length_km":107,"expressway":0},"geometry":{"type":"LineString","coordinates":[[-107.99362,51.54955],[-107.99015,51.53913],[-107.99015,51.48356],[-107.99536,51.46098],[-107.99189,51.35331],[-107.99883,51.31858],[-108.03009,51.23175],[-108.04051,51.19181],[-108.03878,51.17444],[-108.02141,51.13797],[-108.0162,51.11366],[-108.03878,51.02857],[-108.02836,50.88964],[-108.03357,50.75766],[-108.02488,50.73161],[-108.00752,50.70556],[-107.9641,50.65173],[-107.93111,50.62047],[-107.89985,50.6031],[-107.84428,50.6031],[-107.80954,50.584],[-107.79392,50.48328],[-107.79218,50.30962]]}},{"type":"Feature","properties":{"type":"Secondary Highway","name":"7","label":null,"length_km":148,"expressway":0},"geometry":{"type":"LineString","coordinates":[[-106.68944,52.13652],[-106.69291,52.1313],[-106.79885,52.10352],[-106.84052,52.08615],[-106.94125,52.02364],[-107.10101,51.94549],[-107.2,51.88124],[-107.23647,51.86213],[-107.27641,51.84998],[-107.30593,51.8465],[-107.34761,51.83087],[-107.48828,51.78746],[-107.56121,51.75967],[-107.61678,51.72321],[-107.71924,51.63811],[-107.75918,51.61554],[-107.80433,51.59991],[-107.84949,51.58949],[-107.92937,51.58254],[-107.96757,51.58428]]}},{"type":"Feature","properties":{"type":"Secondary Highway","name":"2","label":null,"length_km":95,"expressway":0},"geometry":{"type":"LineString","coordinates":[[-105.54155,50.40513],[-105.52592,50.35651],[-105.52419,50.28878],[-105.53461,50.2801],[-105.5485,50.24536],[-105.56239,50.12727],[-105.57281,50.09428],[-105.68222,50.02134],[-105.75168,49.99529],[-105.97223,49.89457],[-105.99133,49.88068],[-106.00349,49.86331],[-106.01912,49.82511],[-106.02085,49.76954],[-106.00175,49.59935]]}},{"type":"Feature","properties":{"type":"Secondary Highway","name":"18","label":null,"length_km":81,"expressway":0},"geometry":{"type":"LineString","coordinates":[[-106.00175,49.59935],[-106.01043,49.52294],[-106.00696,49.35796],[-106.01043,49.32149],[-106.00696,49.31108],[-105.99654,49.29718],[-105.98612,49.24682],[-105.96181,49.19472],[-105.95834,49.16347],[-106.02259,49.16347],[-106.16325,49.18604],[-106.21535,49.1843],[-106.23619,49.17562],[-106.27961,49.14089],[-106.34039,49.127],[-106.35254,49.10268],[-106.36817,49.08879]]}},{"type":"Feature","properties":{"type":"Secondary Highway","name":"1","label":null,"length_km":252,"expressway":0},"geometry":{"type":"LineString","coordinates":[[-107.79218,50.31135],[-107.73834,50.32004],[-107.67409,50.3513],[-107.6411,50.36345],[-107.49696,50.38082],[-107.45702,50.39297],[-107.42402,50.39297],[-107.33893,50.38255],[-107.30767,50.38429],[-107.28162,50.39297],[-107.24168,50.41902],[-107.21042,50.42771],[-107.15485,50.42944],[-107.03676,50.41208],[-106.98814,50.41208],[-106.94993,50.42597],[-106.87352,50.47286],[-106.811,50.48849],[-106.76759,50.48328],[-106.68597,50.45896],[-106.63734,50.45202],[-106.59914,50.45549],[-106.5592,50.46938],[-106.0469,50.4607],[-105.90103,50.48154],[-105.86977,50.47633],[-105.82635,50.44507],[-105.80204,50.43812],[-105.69437,50.41902],[-105.57628,50.41902],[-105.55371,50.41208]]}},{"type":"Feature","properties":{"type":"Secondary Highway","name":"3","label":null,"length_km":163,"expressway":0},"geometry":{"type":"LineString","coordinates":[[-110.69403,50.01613],[-110.73744,49.98661],[-110.80864,49.94841],[-110.85032,49.93278],[-110.89026,49.88936],[-110.9111,49.87894],[-111.34004,49.87547],[-111.49634,49.82511],[-111.77419,49.82684],[-111.99995,49.806],[-112.13193,49.78864]]}},{"type":"Feature","properties":{"type":"Secondary Highway","name":"1","label":null,"length_km":39,"expressway":0},"geometry":{"type":"LineString","coordinates":[[-110.69403,50.01613],[-110.66451,50.00224],[-110.61762,49.96925],[-110.59504,49.96056],[-110.50648,49.9814],[-110.44396,49.98835],[-110.39533,49.98487],[-110.35192,49.96751]]}},{"type":"Feature","properties":{"type":"Secondary Highway","name":"1","label":null,"length_km":187,"expressway":0},"geometry":{"type":"LineString","coordinates":[[-107.79739,50.30962],[-107.86685,50.30441],[-107.93284,50.28704],[-108.17076,50.195],[-108.25064,50.17416],[-108.38609,50.15332],[-108.50766,50.10296],[-108.63095,50.08386],[-108.74731,50.07865],[-108.86019,50.06649],[-108.97306,50.03871],[-109.046,50.02829],[-109.10331,50.01266],[-109.27176,50.00398],[-109.28912,50.0005],[-109.29954,49.98835],[-109.40374,49.98487],[-109.45931,49.97793]]}},{"type":"Feature","properties":{"type":"Secondary Highway","name":"21","label":null,"length_km":148,"expressway":0},"geometry":{"type":"LineString","coordinates":[[-109.45931,49.97793],[-109.46278,50.56316],[-109.53572,50.61352],[-109.51835,51.21091],[-109.46105,51.2057],[-109.42458,51.20917],[-109.3499,51.23349],[-109.30996,51.24217],[-109.22834,51.23696],[-109.16409,51.2439],[-109.15888,51.35678],[-109.1693,51.46966]]}},{"type":"Feature","properties":{"type":"Secondary Highway","name":"1","label":null,"length_km":100,"expressway":0},"geometry":{"type":"LineString","coordinates":[[-109.45931,49.97793],[-109.58782,49.97619],[-109.82747,49.96056],[-109.96813,49.96056],[-110.05149,49.93451],[-110.08796,49.93278],[-110.1991,49.93625],[-110.25988,49.94841],[-110.32066,49.95362],[-110.35018,49.96751]]}},{"type":"Feature","properties":{"type":"Secondary Highway","name":"41","label":null,"length_km":79,"expressway":0},"geometry":{"type":"LineString","coordinates":[[-110.35192,49.96751],[-110.34324,49.84247],[-110.34845,49.78343],[-110.34671,49.76085],[-110.32761,49.72438],[-110.26683,49.65319],[-110.2512,49.61151],[-110.24946,49.53683],[-110.24078,49.45521],[-110.24772,49.43264],[-110.27551,49.38054],[-110.28072,49.36144],[-110.25641,49.29892],[-110.25641,49.19299],[-110.24425,49.12005],[-110.24425,49.03669],[-110.2373,49.02106],[-110.21646,48.99328]]}},{"type":"Feature","properties":{"type":"Secondary Highway","name":"3","label":null,"length_km":41,"expressway":0},"geometry":{"type":"LineString","coordinates":[[-117.97383,49.24335],[-117.99988,49.24335],[-118.02072,49.25377],[-118.05198,49.2503],[-118.07282,49.22598],[-118.09713,49.22077],[-118.10755,49.18604],[-118.11102,49.15478],[-118.11971,49.14263],[-118.21869,49.11831],[-118.22043,49.11137],[-118.21696,49.07316],[-118.2048,49.04364],[-118.21869,49.01064]]}},{"type":"Feature","properties":{"type":"Secondary Highway","name":"1","label":null,"length_km":75,"expressway":0},"geometry":{"type":"MultiLineString","coordinates":[[[-120.83748,50.1377],[-120.88263,50.14985],[-120.90694,50.14985],[-120.94515,50.1429],[-121.00766,50.1429],[-121.03371,50.14985],[-121.04587,50.16722],[-121.08581,50.25752],[-121.10144,50.27489],[-121.13443,50.29572],[-121.19695,50.32525],[-121.24384,50.3895],[-121.27857,50.41555],[-121.35325,50.42597]],[[-120.83748,50.13943],[-120.82011,50.1238],[-120.77149,50.10817],[-120.75238,50.09081]]]}},{"type":"Feature","properties":{"type":"Secondary Highway","name":"5A","label":null,"length_km":23,"expressway":0},"geometry":{"type":"LineString","coordinates":[[-120.75238,50.09081],[-120.70029,50.09254],[-120.67597,50.0856],[-120.61519,50.00224],[-120.62909,49.92757]]}},{"type":"Feature","properties":{"type":"Secondary Highway","name":"97","label":null,"length_km":86,"expressway":0},"geometry":{"type":"LineString","coordinates":[[-119.68438,49.80948],[-119.76252,49.7678],[-119.76947,49.7296],[-119.74169,49.70007],[-119.6948,49.66187],[-119.67396,49.6063],[-119.64965,49.57156],[-119.6427,49.54725],[-119.61491,49.49689],[-119.60797,49.46911],[-119.6427,49.44827],[-119.64444,49.42395],[-119.63575,49.40138],[-119.61144,49.37533],[-119.54719,49.32844],[-119.51246,49.28503],[-119.51419,49.26071],[-119.54719,49.18604],[-119.58539,49.16347],[-119.59755,49.13742],[-119.59928,49.12179],[-119.56455,49.0558]]}},{"type":"Feature","properties":{"type":"Secondary Highway","name":"6","label":null,"length_km":213,"expressway":0},"geometry":{"type":"LineString","coordinates":[[-117.80538,50.24884],[-117.78802,50.228],[-117.7776,50.19327],[-117.77933,50.15853],[-117.78975,50.13596],[-117.80191,50.12206],[-117.82101,50.10991],[-117.84532,50.10296],[-117.89569,50.09949],[-117.90958,50.09428],[-117.91479,50.0856],[-117.91305,50.06649],[-117.88527,50.03176],[-117.87832,50.01613],[-117.87832,49.99703],[-117.88874,49.97445],[-117.91479,49.95709],[-117.98425,49.93972],[-118.01377,49.9293],[-118.07456,49.87373],[-118.10929,49.86331],[-118.13534,49.86679],[-118.16138,49.87894],[-118.19091,49.90152],[-118.25169,49.9623],[-118.40103,50.04218],[-118.42882,50.04739],[-118.51739,50.04913],[-118.54517,50.05434],[-118.56601,50.06649],[-118.56254,50.08039],[-118.52086,50.10817],[-118.50349,50.12554],[-118.49828,50.1429],[-118.5087,50.16548],[-118.53128,50.18632],[-118.60422,50.22105],[-118.69799,50.23842],[-118.75704,50.26794],[-118.7883,50.27489],[-118.81261,50.26968],[-118.87165,50.2471],[-118.93764,50.24884],[-119.01926,50.24189],[-119.10783,50.24189],[-119.17382,50.228],[-119.20161,50.23147],[-119.2346,50.24884],[-119.27281,50.24884]]}},{"type":"Feature","properties":{"type":"Secondary Highway","name":"23","label":null,"length_km":30,"expressway":0},"geometry":{"type":"LineString","coordinates":[[-117.87832,50.61005],[-117.87832,50.57011],[-117.89916,50.47112],[-117.89742,50.40513],[-117.89221,50.3895],[-117.87658,50.36693],[-117.85922,50.31135],[-117.80538,50.24884]]}},{"type":"Feature","properties":{"type":"Secondary Highway","name":"23","label":null,"length_km":49,"expressway":0},"geometry":{"type":"LineString","coordinates":[[-118.22737,51.00252],[-118.2239,50.95563],[-118.20827,50.92263],[-118.14575,50.88096],[-118.10929,50.83581],[-118.05893,50.78544],[-117.96862,50.67951],[-117.87832,50.61005]]}},{"type":"Feature","properties":{"type":"Secondary Highway","name":"95","label":null,"length_km":118,"expressway":0},"geometry":{"type":"LineString","coordinates":[[-116.97876,51.31684],[-116.85199,51.19702],[-116.76864,51.14318],[-116.67312,51.09629],[-116.56198,51.06156],[-116.43695,50.98342],[-116.25634,50.83581],[-116.18688,50.76808],[-116.12957,50.69861],[-116.10178,50.64825],[-116.0931,50.62394],[-116.03406,50.62915]]}},{"type":"Feature","properties":{"type":"Secondary Highway","name":"93","label":null,"length_km":75,"expressway":0},"geometry":{"type":"LineString","coordinates":[[-116.0549,50.617],[-115.97849,50.47459],[-115.91076,50.4086],[-115.87776,50.35651],[-115.87255,50.32872],[-115.89687,50.28704],[-115.89339,50.21584],[-115.88471,50.18806],[-115.86387,50.16722],[-115.79093,50.1377],[-115.77357,50.11859],[-115.76141,50.09775],[-115.75273,50.06997],[-115.7562,50.00745],[-115.75099,49.94493],[-115.73536,49.9432],[-115.72842,49.91715],[-115.73015,49.89978],[-115.74752,49.87547]]}},{"type":"Feature","properties":{"type":"Secondary Highway","name":null,"label":null,"length_km":67,"expressway":0},"geometry":{"type":"LineString","coordinates":[[-115.74752,49.87547],[-115.74926,49.85116],[-115.77183,49.82684],[-115.77878,49.81469],[-115.77009,49.77996],[-115.77183,49.76259],[-115.79614,49.7296],[-115.8274,49.70876],[-115.86387,49.69834],[-115.88992,49.6966],[-115.94375,49.70702],[-115.96807,49.70355],[-115.98196,49.69139],[-115.99759,49.64798],[-115.99411,49.6445],[-115.95417,49.63755],[-115.91423,49.6254],[-115.77878,49.56983],[-115.74926,49.54552]]}},{"type":"Feature","properties":{"type":"Secondary Highway","name":"93","label":null,"length_km":33,"expressway":0},"geometry":{"type":"LineString","coordinates":[[-115.77704,49.80427],[-115.66069,49.66881],[-115.64853,49.6445],[-115.64506,49.62887],[-115.6468,49.61151],[-115.6659,49.59067],[-115.74926,49.54552]]}},{"type":"Feature","properties":{"type":"Secondary Highway","name":"3","label":null,"length_km":43,"expressway":0},"geometry":{"type":"LineString","coordinates":[[-116.5203,49.10268],[-116.4821,49.10268],[-116.45605,49.11831],[-116.39874,49.13742],[-116.3779,49.15652],[-116.35706,49.15825],[-116.34838,49.17041],[-116.30149,49.17562],[-116.25113,49.16173],[-116.15215,49.08705]]}},{"type":"Feature","properties":{"type":"Secondary Highway","name":"3","label":null,"length_km":71,"expressway":0},"geometry":{"type":"LineString","coordinates":[[-115.74926,49.54552],[-115.79441,49.49515],[-115.86734,49.45174],[-115.8795,49.43785],[-115.8795,49.42395],[-115.87255,49.41006],[-115.83608,49.39096],[-115.82219,49.37012],[-115.81872,49.31802],[-115.82219,49.29718],[-115.82914,49.28503],[-115.84824,49.27113],[-115.88818,49.25203],[-116.00801,49.20688],[-116.02364,49.19125],[-116.04274,49.13915],[-116.05837,49.11831],[-116.10005,49.094],[-116.1452,49.08705]]}},{"type":"Feature","properties":{"type":"Secondary Highway","name":"3","label":null,"length_km":177,"expressway":0},"geometry":{"type":"LineString","coordinates":[[-117.97557,49.24161],[-117.9061,49.22425],[-117.87658,49.21035],[-117.85922,49.18778],[-117.82622,49.11484],[-117.81059,49.09921],[-117.79844,49.09574],[-117.71161,49.11658],[-117.68382,49.11137],[-117.6213,49.09053],[-117.59525,49.08705],[-117.56226,49.10095],[-117.47196,49.17041],[-117.43722,49.18951],[-117.39902,49.19299],[-117.28093,49.18257],[-117.2653,49.17388],[-117.26009,49.16347],[-117.26356,49.09921],[-117.25488,49.0749],[-117.17326,49.01586],[-117.11595,49.05927],[-117.09859,49.06448],[-117.04302,49.06795],[-116.97529,49.10789],[-116.90062,49.1131],[-116.77558,49.14957],[-116.74085,49.14957],[-116.65228,49.13047],[-116.52204,49.11658]]}},{"type":"Feature","properties":{"type":"Secondary Highway","name":"3A","label":null,"length_km":53,"expressway":0},"geometry":{"type":"LineString","coordinates":[[-117.55879,49.44653],[-117.564,49.43437],[-117.56226,49.41006],[-117.56921,49.3927],[-117.63346,49.33192],[-117.64214,49.30587],[-117.65951,49.29197],[-117.70119,49.28676],[-117.81928,49.30587],[-117.86269,49.30413],[-117.9009,49.29197],[-117.96862,49.25203],[-117.97557,49.24161]]}},{"type":"Feature","properties":{"type":"Secondary Highway","name":"6","label":null,"length_km":87,"expressway":0},"geometry":{"type":"LineString","coordinates":[[-116.82018,49.66415],[-116.83115,49.67055],[-116.85199,49.67402],[-116.87978,49.67229],[-117.01176,49.63235],[-117.21494,49.59414],[-117.2462,49.58025],[-117.2792,49.55593],[-117.29309,49.53162],[-117.30177,49.49342],[-117.44764,49.49168],[-117.53795,49.45],[-117.55879,49.44653]]}},{"type":"Feature","properties":{"type":"Secondary Highway","name":"6","label":null,"length_km":117,"expressway":0},"geometry":{"type":"LineString","coordinates":[[-117.55879,49.44653],[-117.59005,49.49515],[-117.64041,49.52989],[-117.65256,49.54204],[-117.65256,49.54899],[-117.64388,49.55767],[-117.60915,49.56636],[-117.59178,49.57851],[-117.54316,49.63582],[-117.49801,49.67923],[-117.47543,49.73481],[-117.45806,49.80948],[-117.43722,49.82337],[-117.42159,49.85637],[-117.37644,49.89978],[-117.36255,49.92062],[-117.35734,49.94841],[-117.36255,49.98487],[-117.37471,50.01266],[-117.39207,50.03524],[-117.44417,50.08386],[-117.48759,50.11512],[-117.55184,50.14117],[-117.60915,50.14117],[-117.6543,50.14638],[-117.66472,50.15506],[-117.69771,50.20369],[-117.72897,50.22973],[-117.76371,50.24536],[-117.80538,50.24884]]}},{"type":"Feature","properties":{"type":"Secondary Highway","name":"1","label":null,"length_km":157,"expressway":0},"geometry":{"type":"LineString","coordinates":[[-116.97529,51.32552],[-117.02739,51.37762],[-117.06559,51.43493],[-117.15069,51.49571],[-117.26183,51.49571],[-117.32956,51.47487],[-117.35213,51.47314],[-117.36776,51.47835],[-117.4077,51.51134],[-117.43202,51.51829],[-117.44938,51.51829],[-117.46327,51.51134],[-117.47543,51.49571],[-117.48411,51.47487],[-117.48585,51.4523],[-117.48064,51.42451],[-117.44591,51.37589],[-117.4407,51.35331],[-117.44764,51.34289],[-117.46154,51.33421],[-117.49801,51.32379],[-117.51363,51.31337],[-117.52753,51.28906],[-117.52579,51.26127],[-117.57962,51.25953],[-117.6213,51.24564],[-117.69771,51.20744],[-117.75502,51.18312],[-117.92868,51.08761],[-118.13013,51.00078],[-118.13881,50.9921]]}},{"type":"Feature","properties":{"type":"Secondary Highway","name":"11","label":null,"length_km":234,"expressway":0},"geometry":{"type":"LineString","coordinates":[[-114.93827,52.42132],[-115.14839,52.41263],[-115.19702,52.41437],[-115.23349,52.42479],[-115.30642,52.46126],[-115.39325,52.48557],[-115.5044,52.50294],[-115.55649,52.5012],[-115.66242,52.48036],[-115.71626,52.47341],[-115.85171,52.48731],[-115.94375,52.50467],[-116.00453,52.49599],[-116.08963,52.47341],[-116.17646,52.44042],[-116.2546,52.41784],[-116.30149,52.39179],[-116.34143,52.3588],[-116.3779,52.34491],[-116.39353,52.31017],[-116.42305,52.26155],[-116.46647,52.24939],[-116.4821,52.23724],[-116.50467,52.21119],[-116.50815,52.19035],[-116.49773,52.17472],[-116.45779,52.13999],[-116.44563,52.09831],[-116.41784,52.07052],[-116.41958,52.04621],[-116.44042,52.02537],[-116.47168,52.00801],[-116.49946,52.00106],[-116.55504,52.01495],[-116.63666,52.02016],[-116.69223,51.99411],[-116.74432,51.97501]]}},{"type":"Feature","properties":{"type":"Secondary Highway","name":"93","label":null,"length_km":47,"expressway":0},"geometry":{"type":"LineString","coordinates":[[-118.10929,52.86068],[-118.08324,52.82768],[-118.03114,52.81205],[-117.9582,52.74085],[-117.88179,52.7148],[-117.87311,52.70438],[-117.86964,52.69223],[-117.887,52.66444],[-117.85922,52.64881],[-117.80538,52.59845],[-117.78454,52.58977],[-117.77065,52.5915],[-117.77239,52.59324]]}},{"type":"Feature","properties":{"type":"Secondary Highway","name":"16","label":null,"length_km":193,"expressway":0},"geometry":{"type":"LineString","coordinates":[[-115.96112,53.6022],[-115.99932,53.59004],[-116.05316,53.5831],[-116.18688,53.5831],[-116.3067,53.57615],[-116.397,53.58483],[-116.53072,53.56573],[-116.59498,53.56573],[-116.67312,53.57615],[-116.70959,53.57615],[-116.77037,53.564],[-116.84678,53.531],[-116.87283,53.53795],[-116.97876,53.54142],[-117.12637,53.53621],[-117.20452,53.55184],[-117.23752,53.55358],[-117.24967,53.54837],[-117.27572,53.51711],[-117.32087,53.50843],[-117.3556,53.49106],[-117.50669,53.43549],[-117.54837,53.41465],[-117.60394,53.37471],[-117.65256,53.35908],[-117.66819,53.34692]]}},{"type":"Feature","properties":{"type":"Secondary Highway","name":"40","label":null,"length_km":341,"expressway":0},"geometry":{"type":"LineString","coordinates":[[-118.82303,55.16861],[-118.82129,55.11304],[-118.80913,55.08178],[-118.79698,55.07483],[-118.76051,55.07483],[-118.74662,55.06789],[-118.73967,55.0592],[-118.77093,54.98453],[-118.78135,54.92375],[-118.7744,54.90117],[-118.72057,54.84387],[-118.69799,54.79871],[-118.68584,54.69452],[-118.68931,54.67368],[-118.70668,54.63547],[-118.71536,54.58859],[-118.71536,54.55038],[-118.71015,54.51912],[-118.69626,54.49655],[-118.67542,54.48092],[-118.59206,54.44966],[-118.56601,54.43229],[-118.54691,54.40624],[-118.53302,54.37499],[-118.5226,54.33678],[-118.52433,54.31247],[-118.54344,54.28642],[-118.61811,54.24995],[-118.68584,54.19438],[-118.82129,54.14228],[-118.87512,54.09192],[-118.91159,54.0815],[-119.00016,54.07282],[-119.07831,54.03982],[-119.10088,54.01204],[-119.15298,53.97904],[-119.17208,53.96168],[-119.17729,53.9391],[-119.16687,53.91652],[-119.14951,53.90263],[-119.11304,53.89569],[-119.06962,53.90089],[-118.97758,53.92],[-118.90638,53.92521],[-118.69452,53.92694],[-118.61811,53.91479],[-118.59727,53.89742],[-118.58859,53.85922],[-118.55907,53.85574],[-118.47397,53.82622],[-118.37672,53.77586],[-118.30379,53.7637],[-118.28989,53.75155],[-118.27947,53.71855],[-118.23259,53.67514],[-118.20654,53.66125],[-118.11797,53.62825],[-118.05545,53.5831],[-117.95473,53.55184],[-117.87311,53.54837],[-117.84532,53.53968],[-117.82448,53.51363],[-117.81754,53.48238],[-117.81233,53.47369],[-117.74634,53.43896],[-117.70987,53.38686],[-117.65951,53.3556]]}},{"type":"Feature","properties":{"type":"Secondary Highway","name":"16","label":null,"length_km":70,"expressway":0},"geometry":{"type":"LineString","coordinates":[[-117.66819,53.3556],[-117.70119,53.30698],[-117.82101,53.22189],[-117.8488,53.21147],[-117.91479,53.21147],[-117.94084,53.20105],[-117.95126,53.18889],[-117.95994,53.14548],[-117.9721,53.12637],[-117.9912,53.11248],[-118.06066,53.07601],[-118.08671,53.05517],[-118.09887,53.03607],[-118.1006,53.01349],[-118.07108,52.95619],[-118.06761,52.93709],[-118.07456,52.91451],[-118.09366,52.89541],[-118.09539,52.86936],[-118.10234,52.86068]]}},{"type":"Feature","properties":{"type":"Secondary Highway","name":"16","label":null,"length_km":43,"expressway":0},"geometry":{"type":"LineString","coordinates":[[-118.47745,52.89714],[-118.45313,52.88672],[-118.40277,52.8763],[-118.32462,52.87457],[-118.25863,52.85894],[-118.09539,52.86068]]}},{"type":"Feature","properties":{"type":"Secondary Highway","name":"5","label":null,"length_km":173,"expressway":0},"geometry":{"type":"LineString","coordinates":[[-119.09741,52.57587],[-119.13735,52.46473],[-119.15645,52.42132],[-119.16166,52.39006],[-119.19292,52.28586],[-119.22939,52.23029],[-119.26065,52.16604],[-119.31622,52.09484],[-119.33359,52.05663],[-119.34053,52.01322],[-119.34053,51.94202],[-119.33011,51.91076],[-119.30059,51.8465],[-119.29538,51.80483],[-119.30406,51.79267],[-119.35269,51.76662],[-119.37526,51.72321],[-119.38047,51.70584],[-119.39784,51.7041],[-119.42562,51.68674],[-119.46383,51.67632],[-119.61839,51.67632],[-119.65833,51.67284],[-119.68612,51.65722],[-119.70695,51.62075],[-119.72432,51.60859],[-119.74169,51.60164],[-119.78684,51.60512],[-119.8181,51.59122],[-119.86151,51.58428],[-119.91013,51.60512],[-119.9796,51.65027],[-120.01259,51.65548],[-120.04212,51.65027],[-120.08727,51.62596],[-120.13937,51.5808],[-120.16194,51.53913],[-120.18278,51.48529],[-120.17931,51.48182]]}},{"type":"Feature","properties":{"type":"Secondary Highway","name":"24","label":null,"length_km":129,"expressway":0},"geometry":{"type":"LineString","coordinates":[[-120.20188,51.45056],[-120.2314,51.45924],[-120.25919,51.47835],[-120.30782,51.48182],[-120.33734,51.47835],[-120.37902,51.45056],[-120.4068,51.44709],[-120.47453,51.47314],[-120.54226,51.48182],[-120.59609,51.50092],[-120.62388,51.49918],[-120.67597,51.48008],[-120.70202,51.47661],[-120.93994,51.54607],[-121.04761,51.5426],[-121.16917,51.54607],[-121.24731,51.55997],[-121.31678,51.5617],[-121.33414,51.56865],[-121.34283,51.57733]]}},{"type":"Feature","properties":{"type":"Secondary Highway","name":"97","label":null,"length_km":100,"expressway":0},"geometry":{"type":"LineString","coordinates":[[-121.34283,51.57733],[-121.3654,51.55302],[-121.37582,51.5235],[-121.37582,51.4905],[-121.3654,51.38457],[-121.37408,51.33768],[-121.39666,51.3099],[-121.46265,51.26822],[-121.50607,51.2248],[-121.53038,51.20917],[-121.53038,51.19702],[-121.50433,51.15881],[-121.50433,51.13797],[-121.51996,51.12408],[-121.55295,51.1154],[-121.56337,51.10324],[-121.58421,51.09282],[-121.58769,51.0824],[-121.57727,51.06851],[-121.54601,51.05635],[-121.53906,51.01641],[-121.51822,50.99557],[-121.51127,50.98168],[-121.46265,50.97647],[-121.40013,50.94],[-121.38624,50.88617],[-121.38277,50.84101],[-121.37582,50.82539],[-121.33762,50.8167],[-121.27336,50.79065]]}},{"type":"Feature","properties":{"type":"Secondary Highway","name":"97","label":null,"length_km":112,"expressway":0},"geometry":{"type":"LineString","coordinates":[[-122.14166,52.11568],[-122.001,52.11915],[-121.94369,52.11047],[-121.92632,52.09484],[-121.90027,52.041],[-121.81171,51.95244],[-121.76829,51.91944],[-121.73009,51.90034],[-121.69883,51.87776],[-121.65194,51.85866],[-121.49912,51.83261],[-121.41055,51.78225],[-121.32546,51.74231],[-121.29941,51.71105],[-121.29247,51.67632],[-121.29941,51.63117],[-121.32546,51.58254],[-121.3272,51.56518]]}},{"type":"Feature","properties":{"type":"Secondary Highway","name":"97","label":null,"length_km":329,"expressway":0},"geometry":{"type":"LineString","coordinates":[[-121.51996,55.68264],[-121.59289,55.69132],[-121.66583,55.6809],[-121.71793,55.66354],[-121.80997,55.60797],[-121.8638,55.59581],[-121.94542,55.60102],[-121.97842,55.60797],[-122.01141,55.6236],[-122.0774,55.63402],[-122.14166,55.63402],[-122.22154,55.62707],[-122.29969,55.61144],[-122.42993,55.57323],[-122.46293,55.55761],[-122.51329,55.52287],[-122.54629,55.50898],[-122.60186,55.50551],[-122.72342,55.5194],[-122.75468,55.51593],[-122.77031,55.50551],[-122.77378,55.4812],[-122.75815,55.46036],[-122.65569,55.41173],[-122.61922,55.40131],[-122.61749,55.36484],[-122.6227,55.34401],[-122.63659,55.32664],[-122.67132,55.29538],[-122.70258,55.22939],[-122.71994,55.20855],[-122.74252,55.19639],[-122.77552,55.19292],[-122.7842,55.18077],[-122.86582,55.14256],[-122.92139,55.13214],[-122.93876,55.12519],[-123.0169,55.07136],[-123.02906,55.04878],[-123.0308,55.01926],[-123.02559,54.98974],[-123.00301,54.95674],[-122.87277,54.85428],[-122.83456,54.81782],[-122.81199,54.78656],[-122.79462,54.75356],[-122.78767,54.7032],[-122.78073,54.68063],[-122.71994,54.60248],[-122.70953,54.53649],[-122.70258,54.51218],[-122.67653,54.4705],[-122.63485,54.42187],[-122.62617,54.40103],[-122.62617,54.37499],[-122.64353,54.33504],[-122.64701,54.3142],[-122.60707,54.22216],[-122.60186,54.19959],[-122.60359,54.18049],[-122.61401,54.1718],[-122.62443,54.17007],[-122.63485,54.13881],[-122.66437,54.09713],[-122.69563,54.07803],[-122.76162,54.05024],[-122.79115,54.02767],[-122.79636,54.01551],[-122.79636,53.99641],[-122.77204,53.94952],[-122.76857,53.92347]]}},{"type":"Feature","properties":{"type":"Secondary Highway","name":"97","label":null,"length_km":147,"expressway":0},"geometry":{"type":"LineString","coordinates":[[-120.21057,55.77294],[-120.2262,55.76252],[-120.24703,55.75905],[-120.37554,55.76252],[-120.511,55.75558],[-120.57872,55.76252],[-120.66208,55.79031],[-120.70202,55.79552],[-120.76107,55.79726],[-120.95036,55.79031],[-121.01635,55.78336],[-121.16048,55.75731],[-121.21779,55.72432],[-121.2751,55.72432],[-121.30462,55.70869],[-121.32372,55.70522],[-121.39319,55.70695],[-121.44181,55.68438],[-121.51996,55.68264]]}},{"type":"Feature","properties":{"type":"Secondary Highway","name":"97","label":null,"length_km":26,"expressway":0},"geometry":{"type":"LineString","coordinates":[[-121.02156,56.31129],[-120.96251,56.27308],[-120.94167,56.26614],[-120.86874,56.24877],[-120.7958,56.24182]]}},{"type":"Feature","properties":{"type":"Secondary Highway","name":"29","label":null,"length_km":109,"expressway":0},"geometry":{"type":"LineString","coordinates":[[-121.01982,56.30955],[-121.12401,56.30955],[-121.19,56.3026],[-121.21605,56.29219],[-121.24037,56.25919],[-121.25773,56.24877],[-121.53212,56.20015],[-121.54427,56.1932],[-121.56337,56.16715],[-121.61373,56.15326],[-121.63457,56.13763],[-121.65194,56.13763],[-121.71619,56.12374],[-121.80997,56.12026],[-121.82386,56.11158],[-121.8447,56.07337],[-121.86901,56.04385],[-121.88638,56.03517],[-121.93327,56.02475],[-121.95411,56.01086],[-121.95818,55.99729]]}},{"type":"Feature","properties":{"type":"Secondary Highway","name":"97","label":null,"length_km":411,"expressway":0},"geometry":{"type":"LineString","coordinates":[[-123.10373,58.90055],[-122.99954,58.87624],[-122.90229,58.84151],[-122.8224,58.82935],[-122.65569,58.78594],[-122.69563,58.71995],[-122.70258,58.64006],[-122.66785,58.58623],[-122.70953,58.49419],[-122.713,58.38305],[-122.67132,58.29448],[-122.59144,58.19028],[-122.63485,58.15555],[-122.70258,58.13992],[-122.72168,58.12603],[-122.72863,58.11214],[-122.73037,58.09651],[-122.71647,58.03746],[-122.71647,58.01315],[-122.81893,57.95584],[-122.82761,57.935],[-122.82067,57.89333],[-122.82761,57.87596],[-122.85887,57.84991],[-122.8936,57.7926],[-122.93876,57.75787],[-123.00996,57.69362],[-122.91618,57.48175],[-122.85887,57.37061],[-122.8363,57.33761],[-122.83456,57.32546],[-122.84324,57.29767],[-122.8363,57.27857],[-122.81372,57.26642],[-122.7321,57.25426],[-122.70953,57.2421],[-122.70258,57.22474],[-122.70953,57.19348],[-122.70779,57.18132],[-122.67479,57.11186],[-122.65222,57.09102],[-122.54802,57.07539],[-122.43341,57.01461],[-122.39173,57.00072],[-122.21286,56.98335],[-122.15902,56.97119],[-122.11387,56.94688],[-122.0583,56.92604],[-122.02878,56.90868],[-121.80823,56.72633],[-121.78739,56.71765],[-121.71793,56.70202],[-121.65541,56.64992],[-121.53732,56.61519],[-121.47828,56.60825],[-121.4175,56.58914],[-121.38277,56.58393],[-121.34456,56.56483],[-121.26642,56.54573],[-121.23863,56.52142],[-121.19869,56.45716],[-121.17785,56.43459],[-121.06497,56.36165],[-121.01982,56.31303]]}},{"type":"Feature","properties":{"type":"Secondary Highway","name":"7","label":null,"length_km":65,"expressway":0},"geometry":{"type":"LineString","coordinates":[[-134.01476,60.32803],[-133.98002,60.30198],[-133.9314,60.27941],[-133.90535,60.23599],[-133.83068,60.15958],[-133.81678,60.13874],[-133.81157,60.09533],[-133.79768,60.0658],[-133.79074,60.03455],[-133.77858,60.01197],[-133.78032,59.95987],[-133.79768,59.87131],[-133.79421,59.83136],[-133.76469,59.75148],[-133.7178,59.71675],[-133.71085,59.70112],[-133.69001,59.68202],[-133.67786,59.60387],[-133.68133,59.58651],[-133.69001,59.57956]]}},{"type":"Feature","properties":{"type":"Secondary Highway","name":"1","label":null,"length_km":429,"expressway":0},"geometry":{"type":"LineString","coordinates":[[-140.99934,62.61339],[-140.95766,62.59429],[-140.96113,62.58387],[-140.98024,62.56303],[-140.98197,62.54219],[-140.94724,62.52135],[-140.88646,62.50398],[-140.86736,62.48488],[-140.86562,62.46752],[-140.85694,62.4432],[-140.86388,62.41542],[-140.87951,62.38763],[-140.88125,62.37548],[-140.84999,62.34248],[-140.83957,62.3199],[-140.74927,62.27996],[-140.69196,62.26781],[-140.68675,62.25739],[-140.69544,62.21571],[-140.67807,62.18619],[-140.69022,62.15666],[-140.67112,62.0872],[-140.65723,62.05594],[-140.61555,62.02295],[-140.56345,61.99516],[-140.44884,61.96564],[-140.33075,61.94654],[-140.23176,61.91181],[-140.15014,61.87186],[-139.98864,61.76246],[-139.80803,61.69647],[-139.73163,61.68257],[-139.71599,61.67042],[-139.69689,61.63742],[-139.67432,61.62527],[-139.51802,61.59227],[-139.40862,61.58533],[-139.3652,61.57664],[-139.33047,61.55059],[-139.21759,61.41861],[-139.17244,61.38388],[-139.12903,61.36999],[-139.02657,61.35088],[-138.98142,61.33873],[-138.8477,61.27969],[-138.70356,61.20154],[-138.67057,61.19112],[-138.61326,61.18417],[-138.58374,61.17028],[-138.56984,61.15639],[-138.55595,61.13207],[-138.54206,61.09561],[-138.53164,61.04872],[-138.5108,61.03656],[-138.5108,61.01051],[-138.49864,60.99662],[-138.47954,60.99488],[-138.40487,61.01399],[-138.3354,61.0192],[-138.24857,61.01225],[-138.13396,60.98967],[-137.82137,60.90458],[-137.7849,60.882],[-137.73628,60.82991],[-137.69634,60.80907],[-137.54004,60.76392],[-137.51399,60.74134]]}},{"type":"Feature","properties":{"type":"Secondary Highway","name":"11","label":null,"length_km":156,"expressway":0},"geometry":{"type":"LineString","coordinates":[[-135.33804,63.91584],[-135.37798,63.93494],[-135.40056,63.93494],[-135.48739,63.89847],[-135.59679,63.87937],[-135.6541,63.86547],[-135.7444,63.82553],[-135.79477,63.79254],[-135.82602,63.75607],[-135.83818,63.72307],[-135.83818,63.67618],[-135.84165,63.65187],[-135.85381,63.63103],[-135.87291,63.61888],[-135.96495,63.61193],[-136.02226,63.58762],[-136.11604,63.56678],[-136.17161,63.54247],[-136.25323,63.49211],[-136.28275,63.48169],[-136.3088,63.47821],[-136.37305,63.48169],[-136.41647,63.47821],[-136.46683,63.46085],[-136.51545,63.43133],[-136.60228,63.41049],[-136.67695,63.4018]]}},{"type":"Feature","properties":{"type":"Secondary Highway","name":"2","label":null,"length_km":165,"expressway":0},"geometry":{"type":"LineString","coordinates":[[-136.67695,63.4018],[-136.68216,63.38965],[-136.67869,63.36534],[-136.63875,63.32713],[-136.5745,63.27503],[-136.55018,63.24551],[-136.51545,63.16215],[-136.49288,63.12395],[-136.45293,63.07706],[-136.44599,63.05275],[-136.45641,63.03017],[-136.49114,62.98676],[-136.50503,62.95897],[-136.50677,62.92945],[-136.49114,62.85999],[-136.49461,62.84436],[-136.55192,62.8322],[-136.58144,62.79747],[-136.60923,62.77663],[-136.62486,62.76795],[-136.66133,62.75753],[-136.70648,62.72453],[-136.78983,62.67764],[-136.81415,62.65333],[-136.82804,62.63423],[-136.83672,62.60471],[-136.83325,62.5856],[-136.81067,62.55956],[-136.77941,62.54566],[-136.65959,62.47272],[-136.55713,62.40152],[-136.36784,62.35637],[-136.31922,62.33727],[-136.29317,62.3199],[-136.2758,62.29907],[-136.27059,62.27302],[-136.27233,62.25912],[-136.30359,62.25565],[-136.26712,62.16709]]}},{"type":"Feature","properties":{"type":"Secondary Highway","name":"2","label":null,"length_km":236,"expressway":0},"geometry":{"type":"LineString","coordinates":[[-138.75392,63.98877],[-138.71745,63.95404],[-138.68272,63.93841],[-138.58895,63.94015],[-138.50385,63.95751],[-138.46217,63.95578],[-138.42223,63.94362],[-138.30935,63.90021],[-138.18953,63.87763],[-137.86652,63.80469],[-137.77796,63.77864],[-137.65639,63.71613],[-137.64424,63.65361],[-137.52962,63.6154],[-137.45495,63.59978],[-137.43411,63.58588],[-137.40112,63.55115],[-137.37854,63.53899],[-137.35423,63.53726],[-137.2865,63.55115],[-137.0729,63.53552],[-137.02601,63.52336],[-136.99302,63.4869],[-136.97739,63.47648],[-136.88014,63.4539],[-136.87145,63.44696],[-136.86277,63.43306],[-136.80199,63.41222],[-136.75163,63.4018],[-136.67695,63.4018]]}},{"type":"Feature","properties":{"type":"Major Highway","name":"9","label":null,"length_km":251,"expressway":1},"geometry":{"type":"LineString","coordinates":[[-140.99587,64.08081],[-140.95592,64.07908],[-140.88646,64.09991],[-140.79268,64.1086],[-140.71975,64.12423],[-140.6416,64.12596],[-140.60861,64.13117],[-140.59298,64.13812],[-140.57214,64.1607],[-140.55998,64.16764],[-140.34812,64.21453],[-140.20224,64.22148],[-140.13625,64.21453],[-139.82019,64.15896],[-139.65348,64.10165],[-139.55623,64.08602],[-139.50239,64.05476],[-139.4885,64.05303],[-139.44856,64.06171],[-139.43293,64.05997],[-139.36694,64.03045],[-139.2749,64.03566],[-139.18633,64.03219],[-139.0995,64.0565],[-138.93105,64.05824],[-138.87896,64.05129],[-138.83207,64.04087],[-138.78344,64.01482],[-138.7574,63.99224]]}},{"type":"Feature","properties":{"type":"Secondary Highway","name":"5","label":null,"length_km":498,"expressway":0},"geometry":{"type":"LineString","coordinates":[[-136.14556,67.07991],[-136.18723,67.05039],[-136.18376,67.02781],[-136.17508,67.01392],[-136.19765,66.98787],[-136.27928,66.93925],[-136.32443,66.91841],[-136.34874,66.89236],[-136.33311,66.83331],[-136.34874,66.77774],[-136.34006,66.74822],[-136.34874,66.72043],[-136.34006,66.69091],[-136.30532,66.63534],[-136.32269,66.60582],[-136.36958,66.55372],[-136.43731,66.53809],[-136.53976,66.5051],[-136.57276,66.46863],[-136.60749,66.45821],[-136.70127,66.44258],[-136.70995,66.41479],[-136.68043,66.38875],[-136.70648,66.34707],[-136.71342,66.31928],[-136.74642,66.2915],[-136.78462,66.26718],[-136.8072,66.24113],[-136.86972,66.22203],[-137.26219,66.13694],[-137.30039,66.11089],[-137.31602,66.08137],[-137.29866,66.05358],[-137.26566,66.0258],[-137.25698,65.99628],[-137.29518,65.97196],[-137.3577,65.94418],[-137.40806,65.9355],[-137.51052,65.92855],[-137.53831,65.90076],[-137.54525,65.88687],[-137.57477,65.86603],[-137.59909,65.85735],[-137.67029,65.85908],[-137.75364,65.85214],[-137.75885,65.84172],[-137.75712,65.79657],[-137.9412,65.7601],[-137.97245,65.7271],[-138.01413,65.72016],[-138.02108,65.71147],[-138.07665,65.70279],[-138.10617,65.69064],[-138.12354,65.67501],[-138.16174,65.62291],[-138.18258,65.60901],[-138.19995,65.57255],[-138.23989,65.54302],[-138.24684,65.52045],[-138.22079,65.46314],[-138.21905,65.43015],[-138.23294,65.41278],[-138.28678,65.3902],[-138.2972,65.37978],[-138.30067,65.36763],[-138.2972,65.35547],[-138.2642,65.3329],[-138.24684,65.31206],[-138.23642,65.28948],[-138.23642,65.27385],[-138.2451,65.26343],[-138.27636,65.25475],[-138.35103,65.21307],[-138.36145,65.18529],[-138.35971,65.14708],[-138.34582,65.10714],[-138.32498,65.08456],[-138.29025,65.07762],[-138.24163,65.08283],[-138.18085,65.07414],[-138.15132,65.06372],[-138.14611,65.04983],[-138.15653,65.03594],[-138.20863,65.00121],[-138.27636,64.93348],[-138.28157,64.91959],[-138.27636,64.88312],[-138.28331,64.86575],[-138.2972,64.85707],[-138.34235,64.84144],[-138.36145,64.82234],[-138.37187,64.79629],[-138.37708,64.73725],[-138.40487,64.68167],[-138.40834,64.65563],[-138.40313,64.63478],[-138.3875,64.62263],[-138.31283,64.60179],[-138.24336,64.57574],[-138.21558,64.55143],[-138.19995,64.52364],[-138.20168,64.49586],[-138.21558,64.46807],[-138.29199,64.42118],[-138.35277,64.39861],[-138.41181,64.34651],[-138.47259,64.30831],[-138.53164,64.24579],[-138.56116,64.18153],[-138.55769,64.16764],[-138.52817,64.11728],[-138.52295,64.09644],[-138.52817,64.07039],[-138.54553,64.04608],[-138.58721,64.0235],[-138.7053,63.99398],[-138.7574,63.98877]]}},{"type":"Feature","properties":{"type":"Secondary Highway","name":null,"label":null,"length_km":82,"expressway":0},"geometry":{"type":"LineString","coordinates":[[-132.11318,53.2653],[-131.99683,53.27051],[-131.99162,53.2983],[-131.94995,53.35039],[-131.93953,53.38165],[-131.9621,53.48238],[-131.94647,53.54489],[-131.94821,53.564],[-131.96384,53.57094],[-131.98989,53.60046],[-132.03504,53.61783],[-132.08714,53.65256],[-132.11318,53.67514],[-132.1236,53.69598],[-132.12708,53.71508],[-132.10103,53.80886],[-132.07498,53.85227],[-132.06803,53.88874],[-132.07324,53.93736],[-132.0854,53.96168],[-132.11492,53.99467]]}},{"type":"Feature","properties":{"type":"Secondary Highway","name":"3","label":null,"length_km":165,"expressway":0},"geometry":{"type":"LineString","coordinates":[[-137.51399,60.74134],[-137.45842,60.7205],[-137.3768,60.6823],[-137.34207,60.65451],[-137.28129,60.62152],[-137.22225,60.57984],[-137.13368,60.54163],[-137.09895,60.51211],[-137.08158,60.47738],[-137.06074,60.39749],[-137.0399,60.34366],[-137.00517,60.29851],[-136.96523,60.26378],[-136.95307,60.24641],[-136.95134,60.21863],[-136.96176,60.15437],[-136.95307,60.1318],[-136.93571,60.11269],[-136.87493,60.07449],[-136.85235,60.05365],[-136.84193,59.99808],[-136.80894,59.96335],[-136.77941,59.91472],[-136.74295,59.89909],[-136.68564,59.88346],[-136.59534,59.80011],[-136.58318,59.77406],[-136.58665,59.76017],[-136.60402,59.73759],[-136.59534,59.7098],[-136.55539,59.67854],[-136.48593,59.64902],[-136.47377,59.63687],[-136.46162,59.6195],[-136.47551,59.57435],[-136.47204,59.55177],[-136.46335,59.53788],[-136.39042,59.47536],[-136.35395,59.45279]]}},{"type":"Feature","properties":{"type":"Secondary Highway","name":"2","label":null,"length_km":159,"expressway":0},"geometry":{"type":"LineString","coordinates":[[-136.26712,62.16709],[-136.25844,62.1393],[-136.25844,62.06636],[-136.24975,62.04379],[-136.15771,61.95696],[-136.0431,61.82498],[-135.92848,61.73294],[-135.91285,61.71036],[-135.87291,61.62353],[-135.78782,61.55059],[-135.77393,61.53149],[-135.74961,61.47592],[-135.70793,61.42035],[-135.66626,61.37346],[-135.60895,61.32831],[-135.51691,61.29184],[-135.44224,61.24322],[-135.41098,61.21717],[-135.38319,61.17375],[-135.36062,61.14597],[-135.30852,61.09908],[-135.28942,61.09561],[-135.24079,61.10082],[-135.22343,61.09213],[-135.20432,61.0765],[-135.18348,61.0383],[-135.16264,60.9671],[-135.14528,60.93237],[-135.18869,60.89937],[-135.20259,60.87853],[-135.20432,60.85943],[-135.18869,60.81601],[-135.18696,60.79518]]}},{"type":"Feature","properties":{"type":"Secondary Highway","name":"1","label":null,"length_km":265,"expressway":0},"geometry":{"type":"LineString","coordinates":[[-137.52615,60.75002],[-137.53483,60.76565],[-137.53483,60.77781],[-137.51573,60.79691],[-137.47058,60.8108],[-137.41327,60.81601],[-137.35944,60.83859],[-137.31776,60.8438],[-137.24656,60.84033],[-137.17883,60.85248],[-137.06248,60.85769],[-137.03817,60.85596],[-136.91487,60.82643],[-136.65438,60.81949],[-136.49809,60.80907],[-136.38868,60.78997],[-136.27407,60.78302],[-136.23412,60.76739],[-136.14382,60.75697],[-136.07609,60.76739],[-135.9389,60.82122],[-135.89201,60.83512],[-135.7774,60.85075],[-135.58464,60.85075],[-135.44745,60.85422],[-135.42487,60.84901],[-135.39014,60.82991],[-135.36756,60.82122],[-135.28768,60.80907],[-135.18696,60.80212]]}},{"type":"Feature","properties":{"type":"Secondary Highway","name":"1","label":null,"length_km":42,"expressway":0},"geometry":{"type":"LineString","coordinates":[[-135.20259,60.8108],[-135.17306,60.77781],[-135.11923,60.76218],[-135.09839,60.75002],[-135.08103,60.72745],[-135.04456,60.66319],[-134.99072,60.62152],[-134.95252,60.60415],[-134.90389,60.59373],[-134.86742,60.59373],[-134.84832,60.60415]]}},{"type":"Feature","properties":{"type":"Secondary Highway","name":"1","label":null,"length_km":94,"expressway":0},"geometry":{"type":"LineString","coordinates":[[-134.86569,60.59894],[-134.77191,60.59373],[-134.6955,60.57636],[-134.61562,60.58157],[-134.44717,60.56594],[-134.40375,60.55726],[-134.33603,60.52948],[-134.2683,60.49301],[-134.20752,60.44959],[-134.13632,60.39055],[-134.04254,60.33845]]}},{"type":"Feature","properties":{"type":"Secondary Highway","name":"6","label":null,"length_km":329,"expressway":0},"geometry":{"type":"LineString","coordinates":[[-136.25844,62.15319],[-136.22891,62.13756],[-136.14035,62.1202],[-136.03615,62.08894],[-135.95106,62.0681],[-135.86944,62.03684],[-135.83992,62.03163],[-135.7444,62.04552],[-135.62284,62.08546],[-135.46134,62.08546],[-135.26858,62.09762],[-135.2269,62.11151],[-135.17133,62.1584],[-135.13312,62.1775],[-135.08276,62.18445],[-134.94036,62.18098],[-134.91779,62.19661],[-134.83095,62.21397],[-134.6955,62.20529],[-134.45238,62.21224],[-134.40028,62.20529],[-134.34644,62.18966],[-134.30998,62.18445],[-134.07727,62.18271],[-133.94008,62.16709],[-133.90361,62.17056],[-133.81331,62.18792],[-133.73343,62.19313],[-133.63791,62.2105],[-133.57366,62.21397],[-133.51288,62.2105],[-133.40347,62.18966],[-133.36006,62.17056],[-133.31664,62.1584]]}},{"type":"Feature","properties":{"type":"Secondary Highway","name":"4","label":null,"length_km":92,"expressway":0},"geometry":{"type":"LineString","coordinates":[[-133.31491,62.1584],[-133.20029,62.1584],[-133.14472,62.15145],[-132.93807,62.09241],[-132.8495,62.04726],[-132.77656,62.03858],[-132.73662,62.02816],[-132.49524,61.93264]]}},{"type":"Feature","properties":{"type":"Secondary Highway","name":"4","label":null,"length_km":84,"expressway":0},"geometry":{"type":"LineString","coordinates":[[-129.22697,60.90979],[-129.24086,60.85248],[-129.24259,60.82817],[-129.23738,60.8108],[-129.21481,60.7917],[-129.20786,60.77607],[-129.18876,60.62325],[-129.16271,60.54337],[-129.13666,60.48953],[-129.11582,60.46001],[-129.07762,60.42181],[-129.04636,60.38187],[-129.0533,60.33845],[-129.03941,60.31587],[-128.99252,60.28288],[-128.96995,60.22731],[-128.94911,60.20126],[-128.91959,60.17868],[-128.78934,60.11964],[-128.73377,60.10922],[-128.7494,60.0658]]}},{"type":"Feature","properties":{"type":"Secondary Highway","name":null,"label":null,"length_km":19,"expressway":0},"geometry":{"type":"LineString","coordinates":[[-128.18327,61.93438],[-128.19369,61.95348],[-128.23711,61.97259],[-128.29268,62.01426],[-128.31699,62.02468],[-128.34999,62.02642]]}},{"type":"Feature","properties":{"type":"Secondary Highway","name":"10","label":null,"length_km":189,"expressway":0},"geometry":{"type":"LineString","coordinates":[[-128.34999,62.02642],[-128.4837,62.01947],[-128.48718,62.00905],[-128.4837,61.98995],[-128.44202,61.96738],[-128.38124,61.90833],[-128.29441,61.84408],[-128.27531,61.81282],[-128.2701,61.78677],[-128.27357,61.75204],[-128.28747,61.72078],[-128.29962,61.71036],[-128.31873,61.70689],[-128.32567,61.68605],[-128.30136,61.59227],[-128.26663,61.53844],[-128.25795,61.50544],[-128.25795,61.4655],[-128.28052,61.40298],[-128.27878,61.31094],[-128.30831,61.21543],[-128.38993,61.13034],[-128.39687,61.11297],[-128.40035,61.07303],[-128.41424,61.04351],[-128.43508,61.02614],[-128.46113,61.01225],[-128.50628,60.99662],[-128.55317,60.9862],[-128.75114,60.95842],[-128.98558,60.95842],[-129.04115,60.94973],[-129.13666,60.91847],[-129.22697,60.90979]]}},{"type":"Feature","properties":{"type":"Secondary Highway","name":"4","label":null,"length_km":375,"expressway":0},"geometry":{"type":"LineString","coordinates":[[-132.49524,61.93264],[-132.43272,61.92396],[-132.3893,61.9066],[-132.33894,61.8545],[-132.29553,61.83539],[-132.08887,61.82671],[-132.02635,61.80761],[-131.943,61.80414],[-131.85443,61.77288],[-131.7676,61.76072],[-131.65993,61.73467],[-131.56095,61.73294],[-131.47412,61.70515],[-131.39076,61.70515],[-131.23273,61.73467],[-131.11291,61.74509],[-131.02434,61.75725],[-130.96356,61.75725],[-130.8802,61.73815],[-130.76559,61.70515],[-130.70133,61.69299],[-130.61971,61.66347],[-130.55893,61.66347],[-130.44432,61.63742],[-130.32276,61.627],[-130.20814,61.60964],[-130.10395,61.57838],[-130.06227,61.55928],[-130.00843,61.54191],[-129.74621,61.46897],[-129.69063,61.44466],[-129.6559,61.41688],[-129.63506,61.38041],[-129.61423,61.31442],[-129.58991,61.28489],[-129.5656,61.26753],[-129.51871,61.24843],[-129.48745,61.22411],[-129.41278,61.17723],[-129.37805,61.14944],[-129.32421,61.09387],[-129.30511,61.06608],[-129.22697,60.90979]]}},{"type":"Feature","properties":{"type":"Secondary Highway","name":"1","label":null,"length_km":472,"expressway":0},"geometry":{"type":"LineString","coordinates":[[-133.2906,60.51037],[-133.26976,60.49301],[-133.2055,60.42528],[-133.07873,60.35755],[-133.0249,60.31587],[-132.98843,60.27941],[-132.80435,60.19779],[-132.75746,60.18216],[-132.67584,60.17174],[-132.56991,60.12832],[-132.34415,60.09359],[-132.28511,60.06928],[-132.21564,60.02586],[-132.14965,60.01023],[-132.12534,59.99808],[-132.00899,59.96335],[-131.92216,59.93209],[-131.87354,59.91993],[-131.75545,59.92688],[-131.62867,59.91125],[-131.53316,59.91298],[-131.42028,59.89562],[-131.37513,59.89562],[-131.34735,59.9043],[-131.29872,59.93903],[-131.231,59.96508],[-131.13722,60.02065],[-131.03823,60.04323],[-130.89583,60.09359],[-130.84721,60.0988],[-130.7569,60.09359],[-130.67007,60.0988],[-130.51552,60.08491],[-130.44084,60.08491],[-130.3106,60.12311],[-130.12131,60.19779],[-130.07616,60.20821],[-129.85908,60.18216],[-129.75836,60.16653],[-129.63159,60.15437],[-129.58123,60.14569],[-129.44404,60.10575],[-129.31032,60.0797],[-129.17313,60.02934],[-129.11756,60.02065]]}},{"type":"Feature","properties":{"type":"Secondary Highway","name":"97","label":null,"length_km":130,"expressway":0},"geometry":{"type":"LineString","coordinates":[[-128.7494,60.0658],[-128.71814,60.06928],[-128.67126,60.06407],[-128.60179,60.04149],[-128.56879,60.01371],[-128.51496,59.9373],[-128.49412,59.92514],[-128.46981,59.91993],[-128.35867,59.92688],[-128.17459,59.95293],[-128.03045,59.95814],[-127.92105,60.00329],[-127.80296,60.02065],[-127.75781,60.01892],[-127.74912,60.01544],[-127.74391,60.00155],[-127.73697,59.99808],[-127.60498,59.99981]]}},{"type":"Feature","properties":{"type":"Secondary Highway","name":"97","label":null,"length_km":566,"expressway":0},"geometry":{"type":"LineString","coordinates":[[-127.60498,59.99981],[-127.56331,59.99634],[-127.51816,59.98071],[-127.4157,59.90951],[-127.39833,59.89215],[-127.39833,59.87478],[-127.40528,59.86262],[-127.42438,59.85047],[-127.46259,59.83658],[-127.48169,59.81747],[-127.48516,59.78274],[-127.48169,59.75669],[-127.47127,59.73412],[-127.45043,59.72022],[-127.38444,59.70807],[-127.24204,59.7098],[-127.20036,59.70633],[-127.17605,59.69244],[-127.12395,59.63513],[-127.09269,59.6195],[-127.04407,59.62645],[-126.9555,59.65944],[-126.91382,59.66639],[-126.87562,59.65771],[-126.79747,59.61603],[-126.75926,59.60213],[-126.70196,59.59692],[-126.56129,59.59172],[-126.54393,59.58303],[-126.49704,59.54656],[-126.44147,59.54135],[-126.41195,59.53267],[-126.32164,59.48231],[-126.26434,59.46321],[-126.23134,59.44584],[-126.16882,59.42847],[-126.07678,59.41111],[-125.9639,59.37117],[-125.95175,59.36075],[-125.93959,59.34164],[-125.93438,59.31039],[-125.94133,59.29128],[-125.97953,59.24613],[-125.98127,59.23224],[-125.9778,59.22008],[-125.95348,59.19577],[-125.88402,59.16278],[-125.85971,59.14541],[-125.82845,59.11589],[-125.8024,59.07942],[-125.74509,58.97001],[-125.74683,58.94917],[-125.76767,58.89187],[-125.76767,58.86756],[-125.76072,58.83456],[-125.73467,58.79288],[-125.70168,58.77204],[-125.65826,58.76857],[-125.53323,58.78767],[-125.5176,58.79288],[-125.48808,58.81025],[-125.40472,58.82588],[-125.37346,58.83803],[-125.15118,58.83282],[-125.06435,58.84324],[-125.04524,58.83803],[-125.02962,58.82588],[-125.01225,58.77378],[-124.98967,58.75294],[-124.92195,58.71995],[-124.87332,58.70258],[-124.78823,58.68174],[-124.7396,58.65048],[-124.71529,58.64353],[-124.67709,58.64527],[-124.58678,58.66958],[-124.47217,58.66264],[-124.19084,58.66437],[-123.98766,58.68521],[-123.95987,58.68174],[-123.8852,58.65743],[-123.85394,58.65395],[-123.8331,58.6609],[-123.81226,58.68348],[-123.80358,58.68869],[-123.7098,58.68521],[-123.67854,58.69216],[-123.66292,58.70432],[-123.62297,58.7512],[-123.56046,58.80504],[-123.51357,58.8363],[-123.46494,58.85887],[-123.41111,58.87277],[-123.36943,58.87624],[-123.31212,58.89534],[-123.27739,58.89881],[-123.10373,58.90055]]}},{"type":"Feature","properties":{"type":"Secondary Highway","name":"37","label":null,"length_km":516,"expressway":0},"geometry":{"type":"LineString","coordinates":[[-129.06546,60.02934],[-129.06546,60.00155],[-129.08283,59.98245],[-129.11061,59.92341],[-129.12624,59.90604],[-129.15576,59.8852],[-129.1384,59.84352],[-129.13319,59.74801],[-129.14187,59.70459],[-129.17139,59.67334],[-129.23391,59.65076],[-129.24607,59.63687],[-129.23391,59.60734],[-129.23565,59.51183],[-129.22697,59.47189],[-129.21307,59.44584],[-129.17139,59.40937],[-129.14534,59.37464],[-129.17834,59.35207],[-129.22002,59.3347],[-129.25649,59.31386],[-129.28254,59.2826],[-129.32769,59.26697],[-129.38326,59.26697],[-129.45272,59.28955],[-129.52045,59.29302],[-129.55692,59.28434],[-129.64375,59.25308],[-129.6889,59.24787],[-129.71321,59.23745],[-129.77226,59.19577],[-129.77747,59.18709],[-129.79483,59.18535],[-129.81914,59.1732],[-129.82956,59.15062],[-129.82262,59.13499],[-129.7983,59.1211],[-129.79309,59.11241],[-129.76357,59.11415],[-129.7271,59.10026],[-129.71842,59.08289],[-129.72189,59.069],[-129.76878,59.04469],[-129.78962,59.00648],[-129.82783,58.97349],[-129.87298,58.95265],[-129.97023,58.92139],[-130.00322,58.90402],[-130.04664,58.86408],[-130.07616,58.82067],[-130.08484,58.77378],[-130.07963,58.7321],[-130.06574,58.70432],[-130.02754,58.66958],[-130.01711,58.64527],[-130.01711,58.58275],[-130.02232,58.51329],[-130.01711,58.48029],[-129.99975,58.45425],[-129.93202,58.38999],[-129.90771,58.33268],[-129.84693,58.25801],[-129.83825,58.22154],[-129.86429,58.17292],[-129.87471,58.06872],[-129.90945,58.04441],[-130.06748,57.9871],[-130.08137,57.97842],[-130.08832,57.968],[-130.08137,57.94021],[-130.05358,57.91069],[-130.02754,57.87422],[-129.9546,57.82386],[-129.94592,57.80823],[-129.94592,57.78045],[-129.97023,57.73182],[-130.01885,57.67278],[-130.08832,57.61026],[-130.11957,57.58769],[-130.1491,57.54774],[-130.16299,57.5408],[-130.20293,57.53211],[-130.21856,57.51301],[-130.25677,57.36887],[-130.26371,57.31851],[-130.26024,57.26642],[-130.22898,57.21953],[-130.22377,57.2039],[-130.22377,57.19],[-130.23245,57.1709],[-130.27066,57.12228],[-130.28108,57.09449],[-130.2776,57.07886],[-130.26371,57.0476],[-130.26371,57.01461],[-130.25677,56.98335],[-130.24287,56.95383],[-130.22377,56.93646],[-130.18904,56.92431],[-130.097,56.92257],[-130.01885,56.89305],[-129.97544,56.86353],[-129.95807,56.84442],[-129.95112,56.81664],[-129.95286,56.76975],[-129.94071,56.75065],[-129.92508,56.74023],[-129.90597,56.73675],[-129.82783,56.74544],[-129.80178,56.74023],[-129.75836,56.70549],[-129.67153,56.61693],[-129.62464,56.57872],[-129.59686,56.56309],[-129.51003,56.53357],[-129.40757,56.48147],[-129.38847,56.46758],[-129.31553,56.38249],[-129.29817,56.3547],[-129.29643,56.3356],[-129.34853,56.3165],[-129.35721,56.30087],[-129.35895,56.28003],[-129.352,56.24703],[-129.319,56.19841],[-129.31206,56.16889],[-129.29817,56.14805],[-129.28427,56.09769]]}},{"type":"Feature","properties":{"type":"Secondary Highway","name":null,"label":null,"length_km":117,"expressway":0},"geometry":{"type":"LineString","coordinates":[[-129.29122,56.09769],[-129.33116,56.09769],[-129.35895,56.10637],[-129.42146,56.10984],[-129.48745,56.089],[-129.52392,56.10463],[-129.5847,56.09769],[-129.65938,56.10116],[-129.75489,56.12721],[-129.79657,56.11505],[-129.85908,56.11332],[-129.88166,56.1029],[-129.9025,56.06817],[-129.91118,56.03691],[-129.94418,56.01433],[-129.97717,55.94487],[-130.01191,55.9275],[-130.02232,55.93097],[-130.03101,55.94313],[-130.0449,55.99696],[-130.0449,56.02996],[-130.06053,56.04733],[-130.15083,56.05601],[-130.20293,56.05601],[-130.22203,56.0508],[-130.25329,56.02996]]}},{"type":"Feature","properties":{"type":"Secondary Highway","name":"37","label":null,"length_km":50,"expressway":0},"geometry":{"type":"LineString","coordinates":[[-128.55664,54.50697],[-128.56011,54.48092],[-128.55317,54.4705],[-128.53233,54.45661],[-128.5358,54.43056],[-128.52017,54.40103],[-128.51843,54.38888],[-128.52712,54.37325],[-128.56011,54.34199],[-128.56532,54.33157],[-128.52712,54.276],[-128.52191,54.24821],[-128.53406,54.22216],[-128.57053,54.1857],[-128.58443,54.16312],[-128.61221,54.08671],[-128.60874,54.01551],[-128.61395,54.00509],[-128.63479,53.9912],[-128.64,53.9582]]}},{"type":"Feature","properties":{"type":"Secondary Highway","name":"16","label":null,"length_km":205,"expressway":0},"geometry":{"type":"LineString","coordinates":[[-130.34707,54.29337],[-130.33318,54.2951],[-130.30539,54.3142],[-130.28802,54.3142],[-130.28108,54.30726],[-130.27239,54.276],[-130.26024,54.26211],[-130.22724,54.243],[-130.17688,54.22911],[-130.03969,54.23606],[-129.99454,54.21695],[-129.89555,54.24821],[-129.82783,54.25516],[-129.71842,54.24648],[-129.64548,54.22738],[-129.61075,54.2239],[-129.51871,54.25863],[-129.44751,54.26384],[-129.39194,54.30552],[-129.34505,54.32289],[-129.16792,54.35415],[-129.02552,54.40624],[-128.88312,54.41666],[-128.84144,54.44445],[-128.80497,54.45313],[-128.76156,54.48092],[-128.73377,54.48265],[-128.70078,54.50697],[-128.66952,54.51912],[-128.61742,54.52086],[-128.55664,54.50697]]}},{"type":"Feature","properties":{"type":"Secondary Highway","name":"16","label":null,"length_km":100,"expressway":0},"geometry":{"type":"LineString","coordinates":[[-128.55664,54.50697],[-128.50107,54.53301],[-128.44897,54.53996],[-128.4316,54.54691],[-128.40382,54.57469],[-128.40208,54.58511],[-128.41076,54.6129],[-128.38819,54.64937],[-128.37256,54.66152],[-128.33088,54.67889],[-128.30657,54.71189],[-128.26489,54.72057],[-128.25274,54.73793],[-128.25274,54.76919],[-128.2701,54.80219],[-128.30831,54.82824],[-128.33783,54.85602],[-128.37082,54.87686],[-128.38993,54.94806],[-128.38645,54.96195],[-128.37603,54.9689],[-128.34999,54.97237],[-128.24405,55.04531],[-128.07387,55.09046]]}},{"type":"Feature","properties":{"type":"Secondary Highway","name":"37","label":null,"length_km":172,"expressway":0},"geometry":{"type":"LineString","coordinates":[[-129.29122,56.10811],[-129.24433,56.05427],[-129.1575,56.04038],[-129.1384,56.01954],[-129.10367,56.00565],[-129.07414,55.95529],[-129.02899,55.92055],[-129.01336,55.89103],[-128.99773,55.87367],[-128.93869,55.83025],[-128.88138,55.79899],[-128.82581,55.72779],[-128.80497,55.70695],[-128.7824,55.6948],[-128.72335,55.67569],[-128.65562,55.61318],[-128.62784,55.60449],[-128.53927,55.60449],[-128.40208,55.58366],[-128.35693,55.55761],[-128.30831,55.53503],[-128.24405,55.47251],[-128.17285,55.43778],[-128.14333,55.41694],[-128.11728,55.39089],[-128.09471,55.35963],[-128.05997,55.26412],[-128.03219,55.22071],[-128.03045,55.19118],[-128.00093,55.1443],[-128.0044,55.13388],[-128.0374,55.10783],[-128.07213,55.10783],[-128.08081,55.09567]]}},{"type":"Feature","properties":{"type":"Secondary Highway","name":"16","label":null,"length_km":228,"expressway":0},"geometry":{"type":"LineString","coordinates":[[-128.08429,55.09567],[-128.05476,55.08352],[-127.94188,55.08873],[-127.88805,55.08178],[-127.80817,55.08352],[-127.79254,55.09046],[-127.77691,55.10262],[-127.76128,55.14777],[-127.7526,55.16166],[-127.71092,55.18945],[-127.66924,55.23113],[-127.65014,55.24328],[-127.62409,55.25023],[-127.53899,55.24502],[-127.46779,55.22765],[-127.41049,55.18424],[-127.39833,55.15472],[-127.38791,55.14777],[-127.38617,55.13735],[-127.36186,55.10262],[-127.34971,55.05573],[-127.35144,54.98627],[-127.34276,54.96543],[-127.28372,54.93243],[-127.27503,54.92028],[-127.26809,54.89075],[-127.26114,54.88033],[-127.22988,54.8595],[-127.19341,54.82129],[-127.14826,54.78829],[-127.12221,54.75704],[-127.11353,54.73272],[-127.0649,54.69626],[-127.04059,54.68236],[-126.95897,54.6511],[-126.89124,54.64416],[-126.86867,54.62853],[-126.83394,54.59206],[-126.80094,54.56948],[-126.74884,54.49307],[-126.74884,54.43577],[-126.74363,54.42361],[-126.73322,54.41666],[-126.72974,54.40451],[-126.71411,54.39061],[-126.69675,54.3854],[-126.67243,54.39061],[-126.60471,54.43924],[-126.50746,54.47918],[-126.46752,54.5087],[-126.45015,54.51739],[-126.35811,54.52954],[-126.31122,54.50523],[-126.29559,54.50176]]}},{"type":"Feature","properties":{"type":"Secondary Highway","name":null,"label":null,"length_km":38,"expressway":0},"geometry":{"type":"LineString","coordinates":[[-126.20182,54.88207],[-126.18272,54.8595],[-126.17056,54.83171],[-126.16882,54.80045],[-126.17577,54.77267],[-126.19313,54.74488],[-126.21397,54.72057],[-126.31122,54.65284],[-126.32164,54.64068],[-126.32685,54.62679],[-126.32338,54.60248],[-126.29212,54.55559],[-126.29212,54.50176]]}},{"type":"Feature","properties":{"type":"Secondary Highway","name":"16","label":null,"length_km":262,"expressway":0},"geometry":{"type":"LineString","coordinates":[[-126.3008,54.50176],[-126.27996,54.50002],[-126.21745,54.47744],[-126.1723,54.43577],[-126.13409,54.4184],[-126.08373,54.40798],[-125.99343,54.40972],[-125.95869,54.3993],[-125.87707,54.34025],[-125.80066,54.25863],[-125.76246,54.22564],[-125.72946,54.22043],[-125.64437,54.22043],[-125.58185,54.20654],[-125.52455,54.2048],[-125.38041,54.15096],[-125.36131,54.13707],[-125.33526,54.10929],[-125.31963,54.10234],[-125.20675,54.10234],[-125.17896,54.09887],[-125.16333,54.09018],[-125.07477,54.0815],[-125.00009,54.08324],[-124.96015,54.06587],[-124.8768,54.04156],[-124.69619,54.06414],[-124.67188,54.0624],[-124.64409,54.05024],[-124.59894,54.06761],[-124.58331,54.06066],[-124.46522,54.05371],[-124.3836,54.0294],[-124.19258,54.03114],[-124.17,54.02593],[-124.15264,54.01204],[-124.13701,54.00683],[-124.00503,54.00335]]}},{"type":"Feature","properties":{"type":"Secondary Highway","name":"27","label":null,"length_km":45,"expressway":0},"geometry":{"type":"LineString","coordinates":[[-124.00503,54.01551],[-124.00503,54.03982],[-124.04844,54.06587],[-124.09359,54.07629],[-124.11443,54.09539],[-124.14222,54.11102],[-124.16653,54.14923],[-124.19084,54.17007],[-124.203,54.21175],[-124.23252,54.23432],[-124.26378,54.28295],[-124.27593,54.31247],[-124.28288,54.36109],[-124.27072,54.41319]]}},{"type":"Feature","properties":{"type":"Secondary Highway","name":"16","label":null,"length_km":144,"expressway":0},"geometry":{"type":"LineString","coordinates":[[-124.0085,54.01204],[-123.98071,53.96341],[-123.95466,53.94952],[-123.77927,53.95126],[-123.69244,53.91652],[-123.59172,53.91479],[-123.52746,53.88874],[-123.36769,53.86269],[-123.27566,53.8679],[-123.20793,53.86095],[-123.07942,53.83317],[-123.03774,53.81059],[-123.01169,53.80538],[-122.93007,53.80538],[-122.89534,53.82101],[-122.85366,53.8297],[-122.77204,53.88353],[-122.75989,53.90089],[-122.75641,53.92173]]}},{"type":"Feature","properties":{"type":"Secondary Highway","name":"16","label":null,"length_km":383,"expressway":0},"geometry":{"type":"LineString","coordinates":[[-122.76857,53.92347],[-122.66785,53.91131],[-122.63832,53.93389],[-122.58796,53.93389],[-122.50461,53.94605],[-122.46119,53.94605],[-122.33616,53.91826],[-122.31705,53.90958],[-122.28232,53.88179],[-122.24759,53.87485],[-122.1104,53.89048],[-122.06525,53.90437],[-122.0201,53.89742],[-121.91764,53.90958],[-121.82039,53.90784],[-121.78739,53.92],[-121.72835,53.92521],[-121.612,53.87832],[-121.38798,53.84011],[-121.24905,53.78281],[-121.19695,53.74808],[-121.12228,53.71855],[-121.05629,53.71161],[-121.00593,53.68729],[-120.91736,53.66819],[-120.83574,53.62304],[-120.76454,53.55879],[-120.73328,53.53795],[-120.68118,53.51711],[-120.57178,53.48585],[-120.54747,53.46327],[-120.511,53.43896],[-120.46932,53.43028],[-120.45022,53.4216],[-120.44327,53.40597],[-120.39117,53.39207],[-120.32518,53.34519],[-120.26961,53.33129],[-120.21925,53.32435],[-120.18973,53.31393],[-120.16368,53.31219],[-120.12895,53.30177],[-119.96223,53.21494],[-119.90319,53.175],[-119.82851,53.15242],[-119.56282,53.02912],[-119.42215,52.97703]]}},{"type":"Feature","properties":{"type":"Secondary Highway","name":"97","label":null,"length_km":203,"expressway":0},"geometry":{"type":"LineString","coordinates":[[-122.67306,53.90958],[-122.65916,53.83317],[-122.65743,53.76718],[-122.66437,53.71161],[-122.68348,53.68729],[-122.68695,53.67514],[-122.68174,53.66298],[-122.65395,53.64041],[-122.65048,53.62651],[-122.65395,53.61609],[-122.67653,53.59004],[-122.67653,53.57442],[-122.64875,53.54837],[-122.63485,53.48932],[-122.59317,53.44938],[-122.58102,53.43201],[-122.57754,53.37644],[-122.55844,53.31393],[-122.54281,53.30177],[-122.49245,53.28788],[-122.47335,53.27919],[-122.45077,53.24099],[-122.42472,53.2271],[-122.39694,53.18715],[-122.35873,53.15937],[-122.34831,53.142],[-122.35005,53.12116],[-122.36742,53.09859],[-122.47509,53.04475],[-122.49766,53.02392],[-122.50634,53.00308],[-122.50808,52.98397],[-122.45946,52.97876],[-122.44556,52.96834],[-122.44035,52.9093],[-122.42472,52.87978],[-122.41604,52.84157],[-122.42125,52.81379],[-122.44209,52.77385],[-122.45425,52.72175],[-122.45598,52.6957],[-122.44383,52.64186],[-122.4664,52.60366],[-122.46814,52.58629],[-122.42472,52.48557],[-122.40041,52.45084],[-122.37089,52.43],[-122.30316,52.41611],[-122.28753,52.40916],[-122.27538,52.38832],[-122.27538,52.33796],[-122.2719,52.32754],[-122.24412,52.31191],[-122.17118,52.28413],[-122.09824,52.23376],[-122.08435,52.21813],[-122.08088,52.20251],[-122.08262,52.1973],[-122.09477,52.19209],[-122.10693,52.17819],[-122.13819,52.17472],[-122.14861,52.16604],[-122.15034,52.15041],[-122.13992,52.1122]]}},{"type":"Feature","properties":{"type":"Secondary Highway","name":"20","label":null,"length_km":561,"expressway":0},"geometry":{"type":"LineString","coordinates":[[-122.13992,52.1122],[-122.14861,52.0931],[-122.16424,52.08789],[-122.21112,52.08615],[-122.22675,52.07921],[-122.23891,52.06705],[-122.24586,52.04795],[-122.24759,51.99585],[-122.25975,51.97501],[-122.28059,51.96633],[-122.33789,51.96633],[-122.38652,51.94896],[-122.49071,51.9507],[-122.5706,51.97848],[-122.61922,51.98543],[-122.66958,51.97675],[-122.74252,51.93507],[-122.77552,51.92291],[-122.8884,51.92465],[-123.11068,51.94723],[-123.14194,51.95417],[-123.15757,52.00106],[-123.19751,52.03927],[-123.22877,52.06011],[-123.28607,52.08094],[-123.33644,52.08442],[-123.39201,52.10005],[-123.56393,52.10005],[-123.60908,52.08442],[-123.62645,52.08442],[-123.64729,52.09484],[-123.68549,52.12609],[-123.74627,52.15735],[-123.77058,52.15909],[-123.90604,52.15388],[-123.96508,52.14346],[-124.04323,52.11047],[-124.10748,52.09831],[-124.15958,52.06358],[-124.24815,52.03579],[-124.2933,52.01148],[-124.33324,52.0028],[-124.41486,51.9698],[-124.43744,51.95591],[-124.47043,51.92639],[-124.49822,51.91076],[-124.52948,51.90381],[-124.58678,51.90208],[-124.65104,51.90902],[-124.76739,51.9316],[-124.85596,51.93681],[-124.88374,51.94375],[-124.9341,51.9698],[-124.9862,51.97154],[-125.00009,51.97675],[-125.00704,51.98543],[-125.00878,51.99932],[-124.98794,52.03232],[-124.98794,52.05142],[-125.02441,52.12262],[-125.06435,52.23203],[-125.11297,52.31017],[-125.16681,52.36054],[-125.30573,52.46299],[-125.38214,52.50467],[-125.4655,52.52898],[-125.53149,52.53419],[-125.62874,52.52551],[-125.64611,52.52725],[-125.67216,52.54114],[-125.74162,52.54114],[-125.7642,52.55851],[-125.77288,52.56024],[-125.82324,52.51336],[-125.8545,52.49425],[-125.88055,52.43695],[-125.8927,52.42132],[-125.92049,52.40569],[-125.96911,52.40221],[-125.9969,52.36748],[-126.00906,52.36227],[-126.01947,52.36227],[-126.03684,52.37269],[-126.0872,52.37964],[-126.13756,52.41958],[-126.1775,52.43521],[-126.27996,52.44389],[-126.40326,52.43347],[-126.48835,52.39179],[-126.53177,52.39179],[-126.58387,52.37443],[-126.69501,52.3588],[-126.75405,52.35706],[-126.7801,52.37096],[-126.81831,52.37269]]}},{"type":"Feature","properties":{"type":"Secondary Highway","name":"19","label":null,"length_km":117,"expressway":0},"geometry":{"type":"LineString","coordinates":[[-124.36797,49.31281],[-124.50864,49.33365],[-124.55553,49.34754],[-124.58157,49.3597],[-124.63888,49.36838],[-124.67014,49.39617],[-124.70314,49.40659],[-124.81775,49.46563],[-124.85075,49.49342],[-124.87506,49.52815],[-124.91674,49.56115],[-124.96189,49.58198],[-125.00183,49.60803],[-125.02267,49.65492],[-125.09213,49.70528],[-125.13381,49.77127],[-125.13381,49.79211],[-125.15291,49.80253],[-125.17896,49.82858],[-125.22759,49.84595],[-125.27274,49.87894],[-125.27969,49.8911],[-125.27969,49.91194],[-125.26927,49.93104]]}},{"type":"Feature","properties":{"type":"Secondary Highway","name":"19","label":null,"length_km":279,"expressway":0},"geometry":{"type":"LineString","coordinates":[[-125.26927,49.93104],[-125.25537,49.9432],[-125.25537,49.95535],[-125.28837,49.99529],[-125.28837,50.01266],[-125.27448,50.03871],[-125.29184,50.05955],[-125.31615,50.07691],[-125.33178,50.10123],[-125.34394,50.10817],[-125.38041,50.11165],[-125.4134,50.14117],[-125.4985,50.18458],[-125.55754,50.23147],[-125.58359,50.24189],[-125.64263,50.25057],[-125.67737,50.25231],[-125.74162,50.24536],[-125.76767,50.24884],[-125.81456,50.26447],[-125.86665,50.29225],[-125.92049,50.30962],[-125.9969,50.32004],[-126.049,50.31656],[-126.06984,50.32004],[-126.13409,50.36171],[-126.16187,50.35651],[-126.21224,50.32004],[-126.24871,50.32004],[-126.38069,50.28357],[-126.43105,50.28183],[-126.4432,50.2662],[-126.44494,50.21237],[-126.45189,50.20542],[-126.46404,50.20195],[-126.49704,50.20195],[-126.53351,50.22105],[-126.59776,50.21411],[-126.61165,50.22105],[-126.6377,50.24536],[-126.65333,50.25231],[-126.76447,50.25752],[-126.83741,50.27315],[-126.87388,50.29746],[-126.92077,50.35651],[-126.95897,50.42771],[-126.98502,50.51627],[-127.01281,50.56837],[-127.03538,50.57358],[-127.12569,50.57358],[-127.14305,50.58053],[-127.16389,50.60137],[-127.18994,50.61005],[-127.29761,50.59963],[-127.31324,50.60831],[-127.40354,50.68299],[-127.42612,50.6934],[-127.46432,50.70035],[-127.47821,50.7073]]}},{"type":"Feature","properties":{"type":"Secondary Highway","name":"28","label":null,"length_km":109,"expressway":0},"geometry":{"type":"LineString","coordinates":[[-125.28316,50.03176],[-125.31442,50.03871],[-125.33873,50.03871],[-125.34568,50.0335],[-125.35957,50.00919],[-125.36999,49.99877],[-125.46029,49.96751],[-125.52281,49.96404],[-125.56622,49.97793],[-125.58185,49.97619],[-125.5888,49.96925],[-125.59922,49.94667],[-125.63048,49.93972],[-125.64437,49.92409],[-125.64784,49.89631],[-125.63048,49.86331],[-125.63221,49.85289],[-125.63742,49.84768],[-125.64958,49.84768],[-125.67737,49.86679],[-125.70515,49.86852],[-125.78503,49.85116],[-125.9448,49.83726],[-126.02816,49.77648],[-126.06115,49.76433],[-126.08026,49.75217],[-126.14104,49.68792]]}},{"type":"Feature","properties":{"type":"Secondary Highway","name":"4","label":null,"length_km":185,"expressway":0},"geometry":{"type":"LineString","coordinates":[[-124.36797,49.31281],[-124.39576,49.30239],[-124.45828,49.30066],[-124.51906,49.30587],[-124.59373,49.27634],[-124.65451,49.28676],[-124.6684,49.27634],[-124.66319,49.25724],[-124.67361,49.24682],[-124.72224,49.26592],[-124.80039,49.25898],[-124.81949,49.25203],[-124.84554,49.27634],[-124.88548,49.28503],[-124.95147,49.28676],[-125.04004,49.27461],[-125.10082,49.28503],[-125.24669,49.30239],[-125.34047,49.29371],[-125.3561,49.28676],[-125.36304,49.27461],[-125.36652,49.25724],[-125.36131,49.23119],[-125.36478,49.21904],[-125.38909,49.18257],[-125.40819,49.1652],[-125.41514,49.13394],[-125.45161,49.11658],[-125.45856,49.08705],[-125.47592,49.06969],[-125.48287,49.04885],[-125.49676,49.0419],[-125.53844,49.03843],[-125.56622,49.00717],[-125.58359,48.99675],[-125.59922,49.00023],[-125.64611,49.03669],[-125.69473,49.04364],[-125.72599,49.06969],[-125.81108,49.08879],[-125.8736,49.11484]]}},{"type":"Feature","properties":{"type":"Secondary Highway","name":"101","label":null,"length_km":75,"expressway":0},"geometry":{"type":"LineString","coordinates":[[-124.13874,49.80427],[-124.34192,49.78169],[-124.39402,49.78517],[-124.45654,49.79732],[-124.49648,49.79906],[-124.51211,49.81121],[-124.52079,49.84768],[-124.55205,49.88415],[-124.59026,49.89631],[-124.68403,49.95014],[-124.76218,49.97619],[-124.77086,49.98314],[-124.77434,49.99529]]}},{"type":"Feature","properties":{"type":"Secondary Highway","name":null,"label":null,"length_km":91,"expressway":0},"geometry":{"type":"LineString","coordinates":[[-123.49968,49.51947],[-123.50489,49.51426],[-123.50836,49.50036],[-123.49794,49.43958],[-123.5153,49.41875],[-123.54483,49.40138],[-123.55872,49.40311],[-123.58651,49.42048],[-123.61256,49.42569],[-123.64729,49.44306],[-123.71849,49.45695],[-123.74975,49.47779],[-123.83137,49.47779],[-123.847,49.48647],[-123.8661,49.51773],[-123.87999,49.51947],[-123.89909,49.51078],[-123.90951,49.51252],[-123.93209,49.53162],[-123.95466,49.53683],[-123.98071,49.55767],[-124.00503,49.59588],[-124.00155,49.60977],[-123.97724,49.61498],[-123.97898,49.62714],[-123.97029,49.65492],[-123.96682,49.68097],[-123.95987,49.69834],[-123.97377,49.71917],[-124.00503,49.73654],[-124.00329,49.74522],[-123.99461,49.75217],[-123.95466,49.75043],[-123.94424,49.75564]]}},{"type":"Feature","properties":{"type":"Secondary Highway","name":"99","label":null,"length_km":63,"expressway":0},"geometry":{"type":"LineString","coordinates":[[-123.12805,50.05087],[-123.13326,50.03871],[-123.13846,49.99877],[-123.1593,49.95882],[-123.16104,49.92409],[-123.15236,49.86331],[-123.12978,49.839],[-123.11936,49.80253],[-123.12631,49.79385],[-123.14194,49.78864],[-123.14541,49.78169],[-123.13673,49.73828],[-123.15236,49.6775],[-123.16451,49.66534],[-123.19403,49.66187],[-123.20445,49.64971],[-123.20445,49.60282],[-123.24266,49.51599],[-123.22877,49.46563],[-123.22529,49.43437],[-123.2305,49.40659],[-123.23571,49.39617],[-123.26871,49.37359]]}},{"type":"Feature","properties":{"type":"Secondary Highway","name":"99","label":null,"length_km":150,"expressway":0},"geometry":{"type":"LineString","coordinates":[[-121.93674,50.68646],[-121.97321,50.66909],[-122.01141,50.64478],[-122.09304,50.61873],[-122.08609,50.57879],[-122.09477,50.55448],[-122.10866,50.54232],[-122.1434,50.5319],[-122.16771,50.51801],[-122.22328,50.46938],[-122.24759,50.42771],[-122.27711,50.40166],[-122.33095,50.38603],[-122.49592,50.38082],[-122.51155,50.37214],[-122.55323,50.33219],[-122.58796,50.31483],[-122.63485,50.31656],[-122.74947,50.30962],[-122.79115,50.31309],[-122.81893,50.29399],[-122.85019,50.28878],[-122.86929,50.27489],[-122.86408,50.24189],[-122.89187,50.18285],[-122.90402,50.17069],[-122.94744,50.15332],[-122.95959,50.1377],[-122.97175,50.10991],[-123.00475,50.09254],[-123.07768,50.0856],[-123.10894,50.06997],[-123.12457,50.05434]]}},{"type":"Feature","properties":{"type":"Secondary Highway","name":"14","label":null,"length_km":114,"expressway":0},"geometry":{"type":"LineString","coordinates":[[-123.43716,48.46188],[-123.44931,48.45841],[-123.48231,48.43062],[-123.56046,48.42541],[-123.58998,48.39763],[-123.64381,48.39068],[-123.69765,48.39242],[-123.72717,48.382],[-123.81921,48.36984],[-123.84005,48.37505],[-123.88694,48.39763],[-123.9043,48.38894],[-123.98245,48.39936],[-124.01371,48.42368],[-124.12311,48.44799],[-124.17869,48.46883],[-124.27072,48.49488],[-124.29504,48.51224],[-124.34713,48.5244],[-124.36276,48.53655],[-124.3645,48.55913],[-124.36797,48.56434],[-124.39402,48.56608],[-124.42007,48.55739]]}},{"type":"Feature","properties":{"type":"Secondary Highway","name":"2","label":null,"length_km":31,"expressway":0},"geometry":{"type":"LineString","coordinates":[[-134.85874,60.59894],[-134.85006,60.5069],[-134.85006,60.45307],[-134.83269,60.40444],[-134.79101,60.35408],[-134.75455,60.27246],[-134.73544,60.24641],[-134.70766,60.2221],[-134.69203,60.19431]]}},{"type":"Feature","properties":{"type":"Secondary Highway","name":"8","label":null,"length_km":73,"expressway":0},"geometry":{"type":"LineString","coordinates":[[-134.69203,60.19431],[-134.63819,60.20647],[-134.59825,60.22557],[-134.50448,60.25336],[-134.39681,60.27941],[-134.13111,60.31587],[-134.04254,60.33845]]}},{"type":"Feature","properties":{"type":"Secondary Highway","name":"1","label":null,"length_km":3,"expressway":0},"geometry":{"type":"LineString","coordinates":[[-133.35832,60.50169],[-133.33401,60.50343]]}},{"type":"Feature","properties":{"type":"Secondary Highway","name":"1","label":null,"length_km":7,"expressway":0},"geometry":{"type":"LineString","coordinates":[[-134.04254,60.33845],[-133.97655,60.3315]]}},{"type":"Feature","properties":{"type":"Secondary Highway","name":"6","label":null,"length_km":192,"expressway":0},"geometry":{"type":"LineString","coordinates":[[-132.49524,61.93264],[-132.73489,61.89618],[-132.92244,61.8545],[-133.08047,61.77461],[-133.07179,61.72425],[-133.03879,61.66868],[-133.03879,61.63569],[-133.07526,61.60095],[-133.07005,61.54365],[-133.05616,61.53149],[-133.03705,61.49329],[-133.04053,61.4655],[-133.05789,61.43945],[-133.03532,61.38388],[-132.99016,61.33352],[-132.9728,61.30747],[-132.99364,61.23627],[-133.00927,61.22238],[-133.02142,61.19806],[-133.05268,61.16681],[-133.05616,61.15639],[-133.044,61.14249],[-133.03879,61.07998],[-133.02663,61.07129],[-132.99016,61.05914],[-132.97454,61.04004],[-132.9919,61.01399],[-133.00232,60.98099],[-132.9919,60.95494],[-132.96933,60.92542],[-132.96759,60.90805],[-132.97627,60.88895],[-132.97801,60.84901],[-132.98496,60.82991],[-132.99364,60.82296],[-133.02316,60.82296],[-133.03879,60.8108],[-133.07005,60.77781],[-133.07873,60.7535],[-133.07873,60.73613],[-133.07005,60.71703],[-133.03184,60.69793],[-133.01795,60.68403],[-133.01274,60.65277],[-133.05963,60.60589],[-133.09089,60.56421],[-133.15167,60.55205],[-133.20377,60.52948],[-133.23676,60.50864]]}},{"type":"Feature","properties":{"type":"Secondary Highway","name":"1","label":null,"length_km":11,"expressway":0},"geometry":{"type":"LineString","coordinates":[[-133.33401,60.50343],[-133.29754,60.50864],[-133.23676,60.50864]]}},{"type":"Feature","properties":{"type":"Secondary Highway","name":"1","label":null,"length_km":11,"expressway":0},"geometry":{"type":"LineString","coordinates":[[-133.23676,60.50864],[-133.33401,60.50343]]}},{"type":"Feature","properties":{"type":"Secondary Highway","name":"1","label":null,"length_km":72,"expressway":0},"geometry":{"type":"LineString","coordinates":[[-133.97655,60.3315],[-133.75948,60.38881],[-133.6275,60.42875],[-133.57192,60.4357],[-133.51114,60.46001],[-133.49551,60.47043],[-133.33401,60.50343]]}},{"type":"Feature","properties":{"type":"Secondary Highway","name":"1","label":null,"length_km":41,"expressway":0},"geometry":{"type":"LineString","coordinates":[[-129.11756,60.02065],[-128.7494,60.0658]]}},{"type":"Feature","properties":{"type":"Secondary Highway","name":"1","label":null,"length_km":416,"expressway":0},"geometry":{"type":"LineString","coordinates":[[-121.2421,61.4464],[-121.19522,61.41514],[-121.11186,61.39083],[-121.03371,61.37346],[-120.91736,61.37693],[-120.69334,61.33352],[-120.59088,61.29358],[-120.50579,61.25016],[-120.39117,61.2189],[-120.16194,61.21369],[-120.10811,61.20327],[-120.04733,61.19633],[-119.94313,61.16507],[-119.82678,61.14423],[-119.70869,61.13728],[-119.39784,61.14944],[-119.08699,61.14423],[-119.03315,61.13207],[-118.96716,61.13207],[-118.8595,61.1095],[-118.62679,61.09213],[-118.51739,61.06435],[-118.45487,61.05393],[-118.39756,61.05219],[-118.33504,61.05566],[-118.24474,61.09387],[-118.04156,61.11297],[-117.87485,61.14249],[-117.78281,61.14944],[-117.66819,61.12687],[-117.61262,61.1095],[-117.52753,61.06956]]}},{"type":"Feature","properties":{"type":"Secondary Highway","name":null,"label":null,"length_km":1,"expressway":0},"geometry":{"type":"LineString","coordinates":[[-112.10588,60.0085],[-112.11456,59.99981]]}},{"type":"Feature","properties":{"type":"Ferry Route","name":null,"label":null,"length_km":78,"expressway":0},"geometry":{"type":"LineString","coordinates":[[-130.16125,55.01926],[-130.11957,54.96195],[-130.20467,54.84734],[-130.33665,54.76398],[-130.4339,54.67368],[-130.7187,54.57817]]}},{"type":"Feature","properties":{"type":"Ferry Route","name":null,"label":null,"length_km":9,"expressway":0},"geometry":{"type":"LineString","coordinates":[[-130.45647,54.33331],[-130.53462,54.2951]]}},{"type":"Feature","properties":{"type":"Ferry Route","name":null,"label":null,"length_km":32,"expressway":0},"geometry":{"type":"LineString","coordinates":[[-130.7187,54.57817],[-130.65445,54.48092],[-130.64924,54.46355],[-130.64229,54.43403],[-130.65271,54.35936],[-130.64924,54.34546],[-130.63013,54.32115],[-130.60061,54.30378],[-130.53462,54.2951]]}},{"type":"Feature","properties":{"type":"Secondary Highway","name":"330","label":null,"length_km":33,"expressway":0},"geometry":{"type":"LineString","coordinates":[[-54.47004,49.27982],[-54.4631,49.22251],[-54.47004,49.1982],[-54.49088,49.17736],[-54.5013,49.15652],[-54.49957,49.13394],[-54.50478,49.11484],[-54.51693,49.09574],[-54.53777,49.08011],[-54.59334,49.04885],[-54.60376,49.03669],[-54.59508,48.99675],[-54.61245,48.96028]]}},{"type":"Feature","properties":{"type":"Major Highway","name":"1","label":null,"length_km":46,"expressway":0},"geometry":{"type":"LineString","coordinates":[[-54.24081,48.78836],[-54.25818,48.79531],[-54.31028,48.80225],[-54.32938,48.8092],[-54.34675,48.82483],[-54.37453,48.86651],[-54.39711,48.88214],[-54.42663,48.88561],[-54.49436,48.88561],[-54.53951,48.89777],[-54.58119,48.92381],[-54.62286,48.96028]]}},{"type":"Feature","properties":{"type":"Secondary Highway","name":"340","label":null,"length_km":86,"expressway":0},"geometry":{"type":"LineString","coordinates":[[-54.47004,49.27982],[-54.49088,49.27982],[-54.52562,49.2885],[-54.54298,49.31108],[-54.54298,49.32844],[-54.5343,49.35449],[-54.54298,49.37186],[-54.58466,49.41701],[-54.60724,49.42743],[-54.63155,49.42569],[-54.65239,49.41006],[-54.72185,49.33018],[-54.8,49.26766],[-54.82778,49.25377],[-54.85904,49.25203],[-54.93198,49.27461],[-54.96324,49.27808],[-54.98929,49.2694],[-55.05007,49.22251],[-55.07091,49.1982],[-55.07959,49.15999],[-55.11085,49.12352]]}},{"type":"Feature","properties":{"type":"Secondary Highway","name":null,"label":null,"length_km":1,"expressway":0},"geometry":{"type":"LineString","coordinates":[[-120.19841,55.76947],[-120.21057,55.77294]]}},{"type":"Feature","properties":{"type":"Secondary Highway","name":"64","label":null,"length_km":182,"expressway":0},"geometry":{"type":"LineString","coordinates":[[-118.49655,55.99175],[-118.49134,56.08206],[-118.47918,56.13415],[-118.48439,56.15326],[-118.55559,56.22793],[-118.6841,56.31997],[-118.71536,56.35297],[-118.72751,56.35991],[-118.86818,56.3686],[-119.08004,56.36686],[-119.41694,56.35644],[-119.48641,56.35991],[-119.54371,56.35297],[-119.66701,56.32171],[-119.80247,56.3026],[-119.93445,56.29219],[-119.9987,56.30434]]}},{"type":"Feature","properties":{"type":"Secondary Highway","name":"2","label":null,"length_km":91,"expressway":0},"geometry":{"type":"LineString","coordinates":[[-117.62304,56.2644],[-117.61609,56.25572],[-117.61262,56.23835],[-117.61609,56.17583],[-117.68556,56.16541],[-117.73071,56.13068],[-117.83491,56.1029],[-118.09713,56.07337],[-118.37672,56.0317]]}},{"type":"Feature","properties":{"type":"Secondary Highway","name":null,"label":null,"length_km":13,"expressway":0},"geometry":{"type":"LineString","coordinates":[[-52.94011,48.14756],[-52.9349,48.1354],[-52.9349,48.11283],[-52.95573,48.0972],[-52.98005,48.08851],[-53.01825,48.0451]]}},{"type":"Feature","properties":{"type":"Secondary Highway","name":null,"label":null,"length_km":34,"expressway":0},"geometry":{"type":"LineString","coordinates":[[-118.37672,56.0317],[-118.47571,56.00738],[-118.55907,55.96397],[-118.61811,55.91882],[-118.64416,55.89451],[-118.66152,55.86498]]}},{"type":"Feature","properties":{"type":"Secondary Highway","name":"49","label":null,"length_km":164,"expressway":0},"geometry":{"type":"LineString","coordinates":[[-118.68063,55.7469],[-118.72057,55.75037],[-118.80913,55.77642],[-118.84734,55.78336],[-118.9307,55.7851],[-119.04878,55.77989],[-119.10435,55.78336],[-119.13909,55.79726],[-119.17382,55.83546],[-119.19292,55.84414],[-119.2537,55.8372],[-119.45515,55.84067],[-119.73995,55.85456],[-119.83546,55.84935],[-119.89624,55.83893],[-119.96397,55.81636],[-120.00217,55.77815],[-120.0178,55.76773],[-120.13589,55.75558]]}},{"type":"Feature","properties":{"type":"Secondary Highway","name":"410","label":null,"length_km":55,"expressway":0},"geometry":{"type":"LineString","coordinates":[[-56.20317,49.9814],[-56.25005,49.92236],[-56.257,49.88589],[-56.33688,49.8008],[-56.33341,49.76259],[-56.3473,49.74175],[-56.39419,49.69834],[-56.46539,49.61498],[-56.47581,49.5733],[-56.49665,49.52294],[-56.48971,49.50036],[-56.46192,49.44827]]}},{"type":"Feature","properties":{"type":"Major Highway","name":"1","label":null,"length_km":37,"expressway":0},"geometry":{"type":"LineString","coordinates":[[-55.11259,49.12352],[-55.156,49.11831],[-55.18726,49.10616],[-55.24457,49.07316],[-55.35397,49.05927],[-55.41996,49.01759],[-55.43038,49.02627]]}},{"type":"Feature","properties":{"type":"Secondary Highway","name":null,"label":null,"length_km":3,"expressway":0},"geometry":{"type":"LineString","coordinates":[[-101.9989,57.06671],[-102.02669,57.05976]]}},{"type":"Feature","properties":{"type":"Major Highway","name":"1","label":null,"length_km":94,"expressway":0},"geometry":{"type":"LineString","coordinates":[[-54.04458,48.2066],[-54.05326,48.23786],[-54.13488,48.27607],[-54.15919,48.28128],[-54.17656,48.29343],[-54.17656,48.32643],[-54.18524,48.34553],[-54.20956,48.37331],[-54.20956,48.38547],[-54.19914,48.39763],[-54.13315,48.42368],[-54.08279,48.43583],[-54.02374,48.46535],[-54.0029,48.50182],[-53.99769,48.52092],[-53.99422,48.54176],[-53.99769,48.57129],[-53.98727,48.63033],[-53.99769,48.63728],[-54.05847,48.65291],[-54.11231,48.67896],[-54.16267,48.71542],[-54.24255,48.74321],[-54.25471,48.75189],[-54.25471,48.76752],[-54.2495,48.77794]]}},{"type":"Feature","properties":{"type":"Major Highway","name":"1","label":null,"length_km":71,"expressway":0},"geometry":{"type":"LineString","coordinates":[[-55.4408,49.01933],[-55.47206,49.03496],[-55.50679,49.03322],[-55.52763,49.0228],[-55.5971,48.96897],[-55.62488,48.95681],[-55.64919,48.95334],[-55.88711,48.95507],[-55.96352,48.96549],[-56.0625,48.98807]]}},{"type":"Feature","properties":{"type":"Major Highway","name":"1","label":null,"length_km":76,"expressway":0},"geometry":{"type":"LineString","coordinates":[[-56.0625,48.98807],[-56.07813,49.01759],[-56.09897,49.04364],[-56.11286,49.13742],[-56.11981,49.15999],[-56.12155,49.20688],[-56.10592,49.32323],[-56.08855,49.39096],[-56.09897,49.40311],[-56.15107,49.4118],[-56.17364,49.42743],[-56.1858,49.46737],[-56.21185,49.47953],[-56.25179,49.47605],[-56.3091,49.45869],[-56.35946,49.46737],[-56.40635,49.46563],[-56.46192,49.44827]]}},{"type":"Feature","properties":{"type":"Major Highway","name":"1","label":null,"length_km":23,"expressway":0},"geometry":{"type":"LineString","coordinates":[[-54.04458,48.2066],[-54.01679,48.16319],[-53.9838,48.07983],[-53.96991,48.05899],[-53.96643,48.04163],[-53.96991,48.02426],[-53.96122,48.00168],[-53.96122,47.97911],[-53.97512,47.95479]]}},{"type":"Feature","properties":{"type":"Secondary Highway","name":"13","label":null,"length_km":29,"expressway":0},"geometry":{"type":"LineString","coordinates":[[-52.84459,47.29663],[-52.86717,47.3331],[-52.90537,47.34525],[-53.09466,47.34178]]}},{"type":"Feature","properties":{"type":"Major Highway","name":"1","label":null,"length_km":46,"expressway":0},"geometry":{"type":"LineString","coordinates":[[-53.09466,47.34178],[-53.04777,47.37651],[-53.03214,47.40256],[-53.00262,47.42687],[-52.95226,47.45466],[-52.90537,47.46508],[-52.89495,47.47376],[-52.8498,47.53975],[-52.79944,47.56059],[-52.7265,47.56233]]}},{"type":"Feature","properties":{"type":"Major Highway","name":"1","label":null,"length_km":14,"expressway":0},"geometry":{"type":"LineString","coordinates":[[-53.21796,47.35046],[-53.1485,47.32962],[-53.09466,47.34178]]}},{"type":"Feature","properties":{"type":"Major Highway","name":"1","label":null,"length_km":2,"expressway":0},"geometry":{"type":"LineString","coordinates":[[-53.21796,47.35046],[-53.23706,47.36783]]}},{"type":"Feature","properties":{"type":"Major Highway","name":"1","label":null,"length_km":33,"expressway":0},"geometry":{"type":"LineString","coordinates":[[-53.23706,47.36783],[-53.28048,47.40603],[-53.35168,47.43208],[-53.43156,47.45639],[-53.5236,47.45639]]}},{"type":"Feature","properties":{"type":"Major Highway","name":"1","label":null,"length_km":5,"expressway":0},"geometry":{"type":"LineString","coordinates":[[-53.5236,47.45639],[-53.56875,47.44945]]}},{"type":"Feature","properties":{"type":"Major Highway","name":"1","label":null,"length_km":66,"expressway":0},"geometry":{"type":"LineString","coordinates":[[-53.56875,47.44945],[-53.65211,47.4755],[-53.73373,47.51891],[-53.80319,47.59358],[-53.87092,47.64916],[-53.89176,47.69083],[-53.96643,47.78461],[-53.96122,47.81413],[-53.94733,47.84886],[-53.94733,47.86449],[-53.95254,47.90096],[-53.97512,47.95479]]}},{"type":"Feature","properties":{"type":"Secondary Highway","name":"43","label":null,"length_km":170,"expressway":0},"geometry":{"type":"LineString","coordinates":[[-118.79177,55.2155],[-118.38541,55.22939],[-118.30899,55.22071],[-118.13881,55.22071],[-117.9582,55.21202],[-117.91305,55.19813],[-117.79323,55.13561],[-117.69598,55.08004],[-117.6352,55.08352],[-117.57789,55.06789],[-117.54316,55.06441],[-117.4789,55.06441],[-117.40076,55.0731],[-117.27746,55.06962]]}},{"type":"Feature","properties":{"type":"Secondary Highway","name":"100","label":null,"length_km":48,"expressway":0},"geometry":{"type":"LineString","coordinates":[[-53.56875,47.44945],[-53.59133,47.39908],[-53.62432,47.37998],[-53.666,47.36262],[-53.72852,47.34872],[-53.80493,47.29663],[-53.96991,47.26189]]}},{"type":"Feature","properties":{"type":"Major Highway","name":"1","label":null,"length_km":9,"expressway":0},"geometry":{"type":"LineString","coordinates":[[-58.23672,48.61297],[-58.23672,48.60254],[-58.24367,48.58692],[-58.25756,48.57823],[-58.27319,48.51051]]}},{"type":"Feature","properties":{"type":"Secondary Highway","name":"360","label":null,"length_km":57,"expressway":0},"geometry":{"type":"LineString","coordinates":[[-55.62662,47.97216],[-55.61099,47.9409],[-55.58667,47.91485],[-55.60231,47.84713],[-55.59883,47.82108],[-55.58667,47.77419],[-55.5641,47.75161],[-55.55889,47.74119],[-55.5641,47.72035],[-55.58147,47.69778],[-55.60751,47.67868],[-55.71866,47.62137],[-55.83327,47.50328]]}},{"type":"Feature","properties":{"type":"Secondary Highway","name":"210","label":null,"length_km":150,"expressway":0},"geometry":{"type":"LineString","coordinates":[[-53.97512,47.95479],[-54.02374,47.92701],[-54.08626,47.91312],[-54.12446,47.89922],[-54.18698,47.89054],[-54.21477,47.89402],[-54.26339,47.90964],[-54.3068,47.91312],[-54.36932,47.88533],[-54.40579,47.84018],[-54.45268,47.82629],[-54.49088,47.80371],[-54.5534,47.73772],[-54.58466,47.7273],[-54.61071,47.70299],[-54.62634,47.67694],[-54.66802,47.63352],[-54.68365,47.604],[-54.72532,47.55712],[-54.8191,47.48071],[-54.86078,47.45639],[-55.11953,47.21327],[-55.16989,47.17854]]}},{"type":"Feature","properties":{"type":"Major Highway","name":"1","label":null,"length_km":14,"expressway":0},"geometry":{"type":"LineString","coordinates":[[-58.27319,48.51051],[-58.27145,48.50182],[-58.28534,48.48272],[-58.29924,48.47404],[-58.38086,48.4532]]}},{"type":"Feature","properties":{"type":"Secondary Highway","name":"460","label":null,"length_km":24,"expressway":0},"geometry":{"type":"LineString","coordinates":[[-58.23672,48.61297],[-58.38433,48.57302],[-58.41212,48.56087],[-58.43816,48.53655],[-58.43609,48.53396]]}},{"type":"Feature","properties":{"type":"Ferry Route","name":null,"label":null,"length_km":4,"expressway":0},"geometry":{"type":"LineString","coordinates":[[-128.13465,52.15041],[-128.14507,52.12089],[-128.13986,52.10352],[-128.13465,52.10005]]}},{"type":"Feature","properties":{"type":"Secondary Highway","name":"210","label":null,"length_km":168,"expressway":0},"geometry":{"type":"LineString","coordinates":[[-55.78302,47.08922],[-55.77423,47.09345],[-55.73255,47.10039],[-55.55542,47.09865],[-55.51374,47.1056],[-55.46164,47.12991],[-55.42865,47.17854],[-55.40781,47.1959],[-55.37134,47.21153],[-55.34355,47.2098],[-55.32098,47.19243],[-55.31229,47.1768],[-55.26193,47.16985],[-55.16989,47.17854],[-55.18552,47.16465],[-55.2081,47.11602],[-55.22373,47.09865],[-55.23067,47.08129],[-55.22546,47.04656],[-55.23067,47.03266],[-55.31229,46.95278],[-55.3505,46.93889],[-55.41128,46.93021],[-55.44427,46.93368],[-55.49637,46.95625],[-55.5311,46.95799],[-55.56236,46.94931],[-55.64746,46.90416],[-55.71345,46.89026],[-55.89926,46.89721],[-55.94615,46.90589]]}},{"type":"Feature","properties":{"type":"Secondary Highway","name":"18","label":null,"length_km":78,"expressway":0},"geometry":{"type":"LineString","coordinates":[[-114.37908,54.15791],[-114.04739,54.15444],[-113.90847,54.14576],[-113.85463,54.14749],[-113.6775,54.13186]]}},{"type":"Feature","properties":{"type":"Secondary Highway","name":"36","label":null,"length_km":45,"expressway":0},"geometry":{"type":"LineString","coordinates":[[-111.98274,54.76289],[-111.97911,54.76225],[-111.9739,54.70667],[-111.97043,54.53301],[-111.98085,54.51565],[-112.02252,54.47571],[-112.02947,54.45313],[-112.00689,54.1336]]}},{"type":"Feature","properties":{"type":"Secondary Highway","name":"28","label":null,"length_km":50,"expressway":0},"geometry":{"type":"LineString","coordinates":[[-112.00689,54.1336],[-111.92875,54.12665],[-111.65958,54.12665],[-111.55712,54.1336]]}},{"type":"Feature","properties":{"type":"Major Highway","name":"1","label":null,"length_km":140,"expressway":0},"geometry":{"type":"LineString","coordinates":[[-58.38086,48.4532],[-58.4399,48.41152],[-58.47637,48.37679],[-58.52326,48.32295],[-58.60488,48.30038],[-58.66218,48.26738],[-58.73338,48.24307],[-58.76291,48.22397],[-58.78375,48.20313],[-58.78896,48.18403],[-58.79069,48.1163],[-58.8098,48.0972],[-58.86537,48.0642],[-58.89142,48.0642],[-58.91225,48.05378],[-58.95914,48.01558],[-58.97477,47.96695],[-58.9904,47.93396],[-59.01124,47.90791],[-59.06507,47.89054],[-59.11196,47.86449],[-59.20226,47.82108],[-59.22484,47.80545],[-59.24568,47.77245],[-59.28388,47.74119],[-59.29604,47.71167],[-59.29431,47.68215],[-59.25089,47.66478],[-59.20226,47.6179],[-59.18143,47.60574],[-59.17969,47.57795]]}},{"type":"Feature","properties":{"type":"Secondary Highway","name":"2","label":null,"length_km":45,"expressway":0},"geometry":{"type":"LineString","coordinates":[[-113.51773,53.6213],[-113.61324,53.6543],[-113.63408,53.69771],[-113.65145,53.74634],[-113.64624,53.76197],[-113.64277,53.88874],[-113.63582,53.93042],[-113.64624,53.97557],[-113.67402,54.05719],[-113.67055,54.10581],[-113.6775,54.13186]]}},{"type":"Feature","properties":{"type":"Secondary Highway","name":null,"label":null,"length_km":3,"expressway":0},"geometry":{"type":"LineString","coordinates":[[-113.51773,53.6213],[-113.51426,53.57442]]}},{"type":"Feature","properties":{"type":"Secondary Highway","name":"16","label":null,"length_km":78,"expressway":0},"geometry":{"type":"LineString","coordinates":[[-113.52294,53.57442],[-113.57157,53.56747],[-114.08907,53.56747],[-114.15159,53.57963],[-114.22452,53.57268]]}},{"type":"Feature","properties":{"type":"Secondary Highway","name":"16","label":null,"length_km":76,"expressway":0},"geometry":{"type":"LineString","coordinates":[[-119.18597,53.03954],[-119.13735,53.02912],[-119.02447,52.99439],[-118.91507,52.98224],[-118.89249,52.97703],[-118.79177,52.93187],[-118.7553,52.90235],[-118.69799,52.86936],[-118.65284,52.85547],[-118.57296,52.84157],[-118.55559,52.84331],[-118.51565,52.86068]]}},{"type":"Feature","properties":{"type":"Major Highway","name":"2","label":null,"length_km":25,"expressway":1},"geometry":{"type":"LineString","coordinates":[[-113.51426,53.57442],[-113.51078,53.564],[-113.49168,53.55184],[-113.483,53.53795],[-113.48647,53.44243],[-113.49689,53.41118],[-113.52641,53.37992],[-113.53683,53.36255],[-113.55073,53.31393],[-113.55767,53.26877]]}},{"type":"Feature","properties":{"type":"Major Highway","name":"2","label":null,"length_km":41,"expressway":1},"geometry":{"type":"LineString","coordinates":[[-113.55767,53.26877],[-113.56288,53.25141],[-113.59414,53.22015],[-113.60109,53.20452],[-113.6063,53.16458],[-113.60282,53.06733],[-113.60977,53.04649],[-113.63582,52.9996],[-113.63582,52.9614],[-113.65145,52.92319],[-113.63061,52.72869]]}},{"type":"Feature","properties":{"type":"Secondary Highway","name":"3","label":null,"length_km":71,"expressway":0},"geometry":{"type":"LineString","coordinates":[[-106.39943,53.22015],[-106.37338,53.22536],[-106.27613,53.22883],[-106.21014,53.23752],[-106.14415,53.24099],[-106.05211,53.22883],[-105.87498,53.22536],[-105.80204,53.20973],[-105.76731,53.2132]]}},{"type":"Feature","properties":{"type":"Secondary Highway","name":null,"label":null,"length_km":100,"expressway":0},"geometry":{"type":"LineString","coordinates":[[-114.93827,52.42132],[-114.92264,52.45952],[-114.92958,52.49599],[-114.92611,52.58977],[-114.91743,52.6106],[-114.9018,52.62624],[-114.87054,52.64707],[-114.8688,52.97529],[-114.83928,53.20626],[-114.98689,53.20105],[-114.97994,53.42681],[-114.98689,53.58831]]}},{"type":"Feature","properties":{"type":"Secondary Highway","name":"35","label":null,"length_km":36,"expressway":0},"geometry":{"type":"LineString","coordinates":[[-104.02898,53.36429],[-104.03766,52.86762],[-104.03419,52.83289]]}},{"type":"Feature","properties":{"type":"Secondary Highway","name":"3","label":null,"length_km":58,"expressway":0},"geometry":{"type":"LineString","coordinates":[[-104.03419,52.83289],[-104.26863,52.82768],[-104.5569,52.82942]]}},{"type":"Feature","properties":{"type":"Secondary Highway","name":null,"label":null,"length_km":13,"expressway":0},"geometry":{"type":"LineString","coordinates":[[-60.24943,46.10706],[-60.20775,46.1088],[-60.14176,46.16784]]}},{"type":"Feature","properties":{"type":"Secondary Highway","name":"105","label":null,"length_km":47,"expressway":1},"geometry":{"type":"LineString","coordinates":[[-60.50818,46.23209],[-60.49256,46.2182],[-60.47345,46.22167],[-60.39357,46.26683],[-60.35363,46.27377],[-60.29285,46.25641],[-60.27548,46.23557],[-60.27722,46.23036],[-60.28243,46.2182],[-60.29979,46.20778],[-60.32932,46.17652],[-60.33279,46.14874],[-60.28937,46.12095],[-60.24943,46.10706]]}},{"type":"Feature","properties":{"type":"Secondary Highway","name":"105","label":null,"length_km":15,"expressway":1},"geometry":{"type":"LineString","coordinates":[[-60.64364,46.19389],[-60.59501,46.20431],[-60.5516,46.24772],[-60.5325,46.25293],[-60.52034,46.24425]]}},{"type":"Feature","properties":{"type":"Secondary Highway","name":null,"label":null,"length_km":0,"expressway":0},"geometry":{"type":"LineString","coordinates":[[-60.89023,46.12964],[-60.89023,46.13137]]}},{"type":"Feature","properties":{"type":"Secondary Highway","name":null,"label":null,"length_km":0,"expressway":0},"geometry":{"type":"LineString","coordinates":[[-60.89023,46.12964],[-60.89023,46.13137]]}},{"type":"Feature","properties":{"type":"Secondary Highway","name":"1","label":null,"length_km":190,"expressway":1},"geometry":{"type":"LineString","coordinates":[[-115.7593,51.19166],[-115.72842,51.17965],[-115.67111,51.16576],[-115.60164,51.19354],[-115.50613,51.20396],[-115.35505,51.08935],[-115.30816,51.04246],[-115.15708,51.04767],[-115.09109,51.06677],[-115.05288,51.10324],[-114.86359,51.14666],[-114.76982,51.16055],[-114.69862,51.13276],[-114.57532,51.09456],[-114.20195,51.08761],[-114.09428,51.07546]]}},{"type":"Feature","properties":{"type":"Secondary Highway","name":null,"label":null,"length_km":2,"expressway":0},"geometry":{"type":"LineString","coordinates":[[-106.67555,52.15041],[-106.68597,52.13478]]}},{"type":"Feature","properties":{"type":"Secondary Highway","name":null,"label":null,"length_km":0,"expressway":0},"geometry":{"type":"LineString","coordinates":[[-106.68597,52.13478],[-106.68944,52.13652]]}},{"type":"Feature","properties":{"type":"Secondary Highway","name":"16","label":null,"length_km":13,"expressway":0},"geometry":{"type":"LineString","coordinates":[[-106.68597,52.13478],[-106.67208,52.12957],[-106.60782,52.12089],[-106.57483,52.0931]]}},{"type":"Feature","properties":{"type":"Ferry Route","name":null,"label":null,"length_km":34,"expressway":0},"geometry":{"type":"LineString","coordinates":[[-124.59547,49.88415],[-124.75871,49.77996],[-124.82991,49.75912],[-124.88895,49.7487]]}},{"type":"Feature","properties":{"type":"Secondary Highway","name":null,"label":null,"length_km":3,"expressway":0},"geometry":{"type":"LineString","coordinates":[[-65.46443,47.0674],[-65.48353,47.04482]]}},{"type":"Feature","properties":{"type":"Secondary Highway","name":null,"label":null,"length_km":3,"expressway":0},"geometry":{"type":"LineString","coordinates":[[-65.48353,47.04482],[-65.47484,47.05871],[-65.46443,47.0674]]}},{"type":"Feature","properties":{"type":"Secondary Highway","name":null,"label":null,"length_km":8,"expressway":0},"geometry":{"type":"LineString","coordinates":[[-63.20338,46.29461],[-63.13044,46.26856]]}},{"type":"Feature","properties":{"type":"Secondary Highway","name":"105","label":null,"length_km":6,"expressway":0},"geometry":{"type":"LineString","coordinates":[[-61.36606,45.67465],[-61.42163,45.65381]]}},{"type":"Feature","properties":{"type":"Secondary Highway","name":"105","label":null,"length_km":2,"expressway":0},"geometry":{"type":"LineString","coordinates":[[-61.42163,45.65381],[-61.43726,45.65033]]}},{"type":"Feature","properties":{"type":"Secondary Highway","name":null,"label":null,"length_km":111,"expressway":0},"geometry":{"type":"LineString","coordinates":[[-71.26812,49.83726],[-71.3619,49.65839],[-71.41226,49.53162],[-71.42615,49.3927],[-71.45394,49.27287],[-71.47478,49.21383],[-71.5043,49.15652],[-71.60329,49.0419],[-71.62239,49.02801],[-71.64496,49.00196],[-71.71964,48.94465],[-71.82557,48.84914],[-71.86378,48.7901],[-71.87593,48.74495],[-71.86725,48.72584]]}},{"type":"Feature","properties":{"type":"Secondary Highway","name":"2","label":null,"length_km":84,"expressway":0},"geometry":{"type":"LineString","coordinates":[[-64.04736,46.94757],[-64.13419,46.82601],[-64.18108,46.7687],[-64.18282,46.74092],[-64.15851,46.69576],[-64.02826,46.64714],[-64.00742,46.58636],[-63.98137,46.45959],[-63.97095,46.4509],[-63.87197,46.4318],[-63.73825,46.41617]]}},{"type":"Feature","properties":{"type":"Secondary Highway","name":"169","label":null,"length_km":30,"expressway":0},"geometry":{"type":"LineString","coordinates":[[-71.86725,48.72584],[-71.81862,48.68069],[-71.77695,48.66506],[-71.65017,48.63901],[-71.63802,48.62512],[-71.62933,48.60428],[-71.63107,48.5956]]}},{"type":"Feature","properties":{"type":"Major Highway","name":"1","label":null,"length_km":78,"expressway":1},"geometry":{"type":"LineString","coordinates":[[-120.30955,50.67951],[-120.38423,50.6552],[-120.44674,50.66909],[-120.48495,50.64825],[-120.46411,50.55621],[-120.52663,50.49891],[-120.58741,50.46938],[-120.64124,50.37908],[-120.63603,50.24884],[-120.66729,50.195],[-120.73502,50.14638],[-120.75586,50.09428]]}},{"type":"Feature","properties":{"type":"Major Highway","name":"1","label":null,"length_km":8,"expressway":1},"geometry":{"type":"LineString","coordinates":[[-114.01092,51.09456],[-114.0856,51.07719]]}},{"type":"Feature","properties":{"type":"Secondary Highway","name":"19A","label":null,"length_km":9,"expressway":0},"geometry":{"type":"LineString","coordinates":[[-63.62364,46.28419],[-63.64968,46.26335],[-63.69831,46.25293],[-63.70352,46.24772]]}},{"type":"Feature","properties":{"type":"Secondary Highway","name":"97","label":null,"length_km":82,"expressway":0},"geometry":{"type":"LineString","coordinates":[[-119.2537,50.33914],[-119.29191,50.35651],[-119.33359,50.41729],[-119.36485,50.4416],[-119.39784,50.45549],[-119.43952,50.44855],[-119.48467,50.45549],[-119.52287,50.47286],[-119.54545,50.4937],[-119.61839,50.48328],[-119.66007,50.46938],[-119.72432,50.46244],[-119.79726,50.47286],[-119.83199,50.4937],[-119.84935,50.53016],[-119.87888,50.54753],[-119.91361,50.63089]]}},{"type":"Feature","properties":{"type":"Secondary Highway","name":null,"label":null,"length_km":4,"expressway":0},"geometry":{"type":"LineString","coordinates":[[-107.96757,51.58428],[-107.99362,51.54955]]}},{"type":"Feature","properties":{"type":"Secondary Highway","name":"170","label":null,"length_km":11,"expressway":0},"geometry":{"type":"LineString","coordinates":[[-71.63107,48.5956],[-71.62413,48.58692],[-71.6276,48.55392],[-71.67101,48.47925]]}},{"type":"Feature","properties":{"type":"Secondary Highway","name":"175","label":null,"length_km":26,"expressway":0},"geometry":{"type":"LineString","coordinates":[[-70.93122,48.47751],[-70.9538,48.46535],[-70.99201,48.4532],[-71.05105,48.45146],[-71.07363,48.4393],[-71.09099,48.42368],[-71.1153,48.38721],[-71.12051,48.36984],[-71.1153,48.33858]]}},{"type":"Feature","properties":{"type":"Secondary Highway","name":"170","label":null,"length_km":33,"expressway":0},"geometry":{"type":"LineString","coordinates":[[-71.66754,48.47577],[-71.52514,48.45667],[-71.42789,48.45146],[-71.3702,48.43333]]}},{"type":"Feature","properties":{"type":"Secondary Highway","name":"104","label":null,"length_km":1,"expressway":0},"geometry":{"type":"LineString","coordinates":[[-62.02249,45.61734],[-62.0277,45.60518]]}},{"type":"Feature","properties":{"type":"Major Highway","name":"1","label":null,"length_km":7,"expressway":1},"geometry":{"type":"LineString","coordinates":[[-114.0856,51.07719],[-114.10296,51.04767],[-114.09949,50.99905],[-114.09428,50.98863]]}},{"type":"Feature","properties":{"type":"Secondary Highway","name":"7","label":null,"length_km":73,"expressway":0},"geometry":{"type":"LineString","coordinates":[[-109.35164,51.47661],[-109.67291,51.48182],[-109.73543,51.47661],[-109.76669,51.4714],[-109.83962,51.43667],[-110.00286,51.38283]]}},{"type":"Feature","properties":{"type":"Secondary Highway","name":"9","label":null,"length_km":207,"expressway":0},"geometry":{"type":"LineString","coordinates":[[-110.00286,51.38283],[-110.08448,51.37241],[-110.28245,51.38283],[-110.45091,51.3811],[-110.77044,51.40194],[-110.81733,51.41235],[-110.96667,51.46272],[-111.17854,51.51829],[-111.2289,51.5235],[-111.36609,51.5617],[-111.48071,51.57559],[-111.62484,51.61554],[-111.73772,51.62075],[-111.8506,51.61554]]}},{"type":"Feature","properties":{"type":"Secondary Highway","name":"97","label":null,"length_km":4,"expressway":0},"geometry":{"type":"LineString","coordinates":[[-119.2537,50.33914],[-119.25197,50.29399],[-119.25718,50.2801]]}},{"type":"Feature","properties":{"type":"Secondary Highway","name":"7","label":null,"length_km":151,"expressway":0},"geometry":{"type":"LineString","coordinates":[[-107.99362,51.54955],[-108.02488,51.55302],[-108.30795,51.49397],[-108.44688,51.47835],[-109.2405,51.47314],[-109.35164,51.47661]]}},{"type":"Feature","properties":{"type":"Secondary Highway","name":"19A","label":null,"length_km":15,"expressway":0},"geometry":{"type":"LineString","coordinates":[[-63.70352,46.24772],[-63.81987,46.14005]]}},{"type":"Feature","properties":{"type":"Secondary Highway","name":"169","label":null,"length_km":5,"expressway":0},"geometry":{"type":"LineString","coordinates":[[-71.67101,48.47925],[-71.67796,48.47577],[-71.70401,48.42715]]}},{"type":"Feature","properties":{"type":"Secondary Highway","name":"106","label":null,"length_km":7,"expressway":0},"geometry":{"type":"LineString","coordinates":[[-62.68414,45.74237],[-62.73624,45.68333]]}},{"type":"Feature","properties":{"type":"Secondary Highway","name":"104","label":null,"length_km":68,"expressway":1},"geometry":{"type":"LineString","coordinates":[[-62.0277,45.60518],[-62.15969,45.57913],[-62.21178,45.58955],[-62.2934,45.57566],[-62.36981,45.57045],[-62.46185,45.57392],[-62.52958,45.58434],[-62.63899,45.57219]]}},{"type":"Feature","properties":{"type":"Secondary Highway","name":"106","label":null,"length_km":14,"expressway":0},"geometry":{"type":"LineString","coordinates":[[-62.63899,45.57219],[-62.73624,45.68333]]}},{"type":"Feature","properties":{"type":"Ferry Route","name":null,"label":null,"length_km":77,"expressway":0},"geometry":{"type":"LineString","coordinates":[[-123.2826,49.36665],[-123.3017,49.35275],[-123.32949,49.30066],[-123.36596,49.27461],[-123.50836,49.25724],[-123.61603,49.26071],[-123.75322,49.24509],[-123.89041,49.21383],[-123.91993,49.16868],[-123.92167,49.13742]]}},{"type":"Feature","properties":{"type":"Major Highway","name":"104","label":null,"length_km":19,"expressway":1},"geometry":{"type":"LineString","coordinates":[[-64.66385,46.14353],[-64.70727,46.1279],[-64.82883,46.12964]]}},{"type":"Feature","properties":{"type":"Secondary Highway","name":"97","label":null,"length_km":43,"expressway":0},"geometry":{"type":"LineString","coordinates":[[-119.25718,50.2801],[-119.27454,50.24015],[-119.29364,50.21584],[-119.32143,50.19327],[-119.39089,50.11165],[-119.3961,50.05607],[-119.38221,49.98314],[-119.39263,49.90846],[-119.38047,49.89283],[-119.36485,49.88589],[-119.36311,49.88068],[-119.40305,49.86852]]}},{"type":"Feature","properties":{"type":"Secondary Highway","name":"97","label":null,"length_km":31,"expressway":0},"geometry":{"type":"LineString","coordinates":[[-119.40305,49.86852],[-119.55413,49.86158],[-119.6809,49.81295]]}},{"type":"Feature","properties":{"type":"Major Highway","name":"97C","label":null,"length_km":107,"expressway":1},"geometry":{"type":"LineString","coordinates":[[-119.67743,49.80948],[-119.77642,49.8199],[-119.85109,49.86158],[-119.97786,49.89805],[-120.03691,49.90499],[-120.16368,49.89631],[-120.2835,49.8772],[-120.32865,49.88762],[-120.40506,49.88242],[-120.4971,49.8911],[-120.5631,49.91888],[-120.62909,49.92757]]}},{"type":"Feature","properties":{"type":"Secondary Highway","name":"16","label":null,"length_km":56,"expressway":0},"geometry":{"type":"LineString","coordinates":[[-63.81987,46.14005],[-63.87891,46.11053],[-64.09946,46.06885],[-64.11509,46.05322],[-64.14809,45.99939],[-64.19497,45.97334],[-64.23492,45.91951],[-64.27138,45.87783]]}},{"type":"Feature","properties":{"type":"Major Highway","name":"2","label":null,"length_km":51,"expressway":1},"geometry":{"type":"LineString","coordinates":[[-64.66385,46.14353],[-64.60655,46.09838],[-64.58223,46.06364],[-64.54577,46.04801],[-64.51451,46.00807],[-64.43636,45.97681],[-64.41031,45.95771],[-64.38079,45.92298],[-64.29743,45.88999],[-64.25749,45.85699]]}},{"type":"Feature","properties":{"type":"Major Highway","name":"104","label":null,"length_km":5,"expressway":1},"geometry":{"type":"LineString","coordinates":[[-64.25749,45.85699],[-64.21234,45.83615]]}},{"type":"Feature","properties":{"type":"Secondary Highway","name":null,"label":null,"length_km":7,"expressway":0},"geometry":{"type":"LineString","coordinates":[[-101.32857,51.29079],[-101.39457,51.28732]]}},{"type":"Feature","properties":{"type":"Secondary Highway","name":"16","label":null,"length_km":7,"expressway":0},"geometry":{"type":"LineString","coordinates":[[-102.49383,51.23175],[-102.44521,51.20917],[-102.43131,51.19528]]}},{"type":"Feature","properties":{"type":"Secondary Highway","name":"36","label":null,"length_km":81,"expressway":0},"geometry":{"type":"LineString","coordinates":[[-111.8506,51.61554],[-111.81761,51.59817],[-111.78635,51.57386],[-111.78982,51.35157],[-111.8697,51.10324],[-111.8697,51.0824],[-111.88186,51.03899],[-111.88707,50.98342],[-111.89749,50.94695],[-111.9027,50.89311],[-111.93048,50.8167],[-111.93396,50.75071],[-111.96348,50.67604],[-112.00516,50.62568]]}},{"type":"Feature","properties":{"type":"Secondary Highway","name":"36","label":null,"length_km":2,"expressway":0},"geometry":{"type":"LineString","coordinates":[[-112.00516,50.62568],[-111.99126,50.61873]]}},{"type":"Feature","properties":{"type":"Secondary Highway","name":"104","label":null,"length_km":71,"expressway":1},"geometry":{"type":"LineString","coordinates":[[-62.63899,45.57219],[-62.72581,45.5774],[-62.78139,45.56524],[-62.87516,45.52704],[-62.94463,45.51488],[-63.07834,45.47147],[-63.1096,45.44194],[-63.16517,45.41937],[-63.25548,45.36206]]}},{"type":"Feature","properties":{"type":"Secondary Highway","name":null,"label":null,"length_km":42,"expressway":0},"geometry":{"type":"LineString","coordinates":[[-120.62909,49.92757],[-120.61867,49.85463],[-120.63082,49.80774],[-120.64472,49.7869],[-120.64645,49.7678],[-120.61172,49.71397],[-120.6013,49.68618],[-120.62214,49.66013],[-120.54573,49.56636],[-120.51273,49.5021],[-120.50752,49.47953]]}},{"type":"Feature","properties":{"type":"Secondary Highway","name":null,"label":null,"length_km":25,"expressway":0},"geometry":{"type":"LineString","coordinates":[[-100.27967,51.15708],[-100.05391,51.15708]]}},{"type":"Feature","properties":{"type":"Major Highway","name":"104","label":null,"length_km":30,"expressway":1},"geometry":{"type":"LineString","coordinates":[[-63.51597,45.43326],[-63.43782,45.40548],[-63.31452,45.38464],[-63.25895,45.36727],[-63.25548,45.36206]]}},{"type":"Feature","properties":{"type":"Major Highway","name":"104","label":null,"length_km":90,"expressway":1},"geometry":{"type":"LineString","coordinates":[[-64.21234,45.83615],[-64.15851,45.80837],[-64.08557,45.75627],[-64.03694,45.71459],[-63.997,45.70417],[-63.88065,45.72675],[-63.84071,45.7198],[-63.7643,45.69028],[-63.7452,45.66596],[-63.73478,45.60866],[-63.70352,45.55656],[-63.68962,45.51835],[-63.66531,45.4923],[-63.61669,45.45584],[-63.56633,45.44021],[-63.51597,45.43326]]}},{"type":"Feature","properties":{"type":"Secondary Highway","name":"5","label":null,"length_km":119,"expressway":0},"geometry":{"type":"LineString","coordinates":[[-100.27967,51.15708],[-100.30919,51.16228],[-100.48285,51.15187],[-100.528,51.14318],[-100.58705,51.14666],[-100.76244,51.1866],[-100.98994,51.20223],[-101.1636,51.20396],[-101.26258,51.23001],[-101.306,51.23522],[-101.34228,51.23419]]}},{"type":"Feature","properties":{"type":"Secondary Highway","name":null,"label":null,"length_km":28,"expressway":0},"geometry":{"type":"LineString","coordinates":[[-98.359,51.21786],[-98.35031,51.19181],[-98.32079,51.15534],[-98.28259,51.08935],[-98.24786,51.05288],[-98.23744,51.0112],[-98.20791,50.98342],[-98.1836,50.95389],[-98.18707,50.95042]]}},{"type":"Feature","properties":{"type":"Secondary Highway","name":"2","label":null,"length_km":144,"expressway":0},"geometry":{"type":"LineString","coordinates":[[-63.51597,45.43326],[-63.58196,45.40026],[-63.63579,45.40895],[-63.79208,45.4211],[-63.87544,45.40026],[-63.91538,45.39853],[-64.01263,45.42284],[-64.06126,45.42979],[-64.23492,45.43847],[-64.30091,45.43673],[-64.33737,45.42631],[-64.34606,45.43847],[-64.3669,45.51141],[-64.3478,45.53572],[-64.2818,45.5774],[-64.23492,45.59824],[-64.19497,45.60171],[-64.14982,45.59303],[-64.10814,45.60171],[-64.06299,45.63992],[-64.00568,45.7007]]}},{"type":"Feature","properties":{"type":"Major Highway","name":"2","label":null,"length_km":15,"expressway":1},"geometry":{"type":"LineString","coordinates":[[-65.33592,45.78232],[-65.40017,45.76148],[-65.46616,45.72154]]}},{"type":"Feature","properties":{"type":"Secondary Highway","name":"83","label":null,"length_km":41,"expressway":0},"geometry":{"type":"LineString","coordinates":[[-101.27995,50.76634],[-101.29384,50.80107],[-101.28516,50.90006],[-101.28516,50.94],[-101.33205,50.98689],[-101.34073,51.00599],[-101.34768,51.06504],[-101.35289,51.20396],[-101.34247,51.23175],[-101.32857,51.29079]]}},{"type":"Feature","properties":{"type":"Secondary Highway","name":null,"label":null,"length_km":1,"expressway":0},"geometry":{"type":"LineString","coordinates":[[-101.273,50.75766],[-101.27995,50.76634]]}},{"type":"Feature","properties":{"type":"Secondary Highway","name":"16","label":null,"length_km":27,"expressway":0},"geometry":{"type":"LineString","coordinates":[[-101.273,50.75766],[-101.51786,50.7785]]}},{"type":"Feature","properties":{"type":"Secondary Highway","name":"17","label":null,"length_km":19,"expressway":0},"geometry":{"type":"LineString","coordinates":[[-123.41632,48.69979],[-123.43195,48.6668],[-123.41111,48.57129],[-123.37985,48.49835],[-123.37638,48.47751],[-123.37811,48.46535]]}},{"type":"Feature","properties":{"type":"Secondary Highway","name":"1","label":null,"length_km":146,"expressway":0},"geometry":{"type":"LineString","coordinates":[[-123.37811,48.46535],[-123.43021,48.46188],[-123.49273,48.47925],[-123.56046,48.48793],[-123.56219,48.52787],[-123.57435,48.54697],[-123.5674,48.56434],[-123.54656,48.57302],[-123.54135,48.58865],[-123.54656,48.61297],[-123.57435,48.67896],[-123.66465,48.74321],[-123.71328,48.80052],[-123.72543,48.84219],[-123.72196,48.86651],[-123.71328,48.88561],[-123.73064,48.9134],[-123.80184,48.96549],[-123.84873,49.00717],[-123.89562,49.11137],[-123.92861,49.12873],[-123.95814,49.13568],[-123.98766,49.15999],[-124.05191,49.19993],[-124.05539,49.21904],[-124.06581,49.23467],[-124.10227,49.24682],[-124.17347,49.24335],[-124.24468,49.26766],[-124.2603,49.28503],[-124.36797,49.31281]]}},{"type":"Feature","properties":{"type":"Secondary Highway","name":"16","label":null,"length_km":8,"expressway":0},"geometry":{"type":"LineString","coordinates":[[-101.273,50.75766],[-101.2869,50.64825]]}},{"type":"Feature","properties":{"type":"Secondary Highway","name":"3","label":null,"length_km":115,"expressway":0},"geometry":{"type":"LineString","coordinates":[[-120.50579,49.47258],[-120.48148,49.46042],[-120.42938,49.46216],[-120.39464,49.45174],[-120.36339,49.44827],[-120.29566,49.42048],[-120.19841,49.37186],[-120.15847,49.36491],[-120.11332,49.36491],[-120.07337,49.34754],[-120.02301,49.31281],[-119.99697,49.24682],[-119.96223,49.22598],[-119.8372,49.20167],[-119.79378,49.20341],[-119.74169,49.18778],[-119.72085,49.16173],[-119.69653,49.05927],[-119.68785,49.0419],[-119.66875,49.03669],[-119.62707,49.05927],[-119.58366,49.07664]]}},{"type":"Feature","properties":{"type":"Secondary Highway","name":"111","label":null,"length_km":29,"expressway":0},"geometry":{"type":"LineString","coordinates":[[-78.95429,48.74668],[-79.21131,48.78489]]}},{"type":"Feature","properties":{"type":"Major Highway","name":"95","label":null,"length_km":18,"expressway":1},"geometry":{"type":"LineString","coordinates":[[-67.6178,46.14526],[-67.78104,46.14179]]}},{"type":"Feature","properties":{"type":"Secondary Highway","name":"33","label":null,"length_km":102,"expressway":0},"geometry":{"type":"LineString","coordinates":[[-119.40305,49.86852],[-119.39089,49.86158],[-119.36485,49.8581],[-119.30754,49.86331],[-119.12867,49.86331],[-119.10262,49.85289],[-119.08873,49.83553],[-119.08699,49.81816],[-119.10957,49.75738],[-119.09394,49.68444],[-119.06962,49.61324],[-119.06441,49.57677],[-119.07657,49.53683],[-119.09046,49.51773],[-119.10957,49.5021],[-119.11477,49.48474],[-119.08525,49.45521],[-119.08004,49.43611],[-119.08178,49.36144],[-119.0731,49.34407],[-119.04184,49.31281],[-119.0019,49.22598],[-118.99321,49.18778],[-118.99321,49.16868],[-119.00884,49.13915],[-118.98627,49.06795]]}},{"type":"Feature","properties":{"type":"Secondary Highway","name":"3","label":null,"length_km":66,"expressway":0},"geometry":{"type":"LineString","coordinates":[[-119.56455,49.0558],[-119.50204,49.0558],[-119.4291,49.02627],[-119.38395,49.02975],[-119.34053,48.99849],[-119.18945,49.03669],[-119.11998,49.06101],[-118.98627,49.06795]]}},{"type":"Feature","properties":{"type":"Secondary Highway","name":"1","label":null,"length_km":5,"expressway":0},"geometry":{"type":"LineString","coordinates":[[-104.63505,50.41555],[-104.59685,50.44333]]}},{"type":"Feature","properties":{"type":"Secondary Highway","name":"45","label":null,"length_km":157,"expressway":0},"geometry":{"type":"LineString","coordinates":[[-99.89241,50.49717],[-99.96187,50.52322],[-100.3144,50.52148],[-100.4568,50.53016],[-100.56447,50.56316],[-100.74681,50.64304],[-100.8788,50.71945],[-100.90484,50.72466],[-101.01946,50.72987],[-101.1636,50.75939],[-101.27995,50.76634]]}},{"type":"Feature","properties":{"type":"Secondary Highway","name":"1","label":null,"length_km":1,"expressway":0},"geometry":{"type":"LineString","coordinates":[[-104.63679,50.4086],[-104.63505,50.41555]]}},{"type":"Feature","properties":{"type":"Secondary Highway","name":"1","label":null,"length_km":102,"expressway":0},"geometry":{"type":"LineString","coordinates":[[-105.55371,50.41208],[-105.49293,50.41034],[-105.30711,50.39124],[-105.0883,50.39124],[-104.82781,50.4086],[-104.63505,50.41555]]}},{"type":"Feature","properties":{"type":"Secondary Highway","name":null,"label":null,"length_km":15,"expressway":0},"geometry":{"type":"LineString","coordinates":[[-63.68268,44.74904],[-63.6601,44.73515],[-63.63058,44.73341],[-63.56112,44.67784]]}},{"type":"Feature","properties":{"type":"Secondary Highway","name":null,"label":null,"length_km":3,"expressway":0},"geometry":{"type":"LineString","coordinates":[[-63.56112,44.67784],[-63.58543,44.6709]]}},{"type":"Feature","properties":{"type":"Secondary Highway","name":null,"label":null,"length_km":3,"expressway":0},"geometry":{"type":"LineString","coordinates":[[-63.62016,44.66048],[-63.64621,44.65179]]}},{"type":"Feature","properties":{"type":"Major Highway","name":"103","label":null,"length_km":9,"expressway":1},"geometry":{"type":"LineString","coordinates":[[-63.68268,44.74904],[-63.70352,44.71084],[-63.70178,44.67784],[-63.71741,44.65179]]}},{"type":"Feature","properties":{"type":"Secondary Highway","name":"22","label":null,"length_km":58,"expressway":0},"geometry":{"type":"LineString","coordinates":[[-102.28863,50.63856],[-102.29586,50.64652],[-102.32885,50.66215],[-102.36532,50.66736],[-102.41916,50.66562],[-102.44521,50.6743],[-102.47125,50.69861],[-102.48341,50.73682],[-102.48688,50.79586],[-102.48515,50.85838],[-102.47473,50.9018],[-102.43999,51.00078],[-102.43131,51.04767],[-102.43131,51.19528]]}},{"type":"Feature","properties":{"type":"Secondary Highway","name":"36","label":null,"length_km":69,"expressway":0},"geometry":{"type":"LineString","coordinates":[[-112.12846,49.79038],[-112.12498,49.91367],[-112.1163,49.92757],[-112.07809,49.96751],[-112.06767,49.99008],[-112.06941,50.00745],[-112.10241,50.04739],[-112.10762,50.06476],[-112.09546,50.16201],[-112.07462,50.21758],[-112.02079,50.26447],[-112.01558,50.28357],[-112.00689,50.35998],[-112.00342,50.58921],[-111.99126,50.61873]]}},{"type":"Feature","properties":{"type":"Secondary Highway","name":"3","label":null,"length_km":69,"expressway":0},"geometry":{"type":"LineString","coordinates":[[-112.13193,49.78864],[-112.24133,49.75912],[-112.30733,49.75564],[-112.46362,49.75912],[-112.51224,49.75391],[-112.58692,49.73654],[-112.62338,49.7157],[-112.71542,49.70007],[-112.74668,49.70007]]}},{"type":"Feature","properties":{"type":"Major Highway","name":"440","label":null,"length_km":5,"expressway":1},"geometry":{"type":"LineString","coordinates":[[-71.24728,46.80864],[-71.20561,46.8017]]}},{"type":"Feature","properties":{"type":"Secondary Highway","name":"175","label":null,"length_km":3,"expressway":0},"geometry":{"type":"LineString","coordinates":[[-71.2195,46.82254],[-71.24728,46.80864]]}},{"type":"Feature","properties":{"type":"Secondary Highway","name":null,"label":null,"length_km":17,"expressway":0},"geometry":{"type":"LineString","coordinates":[[-99.89241,50.49717],[-99.89936,50.26273]]}},{"type":"Feature","properties":{"type":"Secondary Highway","name":"3","label":null,"length_km":31,"expressway":0},"geometry":{"type":"LineString","coordinates":[[-66.92143,45.84136],[-66.92316,45.83094],[-66.91448,45.79274],[-66.93358,45.76842],[-67.0152,45.70938],[-67.08988,45.66596],[-67.13329,45.6486]]}},{"type":"Feature","properties":{"type":"Major Highway","name":"440","label":null,"length_km":4,"expressway":1},"geometry":{"type":"LineString","coordinates":[[-71.1865,46.78954],[-71.15524,46.76002]]}},{"type":"Feature","properties":{"type":"Major Highway","name":"440","label":null,"length_km":4,"expressway":1},"geometry":{"type":"LineString","coordinates":[[-71.15524,46.76002],[-71.13614,46.74786],[-71.13441,46.73918],[-71.14135,46.73223]]}},{"type":"Feature","properties":{"type":"Secondary Highway","name":"7","label":null,"length_km":85,"expressway":0},"geometry":{"type":"LineString","coordinates":[[-66.18511,45.23355],[-66.30667,45.37943],[-66.31362,45.40548],[-66.33098,45.43152],[-66.33446,45.48709],[-66.34314,45.51314],[-66.4074,45.58782],[-66.4647,45.67117],[-66.48207,45.71632],[-66.48033,45.74411],[-66.46991,45.7719],[-66.47686,45.79968],[-66.50464,45.82052],[-66.57064,45.85352],[-66.63315,45.89172],[-66.6783,45.89693],[-66.6922,45.92645]]}},{"type":"Feature","properties":{"type":"Secondary Highway","name":"103","label":null,"length_km":69,"expressway":1},"geometry":{"type":"LineString","coordinates":[[-63.71741,44.65179],[-63.75735,44.65527],[-63.86676,44.69694],[-63.91017,44.70563],[-63.95011,44.69694],[-64.01263,44.66221],[-64.19845,44.59969],[-64.32348,44.58059]]}},{"type":"Feature","properties":{"type":"Secondary Highway","name":"12","label":null,"length_km":49,"expressway":0},"geometry":{"type":"LineString","coordinates":[[-64.53187,45.04947],[-64.53535,45.013],[-64.52145,44.97133],[-64.51798,44.94875],[-64.52319,44.93312],[-64.53535,44.91749],[-64.54229,44.89492],[-64.54056,44.88102],[-64.52319,44.8515],[-64.48151,44.75773],[-64.4572,44.71605],[-64.41379,44.66916],[-64.37558,44.6379],[-64.33737,44.61532],[-64.32348,44.58059]]}},{"type":"Feature","properties":{"type":"Secondary Highway","name":"6","label":null,"length_km":29,"expressway":0},"geometry":{"type":"LineString","coordinates":[[-104.63679,50.4086],[-104.64373,50.36345],[-104.63331,50.28704],[-104.63158,50.20195],[-104.60379,50.01613]]}},{"type":"Feature","properties":{"type":"Secondary Highway","name":"41","label":null,"length_km":51,"expressway":0},"geometry":{"type":"LineString","coordinates":[[-101.36852,50.03524],[-101.38762,50.25926],[-101.39109,50.35477],[-101.38067,50.36693],[-101.33552,50.45376],[-101.2869,50.46591],[-101.27995,50.48328],[-101.28863,50.58226],[-101.2869,50.64825]]}},{"type":"Feature","properties":{"type":"Secondary Highway","name":"16","label":null,"length_km":167,"expressway":0},"geometry":{"type":"LineString","coordinates":[[-98.47709,49.98487],[-98.46667,50.04044],[-98.55697,50.12901],[-98.97028,50.21758],[-99.14394,50.23147],[-99.29329,50.21932],[-99.61455,50.228],[-99.90978,50.24884]]}},{"type":"Feature","properties":{"type":"Secondary Highway","name":"1","label":null,"length_km":18,"expressway":0},"geometry":{"type":"LineString","coordinates":[[-97.34309,49.90499],[-97.24584,49.91367],[-97.17985,49.91367]]}},{"type":"Feature","properties":{"type":"Secondary Highway","name":null,"label":null,"length_km":131,"expressway":0},"geometry":{"type":"LineString","coordinates":[[-98.18707,50.95042],[-98.17839,50.95216],[-98.16971,50.94174],[-98.11935,50.86185],[-98.05509,50.80281],[-98.04815,50.78544],[-98.0412,50.74898],[-98.03773,50.62221],[-98.01863,50.58747],[-98.01168,50.51627],[-98.00473,50.49717],[-97.95264,50.45202],[-97.92659,50.41729],[-97.79113,50.2801],[-97.76335,50.25926],[-97.73209,50.23842],[-97.52891,50.13249],[-97.46118,50.09254],[-97.4004,50.04739],[-97.35004,50.0005],[-97.33093,49.97619],[-97.31878,49.95188],[-97.31183,49.9293],[-97.31183,49.90499]]}},{"type":"Feature","properties":{"type":"Secondary Highway","name":"72","label":null,"length_km":74,"expressway":0},"geometry":{"type":"LineString","coordinates":[[-92.49973,49.69313],[-92.38338,49.85116],[-92.14546,49.9814],[-91.89539,50.10123]]}},{"type":"Feature","properties":{"type":"Secondary Highway","name":null,"label":null,"length_km":27,"expressway":0},"geometry":{"type":"LineString","coordinates":[[-99.89588,50.27489],[-99.93062,50.20716],[-99.91672,49.94841],[-99.91846,49.91194]]}},{"type":"Feature","properties":{"type":"Secondary Highway","name":"1","label":null,"length_km":22,"expressway":0},"geometry":{"type":"LineString","coordinates":[[-97.17985,49.91367],[-96.98535,49.86505]]}},{"type":"Feature","properties":{"type":"Secondary Highway","name":"1","label":null,"length_km":11,"expressway":0},"geometry":{"type":"LineString","coordinates":[[-97.17985,49.91367],[-97.24584,49.87373],[-97.27015,49.84421]]}},{"type":"Feature","properties":{"type":"Secondary Highway","name":"1","label":null,"length_km":8,"expressway":0},"geometry":{"type":"LineString","coordinates":[[-95.15324,49.74175],[-95.22097,49.74175]]}},{"type":"Feature","properties":{"type":"Secondary Highway","name":"101","label":null,"length_km":113,"expressway":0},"geometry":{"type":"LineString","coordinates":[[-80.60406,48.55739],[-80.64747,48.5435],[-80.8958,48.55045],[-80.96874,48.56087],[-81.02431,48.55739],[-81.07641,48.5435],[-81.16324,48.49488],[-81.18408,48.48619],[-81.30043,48.48098],[-81.36468,48.48619],[-81.39421,48.48272],[-81.42199,48.47056],[-81.50882,48.41152],[-81.56266,48.39589],[-81.58697,48.38373],[-81.59912,48.382]]}},{"type":"Feature","properties":{"type":"Secondary Highway","name":"1","label":null,"length_km":43,"expressway":0},"geometry":{"type":"LineString","coordinates":[[-96.98535,49.86505],[-96.70923,49.7296],[-96.64151,49.70181],[-96.61719,49.67923]]}},{"type":"Feature","properties":{"type":"Secondary Highway","name":"13","label":null,"length_km":169,"expressway":0},"geometry":{"type":"LineString","coordinates":[[-103.81711,49.65145],[-103.56531,49.66013],[-102.87588,49.67055],[-102.29933,49.65145]]}},{"type":"Feature","properties":{"type":"Major Highway","name":"40","label":null,"length_km":142,"expressway":1},"geometry":{"type":"LineString","coordinates":[[-71.24728,46.80864],[-71.29938,46.79128],[-71.3428,46.76349],[-71.54945,46.72008],[-71.65017,46.68534],[-71.73353,46.67493],[-71.78736,46.68882],[-71.84641,46.71313],[-71.8933,46.70966],[-71.97144,46.65235],[-72.02702,46.62109],[-72.0548,46.61241],[-72.11732,46.62109],[-72.1781,46.59157],[-72.23541,46.57073],[-72.26667,46.53426],[-72.27708,46.48911],[-72.36044,46.44743],[-72.45422,46.41791]]}},{"type":"Feature","properties":{"type":"Major Highway","name":"55","label":null,"length_km":4,"expressway":1},"geometry":{"type":"LineString","coordinates":[[-72.45422,46.41791],[-72.48548,46.40054]]}},{"type":"Feature","properties":{"type":"Secondary Highway","name":"4","label":null,"length_km":107,"expressway":0},"geometry":{"type":"LineString","coordinates":[[-111.95827,49.00023],[-111.99647,49.04538],[-112.08504,49.12873],[-112.12498,49.17909],[-112.14061,49.21556],[-112.18924,49.27982],[-112.26044,49.34754],[-112.30733,49.37359],[-112.34206,49.40311],[-112.40284,49.43611],[-112.50182,49.51599],[-112.57997,49.5733],[-112.79357,49.68792]]}},{"type":"Feature","properties":{"type":"Secondary Highway","name":"13","label":null,"length_km":98,"expressway":0},"geometry":{"type":"LineString","coordinates":[[-102.29933,49.65145],[-102.20382,49.62887],[-102.15172,49.60977],[-102.12394,49.6063],[-101.89818,49.60456],[-101.87039,49.60109],[-101.81829,49.58546],[-101.76272,49.58025],[-101.41888,49.58025]]}},{"type":"Feature","properties":{"type":"Secondary Highway","name":"16A","label":null,"length_km":26,"expressway":0},"geometry":{"type":"LineString","coordinates":[[-99.91846,49.91194],[-99.90804,49.88589],[-99.90978,49.8581],[-99.95667,49.56809]]}},{"type":"Feature","properties":{"type":"Secondary Highway","name":"2","label":null,"length_km":164,"expressway":0},"geometry":{"type":"LineString","coordinates":[[-101.41888,49.58025],[-101.24522,49.58372],[-101.09934,49.55767],[-100.98646,49.55593],[-100.95868,49.55767],[-100.8458,49.58025],[-100.594,49.58546],[-100.3995,49.62714],[-100.18763,49.63929],[-99.95667,49.56809]]}},{"type":"Feature","properties":{"type":"Major Highway","name":"55","label":null,"length_km":37,"expressway":1},"geometry":{"type":"LineString","coordinates":[[-72.51673,46.27551],[-72.20762,46.11053]]}},{"type":"Feature","properties":{"type":"Secondary Highway","name":"101","label":null,"length_km":55,"expressway":0},"geometry":{"type":"LineString","coordinates":[[-79.42664,47.6179],[-79.41622,47.66652],[-79.41275,47.78114],[-79.40407,47.7985],[-79.38323,47.80892],[-79.28077,47.83844],[-79.26688,47.85407],[-79.25993,47.87318],[-79.25125,47.91138],[-79.25646,47.96869],[-79.24604,48.02947],[-79.25646,48.10414],[-79.25646,48.13714],[-79.27209,48.17534]]}},{"type":"Feature","properties":{"type":"Secondary Highway","name":"65","label":null,"length_km":10,"expressway":0},"geometry":{"type":"LineString","coordinates":[[-79.51695,47.61963],[-79.46485,47.62311],[-79.42664,47.6179]]}},{"type":"Feature","properties":{"type":"Major Highway","name":"20","label":null,"length_km":34,"expressway":1},"geometry":{"type":"LineString","coordinates":[[-72.20762,46.11053],[-72.30834,46.04628],[-72.38996,45.97855],[-72.42817,45.95424],[-72.45422,45.92819],[-72.47853,45.91603]]}},{"type":"Feature","properties":{"type":"Secondary Highway","name":"3","label":null,"length_km":349,"expressway":0},"geometry":{"type":"LineString","coordinates":[[-97.27015,49.84421],[-97.35525,49.75738],[-97.47854,49.66534],[-97.65394,49.54204],[-97.70083,49.51252],[-97.75466,49.49515],[-97.98737,49.5021],[-98.003,49.49168],[-98.01168,49.26766],[-97.99431,49.20862],[-98.00994,49.1982],[-98.23049,49.20167],[-98.44756,49.19299],[-98.47709,49.19646],[-98.51355,49.22598],[-98.53787,49.23467],[-98.63512,49.23987],[-98.66638,49.23987],[-98.71847,49.22772],[-98.85566,49.22425],[-98.91297,49.18778],[-98.94423,49.14957],[-98.94423,49.10616],[-98.96854,49.094],[-98.99459,49.09226],[-99.64929,49.094],[-99.67186,49.16347],[-99.74306,49.18257],[-99.88025,49.18083],[-100.06954,49.16868]]}},{"type":"Feature","properties":{"type":"Secondary Highway","name":"6","label":null,"length_km":75,"expressway":0},"geometry":{"type":"LineString","coordinates":[[-104.60379,50.01613],[-104.60032,49.98661],[-104.61595,49.93104],[-104.60726,49.88415],[-104.59337,49.83726],[-104.5899,49.76433],[-104.60726,49.70702],[-104.61421,49.6254],[-104.60032,49.47605],[-104.609,49.31629],[-104.5899,49.1131],[-104.59685,49.06101],[-104.58643,49.00023]]}},{"type":"Feature","properties":{"type":"Major Highway","name":null,"label":null,"length_km":1,"expressway":0},"geometry":{"type":"LineString","coordinates":[[-97.26668,49.00023],[-97.26147,49.01586]]}},{"type":"Feature","properties":{"type":"Secondary Highway","name":"9","label":null,"length_km":18,"expressway":0},"geometry":{"type":"LineString","coordinates":[[-102.27328,49.00023],[-102.30801,49.07316],[-102.28023,49.22946]]}},{"type":"Feature","properties":{"type":"Secondary Highway","name":"11","label":null,"length_km":133,"expressway":0},"geometry":{"type":"LineString","coordinates":[[-88.24681,49.02106],[-88.29717,49.0228],[-88.31974,49.01238],[-88.33364,48.98633],[-88.33537,48.96028],[-88.36663,48.94118],[-88.37879,48.90471],[-88.43262,48.89256],[-88.45346,48.87866],[-88.47777,48.87693],[-88.49861,48.86477],[-88.52293,48.84393],[-88.5976,48.72411],[-88.62886,48.71021],[-88.63928,48.69285],[-88.67575,48.66506],[-88.76431,48.61817],[-88.81641,48.58171],[-88.90498,48.54697],[-89.0387,48.51572],[-89.04738,48.5053],[-89.06474,48.50009],[-89.16547,48.4914],[-89.20888,48.47577],[-89.21583,48.46362],[-89.2384,48.46188],[-89.27835,48.44278],[-89.29397,48.41499],[-89.29745,48.382]]}},{"type":"Feature","properties":{"type":"Secondary Highway","name":"11","label":null,"length_km":76,"expressway":0},"geometry":{"type":"LineString","coordinates":[[-89.29224,48.37852],[-89.56141,48.382],[-89.60309,48.39415],[-89.64303,48.41499],[-89.64824,48.51572],[-89.65519,48.52961],[-89.89657,48.61123]]}},{"type":"Feature","properties":{"type":"Major Highway","name":"112","label":null,"length_km":5,"expressway":1},"geometry":{"type":"LineString","coordinates":[[-71.91587,45.36901],[-71.96103,45.36901]]}},{"type":"Feature","properties":{"type":"Major Highway","name":"40","label":null,"length_km":134,"expressway":1},"geometry":{"type":"LineString","coordinates":[[-72.48548,46.40054],[-72.50458,46.38665],[-72.53757,46.3797],[-72.56189,46.35887],[-72.57231,46.34497],[-72.62093,46.31892],[-72.68519,46.31024],[-72.74249,46.31719],[-72.81196,46.30503],[-72.94915,46.25814],[-73.01687,46.22688],[-73.08981,46.18521],[-73.13844,46.15047],[-73.16448,46.12095],[-73.17664,46.09664],[-73.19227,46.02544],[-73.20443,45.99592],[-73.27389,45.9004],[-73.31036,45.86394],[-73.3503,45.8431],[-73.42324,45.78926],[-73.53612,45.73543]]}},{"type":"Feature","properties":{"type":"Secondary Highway","name":"640","label":null,"length_km":40,"expressway":1},"geometry":{"type":"LineString","coordinates":[[-73.88517,45.63123],[-73.81744,45.67638],[-73.7393,45.71459],[-73.65941,45.72848],[-73.53612,45.73543]]}},{"type":"Feature","properties":{"type":"Major Highway","name":"15","label":null,"length_km":7,"expressway":1},"geometry":{"type":"LineString","coordinates":[[-73.43018,45.5253],[-73.45276,45.52183],[-73.48402,45.49578]]}},{"type":"Feature","properties":{"type":"Major Highway","name":"40","label":null,"length_km":28,"expressway":1},"geometry":{"type":"LineString","coordinates":[[-73.46839,45.76495],[-73.48749,45.73543],[-73.58648,45.63818],[-73.65941,45.52877]]}},{"type":"Feature","properties":{"type":"Secondary Highway","name":null,"label":null,"length_km":1,"expressway":0},"geometry":{"type":"LineString","coordinates":[[-73.48402,45.49578],[-73.47534,45.48709]]}},{"type":"Feature","properties":{"type":"Secondary Highway","name":null,"label":null,"length_km":1,"expressway":0},"geometry":{"type":"LineString","coordinates":[[-73.48402,45.49578],[-73.49617,45.49057]]}},{"type":"Feature","properties":{"type":"Major Highway","name":"10","label":null,"length_km":19,"expressway":1},"geometry":{"type":"LineString","coordinates":[[-73.66462,45.52704],[-73.5639,45.50967],[-73.50138,45.49578],[-73.49617,45.49057]]}},{"type":"Feature","properties":{"type":"Secondary Highway","name":null,"label":null,"length_km":2,"expressway":0},"geometry":{"type":"LineString","coordinates":[[-73.47534,45.48709],[-73.48923,45.48188]]}},{"type":"Feature","properties":{"type":"Secondary Highway","name":null,"label":null,"length_km":1,"expressway":0},"geometry":{"type":"LineString","coordinates":[[-73.49617,45.49057],[-73.48923,45.48188]]}},{"type":"Feature","properties":{"type":"Major Highway","name":"40","label":null,"length_km":5,"expressway":1},"geometry":{"type":"LineString","coordinates":[[-73.66462,45.52704],[-73.70977,45.52704]]}},{"type":"Feature","properties":{"type":"Major Highway","name":"15","label":null,"length_km":21,"expressway":1},"geometry":{"type":"LineString","coordinates":[[-73.88517,45.63123],[-73.8296,45.58782],[-73.78098,45.56524],[-73.73409,45.55309],[-73.70977,45.52704]]}},{"type":"Feature","properties":{"type":"Major Highway","name":"10","label":null,"length_km":18,"expressway":1},"geometry":{"type":"LineString","coordinates":[[-73.47534,45.48709],[-73.4215,45.46625],[-73.39372,45.45063],[-73.32599,45.40026]]}},{"type":"Feature","properties":{"type":"Secondary Highway","name":"61","label":null,"length_km":64,"expressway":0},"geometry":{"type":"LineString","coordinates":[[-89.29224,48.37852],[-89.34086,48.32295],[-89.36691,48.30906],[-89.4329,48.30732],[-89.46069,48.30038],[-89.47632,48.28822],[-89.48326,48.26565],[-89.47805,48.21876],[-89.46937,48.21529],[-89.4659,48.18403],[-89.45027,48.15624],[-89.44679,48.13714],[-89.452,48.1163],[-89.49195,48.08504],[-89.53015,48.07288],[-89.54231,48.04684],[-89.5892,48.03121],[-89.59267,48.02079],[-89.58399,48.00516],[-89.58746,47.99995],[-89.61177,47.99995],[-89.63261,47.99474],[-89.65171,47.98432]]}},{"type":"Feature","properties":{"type":"Major Highway","name":"55","label":null,"length_km":30,"expressway":1},"geometry":{"type":"LineString","coordinates":[[-72.11211,45.37074],[-72.09822,45.35859],[-72.08432,45.33601],[-72.08085,45.29781],[-72.09127,45.08594],[-72.08953,45.00432]]}},{"type":"Feature","properties":{"type":"Major Highway","name":"20","label":null,"length_km":20,"expressway":1},"geometry":{"type":"LineString","coordinates":[[-74.36968,45.50272],[-74.38878,45.52704],[-74.42004,45.54093],[-74.4704,45.54961],[-74.5416,45.54961]]}},{"type":"Feature","properties":{"type":"Major Highway","name":"40","label":null,"length_km":43,"expressway":1},"geometry":{"type":"LineString","coordinates":[[-73.70977,45.52704],[-73.77056,45.4923],[-73.80876,45.47668],[-73.98242,45.41068],[-74.07793,45.3829]]}},{"type":"Feature","properties":{"type":"Secondary Highway","name":"11","label":null,"length_km":9,"expressway":0},"geometry":{"type":"LineString","coordinates":[[-79.45443,46.3415],[-79.44054,46.3415],[-79.37976,46.30677]]}},{"type":"Feature","properties":{"type":"Secondary Highway","name":"11","label":null,"length_km":1,"expressway":0},"geometry":{"type":"LineString","coordinates":[[-79.37976,46.30677],[-79.37107,46.29808]]}},{"type":"Feature","properties":{"type":"Major Highway","name":"20","label":null,"length_km":48,"expressway":1},"geometry":{"type":"LineString","coordinates":[[-73.98242,45.41068],[-74.14566,45.32386],[-74.18039,45.31691],[-74.23423,45.2926],[-74.24638,45.28044],[-74.2707,45.27349],[-74.39052,45.20577]]}},{"type":"Feature","properties":{"type":"Secondary Highway","name":null,"label":null,"length_km":6,"expressway":0},"geometry":{"type":"LineString","coordinates":[[-80.92359,46.43875],[-80.97395,46.4318]]}},{"type":"Feature","properties":{"type":"Major Highway","name":"417","label":null,"length_km":19,"expressway":1},"geometry":{"type":"LineString","coordinates":[[-75.87878,45.49057],[-75.85273,45.47147],[-75.82147,45.45931],[-75.71033,45.43152]]}},{"type":"Feature","properties":{"type":"Major Highway","name":"417","label":null,"length_km":6,"expressway":1},"geometry":{"type":"LineString","coordinates":[[-75.71033,45.43152],[-75.65823,45.41068]]}},{"type":"Feature","properties":{"type":"Secondary Highway","name":null,"label":null,"length_km":55,"expressway":0},"geometry":{"type":"LineString","coordinates":[[-76.71582,45.54093],[-76.76966,45.58087],[-76.9329,45.66423],[-77.00757,45.71806],[-77.16907,45.81878]]}},{"type":"Feature","properties":{"type":"Secondary Highway","name":null,"label":null,"length_km":54,"expressway":0},"geometry":{"type":"LineString","coordinates":[[-76.25284,45.38403],[-76.27646,45.39853],[-76.30077,45.40721],[-76.38066,45.41763],[-76.51785,45.42805],[-76.54911,45.435],[-76.59252,45.4541],[-76.62725,45.49057],[-76.71582,45.54093]]}},{"type":"Feature","properties":{"type":"Secondary Highway","name":"17","label":null,"length_km":83,"expressway":0},"geometry":{"type":"LineString","coordinates":[[-80.97395,46.4318],[-80.98958,46.42659],[-81.0382,46.41965],[-81.15108,46.43006],[-81.23097,46.41791],[-81.54703,46.32761],[-81.71548,46.29982]]}},{"type":"Feature","properties":{"type":"Secondary Highway","name":null,"label":null,"length_km":4,"expressway":0},"geometry":{"type":"LineString","coordinates":[[-81.74326,46.0567],[-81.712,46.08796]]}},{"type":"Feature","properties":{"type":"Secondary Highway","name":null,"label":null,"length_km":4,"expressway":0},"geometry":{"type":"LineString","coordinates":[[-81.7971,46.02197],[-81.76584,46.03412]]}},{"type":"Feature","properties":{"type":"Secondary Highway","name":null,"label":null,"length_km":2,"expressway":0},"geometry":{"type":"LineString","coordinates":[[-81.9256,45.97855],[-81.91345,45.98723]]}},{"type":"Feature","properties":{"type":"Major Highway","name":"401","label":null,"length_km":66,"expressway":1},"geometry":{"type":"LineString","coordinates":[[-75.48284,44.74557],[-75.5141,44.72299],[-75.63045,44.66742],[-75.69818,44.62922],[-75.9083,44.46771],[-75.98645,44.42256],[-76.02292,44.39304]]}},{"type":"Feature","properties":{"type":"Secondary Highway","name":"93","label":null,"length_km":1,"expressway":0},"geometry":{"type":"LineString","coordinates":[[-79.69408,44.73168],[-79.68713,44.72126]]}},{"type":"Feature","properties":{"type":"Secondary Highway","name":"12","label":null,"length_km":26,"expressway":0},"geometry":{"type":"LineString","coordinates":[[-79.68713,44.72126],[-79.64025,44.68826],[-79.57425,44.66048],[-79.4718,44.58928]]}},{"type":"Feature","properties":{"type":"Secondary Highway","name":null,"label":null,"length_km":1,"expressway":0},"geometry":{"type":"LineString","coordinates":[[-79.4718,44.58928],[-79.46311,44.58059]]}},{"type":"Feature","properties":{"type":"Major Highway","name":"401","label":null,"length_km":72,"expressway":1},"geometry":{"type":"LineString","coordinates":[[-78.87093,43.912],[-79.43185,43.76092],[-79.49264,43.6984]]}},{"type":"Feature","properties":{"type":"Major Highway","name":"400","label":null,"length_km":10,"expressway":1},"geometry":{"type":"LineString","coordinates":[[-79.49264,43.6984],[-79.57773,43.66888]]}},{"type":"Feature","properties":{"type":"Major Highway","name":"407","label":null,"length_km":72,"expressway":1},"geometry":{"type":"LineString","coordinates":[[-79.57773,43.66888],[-79.62114,43.6793],[-79.67324,43.66193],[-79.83301,43.589],[-79.9372,43.52822],[-79.99625,43.5039],[-80.06397,43.46222],[-80.19248,43.45007]]}},{"type":"Feature","properties":{"type":"Major Highway","name":"QEW","label":null,"length_km":45,"expressway":1},"geometry":{"type":"LineString","coordinates":[[-79.57773,43.66888],[-79.55515,43.62373],[-79.74792,43.44312],[-79.82606,43.37713],[-79.85732,43.34066]]}},{"type":"Feature","properties":{"type":"Major Highway","name":"190","label":null,"length_km":7,"expressway":1},"geometry":{"type":"LineString","coordinates":[[-78.91088,42.91867],[-78.97166,42.90478]]}},{"type":"Feature","properties":{"type":"Secondary Highway","name":"3","label":null,"length_km":4,"expressway":0},"geometry":{"type":"LineString","coordinates":[[-121.40361,49.35796],[-121.37061,49.35275]]}},{"type":"Feature","properties":{"type":"Secondary Highway","name":"65","label":null,"length_km":19,"expressway":0},"geometry":{"type":"LineString","coordinates":[[-79.67324,47.5328],[-79.62462,47.53801],[-79.59336,47.56753],[-79.58294,47.59011],[-79.56731,47.60574],[-79.51695,47.61963]]}},{"type":"Feature","properties":{"type":"Major Highway","name":null,"label":null,"length_km":6,"expressway":0},"geometry":{"type":"LineString","coordinates":[[-75.81105,45.35511],[-75.86489,45.33775]]}},{"type":"Feature","properties":{"type":"Major Highway","name":"416","label":null,"length_km":63,"expressway":1},"geometry":{"type":"LineString","coordinates":[[-75.48284,44.74557],[-75.56446,44.88276],[-75.58356,44.94875],[-75.6235,45.00606],[-75.62003,45.04947],[-75.62871,45.07899],[-75.67734,45.12762],[-75.6947,45.17277],[-75.71381,45.18145],[-75.78501,45.26481],[-75.79369,45.31691],[-75.81105,45.35511]]}},{"type":"Feature","properties":{"type":"Major Highway","name":"417","label":null,"length_km":18,"expressway":1},"geometry":{"type":"LineString","coordinates":[[-75.65823,45.41068],[-75.75722,45.37074],[-75.77459,45.35859],[-75.81105,45.35511]]}},{"type":"Feature","properties":{"type":"Ferry Route","name":null,"label":null,"length_km":204,"expressway":0},"geometry":{"type":"LineString","coordinates":[[-61.68733,56.56309],[-61.61266,56.57699],[-61.4772,56.58914],[-61.40079,56.58393],[-61.29139,56.57004],[-61.1542,56.54052],[-60.7843,56.4259],[-60.60022,56.35123],[-60.4804,56.28871],[-60.46303,56.27482],[-60.4092,56.2123],[-60.39531,56.14805],[-60.39357,56.12721],[-60.40225,56.08727],[-60.43004,56.06469],[-60.52034,56.02128],[-60.84508,55.95181]]}},{"type":"Feature","properties":{"type":"Ferry Route","name":null,"label":null,"length_km":50,"expressway":0},"geometry":{"type":"LineString","coordinates":[[-60.84508,55.95181],[-61.07258,55.94487],[-60.85203,55.95181]]}},{"type":"Feature","properties":{"type":"Ferry Route","name":null,"label":null,"length_km":22,"expressway":0},"geometry":{"type":"LineString","coordinates":[[-57.62544,54.3472],[-57.43094,54.35762]]}},{"type":"Feature","properties":{"type":"Ferry Route","name":null,"label":null,"length_km":433,"expressway":0},"geometry":{"type":"LineString","coordinates":[[-57.62544,54.3472],[-57.47262,54.34199],[-57.32327,54.3142],[-57.21039,54.27774],[-57.12183,54.23953],[-57.04194,54.18396],[-56.92559,54.09713],[-56.85439,54.03461],[-56.77277,53.93563],[-56.72762,53.83317],[-56.74498,53.78107],[-56.78493,53.72724],[-56.67899,53.77412],[-56.46018,53.83143],[-56.29521,53.85227],[-56.1476,53.84359],[-56.05035,53.82275],[-55.83154,53.74634],[-55.61446,53.64562],[-55.40086,53.51884],[-55.27061,53.34345],[-55.18552,53.16979],[-55.19594,53.0326],[-55.23241,52.9093],[-55.30014,52.79468],[-55.40433,52.68702],[-55.55889,52.56372],[-55.6735,52.50988],[-55.7395,52.49946],[-55.89232,52.51336],[-56.10244,52.5533]]}},{"type":"Feature","properties":{"type":"Ferry Route","name":null,"label":null,"length_km":307,"expressway":0},"geometry":{"type":"LineString","coordinates":[[-60.28243,53.37123],[-60.1105,53.39381],[-59.99936,53.4216],[-59.96984,53.50148],[-59.91948,53.58483],[-59.80313,53.64041],[-59.60342,53.68729],[-59.46102,53.73244],[-59.15364,53.86269],[-58.90704,53.95994],[-58.72818,53.9912],[-58.60488,54.02593],[-58.52673,54.1006],[-58.39648,54.17875],[-58.3166,54.22043],[-58.18809,54.25516],[-58.02312,54.28816],[-57.87898,54.3142],[-57.62544,54.3472]]}},{"type":"Feature","properties":{"type":"Ferry Route","name":null,"label":null,"length_km":1,"expressway":0},"geometry":{"type":"LineString","coordinates":[[-56.37335,51.7371],[-56.36467,51.7371]]}},{"type":"Feature","properties":{"type":"Ferry Route","name":null,"label":null,"length_km":10,"expressway":0},"geometry":{"type":"LineString","coordinates":[[-58.53194,51.19007],[-58.43816,51.19007]]}},{"type":"Feature","properties":{"type":"Ferry Route","name":null,"label":null,"length_km":302,"expressway":0},"geometry":{"type":"LineString","coordinates":[[-56.36467,51.7371],[-56.0052,51.71626],[-55.6874,51.74231],[-55.53805,51.72841],[-55.41128,51.70931],[-55.32792,51.65895],[-55.27756,51.60685],[-55.26714,51.54955],[-55.30708,51.47487],[-55.3696,51.42625],[-55.45469,51.39325],[-55.37828,51.37241],[-55.30361,51.31511],[-55.23936,51.24912],[-55.17684,51.13276],[-55.14558,50.94347],[-55.12821,50.88096],[-55.10911,50.57532],[-55.06917,50.25057],[-55.04138,50.06476],[-55.00318,49.8772],[-54.98234,49.66013],[-54.98408,49.57677]]}},{"type":"Feature","properties":{"type":"Ferry Route","name":null,"label":null,"length_km":693,"expressway":0},"geometry":{"type":"LineString","coordinates":[[-57.43094,54.35762],[-57.16871,54.3472],[-56.76061,54.28121],[-56.13544,54.12318],[-55.66656,53.94084],[-55.24978,53.70987],[-54.91635,53.45459],[-54.52735,53.0847],[-53.8796,52.1973],[-53.72505,51.90381],[-53.65906,51.61206],[-53.67468,51.35852],[-53.77888,51.08761],[-53.91607,50.7976],[-54.15572,50.45202],[-54.3589,50.228],[-54.55514,50.04218],[-54.81736,49.76954],[-54.88856,49.69313],[-54.98408,49.57677]]}},{"type":"Feature","properties":{"type":"Ferry Route","name":null,"label":null,"length_km":24,"expressway":0},"geometry":{"type":"LineString","coordinates":[[-54.98408,49.57677],[-54.97366,49.51947],[-54.94761,49.46042],[-54.95455,49.39964],[-54.95976,49.3597],[-55.01534,49.31802]]}},{"type":"Feature","properties":{"type":"Ferry Route","name":null,"label":null,"length_km":2,"expressway":0},"geometry":{"type":"LineString","coordinates":[[-59.24394,50.68125],[-59.26305,50.69167]]}},{"type":"Feature","properties":{"type":"Ferry Route","name":null,"label":null,"length_km":128,"expressway":0},"geometry":{"type":"LineString","coordinates":[[-59.24394,50.68125],[-59.18316,50.64999],[-59.08939,50.63089],[-59.03729,50.6361],[-58.9904,50.64652],[-58.93657,50.66562],[-58.90704,50.68299],[-58.88273,50.70556],[-58.87058,50.72814],[-58.87058,50.74898],[-58.87752,50.77329],[-58.89662,50.7976],[-58.92962,50.82539],[-58.92788,50.83928],[-58.83411,50.84275],[-58.75596,50.85317],[-58.66392,50.88269],[-58.60488,50.91048],[-58.51457,50.98168],[-58.4208,51.07025],[-58.38954,51.11019],[-58.38954,51.14492],[-58.41038,51.17097],[-58.43816,51.19007]]}},{"type":"Feature","properties":{"type":"Ferry Route","name":null,"label":null,"length_km":41,"expressway":0},"geometry":{"type":"LineString","coordinates":[[-59.41066,50.51454],[-59.3603,50.49196],[-59.29604,50.48675],[-59.25089,50.4937],[-59.21269,50.50933],[-59.17969,50.54927],[-59.17101,50.59268],[-59.1849,50.62394],[-59.204,50.65173],[-59.24394,50.68125]]}},{"type":"Feature","properties":{"type":"Ferry Route","name":null,"label":null,"length_km":7,"expressway":0},"geometry":{"type":"LineString","coordinates":[[-61.88357,50.14464],[-61.82626,50.16895]]}},{"type":"Feature","properties":{"type":"Ferry Route","name":null,"label":null,"length_km":79,"expressway":0},"geometry":{"type":"LineString","coordinates":[[-63.58369,50.24536],[-63.53333,50.20542],[-63.46387,50.16895],[-63.38746,50.1429],[-63.30584,50.12901],[-63.23811,50.1238],[-63.17038,50.12727],[-62.89079,50.16895]]}},{"type":"Feature","properties":{"type":"Ferry Route","name":null,"label":null,"length_km":57,"expressway":0},"geometry":{"type":"LineString","coordinates":[[-55.80375,47.10386],[-55.868,47.12644],[-55.91663,47.12297],[-55.97046,47.10213],[-56.00693,47.07261],[-56.02951,47.04308],[-56.0625,46.95625],[-56.06598,46.92152],[-56.06077,46.87637],[-56.06424,46.78433],[-56.08855,46.77044],[-56.1146,46.76349],[-56.13023,46.76002],[-56.14933,46.76349]]}},{"type":"Feature","properties":{"type":"Ferry Route","name":null,"label":null,"length_km":5,"expressway":0},"geometry":{"type":"LineString","coordinates":[[-66.24242,50.14117],[-66.25631,50.20716]]}},{"type":"Feature","properties":{"type":"Ferry Route","name":null,"label":null,"length_km":185,"expressway":0},"geometry":{"type":"LineString","coordinates":[[-67.56223,49.08705],[-67.02041,49.28676],[-66.86412,49.35623],[-66.56022,49.47953],[-66.47165,49.52989],[-66.40045,49.58198],[-66.33446,49.64103],[-66.28236,49.70528],[-66.24242,49.77127],[-66.21463,49.84247],[-66.20421,49.88762],[-66.20074,49.93451],[-66.24242,50.14117]]}},{"type":"Feature","properties":{"type":"Ferry Route","name":null,"label":null,"length_km":17,"expressway":0},"geometry":{"type":"LineString","coordinates":[[-67.56223,49.08705],[-67.56223,49.16173],[-67.56744,49.1982],[-67.61086,49.29197]]}},{"type":"Feature","properties":{"type":"Ferry Route","name":null,"label":null,"length_km":57,"expressway":0},"geometry":{"type":"LineString","coordinates":[[-68.11968,49.2173],[-68.1683,49.23814],[-68.08147,49.20514],[-67.91823,49.15478],[-67.8835,49.13915],[-67.79146,49.08532],[-67.72721,49.03322]]}},{"type":"Feature","properties":{"type":"Ferry Route","name":null,"label":null,"length_km":19,"expressway":0},"geometry":{"type":"LineString","coordinates":[[-67.72721,49.03322],[-67.56223,49.08705]]}},{"type":"Feature","properties":{"type":"Ferry Route","name":null,"label":null,"length_km":19,"expressway":0},"geometry":{"type":"LineString","coordinates":[[-67.58828,48.83698],[-67.58307,48.90992],[-67.56744,48.98112],[-67.56223,49.08705]]}},{"type":"Feature","properties":{"type":"Ferry Route","name":null,"label":null,"length_km":108,"expressway":0},"geometry":{"type":"LineString","coordinates":[[-68.54167,48.46535],[-68.55035,48.50703],[-68.54862,48.55218],[-68.53993,48.59734],[-68.5243,48.63728],[-68.49999,48.68069],[-68.47047,48.7189],[-68.39406,48.78662],[-68.32633,48.82657],[-68.24819,48.85956],[-67.72721,49.03322]]}},{"type":"Feature","properties":{"type":"Ferry Route","name":null,"label":null,"length_km":144,"expressway":0},"geometry":{"type":"LineString","coordinates":[[-61.82279,47.38172],[-61.76895,47.36262],[-61.72727,47.3383],[-61.66302,47.28273],[-61.63871,47.25495],[-61.6196,47.21674],[-61.61092,47.15944],[-61.62481,47.06913],[-61.80368,46.54121],[-61.84536,46.44222],[-61.8853,46.37797],[-61.93219,46.33455],[-61.98082,46.30329],[-62.02423,46.28245],[-62.06591,46.27377],[-62.1128,46.27377],[-62.1649,46.27898],[-62.22741,46.30156],[-62.26909,46.33976]]}},{"type":"Feature","properties":{"type":"Ferry Route","name":null,"label":null,"length_km":31,"expressway":0},"geometry":{"type":"LineString","coordinates":[[-69.41691,48.34379],[-69.3544,48.3108],[-69.29014,48.26912],[-69.22241,48.19792],[-69.18074,48.12672]]}},{"type":"Feature","properties":{"type":"Ferry Route","name":null,"label":null,"length_km":17,"expressway":0},"geometry":{"type":"LineString","coordinates":[[-62.74665,45.94035],[-62.68414,45.74585]]}},{"type":"Feature","properties":{"type":"Ferry Route","name":null,"label":null,"length_km":62,"expressway":0},"geometry":{"type":"LineString","coordinates":[[-66.06181,45.24918],[-66.01666,45.06858],[-65.91941,44.93659],[-65.86732,44.82545],[-65.75617,44.66569],[-65.75096,44.63443],[-65.7527,44.61359]]}},{"type":"Feature","properties":{"type":"Ferry Route","name":null,"label":null,"length_km":123,"expressway":0},"geometry":{"type":"LineString","coordinates":[[-66.16427,43.79565],[-66.18511,43.75397],[-66.2129,43.72619],[-66.25805,43.70014],[-66.28062,43.69146],[-66.44386,43.68104],[-67.2427,43.66888]]}},{"type":"Feature","properties":{"type":"Ferry Route","name":null,"label":null,"length_km":124,"expressway":0},"geometry":{"type":"LineString","coordinates":[[-67.2427,43.66888],[-67.32605,43.70535],[-67.51187,43.81475],[-67.88003,44.08045],[-68.13183,44.35657],[-68.21519,44.40346]]}},{"type":"Feature","properties":{"type":"Ferry Route","name":null,"label":null,"length_km":335,"expressway":0},"geometry":{"type":"LineString","coordinates":[[-67.2427,43.66888],[-68.40101,43.59942],[-68.98798,43.57684],[-69.40823,43.57684],[-69.7104,43.58379],[-70.01778,43.60289],[-70.24527,43.67235]]}},{"type":"Feature","properties":{"type":"Ferry Route","name":null,"label":null,"length_km":160,"expressway":0},"geometry":{"type":"LineString","coordinates":[[-123.44237,48.13887],[-123.42674,48.15971],[-123.41458,48.19271],[-123.40764,48.27954],[-123.41979,48.32122],[-123.45279,48.38547],[-123.45453,48.4011],[-123.44584,48.38547],[-123.38332,48.33511],[-123.30518,48.28648],[-123.26176,48.26912],[-123.03253,48.20486],[-122.86235,48.19097],[-122.76683,48.17187],[-122.66785,48.12151],[-122.64006,48.07636],[-122.64006,48.026],[-122.63485,47.99647],[-122.62443,47.98605],[-122.51676,47.94438],[-122.49071,47.93048],[-122.4664,47.90791],[-122.44556,47.86623],[-122.43862,47.83323],[-122.43514,47.77072],[-122.42646,47.73946],[-122.40909,47.71167]]}},{"type":"Feature","properties":{"type":"Ferry Route","name":null,"label":null,"length_km":45,"expressway":0},"geometry":{"type":"LineString","coordinates":[[-123.12283,49.00891],[-123.19925,48.99328],[-123.22703,48.98112],[-123.25482,48.96376],[-123.29129,48.91166],[-123.30865,48.8613],[-123.34165,48.85782],[-123.35033,48.84914],[-123.35207,48.79183],[-123.34686,48.76058],[-123.35901,48.74495],[-123.41632,48.69979]]}},{"type":"Feature","properties":{"type":"Major Highway","name":"99","label":null,"length_km":45,"expressway":1},"geometry":{"type":"LineString","coordinates":[[-122.67479,48.94465],[-122.68695,48.96376],[-122.72342,48.99502],[-122.82761,49.07664],[-122.85193,49.08879],[-122.9266,49.10268],[-122.98912,49.10616],[-123.00475,49.10095],[-123.02732,49.10268],[-123.04809,49.11124]]}},{"type":"Feature","properties":{"type":"Ferry Route","name":null,"label":null,"length_km":18,"expressway":0},"geometry":{"type":"LineString","coordinates":[[-130.8611,54.70494],[-130.79858,54.67889],[-130.73259,54.61637],[-130.7187,54.57817]]}},{"type":"Feature","properties":{"type":"Ferry Route","name":null,"label":null,"length_km":517,"expressway":0},"geometry":{"type":"LineString","coordinates":[[-60.84508,55.95181],[-60.77909,55.95355],[-60.31716,56.00565],[-60.1956,55.98481],[-60.04799,55.93618],[-60.02194,55.92403],[-59.96463,55.88409],[-59.9299,55.81289],[-59.91427,55.733],[-59.94553,55.63749],[-59.95421,55.62707],[-60.06014,55.52635],[-60.13655,55.47251],[-59.95768,55.50203],[-59.78229,55.51766],[-59.5739,55.50551],[-59.36898,55.4812],[-59.17448,55.41868],[-59.12759,55.39263],[-59.08591,55.35963],[-59.0234,55.29191],[-59.00429,55.23286],[-59.00429,55.2016],[-59.03208,55.15819],[-58.98519,55.19813],[-58.93483,55.22244],[-58.90531,55.23113],[-58.8098,55.25196],[-58.70734,55.24502],[-58.60835,55.23113],[-58.44511,55.19813],[-58.26103,55.13561],[-57.77478,54.98627],[-57.2677,54.78135],[-57.11488,54.665],[-57.10099,54.64416],[-57.09925,54.62853],[-57.09751,54.5938],[-57.10793,54.54865],[-57.13919,54.50523],[-57.1965,54.44445]]}},{"type":"Feature","properties":{"type":"Ferry Route","name":null,"label":null,"length_km":27,"expressway":0},"geometry":{"type":"LineString","coordinates":[[-57.1965,54.44445],[-57.25728,54.40972],[-57.33543,54.38193],[-57.43094,54.35762]]}},{"type":"Feature","properties":{"type":"Ferry Route","name":null,"label":null,"length_km":52,"expressway":0},"geometry":{"type":"LineString","coordinates":[[-129.41799,53.44243],[-129.31553,53.37297],[-129.23912,53.35213],[-129.12624,53.30177],[-129.05157,53.31914],[-129.01336,53.32261],[-128.96821,53.31219]]}},{"type":"Feature","properties":{"type":"Ferry Route","name":null,"label":null,"length_km":160,"expressway":0},"geometry":{"type":"LineString","coordinates":[[-128.96821,53.31219],[-128.95953,53.30524],[-128.89006,53.28614],[-128.77024,53.20973],[-128.72335,53.18542],[-128.69036,53.17326],[-128.64,53.16631],[-128.60005,53.13853],[-128.57227,53.10206],[-128.52017,53.00655],[-128.50628,52.88499],[-128.45592,52.8381],[-128.44723,52.82594],[-128.44202,52.79816],[-128.45418,52.75648],[-128.45939,52.68181],[-128.47849,52.61581],[-128.45592,52.51162],[-128.43334,52.47515],[-128.44897,52.43174],[-128.52712,52.38137],[-128.4837,52.30149],[-128.45244,52.27371],[-128.25621,52.25113],[-128.20237,52.23376],[-128.15028,52.20424],[-128.13638,52.18861],[-128.13117,52.16083],[-128.13465,52.15041]]}},{"type":"Feature","properties":{"type":"Ferry Route","name":null,"label":null,"length_km":154,"expressway":0},"geometry":{"type":"LineString","coordinates":[[-128.13465,52.10005],[-128.11033,52.08094],[-128.08602,52.074],[-128.06345,52.07052],[-127.98704,52.074],[-127.96099,52.06879],[-127.94362,52.06011],[-127.93147,52.04274],[-127.92625,51.98543],[-127.9332,51.92986],[-127.96967,51.80135],[-127.94188,51.70063],[-127.89152,51.62075],[-127.83422,51.51481],[-127.82901,51.4523],[-127.87242,51.3811],[-127.92799,51.31163],[-127.92278,51.22307],[-127.83769,51.11713],[-127.81511,51.07546],[-127.75954,51.00773],[-127.5251,50.81323],[-127.49037,50.76287],[-127.473,50.72119]]}},{"type":"Feature","properties":{"type":"Ferry Route","name":null,"label":null,"length_km":156,"expressway":0},"geometry":{"type":"LineString","coordinates":[[-55.64919,52.47689],[-55.56063,52.45258],[-55.46859,52.40742],[-55.38697,52.33449],[-55.37134,52.25981],[-55.39739,52.19382],[-55.45817,52.09484],[-55.55715,52.0028],[-55.70129,51.91423],[-55.94789,51.80309],[-56.11981,51.76141],[-56.36467,51.7371]]}},{"type":"Feature","properties":{"type":"Ferry Route","name":null,"label":null,"length_km":62,"expressway":0},"geometry":{"type":"LineString","coordinates":[[-57.6758,51.41235],[-57.63065,51.38283],[-57.52472,51.36199],[-57.35453,51.35331],[-57.30764,51.35331],[-57.2347,51.36373],[-57.16871,51.38283],[-57.12703,51.40888]]}},{"type":"Feature","properties":{"type":"Ferry Route","name":null,"label":null,"length_km":88,"expressway":0},"geometry":{"type":"LineString","coordinates":[[-58.43816,51.19007],[-58.23324,51.19354],[-58.07522,51.21265],[-57.91892,51.24738],[-57.8373,51.27343],[-57.76436,51.30642],[-57.70358,51.36026],[-57.68101,51.39152],[-57.6758,51.41235]]}},{"type":"Feature","properties":{"type":"Ferry Route","name":null,"label":null,"length_km":30,"expressway":0},"geometry":{"type":"LineString","coordinates":[[-62.89079,50.16895],[-62.81612,50.18458],[-62.71713,50.21411],[-62.6633,50.23668],[-62.62857,50.25926]]}},{"type":"Feature","properties":{"type":"Ferry Route","name":null,"label":null,"length_km":84,"expressway":0},"geometry":{"type":"LineString","coordinates":[[-62.62336,50.25926],[-62.54695,50.19848],[-62.49137,50.16548],[-62.42018,50.13943],[-62.3455,50.1238],[-62.28298,50.11859],[-62.0277,50.11165],[-61.95303,50.12206],[-61.88357,50.14464]]}},{"type":"Feature","properties":{"type":"Ferry Route","name":null,"label":null,"length_km":153,"expressway":0},"geometry":{"type":"LineString","coordinates":[[-61.88357,50.14464],[-61.89051,50.11686],[-61.86446,50.07691],[-61.84536,50.05781],[-61.78632,50.02829],[-61.71338,50.00919],[-61.68559,50.00919],[-61.64739,50.01092],[-61.58487,50.02308],[-61.53278,50.03524],[-61.49283,50.04913],[-61.43726,50.08386],[-61.34522,50.16027],[-61.32959,50.16374],[-61.2636,50.13422],[-61.14204,50.1047],[-60.99096,50.0856],[-60.8694,50.08039],[-60.78083,50.08733],[-60.67316,50.12554],[-60.62801,50.15506],[-60.59501,50.20021]]}},{"type":"Feature","properties":{"type":"Ferry Route","name":null,"label":null,"length_km":141,"expressway":0},"geometry":{"type":"LineString","coordinates":[[-60.59328,50.20021],[-60.56202,50.17416],[-60.49603,50.14985],[-60.39878,50.13075],[-60.35189,50.12727],[-60.17823,50.11686],[-60.07404,50.12727],[-59.95247,50.15853],[-59.8257,50.20542],[-59.73714,50.24536],[-59.57216,50.34435],[-59.46623,50.43292],[-59.42629,50.47459],[-59.4176,50.48849],[-59.43844,50.53364]]}},{"type":"Feature","properties":{"type":"Ferry Route","name":null,"label":null,"length_km":84,"expressway":0},"geometry":{"type":"LineString","coordinates":[[-124.81775,49.24509],[-124.82122,49.21383],[-124.80559,49.13742],[-124.85248,49.04017],[-124.87853,49.00891],[-124.90458,48.99154],[-124.92716,48.98286],[-124.98099,48.97418],[-124.99662,48.96723],[-125.10776,48.94813],[-125.22064,48.91687],[-125.29358,48.91687],[-125.43598,48.9516]]}},{"type":"Feature","properties":{"type":"Ferry Route","name":null,"label":null,"length_km":35,"expressway":0},"geometry":{"type":"LineString","coordinates":[[-69.56105,47.84365],[-69.69651,47.79329],[-69.72603,47.78461],[-69.7625,47.78287],[-69.77813,47.78635],[-69.80938,47.80545],[-69.85975,47.85755]]}},{"type":"Feature","properties":{"type":"Ferry Route","name":null,"label":null,"length_km":713,"expressway":0},"geometry":{"type":"LineString","coordinates":[[-60.20428,46.2512],[-60.13308,46.31719],[-60.03062,46.3606],[-59.90559,46.39881],[-59.66767,46.42138],[-59.10675,46.44222],[-58.70213,46.42138],[-57.33543,46.4839],[-56.15975,46.54989],[-55.82806,46.59678],[-55.58667,46.62283],[-55.32098,46.66451],[-54.9615,46.74613],[-54.80868,46.79996],[-54.63676,46.90242],[-54.49262,47.00314],[-54.38669,47.09692],[-54.18003,47.29142],[-54.10015,47.35393],[-54.07584,47.36435],[-54.03242,47.37477],[-53.99943,47.3713],[-53.97338,47.36088],[-53.95775,47.34525],[-53.95254,47.30878]]}},{"type":"Feature","properties":{"type":"Ferry Route","name":null,"label":null,"length_km":342,"expressway":0},"geometry":{"type":"LineString","coordinates":[[-54.81215,47.64568],[-54.94761,47.57795],[-54.99623,47.55885],[-55.04659,47.54496],[-55.11085,47.53975],[-55.1751,47.56406],[-55.20115,47.59185],[-55.21331,47.61095],[-55.22894,47.56406],[-55.25846,47.50328],[-55.33313,47.42861],[-55.40954,47.39388],[-55.48074,47.37825],[-55.53805,47.37477],[-55.61446,47.37651],[-55.71345,47.39908],[-55.79507,47.42861],[-55.82459,47.44771],[-55.84716,47.45466],[-55.9201,47.40256],[-55.98956,47.38346],[-56.06077,47.38172],[-56.14586,47.39735],[-56.21359,47.42861],[-56.24311,47.46334],[-56.25874,47.52412],[-56.24311,47.57795],[-56.23443,47.62484],[-56.28826,47.59011],[-56.43413,47.54843],[-56.54875,47.52586],[-56.89607,47.4946],[-57.11488,47.49981],[-57.25207,47.5137],[-57.42052,47.54149],[-57.51951,47.5658],[-57.57334,47.59185],[-57.6237,47.62832]]}},{"type":"Feature","properties":{"type":"Major Highway","name":"440","label":null,"length_km":2,"expressway":1},"geometry":{"type":"LineString","coordinates":[[-71.20561,46.8017],[-71.1865,46.78954]]}},{"type":"Feature","properties":{"type":"Secondary Highway","name":"105","label":null,"length_km":2,"expressway":1},"geometry":{"type":"LineString","coordinates":[[-60.52034,46.24425],[-60.50818,46.23209]]}},{"type":"Feature","properties":{"type":"Secondary Highway","name":"236","label":null,"length_km":1,"expressway":0},"geometry":{"type":"LineString","coordinates":[[-63.11308,46.23036],[-63.12523,46.23557]]}},{"type":"Feature","properties":{"type":"Secondary Highway","name":null,"label":null,"length_km":4,"expressway":0},"geometry":{"type":"LineString","coordinates":[[-63.58543,44.6709],[-63.62016,44.66048]]}},{"type":"Feature","properties":{"type":"Major Highway","name":"416","label":null,"length_km":2,"expressway":1},"geometry":{"type":"LineString","coordinates":[[-76.01424,44.36004],[-76.00382,44.34615]]}},{"type":"Feature","properties":{"type":"Major Highway","name":"400","label":null,"length_km":19,"expressway":1},"geometry":{"type":"LineString","coordinates":[[-79.78786,45.03558],[-79.77917,44.96612],[-79.76875,44.93486],[-79.76007,44.86192],[-79.74792,44.82545],[-79.73576,44.80809]]}},{"type":"Feature","properties":{"type":"Major Highway","name":null,"label":null,"length_km":2,"expressway":0},"geometry":{"type":"LineString","coordinates":[[-79.73576,44.80809],[-79.71839,44.79593]]}},{"type":"Feature","properties":{"type":"Major Highway","name":null,"label":null,"length_km":4,"expressway":0},"geometry":{"type":"LineString","coordinates":[[-79.71839,44.79593],[-79.70624,44.78204],[-79.70103,44.75946]]}},{"type":"Feature","properties":{"type":"Major Highway","name":null,"label":null,"length_km":1,"expressway":0},"geometry":{"type":"LineString","coordinates":[[-79.70103,44.75946],[-79.69929,44.7473]]}},{"type":"Feature","properties":{"type":"Major Highway","name":null,"label":null,"length_km":1,"expressway":0},"geometry":{"type":"LineString","coordinates":[[-79.69929,44.7473],[-79.69408,44.73168]]}},{"type":"Feature","properties":{"type":"Major Highway","name":"400","label":null,"length_km":6,"expressway":1},"geometry":{"type":"LineString","coordinates":[[-79.70624,44.37741],[-79.75312,44.3531]]}},{"type":"Feature","properties":{"type":"Major Highway","name":"400","label":null,"length_km":60,"expressway":1},"geometry":{"type":"LineString","coordinates":[[-79.75312,44.3531],[-79.49264,43.6984]]}},{"type":"Feature","properties":{"type":"Major Highway","name":"400","label":null,"length_km":19,"expressway":1},"geometry":{"type":"LineString","coordinates":[[-79.74618,44.52849],[-79.70103,44.55454],[-79.64372,44.63616],[-79.65414,44.69347]]}},{"type":"Feature","properties":{"type":"Major Highway","name":"400","label":null,"length_km":6,"expressway":1},"geometry":{"type":"LineString","coordinates":[[-79.65587,44.40346],[-79.70624,44.37741]]}},{"type":"Feature","properties":{"type":"Major Highway","name":"400","label":null,"length_km":17,"expressway":1},"geometry":{"type":"LineString","coordinates":[[-79.65587,44.40346],[-79.67671,44.43472],[-79.72881,44.49724],[-79.76528,44.55975]]}},{"type":"Feature","properties":{"type":"Secondary Highway","name":"93","label":null,"length_km":21,"expressway":0},"geometry":{"type":"LineString","coordinates":[[-79.76528,44.55975],[-79.8278,44.65179],[-79.90421,44.74036]]}},{"type":"Feature","properties":{"type":"Ferry Route","name":null,"label":null,"length_km":8,"expressway":0},"geometry":{"type":"LineString","coordinates":[[-130.53462,54.2951],[-130.51552,54.24821],[-130.48252,54.22043]]}},{"type":"Feature","properties":{"type":"Ferry Route","name":null,"label":null,"length_km":130,"expressway":0},"geometry":{"type":"LineString","coordinates":[[-130.48252,54.22043],[-130.42869,54.14923],[-130.32797,54.10581],[-130.25677,54.04156],[-130.21509,53.9912],[-130.15083,53.93215],[-130.09005,53.9061],[-130.04143,53.86616],[-129.85908,53.75328],[-129.75663,53.67861],[-129.70627,53.62999],[-129.65069,53.58483],[-129.41799,53.44243]]}},{"type":"Feature","properties":{"type":"Ferry Route","name":null,"label":null,"length_km":200,"expressway":0},"geometry":{"type":"LineString","coordinates":[[-130.48252,54.22043],[-130.52941,54.21001],[-130.5954,54.21001],[-130.73606,54.24821],[-130.81421,54.24474],[-130.86978,54.23258],[-130.94793,54.18743],[-131.16153,54.01725],[-131.29699,53.88179],[-131.42723,53.72724],[-131.54879,53.61436],[-131.57137,53.58831],[-131.74329,53.43549],[-131.75892,53.37644],[-131.8388,53.28614],[-131.95168,53.23925],[-132.05761,53.22883],[-132.11318,53.2462]]}},{"type":"Feature","properties":{"type":"Major Highway","name":"1","label":null,"length_km":203,"expressway":1},"geometry":{"type":"LineString","coordinates":[[-121.42271,49.37533],[-121.44355,49.36144],[-121.53038,49.35623],[-121.58248,49.34581],[-121.61894,49.32323],[-121.66757,49.26245],[-121.67104,49.21904],[-121.68667,49.20688],[-121.72661,49.19646],[-121.8065,49.15478],[-121.91243,49.15478],[-122.05657,49.13568],[-122.09998,49.12179],[-122.10693,49.09748],[-122.14166,49.08358],[-122.17118,49.05927],[-122.20765,49.04538],[-122.24586,49.04017],[-122.32574,49.04885],[-122.38826,49.06969],[-122.44209,49.09574],[-122.52371,49.12352],[-122.78594,49.19299],[-122.81372,49.21904],[-122.84845,49.23293],[-122.95265,49.25377],[-123.01864,49.25724],[-123.03774,49.31281],[-123.06205,49.32844],[-123.10547,49.33886],[-123.1312,49.34147]]}},{"type":"Feature","properties":{"type":"Secondary Highway","name":"2","label":null,"length_km":61,"expressway":0},"geometry":{"type":"LineString","coordinates":[[-63.73825,46.41617],[-63.65316,46.4318],[-63.63753,46.43875],[-63.48818,46.37623],[-63.41177,46.36407],[-63.38746,46.36581],[-63.36662,46.36234],[-63.20338,46.29461]]}},{"type":"Feature","properties":{"type":"Secondary Highway","name":"1","label":null,"length_km":60,"expressway":0},"geometry":{"type":"LineString","coordinates":[[-63.62364,46.28419],[-63.53681,46.24772],[-63.51423,46.24251],[-63.49339,46.24425],[-63.45345,46.2182],[-63.38225,46.18694],[-63.26416,46.15568],[-63.24506,46.16784],[-63.23811,46.20431],[-63.21727,46.24772],[-63.22075,46.25814],[-63.24506,46.28593],[-63.23116,46.29461],[-63.20338,46.29461]]}},{"type":"Feature","properties":{"type":"Secondary Highway","name":"4","label":null,"length_km":235,"expressway":0},"geometry":{"type":"LineString","coordinates":[[-63.12523,46.23557],[-63.1426,46.24425],[-63.13912,46.25641],[-63.13044,46.26856],[-63.09571,46.29808],[-62.96373,46.34844],[-62.90295,46.35713],[-62.86301,46.3797],[-62.79181,46.40575],[-62.76055,46.41096],[-62.72234,46.40923],[-62.65114,46.3936],[-62.59731,46.39533],[-62.5782,46.40228],[-62.56084,46.44222],[-62.52958,46.45264],[-62.44796,46.45264],[-62.40628,46.43875],[-62.19268,46.46306],[-62.03465,46.4457],[-62.07459,46.41791],[-62.14579,46.39012],[-62.17358,46.38318],[-62.21005,46.36407],[-62.33682,46.36581],[-62.41149,46.35539],[-62.44275,46.35713],[-62.60252,46.26856],[-62.63899,46.23904],[-62.65288,46.18347],[-62.64767,46.15568],[-62.60946,46.06364],[-62.6112,46.01849],[-62.60425,46.00113],[-62.61467,45.98202],[-62.72581,45.98029]]}},{"type":"Feature","properties":{"type":"Secondary Highway","name":"1A","label":null,"length_km":17,"expressway":0},"geometry":{"type":"LineString","coordinates":[[-63.73825,46.41617],[-63.72957,46.37797],[-63.68615,46.33282],[-63.64621,46.31545],[-63.62364,46.28419]]}},{"type":"Feature","properties":{"type":"Secondary Highway","name":"114","label":null,"length_km":131,"expressway":0},"geometry":{"type":"LineString","coordinates":[[-65.33592,45.78232],[-65.29076,45.75279],[-65.2213,45.72848],[-65.19004,45.71285],[-65.17441,45.7007],[-65.15705,45.66596],[-65.10669,45.63123],[-65.02159,45.61387],[-64.96949,45.61213],[-64.89308,45.64513],[-64.79236,45.64686],[-64.74895,45.65902],[-64.73506,45.67638],[-64.72811,45.69722],[-64.73158,45.70243],[-64.74721,45.70938],[-64.75763,45.7198],[-64.76458,45.73716],[-64.75937,45.74932],[-64.74547,45.75974],[-64.66907,45.78405],[-64.64302,45.79794],[-64.6187,45.82399],[-64.61523,45.85352],[-64.62044,45.87783],[-64.63781,45.90388],[-64.71943,45.96813],[-64.73158,46.04628],[-64.74547,46.06017],[-64.77326,46.06538],[-64.78368,46.07406],[-64.79931,46.11574],[-64.80799,46.12443]]}},{"type":"Feature","properties":{"type":"Secondary Highway","name":"9","label":null,"length_km":33,"expressway":0},"geometry":{"type":"LineString","coordinates":[[-102.43826,51.20223],[-102.46431,51.28211],[-102.47125,51.50092],[-102.41916,51.63811]]}},{"type":"Feature","properties":{"type":"Secondary Highway","name":"55","label":null,"length_km":90,"expressway":0},"geometry":{"type":"LineString","coordinates":[[-104.02898,53.36429],[-104.06718,53.36602],[-104.07413,53.45112],[-104.11755,53.45285],[-104.15749,53.47543],[-104.18701,53.48238],[-104.79482,53.47369]]}},{"type":"Feature","properties":{"type":"Secondary Highway","name":"11","label":null,"length_km":3,"expressway":0},"geometry":{"type":"LineString","coordinates":[[-93.43749,48.62338],[-93.41144,48.60602]]}},{"type":"Feature","properties":{"type":"Major Highway","name":"75","label":null,"length_km":1,"expressway":1},"geometry":{"type":"LineString","coordinates":[[-84.34468,46.52558],[-84.34468,46.50648]]}},{"type":"Feature","properties":{"type":"Ferry Route","name":null,"label":null,"length_km":157,"expressway":0},"geometry":{"type":"LineString","coordinates":[[-59.17969,47.56059],[-59.18837,47.55885],[-59.24568,47.44597],[-59.41413,47.28273],[-59.68156,47.06566],[-59.87085,46.89547],[-59.89343,46.86595],[-59.94205,46.82254],[-60.06535,46.67319],[-60.13308,46.55684],[-60.17476,46.46306],[-60.1956,46.3415],[-60.20428,46.2512]]}},{"type":"Feature","properties":{"type":"Ferry Route","name":null,"label":null,"length_km":177,"expressway":0},"geometry":{"type":"LineString","coordinates":[[-57.6237,47.62832],[-57.64107,47.58837],[-57.67927,47.55364],[-57.74874,47.5137],[-57.87898,47.48244],[-58.14642,47.45118],[-58.36175,47.43034],[-58.59967,47.43382],[-58.96609,47.49286],[-59.17969,47.56059]]}},{"type":"Feature","properties":{"type":"Ferry Route","name":null,"label":null,"length_km":21,"expressway":0},"geometry":{"type":"LineString","coordinates":[[-67.72721,49.03322],[-67.69074,48.99502],[-67.61086,48.88561],[-67.58828,48.83698]]}},{"type":"Feature","properties":{"type":"Beltway","name":"LAP","label":null,"length_km":22,"expressway":1},"geometry":{"type":"LineString","coordinates":[[-79.95804,43.22431],[-79.87642,43.2191],[-79.82085,43.19826],[-79.79654,43.21042],[-79.77049,43.23994]]}},{"type":"Feature","properties":{"type":"Secondary Highway","name":"406","label":null,"length_km":16,"expressway":0},"geometry":{"type":"LineString","coordinates":[[-79.28424,43.17221],[-79.28077,43.15138],[-79.25472,43.13922],[-79.24604,43.10796],[-79.24604,43.0576],[-79.25109,43.00202]]}},{"type":"Feature","properties":{"type":"Secondary Highway","name":"4","label":null,"length_km":73,"expressway":0},"geometry":{"type":"LineString","coordinates":[[-81.54264,43.61294],[-81.51577,43.53864],[-81.46541,43.29204],[-81.45151,43.20695],[-81.36642,43.17221],[-81.29001,43.0576],[-81.25701,42.99856],[-81.25701,42.95514],[-81.28654,42.92041],[-81.28133,42.89089]]}},{"type":"Feature","properties":{"type":"Secondary Highway","name":"7","label":null,"length_km":108,"expressway":0},"geometry":{"type":"LineString","coordinates":[[-81.36642,43.16527],[-81.0903,43.24862],[-80.98784,43.37192],[-80.7152,43.35977],[-80.67699,43.38582],[-80.45992,43.43618],[-80.44516,43.43249]]}},{"type":"Feature","properties":{"type":"Secondary Highway","name":"404","label":null,"length_km":24,"expressway":0},"geometry":{"type":"LineString","coordinates":[[-79.42144,44.06656],[-79.3867,43.98147],[-79.37802,43.89985],[-79.35718,43.82865],[-79.3397,43.78932]]}},{"type":"Feature","properties":{"type":"Secondary Highway","name":"10","label":null,"length_km":129,"expressway":0},"geometry":{"type":"LineString","coordinates":[[-79.88248,43.78256],[-80.09002,43.92242],[-80.11086,43.9641],[-80.14038,44.07872],[-80.20464,44.07177],[-80.30189,44.13429],[-80.8958,44.43819]]}},{"type":"Feature","properties":{"type":"Secondary Highway","name":"6","label":null,"length_km":38,"expressway":0},"geometry":{"type":"LineString","coordinates":[[-79.87642,43.21042],[-79.94936,43.10796],[-79.9702,43.06976],[-79.97367,43.04023],[-80.11434,42.87873]]}},{"type":"Feature","properties":{"type":"Major Highway","name":"402","label":null,"length_km":141,"expressway":1},"geometry":{"type":"LineString","coordinates":[[-81.23444,42.90478],[-81.29001,42.88741],[-81.43067,42.89957],[-81.46888,42.9343],[-81.56266,42.97251],[-81.59739,42.99334],[-81.90824,42.99334],[-81.9968,42.98987],[-82.11663,42.99334],[-82.4188,42.98466],[-82.48652,42.97424]]}},{"type":"Feature","properties":{"type":"Major Highway","name":"401","label":null,"length_km":73,"expressway":1},"geometry":{"type":"LineString","coordinates":[[-81.27785,42.81448],[-81.23444,42.89957],[-81.20144,42.92909],[-81.05557,42.96035],[-80.92012,42.98119],[-80.84371,43.02287],[-80.7673,43.08365],[-80.70651,43.11317],[-80.69118,43.12959]]}},{"type":"Feature","properties":{"type":"Major Highway","name":"403","label":null,"length_km":94,"expressway":1},"geometry":{"type":"LineString","coordinates":[[-80.70304,43.12533],[-80.58322,43.13401],[-80.53633,43.13054],[-80.32446,43.17742],[-80.1838,43.17221],[-79.98235,43.20695],[-79.94936,43.23647],[-79.90247,43.26252],[-79.87642,43.28336]]}},{"type":"Feature","properties":{"type":"Major Highway","name":"QEW","label":null,"length_km":113,"expressway":1},"geometry":{"type":"LineString","coordinates":[[-78.96124,42.90825],[-78.99944,42.94646],[-79.07238,43.00203],[-79.11406,43.02808],[-79.12795,43.0576],[-79.12274,43.0958],[-79.13142,43.13922],[-79.17484,43.16353],[-79.33113,43.18611],[-79.43359,43.18611],[-79.55342,43.20174],[-79.77049,43.24515],[-79.78786,43.28336],[-79.81217,43.31809],[-79.8469,43.3424]]}},{"type":"Feature","properties":{"type":"Secondary Highway","name":null,"label":null,"length_km":35,"expressway":0},"geometry":{"type":"LineString","coordinates":[[-79.35055,43.64644],[-79.28945,43.68277],[-79.22867,43.73834],[-79.07238,43.85817]]}},{"type":"Feature","properties":{"type":"Major Highway","name":"91","label":null,"length_km":9,"expressway":1},"geometry":{"type":"LineString","coordinates":[[-122.89881,49.10095],[-122.96133,49.17388]]}},{"type":"Feature","properties":{"type":"Major Highway","name":"91","label":null,"length_km":14,"expressway":1},"geometry":{"type":"LineString","coordinates":[[-123.08463,49.17388],[-123.03427,49.17736],[-122.99606,49.16868],[-122.95786,49.17215]]}},{"type":"Feature","properties":{"type":"Major Highway","name":"17","label":null,"length_km":12,"expressway":1},"geometry":{"type":"LineString","coordinates":[[-123.05684,49.11658],[-123.05684,49.06448],[-123.06205,49.04885],[-123.12283,49.00891]]}},{"type":"Feature","properties":{"type":"Secondary Highway","name":"97A","label":null,"length_km":51,"expressway":0},"geometry":{"type":"LineString","coordinates":[[-118.97585,50.84796],[-118.97932,50.79586],[-119.08352,50.63957],[-119.11651,50.62047],[-119.12693,50.58226],[-119.14603,50.54753],[-119.15819,50.49022],[-119.15819,50.44333],[-119.23634,50.37734],[-119.2537,50.33914]]}},{"type":"Feature","properties":{"type":"Secondary Highway","name":"16","label":null,"length_km":6,"expressway":0},"geometry":{"type":"LineString","coordinates":[[-118.51739,52.86068],[-118.46529,52.89714]]}},{"type":"Feature","properties":{"type":"Secondary Highway","name":"16","label":null,"length_km":27,"expressway":0},"geometry":{"type":"LineString","coordinates":[[-119.42215,52.97703],[-119.38916,52.98224],[-119.37005,52.97703],[-119.3388,52.97703],[-119.28496,53.02044],[-119.23634,53.03781],[-119.18771,53.03607]]}},{"type":"Feature","properties":{"type":"Secondary Highway","name":"5","label":null,"length_km":52,"expressway":0},"geometry":{"type":"LineString","coordinates":[[-119.42562,52.97703],[-119.42215,52.96661],[-119.40652,52.95966],[-119.35963,52.91972],[-119.3058,52.88325],[-119.27801,52.8381],[-119.2537,52.786],[-119.26065,52.77385],[-119.27107,52.72869],[-119.26586,52.7148],[-119.22071,52.67833],[-119.09915,52.6054],[-119.09394,52.58629],[-119.09567,52.57066]]}},{"type":"Feature","properties":{"type":"Beltway","name":"216","label":null,"length_km":47,"expressway":1},"geometry":{"type":"LineString","coordinates":[[-113.68618,53.57094],[-113.63582,53.47196],[-113.55767,53.45459],[-113.35623,53.44591],[-113.35623,53.55358]]}},{"type":"Feature","properties":{"type":"Secondary Highway","name":null,"label":null,"length_km":7,"expressway":0},"geometry":{"type":"LineString","coordinates":[[-115.96459,51.28906],[-116.00453,51.24217],[-116.01669,51.23522]]}},{"type":"Feature","properties":{"type":"Secondary Highway","name":"10","label":null,"length_km":25,"expressway":0},"geometry":{"type":"LineString","coordinates":[[-52.7265,47.56233],[-52.76818,47.50328],[-52.78034,47.40256],[-52.8116,47.37304],[-52.84459,47.29663]]}},{"type":"Feature","properties":{"type":"Secondary Highway","name":"1","label":null,"length_km":64,"expressway":0},"geometry":{"type":"LineString","coordinates":[[-62.72581,45.98029],[-62.77791,45.97855],[-62.80917,45.98376],[-62.83696,45.99939],[-62.88732,46.0376],[-62.896,46.0567],[-62.89253,46.07233],[-62.85432,46.11053],[-62.83869,46.13658],[-62.83522,46.15568],[-62.84738,46.16958],[-62.89948,46.18347],[-62.92031,46.20083],[-62.93594,46.22167],[-63.02277,46.21299],[-63.05056,46.21299],[-63.11308,46.23036]]}},{"type":"Feature","properties":{"type":"Secondary Highway","name":"6","label":null,"length_km":23,"expressway":0},"geometry":{"type":"LineString","coordinates":[[-81.01341,44.55531],[-80.91443,44.57181],[-80.89059,44.43124]]}},{"type":"Feature","properties":{"type":"Secondary Highway","name":null,"label":null,"length_km":292,"expressway":0},"geometry":{"type":"LineString","coordinates":[[-133.044,69.44515],[-133.21592,69.38958],[-133.26281,69.4],[-133.44689,69.40347],[-133.56151,69.39653],[-133.64139,69.3809],[-133.70738,69.3618],[-133.77511,69.33054],[-133.84457,69.31491],[-133.88278,69.28539],[-133.95224,69.26976],[-134.11027,69.25413],[-134.18841,69.22287],[-134.22488,69.15861],[-134.26483,69.14298],[-134.31171,69.13951],[-134.35165,69.11694],[-134.41938,69.09783],[-134.48885,69.09783],[-134.54963,69.08568],[-134.58783,69.07005],[-134.64167,69.01621],[-134.63819,68.97801],[-134.50448,68.87902],[-134.45411,68.84776],[-134.44196,68.81303],[-134.42285,68.78698],[-134.37076,68.76441],[-134.27004,68.75225],[-134.24399,68.72968],[-134.24399,68.70189],[-134.22488,68.68279],[-134.16237,68.65327],[-134.12937,68.65327],[-134.07901,68.64111],[-134.04428,68.60985],[-133.99044,68.5838],[-133.99044,68.56817],[-133.94877,68.54212],[-133.91751,68.51434],[-133.91751,68.48829],[-133.90709,68.47613],[-133.76469,68.4032],[-133.74558,68.37367],[-133.6987,68.35631]]}},{"type":"Feature","properties":{"type":"Major Highway","name":"403","label":null,"length_km":5,"expressway":1},"geometry":{"type":"LineString","coordinates":[[-79.85732,43.34066],[-79.87295,43.30593],[-79.87816,43.28162]]}},{"type":"Feature","properties":{"type":"Major Highway","name":"1","label":null,"length_km":17,"expressway":1},"geometry":{"type":"LineString","coordinates":[[-123.1312,49.34147],[-123.22529,49.35102],[-123.25829,49.3597],[-123.27913,49.37012]]}},{"type":"Feature","properties":{"type":"Major Highway","name":null,"label":null,"length_km":7,"expressway":0},"geometry":{"type":"LineString","coordinates":[[-122.96133,49.17388],[-122.94049,49.18604],[-122.94397,49.20514],[-122.93528,49.24856]]}},{"type":"Feature","properties":{"type":"Major Highway","name":"99","label":null,"length_km":23,"expressway":1},"geometry":{"type":"MultiLineString","coordinates":[[[-123.04809,49.11124],[-123.05684,49.11484],[-123.07942,49.13568],[-123.08463,49.17388],[-123.11415,49.19472],[-123.13673,49.22425],[-123.13152,49.27634]],[[-123.13846,49.34407],[-123.13326,49.27634]]]}},{"type":"Feature","properties":{"type":"Secondary Highway","name":"31","label":null,"length_km":55,"expressway":0},"geometry":{"type":"LineString","coordinates":[[-116.5203,49.1131],[-116.52551,49.14089],[-116.55156,49.16868],[-116.64186,49.28155],[-116.69049,49.31976],[-116.71133,49.34754],[-116.74606,49.42916],[-116.79469,49.51426],[-116.79816,49.54204],[-116.79469,49.60977],[-116.7999,49.64103],[-116.81031,49.65839],[-116.82018,49.66415]]}},{"type":"Feature","properties":{"type":"Secondary Highway","name":"1","label":null,"length_km":26,"expressway":0},"geometry":{"type":"LineString","coordinates":[[-116.17819,51.43319],[-116.14172,51.41235],[-116.10526,51.37936],[-115.96599,51.29163]]}},{"type":"Feature","properties":{"type":"Secondary Highway","name":"2","label":null,"length_km":33,"expressway":1},"geometry":{"type":"LineString","coordinates":[[-114.09428,50.98863],[-114.02655,50.85665],[-114.00745,50.84275],[-113.93972,50.77676],[-113.9102,50.74203],[-113.8911,50.72987],[-113.86511,50.69612]]}},{"type":"Feature","properties":{"type":"Secondary Highway","name":"5","label":null,"length_km":43,"expressway":1},"geometry":{"type":"LineString","coordinates":[[-75.99943,45.85432],[-75.96561,45.82747],[-75.95346,45.8101],[-75.94477,45.77537],[-75.91525,45.76148],[-75.9083,45.74932],[-75.9083,45.73543],[-75.9222,45.71111],[-75.93088,45.68333],[-75.92914,45.62429],[-75.89441,45.59824],[-75.84579,45.53398],[-75.7989,45.48015]]}},{"type":"Feature","properties":{"type":"Secondary Highway","name":"50","label":null,"length_km":72,"expressway":1},"geometry":{"type":"LineString","coordinates":[[-75.87878,45.49057],[-75.81105,45.48015],[-75.70512,45.50793],[-75.64434,45.50967],[-75.58182,45.5253],[-75.43769,45.5444],[-75.23643,45.60423]]}},{"type":"Feature","properties":{"type":"Secondary Highway","name":"174","label":null,"length_km":24,"expressway":1},"geometry":{"type":"LineString","coordinates":[[-75.44576,45.48342],[-75.49326,45.47494],[-75.58009,45.44542],[-75.65823,45.41068]]}},{"type":"Feature","properties":{"type":"Secondary Highway","name":null,"label":null,"length_km":45,"expressway":1},"geometry":{"type":"LineString","coordinates":[[-75.86489,45.33775],[-75.86836,45.34296],[-75.90483,45.35164],[-75.94304,45.35338],[-76.02987,45.32386],[-76.10975,45.32038],[-76.20005,45.35164],[-76.25284,45.38403]]}},{"type":"Feature","properties":{"type":"Secondary Highway","name":"17","label":null,"length_km":6,"expressway":0},"geometry":{"type":"LineString","coordinates":[[-66.61579,47.9409],[-66.66527,47.94228]]}},{"type":"Feature","properties":{"type":"Secondary Highway","name":"4","label":null,"length_km":56,"expressway":1},"geometry":{"type":"LineString","coordinates":[[-60.91488,45.65796],[-60.96317,45.65033],[-61.083,45.64165],[-61.21672,45.62081],[-61.26881,45.5965],[-61.28791,45.59303],[-61.30702,45.5965],[-61.3348,45.61039],[-61.40253,45.66075]]}},{"type":"Feature","properties":{"type":"Secondary Highway","name":"7","label":null,"length_km":49,"expressway":1},"geometry":{"type":"LineString","coordinates":[[-63.12658,44.79057],[-63.18428,44.77683],[-63.29021,44.73168],[-63.37183,44.72473],[-63.56112,44.67784]]}},{"type":"Feature","properties":{"type":"Secondary Highway","name":"99","label":null,"length_km":77,"expressway":0},"geometry":{"type":"LineString","coordinates":[[-121.42077,50.94827],[-121.44826,50.91528],[-121.48126,50.90978],[-121.50326,50.89328],[-121.57475,50.82179],[-121.63524,50.78879],[-121.66274,50.80529],[-121.70123,50.81629],[-121.73973,50.87678],[-121.74523,50.90428],[-121.76722,50.91528],[-121.78372,50.91528],[-121.81122,50.89878],[-121.84421,50.87128],[-121.84971,50.83829],[-121.84421,50.81629],[-121.82772,50.79979],[-121.82222,50.77779],[-121.82772,50.7558],[-121.87721,50.7393],[-121.88821,50.7448],[-121.89921,50.7448],[-121.89371,50.7228],[-121.89371,50.7008],[-121.88821,50.67331]]}},{"type":"Feature","properties":{"type":"Ferry Route","name":null,"label":null,"length_km":18,"expressway":0},"geometry":{"type":"LineString","coordinates":[[-123.99445,49.76042],[-123.99445,49.78242],[-124.01095,49.78792],[-124.02744,49.79892],[-124.04944,49.79892],[-124.08794,49.78242],[-124.10993,49.78242],[-124.13743,49.79342]]}},{"type":"Feature","properties":{"type":"Ferry Route","name":null,"label":null,"length_km":27,"expressway":0},"geometry":{"type":"LineString","coordinates":[[-123.25754,49.39196],[-123.25754,49.40846],[-123.27404,49.43046],[-123.29054,49.43596],[-123.30703,49.43596],[-123.36753,49.41946],[-123.41702,49.41946],[-123.45002,49.43046],[-123.46101,49.44146],[-123.47751,49.44696]]}},{"type":"Feature","properties":{"type":"Secondary Highway","name":"29","label":null,"length_km":51,"expressway":0},"geometry":{"type":"LineString","coordinates":[[-121.95818,55.99729],[-121.95932,55.99349],[-121.9489,55.9605],[-121.93674,55.94487],[-121.89854,55.91361],[-121.8777,55.85977],[-121.86207,55.84414],[-121.84123,55.8372],[-121.67973,55.83025],[-121.64152,55.82157],[-121.61721,55.80594],[-121.60505,55.79031],[-121.59463,55.766],[-121.58942,55.68785]]}},{"type":"Feature","properties":{"type":"Secondary Highway","name":"93","label":null,"length_km":97,"expressway":0},"geometry":{"type":"LineString","coordinates":[[-117.76262,52.59532],[-117.71313,52.58982],[-117.66363,52.57882],[-117.60864,52.54583],[-117.54265,52.52383],[-117.51515,52.49083],[-117.46016,52.49083],[-117.43266,52.47983],[-117.37217,52.42484],[-117.29518,52.34235],[-117.27868,52.31485],[-117.24018,52.26536],[-117.21819,52.22686],[-117.17969,52.19937],[-117.1247,52.17737],[-117.01471,52.16087],[-116.98722,52.14437],[-116.96522,52.11688]]}},{"type":"Feature","properties":{"type":"Secondary Highway","name":"1","label":null,"length_km":24,"expressway":0},"geometry":{"type":"LineString","coordinates":[[-115.96599,51.29163],[-115.88471,51.24043],[-115.7593,51.19166]]}},{"type":"Feature","properties":{"type":"Beltway","name":"201","label":null,"length_km":44,"expressway":1},"geometry":{"type":"LineString","coordinates":[[-113.91805,51.02801],[-113.92904,51.1545],[-113.94004,51.17099],[-114.00053,51.17649],[-114.09402,51.17649],[-114.11602,51.1545],[-114.15452,51.1545],[-114.18751,51.1435],[-114.21501,51.127],[-114.20401,51.1105]]}},{"type":"Feature","properties":{"type":"Beltway","name":"216","label":null,"length_km":39,"expressway":1},"geometry":{"type":"LineString","coordinates":[[-113.68267,53.57145],[-113.67717,53.59895],[-113.61668,53.65944],[-113.54519,53.69793],[-113.4792,53.69793],[-113.40771,53.69243],[-113.35821,53.65394]]}},{"type":"Feature","properties":{"type":"Beltway","name":"15","label":null,"length_km":9,"expressway":0},"geometry":{"type":"LineString","coordinates":[[-113.35821,53.65394],[-113.39121,53.62644],[-113.40771,53.56045]]}},{"type":"Feature","properties":{"type":"Secondary Highway","name":"55","label":null,"length_km":65,"expressway":0},"geometry":{"type":"LineString","coordinates":[[-112.56781,54.81955],[-112.4723,54.81955],[-112.3681,54.82824],[-112.22397,54.81782],[-112.17361,54.81087],[-112.05725,54.77614],[-111.98274,54.76289]]}},{"type":"Feature","properties":{"type":"Secondary Highway","name":"88","label":null,"length_km":109,"expressway":0},"geometry":{"type":"LineString","coordinates":[[-117.1229,58.52024],[-116.96661,58.51155],[-116.22334,58.5185],[-116.14867,58.51503],[-116.14867,58.51259]]}},{"type":"Feature","properties":{"type":"Secondary Highway","name":"2","label":null,"length_km":35,"expressway":0},"geometry":{"type":"LineString","coordinates":[[-115.85719,60.76126],[-115.87776,60.75176],[-115.94375,60.69445],[-116.03406,60.65972],[-116.08094,60.61457],[-116.13825,60.59199],[-116.15041,60.56942]]}},{"type":"Feature","properties":{"type":"Secondary Highway","name":"4","label":null,"length_km":126,"expressway":0},"geometry":{"type":"LineString","coordinates":[[-113.29545,62.69327],[-113.29545,62.66201],[-113.30239,62.62381],[-113.31976,62.57345],[-113.33713,62.54393],[-113.37359,62.52135],[-113.47084,62.50051],[-113.54899,62.4953],[-113.70528,62.50746],[-113.78517,62.50919],[-113.81122,62.51614],[-113.86158,62.53872],[-113.8911,62.54566],[-114.03003,62.54219],[-114.12901,62.52135],[-114.24189,62.50746],[-114.30093,62.51961],[-114.33567,62.51788],[-114.3513,62.5144],[-114.36345,62.50398],[-114.36866,62.48662],[-114.36866,62.46925]]}},{"type":"Feature","properties":{"type":"Secondary Highway","name":"37","label":null,"length_km":42,"expressway":0},"geometry":{"type":"LineString","coordinates":[[-107.74182,49.73133],[-107.7696,50.30962]]}},{"type":"Feature","properties":{"type":"Secondary Highway","name":"9","label":null,"length_km":22,"expressway":0},"geometry":{"type":"LineString","coordinates":[[-102.24376,50.34782],[-102.2646,50.44333],[-102.27155,50.60137],[-102.27849,50.62741],[-102.28863,50.63856]]}},{"type":"Feature","properties":{"type":"Secondary Highway","name":"5","label":null,"length_km":26,"expressway":0},"geometry":{"type":"LineString","coordinates":[[-101.34228,51.23419],[-101.48834,51.23001],[-101.5717,51.21959]]}},{"type":"Feature","properties":{"type":"Secondary Highway","name":"8","label":null,"length_km":14,"expressway":0},"geometry":{"type":"LineString","coordinates":[[-101.61437,51.4084],[-101.61164,51.4002],[-101.6099,51.34463],[-101.5908,51.31337],[-101.58733,51.26648],[-101.5717,51.2248]]}},{"type":"Feature","properties":{"type":"Secondary Highway","name":"2","label":null,"length_km":176,"expressway":0},"geometry":{"type":"LineString","coordinates":[[-105.32216,55.16801],[-105.321,55.1634],[-105.30711,55.15993],[-105.30017,55.15298],[-105.30017,55.1304],[-105.354,55.04357],[-105.35921,55.01232],[-105.36095,54.92549],[-105.36616,54.88207],[-105.38005,54.8456],[-105.39741,54.82476],[-105.43562,54.80566],[-105.56934,54.77267],[-105.61623,54.74835],[-105.67353,54.72925],[-105.75342,54.68584],[-105.78294,54.66152],[-105.81767,54.61984],[-105.82635,54.60248],[-105.81941,54.55559],[-105.81941,54.47744],[-105.81246,54.43229],[-105.81941,54.40277],[-105.8524,54.34894],[-105.95139,54.22738],[-105.96181,54.21001],[-105.96702,54.1718],[-105.94965,54.07803],[-105.91839,54.0294],[-105.90797,53.99641],[-105.90797,53.89048],[-105.91839,53.85401],[-105.91839,53.83838],[-105.8715,53.7446],[-105.84893,53.72029],[-105.8142,53.69598],[-105.78641,53.61957],[-105.7621,53.5119],[-105.75689,53.46327],[-105.75863,53.39207]]}},{"type":"Feature","properties":{"type":"Secondary Highway","name":"391","label":null,"length_km":18,"expressway":0},"geometry":{"type":"LineString","coordinates":[[-97.90575,55.81462],[-97.80155,55.75731],[-97.85482,55.73316]]}},{"type":"Feature","properties":{"type":"Secondary Highway","name":"44","label":null,"length_km":101,"expressway":0},"geometry":{"type":"LineString","coordinates":[[-96.05123,50.06027],[-96.04759,50.04392],[-96.01981,50.00398],[-95.97639,49.96404],[-95.95208,49.94841],[-95.93124,49.94146],[-95.83225,49.93278],[-95.74716,49.91715],[-95.61692,49.87026],[-95.53008,49.84768],[-95.46062,49.83553],[-95.35643,49.83379],[-95.27828,49.81643],[-95.25049,49.81643],[-95.23313,49.8008],[-95.22097,49.79906],[-95.21923,49.79559],[-95.22097,49.77648],[-95.23486,49.74001]]}},{"type":"Feature","properties":{"type":"Secondary Highway","name":"8","label":null,"length_km":19,"expressway":0},"geometry":{"type":"LineString","coordinates":[[-81.68943,43.71751],[-81.59218,43.64109],[-81.54529,43.62026],[-81.54264,43.61294]]}},{"type":"Feature","properties":{"type":"Secondary Highway","name":"400","label":null,"length_km":50,"expressway":0},"geometry":{"type":"LineString","coordinates":[[-80.07125,45.39328],[-80.01882,45.34817],[-79.97888,45.3308],[-79.89379,45.30823],[-79.86948,45.29433],[-79.85037,45.27697],[-79.77396,45.17624],[-79.77223,45.13978],[-79.79133,45.05295],[-79.78786,45.03558]]}},{"type":"Feature","properties":{"type":"Secondary Highway","name":"35","label":null,"length_km":11,"expressway":1},"geometry":{"type":"LineString","coordinates":[[-78.60003,43.93458],[-78.61392,43.95716],[-78.62086,43.99362],[-78.61913,44.03704],[-78.61158,44.05667]]}},{"type":"Feature","properties":{"type":"Secondary Highway","name":"DVP","label":null,"length_km":12,"expressway":0},"geometry":{"type":"LineString","coordinates":[[-79.3397,43.78932],[-79.33634,43.78176],[-79.33113,43.73834],[-79.35371,43.70014],[-79.35718,43.64978]]}},{"type":"Feature","properties":{"type":"Secondary Highway","name":"GE","label":null,"length_km":23,"expressway":0},"geometry":{"type":"LineString","coordinates":[[-79.55689,43.62026],[-79.35055,43.64644]]}},{"type":"Feature","properties":{"type":"Secondary Highway","name":"410","label":null,"length_km":29,"expressway":0},"geometry":{"type":"LineString","coordinates":[[-79.65248,43.60432],[-79.85037,43.76092],[-79.88248,43.78256]]}},{"type":"Feature","properties":{"type":"Secondary Highway","name":"407","label":null,"length_km":32,"expressway":0},"geometry":{"type":"LineString","coordinates":[[-79.84169,43.3424],[-79.83474,43.42402],[-79.65067,43.60289],[-79.65248,43.60432]]}},{"type":"Feature","properties":{"type":"Major Highway","name":"401","label":null,"length_km":62,"expressway":1},"geometry":{"type":"LineString","coordinates":[[-80.69118,43.12959],[-80.58322,43.24515],[-80.49812,43.29204],[-80.43908,43.33372],[-80.4165,43.35977],[-80.37483,43.39797],[-80.31057,43.41881],[-80.19596,43.44486]]}},{"type":"Feature","properties":{"type":"Secondary Highway","name":"8","label":null,"length_km":62,"expressway":0},"geometry":{"type":"LineString","coordinates":[[-80.44516,43.43249],[-80.42519,43.42749],[-80.38698,43.39797],[-80.14907,43.30419],[-80.02577,43.27467],[-79.95804,43.27467],[-79.90595,43.25731]]}},{"type":"Feature","properties":{"type":"Secondary Highway","name":"58","label":null,"length_km":8,"expressway":0},"geometry":{"type":"LineString","coordinates":[[-79.25109,43.00202],[-79.25993,42.90478]]}},{"type":"Feature","properties":{"type":"Secondary Highway","name":"35","label":null,"length_km":16,"expressway":0},"geometry":{"type":"LineString","coordinates":[[-73.25259,45.32422],[-73.28778,45.33427],[-73.30862,45.35511],[-73.34856,45.37074],[-73.35725,45.38985],[-73.35725,45.42805]]}},{"type":"Feature","properties":{"type":"Secondary Highway","name":"70","label":null,"length_km":29,"expressway":1},"geometry":{"type":"LineString","coordinates":[[-71.3702,48.43333],[-71.30633,48.41326],[-71.17782,48.40805],[-71.11183,48.38547]]}},{"type":"Feature","properties":{"type":"Secondary Highway","name":"20","label":null,"length_km":45,"expressway":1},"geometry":{"type":"LineString","coordinates":[[-69.18942,48.12003],[-69.22415,48.09546],[-69.33008,48.03989],[-69.52806,47.88012],[-69.54716,47.85755]]}},{"type":"Feature","properties":{"type":"Major Highway","name":"55","label":null,"length_km":38,"expressway":1},"geometry":{"type":"LineString","coordinates":[[-72.67655,46.64343],[-72.67997,46.6263],[-72.7095,46.6072],[-72.74423,46.55336],[-72.75291,46.53252],[-72.74944,46.51342],[-72.73207,46.49779],[-72.67303,46.47869],[-72.64003,46.45785],[-72.59488,46.41791],[-72.56189,46.37276]]}},{"type":"Feature","properties":{"type":"Secondary Highway","name":"85","label":null,"length_km":18,"expressway":0},"geometry":{"type":"LineString","coordinates":[[-69.412,47.75537],[-69.42733,47.76203],[-69.44817,47.78114],[-69.48811,47.78982],[-69.52458,47.80371],[-69.54542,47.8176],[-69.56279,47.83497]]}},{"type":"Feature","properties":{"type":"Secondary Highway","name":"461","label":null,"length_km":9,"expressway":0},"geometry":{"type":"LineString","coordinates":[[-58.43609,48.53396],[-58.40343,48.49314],[-58.38086,48.4532]]}},{"type":"Feature","properties":{"type":"Secondary Highway","name":"220","label":null,"length_km":27,"expressway":0},"geometry":{"type":"LineString","coordinates":[[-55.95136,46.90937],[-55.96352,46.92152],[-55.96699,46.93889],[-55.96004,46.96146],[-55.94094,46.98578],[-55.81764,47.07261],[-55.78302,47.08922]]}},{"type":"Feature","properties":{"type":"Secondary Highway","name":"90","label":null,"length_km":70,"expressway":0},"geometry":{"type":"LineString","coordinates":[[-53.62325,46.80818],[-53.62432,46.82427],[-53.61564,46.859],[-53.59654,46.88679],[-53.55139,46.92673],[-53.51318,46.97362],[-53.46977,47.0014],[-53.45761,47.02224],[-53.46108,47.05177],[-53.47498,47.08129],[-53.48713,47.09865],[-53.49234,47.11776],[-53.42635,47.17854],[-53.3812,47.19938],[-53.32737,47.23237],[-53.23533,47.31746],[-53.21796,47.35046]]}},{"type":"Feature","properties":{"type":"Secondary Highway","name":"15","label":null,"length_km":16,"expressway":0},"geometry":{"type":"LineString","coordinates":[[-113.21464,53.6975],[-113.18624,53.71693],[-113.07411,53.76477]]}},{"type":"Feature","properties":{"type":"Secondary Highway","name":"21","label":null,"length_km":11,"expressway":0},"geometry":{"type":"LineString","coordinates":[[-113.21464,53.6975],[-113.24454,53.68404],[-113.24753,53.67806],[-113.24604,53.57042]]}},{"type":"Feature","properties":{"type":"Secondary Highway","name":"2","label":null,"length_km":4,"expressway":0},"geometry":{"type":"LineString","coordinates":[[-113.61532,53.57341],[-113.61532,53.51211]]}},{"type":"Feature","properties":{"type":"Secondary Highway","name":"16A","label":null,"length_km":59,"expressway":0},"geometry":{"type":"LineString","coordinates":[[-114.14756,53.56743],[-114.08476,53.54201],[-113.86051,53.54052],[-113.84107,53.545],[-113.82462,53.54052],[-113.61532,53.54201]]}},{"type":"Feature","properties":{"type":"Secondary Highway","name":"44","label":null,"length_km":81,"expressway":0},"geometry":{"type":"LineString","coordinates":[[-114.05038,55.02809],[-114.03842,54.9952],[-114.03991,54.96082],[-114.03543,54.89354],[-114.04589,54.86513],[-114.07729,54.84121],[-114.07878,54.77244],[-114.1027,54.753],[-114.1027,54.55865],[-114.10121,54.55267],[-114.07729,54.53921],[-114.04141,54.53024],[-114.02646,54.51978],[-113.96366,54.45997],[-113.95918,54.42559],[-113.85452,54.35981],[-113.84855,54.34186],[-113.84705,54.19684],[-113.84406,54.16545],[-113.84855,54.15199]]}},{"type":"Feature","properties":{"type":"Major Highway","name":null,"label":null,"length_km":10,"expressway":0},"geometry":{"type":"LineString","coordinates":[[-113.43591,53.5151],[-113.41797,53.50912],[-113.39405,53.51211],[-113.3477,53.50762]]}},{"type":"Feature","properties":{"type":"Major Highway","name":null,"label":null,"length_km":3,"expressway":0},"geometry":{"type":"LineString","coordinates":[[-113.45236,53.57042],[-113.4404,53.55696],[-113.44339,53.53304]]}},{"type":"Feature","properties":{"type":"Major Highway","name":"2","label":null,"length_km":20,"expressway":0},"geometry":{"type":"LineString","coordinates":[[-113.49272,53.48071],[-113.57046,53.48221],[-113.56897,53.50613],[-113.58093,53.51211],[-113.66017,53.51211]]}},{"type":"Feature","properties":{"type":"Major Highway","name":"14","label":null,"length_km":17,"expressway":0},"geometry":{"type":"LineString","coordinates":[[-113.49272,53.48071],[-113.41797,53.48819],[-113.39255,53.48819],[-113.3776,53.48221],[-113.34322,53.48221]]}},{"type":"Feature","properties":{"type":"Secondary Highway","name":"17","label":null,"length_km":13,"expressway":0},"geometry":{"type":"LineString","coordinates":[[-123.05508,49.10918],[-123.05657,49.05536],[-123.06704,49.04489],[-123.09544,49.02994],[-123.12833,49.00602]]}},{"type":"Feature","properties":{"type":"Major Highway","name":null,"label":null,"length_km":3,"expressway":0},"geometry":{"type":"LineString","coordinates":[[-123.07451,49.21384],[-123.07302,49.17048]]}},{"type":"Feature","properties":{"type":"Secondary Highway","name":"83","label":null,"length_km":73,"expressway":0},"geometry":{"type":"LineString","coordinates":[[-100.9597,49.87315],[-100.96269,49.85671],[-100.96419,49.28261],[-100.98661,49.27663],[-101.0195,49.23776],[-101.05538,49.22579],[-101.05538,49.17795],[-101.0509,49.16898],[-101.0494,49.03293],[-101.02698,49.02546],[-101.02698,49.00004]]}},{"type":"Feature","properties":{"type":"Secondary Highway","name":"59","label":null,"length_km":64,"expressway":0},"geometry":{"type":"LineString","coordinates":[[-96.98585,49.69225],[-96.97987,49.67132],[-96.97987,49.53677],[-96.98436,49.53228],[-96.98436,49.41417],[-96.97987,49.36783],[-96.97539,49.35437],[-96.9395,49.31101],[-96.93651,49.30055],[-96.89465,49.26616],[-96.85877,49.26616],[-96.82738,49.24374],[-96.82738,49.17347],[-96.80943,49.15852],[-96.80794,49.00303],[-96.80196,49.00004]]}},{"type":"Feature","properties":{"type":"Secondary Highway","name":"3","label":null,"length_km":19,"expressway":0},"geometry":{"type":"LineString","coordinates":[[-97.31626,49.77598],[-97.1518,49.84176]]}},{"type":"Feature","properties":{"type":"Secondary Highway","name":"59","label":null,"length_km":12,"expressway":0},"geometry":{"type":"LineString","coordinates":[[-97.04565,49.81485],[-97.04117,49.7984],[-97.02472,49.78196],[-97.02472,49.75355],[-97.0008,49.72365],[-96.98585,49.69225]]}},{"type":"Feature","properties":{"type":"Secondary Highway","name":"17A","label":null,"length_km":44,"expressway":0},"geometry":{"type":"LineString","coordinates":[[-94.64908,49.74308],[-94.63862,49.75355],[-94.64011,49.767],[-94.62965,49.77747],[-94.58779,49.78495],[-94.56686,49.78196],[-94.54892,49.79093],[-94.52051,49.79242],[-94.46968,49.80438],[-94.38595,49.80139],[-94.36951,49.79541],[-94.35157,49.79541],[-94.33662,49.78793],[-94.31718,49.74009],[-94.30522,49.73411],[-94.28728,49.73262]]}},{"type":"Feature","properties":{"type":"Secondary Highway","name":"127","label":null,"length_km":40,"expressway":0},"geometry":{"type":"LineString","coordinates":[[-78.20351,45.49115],[-78.19155,45.4777],[-78.19155,45.45976],[-78.15268,45.42238],[-78.13025,45.40893],[-78.09886,45.39547],[-78.04952,45.32819],[-78.04205,45.2968],[-78.01812,45.28484],[-77.99719,45.28185],[-77.98523,45.2669],[-77.94786,45.24896],[-77.92693,45.21158]]}},{"type":"Feature","properties":{"type":"Secondary Highway","name":"3","label":null,"length_km":47,"expressway":0},"geometry":{"type":"LineString","coordinates":[[-82.98469,42.23493],[-82.90545,42.2155],[-82.85761,42.18559],[-82.8292,42.16317],[-82.78734,42.14373],[-82.75594,42.12131],[-82.70511,42.07646],[-82.69166,42.07197],[-82.59747,42.06898],[-82.59896,42.05403]]}},{"type":"Feature","properties":{"type":"Secondary Highway","name":"40","label":null,"length_km":5,"expressway":0},"geometry":{"type":"LineString","coordinates":[[-82.3762,42.93611],[-82.34929,42.93761],[-82.3448,42.96003]]}},{"type":"Feature","properties":{"type":"Secondary Highway","name":"40","label":null,"length_km":67,"expressway":0},"geometry":{"type":"LineString","coordinates":[[-82.41507,42.85388],[-82.41806,42.77016],[-82.42703,42.75371],[-82.43301,42.59524],[-82.38667,42.59374],[-82.37919,42.58328],[-82.37919,42.56235],[-82.19082,42.40836],[-82.15493,42.42929],[-82.1056,42.39042],[-82.08616,42.37995]]}},{"type":"Feature","properties":{"type":"Secondary Highway","name":"62","label":null,"length_km":113,"expressway":0},"geometry":{"type":"LineString","coordinates":[[-77.92693,45.21158],[-77.89702,45.16673],[-77.86862,45.15028],[-77.86264,45.12935],[-77.8746,45.10244],[-77.85068,45.08899],[-77.84619,45.06357],[-77.86114,45.04862],[-77.84918,45.04563],[-77.80732,45.01573],[-77.79237,45.01124],[-77.79088,44.9933],[-77.71762,44.92303],[-77.70566,44.8737],[-77.65632,44.8438],[-77.64137,44.82735],[-77.62193,44.79297],[-77.61147,44.73316],[-77.59353,44.69878],[-77.53522,44.61954],[-77.48588,44.52685],[-77.47392,44.51339],[-77.46645,44.49097],[-77.47093,44.47003],[-77.46196,44.44312],[-77.47093,44.39528],[-77.47991,44.36688],[-77.47841,44.34146],[-77.46496,44.31604],[-77.45897,44.29063],[-77.44851,44.27568],[-77.43206,44.24129],[-77.43206,44.23232],[-77.41861,44.22933],[-77.39768,44.19046]]}},{"type":"Feature","properties":{"type":"Secondary Highway","name":"15","label":null,"length_km":105,"expressway":0},"geometry":{"type":"LineString","coordinates":[[-76.43038,44.28913],[-76.40646,44.31604],[-76.36609,44.33548],[-76.34815,44.35641],[-76.33469,44.36089],[-76.32423,44.38781],[-76.3033,44.4192],[-76.26742,44.44761],[-76.26443,44.45957],[-76.21958,44.47901],[-76.20014,44.48199],[-76.18818,44.49395],[-76.20612,44.55675],[-76.20762,44.59412],[-76.25247,44.6315],[-76.25845,44.65094],[-76.17472,44.70775],[-76.17323,44.71522],[-76.13436,44.74363],[-76.10147,44.78997],[-76.091,44.82436],[-76.06559,44.8438],[-76.05811,44.86024],[-76.03867,44.88715],[-76.02671,44.89313],[-76.02522,44.90659],[-76.03419,44.92303],[-76.04914,44.9649],[-76.05661,44.99928],[-76.06409,45.01573],[-76.0626,45.03217],[-76.07157,45.04563],[-76.09399,45.06357],[-76.10595,45.08301],[-76.10446,45.10693],[-76.12539,45.12786]]}},{"type":"Feature","properties":{"type":"Secondary Highway","name":"7","label":null,"length_km":21,"expressway":0},"geometry":{"type":"LineString","coordinates":[[-80.4715,43.46237],[-80.42366,43.47732],[-80.40871,43.49227],[-80.34592,43.5147],[-80.29808,43.54908]]}},{"type":"Feature","properties":{"type":"Secondary Highway","name":"35","label":null,"length_km":25,"expressway":0},"geometry":{"type":"LineString","coordinates":[[-78.72379,44.3295],[-78.69987,44.27568],[-78.70286,44.26372],[-78.6909,44.23382],[-78.68193,44.22335],[-78.6595,44.17252],[-78.661,44.16056],[-78.62511,44.07983],[-78.62362,44.0574]]}},{"type":"Feature","properties":{"type":"Secondary Highway","name":"138","label":null,"length_km":40,"expressway":0},"geometry":{"type":"LineString","coordinates":[[-74.98466,45.32819],[-74.89496,45.21008],[-74.85758,45.16374],[-74.83665,45.1458],[-74.76937,45.06058],[-74.77536,45.05759],[-74.74097,45.01274],[-74.74097,44.99031]]}},{"type":"Feature","properties":{"type":"Secondary Highway","name":"35","label":null,"length_km":135,"expressway":0},"geometry":{"type":"LineString","coordinates":[[-78.77462,44.34595],[-78.76714,44.34893],[-78.79406,44.40425],[-78.78359,44.41771],[-78.76266,44.46405],[-78.75967,44.48349],[-78.77462,44.51788],[-78.78658,44.52535],[-78.78957,44.54329],[-78.78957,44.58067],[-78.78509,44.58665],[-78.78658,44.65692],[-78.80004,44.65991],[-78.80751,44.68383],[-78.80303,44.71373],[-78.81947,44.7212],[-78.83143,44.73466],[-78.82994,44.74961],[-78.81349,44.77204],[-78.81349,44.80493],[-78.79107,44.80343],[-78.78359,44.8139],[-78.75817,44.81838],[-78.76266,44.82735],[-78.7507,44.84828],[-78.74771,44.86772],[-78.72977,44.88566],[-78.71482,44.92154],[-78.69837,44.93799],[-78.7208,44.95443],[-78.72528,44.97985],[-78.72229,44.98882],[-78.68641,45.00526],[-78.67744,45.02918],[-78.68043,45.04114],[-78.69987,45.04563],[-78.69538,45.06208],[-78.72977,45.09048],[-78.75518,45.09347],[-78.76714,45.10095],[-78.76117,45.12188],[-78.78359,45.13085],[-78.80602,45.12487],[-78.8404,45.12935],[-78.84638,45.15776],[-78.86731,45.18317],[-78.90768,45.21158],[-78.89273,45.22803],[-78.87628,45.23401],[-78.86283,45.24597],[-78.87927,45.26391],[-78.89722,45.2654],[-78.89273,45.28484],[-78.91515,45.28484],[-78.92413,45.29231],[-78.93459,45.28783],[-78.95552,45.28932],[-78.9615,45.29829],[-78.98991,45.31175],[-78.99589,45.32819]]}},{"type":"Feature","properties":{"type":"Secondary Highway","name":"7","label":null,"length_km":50,"expressway":0},"geometry":{"type":"LineString","coordinates":[[-80.26519,43.52666],[-80.23379,43.5446],[-80.18744,43.57898],[-80.16801,43.60141],[-80.14558,43.61935],[-80.11269,43.59543],[-80.0798,43.62234],[-80.02897,43.63729],[-79.99608,43.66719],[-79.98262,43.67317],[-79.94973,43.64925],[-79.93478,43.65673],[-79.92731,43.65075],[-79.85853,43.64626]]}},{"type":"Feature","properties":{"type":"Secondary Highway","name":"6","label":null,"length_km":29,"expressway":0},"geometry":{"type":"LineString","coordinates":[[-80.12316,43.4519],[-80.09774,43.43247],[-80.06485,43.41901],[-79.89292,43.29492]]}},{"type":"Feature","properties":{"type":"Secondary Highway","name":"3","label":null,"length_km":6,"expressway":0},"geometry":{"type":"LineString","coordinates":[[-83.03402,42.25287],[-82.98469,42.23493]]}},{"type":"Feature","properties":{"type":"Secondary Highway","name":"40","label":null,"length_km":3,"expressway":0},"geometry":{"type":"LineString","coordinates":[[-82.3448,42.99143],[-82.3448,42.96003]]}},{"type":"Feature","properties":{"type":"Secondary Highway","name":"40","label":null,"length_km":10,"expressway":0},"geometry":{"type":"LineString","coordinates":[[-82.3762,42.93611],[-82.40909,42.93611],[-82.41507,42.85388]]}},{"type":"Feature","properties":{"type":"Secondary Highway","name":"7","label":null,"length_km":3,"expressway":0},"geometry":{"type":"LineString","coordinates":[[-79.45487,43.83015],[-79.42945,43.83613]]}},{"type":"Feature","properties":{"type":"Major Highway","name":null,"label":null,"length_km":20,"expressway":0},"geometry":{"type":"LineString","coordinates":[[-82.86957,42.29922],[-82.89648,42.30221],[-83.04598,42.26932]]}},{"type":"Feature","properties":{"type":"Major Highway","name":"85","label":null,"length_km":11,"expressway":0},"geometry":{"type":"LineString","coordinates":[[-80.4715,43.46237],[-80.48346,43.47433],[-80.49393,43.47433],[-80.50141,43.48479],[-80.54028,43.49825],[-80.54626,43.51171],[-80.54327,43.52516]]}},{"type":"Feature","properties":{"type":"Major Highway","name":"405","label":null,"length_km":12,"expressway":0},"geometry":{"type":"LineString","coordinates":[[-79.04224,43.1499],[-79.05719,43.15439],[-79.09157,43.14542],[-79.12596,43.15289],[-79.14988,43.1514]]}},{"type":"Feature","properties":{"type":"Major Highway","name":"407","label":null,"length_km":87,"expressway":0},"geometry":{"type":"LineString","coordinates":[[-79.80621,43.58048],[-79.81518,43.58795],[-79.79425,43.60589],[-79.76435,43.61935],[-79.67913,43.69709],[-79.66866,43.71503],[-79.67165,43.72699],[-79.64025,43.7554],[-79.55653,43.78231],[-79.48328,43.80175],[-79.46683,43.82118],[-79.40553,43.83464],[-79.38012,43.83464],[-79.19921,43.87949],[-79.10503,43.91537]]}},{"type":"Feature","properties":{"type":"Secondary Highway","name":"15","label":null,"length_km":36,"expressway":0},"geometry":{"type":"LineString","coordinates":[[-64.37876,46.21177],[-64.32345,46.22223],[-64.27411,46.21326],[-64.25617,46.19682],[-64.23075,46.18037],[-64.19786,46.16542],[-64.19039,46.15645],[-64.13208,46.13552],[-64.11264,46.07422],[-64.09919,46.05778]]}},{"type":"Feature","properties":{"type":"Secondary Highway","name":"102","label":null,"length_km":31,"expressway":0},"geometry":{"type":"LineString","coordinates":[[-66.94427,45.85894],[-66.92185,45.86342],[-66.86653,45.94266],[-66.80374,45.96509],[-66.71702,45.9621],[-66.70058,45.95911],[-66.6946,45.95014]]}},{"type":"Feature","properties":{"type":"Major Highway","name":"15","label":null,"length_km":14,"expressway":0},"geometry":{"type":"LineString","coordinates":[[-64.49986,46.20728],[-64.48641,46.21028],[-64.39072,46.20878],[-64.37876,46.21177]]}},{"type":"Feature","properties":{"type":"Secondary Highway","name":"33","label":null,"length_km":7,"expressway":0},"geometry":{"type":"LineString","coordinates":[[-104.56128,50.43529],[-104.50297,50.40689]]}},{"type":"Feature","properties":{"type":"Secondary Highway","name":"12","label":null,"length_km":7,"expressway":0},"geometry":{"type":"LineString","coordinates":[[-106.66033,52.32055],[-106.66033,52.2174]]}},{"type":"Feature","properties":{"type":"Secondary Highway","name":"35","label":null,"length_km":51,"expressway":0},"geometry":{"type":"LineString","coordinates":[[-103.85711,49.65787],[-103.85711,49.5278],[-103.84366,49.51883],[-103.84366,49.33194],[-103.82123,49.314],[-103.82123,49.18244],[-103.80927,49.16749],[-103.80777,49.00004]]}},{"type":"Feature","properties":{"type":"Secondary Highway","name":"106","label":null,"length_km":3,"expressway":0},"geometry":{"type":"LineString","coordinates":[[-101.90308,54.75151],[-101.87916,54.753],[-101.87617,54.76197]]}},{"type":"Feature","properties":{"type":"Secondary Highway","name":"1","label":null,"length_km":21,"expressway":0},"geometry":{"type":"LineString","coordinates":[[-106.90552,50.43828],[-106.84273,50.43978],[-106.79638,50.45772],[-106.76947,50.4622],[-106.72163,50.4637]]}},{"type":"Feature","properties":{"type":"Major Highway","name":"16","label":null,"length_km":5,"expressway":0},"geometry":{"type":"LineString","coordinates":[[-106.65884,52.13068],[-106.66183,52.10676],[-106.65136,52.0948],[-106.63342,52.09331]]}},{"type":"Feature","properties":{"type":"Secondary Highway","name":"4","label":null,"length_km":22,"expressway":0},"geometry":{"type":"LineString","coordinates":[[-60.14478,46.14748],[-60.11039,46.16094],[-60.10142,46.16841],[-60.08348,46.1729],[-60.02966,46.18037],[-59.96537,46.18037],[-59.95341,46.19383]]}},{"type":"Feature","properties":{"type":"Major Highway","name":"107","label":null,"length_km":8,"expressway":0},"geometry":{"type":"LineString","coordinates":[[-63.56097,44.73765],[-63.55349,44.73914],[-63.51163,44.69728],[-63.49967,44.6928]]}},{"type":"Feature","properties":{"type":"Major Highway","name":"162","label":null,"length_km":8,"expressway":0},"geometry":{"type":"LineString","coordinates":[[-60.31671,46.25662],[-60.31372,46.2641],[-60.32119,46.28503],[-60.30474,46.30446],[-60.30774,46.31194],[-60.33016,46.31792]]}},{"type":"Feature","properties":{"type":"Major Highway","name":"104","label":null,"length_km":10,"expressway":0},"geometry":{"type":"LineString","coordinates":[[-60.22551,46.10562],[-60.20159,46.10413],[-60.1672,46.1131],[-60.15075,46.13104],[-60.14478,46.14748]]}},{"type":"Feature","properties":{"type":"Major Highway","name":"103","label":null,"length_km":9,"expressway":0},"geometry":{"type":"LineString","coordinates":[[-63.72991,44.64047],[-63.70001,44.62851],[-63.68805,44.62851],[-63.65067,44.64346]]}},{"type":"Feature","properties":{"type":"Major Highway","name":"118","label":null,"length_km":12,"expressway":0},"geometry":{"type":"LineString","coordinates":[[-63.56994,44.69429],[-63.56097,44.70775],[-63.56545,44.72718],[-63.55499,44.7511],[-63.55798,44.76157],[-63.57442,44.78699],[-63.59835,44.80194],[-63.60133,44.80941]]}},{"type":"Feature","properties":{"type":"Secondary Highway","name":"2","label":null,"length_km":15,"expressway":0},"geometry":{"type":"LineString","coordinates":[[-62.5832,46.42257],[-62.54284,46.41659],[-62.49948,46.39716],[-62.4935,46.3852],[-62.47407,46.37473],[-62.45613,46.35978]]}},{"type":"Feature","properties":{"type":"Secondary Highway","name":"132","label":null,"length_km":16,"expressway":0},"geometry":{"type":"LineString","coordinates":[[-74.2192,45.28185],[-74.16089,45.26989],[-74.14594,45.26839],[-74.12351,45.27437],[-74.09959,45.27437],[-74.08165,45.2669]]}},{"type":"Feature","properties":{"type":"Secondary Highway","name":"132","label":null,"length_km":7,"expressway":0},"geometry":{"type":"LineString","coordinates":[[-73.44625,45.5973],[-73.42233,45.63468],[-73.42233,45.6601],[-73.4328,45.66907]]}},{"type":"Feature","properties":{"type":"Secondary Highway","name":"161","label":null,"length_km":96,"expressway":0},"geometry":{"type":"LineString","coordinates":[[-71.41896,45.76475],[-71.37411,45.7483],[-71.31282,45.79764],[-71.24105,45.75877],[-71.21414,45.73784],[-71.1364,45.69747],[-71.12743,45.68701],[-71.07211,45.65412],[-71.05567,45.64963],[-71.02277,45.6302],[-71.00633,45.6287],[-70.97942,45.61823],[-70.9555,45.61674],[-70.92859,45.60179],[-70.86579,45.58086],[-70.8628,45.57039],[-70.87177,45.55843],[-70.8643,45.539],[-70.86131,45.48966],[-70.8643,45.46424],[-70.84038,45.45378],[-70.83589,45.4463],[-70.83739,45.41341],[-70.87775,45.41042],[-70.87476,45.39099],[-70.8643,45.38351],[-70.80749,45.37753]]}},{"type":"Feature","properties":{"type":"Secondary Highway","name":"116","label":null,"length_km":81,"expressway":0},"geometry":{"type":"LineString","coordinates":[[-71.76283,46.23121],[-71.6791,46.28503],[-71.66714,46.29549],[-71.66266,46.30745],[-71.67163,46.31941],[-71.65219,46.33885],[-71.61332,46.36427],[-71.61182,46.37324],[-71.58641,46.37473],[-71.57594,46.38221],[-71.60435,46.40463],[-71.57893,46.41958],[-71.52511,46.47041],[-71.44438,46.54816],[-71.44587,46.55713],[-71.37561,46.58852],[-71.3786,46.60198],[-71.36365,46.63188],[-71.30085,46.66029],[-71.27843,46.66627],[-71.27245,46.67673],[-71.29039,46.69168],[-71.29338,46.70663],[-71.30534,46.72009],[-71.29936,46.73055]]}},{"type":"Feature","properties":{"type":"Secondary Highway","name":"116","label":null,"length_km":71,"expressway":0},"geometry":{"type":"LineString","coordinates":[[-72.12762,45.66608],[-72.11566,45.67654],[-72.09921,45.70943],[-72.08277,45.73036],[-72.05586,45.74382],[-72.02894,45.76624],[-72.02296,45.79166],[-72.00353,45.80811],[-72.01399,45.83801],[-72.03194,45.84548],[-72.03941,45.86043],[-72.0439,45.88585],[-72.011,45.92771],[-72.00801,45.93967],[-71.94971,45.99499],[-71.93027,46.05629],[-71.92878,46.09067],[-71.89888,46.12506],[-71.87794,46.16542],[-71.84954,46.18785],[-71.80319,46.2028],[-71.75684,46.22523]]}},{"type":"Feature","properties":{"type":"Secondary Highway","name":"122","label":null,"length_km":5,"expressway":0},"geometry":{"type":"LineString","coordinates":[[-71.92878,46.09067],[-71.94522,46.08768],[-71.96914,46.06824]]}},{"type":"Feature","properties":{"type":"Secondary Highway","name":"147","label":null,"length_km":40,"expressway":0},"geometry":{"type":"LineString","coordinates":[[-71.90635,45.39846],[-71.88692,45.37604],[-71.87346,45.37155],[-71.86299,45.35959],[-71.86449,45.34165],[-71.84057,45.3267],[-71.83459,45.31175],[-71.84206,45.27437],[-71.83608,45.25494],[-71.82263,45.23849],[-71.82263,45.21905],[-71.80319,45.18018],[-71.80319,45.15925],[-71.81366,45.14281],[-71.80768,45.13234],[-71.79572,45.12786],[-71.79422,45.12038],[-71.78226,45.10693],[-71.77479,45.08899],[-71.77329,45.06656],[-71.78077,45.04264],[-71.78226,45.0247],[-71.79123,45.01124]]}},{"type":"Feature","properties":{"type":"Secondary Highway","name":"138","label":null,"length_km":17,"expressway":0},"geometry":{"type":"LineString","coordinates":[[-73.69144,45.39547],[-73.72732,45.34314],[-73.74377,45.30577],[-73.7632,45.27587],[-73.7946,45.25195],[-73.79311,45.24896]]}},{"type":"Feature","properties":{"type":"Secondary Highway","name":"138","label":null,"length_km":65,"expressway":0},"geometry":{"type":"LineString","coordinates":[[-74.31637,44.99181],[-74.31637,45.00676],[-74.30441,45.01573],[-74.30591,45.03068],[-74.20425,45.06955],[-74.17135,45.09198],[-74.1265,45.10543],[-74.09361,45.12038],[-74.04129,45.12786],[-74.01587,45.12786],[-73.99494,45.12038],[-73.98298,45.12188],[-73.94112,45.13832],[-73.92168,45.16523],[-73.89029,45.18915],[-73.86188,45.19663],[-73.84693,45.2071],[-73.81852,45.21756],[-73.80806,45.237],[-73.79311,45.24896]]}},{"type":"Feature","properties":{"type":"Secondary Highway","name":"138","label":null,"length_km":7,"expressway":0},"geometry":{"type":"LineString","coordinates":[[-73.51503,45.58684],[-73.54642,45.5375],[-73.5524,45.52255]]}},{"type":"Feature","properties":{"type":"Major Highway","name":"30","label":null,"length_km":9,"expressway":0},"geometry":{"type":"LineString","coordinates":[[-74.11305,45.23401],[-74.08165,45.2669],[-74.05026,45.28484],[-74.0383,45.28633]]}},{"type":"Feature","properties":{"type":"Major Highway","name":"50","label":null,"length_km":32,"expressway":0},"geometry":{"type":"LineString","coordinates":[[-74.04577,45.68103],[-74.05923,45.67804],[-74.13398,45.68103],[-74.17883,45.66907],[-74.20275,45.65113],[-74.25358,45.64066],[-74.30292,45.63767],[-74.32684,45.6302]]}},{"type":"Feature","properties":{"type":"Major Highway","name":"50","label":null,"length_km":3,"expressway":0},"geometry":{"type":"LineString","coordinates":[[-75.41225,45.58833],[-75.40926,45.56292],[-75.41972,45.55245]]}},{"type":"Feature","properties":{"type":"Major Highway","name":"138","label":null,"length_km":7,"expressway":0},"geometry":{"type":"LineString","coordinates":[[-73.69144,45.39547],[-73.66005,45.40444],[-73.65556,45.44182]]}},{"type":"Feature","properties":{"type":"Major Highway","name":"740","label":null,"length_km":6,"expressway":1},"geometry":{"type":"LineString","coordinates":[[-71.30384,46.83222],[-71.28889,46.81428],[-71.2859,46.79933],[-71.29188,46.78886],[-71.27693,46.77391]]}},{"type":"Feature","properties":{"type":"Major Highway","name":"10","label":null,"length_km":15,"expressway":1},"geometry":{"type":"LineString","coordinates":[[-71.95718,45.44032],[-71.94373,45.43883],[-71.90934,45.44481],[-71.88542,45.43584],[-71.85851,45.43883],[-71.82562,45.42986]]}},{"type":"Feature","properties":{"type":"Major Highway","name":"25","label":null,"length_km":14,"expressway":1},"geometry":{"type":"LineString","coordinates":[[-73.59426,45.61674],[-73.54642,45.59431],[-73.47167,45.57637]]}},{"type":"Feature","properties":{"type":"Major Highway","name":"132","label":null,"length_km":3,"expressway":0},"geometry":{"type":"LineString","coordinates":[[-73.47167,45.57637],[-73.45672,45.59282],[-73.44625,45.5973]]}},{"type":"Feature","properties":{"type":"Major Highway","name":"20","label":null,"length_km":12,"expressway":1},"geometry":{"type":"LineString","coordinates":[[-73.47167,45.57637],[-73.51503,45.53302],[-73.51802,45.52255],[-73.51353,45.49863],[-73.49111,45.46574]]}},{"type":"Feature","properties":{"type":"Major Highway","name":"30","label":null,"length_km":15,"expressway":1},"geometry":{"type":"LineString","coordinates":[[-73.72732,45.34314],[-73.68546,45.34314],[-73.66005,45.35062],[-73.61968,45.37604],[-73.60473,45.39248]]}},{"type":"Feature","properties":{"type":"Major Highway","name":"25","label":null,"length_km":33,"expressway":1},"geometry":{"type":"LineString","coordinates":[[-73.67051,45.61823],[-73.64659,45.64814],[-73.65108,45.66907],[-73.65257,45.70644],[-73.61221,45.72139],[-73.59725,45.73335],[-73.57333,45.76774],[-73.57333,45.78419],[-73.59426,45.81558],[-73.62417,45.84399],[-73.6451,45.85744],[-73.64659,45.87688],[-73.66154,45.88435]]}},{"type":"Feature","properties":{"type":"Major Highway","name":"440","label":null,"length_km":16,"expressway":1},"geometry":{"type":"LineString","coordinates":[[-73.81105,45.55395],[-73.76619,45.5674],[-73.67051,45.61823]]}},{"type":"Feature","properties":{"type":"Major Highway","name":"13","label":null,"length_km":23,"expressway":1},"geometry":{"type":"LineString","coordinates":[[-73.86487,45.5988],[-73.8245,45.5674],[-73.74826,45.49564],[-73.69443,45.46275],[-73.69742,45.4478]]}},{"type":"Feature","properties":{"type":"Major Highway","name":"20","label":null,"length_km":45,"expressway":1},"geometry":{"type":"LineString","coordinates":[[-73.99195,45.37903],[-73.95756,45.388],[-73.95009,45.40893],[-73.93962,45.41491],[-73.86636,45.43733],[-73.81703,45.44481],[-73.7946,45.45527],[-73.74676,45.4478],[-73.67649,45.4478],[-73.65407,45.44331],[-73.60622,45.46873]]}},{"type":"Feature","properties":{"type":"Major Highway","name":"31","label":null,"length_km":13,"expressway":1},"geometry":{"type":"LineString","coordinates":[[-73.42084,46.01741],[-73.37599,45.98751],[-73.36403,45.97555],[-73.34908,45.93668],[-73.32665,45.92023]]}},{"type":"Feature","properties":{"type":"Major Highway","name":"50","label":null,"length_km":9,"expressway":1},"geometry":{"type":"LineString","coordinates":[[-73.97102,45.7199],[-73.98148,45.7184],[-74.03381,45.68551],[-74.04577,45.68103]]}}]}