airport_ident,length_ft,width_ft,surface,lighted,closed,le_ident,he_ident,le_latitude_deg,le_longitude_deg,he_latitude_deg,he_longitude_deg,le_heading_degT
CA-0012,3000.0,100.0,Hard Surfaced,0,1,1,19,,,,,
CA-0012,3000.0,100.0,Hard Surfaced,0,1,13,31,,,,,
CA-0012,3050.0,100.0,Hard Surfaced,0,1,6,24,,,,,
CA-0069,2500.0,,Turf,0,0,13,31,,,,,
CA-0084,5411.0,100.0,concrete,0,0,04,22,,,,,45.0
CA-0088,2800.0,50.0,"Turf, soft during spring thaw",1,0,17,35,,,,,
CA-0118,1320.0,60.0,Turf,0,0,05,23,,,,,49.0
CA-0156,2700.0,150.0,ASP,0,0,14,32,,,,,
CA-0156,2700.0,150.0,ASP,0,0,2,20,,,,,
CA-0156,2700.0,150.0,ASP,0,0,8,26,,,,,
CA-0159,1678.0,50.0,Stone Dust,0,0,01,19,,,,,355.0
CA-0159,3246.0,65.0,Stone Dust,0,0,09,27,,,,,82.0
CA-0208,1800.0,,Sand,0,0,,,,,,,
CA-0234,2500.0,60.0,GVL,0,1,N,S,,,,,
CA-0238,2675.0,50.0,ASP,0,0,15,33,,,,,155.0
CA-0239,5000.0,100.0,GVL,0,0,08,26,,,,,77.0
CA-0297,3906.0,100.0,Gravel,0,0,14,32,,,,,135.0
CA-0304,1267.0,,turf,0,0,08,26,,,,,
CA-0307,3988.0,80.0,TURF,0,0,18,36,,,,,
CA-0380,2033.0,120.0,turf,0,0,08,26,,,,,
CA-0393,1400.0,70.0,TURF,0,0,01,19,,,,,
CA-0407,5378.0,70.0,GVL,0,0,10,28,,,,,
CA-0411,2920.0,82.0,GRS,0,1,04,22,,,,,
CA-0412,6400.0,150.0,GVL,0,0,14,32,,,,,126.0
CA-0426,,,GRS,0,1,04,22,,,45.468238,74.67633,
CA-0428,3000.0,50.0,turf,0,0,16,34,,,,,
CA-0430,2200.0,120.0,Turf,0,0,02,20,,,,,12.0
CA-0430,3200.0,120.0,Turf,0,0,16,34,,,,,152.0
CA-0443,2750.0,40.0,,0,0,03,21,,,,,26.0
CA-0444,2480.0,75.0,TURF,0,0,12,30,,,,,299.0
CA-0452,2000.0,,TURF,0,0,09,27,,,,,
CA-0454,2000.0,22.0,ASP,0,0,08,26,,,,,
CA-0457,1200.0,20.0,Gravel,0,0,05,23,,,,,
CA-0457,800.0,20.0,Gravel,0,0,14,32,,,,,
CA-0464,4000.0,25.0,asphalt/gravel,0,0,18,36,,,,,
CA-0497,3187.0,150.0,ASP,0,0,03,21,,,,,
CA-0497,2998.0,150.0,ASP,0,0,09,27,,,,,
CA-0497,3076.0,150.0,GVL,0,0,15,33,,,,,
CA-0504,6505.0,148.0,GVL,1,0,12,30,,,,,124.0
CA-0506,1700.0,60.0,GRASS,0,0,06,24,,,,,
CA-0508,3000.0,75.0,Grass,0,0,09,27,,,,,
CA-0516,2192.0,80.0,TURF,0,0,13,31,,,,,
CA-0524,1000.0,50.0,"dirt, No winter maint.",0,0,17,35,,,,,
CA-0526,5384.0,80.0,Gravel,0,0,10,28,,,,,
CA-0534,3000.0,70.0,Ice,0,0,36,18,,,,,360.0
CA-0536,1685.0,50.0,Grass,0,0,03,21,,,,,
CA-0537,1800.0,50.0,grass,0,0,35,17,,,,,
CA-0561,2700.0,130.0,TURF,0,0,09,27,,,,,
CA-0564,1753.0,60.0,Turf,0,0,14,32,,,,,
CA-0589,57.0,57.0,GRS,0,0,,,,,,,
CA-0601,2110.0,25.0,ASP,0,1,08,26,45.29140090942383,-75.31279754638672,45.29359817504883,-75.3053970336914,67.0
CA-0682,2100.0,50.0,TURF,0,0,12,30,,,,,
CA-0683,2000.0,75.0,WATER,0,0,09,27,,,,,
CA-0684,2000.0,75.0,TURF,0,0,07,25,,,,,
CA-0684,2000.0,75.0,WATER,0,0,08,26,,,,,
CA-0684,2000.0,75.0,TURF,0,0,15,33,,,,,
CA-0750,2000.0,50.0,grass. 26 end has power lines 20ft from threshold. approx 50 ft,1,0,08,26,,,,,
CA-0772,3238.0,75.0,turf,0,0,16,34,,,,,
CA-0784,3144.0,90.0,GRS,0,0,15,33,,,,,
CA-0874,3500.0,50.0,Gravel,0,0,01,19,,,,,12.0
CA-0903,3501.0,98.0,GVL,0,0,04,22,,,,,
CA-0926,3261.0,30.0,GVL,0,0,04,22,,,,,
CA-0927,1000.0,50.0,GRS,0,0,04,22,,,,,
CA-0976,91.0,91.0,GVL,0,0,H,,,,,,
CA-0983,20.0,20.0,Wood,0,0,,,,,,,
CA-0984,64.0,64.0,ASP,0,0,,,,,,,
CA-1001,2900.0,50.0,TURF,0,0,06,24,,,,,
CA-1003,2700.0,75.0,TURF,0,0,14,32,,,,,
CA-1004,2700.0,40.0,ASPHALT,0,0,11,29,,,,,
CA-1006,1800.0,60.0,GRAVEL,0,0,08,26,,,,,
CA-1008,2300.0,50.0,GRAVEL,0,0,11,29,,,,,
CA-1009,2000.0,75.0,GRAVEL,0,0,12,30,,,,,
CA-1010,5000.0,40.0,GRAVEL,0,0,01,19,,,,,
CA-1011,2300.0,50.0,GRAVEL,0,0,04,22,,,,,
CA-1014,2500.0,50.0,TURF,0,0,09,27,,,,,
CA-1015,1800.0,150.0,GRASS,0,0,17,35,,,,,
CA-1018,3080.0,60.0,ASP,0,0,05,23,45.35079956054688,-79.15499877929688,45.35749816894531,-79.14779663085938,36.6
CA-1019,2400.0,30.0,ASP,0,0,05,23,,,,,38.7
CA-1019,3500.0,60.0,ASP,0,0,09,27,42.87139892578125,-79.60230255126953,42.87310028076172,-79.58940124511719,80.0
CA-1022,4129.0,75.0,LOOSE GRAVEL,0,0,07,25,,,,,
CA-1023,2950.0,75.0,ASPHALT,1,0,10,28,,,,,
CA-1024,1400.0,75.0,TURF,0,0,07,25,,,,,
CA-1024,2800.0,100.0,TURF,0,0,13,31,,,,,
CA-1027,4500.0,100.0,GRAVEL,0,0,13,31,,,,,
CA-1029,5000.0,100.0,ASP,1,0,08,26,53.91859817504883,-118.88600158691406,53.91529846191406,-118.86299896240234,104.0
CA-1030,2200.0,100.0,GRAVEL,0,0,11,29,,,,,
CA-1032,2460.0,100.0,DIRT,0,0,16,34,,,,,
CA-1033,2500.0,60.0,TURF,0,0,16,34,,,,,
CA-1034,2800.0,100.0,TURF/OIL PACKE,0,0,18,36,,,,,
CA-1035,2000.0,100.0,TURF,0,0,06,24,,,,,
CA-1036,2300.0,50.0,TURF,0,0,09,27,,,,,
CA-1037,4425.0,75.0,GRAVEL,0,0,12,30,,,,,
CA-1039,4400.0,200.0,TURF,0,0,11,29,,,,,
CA-1043,4300.0,50.0,ASP,1,0,12,30,59.06610107421875,-118.8949966430664,59.05690002441406,-118.88099670410156,143.0
CA-1051,2600.0,75.0,OILED GRAVEL,0,0,08,26,,,,,
CA-1052,4000.0,60.0,EARTH/TURF,0,0,11,29,,,,,
CA-1053,2450.0,,Turf,0,0,08,26,,,,,
CA-1054,2900.0,80.0,GRAVEL/TURF,0,0,14,32,,,,,
CA-1055,1500.0,,GVL,0,0,,,,,,,
CA-1056,2050.0,115.0,CLAY/GRAVEL,0,0,13,31,,,,,
CA-1057,2500.0,150.0,TURF,0,0,02,20,,,,,
CA-1057,2300.0,200.0,TURF,0,0,14,32,,,,,
CA-1059,2600.0,125.0,TURF,0,0,17,35,,,,,
CA-1060,2660.0,65.0,TURF/EARTH,0,0,08,26,,,,,
CA-1061,3077.0,100.0,TURF,0,0,17,35,,,,,
CA-1064,2500.0,100.0,TURF,0,0,13,31,,,,,
CA-1065,2375.0,75.0,TURF,0,0,15,33,,,,,
CA-1066,2425.0,100.0,TURF,0,0,08,26,,,,,
CA-1066,1680.0,100.0,TURF,0,0,17,35,,,,,
CA-1067,2400.0,100.0,TURF,0,0,11,29,,,,,
CA-1068,3300.0,70.0,TURF,0,0,01,19,,,,,
CA-1070,2000.0,100.0,TURF/ASP,0,0,07,25,,,,,
CA-1070,2460.0,80.0,TURF,0,0,16,34,,,,,
CA-1071,86.0,86.0,CON,1,0,PAD,PAD,,,,,70.0
CA-1074,1600.0,40.0,ASP,0,0,04,22,,,,,
CA-1075,2050.0,75.0,TURF,0,0,11,29,,,,,
CA-1076,2800.0,75.0,ASP,0,0,07,25,,,,,
CA-1077,2580.0,150.0,ASP,0,0,05,23,,,,,
CA-1077,2550.0,150.0,ASP,0,0,10,28,,,,,
CA-1077,2520.0,150.0,ASP,0,0,17,35,,,,,
CA-1079,1400.0,50.0,TURF,0,0,04,22,,,,,
CA-1079,1400.0,50.0,TURF,0,0,13,31,,,,,
CA-1079,3200.0,80.0,TURF,0,0,18,36,,,,,
CA-1080,2000.0,125.0,TURF,0,0,09,27,,,,,
CA-1080,2550.0,150.0,TURF,0,0,13,31,,,,,
CA-1082,3150.0,75.0,TURF,0,0,13,31,,,,,
CA-1084,3100.0,60.0,ASP,1,1,08,26,46.31529998779297,-83.53890228271484,46.31779861450195,-83.5271987915039,73.0
CA-1087,1700.0,50.0,TURF,0,0,03,21,,,,,
CA-1088,3000.0,80.0,TURF,0,0,13,31,,,,,
CA-1089,2475.0,200.0,TURF,0,0,15,33,,,,,
CA-1093,2500.0,50.0,GRVL,0,0,08,26,,,,,
CA-1094,2400.0,85.0,GRASS&amp;GRAVEL,0,0,06,24,,,,,
CA-1095,3000.0,75.0,ASP,1,0,11,29,45.71889877319336,-73.60389709472656,45.71810150146485,-73.59190368652344,95.7
CA-1098,2100.0,40.0,TURF,0,0,08,26,,,,,
CA-1099,2000.0,60.0,TURF,0,0,15,33,,,,,
CA-1101,3000.0,75.0,ASP,1,0,07,25,45.34519958496094,-74.08149719238281,45.34980010986328,-74.0718994140625,55.6
CA-1102,1800.0,100.0,GRASS/GRAVEL,0,0,16,34,,,,,
CA-1105,1400.0,60.0,TURF,0,0,05,23,,,,,
CA-1107,1600.0,50.0,GRASS,0,0,04,22,,,,,
CA-1108,2694.0,80.0,ASP,1,0,03,21,43.85749816894531,-79.37083435058594,43.864444732666016,-79.36722564697266,33.0
CA-1108,3897.0,100.0,ASP,1,0,15,33,43.86439895629883,-79.37329864501953,43.85559844970703,-79.36389923095703,142.0
CA-1109,6400.0,150.0,GVL,1,0,11T,29T,72.98359680175781,-84.6427001953125,72.97889709472656,-84.58519744873047,106.0
CA-1110,5870.0,200.0,ASP,1,0,12,30,53.57780075073242,-113.52799987792967,53.56560134887695,-113.51000213623048,138.2
CA-1110,5700.0,200.0,ASP,1,1,16,34,53.58060073852539,-113.51200103759766,53.56439971923828,-113.51200103759766,180.0
CA-1145,,,asp,0,0,08,26,,,,,
CA-1145,,,ASP,0,0,13,31,,,,,
CA-1151,2100.0,75.0,Turf,0,0,14,32,,,,,134.0
CA-1153,2550.0,50.0,TURF,0,1,16,34,,,,,
CA-1155,1958.0,40.0,ASP,1,0,14,32,,,,,
CA-1159,2300.0,,GRS,0,0,17,35,,,,,
CA-1168,2006.0,,Turf,0,0,06,24,,,,,
CA-1176,78.0,78.0,ASP,1,0,H,,,,,,
CA-1201,2000.0,75.0,GRS,0,0,18,36,,,,,184.0
CA-1217,2240.0,75.0,GRS,0,0,17,35,,,,,172.0
CA-1240,1840.0,50.0,Grass,0,0,01,19,46.64,-81.03,46.65,-81.03,1.0
CA-1240,1280.0,50.0,Grass,0,0,10,28,,,,,88.0
CA-1256,2862.0,40.0,Grass,0,0,02,20,,,,,3.0
CA-1261,1126.0,60.0,GRS,0,0,15,33,,,,,
CA-1263,2600.0,79.0,GRS,0,0,09,27,,,,,
CAA2,2870.0,75.0,grass,0,0,03,21,,,,,
CAA8,3000.0,75.0,ASP,0,0,15,33,50.52080154418945,-116.0009994506836,50.51250076293945,-115.9990005493164,170.0
CAD4,4000.0,75.0,ASP,0,0,16,34,49.07210159301758,-117.5999984741211,49.06119918823242,-117.5999984741211,179.0
CAD5,4000.0,73.0,ASP,0,0,03,21,50.11880111694336,-120.75399780273438,50.12480163574219,-120.73999786376952,57.0
CAD9,60.0,50.0,CON,0,0,H,,,,,,
CAF4,4000.0,100.0,TURF,0,0,04,22,,,,,
CAG3,3200.0,50.0,GRAVEL,0,0,18,36,,,,,
CAG4,4000.0,100.0,GRS,0,0,17,35,,,,,
CAH3,1800.0,60.0,ASPHALT,0,0,13,31,,,,,
CAH4,3950.0,75.0,ASP,0,0,14,32,52.85829925537109,-119.33699798583984,52.84809875488281,-119.33100128173828,161.0
CAJ2,2500.0,60.0,gravel,0,0,16,34,,,,,
CAJ3,3945.0,75.0,ASP,1,0,15,33,49.04219818115234,-116.5,49.031700134277344,-116.49700164794922,168.3
CAJ4,2738.0,100.0,GVL,0,1,06,24,52.455299377441406,-125.30699920654295,52.45640182495117,-125.29499816894533,81.5
CAJ4,3930.0,75.0,ASP,0,0,13,31,52.45700073242188,-125.30799865722656,52.448001861572266,-125.2979965209961,146.9
CAJ7,4500.0,50.0,ASP,0,0,07,25,50.44969940185547,-113.76000213623048,50.45029830932617,-113.73999786376952,87.0
CAJ9,4700.0,30.0,GRAVEL,0,0,09,27,,,,,
CAK3,2600.0,75.0,TURF,0,0,07,25,,,,,
CAL2,31.0,31.0,CON,0,0,H1,,,,,,
CAL3,4600.0,40.0,ASP,0,0,08,26,50.16780090332031,-120.19300079345705,50.16559982299805,-120.17400360107422,100.0
CAL4,7549.0,148.0,ASP,0,0,13,31,,,,,
CAM3,1520.0,30.0,ASP,1,0,13,31,,,,,
CAM4,2500.0,60.0,Turf,0,0,09,27,,,,,109.0
CAM5,3900.0,66.0,ASP,0,0,13,31,54.4379997253418,-126.78800201416016,54.4286994934082,-126.77899932861328,150.0
CAN5,2500.0,60.0,GRS,0,0,08,26,,,,,90.0
CAP3,3246.0,75.0,ASPHALT,1,0,12,30,,,,,
CAP6,6000.0,100.0,GRAVEL,0,0,11,29,,,,,
CAQ4,4800.0,75.0,TURF,0,0,15,33,,,,,
CAQ5,3000.0,75.0,ASP,0,0,12,30,50.26940155029297,-117.81700134277344,50.26309967041016,-117.80899810791016,141.0
CAR4,2400.0,75.0,ASPH,0,0,13,31,,,,,
CAR5,1650.0,75.0,TURF,0,0,05,23,,,,,43.0
CAS2,2750.0,40.0,TURF,0,0,06,24,,,,,
CAT1,2000.0,70.0,TURF,0,0,04,22,,,,,
CAT4,3565.0,75.0,ASP,1,0,11,29,49.34030151367188,-124.4000015258789,49.33440017700195,-124.38800048828124,126.8
CAT5,2400.0,36.0,ASPHALT,0,0,06,24,,,,,
CAT5,3600.0,75.0,GRAVEL,0,0,11,29,,,,,
CAU3,3200.0,50.0,ASP,1,0,18,36,49.1775016784668,-119.54900360107422,49.1692008972168,-119.5530014038086,200.0
CAU4,4496.0,180.0,Grass,0,0,03,21,54.035599,-124.018997,54.0462,-124.002998,55.0
CAU4,5018.0,100.0,ASP,0,0,07,25,54.0452995300293,-124.02400207519533,54.04669952392578,-124.0009994506836,84.1
CAU4,3331.0,180.0,Grass,0,0,16,34,54.0453,-124.021004,54.036598,-124.018997,180.0
CAV3,1900.0,46.0,ASPHALT,0,0,08,26,,,,,
CAV4,2700.0,75.0,ASPHALT,0,0,11,29,,,,,
CAV6,1800.0,60.0,Turf,0,0,11,29,,,,,
CAV9,,,GRS,0,0,18,36,,,,,
CAW3,3500.0,60.0,ASPHALT,0,0,03,21,,,,,
CAX5,3200.0,65.0,GRAVEL,0,0,08,26,,,,,
CAY5,2723.0,90.0,turf,0,0,18,36,,,,,
CAZ5,3280.0,75.0,ASP,0,0,15,33,50.78779983520508,-121.31800079345705,50.778900146484375,-121.31600189208984,171.0
CBA8,2461.0,50.0,GRAVEL,0,0,07,25,,,,,
CBA9,5600.0,60.0,GRAVEL,0,0,02,20,,,,,
CBB9,2800.0,50.0,GRAVEL,0,0,12,30,,,,,
CBBC,3700.0,75.0,ASP,0,0,13,31,52.18939971923828,-128.16099548339844,52.18059921264648,-128.1529998779297,151.0
CBE2,3000.0,100.0,TURF,0,0,03,21,,,,,
CBF2,2400.0,60.0,TURF,0,0,03,21,,,,,
CBF3,2100.0,100.0,GRS,0,0,18,36,,,,,
CBF9,2900.0,150.0,TURF,0,0,16,34,,,,,
CBG2,2575.0,40.0,TURF,0,0,18,36,,,,,
CBH2,4520.0,100.0,DIRT,0,0,12,30,,,,,
CBH5,3600.0,100.0,GRS,0,0,18,36,,,,,
CBJ4,3412.0,60.0,ASP,0,0,07,25,51.24169921875,-122.0019989013672,51.24160003662109,-121.98699951171876,90.2
CBK6,2700.0,150.0,TURF,0,0,07,25,,,,,
CBK7,3000.0,80.0,GRAVEL,0,0,07,25,,,,,
CBL3,4000.0,50.0,TURF,0,0,12,30,,,,,
CBL6,2600.0,100.0,TURF,0,0,16,34,,,,,
CBL9,4000.0,45.0,TURF,0,0,18,36,,,,,
CBM6,3500.0,125.0,TURF,0,0,08,26,,,,,
CBN7,2135.0,100.0,TURF,0,0,11,29,,,,,
CBN9,4500.0,50.0,GRAVEL,0,0,12,30,,,,,
CBQ2,1800.0,100.0,paved,0,0,08,26,,,,,
CBQ8,3350.0,200.0,ASP,0,0,02,20,55.06340026855469,-128.23899841308594,55.06999969482422,-128.22799682617188,44.0
CBR2,3700.0,60.0,ASP,0,0,07,25,49.90349960327149,-116.94300079345705,49.90370178222656,-116.927001953125,89.0
CBR3,4500.0,50.0,GVL,0,0,17,35,,,,,180.0
CBS2,1490.0,59.0,Turf/Grass,0,0,03,21,49.29388427734375,-103.02059173583984,49.29731369018555,-103.01717376708984,
CBS2,3058.0,69.0,Turf/Grass,0,0,12,30,49.29667282104492,-103.02572631835938,49.29122543334961,-103.01595306396484,
CBS4,2460.0,65.0,GRVL,0,0,16,34,,,,,
CBS7,1900.0,45.0,TURF,0,0,08,26,,,,,
CBS8,3952.0,75.0,ASP,0,0,12,30,49.32590103149414,-124.93699645996094,49.31819915771485,-124.9250030517578,135.3
CBT3,2200.0,75.0,TURF,0,0,02,20,,,,,
CBU2,3600.0,50.0,GRAVEL,0,0,09,27,,,,,
CBW2,3000.0,75.0,GRAVEL,0,0,17,35,,,,,
CBW3,5000.0,40.0,GRAVEL,0,0,13,31,,,,,
CBW4,4200.0,150.0,GRAVEL,0,0,14,32,,,,,
CBX7,4000.0,100.0,ASP,1,0,01,19,55.02080154418945,-120.94100189208984,55.02999877929688,-120.93099975585938,33.0
CBZ9,3900.0,75.0,ASP,0,0,08,26,54.01459884643555,-124.7770004272461,54.01210021972656,-124.76000213623048,103.7
CCA3,2400.0,100.0,TURF,0,0,08,26,,,,,
CCA3,3600.0,100.0,TURF,0,0,14,32,,,,,
CCA5,3500.0,35.0,GVL,0,0,09,27,,,,,
CCA6,2200.0,75.0,GRAVEL,0,0,14,32,,,,,
CCC2,2999.0,75.0,ASP,1,0,15,33,47.13970184326172,-55.33390045166016,47.13470077514648,-55.32440185546875,127.8
CCD2,2800.0,75.0,ASPHALT,0,0,10,28,,,,,
CCD3,3000.0,75.0,TURF/CHIPSEAL,0,0,13,31,,,,,
CCD4,2500.0,75.0,GRAVEL,0,0,06,24,,,,,
CCE3,4021.0,53.0,ASP,0,0,02,20,46.55720138549805,-67.16799926757812,46.56819915771485,-67.1688003540039,357.0
CCE4,2500.0,75.0,GRAVEL,0,0,16,34,,,,,
CCE6,1200.0,60.0,turf,0,0,06,24,,,,,47.0
CCE6,900.0,50.0,turf,0,0,18,36,,,,,164.0
CCE7,86.0,86.0,GRS,0,0,H1,,,,,,
CCF4,2400.0,100.0,GRAVEL/TURF,0,0,15,33,,,,,
CCF9,2400.0,100.0,TURF,0,0,05,23,,,,,
CCG3,3000.0,80.0,SAND/GRAVEL/AS,0,0,05,23,,,,,
CCG4,3000.0,80.0,ASP,0,0,08,26,46.15169906616211,-64.77359771728516,46.15610122680664,-64.76360321044922,58.0
CCH4,2500.0,,UNK,0,0,09,27,,,,,
CCI9,1700.0,75.0,GRAVEL,0,0,15,33,,,,,
CCJ3,4000.0,60.0,TREATED GRAVEL,0,0,02,20,,,,,
CCK3,3000.0,75.0,TURF/GRAVEL/AS,0,0,16,34,,,,,
CCK4,2200.0,75.0,GRAVEL,0,0,05,23,,,,,
CCK5,2191.0,80.0,Turf,0,0,09,27,,,,,
CCL7,1300.0,100.0,GRS,0,0,11,29,,,,,
CCL9,3400.0,75.0,Grass/Gravel,0,0,08,26,,,,,90.0
CCM3,3100.0,60.0,TREATED GRAVEL,0,0,16,34,,,,,
CCM4,2700.0,50.0,ASPHALT,0,0,08,26,,,,,
CCN2,3000.0,75.0,ASP,1,0,06,24,44.71030044555664,-66.80030059814453,44.716400146484375,-66.7925033569336,42.0
CCN4,2600.0,120.0,turf,0,0,09,27,,,,,86.0
CCN4,3300.0,120.0,GRASS,0,0,15,33,,,,,
CCN4,3300.0,120.0,turf,0,0,18,36,,,,,
CCP2,,,UNK,0,0,06,24,,,,,
CCP2,3930.0,75.0,ASP,1,0,07,25,49.05199813842773,-55.45349884033203,49.06019973754883,-55.442501068115234,41.0
CCP4,2500.0,75.0,GRAVEL,0,0,12,30,,,,,
CCQ3,3000.0,150.0,ASP,0,0,05,23,45.41740036010742,-63.46699905395508,45.42470169067383,-63.461700439453125,27.0
CCQ3,5000.0,150.0,ASP,1,0,09,27,45.41386795043945,-63.47056579589844,45.41787338256836,-63.45199966430664,75.5
CCQ3,5000.0,150.0,ASP,0,0,16,34,45.425301,-63.470299,45.415001,-63.4575,139.0
CCR3,5400.0,100.0,ASP,1,0,18,36,46.433101654052734,-67.63179779052734,46.4192008972168,-67.62409973144531,159.0
CCS3,3000.0,75.0,ASP,1,0,14,32,45.20940017700195,-67.25559997558594,45.205299377441406,-67.24530029296875,119.9
CCS4,4022.0,50.0,ASP,0,0,09,27,46.14690017700195,-65.91169738769531,46.150299072265625,-65.89659881591797,72.0
CCS5,2090.0,260.0,TURF,0,0,07,25,,,,,
CCS5,2860.0,235.0,TURF,0,0,11,29,,,,,
CCT2,3400.0,100.0,TURF,0,0,18,36,,,,,
CCU2,1352.0,80.0,GRS,0,0,10,28,,,,,
CCV4,2300.0,75.0,ASPHALT,0,0,08,26,,,,,
CCW3,3500.0,75.0,ASP,1,0,10,28,45.05110168457031,-64.65859985351562,45.05329895019531,-64.64530181884766,77.0
CCW4,2500.0,100.0,GRS,0,0,02,20,45.0973014831543,-63.92219924926758,45.10380172729492,-63.91889953613281,20.0
CCW4,2400.0,100.0,COM,0,0,09,27,45.09939956665039,-63.92499923706055,45.10169982910156,-63.91640090942383,69.9
CCW4,1600.0,150.0,GRS,0,0,15,33,45.104400634765625,-63.923301696777344,45.10169982910156,-63.91859817504883,129.8
CCX3,4000.0,75.0,TREATED GRAVEL,0,0,04,22,,,,,
CCY2,86.0,86.0,CON,0,0,,,,,,,
CCY3,3000.0,60.0,TREATED GRAVEL,0,0,04,22,,,,,
CCZ2,2500.0,75.0,GRAVEL,0,0,11,29,,,,,
CCZ3,3933.0,75.0,ASP,1,0,08,26,48.27149963378906,-53.93040084838867,48.27790069580078,-53.91740036010742,54.0
CCZ4,2500.0,75.0,ASPHALT,0,0,01,19,,,,,
CCZ5,2000.0,40.0,GRAVEL,0,0,05,23,,,,,
CDA4,3000.0,75.0,ASP,1,0,12,30,47.717499,-64.888298,47.715302,-64.876602,105.0
CDA5,3000.0,75.0,ASP,1,0,18,36,47.77750015258789,-59.31499862670898,47.76969909667969,-59.31079864501953,160.2
CDA6,1660.0,50.0,TURF,0,0,11,29,,,,,
CDC3,2000.0,,Turf,0,0,07,25,,,,,
CDC4,3000.0,100.0,GRAVEL/TURF,0,0,11,29,,,,,
CDD3,1800.0,40.0,GRAVEL,0,0,07,25,,,,,
CDD7,86.0,86.0,CON,0,0,H,,,,,,
CDF7,18.0,18.0,GRS,0,0,H1,,,,,,
CDH3,1500.0,70.0,TURF,0,0,16,34,,,,,
CDJ4,3979.0,60.0,ASP,0,0,14,32,46.715599060058594,-66.83550262451172,46.710899353027344,-66.82119750976562,116.0
CDL7,7894.0,246.0,ICE,1,0,17,35,,,,,
CDL8,1800.0,60.0,Turf,0,0,12,30,,,,,
CDM3,1889.0,80.0,GRS,0,0,06,24,,,,,
CDM4,40.0,40.0,CON,0,0,H,,,,,,
CDO2,2400.0,75.0,TURF,0,0,12,30,,,,,
CDT5,5024.0,74.0,ASP,0,0,09,27,46.50740051269531,-64.70330047607422,46.51139831542969,-64.6843032836914,73.1
CDU6,3996.0,50.0,ASP,0,0,11,29,46.55289840698242,-66.10179901123047,46.55199813842773,-66.08599853515625,95.0
CDU8,80.0,80.0,CON,0,0,H1,,,,,,
CDV2,4003.0,47.0,ASP,0,0,05,23,47.7489013671875,-67.4302978515625,47.75820159912109,-67.42169952392578,31.9
CDY3,3000.0,75.0,ASP,1,0,10,28,49.656799,-54.243801,49.6581,-54.231201,81.0
CDY6,1728.0,30.0,Gravel/Asphalt mix,0,0,15,33,,,,,
CEA3,1800.0,50.0,GRS,0,0,04,22,51.70940017700195,-114.11499786376952,51.71189880371094,-114.10800170898438,59.2
CEA3,3650.0,75.0,ASP,1,0,10,28,51.713600158691406,-114.11399841308594,51.708946228027344,-114.09893035888672,116.3
CEA5,3000.0,75.0,ASP,1,0,07,25,52.64690017700195,-111.39099884033205,52.64690017700195,-111.37799835205078,90.0
CEA6,3500.0,75.0,ASP,1,0,05,23,49.160301208496094,-113.24700164794922,49.16469955444336,-113.23400115966795,63.0
CEB5,,,UNK,0,1,03,21,,,,,
CEB5,3506.0,75.0,ASP,1,0,04,22,56.078899,-118.442001,56.0839,-118.427002,59.0
CEB8,2025.0,100.0,TURF,0,0,10,28,,,,,92.0
CEC3,3500.0,100.0,SAND/GRAVEL,0,0,08,26,,,,,
CEC4,4300.0,100.0,ASP,1,0,02,20,53.31439971923828,-117.75900268554688,53.32389831542969,-117.74700164794922,39.0
CED3,2200.0,75.0,SAN,0,0,04,22,,,,,60.6
CED3,3000.0,75.0,ASP,1,0,14,32,51.33810043334961,-110.49400329589844,51.33060073852539,-110.48899841308594,160.6
CED4,2950.0,75.0,ASPHALT,0,0,10,28,,,,,
CED5,3000.0,75.0,ASP,1,0,05,23,49.82469940185547,-112.19100189208984,49.82830047607422,-112.1790008544922,64.0
CED5,2000.0,75.0,ASP,0,0,13,31,49.82939910888672,-112.18599700927734,49.82469940185547,-112.18199920654295,149.0
CED6,2350.0,75.0,GRAVEL,0,0,16,34,,,,,
CED8,1900.0,50.0,turf,0,0,04,22,,,,,42.0
CEE4,3700.0,150.0,TURF,0,0,04,22,,,,,
CEE5,3544.0,100.0,ASP,1,0,07,25,55.961700439453125,-113.8280029296875,55.96189880371094,-113.80999755859376,88.4
CEE6,2900.0,100.0,TURF,0,0,06,24,,,,,
CEE8,2950.0,75.0,ASPHALT,0,0,13,31,,,,,
CEF2,2000.0,60.0,TURF,0,0,05,23,,,,,
CEF3,3000.0,75.0,ASP,1,0,05,23,49.88169860839844,-111.33899688720705,49.8849983215332,-111.3270034790039,66.0
CEF4,2914.0,100.0,GVL,0,1,04,22,51.2578010559082,-113.94000244140624,51.26190185546875,-113.9290008544922,60.3
CEF4,2926.0,100.0,ASP,0,1,10,28,51.26580047607422,-113.94100189208984,51.26190185546875,-113.9290008544922,117.3
CEF4,5000.0,100.0,ASP,1,0,12,30,51.26890182495117,-113.94200134277344,51.2588005065918,-113.927001953125,137.5
CEF4,2918.0,100.0,GVL,0,1,16,34,51.26559829711914,-113.94000244140624,51.2578010559082,-113.94000244140624,179.3
CEG3,3004.0,74.0,ASP,1,0,17,35,52.4925,-113.711998,52.4842,-113.711998,180.0
CEG4,3505.0,75.0,ASP,1,0,17,35,51.5014,-112.749001,51.491901,-112.749001,180.0
CEG5,3000.0,100.0,TURF,0,0,10,28,,,,,
CEG8,4737.0,,UNK,0,0,03,21,,,,,
CEH2,3014.0,300.0,TURF,0,0,07,25,,,,,
CEH2,2230.0,200.0,TURF,0,0,14,32,,,,,
CEH3,3097.0,75.0,ASP,1,0,16,34,52.655799865722656,-113.6060028076172,52.64720153808594,-113.6060028076172,178.9
CEH4,3015.0,150.0,ASP,0,0,10,28,50.82419967651367,-113.83000183105467,50.81999969482422,-113.81900024414062,120.0
CEH4,2931.0,150.0,ASP,0,0,16,34,50.82809829711914,-113.81900024414062,50.81999969482422,-113.81900024414062,179.0
CEH5,3542.0,75.0,ASP,1,0,13,31,56.549999,-115.279999,56.5425,-115.268997,143.0
CEH6,5001.0,75.0,ASP,1,0,12,30,52.34270095825195,-110.28600311279295,52.33340072631836,-110.2689971923828,133.8
CEJ3,3000.0,75.0,ASP,1,0,07,25,52.30970001220703,-112.76100158691406,52.310001373291016,-112.74700164794922,88.0
CEJ4,3100.0,100.0,ASP,1,0,03,21,50.00289916992188,-113.63700103759766,50.00859832763672,-113.6269989013672,48.0
CEJ4,3100.0,100.0,ASP,0,1,09,27,50.002201080322266,-113.63600158691406,49.999698638916016,-113.6240005493164,108.0
CEJ4,3100.0,100.0,ASP,0,1,14,32,50.00830078125,-113.6259994506836,50.0005989074707,-113.6230010986328,165.0
CEJ6,4498.0,75.0,ASP,1,0,08,26,53.893101,-110.782997,53.892799,-110.762001,90.0
CEK6,2952.0,75.0,ASPHALT,0,0,12,30,,,,,132.0
CEL3,2400.0,50.0,Turf / Gravel,0,0,11,29,,,,,
CEL4,1800.0,100.0,GRS,0,0,02,20,51.62919998168945,-111.9010009765625,51.63309860229492,-111.89600372314452,39.0
CEL4,3535.0,75.0,ASP,1,0,12,30,51.63470077514648,-111.91000366210938,51.62810134887695,-111.89900207519533,134.0
CEL4,1418.0,60.0,GRS,0,0,15,33,51.63219833374024,-111.9000015258789,51.62860107421875,-111.89900207519533,169.0
CEL5,3300.0,75.0,ASP,1,0,07,25,55.03219985961914,-117.3040008544922,55.032501220703125,-117.28800201416016,88.0
CEL6,2900.0,75.0,ASPHALT,0,0,12,30,,,,,
CEL8,3930.0,100.0,Gravel,0,0,09,27,,,,,90.0
CEM4,3025.0,100.0,ASP,0,0,04,22,52.079200744628906,-114.03600311279295,52.083099365234375,-114.02400207519533,62.0
CEM4,3025.0,100.0,ASP,0,0,10,28,52.07809829711914,-114.03600311279295,52.07419967651367,-114.02400207519533,118.0
CEM4,3025.0,100.0,ASP,1,0,16,34,52.082801818847656,-114.02300262451172,52.07440185546875,-114.02300262451172,180.0
CEM5,4500.0,100.0,ASP,1,0,10,28,54.674198150634766,-115.4229965209961,54.66719818115234,-115.40599822998048,124.0
CEN2,2950.0,75.0,ASPHALT,0,0,07,25,,,,,
CEN3,3000.0,75.0,ASP,1,0,12,30,51.6992,-113.213997,51.693901,-113.204002,132.0
CEN4,4160.0,75.0,ASP,1,0,07,25,50.533726,-113.847336,50.535107,-113.834641,80.0
CEN4,2726.0,55.0,GVL,0,0,15,33,50.536098,-113.837997,50.528599,-113.834,159.0
CEN5,3000.0,75.0,ASP,1,0,08,26,54.477501,-110.276001,54.477501,-110.262001,90.0
CEN6,2950.0,75.0,ASPHALT,0,0,05,23,,,,,
CEP3,3500.0,100.0,ASP,1,0,07,25,54.09999847412109,-114.44100189208984,54.09999847412109,-114.4250030517578,90.0
CEP5,4500.0,100.0,GRAVEL,0,0,13,31,,,,,
CEP6,2952.0,75.0,ASPHALT,0,0,06,24,,,,,
CEQ3,4512.0,100.0,ASP,1,0,14,32,53.0425,-112.817001,53.031399,-112.807999,154.0
CEQ4,4363.0,65.0,TURF,0,0,07,25,,,,,
CER2,3000.0,75.0,ASP,1,0,13,31,52.22029876708984,-111.93699645996094,52.21310043334961,-111.93000030517578,148.0
CER3,5066.0,75.0,ASP,1,0,14,32,53.27099990844727,-114.96299743652344,53.25790023803711,-114.95500183105467,161.0
CER4,5437.0,100.0,TREATED GRAVEL,1,0,11,29,,,,,
CES2,3000.0,75.0,Turf,0,0,02,20,,,,,
CES3,3200.0,75.0,GRAVEL,0,1,08,26,,,,,
CES3,86.0,86.0,GRAVEL,0,0,PAD,PAD,,,,,
CES4,3000.0,75.0,ASP,1,0,10,28,54.14419937133789,-113.74700164794922,54.14030075073242,-113.73500061035156,118.0
CET2,5251.0,98.0,CLAY,0,0,09,27,,,,,115.0
CET4,3000.0,100.0,Gravel/Snow,0,0,13,31,,,,,153.0
CET9,2512.0,59.0,GVL,1,0,11,29,61.5186,-120.622002,61.514702,-120.611,129.0
CEU2,3000.0,75.0,ASP,1,0,07,25,55.184200286865234,-119.45500183105467,55.184200286865234,-119.44000244140624,90.0
CEV2,3200.0,100.0,TURF,0,0,12,30,,,,,
CEV3,4000.0,100.0,ASP,1,0,13,31,53.51890182495117,-112.03199768066406,53.50970077514648,-112.02200317382812,147.7
CEV5,2950.0,75.0,ASPHALT,0,0,12,30,,,,,
CEV7,3000.0,75.0,ASP,1,0,10,28,53.37300109863281,-112.7030029296875,53.36920166015625,-112.69100189208984,117.0
CEW3,3500.0,100.0,ASP,1,0,08,26,53.99359893798828,-111.38800048828124,53.992801666259766,-111.37200164794922,95.0
CEW5,2953.0,75.0,ASPHALT,0,0,05,23,,,,,
CEX3,3876.0,100.0,ASP,1,0,12,30,52.969200134277344,-113.41899871826172,52.96189880371094,-113.40599822998048,134.0
CEX9,4000.0,75.0,TURF,0,0,16,34,,,,,
CEY3,3000.0,75.0,ASP,1,0,06,24,49.69889831542969,-113.4229965209961,49.70109939575195,-113.41100311279295,74.0
CEZ3,2950.0,75.0,ASP,1,0,10,28,,,,,
CEZ4,3000.0,100.0,ASP,1,0,08,26,58.40439987182617,-115.95899963378906,58.40359878540039,-115.94300079345705,96.0
CFA2,85.0,85.0,CON,0,0,H1,,,,,,
CFA5,2400.0,100.0,TURF,0,0,03,21,,,,,
CFB3,2600.0,100.0,TURF,0,0,02,20,,,,,
CFB3,2800.0,100.0,TURF,0,0,11,29,,,,,
CFB4,3000.0,75.0,TURF,0,0,04,22,,,,,
CFB5,2000.0,100.0,TURF,0,0,07,25,,,,,
CFB6,4560.0,100.0,ASP,1,0,08,26,53.72809982299805,-113.09300231933594,53.72639846801758,-113.0790023803711,102.0
CFB7,5000.0,100.0,TURF,0,0,17,35,,,,,
CFC6,2500.0,45.0,TURF,0,0,13,31,,,,,
CFC7,2950.0,75.0,TURF,0,0,14,32,,,,,
CFD4,3000.0,75.0,ASP,1,0,05,23,49.48139953613281,-111.5,49.48469924926758,-111.48899841308594,66.0
CFD5,2940.0,75.0,Turf / Snow,0,0,07,25,,,,,
CFF2,2400.0,100.0,GRAVEL,0,0,09,27,,,,,
CFF3,2400.0,100.0,TURF,0,0,13,31,,,,,
CFF7,3406.0,120.0,GRS,0,1,03,21,52.82609939575195,-110.90699768066406,52.83190155029297,-110.8949966430664,51.0
CFF7,5036.0,120.0,GRS,0,0,11,29,52.837501525878906,-110.90899658203124,52.829200744628906,-110.89099884033205,128.0
CFF9,2000.0,60.0,TURF,0,0,16,34,,,,,
CFG3,3000.0,75.0,ASP,1,0,13,31,52.020301818847656,-110.75299835205078,52.01309967041016,-110.74700164794922,150.0
CFG4,2950.0,75.0,TURF,0,0,07,25,,,,,
CFG5,3360.0,90.0,TURF,0,0,06,24,,,,,
CFG6,6890.0,148.0,Asphalt,1,0,16,34,,,,,
CFH2,100.0,100.0,Asphalt,0,0,H1,,51.964601,-121.812201,,,
CFH4,4885.0,75.0,ASP,0,0,15,33,45.8739013671875,-63.46889877319336,45.8661003112793,-63.453399658203125,126.0
CFH8,2400.0,90.0,TURF,0,0,07,25,,,,,
CFK2,2950.0,75.0,TURF,0,0,10,28,,,,,
CFK4,2950.0,78.0,TURF,0,0,10,28,,,,,
CFK6,3700.0,200.0,TURF,0,0,01,19,,,,,
CFK6,4400.0,300.0,TURF,0,0,14,32,,,,,
CFL2,3500.0,75.0,ASP,0,0,02,20,50.6786003112793,-110.0459976196289,50.6864013671875,-110.03700256347656,36.0
CFL9,2500.0,75.0,TURF,0,0,07,25,,,,,
CFM2,2700.0,75.0,TURF,0,0,08,26,,,,,
CFM4,2953.0,75.0,ASPHALT,0,0,07,25,,,,,
CFM6,2400.0,150.0,TURF,0,0,11,29,,,,,
CFM7,3000.0,75.0,TURF,0,0,08,26,,,,,
CFN5,4400.0,100.0,ASP,1,0,07,25,,,,,
CFN7,2439.0,75.0,Grass,0,0,06,24,51.775299,-114.682999,51.776901,-114.675003,72.0
CFN7,4285.0,75.0,ASP,1,0,15,33,51.78030014038086,-114.68146514892578,51.76900100708008,-114.6760025024414,157.0
CFP5,2200.0,70.0,TURF,0,0,16,34,,,,,
CFP7,7349.0,82.0,ASP,1,0,12,30,52.83610153198242,-111.11299896240234,52.82500076293945,-111.08899688720705,127.6
CFQ4,4000.0,100.0,TURF,0,0,07,25,,,,,
CFQ7,3000.0,50.0,TURF,0,0,09,27,,,,,
CFR2,2700.0,50.0,TURF,0,0,16,34,,,,,
CFR7,2868.0,,UNK,0,0,07,25,,,,,
CFS4,2500.0,,GVL,0,0,02,20,,,,,
CFS5,3000.0,75.0,ASP,1,0,06,24,55.78329849243164,-118.84700012207033,55.783599853515625,-118.83200073242188,88.0
CFS6,5900.0,100.0,ASP,0,0,13,31,57.14910125732422,-115.08200073242188,57.13479995727539,-115.06900024414062,153.0
CFS7,2917.0,,UNK,0,0,08,26,,,,,
CFS8,3300.0,75.0,TURF,0,0,04,22,,,,,
CFT2,2700.0,55.0,TURF,0,0,07,25,,,,,
CFT5,3760.0,,UNK,0,0,14,32,,,,,
CFT8,3872.0,75.0,ASP,1,0,07,25,56.1609001159668,-113.48300170898438,56.16080093383789,-113.46399688720705,90.6
CFU3,2600.0,450.0,TURF,0,0,10,28,,,,,
CFU4,3000.0,75.0,TURF,0,0,07,25,,,,,
CFU8,3100.0,65.0,OILED GRAVEL/T,0,0,10,28,,,,,
CFV2,2950.0,75.0,ASPHALT,0,0,16,34,,,,,
CFV3,3600.0,75.0,TURF,0,0,10,28,,,,,
CFV6,4000.0,100.0,TURF/SOIL,0,0,10,28,,,,,
CFV7,30.0,30.0,CON,0,0,H1,,,,,,
CFV8,86.0,86.0,CON,0,0,H1,,,,,,
CFW2,2200.0,50.0,GRS,0,0,15,33,,,,,139.0
CFW4,2400.0,75.0,TURF,0,0,16,34,,,,,
CFX2,3025.0,50.0,ASP,1,0,16,34,50.73939895629883,-113.93399810791016,50.731201171875,-113.93299865722656,178.0
CFX3,3000.0,50.0,TURF,0,0,10,28,,,,,
CFX4,5577.0,100.0,ASP,1,0,07,25,56.950801849365234,-117.65799713134766,56.950801849365234,-117.62999725341795,90.0
CFX5,4902.0,98.0,Gravel,0,0,06,24,,,,,58.0
CFX6,2100.0,135.0,TURF,0,0,05,23,,,,,
CFX6,2950.0,75.0,ASPHALT,0,0,16,34,,,,,
CFX8,1057.0,38.0,TURF,0,0,08,26,,,,,
CFX8,2029.0,55.0,TURF,0,0,16,34,,,,,
CFY2,3000.0,75.0,SAND,0,0,13,31,,,,,
CFY4,1930.0,75.0,TURF,0,0,09,27,,,,,
CFY4,2450.0,75.0,TURF,0,0,16,34,,,,,
CFY6,3825.0,75.0,OILED GRAVEL,0,0,06,24,,,,,
CFZ3,1700.0,65.0,TURF,0,0,06,24,,,,,
CFZ5,2000.0,60.0,TURF,0,0,16,34,,,,,
CGB2,1400.0,65.0,TURF,0,0,07,25,,,,,
CGB2,2700.0,100.0,TURF,0,0,16,34,,,,,
CGL2,3000.0,100.0,TURF,0,0,01,19,,,,,
CGR3,5240.0,150.0,ICE,0,0,15,33,,,,,
CGR7,3000.0,60.0,Gravel/Asphalt,0,0,12,30,,,,,
CGR8,130.0,130.0,ASP,0,0,H,,,,,,
CGS2,2999.0,98.0,Gravel,0,0,14,32,,,,,
CGS2,6564.0,260.0,ICE,0,0,16,34,,,,,
CGV2,1885.0,70.0,Turf,0,0,08,26,,,,,74.0
CGV2,2108.0,70.0,Turf,0,0,18,36,,,,,168.0
CGV6,2200.0,75.0,Turf,0,0,05,23,,,,,39.0
CGV6,1900.0,75.0,Turf,0,0,13,31,,,,,120.0
CHC5,5354.0,200.0,ICE,1,0,14,32,,,,,
CHD4,2300.0,60.0,turf,0,0,08,26,,,,,77.0
CHF2,2800.0,90.0,TURF,0,0,07,25,,,,,58.0
CHG2,2000.0,100.0,TURF,0,0,09,27,,,,,
CHL2,3070.0,75.0,GRASS,0,0,11,29,45.144094,-64.426737,45.144234,-64.420277,
CHL2,2100.0,75.0,GRASS,0,0,18,36,45.145764,-64.427869,45.139864,-64.425057,
CJA3,3937.0,75.0,ASP,1,0,10,28,49.211700439453125,-98.06690216064452,49.20859909057617,-98.05110168457033,106.4
CJA3,2300.0,100.0,GRS,0,0,17,35,49.21670150756836,-98.06500244140624,49.21060180664063,-98.064697265625,178.3
CJA5,3665.0,75.0,GRVL,0,0,03,21,,,,,
CJB2,2300.0,130.0,TURF,0,0,17,35,,,,,
CJB3,3000.0,75.0,ASP,1,0,14,32,49.55279922485352,-96.68219757080078,49.54579925537109,-96.67610168457033,150.0
CJB5,1525.0,40.0,TURF/GRAVEL,0,0,01,19,,,,,
CJB5,2700.0,80.0,GRAVEL/CLAY,0,0,08,26,,,,,
CJB6,2500.0,65.0,GRAVEL/SAND,0,0,16,34,,,,,
CJB8,3000.0,75.0,ASP,1,0,08,26,50.83340072631836,-108.07599639892578,50.83330154418945,-108.06400299072266,91.0
CJC2,2100.0,60.0,TURF,0,0,08,26,,,,,
CJC2,1900.0,35.0,TURF,0,0,17,35,,,,,
CJC3,3400.0,65.0,TURF,0,0,13,31,,,,,
CJC4,2400.0,75.0,TURF,0,0,15,33,,,,,
CJC5,3340.0,40.0,GRE,0,0,02,20,49.65530014038086,-108.40799713134766,49.66239929199219,-108.4010009765625,30.3
CJC5,3000.0,75.0,ASP,1,0,12,30,49.66080093383789,-108.41100311279295,49.65499877929688,-108.4020004272461,134.0
CJC6,3650.0,120.0,TURF,0,0,07,25,,,,,
CJC8,2220.0,70.0,GRAVEL,0,0,17,35,,,,,
CJD3,2660.0,75.0,ASPHALT,0,0,09,27,,,,,
CJD3,1800.0,75.0,TURF,0,0,17,35,,,,,
CJD5,3000.0,75.0,ASP,1,0,09,27,50.87850189208984,-109.50700378417967,50.8759994506836,-109.49400329589844,108.0
CJE2,3000.0,100.0,TURF,0,0,11,29,,,,,
CJE3,3000.0,75.0,ASP,0,0,06,24,49.69889831542969,-103.80599975585938,49.70140075683594,-103.79399871826172,72.3
CJE3,4000.0,75.0,ASP,1,0,12,30,49.70100021362305,-103.80799865722656,49.69359970092773,-103.79499816894533,132.4
CJE4,3510.0,75.0,GRAVEL,0,0,03,21,,,,,
CJE5,2600.0,180.0,TURF,0,0,16,34,,,,,
CJE7,2500.0,90.0,TURF,0,0,14,32,,,,,
CJE9,54.0,54.0,Wood Hexagon,0,0,H1,,,,,,
CJF3,3908.0,75.0,Asphalt,0,0,15,33,,,,,158.0
CJF4,1350.0,,Turf,0,0,08,26,,,,,
CJF4,3150.0,,Turf,0,0,16,34,,,,,
CJF8,2500.0,75.0,ASPHALT,0,0,09,27,,,,,
CJG2,2500.0,60.0,TURF,0,0,08,26,,,,,
CJH2,2525.0,90.0,TURF,0,0,08,26,,,,,
CJH3,2732.0,130.0,TURF,0,0,12,30,,,,,
CJH4,2930.0,70.0,TURF,0,0,09,27,,,,,
CJH8,2140.0,70.0,TURF,0,0,08,26,,,,,
CJJ2,2650.0,100.0,TURF,0,0,17,35,,,,,
CJJ4,3980.0,75.0,ASP,1,0,08,26,49.15079879760742,-100.50700378417967,49.15079879760742,-100.48999786376952,90.0
CJJ4,2218.0,100.0,GRS,1,0,17,35,49.15719985961914,-100.4990005493164,49.151100158691406,-100.4990005493164,178.0
CJJ5,2400.0,75.0,CLAY,0,0,16,34,,,,,
CJJ8,3000.0,75.0,ASP,1,0,11,29,52.345001220703125,-109.92400360107422,52.340599060058594,-109.91300201416016,123.0
CJK2,3600.0,60.0,SAND/GRAVEL,0,0,12,30,,,,,
CJK3,3150.0,75.0,GRAVEL,0,0,09,27,,,,,
CJK3,,,UNK,0,0,10,28,,,,,
CJK4,3000.0,75.0,ASP,1,0,08,26,50.64250183105469,-102.11199951171876,50.642799377441406,-102.0989990234375,88.0
CJK5,2175.0,30.0,TREATED GRAVEL,0,0,03,21,,,,,
CJK5,2650.0,40.0,TREATED GRAVEL,0,0,17,35,,,,,
CJK9,2525.0,150.0,TURF,0,0,07,25,,,,,
CJL2,6000.0,100.0,SAND/CLAY/GRAV,0,0,07,25,,,,,
CJL4,3000.0,75.0,TREATED GRAVEL,0,0,11,29,,,,,
CJL5,3000.0,180.0,TURF,0,0,09,27,,,,,
CJL5,2500.0,200.0,TURF,0,0,17,35,,,,,
CJL6,2000.0,80.0,GRS,0,0,08,26,49.09529876708984,-97.54329681396484,49.09529876708984,-97.53500366210938,90.0
CJL6,3248.0,75.0,ASP,1,0,17,35,49.09859848022461,-97.53389739990234,49.08969879150391,-97.53389739990234,180.0
CJL8,6150.0,,UNK,0,0,02,20,,,,,
CJL9,2625.0,90.0,TURF,0,0,07,25,,,,,
CJM2,2550.0,100.0,TURF,0,0,11,29,,,,,
CJM4,2500.0,75.0,ASPHALT,0,0,17,35,,,,,
CJM5,3625.0,60.0,ASP,1,0,07,25,49.16659927368164,-108.5739974975586,49.16680145263672,-108.55899810791016,89.0
CJM6,2400.0,100.0,TURF,0,0,17,35,,,,,
CJN2,2500.0,75.0,ASPHALT,0,0,16,34,,,,,
CJN4,2950.0,150.0,ASPHALT,0,0,08,26,,,,,
CJN4,2850.0,150.0,ASPHALT,0,0,13,31,,,,,
CJN7,2625.0,60.0,CLAY/GRAVEL/TU,0,0,10,28,,,,,
CJP2,2550.0,125.0,TURF,0,0,11,29,,,,,
CJP2,1600.0,120.0,TURF,0,0,17,35,,,,,
CJP6,2870.0,65.0,GRAVEL,0,0,06,24,,,,,
CJP7,4250.0,100.0,TURF/GRAVEL,0,0,07,25,,,,,
CJP9,3320.0,88.0,CLAY/GRAVEL,0,0,04,22,,,,,
CJQ2,3000.0,65.0,TURF/ASPHALT,0,0,11,29,,,,,
CJQ3,3150.0,75.0,ASP,1,0,10,28,49.645599365234375,-102.29199981689452,49.64239883422852,-102.27999877929688,112.0
CJQ4,3078.0,75.0,ASP,1,0,06,24,49.894402,-109.481003,49.8969,-109.469002,73.0
CJQ4,1565.0,75.0,GRE,0,0,17,35,49.897499084472656,-109.4749984741211,49.89310073852539,-109.47599792480467,185.0
CJQ6,3700.0,120.0,GVL,0,0,03,21,81.40489959716797,-76.8958969116211,81.41400146484375,-76.86740112304688,25.0
CJQ8,3522.0,,GVL,0,0,13,31,,,,,
CJQ8,2615.0,,Turf,0,0,14,32,,,,,
CJQ9,3450.0,80.0,CLAY/SAND,0,0,17,35,,,,,
CJR2,3000.0,75.0,ASP,1,0,11,29,52.0718994140625,-109.37999725341795,52.067501068115234,-109.36799621582033,122.0
CJR3,3270.0,50.0,GRAVEL,1,0,08,26,,,,,
CJR3,2798.0,65.0,GRAVEL,0,0,17,35,,,,,
CJR4,3000.0,75.0,ASP,1,0,11,29,51.14640045166016,-108.76799774169922,51.14189910888672,-108.75700378417967,122.0
CJR4,1950.0,50.0,GVL,0,0,16,34,51.14670181274414,-108.76799774169922,51.14139938354492,-108.76699829101562,180.4
CJR5,2050.0,75.0,TURF/SNOW,0,0,08,26,,,,,
CJR5,2695.0,95.0,ASPHALT/TURF,0,0,18,36,,,,,
CJR7,3400.0,150.0,TURF,0,0,17,35,,,,,
CJR8,2600.0,50.0,TURF,0,0,17,35,,,,,
CJR9,3050.0,65.0,TURF,0,0,08,26,,,,,
CJS2,4625.0,50.0,GRAVEL/CLAY/SA,0,0,18,36,,,,,
CJS3,5280.0,120.0,GRAVEL,0,0,16,34,,,,,
CJS4,4000.0,75.0,ASPH,0,0,13,31,50.437561,-105.392151,50.429806,-105.380028,135.0
CJS5,3200.0,75.0,PACKED GRAVEL,0,0,12,30,,,,,
CJS7,1960.0,125.0,TURF,0,0,08,26,,,,,
CJT2,2575.0,110.0,GRAVEL,0,0,03,21,,,,,
CJT3,3950.0,110.0,CRUSHED ROCK,0,0,03,21,,,,,
CJT4,2950.0,85.0,TREATED GRAVEL,0,0,10,28,,,,,
CJT5,2000.0,40.0,TURF,0,0,08,26,,,,,
CJT5,2250.0,65.0,TURF,0,0,17,35,,,,,
CJT8,3000.0,70.0,TURF,0,0,08,26,,,,,
CJT9,2400.0,50.0,GRAVEL,0,0,12,30,,,,,
CJT9,3400.0,75.0,TREATED GRAVEL,0,0,16,34,,,,,
CJU3,2400.0,60.0,GRAVEL/TURF,0,0,16,34,,,,,
CJU4,2500.0,75.0,ASPHALT,0,0,10,28,,,,,
CJU4,1840.0,75.0,TURF,0,0,17,35,,,,,
CJU5,2750.0,75.0,TURF/SNOW,0,0,10,28,,,,,
CJU6,2500.0,45.0,TURF,0,0,08,26,,,,,
CJU6,3250.0,100.0,TURF,0,0,17,35,,,,,
CJU7,2540.0,60.0,TURF,0,0,12,30,,,,,
CJV2,2600.0,75.0,GRAVEL/TURF,0,0,16,34,,,,,
CJV4,2500.0,75.0,GRAVEL/CLAY,0,0,18,36,,,,,
CJV5,3510.0,75.0,ASP,1,0,04,22,50.22969818115234,-99.5164031982422,50.235801696777344,-99.50469970703124,50.8
CJV7,3500.0,100.0,GRVL,0,0,17,35,,,,,
CJV8,3119.0,75.0,GRAVEL,0,0,13,31,53.175602,-99.328018,53.169563,-99.317963,
CJV9,2165.0,75.0,ASPHALT,0,0,02,20,,,,,
CJV9,2600.0,75.0,ASPHALT,0,0,10,28,,,,,
CJW2,2650.0,75.0,TURF/CLAY,0,0,09,27,,,,,
CJW3,2400.0,200.0,TURF,0,0,10,28,,,,,
CJW4,,,UNK,0,0,01,19,,,,,
CJW4,2850.0,75.0,GRAVEL,0,0,18,36,,,,,
CJW5,1900.0,75.0,GRS,0,0,14,32,50.770599365234375,-101.2959976196289,50.7661018371582,-101.29199981689452,148.0
CJW5,3400.0,75.0,ASP,1,0,17,35,50.77050018310547,-101.2959976196289,50.76119995117188,-101.29399871826172,174.4
CJW7,5100.0,100.0,GRAVEL/SAND,0,0,17,35,,,,,
CJX4,2529.0,75.0,ASPHALT,0,0,08,26,,,,,90.0
CJX5,2200.0,80.0,GRS,0,0,08,26,49.62969970703125,-100.20800018310548,49.630001068115234,-100.1969985961914,87.5
CJX5,2900.0,100.0,ASP,1,0,14,32,49.63669967651367,-100.2030029296875,49.62969970703125,-100.1969985961914,149.2
CJY3,2200.0,160.0,GRS,0,0,08,26,52.834999084472656,-104.072998046875,52.834999084472656,-104.06600189208984,90.0
CJY3,3000.0,75.0,ASP,1,0,14,32,52.83969879150391,-104.0709991455078,52.83330154418945,-104.06199645996094,143.0
CJY3,2100.0,200.0,GRS,0,0,17,35,52.84080123901367,-104.072998046875,52.834999084472656,-104.072998046875,180.0
CJY4,3000.0,75.0,TREATED GRAVEL,0,0,05,23,,,,,
CJY5,2950.0,100.0,TURF,0,0,17,35,,,,,
CJZ2,1950.0,75.0,TURF,0,0,09,27,,,,,
CJZ2,2800.0,90.0,TURF,0,0,14,32,,,,,
CJZ2,2050.0,75.0,TURF,0,0,18,36,,,,,
CJZ3,3000.0,75.0,ASP,1,0,08,26,52.86447143554688,-104.7077865600586,52.86445999145508,-104.69408416748048,90.0
CJZ4,2430.0,120.0,TURF,0,0,08,26,,,,,
CKA4,2875.0,90.0,TURF/GRAVEL/CL,0,0,12,30,,,,,
CKA8,3000.0,90.0,TURF/EARTH/GRA,0,0,01,19,,,,,
CKA9,2125.0,90.0,CLAY/GRAVEL,0,0,03,21,,,,,
CKB2,3000.0,75.0,GRAVEL,0,0,14,32,,,,,
CKB6,3600.0,100.0,GRVL,0,0,12,30,,,,,
CKB7,3510.0,75.0,ASP,1,0,13,31,51.23820114135742,-101.39700317382812,51.2307014465332,-101.38800048828124,140.0
CKB8,2575.0,100.0,TURF/SNOW,0,0,14,32,,,,,
CKC6,4400.0,90.0,TURF,0,0,08,26,,,,,
CKC7,2400.0,150.0,TURF,0,0,08,26,,,,,
CKC8,2500.0,100.0,TURF,0,0,08,26,,,,,
CKC9,2600.0,100.0,TURF,0,0,17,35,,,,,
CKD2,2550.0,60.0,TURF,0,0,08,26,,,,,
CKD2,2540.0,90.0,TURF,0,0,17,35,,,,,
CKD5,3001.0,75.0,ASP,1,0,10,28,50.099998,-102.612999,50.097801,-102.599998,104.0
CKD7,3500.0,70.0,TURF,0,0,17,35,,,,,
CKD9,3500.0,100.0,GRVL,0,0,10,28,,,,,
CKE2,2500.0,100.0,TURF,0,0,08,26,,,,,
CKE8,1065.0,60.0,GRE,0,0,02,20,52.44279861450195,-109.18499755859376,52.44499969482422,-109.18199920654295,37.0
CKE8,3000.0,75.0,ASP,1,0,11,29,52.45220184326172,-109.18900299072266,52.4474983215332,-109.1790008544922,126.0
CKF2,2475.0,75.0,TURF,0,0,17,35,,,,,
CKF4,2950.0,100.0,TURF,0,0,07,25,,,,,
CKF6,2350.0,60.0,TURF,0,0,07,25,,,,,
CKF6,2400.0,50.0,TURF,0,0,17,35,,,,,
CKF8,1800.0,75.0,GRASS,0,0,09,27,,,,,
CKF9,3020.0,70.0,CONC/GRVL,0,0,08,26,,,,,
CKG2,3000.0,100.0,TURF/GRAVEL/SN,0,0,17,35,,,,,
CKG5,2570.0,100.0,TURF,0,0,08,26,,,,,
CKG8,2120.0,130.0,TURF/SNOW,0,0,09,27,,,,,
CKH2,3950.0,100.0,ASP,1,0,12,30,50.46780014038086,-101.56400299072266,50.45970153808594,-101.5530014038086,139.0
CKH3,3000.0,100.0,TURF,0,0,13,31,,,,,
CKH7,2500.0,80.0,TURF,0,0,16,34,,,,,
CKH8,3700.0,30.0,TURF,0,0,15,33,,,,,
CKJ2,2050.0,40.0,TURF/GRAVEL,0,0,17,35,,,,,
CKJ4,2700.0,100.0,TURF,0,0,11,29,,,,,
CKJ7,1900.0,125.0,TURF,0,0,08,26,,,,,
CKJ7,3000.0,275.0,TURF,0,0,13,31,,,,,
CKJ7,2550.0,200.0,TURF,0,0,17,35,,,,,
CKJ8,4360.0,90.0,GRAVEL,0,0,09,27,,,,,
CKJ9,2000.0,75.0,TURF,0,0,08,26,,,,,
CKK2,3500.0,75.0,TREATED SAND,0,0,16,34,,,,,
CKK4,2215.0,50.0,TURF,0,0,03,21,,,,,
CKK4,2430.0,75.0,TURF/EARTH,0,0,12,30,,,,,
CKK7,1834.0,100.0,GRASS,0,0,07,25,49.496967,-96.702667,49.498234,-96.695198,75.0
CKK7,3112.0,100.0,ASPH/TURF,0,0,18,36,49.498241,-96.697876,49.489716,-96.697639,179.0
CKL2,3000.0,90.0,GRAVEL,0,0,11,29,,,,,
CKL3,3500.0,100.0,GRVL,0,0,16,34,,,,,
CKL5,3289.0,75.0,ASP,1,0,10,28,50.45859909057617,-100.61499786376952,50.4557991027832,-100.60199737548828,108.0
CKL6,2200.0,40.0,SAND,0,0,02,20,,,,,
CKL9,2565.0,80.0,EARTH,0,0,14,32,,,,,
CKM2,3300.0,115.0,TURF,0,0,06,24,,,,,
CKM4,3150.0,50.0,GRAVEL/SAND,0,0,18,36,,,,,
CKM6,2600.0,75.0,GRAVEL/CLAY,0,0,12,30,,,,,
CKM8,4850.0,100.0,GRVL,0,0,12,30,,,,,
CKN5,2900.0,100.0,TURF,0,0,11,29,,,,,
CKN8,2200.0,50.0,CLAY/SAND,0,0,06,24,,,,,
CKP2,3000.0,50.0,TURF/GRAVEL,0,0,17,35,,,,,
CKQ2,3000.0,200.0,TURF,0,0,02,20,,,,,
CKQ3,3500.0,100.0,GRVL,0,0,13,31,,,,,
CKQ5,3012.0,75.0,ASP,1,0,08,26,50.99420166015625,-107.13800048828124,50.99420166015625,-107.1240005493164,90.0
CKQ6,3000.0,75.0,ASP,1,0,09,27,50.499698638916016,-99.9041976928711,50.4989013671875,-99.89109802246094,96.0
CKQ7,2800.0,75.0,GRVL,0,0,10,28,,,,,
CKQ7,2650.0,75.0,TURF/GRVL,0,0,18,36,,,,,
CKQ8,5280.0,100.0,GRAVEL/SAND/CL,0,0,18,36,,,,,
CKQ9,3950.0,100.0,OILED GRAVEL,0,0,04,22,,,,,
CKR4,2680.0,75.0,TURF,0,0,06,24,,,,,
CKR4,3850.0,84.0,TURF,1,0,12,30,,,,,
CKR7,2665.0,70.0,TURF/SNOW,0,0,08,26,,,,,
CKS3,2500.0,75.0,TURF,0,0,04,22,,,,,
CKS6,1500.0,40.0,TURF,0,0,07,25,,,,,
CKS6,2700.0,55.0,TURF,0,0,11,29,,,,,
CKS7,2500.0,75.0,GRAVEL,0,0,10,28,,,,,
CKS8,3185.0,40.0,CLAY,0,0,18,36,,,,,
CKS9,2400.0,70.0,TURF,0,0,13,31,,,,,
CKT5,2050.0,75.0,TURF,0,0,11,29,,,,,
CKT5,1870.0,75.0,TURF,0,0,17,35,,,,,
CKT7,2700.0,100.0,TURF/TREATED G,0,0,11,29,,,,,
CKU2,2600.0,90.0,TURF,0,0,09,27,,,,,
CKU2,1750.0,65.0,TURF,0,0,17,35,,,,,
CKU4,4000.0,150.0,TURF,0,0,07,25,,,,,
CKU5,2300.0,75.0,TURF,0,0,17,35,,,,,
CKU6,2200.0,100.0,TURF,0,0,08,26,,,,,
CKU7,2600.0,60.0,CLAY/GRAVEL,0,0,07,25,,,,,
CKU7,3300.0,75.0,TURF,0,0,13,31,,,,,
CKU7,2500.0,75.0,TURF,0,0,17,35,,,,,
CKV2,2500.0,,Turf,0,0,17,35,,,,,
CKV6,2450.0,75.0,TURF,0,0,17,35,,,,,
CKV7,2600.0,135.0,TURF/CLAY,0,0,16,34,,,,,
CKW6,1770.0,50.0,TREATED SAND,0,0,04,22,,,,,
CKX4,1600.0,90.0,TURF,0,0,17,35,,,,,
CKX5,2150.0,75.0,TURF,0,0,04,22,,,,,
CKX8,3300.0,65.0,TREATED GRAVEL,0,0,15,33,,,,,
CKY2,2500.0,65.0,TURF,0,0,10,28,,,,,
CKZ3,3800.0,70.0,CLAY,0,0,06,24,,,,,
CKZ6,2950.0,75.0,TURF,0,0,08,26,,,,,
CKZ7,2900.0,75.0,TURF/ASPHALT,0,0,08,26,,,,,
CKZ7,1540.0,75.0,TURF,0,0,17,35,,,,,
CLA4,1960.0,60.0,ASP,0,0,08,26,,,,,
CLA5,2000.0,50.0,turf,0,0,06,24,,,,,
CLA6,2400.0,120.0,TURF,0,0,07,25,,,,,55.0
CLB2,1980.0,75.0,TURF,0,0,07,25,,,,,56.0
CLC2,2000.0,130.0,TURF,1,0,07,25,,,,,
CLG3,3210.0,75.0,GRAVEL,0,0,10,28,,,,,
CLH5,1943.0,98.0,GRASS,0,0,17,35,,,,,
CLH7,20.0,24.0,Wood,0,0,H,,,,,,
CLH8,86.0,86.0,CON,0,0,H,,,,,,
CLM2,3832.0,50.0,ASP,1,0,01,19,42.019798278808594,-82.52570343017578,42.03020095825195,-82.52429962158203,3.0
CLV2,1950.0,50.0,TURF,0,0,16,34,,,,,
CLW3,2200.0,75.0,TURF,0,0,09,27,,,,,80.0
CLW6,2000.0,35.0,GRASS,0,0,11,29,,,,,
CMA2,2000.0,100.0,TURF,0,0,06,24,,,,,53.0
CMB2,4529.0,121.0,GVL,1,0,12,30,,,,,121.0
CMB7,3308.0,60.0,ASP,0,0,16,34,,,,,
CMF2,2000.0,60.0,Turf,1,0,07,25,,,,,92.0
CMF3,2600.0,129.0,TURF,0,0,07,25,,,,,
CML8,2840.0,50.0,ASP,0,0,13,31,45.3131,-73.5716,45.31004,-73.56141,113.0
CMN4,4495.0,100.0,Gravel,0,0,17,35,,,,,169.0
CMN5,4004.0,100.0,Gravel,0,0,10,28,,,,,
CMN6,2336.0,75.0,Turf,0,0,16,34,,,,,160.0
CMW3,1500.0,90.0,Grass,0,0,06,24,,,,,47.0
CMZ2,1100.0,40.0,turf,0,0,05,23,,,,,61.0
CMZ2,1800.0,60.0,turf,0,0,14,32,,,,,151.0
CNA3,2100.0,40.0,COP,1,0,07,25,44.40829849243164,-79.73059844970703,44.411399841308594,-79.72360229492188,58.0
CNA4,2500.0,100.0,TURF,0,0,12,30,,,,,
CNA4,2000.0,100.0,CLAY/TURF,0,0,17,35,,,,,
CNA9,2400.0,75.0,ASP/TURF,1,0,05,23,,,,,47.0
CNA9,1200.0,75.0,TURF,0,0,18,36,,,,,
CNC3,2500.0,75.0,Asphalt,1,0,08,26,43.75809860229492,-79.87940216064453,43.76029968261719,-79.87059783935547,71.0
CNC3,3500.0,75.0,COP,1,0,15,33,43.764198,-79.8778,43.756699,-79.8694,141.0
CNC4,2100.0,40.0,ASP,0,0,05,23,,,,,
CNC4,2500.0,40.0,TURF/ASP,1,0,14,32,,,,,
CND4,2500.0,60.0,ASP,0,0,09,27,,,,,
CNE3,3500.0,100.0,GRVL,0,0,07,25,,,,,
CNE4,2555.0,100.0,GRS,0,0,07,25,48.73889923095703,-80.79640197753906,48.74250030517578,-80.78720092773438,59.2
CNE4,3999.0,100.0,ASP,1,0,14,32,48.742801666259766,-80.80030059814453,48.735801696777344,-80.78720092773438,129.0
CNE4,2930.0,100.0,GRS,0,0,18,36,48.74639892578125,-80.7957992553711,48.73860168457031,-80.79329681396484,168.0
CNE9,1935.0,70.0,TURF,0,0,09,27,,,,,
CNF3,2550.0,100.0,OLD ASP,0,0,08,26,,,,,
CNF3,2650.0,100.0,TURF,0,0,13,31,,,,,
CNF3,2550.0,100.0,OLD ASP,0,0,17,35,,,,,
CNF4,2642.0,75.0,GRS,0,0,03,21,44.359699,-78.780602,44.366901,-78.7789,9.0
CNF4,3500.0,75.0,ASP,1,0,13,31,44.36660003662109,-78.78980255126953,44.362430572509766,-78.77788543701172,119.0
CNF9,4400.0,60.0,GRVL,0,0,15,33,,,,,
CNJ3,2350.0,100.0,ASP,0,0,10,28,,,,,
CNJ4,1900.0,100.0,TURF,0,0,04,22,,,,,
CNJ4,3000.0,150.0,ASP,0,0,12,30,,,,,
CNK4,4901.0,100.0,ASP,1,0,17,35,45.261902,-79.832199,45.251701,-79.826401,158.0
CNK9,30.0,30.0,CON,1,0,16H,34H,,,,,151.0
CNL3,4500.0,90.0,ASP,1,0,04,22,44.63410186767578,-75.75450134277344,44.644798278808594,-75.74579620361328,30.0
CNL3,2207.0,75.0,GRS,0,0,16,34,44.64250183105469,-75.7510986328125,44.63750076293945,-75.74639892578125,146.0
CNL4,3800.0,175.0,TURF,0,0,06,24,,,,,
CNL8,1985.0,60.0,TURF,0,0,16,34,,,,,
CNM2,1800.0,50.0,TURF,0,0,14,32,,,,,
CNM3,86.0,86.0,ASP,1,0,01H,34H,,,,,
CNM5,3520.0,100.0,GRVL/CLAY,0,0,12,30,,,,,
CNN3,2000.0,100.0,TURF,1,0,08,26,,,,,
CNN8,2530.0,100.0,ASP,0,0,06,24,,,,,
CNN8,2530.0,100.0,ASP,0,0,12,30,,,,,
CNN8,2530.0,100.0,ASP,0,0,18,36,,,,,
CNP3,3955.0,75.0,ASP,1,0,10,28,45.40890121459961,-76.372802734375,45.409698486328125,-76.35749816894531,85.6
CNP3,2500.0,50.0,GVL,0,0,16,34,45.41529846191406,-76.36810302734375,45.409400939941406,-76.36280059814453,146.3
CNP6,1800.0,50.0,Turf,0,0,16,34,,,,,
CNP7,2000.0,75.0,TURF/ASP,0,0,05,23,,,,,
CNP8,1800.0,80.0,TURF,0,1,03,21,,,,,
CNP8,2230.0,80.0,TURF,0,0,16,34,,,,,
CNQ3,3493.0,100.0,ASP,1,0,05,23,42.9753,-79.3283,42.9828,-79.319702,40.0
CNQ3,2341.0,60.0,TURF,0,0,11,29,42.977257,-79.328354,42.976154,-79.319733,
CNQ3,2663.0,50.0,ASP,0,0,16,34,42.979698,-79.323898,42.9744,-79.317802,140.0
CNQ4,2348.0,75.0,TURF,0,0,02,20,,,,,5.0
CNQ4,5502.0,100.0,ASP,1,0,08,26,42.92219924926758,-80.75669860839844,42.9275016784668,-80.74359893798828,66.0
CNQ4,2258.0,75.0,TURF,0,0,14,32,42.930301666259766,-80.75,42.92559814453125,-80.74310302734375,131.0
CNR4,3180.0,60.0,ASP,1,0,12,30,45.23469924926758,-81.63919830322266,45.232200622558594,-81.62750244140625,107.3
CNR6,2240.0,95.0,TURF,0,0,17,35,,,,,
CNR9,1850.0,100.0,TURF,0,0,03,21,,,,,
CNS3,86.0,86.0,,1,0,18H,27H,,,,,168.0
CNS4,2020.0,100.0,TURF,0,0,07,25,,,,,
CNT6,2600.0,75.0,ASP/TURF,0,0,10,28,,,,,
CNU4,3280.0,150.0,TURF/GRVL,0,0,08,26,,,,,
CNU8,2013.0,50.0,ASP,0,0,09,27,,,,,
CNV3,86.0,86.0,ASP,1,0,28H,28H,,,,,268.0
CNV4,1775.0,485.0,TURF,0,0,09,27,,,,,
CNV8,3014.0,80.0,ASP,0,0,08,26,44.439682,-79.969276,44.442135,-79.958252,70.0
CNV8,3936.0,100.0,ASP,0,0,13,31,44.440521,-79.972313,44.435532,-79.958954,118.0
CNV8,1900.0,80.0,Turf,0,1,17,35,,,,,161.0
CNV9,3000.0,75.0,Asphalt,1,0,06,24,,,,,
CNW3,2200.0,40.0,SAND/GRVL,0,0,12,30,,,,,
CNX3,3170.0,75.0,GRVL,0,0,10,28,,,,,
CNX8,2810.0,130.0,TURF,0,0,12,30,,,,,
CNY3,2450.0,75.0,GRS,0,0,01,19,44.44469833374024,-80.16470336914062,44.451698303222656,-80.16329956054688,8.0
CNY3,5000.0,100.0,ASP,1,0,13,31,44.45170593261719,-80.16758728027344,44.445255279541016,-80.15087890625,120.0
CNY4,2300.0,50.0,TURF/SNOW,1,0,18,36,,,,,
CNZ4,2400.0,140.0,TURF,0,0,11,29,,,,,
CNZ4,1700.0,200.0,TURF,0,0,13,31,,,,,
CNZ8,2870.0,40.0,ASP,1,0,04,22,43.1567,-79.601898,43.1633,-79.596397,46.0
COB4,2730.0,85.0,TURF,0,0,14,32,,,,,134.0
COL2,1918.0,80.0,TURF,0,0,09,27,,,,,76.0
COP5,2180.0,80.0,GRS,0,0,07,25,,,,,
COR3,1467.0,75.0,GRASS,0,0,17,35,,,,,
CPA4,2200.0,80.0,TURF,0,0,16,34,,,,,
CPB5,1680.0,65.0,TURF,0,0,12,30,,,,,
CPB9,2460.0,100.0,TURF,0,0,01,19,,,,,
CPC3,1750.0,250.0,TURF,0,0,03,21,,,,,
CPC3,1900.0,330.0,TURF,0,0,05,23,,,,,
CPC3,2650.0,200.0,TURF,0,0,12,30,,,,,
CPC3,2800.0,300.0,TURF,0,0,14,32,,,,,
CPC3,2550.0,170.0,TURF,0,0,17,35,,,,,
CPC5,24.0,24.0,Wood,0,0,,,,,,,
CPC6,2450.0,60.0,TURF,0,0,18,36,,,,,
CPC7,3500.0,50.0,water,0,0,01,19,,,,,356.0
CPC7,12000.0,100.0,water,0,0,09,27,,,,,76.0
CPC8,40.0,40.0,Wood,0,0,,,,,,,
CPD2,2805.0,80.0,TURF/SNOW,0,0,04,22,,,,,
CPD4,2500.0,70.0,TURF,0,0,04,22,,,,,
CPD4,1700.0,120.0,TURF,0,0,17,35,,,,,
CPE3,2000.0,85.0,TURF/SNOW,0,0,10,28,,,,,
CPE4,3745.0,45.0,ASP,1,0,17,35,43.4474983215332,-80.2343978881836,43.437801361083984,-80.22969818115234,160.5
CPE5,2200.0,75.0,TURF,0,0,03,21,,,,,
CPE6,3200.0,150.0,TURF,0,0,04,22,,,,,
CPE6,2648.0,40.0,ASPH,0,0,12,30,,,,,
CPF2,2850.0,50.0,ASP,0,0,11,29,46.4275016784668,-84.09609985351562,46.42580032348633,-84.08499908447266,102.0
CPF2,4415.0,75.0,ASP,0,0,18,36,46.4275016784668,-84.09609985351562,46.41559982299805,-84.09390258789062,172.7
CPF4,1500.0,50.0,TURF,0,0,02,20,,,,,
CPF4,2000.0,75.0,TURF,0,0,12,30,,,,,
CPF6,2850.0,25.0,ASP,1,0,02,20,43.16699981689453,-79.71070098876953,43.172401428222656,-79.70829772949219,27.0
CPF6,1815.0,185.0,TURF,0,0,09,27,,,,,
CPF7,1670.0,37.0,GRVL/ASP,0,0,13,31,,,,,
CPG4,1800.0,90.0,ASP/TURF,0,0,09,27,,,,,
CPG5,2600.0,80.0,TURF,0,0,10,28,,,,,
CPG7,2300.0,75.0,TURF,0,0,05,23,,,,,
CPH2,2700.0,150.0,TURF,0,0,15,33,,,,,
CPH9,2400.0,70.0,TURF,0,0,18,36,,,,,
CPJ5,2350.0,125.0,TURF/ASP,0,0,09,27,,,,,
CPK2,2000.0,75.0,TURF,0,0,11,29,,,,,
CPK7,34.0,34.0,ASP,1,0,H,H,,,,,
CPK9,2400.0,60.0,TURF,0,0,05,23,,,,,44.0
CPL3,1800.0,100.0,TURF,0,0,08,26,,,,,
CPL4,2340.0,150.0,GRVL,0,0,07,25,,,,,
CPL6,2274.0,100.0,ASPH,0,0,08,26,53.474689,-113.834633,53.474152,-113.824226,
CPM5,1800.0,100.0,TURF,0,1,09,27,,,,,
CPM5,3085.0,80.0,TURF,0,0,16,34,,,,,
CPM7,2000.0,60.0,TURF,0,0,09,27,,,,,
CPN5,2000.0,90.0,TURF,0,0,04,22,,,,,
CPN8,1986.0,125.0,TURF,0,0,08,26,,,,,78.0
CPN8,2090.0,80.0,TURF,0,0,17,35,,,,,166.0
CPP3,2200.0,60.0,TURF,0,0,18,36,,,,,
CPP6,1350.0,100.0,TURF,0,0,07,25,,,,,
CPP6,2800.0,35.0,ASP,0,0,16,34,,,,,
CPR2,2260.0,50.0,TURF,0,0,08,26,,,,,
CPR3,3000.0,75.0,TURF,0,0,09,27,,,,,
CPR3,2200.0,75.0,TURF,0,0,13,31,,,,,
CPR5,3100.0,100.0,GRVL/TURF,0,0,06,24,,,,,
CPR7,4000.0,75.0,ASP,1,0,13,31,43.87080001831055,-81.30470275878906,43.86529922485352,-81.29190063476562,121.0
CPR9,2170.0,80.0,TURF,0,0,04,22,,,,,30.0
CPR9,1584.0,80.0,TURF,0,0,14,32,,,,,134.0
CPS2,2800.0,50.0,TURF,0,0,06,24,,,,,
CPS4,3100.0,100.0,TURF,0,0,09,27,,,,,
CPS5,2400.0,50.0,TURF,0,0,09,27,,,,,
CPT2,3500.0,75.0,ASP,1,0,06,24,45.97439956665039,-81.5,45.98059844970703,-81.4894027709961,50.0
CPT3,2445.0,200.0,TURF,0,0,03,21,,,,,
CPT3,1730.0,200.0,TURF,0,0,10,28,,,,,
CPT3,2600.0,200.0,TURF,0,0,18,36,,,,,
CPU3,2200.0,80.0,TURF,1,0,15,33,,,,,
CPU6,3000.0,150.0,ASP,0,1,06,24,44.181400299072266,-77.11750030517578,44.1869010925293,-77.10890197753906,48.1
CPU6,4270.0,150.0,ASP,1,0,09,27,44.181400299072266,-77.11750030517578,44.18389892578125,-77.10169982910156,77.5
CPU6,2575.0,150.0,ASP,0,0,15,33,44.187198638916016,-77.11000061035156,44.18190002441406,-77.10330200195312,137.0
CPV2,2200.0,65.0,TURF,0,0,09,27,,,,,
CPV4,1900.0,80.0,TURF,0,0,08,26,,,,,
CPV4,1400.0,80.0,TURF,0,0,15,33,,,,,
CPV8,3500.0,100.0,GRVL,0,0,13,31,,,,,
CPV9,1591.0,30.0,Turf/Grass,0,0,15,33,50.0400390625,-107.25505828857422,50.035865783691406,-107.25306701660156,
CPY9,1900.0,70.0,TURF,0,0,14,32,,,,,126.0
CPZ3,4800.0,60.0,GVL,0,0,06L,24R,,,,,
CPZ3,5000.0,90.0,ASP,0,0,06R,24L,44.064701080322266,-77.34500122070312,44.07389831542969,-77.33080291748047,48.0
CPZ3,3026.0,150.0,ASP,0,1,10,28,44.07389831542969,-77.34359741210938,44.07419967651367,-77.33219909667969,88.1
CPZ3,3000.0,150.0,ASP,0,0,16,34,44.07559967041016,-77.34329986572266,44.06890106201172,-77.3364028930664,143.2
CRB2,2000.0,75.0,TURF,0,0,01,19,,,,,
CRB5,5528.0,80.0,Gravel,0,0,11,29,,,,,
CRB5,5526.0,102.0,gravel,0,0,12,30,,,,,
CRE3,1800.0,50.0,TURF,0,0,17,35,,,,,
CRE3,1500.0,50.0,TURF,0,0,9,27,,,,,
CRF5,2999.0,66.0,Dirt,0,0,08,26,52.28024291992188,-106.69081115722656,52.28031539916992,-106.6773681640625,
CRHA,9300.0,115.0,Asphalt,1,0,02,20,,,,,
CRJ2,2100.0,30.0,TURF,0,0,10,28,,,,,96.0
CRL2,3000.0,60.0,TURF/GRVL,0,0,07,25,,,,,
CRL4,4920.0,,UNK,0,0,08,26,,,,,
CRL9,1400.0,50.0,GRASS,0,0,01,19,,,,,
CRL9,1600.0,50.0,GRASS,0,0,04,22,,,,,
CRML,2250.0,50.0,TURF,0,0,01,19,,,,,
CRP2,3000.0,70.0,GRAVEL,0,0,08,26,,,,,
CRT2,2300.0,80.0,SNOW,0,0,10,28,,,,,
CSA2,1800.0,50.0,GRASS,0,0,03,21,,,,,
CSB2,1500.0,40.0,Sand,0,0,11,29,,,,,88.0
CSB3,2581.0,50.0,ASP,0,0,15,33,45.59228515625,-73.240966796875,45.587982177734375,-73.23493194580078,
CSB5,2750.0,150.0,TURF,0,0,09,27,,,,,
CSC3,6003.0,100.0,ASP,1,0,06,24,45.841583,-72.400131,45.849827,-72.390053,44.0
CSC9,1190.0,35.0,TRTD GRVL,0,0,04,22,,,,,
CSC9,2260.0,35.0,TRTD GRVL,0,0,13,31,,,,,
CSD3,2800.0,50.0,TURF/GRAVEL,0,0,06,24,,,,,
CSD4,4000.0,75.0,ASP,1,0,08,26,46.56710052490234,-75.56909942626953,46.57170104980469,-75.55460357666016,65.2
CSD7,1392.0,80.0,SAND/TURF,1,0,08,26,,,,,
CSD8,46.0,46.0,Wood,0,0,H,,,,,,
CSE3,2750.0,100.0,GRAVEL/TURF,0,0,04,22,,,,,
CSE4,3989.0,100.0,ASP,1,0,10,28,45.63914489746094,-74.37818908691406,45.63996887207031,-74.3626937866211,98.7
CSE5,3000.0,75.0,ASP,1,0,08,26,46.9994010925293,-70.52110290527344,47.003299713134766,-70.5105972290039,62.0
CSF3,4025.0,75.0,GRAVEL,0,0,17,35,,,,,
CSG3,3250.0,75.0,ASP,1,0,15,33,46.04779815673828,-73.506103515625,46.04169845581055,-73.49690246582031,133.9
CSG5,3100.0,30.0,ASP,0,0,02,20,46.680999755859375,-71.15190124511719,46.68949890136719,-71.15139770507812,2.5
CSG5,2550.0,50.0,GVL,0,0,06,24,,,,,42.5
CSH2,1670.0,75.0,ASPHALT,0,0,07,25,,,,,
CSH4,3712.0,100.0,ASP,1,0,15,33,49.03390121459961,-77.02239990234375,49.0265007019043,-77.01180267333984,136.5
CSH5,3000.0,75.0,TURF/GRAVEL,0,0,05,23,,,,,
CSJ2,3000.0,100.0,SAND/GRAVEL,0,0,04,22,,,,,
CSJ4,3000.0,75.0,ASP,0,0,09,27,46.2489013671875,-72.92220306396484,46.2510986328125,-72.91110229492188,72.4
CSJ5,2300.0,50.0,GRAVEL,0,0,15,33,,,,,
CSK4,2800.0,50.0,ASPHALT,0,0,09,27,,,,,
CSK5,2400.0,75.0,TURF,0,0,09,27,,,,,
CSL3,3000.0,40.0,ASP,0,0,03,21,46.618900299072266,-72.63330078125,46.62670135498047,-72.63059997558594,13.8
CSL3,2000.0,40.0,ASP,0,0,16,34,46.62310028076172,-72.63390350341797,46.61859893798828,-72.62920379638672,143.9
CSL5,2000.0,50.0,TURF,0,0,06,24,,,,,
CSL7,2960.0,150.0,Turf,0,0,12,30,,,,,
CSL7,2350.0,150.0,Turf,0,0,8,26,,,,,
CSL8,80.0,80.0,CON,1,0,17H,24H,,,,,161.0
CSL8,80.0,80.0,CON,1,0,36H,05H,,,,,350.0
CSL9,2900.0,75.0,SAND,0,0,05,23,,,,,
CSM3,4500.0,100.0,ASP,1,0,06,24,46.04719924926758,-71.26329803466797,46.05609893798828,-71.2510986328125,43.7
CSM5,3000.0,75.0,GRAVEL,0,0,16,34,,,,,
CSN7,2500.0,40.0,GRAVEL,0,0,11,29,,,,,
CSP3,2345.0,65.0,TURF,0,0,06,24,,,,,81.0
CSP5,2000.0,50.0,GRAVEL/TURF,0,0,14,32,,,,,
CSP6,2600.0,60.0,GRS,0,0,07,25,,,,,
CSQ3,3750.0,40.0,COP,1,0,05,23,45.47669982910156,-72.31439971923828,45.48529815673828,-72.306396484375,33.0
CSR2,3506.0,90.0,GVL,0,0,13,31,,,,,
CSR3,5530.0,75.0,ASP,1,0,06,24,46.105469,-71.939247,46.116367,-71.92408,45.0
CSR8,4700.0,100.0,ASP,1,0,18,36,48.923301696777344,-79.181396484375,48.91109848022461,-79.17579650878906,163.3
CSS4,1950.0,100.0,GRAVEL/GRASS,0,0,15,33,,,,,
CST3,2825.0,50.0,ASPHALT,0,0,02,20,,,,,
CST3,2275.0,65.0,GRASS,0,0,08,26,,,,,
CST7,2600.0,100.0,TURF,0,0,06,24,,,,,
CSU2,3792.0,100.0,GRAVEL,0,0,14,32,53.808941,-78.923813,53.802456,-78.910133,
CSU3,3823.0,75.0,COP,1,0,02,20,45.599998,-73.014702,45.610298,-73.013603,4.0
CSU5,2500.0,75.0,GRAVEL,0,0,18,36,,,,,
CSU8,78.0,60.0,CON,0,0,H1,,,,,,
CSV8,2400.0,30.0,TURF,0,0,11,29,,,,,
CSW5,1000.0,100.0,Asphalt,0,0,06L,24R,,,,,
CSW5,800.0,100.0,Asphalt,0,0,06R,24L,,,,,
CSX3,2600.0,26.0,GRAVEL,0,0,13,31,,,,,
CSX5,1900.0,50.0,TURF,0,0,15,33,,,,,
CSX7,3100.0,90.0,TURF/SNOW,0,0,09,27,,,,,
CSY3,4000.0,75.0,ASP,1,0,03,21,45.974700927734375,-73.04419708251953,45.985599517822266,-73.04060363769531,13.1
CSY4,2400.0,70.0,SAND/GRAVEL,0,0,12,30,,,,,
CSZ3,3300.0,150.0,TURF,0,0,02,20,,,,,
CSZ4,3572.0,75.0,ASPHALT,1,0,05,23,,,,,
CTA3,2500.0,40.0,TURF/GRAVEL,0,0,17,35,,,,,
CTA4,4489.0,100.0,ASP,1,0,10,28,47.44929885864258,-79.4271011352539,47.44929885864258,-79.40889739990234,90.0
CTB6,1640.0,85.0,GRAVEL,0,0,18,36,,,,,
CTE5,2200.0,150.0,EARTH/SNOW,0,0,06,24,,,,,
CTF3,3000.0,75.0,GRAVEL,0,0,03,21,,,,,
CTF4,1800.0,70.0,Turf,0,0,05,23,,,,,40.0
CTG3,4982.0,100.0,ASP,1,0,08,26,48.381001,-64.571899,48.385601,-64.556999,65.0
CTH2,1001.0,75.0,GVL,0,0,05,23,,,,,
CTH3,1500.0,50.0,ASPHALT,0,0,10,28,,,,,
CTH8,2028.0,65.0,GRASS,0,0,09,27,,,,,
CTK2,4000.0,100.0,SOFT SAND,0,0,17,35,,,,,
CTK6,1640.0,85.0,GRAVEL,0,0,10,28,,,,,
CTK7,3000.0,100.0,Turf/Snow,0,0,18,36,,,,,168.0
CTN6,3100.0,70.0,GRAVEL/TURF,0,0,17,35,,,,,
CTP9,6529.0,150.0,GRAVEL,0,0,11,29,,,,,
CTQ2,2600.0,50.0,TURF,0,0,01,19,,,,,
CTQ6,1750.0,75.0,TURF,0,0,08,26,,,,,
CTR6,2000.0,40.0,GRASS/SNOW,0,0,15,33,,,,,
CTT5,3938.0,100.0,ASP,1,0,11,29,50.259899,-60.6824,50.2593,-60.6656,93.0
CTU2,4900.0,150.0,GRAVEL,0,0,09,27,,,,,
CTY5,2200.0,65.0,GRASS,0,0,06,24,,,,,
CVA3,40.0,40.0,CON,0,0,H-East,,49.8678,-119.56008,,,
CVA3,40.0,40.0,CON,0,0,H-West,,49.86758,-119.56136,,,
CVB2,5000.0,,Gravel,0,0,11,29,,,,,
CVF2,1920.0,60.0,TURF,0,0,14,32,,,,,133.0
CVF3,2000.0,40.0,GRASS,0,0,01,19,,,,,
CVL3,1312.0,60.0,GRASS,0,0,06,24,,,,,
CVS2,2900.0,90.0,Turf,0,0,10,28,,,,,
CWC1,1320.0,75.0,TURF,0,0,08,26,,,,,
CWC1,1500.0,75.0,TURF,0,0,12,30,,,,,
CWF2,1500.0,50.0,TURF,0,0,08,26,,,,,
CWH6,86.0,86.0,CON,0,0,H1,,,,,,
CWL3,1396.0,,Turf,0,0,08,26,,,,,
CWL3,2534.0,,Turf,0,0,16,34,,,,,
CWR2,4000.0,100.0,GRS,0,0,14,32,,,,,
CYAB,3935.0,98.0,Gravel,1,0,13,31,73.00968933105469,-85.06182861328125,73.00308990478516,-85.0328140258789,128.0
CYAC,3900.0,100.0,GRVL,0,0,11,29,,,,,
CYAD,5000.0,150.0,GRAVEL,0,0,10,28,,,,,
CYAG,2600.0,75.0,ASP,1,0,03,21,48.65280151367188,-93.44529724121094,48.658599853515625,-93.43920135498048,34.8
CYAG,4500.0,100.0,ASP,1,0,12,30,48.65800094604492,-93.4480972290039,48.65079879760742,-93.43299865722656,126.0
CYAH,5000.0,150.0,GRAVEL,0,0,09,27,,,,,
CYAL,2900.0,75.0,ASPHALT,0,0,09,27,,,,,
CYAM,6000.0,200.0,ASP,1,0,04,22,46.47779846191406,-84.51529693603516,46.49169921875,-84.50189971923828,33.5
CYAM,6000.0,200.0,ASP,1,0,12,30,46.48600769042969,-84.52088165283203,46.4809684753418,-84.49822235107422,107.8
CYAQ,3500.0,100.0,GRVL,0,0,03,21,,,,,
CYAS,3521.0,,UNK,0,0,03,21,,,,,
CYAT,3500.0,100.0,GRVL,0,0,06,24,52.924461,-82.437965,52.930725,-82.425987,
CYAU,3937.0,75.0,ASP,1,0,07,25,44.22710037231445,-64.86219787597656,44.23350143432617,-64.8499984741211,53.9
CYAV,2850.0,75.0,ASP,1,0,04,22,50.05080032348633,-97.0355987548828,50.05609893798828,-97.0269012451172,46.0
CYAV,3000.0,75.0,ASP,1,0,13,31,50.0614013671875,-97.0355987548828,50.05580139160156,-97.0261001586914,132.0
CYAV,3000.0,75.0,ASP,1,0,18,36,50.0614013671875,-97.03679656982422,50.05350112915039,-97.03890228271484,190.0
CYAW,5692.0,200.0,ASP,1,1,10,28,44.63890075683594,-63.5161018371582,44.63999938964844,-63.49440002441406,84.8
CYAW,8998.0,200.0,ASP,0,1,16,34,44.64939880371094,-63.50569915771485,44.63079833984375,-63.4828987121582,139.0
CYAW,3500.0,112.0,Asphalt,1,0,16H,34H,,,,,
CYAX,3600.0,75.0,ASP,1,0,18,36,50.299198150634766,-96.00920104980467,50.28919982910156,-96.0102996826172,185.0
CYAY,4000.0,100.0,ASP,1,0,10,28,51.390899658203125,-56.09180068969727,51.39289855957031,-56.074501037597656,80.0
CYAZ,4999.0,150.0,CON,0,0,07,25,49.07590103149414,-125.78099822998048,49.07590103149414,-125.76000213623048,90.0
CYAZ,4997.0,100.0,CON,0,0,11,29,49.08250045776367,-125.78299713134766,49.07440185546875,-125.76599884033205,126.0
CYAZ,5000.0,100.0,CON,0,0,16,34,49.08940124511719,-125.78099822998048,49.075801849365234,-125.77899932861328,175.0
CYBA,3000.0,190.0,TURF/SNOW,0,0,18,36,,,,,
CYBB,5000.0,100.0,GVL,1,0,05,23,68.52999877929688,-89.82219696044922,68.53890228271484,-89.79389953613281,49.0
CYBC,6000.0,150.0,ASP,1,0,10,28,49.13090133666992,-68.21959686279297,49.13359832763672,-68.1948013305664,80.5
CYBD,4200.0,100.0,ASP,0,0,05,23,52.38579940795898,-126.60399627685548,52.38940048217773,-126.58699798583984,72.0
CYBE,,,UNK,0,1,05,23,,,,,
CYBE,3935.0,100.0,Asphalt/concrete,1,0,06,24,59.560001,-108.491997,59.562801,-108.471001,75.0
CYBF,4434.0,75.0,ASP,1,0,08,26,54.304199,-110.753998,54.303902,-110.733002,90.0
CYBG,10000.0,150.0,CON,1,0,11,29,48.332801818847656,-71.01580047607422,48.33250045776367,-70.9749984741211,90.6
CYBG,6000.0,150.0,ASP,1,0,18,36,48.337501525878906,-70.99639892578125,48.3218994140625,-70.9894027709961,163.4
CYBK,4200.0,100.0,GVL,1,0,16T,34T,64.30439758300781,-96.08190155029295,64.29329681396484,-96.07360076904295,162.0
CYBL,6499.0,150.0,ASP,1,0,12,30,49.95833969116211,-125.2828140258789,49.945743560791016,-125.26329803466795,137.0
CYBP,2400.0,50.0,GRAVEL,0,0,02,20,,,,,
CYBP,2800.0,75.0,ASPHALT,0,0,12,30,,,,,
CYBQ,3200.0,100.0,CRUSHED ROCK,0,1,06,24,,,,,
CYBQ,3201.0,102.0,Gravel,0,0,07,25,,,,,72.0
CYBR,2795.0,100.0,ASP,0,1,02,20,49.90700149536133,-99.9529037475586,49.91400146484375,-99.94879913330078,20.4
CYBR,6500.0,150.0,ASP,1,0,08,26,49.90710067749024,-99.96589660644533,49.907501220703125,-99.93830108642578,90.0
CYBR,3000.0,60.0,GVL,0,0,14,32,49.91350173950195,-99.94889831542967,49.90650177001953,-99.94219970703124,150.0
CYBT,3500.0,90.0,CRUSHED ROCK,0,0,03,21,,,,,
CYBU,2930.0,75.0,ASPHALT,0,0,03,21,,,,,
CYBU,2900.0,115.0,TURF/SNOW,0,0,12,30,,,,,
CYBV,2900.0,75.0,CRUSHED ROCK,0,0,09,27,52.358871,-97.024406,52.358906,-97.01149,
CYBW,3423.0,100.0,ASP,1,0,08,26,51.10480499267578,-114.37853240966795,51.10480117797852,-114.3640594482422,90.0
CYBW,5000.0,98.0,ASP,1,0,17,35,51.11216735839844,-114.37875366210938,51.09847259521485,-114.37873077392578,181.0
CYBX,4500.0,150.0,ASP,1,0,05,23,51.43659973144531,-57.19089889526367,51.447601318359375,-57.18180084228516,27.5
CYCA,2500.0,75.0,GRAVEL,0,0,08,26,,,,,
CYCB,5000.0,150.0,GVL,1,0,13T,31T,69.11219787597656,-105.15399932861328,69.10389709472656,-105.1230010986328,127.4
CYCC,3500.0,100.0,ASP,1,0,10,28,45.09220123291016,-74.56999969482422,45.093299865722656,-74.55670166015625,83.3
CYCD,6602.0,150.0,ASP,1,0,16,34,49.059200286865234,-123.87000274658205,49.045501708984375,-123.87000274658205,181.0
CYCE,5012.0,100.0,ASP,1,0,10,28,43.28310012817383,-81.51809692382812,43.28279876708984,-81.49919891357422,91.0
CYCE,4400.0,150.0,ASP,0,0,16,34,43.29079818725586,-81.5093994140625,43.28030014038086,-81.50140380859375,151.0
CYCG,5300.0,150.0,ASP,1,0,15,33,49.30339813232422,-117.63500213623048,49.289100646972656,-117.62999725341795,169.0
CYCH,5200.0,150.0,ASP,0,1,04,22,47.0,-65.44499969482422,47.013301849365234,-65.43779754638672,20.3
CYCH,10006.0,150.0,ASP,1,0,09,27,47.00529861450195,-65.46040344238281,47.01029968261719,-65.43789672851562,72.0
CYCH,7500.0,150.0,ASP,0,1,10,28,47.0078010559082,-65.46939849853516,47.01169967651367,-65.44000244140625,79.0
CYCH,5513.0,150.0,ASP,0,1,15,33,47.00970077514648,-65.4531021118164,46.99919891357422,-65.43720245361328,134.4
CYCK,5000.0,75.0,ASP,1,0,06,24,42.30139923095703,-82.08830261230469,42.3114013671875,-82.07559967041016,44.0
CYCL,6000.0,150.0,ASP,1,0,12,30,47.99250030517578,-66.34329986572266,47.98830032348633,-66.31939697265625,105.0
CYCN,4500.0,100.0,ASP,1,0,13,31,49.10860061645508,-81.02189636230469,49.102500915527344,-81.00530242919922,119.2
CYCO,5500.0,100.0,GVL,1,0,12T,30T,67.82060241699219,-115.16100311279295,67.81279754638672,-115.1269989013672,121.0
CYCP,5000.0,60.0,ASP,0,0,01,19,52.110801696777344,-119.29100036621094,52.122501373291016,-119.27899932861328,31.6
CYCQ,4484.0,100.0,ASP,1,0,05,23,55.68529891967773,-121.63700103759766,55.6890983581543,-121.61599731445312,72.0
CYCR,3990.0,95.0,CRUSHED ROCK,0,0,05,23,,,,,
CYCS,3600.0,,UNK,0,0,12T,30T,,,,,
CYCT,3000.0,75.0,ASP,1,0,11,29,52.07749938964844,-111.45099639892578,52.0724983215332,-111.44000244140624,128.0
CYCW,3990.0,75.0,ASP,1,0,07,25,49.15190124511719,-121.9469985961914,49.15359878540039,-121.93099975585938,81.3
CYCY,3500.0,100.0,GVL,1,0,02T,20T,70.48139953613281,-68.52110290527344,70.49079895019531,-68.51190185546875,18.0
CYCZ,6005.0,100.0,ASP,1,0,16,34,50.34,-115.875999,50.323898,-115.871002,171.0
CYDA,5000.0,100.0,CON,1,0,03,21,64.0385971069336,-139.13900756835938,64.04750061035156,-139.11599731445312,49.0
CYDB,5006.0,100.0,GVL,1,0,11,29,61.375301,-139.052002,61.366901,-139.029007,128.0
CYDC,3932.0,75.0,ASP,0,0,04,22,49.4640007019043,-120.51799774169922,49.47100067138672,-120.50599670410156,50.0
CYDF,8005.0,150.0,ASP,1,0,07,25,49.205299377441406,-57.40069961547852,49.216400146484375,-57.38209915161133,47.8
CYDL,6000.0,90.0,ASP,1,0,02,20,58.41669845581055,-130.04400634765625,58.42779922485352,-130.02099609375,48.0
CYDM,5000.0,100.0,GRVL,0,0,08,26,,,,,
CYDN,2000.0,60.0,GVL,0,0,02,20,51.10139846801758,-100.052001953125,51.106201171875,-100.0479965209961,29.0
CYDN,2700.0,75.0,ASP,1,0,08,26,51.1067008972168,-100.05799865722656,51.1067008972168,-100.0469970703125,90.0
CYDN,5000.0,150.0,ASP,1,0,14,32,51.107200622558594,-100.05799865722656,51.09560012817383,-100.0469970703125,150.0
CYDO,4971.0,100.0,ASP,1,0,11,29,48.77899932861328,-72.38520050048828,48.778099060058594,-72.3646011352539,93.8
CYDP,2000.0,75.0,GRAVEL,0,0,06,24,,,,,
CYDQ,5001.0,150.0,ASP,1,0,07,25,55.7411,-120.194,55.742199,-120.168999,85.0
CYEA,2953.0,75.0,ASPHALT,0,0,11,29,,,,,
CYEE,3998.0,75.0,ASP,1,0,16,34,44.68947982788086,-79.93338012695312,44.6801986694336,-79.92539978027344,150.0
CYEG,11000.0,200.0,ASP,1,0,02,20,53.30889892578125,-113.59600067138672,53.33420181274414,-113.56800079345705,33.9
CYEG,10200.0,200.0,ASP,1,0,12,30,53.306400299072266,-113.59500122070312,53.28670120239258,-113.56199645996094,135.1
CYEK,4000.0,100.0,GVL,1,0,15T,33T,61.098899841308594,-94.07669830322266,61.089500427246094,-94.06500244140624,149.0
CYEL,4500.0,100.0,ASP,1,0,12,30,46.35359954833984,-82.5697021484375,46.348899841308594,-82.5531005859375,112.2
CYEM,3500.0,100.0,ASP,1,0,02,20,45.83810043334961,-81.8593978881836,45.84749984741211,-81.85669708251953,11.6
CYEN,5000.0,100.0,ASP,1,0,08,26,49.20790100097656,-102.97599792480467,49.20800018310547,-102.95500183105467,90.0
CYEN,3000.0,75.0,ASP,1,0,15,33,49.216400146484375,-102.97000122070312,49.20880126953125,-102.96499633789062,158.0
CYER,3500.0,100.0,GRVL,0,0,15,33,,,,,
CYES,4499.0,75.0,ASP,1,0,16,34,47.49530029296875,-68.48780059814453,47.485801696777344,-68.4760971069336,140.0
CYET,6000.0,100.0,ASP,1,0,07,25,53.57899856567383,-116.47899627685548,53.578800201416016,-116.45099639892578,91.0
CYEU,4836.0,150.0,GVL,1,0,10T,28T,79.99629974365234,-85.84989929199219,79.99310302734375,-85.77680206298828,104.0
CYEV,6000.0,150.0,ASP,1,0,06,24,68.3031997680664,-133.5050048828125,68.30439758300781,-133.46099853515625,85.8
CYEY,5000.0,100.0,ASP,1,0,14,32,48.56809997558594,-78.25779724121094,48.55970001220703,-78.24169921875,128.0
CYFA,3601.0,100.0,GRVL,0,0,10,28,,,,,98.0
CYFB,8605.0,200.0,ASP,1,0,16,34,63.764989,-68.574718,63.748182,-68.537471,137.0
CYFC,8005.0,200.0,ASP,1,0,09,27,45.86299896240234,-66.55229949951172,45.87030029296875,-66.52249908447266,70.7
CYFC,6000.0,148.0,ASP,1,0,15,33,45.874401,-66.539398,45.863602,-66.521698,131.0
CYFD,5000.0,100.0,ASP,1,0,05,23,43.12745666503906,-80.34675598144531,43.137577056884766,-80.33391571044922,44.0
CYFD,2600.0,100.0,ASP,1,0,11,29,43.1343879699707,-80.3487777709961,43.1333236694336,-80.33905029296875,99.0
CYFD,2600.0,100.0,ASP,1,0,17,35,43.13412857055664,-80.34912109375,43.12718963623047,-80.34646606445312,165.0
CYFE,5000.0,100.0,ASP,1,0,09,27,48.74380111694336,-69.10700225830078,48.7484016418457,-69.0875015258789,70.4
CYFH,3500.0,100.0,GRVL,0,0,09,27,,,,,
CYFJ,5587.0,100.0,ASP,1,0,02,20,46.401901,-74.781799,46.417,-74.777702,11.0
CYFO,5004.0,150.0,ASP,1,0,19,01,54.684799,-101.68,54.671299,-101.683998,192.0
CYFR,4001.0,98.0,GVL,1,0,13,31,61.185001,-113.696999,61.176701,-113.681999,143.0
CYFS,6000.0,150.0,ASP,1,0,14,32,61.767799377441406,-121.24400329589844,61.75279998779297,-121.2300033569336,156.0
CYFT,2500.0,75.0,GRAVEL,0,0,09,27,,,,,
CYGB,3000.0,75.0,ASP,0,0,14,32,49.6974983215332,-124.5199966430664,49.68999862670898,-124.51499938964844,158.0
CYGD,1870.0,80.0,GRS,0,0,05,23,43.76399993896485,-81.71330261230469,43.76860046386719,-81.70970153808594,30.0
CYGD,3000.0,50.0,ASP,1,0,10,28,43.764198303222656,-81.71170043945312,43.76390075683594,-81.70030212402344,91.9
CYGD,5000.0,100.0,ASP,1,0,14,32,43.77109909057617,-81.71640014648438,43.76390075683594,-81.70030212402344,122.0
CYGE,4500.0,75.0,ASP,0,0,14,32,51.30419921875,-116.98500061035156,51.29249954223633,-116.97799682617188,161.0
CYGH,4434.0,98.0,GVL,1,0,07,25,66.240799,-128.660995,66.240799,-128.641006,92.0
CYGK,6001.0,100.0,ASP,1,0,01,19,44.219101,-76.601799,44.232601,-76.603104,356.0
CYGK,3933.0,100.0,ASP,1,0,07,25,44.21955490112305,-76.60143280029297,44.2255859375,-76.59014892578125,54.0
CYGL,6500.0,150.0,ASP,1,0,13,31,53.62879943847656,-77.71790313720703,53.62189865112305,-77.69039916992188,113.0
CYGM,6800.0,150.0,ASP,1,0,15,33,50.63610076904297,-97.04940032958984,50.61970138549805,-97.03469848632812,150.3
CYGO,3810.0,100.0,CRUSHED ROCK,0,0,14,32,,,,,
CYGP,5488.0,150.0,ASP,1,0,10,28,48.77423858642578,-64.4930419921875,48.77579879760742,-64.47041320800781,84.0
CYGQ,5000.0,100.0,ASP,1,0,08,26,49.776707,-86.948692,49.780674,-86.928413,72.0
CYGR,4500.0,150.0,ASP,1,0,07,25,47.42060089111328,-61.787899017333984,47.4281005859375,-61.77349853515625,53.0
CYGR,3600.0,150.0,ASP,1,0,16,34,47.42940139770508,-61.78580093383789,47.42190170288086,-61.776100158691406,138.7
CYGT,4095.0,100.0,GRAVEL,0,0,15T,33T,69.36927795410156,-81.82544708251953,69.36004638671875,-81.80751037597656,
CYGV,4500.0,100.0,ASP,1,0,08,26,50.27920150756836,-63.619998931884766,50.284698486328125,-63.60279846191406,63.0
CYGW,5052.0,150.0,SAND/GRAVEL,0,0,03,21,,,,,
CYGX,5000.0,150.0,GRAVEL,0,0,05,23,,,,,
CYHA,3520.0,,UNK,0,0,18,36,,,,,
CYHB,5000.0,100.0,ASP,1,0,06,24,52.8139,-102.321999,52.819401,-102.301003,68.0
CYHB,2000.0,75.0,ASP,1,1,10,28,52.8167,-102.311996,52.814701,-102.303001,110.0
CYHD,2000.0,75.0,SAN,0,1,05,23,49.82720184326172,-92.7418975830078,49.830299377441406,-92.73500061035156,56.0
CYHD,5993.0,150.0,ASP,1,0,12,30,49.835105,-92.755151,49.828061,-92.732239,114.0
CYHE,3960.0,250.0,TURF,0,0,07,25,,,,,
CYHF,4500.0,100.0,ASP,1,0,04,22,49.70890045166016,-83.69110107421875,49.719200134277344,-83.68080139160156,32.9
CYHH,5000.0,150.0,GRAVEL,0,0,09,27,,,,,
CYHI,4300.0,100.0,GVL,1,0,06T,24T,70.76029968261719,-117.8219985961914,70.76580047607422,-117.79000091552734,62.0
CYHK,4400.0,100.0,GVL,1,0,13T,31T,68.63919830322266,-95.86280059814452,68.63189697265625,-95.83670043945312,127.0
CYHM,6010.0,150.0,ASP,1,0,06,24,43.16669845581055,-79.93470001220703,43.1776008605957,-79.91780090332031,49.0
CYHM,10006.0,200.0,ASP,1,0,12,30,43.180599,-79.953102,43.172199,-79.917503,107.0
CYHN,3500.0,75.0,ASP,1,0,07,25,49.19060134887695,-84.76529693603516,49.19559860229492,-84.75250244140625,59.1
CYHO,2500.0,75.0,GRAVEL,0,0,06,24,,,,,
CYHP,3500.0,100.0,CLAY/GRVL,0,0,13,31,,,,,
CYHR,4500.0,150.0,ASP,1,0,07,25,50.465401,-59.6446,50.4725,-59.628799,76.0
CYHS,4000.0,75.0,ASP,1,0,01,19,44.15280151367188,-81.06279754638672,44.16389846801758,-81.06279754638672,360.0
CYHS,2500.0,50.0,ASP,0,0,09,27,44.15779876708984,-81.06749725341797,44.15890121459961,-81.05809783935547,80.7
CYHT,5000.0,100.0,GRVL,0,0,04,22,,,,,
CYHU,7840.0,150.0,ASP,1,0,06L,24R,45.5107536315918,-73.42913055419922,45.525386810302734,-73.4068603515625,47.0
CYHU,3920.0,100.0,ASP,1,0,06R,24L,45.51139831542969,-73.41470336914062,45.51860046386719,-73.40360260009766,47.1
CYHU,2800.0,150.0,ASP,1,0,10,28,45.51079940795898,-73.42610168457031,45.51169967651367,-73.41529846191406,83.7
CYHY,4001.0,150.0,COM,1,0,05,23,60.83940124511719,-115.78900146484376,60.84389877319336,-115.7689971923828,66.0
CYHY,6000.0,150.0,ASP,1,0,14,32,60.847198486328125,-115.7959976196289,60.83190155029297,-115.78299713134766,154.3
CYHZ,10500.0,200.0,ASP,1,0,05,23,44.86859893798828,-63.525001525878906,44.888301849365234,-63.50559997558594,35.0
CYHZ,7700.0,200.0,ASP,1,0,14,32,44.89360046386719,-63.5182991027832,44.88109970092773,-63.49420166015625,126.0
CYIB,3500.0,100.0,ASP,1,0,04,22,48.770301818847656,-91.64330291748048,48.7776985168457,-91.63410186767578,39.1
CYID,3950.0,75.0,ASP,1,0,06,24,44.541900634765625,-65.79090118408203,44.54990005493164,-65.78060150146484,42.7
CYIF,4590.0,100.0,ASP,1,0,01,19,51.205399,-58.657101,51.217899,-58.659599,353.0
CYIK,3521.0,100.0,GVL,1,0,07,25,62.41419982910156,-77.93329620361328,62.42020034790039,-77.91719818115234,51.0
CYIO,4000.0,100.0,GVL,1,0,02T,20T,72.67829895019531,-77.97380065917969,72.68840026855469,-77.95950317382812,23.0
CYIV,4000.0,100.0,CRUSHED ROCK,0,0,12,30,53.86009979248047,-94.64559936523438,53.85390090942383,-94.64559936523438,123.0
CYJA,3990.0,150.0,TURF,0,0,13,31,,,,,
CYJF,2946.0,98.0,GRVL,0,0,03,21,,,,,48.0
CYJM,4000.0,75.0,ASP,0,0,10,28,54.400299072265625,-124.27100372314452,54.39419937133789,-124.25499725341795,124.0
CYJN,2474.0,100.0,ASP,0,0,02,20,45.29079818725586,-73.27580261230469,45.29750061035156,-73.27580261230469,360.0
CYJN,2765.0,100.0,ASP,0,0,06,24,45.29249954223633,-73.28469848632812,45.29779815673828,-73.2771987915039,45.1
CYJN,4000.0,100.0,ASP,1,0,11,29,45.29249954223633,-73.28939819335938,45.29249954223633,-73.2738037109375,90.0
CYJQ,2954.0,100.0,ASP,0,0,10,28,,,,,
CYJT,3900.0,150.0,PEM,0,1,02,20,48.533901,-58.552502,48.544201,-58.553699,356.0
CYJT,10011.0,200.0,ASP,1,0,09,27,48.540298,-58.569401,48.548901,-58.5303,72.0
CYKA,1875.0,49.0,ASP,0,0,05,23,50.6992,-120.443001,50.7019,-120.434998,61.0
CYKA,8000.0,148.0,ASP,1,0,09,27,50.703899,-120.456001,50.700298,-120.431,103.0
CYKC,5200.0,100.0,GRAVEL,0,0,02,20,,,,,
CYKD,3000.0,75.0,GRVL,0,1,12,30,,,,,
CYKD,3002.0,75.0,GVL,1,0,13,31,68.226898,-135.011002,68.219704,-135.001007,156.0
CYKF,7003.0,148.0,ASP,1,0,08,26,43.45797,-80.389732,43.465302,-80.366798,75.0
CYKF,4103.0,148.0,ASP,1,0,14,32,43.462502,-80.391602,43.455502,-80.379501,138.0
CYKG,3511.0,100.0,GRAVEL,0,0,14,32,61.590996,-71.938019,61.585972,-71.920784,121.0
CYKJ,5200.0,180.0,GRAVEL,0,0,03,21,,,,,
CYKL,5000.0,150.0,ASP,1,0,17,35,54.81060028076172,-66.81079864501953,54.79890060424805,-66.79859924316406,149.0
CYKM,2087.0,50.0,ASP,1,0,05,23,44.20059967041016,-81.60310363769531,44.2047004699707,-81.5978012084961,42.3
CYKM,4085.0,75.0,ASP,1,0,13,31,44.20439910888672,-81.61329650878906,44.19860076904297,-81.5999984741211,121.0
CYKO,3510.0,100.0,GVL,1,0,08,26,60.81639862060547,-78.15750122070312,60.82080078125,-78.13970184326172,62.9
CYKP,3500.0,100.0,GRVL,0,0,09,27,,,,,
CYKQ,3511.0,100.0,GRAVEL,0,0,06,24,,,,,62.0
CYKX,4500.0,100.0,ASP,1,0,08,26,48.20819854736328,-79.98999786376953,48.21229934692383,-79.97250366210938,71.0
CYKY,3507.0,75.0,ASP,1,0,08,26,51.518299,-109.188004,51.518299,-109.172997,90.0
CYKY,2281.0,100.0,GRS,0,0,17,35,51.5181999206543,-109.18000030517578,51.512001037597656,-109.18000030517578,179.9
CYLA,,,UNK,0,0,04,22,,,,,
CYLA,3521.0,100.0,GRAVEL,0,0,05,23,,,,,
CYLB,5700.0,100.0,ASP,1,0,11,29,54.775299072265625,-112.04199981689452,54.76530075073242,-112.02100372314452,129.0
CYLD,3000.0,75.0,ASP,1,0,05,23,47.81689834594727,-83.35669708251953,47.82329940795898,-83.3488998413086,39.3
CYLD,5000.0,100.0,ASP,1,0,10,28,47.8218994140625,-83.35690307617188,47.8213996887207,-83.33670043945312,92.3
CYLH,3500.0,100.0,GRVL,0,0,08,26,,,,,
CYLI,3990.0,75.0,ASP,0,0,14,32,50.68000030517578,-121.89600372314452,50.66939926147461,-121.89099884033205,161.5
CYLJ,5000.0,100.0,ASP,1,0,09,27,54.12490081787109,-108.53399658203124,54.122501373291016,-108.51100158691406,100.0
CYLJ,2290.0,75.0,ASP,1,0,17,35,54.13029861450195,-108.51599884033205,54.124000549316406,-108.51499938964844,179.0
CYLK,2996.0,,UNK,0,0,08T,26T,,,,,
CYLL,5577.0,150.0,ASP,1,0,08,26,53.309200286865234,-110.08499908447266,53.309200286865234,-110.05999755859376,90.0
CYLL,1500.0,100.0,GRS,0,0,11,29,53.31129837036133,-110.09100341796876,53.309200286865234,-110.08499908447266,122.0
CYLQ,5000.0,150.0,ASP,1,0,01,19,47.40280151367188,-72.7874984741211,47.41640090942383,-72.79000091552734,352.9
CYLR,3000.0,75.0,ASP,1,0,18,36,56.517799377441406,-99.98470306396484,56.5093994140625,-99.98560333251952,183.0
CYLS,6001.0,148.0,ASP,1,0,10,28,44.485523,-79.567108,44.486549,-79.544159,89.0
CYLT,5500.0,150.0,GVL,1,0,05T,23T,82.51280212402344,-62.32329940795898,82.52279663085938,-62.23780059814453,48.0
CYLU,3521.0,100.0,GRAVEL,0,0,16,34,,,,,
CYLW,8900.0,200.0,ASP,1,0,16,34,49.96609878540039,-119.37899780273438,49.94620132446289,-119.3759994506836,175.0
CYMA,4856.0,100.0,GVL,1,0,07,25,63.61640167236328,-135.88299560546875,63.61640167236328,-135.85299682617188,90.0
CYME,5500.0,150.0,ASP,1,0,09,27,48.85390090942383,-67.46240234375,48.858699798583984,-67.44080352783203,71.3
CYMG,3600.0,100.0,ASP,1,0,05,23,49.080299377441406,-85.8656005859375,49.087501525878906,-85.85559844970703,42.0
CYMH,2500.0,75.0,GRAVEL,0,0,11,29,,,,,
CYMJ,3400.0,100.0,ASP,1,0,03,21,50.32609939575195,-105.55799865722656,50.332801818847656,-105.5479965209961,44.0
CYMJ,8326.0,150.0,ASP,1,0,11L,29R,50.33789825439453,-105.5749969482422,50.32699966430664,-105.54299926757812,118.5
CYMJ,7280.0,150.0,ASP,1,0,11R,29L,50.33110046386719,-105.5739974975586,50.32170104980469,-105.5459976196289,118.0
CYML,4501.0,150.0,ASP,1,0,14,32,47.601101,-70.231102,47.593899,-70.216698,127.0
CYMM,7503.0,150.0,ASP,1,0,08,26,56.6531982421875,-111.24199676513672,56.6531982421875,-111.20700073242188,90.0
CYMO,4000.0,100.0,ASP,1,0,06,24,51.28810119628906,-80.60890197753906,51.29610061645508,-80.5969009399414,43.0
CYMO,3500.0,100.0,COM,1,0,14,32,51.29499816894531,-80.61969757080078,51.28919982910156,-80.60749816894531,127.0
CYMT,6496.0,150.0,ASP,1,0,04,22,49.764,-74.5345,49.779701,-74.5215,28.0
CYMU,3500.0,100.0,GRAVEL,0,0,02,20,,,,,
CYMW,4920.0,150.0,ASP,1,0,03,21,46.26800155639648,-75.9927978515625,46.28089904785156,-75.98719787597656,17.0
CYMX,12000.0,200.0,CON,1,0,06,24,45.67040252685547,-74.0217514038086,45.69369125366211,-73.98856353759766,45.4
CYMX,8852.0,200.0,CON,0,0,11,29,45.67079925537109,-74.08999633789062,45.66609954833984,-74.0436019897461,98.2
CYMY,3937.0,100.0,ASP,1,0,10,28,50.718601,-93.391899,50.716702,-93.375,100.0
CYNA,4494.0,100.0,ASP,1,0,14,32,50.19279861450195,-61.79779815673828,50.1869010925293,-61.78060150146485,118.0
CYNC,3511.0,100.0,GRAVEL,0,0,10,28,,,,,95.0
CYND,6000.0,150.0,ASP,1,0,09,27,45.51959991455078,-75.57489776611328,45.52379989624024,-75.55229949951172,75.0
CYNE,3902.0,100.0,Gravel,0,0,06,24,,,,,60.0
CYNH,5200.0,100.0,ASP,0,0,05,23,56.033599853515625,-121.98799896240234,56.03749847412109,-121.96399688720705,74.1
CYNJ,2100.0,75.0,ASPHALT,1,0,01,19,,,,,
CYNJ,2743.0,75.0,Asphalt,0,0,07,25,,,,,
CYNL,6000.0,100.0,GRAVEL,0,0,16,34,,,,,
CYNM,5000.0,100.0,ASP,1,0,15,33,49.76649856567383,-77.81009674072266,49.75690078735352,-77.7948989868164,134.2
CYNN,3350.0,80.0,GRAVEL/SAND,0,0,17,35,,,,,
CYNR,6000.0,,UNK,0,0,17,35,,,,,
CYOA,6411.0,148.0,GVL,1,0,02T,20T,64.690933,-110.622627,64.707062,-110.606583,
CYOC,4900.0,100.0,GVL,1,0,04,22,67.56610107421875,-139.85499572753906,67.57279968261719,-139.82400512695312,61.1
CYOD,8270.0,200.0,ASP,1,0,04,22,54.39670181274414,-110.28500366210938,54.41059875488281,-110.25499725341795,52.0
CYOD,12600.0,200.0,ASP,1,0,13L,31R,54.41889953613281,-110.30500030517578,54.3911018371582,-110.2699966430664,143.0
CYOD,10000.0,150.0,ASP,1,0,13R,31L,54.41669845581055,-110.31099700927734,54.39440155029297,-110.28199768066406,143.0
CYOH,3828.0,75.0,CRUSHED ROCK,0,0,04,22,,,,,
CYOH,,,UNK,0,0,05,23,,,,,
CYOJ,5000.0,150.0,ASP,1,0,13,31,58.62749862670898,-117.1709976196289,58.61529922485352,-117.15899658203124,154.0
CYOO,2654.0,100.0,ASP,1,0,05,23,43.919700622558594,-78.89749908447266,43.92610168457031,-78.89250183105469,35.0
CYOO,4750.0,100.0,ASP,1,0,12,30,43.9244,-78.9039,43.920799,-78.889397,109.0
CYOP,4539.0,100.0,ASP,1,0,09,27,58.493499755859375,-119.41899871826172,58.489200592041016,-119.39700317382812,110.0
CYOS,3932.0,75.0,ASP,1,0,18,36,44.59560012817383,-80.83889770507812,44.58530044555664,-80.8364028930664,170.1
CYOW,3300.0,75.0,ASP,0,0,04,22,45.32667541503906,-75.68901824951172,45.33430099487305,-75.68350219726562,26.0
CYOW,8000.0,200.0,ASP,1,0,07,25,45.31330108642578,-75.6709976196289,45.32519912719727,-75.6447982788086,57.2
CYOW,10000.0,200.0,ASP,1,0,14,32,45.32703399658203,-75.68624114990234,45.310791015625,-75.65492248535156,126.3
CYPA,5000.0,150.0,ASP,1,0,08,26,53.21799850463867,-105.68480682373048,53.21799850463867,-105.66144561767578,91.0
CYPA,2500.0,100.0,GRS,0,0,16,34,53.217716217041016,-105.6737289428711,53.21077728271485,-105.67169952392578,169.9
CYPC,4000.0,100.0,GVL,1,0,02T,20T,69.35600280761719,-124.06400299072266,69.36620330810547,-124.0530014038086,20.0
CYPD,5000.0,150.0,ASP,1,0,11,29,45.65650177001953,-61.37810134887695,45.65650177001953,-61.35860061645508,90.0
CYPE,5000.0,150.0,ASP,1,0,04,22,56.22330093383789,-117.45800018310548,56.22999954223633,-117.43599700927734,61.4
CYPE,1900.0,150.0,GRS,0,1,08,26,56.227500915527344,-117.44300079345705,56.22639846801758,-117.43399810791016,102.0
CYPG,3045.0,150.0,ASP,1,0,02,20,49.903900146484375,-98.26920318603516,49.91170120239258,-98.26499938964844,19.0
CYPG,2670.0,150.0,ASP,0,0,09,27,49.91170120239258,-98.2771987915039,49.91189956665039,-98.2664031982422,89.0
CYPG,3130.0,150.0,ASP,0,0,13L,31R,49.91080093383789,-98.2791976928711,49.90499877929688,-98.26940155029295,134.0
CYPG,7000.0,200.0,ASP,1,0,13R,31L,49.90769958496094,-98.28450012207033,49.89440155029297,-98.26329803466795,133.0
CYPH,3500.0,100.0,GRAVEL,0,0,06,24,58.468632,-78.083717,58.475231,-78.07032,
CYPK,2485.0,75.0,ASP,0,0,08L,26R,49.219200134277344,-122.71499633789062,49.21860122680664,-122.70500183105467,95.0
CYPK,5003.0,100.0,ASP,1,0,08R,26L,49.21500015258789,-122.72200012207033,49.213600158691406,-122.7020034790039,96.0
CYPK,2484.0,75.0,ASP,1,0,18,36,49.21929931640625,-122.70600128173828,49.21310043334961,-122.70899963378906,202.0
CYPL,4921.0,100.0,ASP,1,0,09,27,51.44649887084961,-90.2248992919922,51.44649887084961,-90.20330047607422,90.0
CYPM,3500.0,100.0,GRVL,0,0,09,27,,,,,
CYPN,4886.0,150.0,ASP,1,0,11,29,49.83639907836914,-64.29889678955078,49.83639907836914,-64.2782974243164,90.0
CYPO,3520.0,100.0,Gravel,0,0,11,29,,,,,108.0
CYPP,2975.0,75.0,GRAVEL,0,0,06,24,,,,,
CYPQ,7005.0,100.0,ASP,1,0,09,27,44.22821,-78.376152,44.232868,-78.350243,76.0
CYPQ,2000.0,49.0,ASPH,0,0,13,31,44.230652,-78.359787,44.228462,-78.353638,118.0
CYPR,6000.0,200.0,ASP,1,0,13,31,54.29330062866211,-130.45199584960938,54.278900146484375,-130.43800354003906,151.5
CYPS,3917.0,100.0,ASP,0,0,06,24,50.30179977416992,-122.74600219726562,50.303199768066406,-122.72899627685548,83.0
CYPT,3300.0,75.0,ASP,1,0,10,28,41.78056,-82.68406,41.780637,-82.672,90.0
CYPT,1850.0,20.0,GVL,0,0,19,01,41.781399,-82.674202,41.7745,-82.67412,179.0
CYPU,6012.0,250.0,ASP,0,0,05,23,52.10960006713867,-124.15699768066406,52.1161003112793,-124.13200378417967,66.9
CYPW,3627.0,150.0,ASP,1,0,09,27,49.83470153808594,-124.50599670410156,49.83238983154297,-124.49317932128906,119.0
CYPX,6299.0,148.0,GVL,1,0,01,19,60.0437126159668,-77.28374481201172,60.06051254272461,-77.29146575927734,343.0
CYPY,5000.0,150.0,ASP,1,0,04,22,58.76279830932617,-111.12799835205078,58.77140045166016,-111.10700225830078,51.0
CYPZ,5000.0,75.0,ASP,1,0,11,29,54.38150024414063,-125.95999908447266,54.37139892578125,-125.94300079345705,136.8
CYQA,2180.0,100.0,GRS,0,1,09,27,44.965599,-79.306099,44.966702,-79.297798,79.0
CYQA,6000.0,150.0,ASP,1,0,18,36,44.98469924926758,-79.30829620361328,44.96860122680664,-79.30419921875,169.0
CYQB,9000.0,150.0,ASP,1,0,06,24,46.7822,-71.406403,46.799974,-71.381072,44.0
CYQB,5700.0,150.0,ASP,1,0,11,29,46.78879928588867,-71.40290069580078,46.78680038452149,-71.38040161132812,97.6
CYQD,5901.0,150.0,ASP,1,0,13,31,53.976898193359375,-101.10099792480467,53.96580123901367,-101.08100128173828,133.0
CYQF,3449.0,100.0,ASP,1,0,12,30,52.18220138549805,-113.9000015258789,52.17610168457031,-113.88800048828124,130.0
CYQF,7500.0,98.0,ASP,1,0,17,35,52.191200256347656,-113.89299774169922,52.17599868774414,-113.89299774169922,180.0
CYQG,9000.0,200.0,ASP,1,0,07,25,42.27330017089844,-82.97059631347656,42.2849006652832,-82.94120025634766,62.1
CYQG,5150.0,150.0,ASP,1,0,12,30,42.27330017089844,-82.97059631347656,42.2672004699707,-82.95330047607422,115.5
CYQH,5504.0,150.0,ASP,1,0,09,27,60.119999,-128.835007,60.115002,-128.806,110.0
CYQI,6000.0,150.0,ASP,1,0,06,24,43.817501068115234,-66.09750366210938,43.8297004699707,-66.08219909667969,42.1
CYQI,5000.0,150.0,ASP,1,0,15,33,43.83720016479492,-66.09310150146484,43.82780075073242,-66.0792007446289,133.2
CYQK,5800.0,150.0,ASP,1,0,08,26,49.786598205566406,-94.3750991821289,49.79010009765625,-94.35130310058594,77.0
CYQL,6500.0,200.0,ASP,1,0,06,24,49.6239013671875,-112.81500244140624,49.62990188598633,-112.79000091552734,70.0
CYQL,5500.0,150.0,ASP,1,0,13,31,49.63639831542969,-112.79900360107422,49.625,-112.78399658203124,140.0
CYQM,10001.0,200.0,ASP,1,0,06,24,46.105988,-64.694305,46.126205,-64.667664,44.0
CYQM,8000.0,200.0,ASP,1,0,11,29,46.106842,-64.694359,46.1078,-64.662849,89.0
CYQN,3200.0,300.0,GRS,0,1,06,24,50.17919921875,-86.70140075683594,50.18439865112305,-86.69029998779297,53.4
CYQN,3500.0,100.0,ASP,1,0,09,27,50.18220138549805,-86.70359802246094,50.183101654052734,-86.68890380859375,85.0
CYQN,3200.0,300.0,GVL,0,1,16,34,50.18220138549805,-86.6968994140625,50.17440032958984,-86.69080352783203,153.3
CYQQ,10000.0,200.0,PEM,1,0,12,30,49.720699310302734,-124.9020004272461,49.70119857788086,-124.87200164794922,135.0
CYQQ,5000.0,200.0,ASP,1,0,18,36,49.72010040283203,-124.89299774169922,49.70759963989258,-124.9010009765625,202.7
CYQR,6200.0,150.0,ASP,1,0,08,26,50.4281005859375,-104.68000030517578,50.42829895019531,-104.65399932861328,89.0
CYQR,7900.0,150.0,ASP,1,0,13,31,50.43920135498047,-104.6709976196289,50.423301696777344,-104.64800262451172,138.0
CYQS,2607.0,75.0,ASP,0,0,03,21,42.7661018371582,-81.1050033569336,42.77280044555664,-81.10140228271484,25.0
CYQS,5013.0,100.0,ASP,1,0,09,27,42.77199935913086,-81.11920166015625,42.77360153198242,-81.10050201416016,85.0
CYQS,2610.0,75.0,ASP,0,0,15,33,42.77190017700195,-81.11250305175781,42.76639938354492,-81.10639953613281,145.0
CYQT,7318.0,200.0,ASP,1,0,07,25,48.37009811401367,-89.33380126953125,48.376800537109375,-89.3052978515625,70.0
CYQT,5297.0,150.0,ASP,1,0,12,30,48.37480163574219,-89.33809661865234,48.3671989440918,-89.31950378417969,120.0
CYQU,6200.0,200.0,ASP,1,0,07,25,55.18439865112305,-118.9000015258789,55.18439865112305,-118.87000274658205,89.4
CYQU,8502.0,148.0,ASP,1,0,12,30,55.190102,-118.904587,55.173679,-118.875717,135.0
CYQV,4800.0,150.0,ASP,1,0,04,22,51.26060104370117,-102.46900177001952,51.27000045776367,-102.45500183105467,44.0
CYQV,3000.0,100.0,COM,1,0,13,31,51.26499938964844,-102.46199798583984,51.25920104980469,-102.4520034790039,135.0
CYQW,2565.0,50.0,ASP,0,0,06,24,52.76639938354492,-108.25299835205078,52.76789855957031,-108.24199676513672,78.0
CYQW,5000.0,150.0,ASP,1,0,12,30,52.77439880371094,-108.25,52.76390075683594,-108.23500061035156,139.0
CYQX,10200.0,200.0,ASP,1,0,03,21,48.92079925537109,-54.56829833984375,48.94839859008789,-54.56019973754883,11.0
CYQX,1875.0,50.0,ASP,0,1,09,27,48.94340133666992,-54.56800079345703,48.94580078125,-54.56110000610352,62.7
CYQX,8900.0,200.0,ASP,1,0,13,31,48.95330047607422,-54.58639907836914,48.94609832763672,-54.55110168457031,107.3
CYQY,7070.0,200.0,ASP,1,0,06,24,46.15380096435547,-60.06119918823242,46.16719818115234,-60.04109954833984,46.0
CYQY,5997.0,150.0,ASP,1,0,18,36,46.16889953613281,-60.04219818115234,46.15250015258789,-60.03580093383789,164.9
CYQZ,5500.0,200.0,ASP,1,0,13,31,53.03260040283203,-122.51699829101562,53.01959991455078,-122.50399780273438,150.0
CYRB,6500.0,200.0,GVL,1,0,17T,35T,74.72550201416016,-94.9770965576172,74.70829772949219,-94.96160125732422,167.0
CYRC,3734.0,150.0,ASP,0,0,06,24,48.51940155029297,-71.06220245361328,48.52719879150391,-71.05220031738281,40.4
CYRC,6087.0,150.0,ASP,1,0,12,30,48.51898193359375,-71.06260681152344,48.514747619628906,-71.03852081298828,105.5
CYRC,3769.0,150.0,ASP,1,0,18,36,48.52719879150391,-71.05220031738281,48.51750183105469,-71.04720306396484,161.2
CYRI,6000.0,150.0,ASP,1,0,05,23,47.75749969482422,-69.5916976928711,47.77140045166016,-69.5781021118164,33.0
CYRJ,5000.0,150.0,ASP,1,0,16,34,48.52560043334961,-72.27189636230469,48.51440048217773,-72.25920104980469,142.6
CYRL,5001.0,150.0,ASP,1,0,08,26,51.065799713134766,-93.80390167236328,51.06809997558594,-93.7822036743164,80.7
CYRM,5500.0,100.0,ASP,1,0,13,31,52.43600082397461,-114.91100311279295,52.42350006103516,-114.89700317382812,146.0
CYRO,3300.0,100.0,ASP,1,0,09,27,45.45991516113281,-75.64886474609375,45.4614486694336,-75.63777923583984,76.0
CYRP,2205.0,65.0,GVL,0,0,04,22,,,,,27.0
CYRP,3937.0,98.0,ASP,1,0,10,28,45.31859970092773,-76.02970123291016,45.31969833374024,-76.01470184326172,84.0
CYRQ,9006.0,150.0,ASP,1,0,05,23,46.345699310302734,-72.68560028076172,46.35979843139648,-72.67320251464844,31.4
CYRS,3555.0,85.0,CRUSHED ROCK,0,0,09,27,,,,,
CYRT,6000.0,150.0,ASP,1,0,13T,31T,62.81660079956055,-92.12979888916016,62.80619812011719,-92.10189819335938,129.0
CYRV,4800.0,75.0,ASP,0,0,12,30,50.97150039672852,-118.19000244140624,50.96179962158203,-118.1760025024414,138.0
CYSA,5000.0,100.0,ASP,1,0,05,23,43.41059875488281,-80.94000244140625,43.42079925537109,-80.92749786376953,42.0
CYSA,2829.0,50.0,ASP,1,0,17,35,43.4192008972168,-80.94110107421875,43.41170120239258,-80.93779754638672,162.0
CYSB,6600.0,150.0,ASP,1,0,04,22,46.6175,-80.804703,46.633301,-80.792198,29.0
CYSB,5000.0,150.0,ASP,1,0,12,30,46.62919998168945,-80.80750274658203,46.625301361083984,-80.78829956054688,106.4
CYSC,6000.0,150.0,ASP,1,0,13,31,45.442501068115234,-71.70159912109375,45.43450164794922,-71.68109893798828,118.8
CYSC,6000.0,150.0,ASPH,0,0,14,32,,,,,
CYSE,2400.0,75.0,ASPHALT,0,0,14,32,,,,,
CYSF,5050.0,100.0,TREATED GRAVEL,0,0,06,24,,,,,
CYSG,5108.0,75.0,ASP,1,0,06,24,46.09149932861328,-70.7219009399414,46.101200103759766,-70.7073974609375,46.1
CYSH,4000.0,75.0,ASP,1,0,06,24,44.94219970703125,-75.94609832763672,44.94929122924805,-75.93499755859375,50.6
CYSH,1500.0,85.0,grass,0,0,15,33,44.946609,-75.938431,44.943451,-75.934288,137.0
CYSJ,7000.0,200.0,ASP,1,0,05,23,45.3025016784668,-65.89420318603516,45.31919860839844,-65.88059997558594,30.0
CYSJ,5100.0,200.0,ASP,1,0,14,32,45.32939910888672,-65.9000015258789,45.32220077514648,-65.88310241699219,121.2
CYSK,3800.0,100.0,GRAVEL,0,0,09,27,56.535126,-79.258995,56.538681,-79.241264,
CYSL,4000.0,100.0,ASP,1,0,18,36,47.16230010986328,-67.8395004272461,47.15230178833008,-67.83309936523438,156.2
CYSM,1800.0,100.0,COM,1,0,03,21,60.02170181274414,-111.96099853515624,60.02539825439453,-111.95500183105467,41.0
CYSM,6000.0,100.0,ASP,1,0,12,30,60.02750015258789,-111.9729995727539,60.016700744628906,-111.947998046875,131.0
CYSN,2500.0,75.0,ASP,0,0,01,19,43.18579864501953,-79.17720031738281,43.19279861450195,-79.17749786376953,358.3
CYSN,5000.0,150.0,ASP,1,0,06,24,43.18790054321289,-79.17859649658203,43.19620132446289,-79.1636962890625,52.7
CYSN,2000.0,75.0,ASP,0,0,11,29,43.19279861450195,-79.1781005859375,43.19219970703125,-79.17060089111328,95.8
CYSP,3933.0,100.0,ASP,1,0,16,34,48.7599983215332,-86.34809875488281,48.7505989074707,-86.3407974243164,153.2
CYSQ,3950.0,75.0,GRVL,0,0,19,01,,,,,
CYST,3400.0,75.0,CRUSHED ROCK,0,0,04,22,,,,,
CYSU,8000.0,200.0,ASP,1,0,05,23,46.4314,-63.8428,46.4492,-63.8242,36.0
CYSU,5300.0,150.0,ASP,0,1,12,30,46.44419860839844,-63.84109878540039,46.44309997558594,-63.82080078125,94.6
CYSU,5460.0,150.0,ASP,0,1,18,36,46.44329833984375,-63.84109878540039,46.42940139770508,-63.832801818847656,157.5
CYSW,4000.0,75.0,ASP,0,0,17,35,49.83879852294922,-114.88300323486328,49.82789993286133,-114.88400268554688,185.0
CYSY,4000.0,100.0,GVL,1,0,08T,26T,71.99330139160156,-125.26000213623048,71.99440002441406,-125.2249984741211,84.0
CYSZ,3977.0,90.0,ASP,1,0,14,32,49.12279891967773,-66.5363998413086,49.1171989440918,-66.52189636230469,120.0
CYTA,5000.0,100.0,ASP,1,0,17,35,45.87080001831055,-77.25559997558594,45.85810089111328,-77.247802734375,157.0
CYTE,4000.0,100.0,GVL,1,0,13T,31T,64.2332992553711,-76.53669738769531,64.22669982910156,-76.5167007446289,127.0
CYTF,5000.0,100.0,ASP,1,0,13,31,48.511101,-71.650002,48.506401,-71.633904,114.0
CYTH,5800.0,150.0,ASP,1,0,06,24,55.79641,-97.874733,55.804108,-97.850082,61.0
CYTH,5079.0,100.0,GVL,1,0,15,33,55.812851,-97.866463,55.80069,-97.8545,151.0
CYTL,3900.0,100.0,GRVL,0,0,14,32,,,,,
CYTN,5377.0,145.0,ASP,1,0,06,24,45.60710144042969,-62.62810134887695,45.61660003662109,-62.61410140991211,46.0
CYTN,2200.0,60.0,ASP,0,0,10,28,45.61000061035156,-62.62760162353516,45.61090087890625,-62.61909866333008,81.8
CYTQ,3519.0,100.0,GRAVEL,0,0,05,23,,,,,
CYTR,10000.0,200.0,ASP,1,0,06,24,44.1088981628418,-77.54219818115234,44.12599182128906,-77.51644134521484,51.0
CYTR,3025.0,150.0,ASP,1,0,13,31,44.11750030517578,-77.53690338134766,44.11330032348633,-77.52690124511719,120.0
CYTS,6000.0,150.0,ASP,1,0,03,21,48.5630989074707,-81.37889862060547,48.57830047607422,-81.37000274658203,21.1
CYTS,4903.0,150.0,ASP,1,0,10,28,48.56969833374024,-81.38670349121094,48.56940078735352,-81.36640167236328,90.0
CYTZ,2933.0,150.0,ASP,0,0,06,24,43.625858306884766,-79.39755249023438,43.63019943237305,-79.39044189453125,48.0
CYTZ,3988.0,150.0,ASP,1,0,08,26,43.62746810913086,-79.40333557128906,43.63097381591797,-79.38906860351562,69.0
CYTZ,2780.0,150.0,ASP,0,1,15,33,43.62969970703125,-79.40059661865234,43.6239013671875,-79.3938980102539,140.0
CYUB,4600.0,100.0,GVL,1,0,10,28,69.43732,-133.042374,69.428878,-133.009919,127.0
CYUL,11000.0,200.0,ASP,1,0,06L,24R,45.461063385009766,-73.7650146484375,45.4832763671875,-73.73592376708984,42.7
CYUL,9600.0,200.0,ASP,1,0,06R,24L,45.45766067504883,-73.74138641357422,45.47702026367188,-73.71601104736328,41.3
CYUL,7000.0,200.0,ASP,1,1,10,28,45.462502,-73.764999,45.463299,-73.738297,88.0
CYUT,3400.0,100.0,GVL,1,0,16T,34T,66.52580261230469,-86.22850036621094,66.51699829101562,-86.22090148925781,161.0
CYUX,5410.0,150.0,GVL,1,0,12T,30T,68.7802963256836,-81.2605972290039,68.77200317382812,-81.22669982910156,124.0
CYUY,7485.0,150.0,ASP,1,0,08,26,48.20100021362305,-78.8488998413086,48.21060180664063,-78.82170104980469,62.0
CYVB,5985.0,150.0,ASP,1,0,13,31,48.074501037597656,-65.47129821777344,48.06760025024414,-65.4490966796875,115.0
CYVC,2396.0,50.0,GVL,0,0,11,29,55.150902,-105.274002,55.148499,-105.263,112.0
CYVC,5000.0,150.0,ASP,1,0,18,36,55.15810012817383,-105.26000213623048,55.14459991455078,-105.26399993896484,189.0
CYVD,4000.0,75.0,ASPHALT,0,0,08,26,,,,,
CYVG,3300.0,75.0,ASP,1,0,10,28,53.35810089111328,-110.83000183105467,53.35390090942383,-110.81700134277344,119.0
CYVK,3360.0,75.0,ASP,1,0,05,23,50.24649810791016,-119.33699798583984,50.24959945678711,-119.3239974975586,71.0
CYVM,3800.0,100.0,GVL,1,0,03T,21T,67.542198,-64.038979,67.550911,-64.024147,33.0
CYVO,10000.0,150.0,ASP,1,0,18,36,48.06669998168945,-77.7864990234375,48.039798736572266,-77.77880096435547,169.1
CYVP,6000.0,150.0,ASP,1,0,07,25,58.08440017700195,-68.43810272216797,58.09640121459961,-68.41670227050781,43.0
CYVP,5000.0,150.0,GVL,1,0,13,31,58.10499954223633,-68.43190002441406,58.101898193359375,-68.40670013427734,103.0
CYVQ,5998.0,150.0,ASP,1,0,10,28,65.285599,-126.815002,65.277702,-126.780998,117.0
CYVR,9940.0,200.0,CON,1,0,08L,26R,49.20500183105469,-123.20099639892578,49.20059967041016,-123.16000366210938,100.0
CYVR,11500.0,200.0,ASP,1,0,08R,26L,49.19010162353516,-123.20800018310548,49.18439865112305,-123.16100311279295,100.3
CYVR,7300.0,200.0,CON,1,0,13,31,49.19990158081055,-123.20099639892578,49.184200286865234,-123.18199920654295,142.0
CYVR,3500.0,75.0,CON,0,1,XX,26A,49.18579864501953,-123.2020034790039,49.184200286865234,-123.18800354003906,99.8
CYVT,2297.0,75.0,ASP,1,0,06,24,55.841400146484375,-108.43900299072266,55.84249877929688,-108.427001953125,82.0
CYVT,5006.0,100.0,ASP,1,0,12,30,55.84310150146485,-108.43199920654295,55.83470153808594,-108.41300201416016,129.0
CYVV,5021.0,150.0,ASP,1,0,05,23,44.739200592041016,-81.11720275878906,44.74919891357422,-81.10389709472656,43.5
CYVV,3100.0,100.0,GVL,0,0,11,29,44.742801666259766,-81.11170196533203,44.74140167236328,-81.0999984741211,99.5
CYVZ,3500.0,100.0,GRVL,0,0,13,31,,,,,
CYWA,3800.0,75.0,GRS,0,1,17,35,45.956402,-77.323097,45.947498,-77.315002,148.0
CYWG,4500.0,200.0,ASP,0,1,07,25,49.908599853515625,-97.23529815673828,49.91170120239258,-97.21690368652344,75.4
CYWG,8841.0,200.0,ASP,1,0,13,31,49.9128,-97.252197,49.895302,-97.227203,137.0
CYWG,11000.0,200.0,ASP,1,0,18,36,49.92530059814453,-97.23419952392578,49.895599365234375,-97.24169921875,189.3
CYWJ,3933.0,99.0,GRVL,0,0,08,26,65.212112,-123.449127,65.210243,-123.423904,100.0
CYWK,6002.0,150.0,ASP,1,0,18,36,52.93046569824219,-66.86924743652344,52.91498565673828,-66.86009979248047,157.0
CYWL,7000.0,150.0,ASP,1,0,12,30,52.189201,-122.064003,52.1758,-122.042999,135.0
CYWM,4000.0,100.0,ASP,1,0,17,35,54.7486,-113.204002,54.737801,-113.204002,181.0
CYWP,3500.0,100.0,GRVL,0,0,02,20,,,,,
CYWV,3000.0,75.0,ASP,1,0,13,31,52.798901,-110.862,52.792801,-110.852997,139.0
CYWY,3500.0,100.0,GVL,1,0,11,29,63.21260070800781,-123.44499969482422,63.206298828125,-123.4290008544922,131.4
CYXC,6000.0,150.0,ASP,1,0,16,34,49.61970138549805,-115.78299713134766,49.60329818725586,-115.78199768066406,178.1
CYXE,8300.0,200.0,ASP,1,0,09,27,52.17850112915039,-106.71800231933594,52.174198150634766,-106.68199920654295,101.0
CYXE,6200.0,150.0,ASP,1,0,15,33,52.179199,-106.705002,52.16294,-106.696728,165.0
CYXH,5000.0,150.0,ASP,1,0,03,21,50.01399993896485,-110.72799682617188,50.02379989624024,-110.71299743652344,44.6
CYXH,2820.0,100.0,ASP,1,0,09,27,50.01689910888672,-110.7249984741211,50.01470184326172,-110.71299743652344,106.8
CYXJ,6698.0,198.0,ASP,1,0,03,21,56.231998,-120.75,56.244999,-120.726997,45.0
CYXJ,6909.0,150.0,ASP,1,0,12,30,56.244999,-120.752998,56.231701,-120.730003,135.0
CYXK,4600.0,150.0,ASP,1,0,07,25,48.473899841308594,-68.50389862060547,48.482200622558594,-68.48970031738281,48.5
CYXL,2200.0,50.0,GVL,0,1,03,21,50.11529922485352,-91.9032974243164,50.12030029296875,-91.89859771728516,31.2
CYXL,5300.0,100.0,ASP,1,0,16,34,50.1208610534668,-91.90970611572266,50.10730743408203,-91.9016571044922,156.2
CYXN,4000.0,,UNK,0,0,15T,33T,,,,,
CYXP,2920.0,100.0,GVL,1,0,06T,24T,66.14309692382812,-65.72229766845703,66.14689636230469,-65.70500183105469,62.0
CYXQ,3745.0,100.0,GRVL,0,0,14,32,,,,,162.0
CYXR,5998.0,150.0,ASP,1,0,08,26,47.69390106201172,-79.85800170898438,47.70130157470703,-79.83619689941406,63.3
CYXR,3019.0,150.0,GVL,1,0,16,34,47.69580078125,-79.86109924316406,47.68889999389648,-79.8550033569336,149.3
CYXS,3769.0,75.0,ASP,0,0,01,19,53.88589859008789,-122.6780014038086,53.89469909667969,-122.66899871826172,31.0
CYXS,5624.0,150.0,ASP,1,0,06,24,53.8857,-122.693001,53.888699,-122.667999,79.0
CYXS,11450.0,150.0,ASP,1,0,15,33,53.900299072265625,-122.6709976196289,53.88029861450195,-122.66400146484376,170.0
CYXT,5373.0,150.0,ASP,0,0,03,21,54.45890045166016,-128.58399963378906,54.46810150146485,-128.56399536132812,51.0
CYXT,7497.0,150.0,ASP,1,0,15,33,54.47869873046875,-128.58999633789062,54.45840072631836,-128.5850067138672,171.9
CYXU,6300.0,200.0,ASP,1,0,09,27,43.03810119628906,-81.16390228271484,43.04169845581055,-81.14080047607422,77.9
CYXU,8800.0,200.0,ASP,1,0,15,33,43.04209899902344,-81.15979766845703,43.02399826049805,-81.13809967041016,139.0
CYXX,5328.0,200.0,ASP,1,0,01,19,49.01860046386719,-122.37899780273438,49.03139877319336,-122.37000274658205,25.4
CYXX,1500.0,100.0,GRS,0,1,01L,19R,49.0261,-122.374001,49.029701,-122.371002,27.0
CYXX,9600.0,200.0,PEM,1,0,07,25,49.01890182495117,-122.37999725341795,49.02040100097656,-122.33999633789062,86.7
CYXY,1239.0,75.0,ASP,0,1,02,20,60.711937,-135.071774,60.715133,-135.067347,34.0
CYXY,6597.0,100.0,ASP,0,0,14L,32R,60.718483,-135.070328,60.701599,-135.057312,159.0
CYXY,9497.0,150.0,ASP,1,0,14R,32L,60.72169876098633,-135.07699584960938,60.697601318359375,-135.0570068359375,158.0
CYXZ,4429.0,100.0,ASP,1,0,03,21,47.96110153198242,-84.79029846191406,47.972198486328125,-84.78309631347656,23.6
CYYB,10000.0,200.0,ASP,1,0,08,26,46.35749816894531,-79.44080352783203,46.36920166015625,-79.40499877929688,64.7
CYYB,2500.0,75.0,GRS,0,0,13,31,46.369998931884766,-79.42610168457031,46.36669921875,-79.4175033569336,118.3
CYYB,4474.0,150.0,ASP,1,0,18,36,46.36970138549805,-79.42579650878906,46.3577995300293,-79.42220306396484,168.2
CYYC,6200.0,150.0,ASP,1,1,08,26,51.104198,-114.029999,51.104198,-114.002998,90.0
CYYC,8000.0,200.0,ASP,1,0,11,29,51.12639999389648,-114.03700256347656,51.1156005859375,-114.00599670410156,119.5
CYYC,14000.0,200.0,CONC,1,0,17L,35R,51.1483,-113.989998,51.110001,-113.989998,180.0
CYYC,12675.0,200.0,ASP,1,0,17R,35L,51.13140106201172,-114.02100372314452,51.09659957885742,-114.02100372314452,180.0
CYYD,5000.0,150.0,ASP,1,0,15,33,54.83160018920898,-127.18399810791016,54.81809997558594,-127.18099975585938,171.0
CYYE,6400.0,200.0,ASP,1,0,04,22,58.8307991027832,-122.61599731445312,58.84030151367188,-122.58799743652344,57.0
CYYE,,,UNK,0,1,07,25,,,,,
CYYE,3575.0,77.0,ASP,0,0,08,26,58.838299,-122.598999,58.835602,-122.578003,102.0
CYYF,6000.0,148.0,ASP,1,0,16,34,49.46939849853516,-119.60099792480467,49.45309829711914,-119.60199737548828,182.0
CYYG,7002.0,150.0,ASP,1,0,03,21,46.27970123291016,-63.12749862670898,46.29859924316406,-63.12310028076172,9.3
CYYG,7000.0,150.0,ASP,1,0,10,28,46.29389953613281,-63.12900161743164,46.29650115966797,-63.109500885009766,78.9
CYYH,4020.0,100.0,GVL,1,0,15T,33T,69.5510025024414,-93.58350372314452,69.54129791259766,-93.5687026977539,152.0
CYYJ,5027.0,200.0,ASP,1,0,03,21,48.64189910888672,-123.43399810791016,48.65190124511719,-123.41899871826172,43.9
CYYJ,7000.0,200.0,ASP,1,0,09,27,48.6510009765625,-123.44000244140624,48.64599990844727,-123.41200256347656,105.0
CYYJ,5001.0,200.0,ASP,1,0,14,32,48.65250015258789,-123.43299865722656,48.64059829711914,-123.4229965209961,151.9
CYYL,2520.0,80.0,GVL,0,0,08,26,56.86100006103516,-101.08200073242188,56.86130142211914,-101.06999969482422,87.0
CYYL,5000.0,150.0,ASP,1,0,17,35,56.870601654052734,-101.06999969482422,56.85689926147461,-101.06999969482422,180.0
CYYM,3600.0,300.0,TURF,0,0,03,21,,,,,
CYYM,4330.0,300.0,TURF,0,0,11,29,,,,,
CYYN,2500.0,50.0,ASP,1,0,04,22,50.28889846801758,-107.6989974975586,50.29330062866211,-107.69100189208984,49.3
CYYN,4250.0,150.0,ASP,1,0,13,31,50.2967,-107.695999,50.2883,-107.682999,136.0
CYYO,3000.0,75.0,ASP,1,0,09,27,51.80970001220703,-104.1760025024414,51.808101654052734,-104.16200256347656,102.0
CYYQ,4000.0,100.0,GVL,1,0,07,25,58.75170135498047,-94.07109832763672,58.75519943237305,-94.05120086669922,72.0
CYYQ,9200.0,160.0,ASP,1,0,15,33,58.74570083618164,-94.07769775390624,58.72330093383789,-94.0553970336914,152.6
CYYR,11046.0,209.0,ASP,1,0,08,26,53.30390167236328,-60.44810104370117,53.3213996887207,-60.406700134277344,54.8
CYYR,9580.0,200.0,ASP,1,0,15,33,53.33390045166016,-60.4364013671875,53.31610107421875,-60.40439987182617,133.0
CYYT,5028.0,100.0,ASP,1,1,02,20,47.611698,-52.738098,47.625401,-52.739498,356.0
CYYT,8502.0,200.0,ASP,1,0,10,28,47.623299,-52.7733,47.625,-52.738899,86.0
CYYT,7005.0,197.0,ASP,1,0,16,34,47.625801,-52.7514,47.6106,-52.733898,142.0
CYYU,3590.0,75.0,ASP,0,1,10,28,49.414376,-82.476885,49.414582,-82.461192,90.0
CYYU,5500.0,100.0,ASP,1,0,17,35,49.42079925537109,-82.47219848632812,49.40689849853516,-82.46279907226562,156.1
CYYW,4000.0,100.0,ASP,1,0,12,30,50.29909896850586,-88.92500305175781,50.2942008972168,-88.90969848632812,117.0
CYYW,2940.0,100.0,ASP,0,0,18,36,50.2942008972168,-88.90969848632812,50.28609848022461,-88.9094009399414,178.7
CYYY,6000.0,150.0,ASP,1,0,06,24,48.60359954833984,-68.21640014648438,48.61640167236328,-68.20079803466797,39.0
CYYY,3934.0,150.0,ASP,1,0,15,33,48.60820007324219,-68.2157974243164,48.60079956054688,-68.20390319824219,133.0
CYYZ,11120.0,200.0,ASP/CONC,1,0,05,23,43.67390060424805,-79.66390228271484,43.69469833374024,-79.63330078125,47.0
CYYZ,9697.0,200.0,ASP,1,0,06L,24R,43.66104888916016,-79.62342834472656,43.678977966308594,-79.59736633300781,47.0
CYYZ,9000.0,200.0,ASP,1,0,06R,24L,43.65829849243164,-79.6219253540039,43.675289154052734,-79.59723663330078,47.0
CYYZ,11050.0,200.0,ASP,1,0,15L,33R,43.69189834594727,-79.64219665527344,43.66999816894531,-79.61389923095703,137.0
CYYZ,9088.0,200.0,ASP,1,0,15R,33L,43.68579864501953,-79.65170288085938,43.66749954223633,-79.62830352783203,137.0
CYZD,3164.0,150.0,ASP,0,1,09,27,43.74250030517578,-79.47329711914062,43.74420166015625,-79.46170043945312,78.8
CYZD,7003.0,200.0,ASP,1,0,15,33,43.749698638916016,-79.47419738769531,43.73529815673828,-79.45690155029297,139.2
CYZE,5500.0,100.0,ASP,1,0,11,29,45.886101,-82.577202,45.884399,-82.558296,97.0
CYZF,5000.0,150.0,ASP,1,0,10,28,62.47129821777344,-114.4530029296875,62.46530151367188,-114.427001953125,116.0
CYZF,7500.0,150.0,ASP,1,0,16,34,62.47320175170898,-114.44400024414062,62.45280075073242,-114.44100189208984,176.0
CYZG,3523.0,100.0,Gravel,0,0,03,21,,,,,29.0
CYZH,5561.0,100.0,ASP,1,0,10,28,55.29650115966797,-114.79000091552734,55.29010009765625,-114.76599884033205,114.7
CYZP,5120.0,150.0,ASP,1,0,13,31,53.2599983215332,-131.8209991455078,53.24860000610352,-131.8070068359375,144.0
CYZR,2989.0,75.0,ASP,0,0,06,24,42.9967,-82.311096,43.0019,-82.302803,49.0
CYZR,5100.0,100.0,ASP,1,0,15,33,43.004398,-82.3153,42.994202,-82.3022,137.0
CYZS,5000.0,100.0,GVL,1,0,16T,34T,64.19950103759766,-83.36609649658203,64.18710327148438,-83.35279846191406,155.0
CYZT,4000.0,150.0,ASP,1,0,08,26,50.680599,-127.375999,50.68,-127.358002,92.0
CYZT,5000.0,150.0,ASP,1,0,11,29,50.68610000610352,-127.3730010986328,50.67720031738281,-127.35700225830078,129.3
CYZT,4000.0,150.0,ASP,0,0,16,34,50.68579864501953,-127.37200164794922,50.67499923706055,-127.37100219726562,178.4
CYZU,5800.0,100.0,ASP,1,0,11,29,54.148399353027344,-115.7979965209961,54.13930130004883,-115.7760009765625,125.0
CYZV,5900.0,200.0,ASP,0,1,05,23,50.21720123291016,-66.2781982421875,50.23139953613281,-66.26570129394531,29.5
CYZV,6552.0,150.0,ASP,1,0,09,27,50.21720123291016,-66.2791976928711,50.22359848022461,-66.25250244140625,69.5
CYZV,5771.0,200.0,ASP,1,0,13,31,50.22969818115234,-66.27690124511719,50.22420120239258,-66.25250244140625,109.5
CYZW,5028.0,100.0,GVL,1,0,09,27,60.174702,-132.755997,60.170898,-132.729996,107.0
CYZX,8000.0,200.0,ASP,1,0,08,26,44.98109817504883,-64.93250274658203,44.990699768066406,-64.90470123291016,64.0
CYZX,8000.0,200.0,ASP,1,0,12,30,44.98360061645508,-64.931396484375,44.97719955444336,-64.90170288085938,107.0
CYZY,5033.0,100.0,ASP,1,0,17,35,55.3111,-123.130997,55.297501,-123.133003,186.0
CZAC,3395.0,85.0,CRUSHED ROCK,0,0,10,28,,,,,
CZAM,4260.0,75.0,ASP,1,0,14,32,50.68820190429688,-119.23200225830078,50.67739868164063,-119.2249984741211,158.0
CZBA,2464.0,50.0,asphalt,0,0,09,27,43.440799713134766,-79.85440063476562,43.44189834594727,-79.84609985351562,80.0
CZBA,3775.0,75.0,Asphalt/Turf,1,0,14,32,43.44499969482422,-79.85469818115234,43.43840026855469,-79.84420013427734,131.0
CZBB,4865.0,75.0,ASP,0,1,03,21,49.06669998168945,-123.00700378417967,49.07809829711914,-122.99600219726562,50.1
CZBB,5606.0,100.0,ASP,1,0,07,25,49.07809829711914,-123.0199966430664,49.07789993286133,-122.99600219726562,90.0
CZBB,5605.0,100.0,ASP,1,0,13,31,49.07820129394531,-123.0189971923828,49.06990051269531,-123.01000213623048,144.0
CZBD,3000.0,75.0,CRUSHED ROCK,0,0,09,27,,,,,
CZBF,5613.0,100.0,ASP,1,0,10,28,47.628799,-65.748001,47.630501,-65.729897,82.0
CZBM,5000.0,100.0,ASP,1,0,05,23,45.285484,-72.747879,45.296387,-72.736069,37.0
CZBM,3200.0,320.0,GRS,0,0,05R,23L,45.287200927734375,-72.743896484375,45.29439926147461,-72.73690032958984,34.2
CZEE,2590.0,75.0,GRAVEL,0,0,12,30,,,,,
CZEM,3512.0,100.0,GRAVEL,0,0,02,20,,,,,19.0
CZF2,1036.0,30.0,Turf,0,0,02,20,,,,,23.0
CZFA,4000.0,100.0,GVL,1,0,09,27,62.20970153808594,-133.38699340820312,62.205299377441406,-133.36500549316406,113.7
CZFD,3800.0,75.0,TREATED GRAVEL,0,0,10,28,,,,,
CZFG,3000.0,85.0,CRUSHED ROCK,0,0,15,33,,,,,
CZFM,3500.0,100.0,GVL,1,0,12,30,67.411209,-134.868118,67.402596,-134.851395,140.0
CZFN,3935.0,99.0,GRAVEL,1,0,07,25,64.909195,-125.581985,64.910225,-125.55677,84.0
CZGF,4300.0,100.0,ASP,1,0,07,25,49.01530075073242,-118.43900299072266,49.01530075073242,-118.4209976196289,90.0
CZGI,3540.0,80.0,CRUSHED ROCK,0,0,09,27,,,,,
CZGR,2800.0,75.0,CRUSHED ROCK,0,0,18,36,,,,,
CZHP,3933.0,75.0,ASP,1,0,07,25,55.39350128173828,-116.48500061035156,55.393699645996094,-116.46600341796876,88.5
CZJG,3800.0,100.0,GRAVEL,0,0,15,33,,,,,
CZJN,3933.0,100.0,ASP,1,0,02,20,52.11579895019531,-101.23999786376952,52.12540054321289,-101.23200225830078,27.0
CZJN,1950.0,75.0,GRS,0,0,08,26,52.1161003112793,-101.23999786376952,52.11650085449219,-101.23200225830078,85.0
CZKE,3903.0,100.0,GRVL,0,0,06,24,,,,,64.0
CZLQ,2220.0,75.0,CRUSHED ROCK,0,0,12,30,,,,,
CZMD,3500.0,100.0,GRVL,0,0,05,23,,,,,
CZML,5293.0,75.0,ASP,1,0,15,33,51.74300003051758,-121.33699798583984,51.73030090332031,-121.33000183105467,165.0
CZMN,2200.0,75.0,CRUSHED ROCK,0,0,05,23,,,,,
CZMT,5000.0,100.0,ASP,1,0,13,31,54.030399322509766,-132.12399291992188,54.01919937133789,-132.11099243164062,148.3
CZNG,2500.0,60.0,CRUSHED ROCK,0,0,10,28,,,,,
CZNL,3100.0,75.0,ASP,0,0,04,22,49.49190139770508,-117.30599975585938,49.49610137939453,-117.29499816894533,61.0
CZPB,3500.0,100.0,GRVL,0,0,10,28,,,,,
CZPC,6600.0,100.0,ASP,1,0,08,26,49.520599,-114.011002,49.520599,-113.983002,90.0
CZPO,3000.0,65.0,GRAVEL/CLAY,0,0,16,34,,,,,
CZRJ,3500.0,100.0,GRVL,0,0,03,21,,,,,
CZSJ,3500.0,100.0,GRVL,0,0,11,29,,,,,
CZSN,3509.0,100.0,CRUSHED ROCK,0,0,18,36,,,,,
CZST,3900.0,75.0,ASP,0,0,18,36,55.94060134887695,-129.98199462890625,55.930301666259766,-129.98599243164062,194.0
CZTA,3000.0,75.0,CRUSHED ROCK,0,0,18,36,,,,,
CZTM,4006.0,90.0,GRAVEL,0,0,01,19,,,,,
CZUC,3512.0,75.0,ASP,1,0,05,23,49.42639923095703,-91.72360229492188,49.43280029296875,-91.71219635009766,49.3
CZUM,5500.0,150.0,ASP,1,0,13,31,53.56449890136719,-64.11820220947266,53.56069946289063,-64.09369659423828,104.5
CZVL,5001.0,100.0,ASP,1,0,08,26,53.673824310302734,-113.86203002929688,53.67144775390625,-113.83931732177734,103.0
CZVL,3500.0,100.0,ASP,1,0,16,34,53.67223358154297,-113.8652114868164,53.66265869140625,-113.8652114868164,181.0
CZWH,3500.0,100.0,CRUSHED ROCK,0,0,03,21,,,,,
CZWL,3793.0,75.0,Asphalt/Concrete,0,0,17,35,,,,,166.0
KCA2,2600.0,65.0,Asphalt,1,0,1,2,,,,,
US-0242,2336.0,50.0,TURF,0,0,13,31,,,,,122.0
YGN,5729.0,164.0,Water,0,0,12,30,50.85662078857422,-126.88570404052734,50.847923278808594,-126.86064910888672,
YOI,4915.0,141.0,gravel,0,0,11,29,,,,,
