node_id,lat,lon
N00001,53.099663,-116.862115
N00002,53.218746,-117.841336
N00003,53.223487,-117.834359
N00004,53.17164,-117.007219
N00005,53.085882,-117.429356
N00006,53.04633,-118.080322
N00007,53.099211,-115.318014
N00008,53.099248,-115.266853
N00009,53.210624,-114.903644
N00010,53.196113,-114.993308
N00011,53.195857,-114.990737
N00012,53.196506,-114.99279
N00013,53.204729,-115.00099
N00014,53.206122,-115.000926
N00015,53.20664,-115.000927
N00016,53.207083,-115.001122
N00017,53.207084,-115.00103
N00018,53.19374,-114.983916
N00019,53.190408,-114.973357
N00020,53.207071,-115.002202
N00021,53.207541,-115.001209
N00022,53.207074,-115.001924
N00023,53.206713,-115.001209
N00024,53.208388,-115.001198
N00025,53.207091,-115.000344
N00026,53.20998,-115.001009
N00027,53.221816,-114.995917
N00028,53.221426,-114.99573
N00029,53.221519,-114.995594
N00030,53.221646,-114.994634
N00031,53.232732,-114.98057
N00032,53.232717,-114.981833
N00033,53.231917,-114.981658
N00034,53.232578,-114.981565
N00035,53.210004,-114.856506
N00036,53.209944,-114.854912
N00037,53.211836,-114.904905
N00038,53.279693,-114.977175
N00039,53.279282,-114.976484
N00040,53.279693,-114.976483
N00041,53.222023,-114.994916
N00042,53.221596,-114.994879
N00043,53.606181,-115.254434
N00044,53.605312,-115.261952
N00045,53.36716,-114.977552
N00046,53.590548,-114.99696
N00047,53.586697,-114.985278
N00048,53.587509,-114.986128
N00049,53.5872,-114.987531
N00050,53.587907,-114.985419
N00051,53.59072,-114.997601
N00052,53.59051,-114.989205
N00053,53.590442,-114.989841
N00054,53.590767,-114.98958
N00055,53.590792,-114.989514
N00056,53.591035,-114.989821
N00057,53.59068,-114.988856
N00058,53.589147,-114.986378
N00059,53.585273,-114.984264
N00060,53.586511,-114.984986
N00061,53.588023,-114.984633
N00062,53.590475,-114.989281
N00063,53.587571,-114.986192
N00064,53.587602,-114.986112
N00065,53.5892,-114.983095
N00066,53.588353,-114.980685
N00067,53.587372,-114.971582
N00068,53.58754,-114.986047
N00069,53.588012,-114.98655
N00070,53.598835,-115.106927
N00071,53.611633,-115.586242
N00072,53.611336,-115.586232
N00073,53.614254,-115.426448
N00074,53.61788,-115.426459
N00075,53.279542,-115.41894
N00076,53.350783,-117.661529
N00077,53.35708,-117.656509
N00078,53.356919,-117.65619
N00079,53.370427,-117.637307
N00080,53.370356,-117.637147
N00081,53.369644,-117.635561
N00082,53.370922,-117.63649
N00083,53.400186,-117.58531
N00084,53.402346,-117.573764
N00085,53.40241,-117.574253
N00086,53.567079,-116.587819
N00087,53.567523,-116.582122
N00088,53.562043,-116.581107
N00089,53.567661,-116.581069
N00090,53.567127,-116.581061
N00091,53.562787,-116.579946
N00092,53.567007,-116.581059
N00093,53.567662,-116.580299
N00094,53.569972,-116.567697
N00095,53.570217,-116.581061
N00096,53.400297,-117.588691
N00097,53.400696,-117.587472
N00098,53.400118,-117.588091
N00099,53.401023,-117.585803
N00100,53.400439,-117.588245
N00101,54.400619,-116.802052
N00102,54.389776,-116.793595
N00103,53.598636,-115.106928
N00104,53.604556,-115.106908
N00105,53.602878,-115.14542
N00106,53.603072,-115.145335
N00107,53.601879,-115.022302
N00108,53.601913,-115.021581
N00109,53.601639,-115.021983
N00110,53.60172,-115.021969
N00111,53.608938,-115.226733
N00112,53.609686,-115.215135
N00113,53.945329,-115.139986
N00114,53.945766,-115.139612
N00115,53.945717,-115.141055
N00116,53.889717,-115.142261
N00117,53.944658,-115.140559
N00118,53.950531,-115.142251
N00119,54.005356,-115.243427
N00120,54.005688,-115.242987
N00121,53.947916,-115.138815
N00122,53.949769,-115.138846
N00123,53.600039,-115.004054
N00124,54.006191,-115.142414
N00125,54.152082,-113.849756
N00126,54.152705,-113.850733
N00127,53.5425,-113.934523
N00128,53.533918,-114.001958
N00129,53.505389,-114.001862
N00130,53.510564,-114.001853
N00131,53.512528,-114.001836
N00132,53.516889,-114.001811
N00133,53.541332,-113.860066
N00134,53.54133,-113.861439
N00135,53.54202,-113.860943
N00136,53.541734,-113.86077
N00137,53.540525,-113.959298
N00138,53.541702,-113.931576
N00139,53.541417,-113.933155
N00140,54.151464,-113.850767
N00141,54.152082,-113.850753
N00142,54.152111,-113.844983
N00143,54.152132,-113.849728
N00144,54.152134,-113.85075
N00145,58.701975,-113.886011
N00146,53.105044,-114.464846
N00147,53.090618,-114.464848
N00148,53.105067,-114.31857
N00149,53.240214,-114.050605
N00150,53.265096,-114.041886
N00151,53.09336,-114.733022
N00152,53.09043,-114.854903
N00153,53.105118,-114.854938
N00154,53.105129,-114.903652
N00155,53.209345,-114.854911
N00156,53.2091,-114.854912
N00157,53.209883,-114.853341
N00158,53.453971,-114.738605
N00159,53.589165,-114.860901
N00160,53.588988,-114.860786
N00161,53.366977,-114.762106
N00162,53.207844,-114.781644
N00163,53.105136,-114.732999
N00164,54.086995,-114.68042
N00165,54.122993,-114.676652
N00166,53.977096,-114.671384
N00167,54.152102,-114.751838
N00168,54.006167,-114.671423
N00169,54.307697,-114.751756
N00170,54.311854,-114.765159
N00171,54.333968,-114.789308
N00172,54.31251,-114.767263
N00173,54.333987,-114.769848
N00174,53.191227,-114.46478
N00175,53.570163,-114.471617
N00176,53.569048,-114.46619
N00177,53.568354,-114.465782
N00178,53.568662,-114.465701
N00179,53.571317,-114.464477
N00180,53.568971,-114.464658
N00181,53.570161,-114.456556
N00182,53.56988,-114.458516
N00183,53.571298,-114.46531
N00184,53.569879,-114.472328
N00185,53.568174,-114.41951
N00186,53.568742,-114.419507
N00187,53.569091,-114.419976
N00188,53.569034,-114.418464
N00189,53.569923,-114.424784
N00190,53.570202,-114.424751
N00191,53.571101,-114.419843
N00192,53.571336,-114.419395
N00193,53.57112,-114.418961
N00194,53.571378,-114.419394
N00195,53.670018,-114.591496
N00196,53.820678,-114.671741
N00197,53.820197,-114.672103
N00198,53.584389,-114.591381
N00199,53.584101,-114.591383
N00200,53.800488,-114.596901
N00201,53.799936,-114.59689
N00202,53.097499,-114.17249
N00203,53.104905,-114.172528
N00204,53.105039,-114.05068
N00205,53.265063,-113.81887
N00206,53.265015,-113.737206
N00207,53.33776,-113.735719
N00208,53.336381,-113.734142
N00209,53.336135,-113.732932
N00210,53.335953,-113.733468
N00211,53.33763,-113.732241
N00212,53.332873,-113.731068
N00213,53.338888,-113.720397
N00214,53.339594,-113.732637
N00215,53.264916,-113.732287
N00216,53.264843,-113.731781
N00217,53.265158,-113.731633
N00218,53.265251,-113.732194
N00219,53.326257,-113.732723
N00220,53.333059,-113.732967
N00221,53.33267,-113.732711
N00222,53.334503,-113.732952
N00223,53.33557,-113.72818
N00224,53.336167,-113.732675
N00225,53.337635,-113.732849
N00226,53.336023,-113.732932
N00227,53.335218,-113.732946
N00228,53.332751,-113.732812
N00229,53.328899,-113.73275
N00230,53.337631,-113.732661
N00231,53.365787,-113.734063
N00232,53.366236,-113.735942
N00233,53.454018,-113.762517
N00234,53.454018,-113.762424
N00235,53.265182,-113.601474
N00236,53.265153,-113.607177
N00237,53.265163,-113.600068
N00238,53.265086,-113.601223
N00239,53.265179,-113.602154
N00240,53.265067,-113.571555
N00241,53.261887,-113.585995
N00242,53.265119,-113.579859
N00243,53.263658,-113.586017
N00244,53.264556,-113.586022
N00245,53.265117,-113.586031
N00246,53.265103,-113.599335
N00247,53.265491,-113.599336
N00248,53.265106,-113.598925
N00249,53.336363,-113.708044
N00250,53.336033,-113.708044
N00251,53.337296,-113.697569
N00252,53.337887,-113.695237
N00253,53.337566,-113.695143
N00254,53.336961,-113.697447
N00255,53.337991,-113.691747
N00256,53.337233,-113.695026
N00257,53.337889,-113.692562
N00258,53.33682,-113.694892
N00259,53.338302,-113.683686
N00260,53.337779,-113.585225
N00261,53.265161,-113.59473
N00262,53.265122,-113.594885
N00263,53.265158,-113.593539
N00264,53.265103,-113.59212
N00265,53.265062,-113.80543
N00266,53.192392,-114.342983
N00267,53.192385,-114.318619
N00268,53.279718,-114.342904
N00269,53.569849,-114.166008
N00270,53.570246,-114.174938
N00271,53.657546,-114.173569
N00272,53.715626,-114.175297
N00273,53.454157,-114.222866
N00274,53.657518,-114.099882
N00275,53.541866,-114.090886
N00276,53.541519,-114.090732
N00277,53.541567,-114.090486
N00278,53.541699,-114.090066
N00279,53.802958,-114.125865
N00280,54.064845,-114.150845
N00281,53.948524,-114.150673
N00282,53.948528,-114.125817
N00283,54.16684,-114.150723
N00284,54.1586,-114.07371
N00285,54.341284,-114.151907
N00286,53.568837,-114.222829
N00287,53.569468,-114.220333
N00288,53.570135,-114.217949
N00289,53.570138,-114.214638
N00290,53.570247,-114.218516
N00291,53.570215,-114.412977
N00292,53.569932,-114.412499
N00293,53.570143,-114.227979
N00294,53.571097,-114.222511
N00295,53.572174,-114.222852
N00296,53.570257,-114.227982
N00297,53.570251,-114.223331
N00298,53.656693,-114.223188
N00299,53.657532,-114.222889
N00300,53.657526,-114.223194
N00301,53.657524,-114.224694
N00302,53.715698,-114.2495
N00303,53.715977,-114.2495
N00304,53.731883,-114.336493
N00305,53.732161,-114.336493
N00306,53.977711,-114.374344
N00307,54.064909,-114.400185
N00308,54.006762,-114.399162
N00309,53.453878,-114.001844
N00310,53.512747,-113.983748
N00311,53.512106,-114.001838
N00312,53.51209,-113.984379
N00313,53.512131,-114.000117
N00314,53.571861,-113.999658
N00315,53.570322,-113.998139
N00316,53.571242,-113.999728
N00317,53.568939,-114.000448
N00318,53.542302,-113.885232
N00319,53.541356,-113.884674
N00320,53.541178,-114.006096
N00321,53.541182,-114.024789
N00322,53.569477,-114.009146
N00323,53.570322,-114.001619
N00324,53.56975,-114.00981
N00325,53.568939,-114.000543
N00326,53.56752,-114.001012
N00327,53.568972,-114.002446
N00328,53.657505,-114.001842
N00329,53.543441,-114.002212
N00330,53.541307,-114.008399
N00331,53.541314,-114.001975
N00332,53.542893,-114.003894
N00333,53.543375,-114.001872
N00334,53.543739,-114.001834
N00335,53.567319,-114.001073
N00336,53.568049,-114.000816
N00337,53.568955,-113.999182
N00338,53.56981,-113.991471
N00339,53.57052,-113.999991
N00340,53.570519,-113.9999
N00341,53.571696,-113.99967
N00342,53.542349,-114.001862
N00343,53.543267,-114.001868
N00344,53.543277,-114.001787
N00345,53.543347,-114.00179
N00346,53.543656,-114.001833
N00347,53.568809,-113.944546
N00348,53.570314,-113.934881
N00349,53.568883,-113.936895
N00350,53.569114,-113.944114
N00351,53.569533,-113.991258
N00352,53.541215,-113.960205
N00353,53.541208,-113.966727
N00354,53.540511,-113.959141
N00355,53.541217,-113.958229
N00356,53.540685,-113.934754
N00357,53.541207,-113.935961
N00358,53.541397,-113.938707
N00359,53.542003,-113.93475
N00360,53.569491,-113.89008
N00361,53.57046,-113.886193
N00362,53.569764,-113.889943
N00363,53.568925,-113.886104
N00364,53.568584,-113.885498
N00365,53.571635,-113.885355
N00366,53.567656,-113.88538
N00367,53.570462,-113.883686
N00368,53.570052,-113.878739
N00369,53.571617,-113.885494
N00370,53.568922,-113.884163
N00371,53.569748,-113.879336
N00372,53.570392,-113.816993
N00373,53.571269,-113.81128
N00374,53.573387,-113.810789
N00375,53.57268,-113.810329
N00376,53.572383,-113.810292
N00377,53.571636,-113.808484
N00378,53.571576,-113.809844
N00379,53.571599,-113.80973
N00380,53.56892,-113.809642
N00381,53.568938,-113.80841
N00382,53.570647,-113.816362
N00383,53.568975,-113.808221
N00384,53.570186,-113.80252
N00385,53.569256,-113.806945
N00386,53.569889,-113.801697
N00387,53.571886,-113.764901
N00388,53.56991,-113.714124
N00389,53.569645,-113.714123
N00390,53.569763,-113.693567
N00391,53.57109,-113.68996
N00392,53.570164,-113.69308
N00393,53.571536,-113.689166
N00394,53.569444,-113.689643
N00395,53.569131,-113.689109
N00396,53.558202,-113.658934
N00397,53.556548,-113.659286
N00398,53.5696,-113.753372
N00399,53.569877,-113.750856
N00400,53.569917,-113.71315
N00401,53.569648,-113.713191
N00402,53.579846,-113.659688
N00403,53.588668,-113.643218
N00404,53.586535,-113.652757
N00405,53.569131,-113.688991
N00406,53.569454,-113.688416
N00407,53.570502,-113.685705
N00408,53.570986,-113.684765
N00409,53.571174,-113.688529
N00410,53.571505,-113.689019
N00411,53.541201,-113.979366
N00412,53.540797,-113.978814
N00413,53.540966,-113.979031
N00414,53.541203,-113.973087
N00415,53.541204,-113.972306
N00416,53.540791,-113.93452
N00417,53.541208,-113.930665
N00418,53.541207,-113.930001
N00419,53.541213,-113.933333
N00420,53.541208,-113.933594
N00421,53.541415,-113.929563
N00422,53.53537,-113.919364
N00423,53.541409,-113.919176
N00424,53.541413,-113.917474
N00425,53.541704,-113.916283
N00426,53.541178,-113.917183
N00427,53.541398,-113.916307
N00428,53.541173,-113.916292
N00429,53.541385,-113.914978
N00430,53.541362,-113.913915
N00431,53.541177,-113.915779
N00432,53.538788,-114.001874
N00433,53.539583,-114.001874
N00434,53.539677,-114.001822
N00435,53.538789,-114.001834
N00436,53.538019,-114.001803
N00437,53.541186,-114.001504
N00438,53.53884,-114.00113
N00439,53.54119,-113.995976
N00440,53.541398,-113.888187
N00441,53.542635,-113.885474
N00442,53.541421,-113.930515
N00443,53.541423,-113.932343
N00444,53.541413,-113.927719
N00445,53.54142,-113.931571
N00446,53.72079,-114.00187
N00447,54.151288,-113.872659
N00448,54.152158,-113.872484
N00449,53.585429,-114.737911
N00450,53.584437,-114.743274
N00451,53.584717,-114.741
N00452,53.583442,-114.738372
N00453,53.582964,-114.738119
N00454,53.5854,-114.737527
N00455,53.583462,-114.737991
N00456,53.583,-114.73811
N00457,53.583734,-114.737921
N00458,53.583624,-114.73733
N00459,53.584421,-114.733891
N00460,53.584697,-114.730514
N00461,53.585509,-114.73666
N00462,53.585823,-114.737425
N00463,53.611099,-114.861321
N00464,53.896921,-114.923252
N00465,53.897374,-114.923192
N00466,53.896564,-114.923278
N00467,53.890797,-114.889414
N00468,53.891397,-114.889064
N00469,53.918785,-114.894559
N00470,54.009346,-114.898535
N00471,54.152077,-114.901848
N00472,54.367727,-114.876537
N00473,54.123161,-114.401821
N00474,54.152253,-114.401831
N00475,54.152236,-114.376814
N00476,54.135138,-114.401851
N00477,54.432444,-114.481786
N00478,54.355925,-114.376883
N00479,53.569597,-113.772876
N00480,53.570137,-113.755646
N00481,53.570758,-113.763513
N00482,53.572078,-113.763464
N00483,53.716257,-113.818533
N00484,53.803491,-113.843136
N00485,53.949173,-113.843298
N00486,54.15211,-113.855204
N00487,54.151162,-113.868658
N00488,54.152157,-113.868388
N00489,54.341184,-113.850324
N00490,54.355806,-113.850372
N00491,54.355793,-113.850995
N00492,53.537082,-113.762189
N00493,53.537571,-113.762546
N00494,53.539773,-113.764987
N00495,53.539702,-113.762611
N00496,53.539712,-113.762534
N00497,53.540284,-113.762624
N00498,53.541279,-113.763744
N00499,53.541387,-113.769843
N00500,53.542934,-113.76483
N00501,53.541395,-113.753435
N00502,53.541604,-113.758533
N00503,53.542318,-113.762643
N00504,53.542917,-113.762604
N00505,53.542927,-113.762651
N00506,53.544932,-113.762663
N00507,53.543441,-113.762615
N00508,53.547396,-113.762642
N00509,53.541255,-113.793975
N00510,53.541264,-113.782601
N00511,53.541274,-113.77029
N00512,53.541442,-113.707296
N00513,53.541468,-113.68224
N00514,53.541204,-113.669927
N00515,53.541652,-113.699988
N00516,53.54139,-113.713531
N00517,53.541283,-113.712717
N00518,53.52514,-113.76243
N00519,53.511812,-113.76256
N00520,53.512455,-113.763157
N00521,53.512163,-113.762461
N00522,53.512457,-113.761728
N00523,53.512451,-113.762559
N00524,53.512449,-113.76246
N00525,53.513335,-113.762552
N00526,53.513351,-113.762454
N00527,53.52384,-113.76197
N00528,53.524934,-113.761976
N00529,53.526446,-113.762437
N00530,53.541281,-113.758943
N00531,53.541292,-113.715536
N00532,53.541424,-113.711069
N00533,53.541292,-113.713533
N00534,53.541248,-113.704748
N00535,53.54084,-113.68694
N00536,53.541606,-113.694461
N00537,53.542715,-113.688586
N00538,53.542788,-113.688577
N00539,53.541525,-113.687693
N00540,53.512209,-113.684913
N00541,53.512175,-113.690792
N00542,53.51221,-113.692021
N00543,53.512263,-113.688817
N00544,53.540797,-113.684492
N00545,53.571237,-113.933594
N00546,53.573096,-113.933425
N00547,53.570444,-113.930521
N00548,53.570561,-113.923542
N00549,53.570293,-113.923373
N00550,53.562049,-113.763029
N00551,53.558806,-113.76281
N00552,53.566189,-113.934304
N00553,53.566858,-113.934119
N00554,53.569207,-113.931939
N00555,53.541209,-113.927691
N00556,53.540998,-113.926409
N00557,53.541205,-113.926408
N00558,53.540781,-113.926439
N00559,53.541417,-113.924893
N00560,53.563789,-113.763495
N00561,53.562856,-113.763169
N00562,53.562857,-113.763355
N00563,53.541133,-113.910205
N00564,53.656057,-113.809117
N00565,53.659959,-113.809115
N00566,53.658036,-113.811093
N00567,53.65804,-113.809886
N00568,53.657997,-113.809413
N00569,53.657767,-113.809367
N00570,53.658241,-113.809402
N00571,53.658243,-113.808847
N00572,53.657967,-113.808923
N00573,53.658079,-113.807134
N00574,53.566952,-113.763013
N00575,53.56699,-113.763488
N00576,53.568542,-113.765339
N00577,53.568236,-113.76349
N00578,53.568235,-113.763007
N00579,53.568399,-113.761383
N00580,53.569877,-113.774648
N00581,53.572079,-113.762977
N00582,53.801799,-113.662934
N00583,53.8022,-113.66227
N00584,53.801795,-113.662379
N00585,53.80152,-113.662303
N00586,53.797647,-113.661431
N00587,53.80206,-113.660085
N00588,53.799098,-113.660964
N00589,53.801397,-113.660137
N00590,53.801784,-113.66001
N00591,53.801784,-113.659661
N00592,53.801798,-113.662763
N00593,53.805608,-113.661422
N00594,53.657978,-113.680423
N00595,53.65797,-113.675863
N00596,54.149819,-113.675391
N00597,54.152016,-113.679873
N00598,54.149957,-113.675464
N00599,54.152028,-113.675387
N00600,54.152026,-113.671658
N00601,54.152047,-113.682441
N00602,53.800029,-113.651261
N00603,53.801784,-113.659479
N00604,54.152291,-113.650861
N00605,54.152485,-113.650068
N00606,54.152043,-113.668723
N00607,53.657814,-113.652597
N00608,53.658015,-113.652638
N00609,53.657846,-113.652268
N00610,53.658005,-113.652278
N00611,53.657898,-113.65351
N00612,53.657896,-113.651612
N00613,53.719966,-113.642248
N00614,53.719896,-113.642565
N00615,53.801804,-113.651269
N00616,53.431255,-113.581496
N00617,53.430985,-113.578452
N00618,53.432406,-113.57946
N00619,53.431618,-113.579392
N00620,53.428795,-113.572822
N00621,53.454213,-113.664936
N00622,53.45424,-113.66416
N00623,53.454648,-113.660736
N00624,53.459522,-113.640806
N00625,53.464611,-113.634846
N00626,53.463193,-113.636029
N00627,53.460511,-113.638621
N00628,53.46691,-113.63497
N00629,53.465958,-113.632791
N00630,53.510631,-113.677446
N00631,53.511749,-113.677557
N00632,53.512186,-113.680404
N00633,53.512163,-113.677599
N00634,53.512162,-113.677772
N00635,53.51226,-113.677729
N00636,53.512336,-113.678493
N00637,53.512262,-113.677838
N00638,53.512335,-113.677775
N00639,53.512336,-113.677951
N00640,53.512232,-113.681945
N00641,53.51192,-113.677911
N00642,53.512606,-113.677644
N00643,53.512336,-113.677616
N00644,53.512331,-113.674177
N00645,53.521652,-113.654704
N00646,53.541239,-113.666192
N00647,53.539324,-113.662996
N00648,53.528589,-113.659375
N00649,53.541246,-113.659831
N00650,53.516523,-113.659553
N00651,53.520314,-113.615544
N00652,53.774527,-113.644428
N00653,53.774331,-113.644959
N00654,53.59368,-113.645961
N00655,53.673602,-113.639536
N00656,53.672641,-113.637361
N00657,53.671192,-113.639133
N00658,53.672476,-113.638961
N00659,53.801802,-113.642073
N00660,53.633147,-113.634282
N00661,53.637895,-113.624117
N00662,53.666145,-113.634829
N00663,53.665224,-113.63576
N00664,53.665202,-113.63404
N00665,53.66593,-113.633958
N00666,53.664493,-113.63328
N00667,53.66413,-113.632939
N00668,53.663951,-113.633506
N00669,53.663151,-113.63186
N00670,53.664671,-113.633166
N00671,53.666184,-113.633737
N00672,53.657997,-113.633828
N00673,53.657918,-113.634789
N00674,53.657983,-113.63356
N00675,53.657843,-113.633734
N00676,53.657918,-113.631991
N00677,53.66378,-113.632639
N00678,53.660438,-113.630682
N00679,53.657919,-113.631053
N00680,53.658467,-113.630059
N00681,53.660142,-113.630552
N00682,53.657152,-113.630233
N00683,53.657916,-113.630141
N00684,53.656298,-113.629858
N00685,53.712409,-113.639889
N00686,53.712549,-113.639551
N00687,53.714743,-113.638859
N00688,53.716158,-113.638888
N00689,53.716211,-113.637578
N00690,53.716218,-113.644885
N00691,53.716242,-113.641314
N00692,53.716212,-113.6389
N00693,53.716951,-113.641521
N00694,53.716241,-113.642257
N00695,53.717258,-113.639438
N00696,53.570501,-113.616119
N00697,53.574435,-113.615471
N00698,53.570515,-113.613812
N00699,53.654588,-113.629619
N00700,53.655163,-113.629543
N00701,53.657911,-113.629852
N00702,53.654387,-113.629334
N00703,53.626319,-113.617067
N00704,53.626102,-113.61646
N00705,53.621725,-113.609926
N00706,53.803558,-113.620083
N00707,53.6354,-113.623537
N00708,53.635101,-113.62324
N00709,53.635495,-113.624084
N00710,53.620573,-113.607889
N00711,53.61932,-113.605253
N00712,53.6182,-113.603068
N00713,53.618604,-113.603481
N00714,53.61742,-113.601218
N00715,53.615605,-113.598253
N00716,53.618901,-113.596927
N00717,53.575723,-113.605912
N00718,53.577588,-113.59048
N00719,53.579237,-113.590402
N00720,53.580681,-113.584641
N00721,53.581187,-113.576574
N00722,53.597453,-113.573261
N00723,53.599381,-113.573827
N00724,53.597539,-113.573132
N00725,53.599362,-113.578043
N00726,53.600216,-113.575571
N00727,53.537929,-113.626592
N00728,53.538533,-113.615022
N00729,53.538826,-113.621806
N00730,53.539273,-113.616969
N00731,53.53928,-113.614992
N00732,53.538932,-113.616963
N00733,53.538741,-113.660262
N00734,53.541308,-113.649204
N00735,53.541026,-113.651669
N00736,53.536803,-113.650999
N00737,53.541331,-113.647079
N00738,53.541061,-113.64801
N00739,53.541721,-113.646349
N00740,53.541073,-113.646339
N00741,53.541335,-113.645686
N00742,53.541333,-113.643944
N00743,53.541116,-113.643582
N00744,53.541138,-113.641809
N00745,53.541348,-113.640702
N00746,53.541413,-113.621313
N00747,53.541414,-113.620631
N00748,53.542693,-113.616395
N00749,53.541699,-113.620784
N00750,53.544924,-113.613891
N00751,53.543514,-113.615465
N00752,53.546198,-113.615568
N00753,53.549608,-113.615226
N00754,53.546298,-113.615199
N00755,53.56001,-113.615199
N00756,53.553197,-113.614658
N00757,53.55962,-113.616326
N00758,53.090555,-113.805326
N00759,53.075969,-114.050637
N00760,53.093464,-113.597951
N00761,53.093652,-113.598316
N00762,53.09778,-113.47272
N00763,53.133733,-113.494527
N00764,53.090491,-113.415243
N00765,53.134372,-113.41541
N00766,53.075986,-113.220418
N00767,53.134601,-112.962792
N00768,53.076056,-112.952463
N00769,53.075944,-112.635608
N00770,53.076175,-112.830664
N00771,53.075991,-112.440649
N00772,53.076053,-112.245655
N00773,53.192079,-113.602806
N00774,53.192121,-113.601218
N00775,53.191763,-113.600702
N00776,53.19214,-113.600762
N00777,53.191097,-113.600767
N00778,53.191573,-113.598357
N00779,53.192159,-113.600198
N00780,53.190025,-113.598356
N00781,53.194265,-113.597991
N00782,53.192729,-113.597992
N00783,53.192324,-113.595616
N00784,53.192342,-113.595213
N00785,53.192391,-113.593374
N00786,53.192287,-113.596482
N00787,53.192922,-113.595294
N00788,53.192717,-113.595698
N00789,53.26503,-113.727841
N00790,53.266927,-113.732437
N00791,53.337641,-113.720388
N00792,53.229838,-113.573011
N00793,53.232751,-113.57124
N00794,53.233861,-113.535386
N00795,53.234982,-113.535877
N00796,53.254977,-113.56181
N00797,53.253556,-113.561802
N00798,53.253993,-113.561594
N00799,53.23506,-113.568607
N00800,53.251518,-113.561581
N00801,53.252149,-113.557928
N00802,53.25181,-113.557579
N00803,53.261835,-113.562826
N00804,53.263872,-113.561781
N00805,53.264723,-113.561856
N00806,53.264795,-113.561855
N00807,53.264783,-113.561102
N00808,53.264303,-113.565245
N00809,53.261968,-113.563119
N00810,53.264717,-113.566099
N00811,53.264732,-113.57165
N00812,53.264726,-113.565329
N00813,53.264982,-113.576267
N00814,53.265196,-113.565257
N00815,53.26758,-113.563059
N00816,53.266521,-113.552432
N00817,53.264738,-113.576732
N00818,53.265115,-113.571735
N00819,53.264819,-113.572152
N00820,53.264799,-113.571645
N00821,53.264785,-113.571052
N00822,53.264815,-113.565313
N00823,53.264726,-113.563189
N00824,53.26481,-113.566111
N00825,53.266208,-113.561576
N00826,53.269781,-113.561612
N00827,53.308722,-113.55243
N00828,53.310809,-113.551757
N00829,53.308827,-113.556087
N00830,53.294108,-113.549757
N00831,53.279715,-113.548057
N00832,53.289608,-113.54842
N00833,53.279693,-113.547862
N00834,53.297019,-113.547983
N00835,53.244326,-113.541367
N00836,53.244507,-113.541101
N00837,53.243504,-113.541309
N00838,53.250155,-113.541173
N00839,53.2504,-113.541695
N00840,53.237276,-113.536464
N00841,53.23807,-113.536999
N00842,53.243483,-113.541128
N00843,53.243317,-113.539789
N00844,53.24343,-113.539454
N00845,53.244388,-113.539746
N00846,53.244263,-113.539737
N00847,53.250523,-113.540775
N00848,53.236235,-113.537072
N00849,53.236242,-113.536521
N00850,53.237218,-113.536776
N00851,53.23625,-113.535562
N00852,53.236149,-113.536186
N00853,53.236141,-113.535536
N00854,53.250467,-113.415374
N00855,53.250628,-113.147364
N00856,53.134194,-113.22045
N00857,53.191665,-113.05871
N00858,53.337895,-113.51524
N00859,53.337793,-113.515348
N00860,53.337891,-113.514111
N00861,53.337789,-113.513948
N00862,53.337894,-113.510927
N00863,53.337795,-113.510689
N00864,53.395755,-113.508806
N00865,53.396219,-113.507884
N00866,53.396117,-113.503824
N00867,53.400825,-113.505649
N00868,53.408021,-113.504875
N00869,53.417143,-113.494852
N00870,53.337844,-113.505648
N00871,53.413378,-113.49684
N00872,53.414578,-113.49458
N00873,53.419789,-113.493462
N00874,53.423493,-113.494204
N00875,53.419812,-113.49299
N00876,53.337847,-113.415318
N00877,53.34754,-113.415308
N00878,53.349653,-113.419272
N00879,53.36445,-113.415501
N00880,53.337543,-113.569552
N00881,53.337635,-113.573301
N00882,53.33769,-113.570235
N00883,53.337692,-113.575637
N00884,53.338316,-113.573476
N00885,53.338317,-113.573316
N00886,53.33769,-113.570791
N00887,53.337695,-113.564739
N00888,53.338486,-113.561797
N00889,53.338486,-113.561653
N00890,53.395883,-113.418133
N00891,53.336624,-113.573501
N00892,53.336255,-113.573268
N00893,53.337561,-113.573499
N00894,53.33787,-113.55619
N00895,53.337835,-113.559006
N00896,53.337861,-113.552849
N00897,53.337905,-113.552888
N00898,53.338598,-113.552903
N00899,53.337903,-113.556245
N00900,53.337906,-113.550909
N00901,53.338545,-113.54971
N00902,53.344543,-113.547074
N00903,53.308722,-113.552136
N00904,53.308828,-113.551113
N00905,53.309488,-113.549756
N00906,53.317422,-113.549763
N00907,53.300683,-113.549759
N00908,53.396214,-113.515196
N00909,53.396041,-113.519841
N00910,53.334198,-113.549766
N00911,53.337373,-113.547986
N00912,53.337654,-113.545199
N00913,53.337841,-113.542718
N00914,53.337845,-113.546195
N00915,53.337843,-113.545238
N00916,53.337931,-113.545358
N00917,53.337929,-113.544646
N00918,53.337934,-113.542783
N00919,53.330655,-113.547983
N00920,53.314813,-113.547988
N00921,53.33784,-113.539112
N00922,53.338396,-113.543138
N00923,53.338535,-113.543194
N00924,53.337842,-113.543675
N00925,53.337839,-113.541235
N00926,53.337843,-113.544799
N00927,53.339895,-113.547691
N00928,53.350846,-113.537559
N00929,53.362369,-113.532328
N00930,53.303465,-113.547988
N00931,53.308717,-113.546272
N00932,53.308193,-113.54799
N00933,53.308824,-113.543595
N00934,53.308823,-113.545423
N00935,53.301304,-113.545126
N00936,53.301147,-113.545747
N00937,53.307624,-113.545409
N00938,53.301038,-113.544945
N00939,53.33784,-113.537629
N00940,53.337838,-113.536961
N00941,53.337842,-113.533614
N00942,53.337927,-113.533586
N00943,53.338346,-113.537299
N00944,53.337921,-113.537623
N00945,53.337922,-113.537341
N00946,53.396267,-113.517462
N00947,53.397217,-113.515302
N00948,53.337907,-113.52972
N00949,53.337826,-113.529455
N00950,53.337825,-113.528886
N00951,53.337906,-113.527795
N00952,53.338417,-113.527198
N00953,53.337905,-113.527204
N00954,53.337802,-113.517017
N00955,53.337888,-113.517009
N00956,53.429252,-113.557346
N00957,53.433653,-113.540731
N00958,53.388314,-113.514416
N00959,53.396338,-113.513526
N00960,53.396225,-113.510471
N00961,53.396298,-113.50894
N00962,53.40115,-113.509172
N00963,53.392331,-113.514388
N00964,53.388194,-113.515548
N00965,53.351621,-113.415347
N00966,53.350949,-113.415329
N00967,53.348529,-113.415332
N00968,53.348243,-113.415333
N00969,53.360543,-113.415306
N00970,53.361215,-113.415292
N00971,53.366256,-113.416427
N00972,53.365988,-113.416235
N00973,53.363911,-113.415397
N00974,53.360054,-113.415297
N00975,53.394573,-113.418128
N00976,53.367236,-112.658078
N00977,53.337731,-113.245022
N00978,53.418794,-113.150976
N00979,53.417746,-113.14806
N00980,53.45402,-113.025206
N00981,53.367134,-112.803568
N00982,53.366884,-112.684543
N00983,53.368287,-112.668078
N00984,53.366875,-112.635785
N00985,53.358393,-112.635772
N00986,53.093017,-112.050737
N00987,53.173815,-112.050738
N00988,53.099808,-111.784551
N00989,53.103205,-111.540804
N00990,53.089302,-111.589564
N00991,53.059598,-111.516434
N00992,53.103214,-111.516373
N00993,53.103218,-111.223769
N00994,53.074172,-111.223951
N00995,53.074028,-110.882371
N00996,53.088786,-110.322233
N00997,53.192391,-112.903733
N00998,53.19237,-112.830614
N00999,53.192364,-112.806279
N01000,53.192352,-112.635655
N01001,53.290101,-112.440822
N01002,53.283173,-112.416431
N01003,53.230856,-112.245667
N01004,53.366913,-112.416419
N01005,53.36689,-112.338232
N01006,53.366962,-112.245614
N01007,53.366901,-112.041647
N01008,53.432222,-111.796133
N01009,53.432503,-111.796149
N01010,53.369835,-111.531508
N01011,53.370116,-111.531405
N01012,53.335793,-111.175148
N01013,53.329709,-111.175127
N01014,53.329439,-111.175123
N01015,53.334417,-111.17037
N01016,53.161257,-110.88268
N01017,53.16133,-111.175158
N01018,53.161547,-110.541546
N01019,53.356246,-110.858571
N01020,53.335158,-110.859624
N01021,53.33645,-110.860737
N01022,53.33585,-110.85968
N01023,53.337072,-110.86654
N01024,53.336454,-110.859874
N01025,53.33646,-110.859766
N01026,53.335848,-110.859784
N01027,53.337252,-110.866836
N01028,53.339132,-110.860257
N01029,53.33976,-110.860349
N01030,53.339761,-110.860247
N01031,53.339138,-110.860155
N01032,53.339132,-110.859233
N01033,53.338983,-110.861316
N01034,53.338517,-110.85351
N01035,53.336621,-110.858676
N01036,53.338341,-110.853199
N01037,53.342631,-110.859576
N01038,53.35397,-110.858551
N01039,53.349727,-110.858551
N01040,53.343425,-110.553825
N01041,53.343225,-110.553804
N01042,53.333349,-110.321882
N01043,53.333523,-110.321342
N01044,53.332736,-110.319714
N01045,53.333074,-110.32169
N01046,53.333751,-110.321179
N01047,53.161589,-110.322247
N01048,53.333256,-110.321552
N01049,53.277861,-110.065642
N01050,53.277866,-110.065125
N01051,53.277812,-110.063152
N01052,53.277884,-110.063119
N01053,53.278404,-110.062989
N01054,53.277501,-110.063167
N01055,53.278026,-110.063004
N01056,53.278127,-110.060704
N01057,53.278129,-110.060113
N01058,53.277946,-110.061366
N01059,53.278033,-110.058094
N01060,53.278139,-110.058091
N01061,53.277474,-110.054364
N01062,53.091433,-110.005514
N01063,53.277264,-110.054242
N01064,53.278006,-110.053061
N01065,53.278014,-110.048281
N01066,53.277711,-110.047796
N01067,53.277762,-110.04764
N01068,53.278013,-110.047279
N01069,53.278118,-110.029432
N01070,53.277953,-110.025671
N01071,53.278097,-110.014734
N01072,53.277626,-110.01548
N01073,53.278466,-110.010421
N01074,53.27793,-110.010913
N01075,53.277655,-110.010185
N01076,53.278094,-110.011165
N01077,53.285715,-110.005498
N01078,53.285433,-110.006165
N01079,53.278392,-110.010168
N01080,53.278475,-110.029922
N01081,53.278487,-110.005532
N01082,53.27809,-110.009545
N01083,53.27768,-110.009959
N01084,53.277935,-110.009368
N01085,53.278116,-110.006185
N01086,53.277935,-110.006114
N01087,53.278093,-110.005539
N01088,53.277928,-110.005534
N01089,53.277498,-110.005535
N01090,53.277935,-110.015863
N01091,53.278339,-110.015657
N01092,53.161573,-110.005507
N01093,53.272924,-110.023011
N01094,53.261165,-110.005483
N01095,53.258261,-110.005491
N01096,53.259616,-110.006005
N01097,53.259713,-110.006234
N01098,53.260524,-110.005537
N01099,53.258602,-110.005517
N01100,53.424338,-110.005351
N01101,53.458939,-110.005598
N01102,53.464749,-113.625964
N01103,53.468681,-113.640174
N01104,53.467347,-113.633641
N01105,53.474998,-113.654018
N01106,53.479044,-113.663136
N01107,53.477066,-113.656773
N01108,53.480361,-113.656365
N01109,53.479953,-113.661827
N01110,53.479373,-113.661446
N01111,53.479764,-113.65995
N01112,53.479332,-113.662153
N01113,53.483899,-113.659669
N01114,53.479977,-113.65813
N01115,53.480152,-113.658765
N01116,53.480266,-113.65466
N01117,53.481827,-113.652112
N01118,53.480726,-113.65502
N01119,53.48076,-113.654327
N01120,53.494178,-113.660838
N01121,53.491377,-113.659606
N01122,53.484416,-113.65918
N01123,53.490825,-113.659145
N01124,53.493983,-113.661718
N01125,53.493169,-113.660214
N01126,53.494076,-113.661766
N01127,53.493941,-113.65633
N01128,53.49443,-113.657448
N01129,53.494652,-113.656313
N01130,53.493871,-113.65588
N01131,53.494695,-113.655014
N01132,53.560045,-113.615457
N01133,53.559548,-113.614521
N01134,53.558841,-113.615203
N01135,53.559467,-113.614516
N01136,53.572104,-113.631565
N01137,53.575257,-113.607046
N01138,53.5704,-113.616596
N01139,53.570371,-113.615461
N01140,53.571144,-113.615464
N01141,53.569966,-113.615466
N01142,53.570436,-113.615193
N01143,53.570997,-113.615198
N01144,53.570517,-113.614549
N01145,53.570367,-113.614404
N01146,53.56973,-113.615195
N01147,53.571627,-113.615191
N01148,53.57175,-113.622707
N01149,53.572513,-113.617029
N01150,53.572124,-113.615464
N01151,53.572247,-113.621363
N01152,53.572754,-113.615457
N01153,53.572805,-113.615189
N01154,53.57316,-113.61373
N01155,53.573878,-113.615466
N01156,53.573947,-113.615184
N01157,53.574233,-113.613585
N01158,53.574405,-113.615182
N01159,53.613431,-113.60679
N01160,53.614541,-113.605678
N01161,53.61502,-113.596916
N01162,53.616626,-113.600086
N01163,53.615306,-113.59875
N01164,53.615355,-113.59782
N01165,53.615698,-113.598098
N01166,53.616478,-113.60217
N01167,53.617876,-113.59879
N01168,53.618318,-113.602909
N01169,53.61865,-113.602468
N01170,53.620645,-113.594758
N01171,53.621136,-113.610116
N01172,53.620874,-113.608119
N01173,53.620995,-113.609904
N01174,53.62182,-113.610476
N01175,53.621166,-113.609135
N01176,53.621783,-113.609294
N01177,53.621736,-113.609004
N01178,53.512092,-113.638237
N01179,53.51224,-113.638472
N01180,53.51073,-113.616371
N01181,53.51158,-113.617781
N01182,53.511689,-113.616475
N01183,53.511853,-113.622127
N01184,53.512044,-113.616301
N01185,53.512595,-113.616999
N01186,53.512699,-113.615949
N01187,53.513272,-113.615668
N01188,53.514369,-113.615252
N01189,53.51129,-113.630177
N01190,53.511729,-113.631441
N01191,53.512068,-113.633197
N01192,53.512942,-113.629872
N01193,53.51223,-113.63197
N01194,53.513125,-113.63011
N01195,53.512513,-113.630947
N01196,53.513226,-113.659124
N01197,53.515616,-113.659095
N01198,53.521701,-113.658952
N01199,53.521662,-113.65561
N01200,53.521983,-113.655358
N01201,53.516433,-113.656814
N01202,53.512323,-113.655295
N01203,53.521963,-113.655801
N01204,53.521453,-113.655489
N01205,53.521919,-113.655133
N01206,53.512558,-113.628506
N01207,53.518837,-113.615271
N01208,53.51903,-113.61551
N01209,53.519485,-113.616488
N01210,53.51962,-113.616451
N01211,53.520132,-113.615261
N01212,53.523239,-113.662644
N01213,53.523252,-113.662764
N01214,53.523308,-113.662184
N01215,53.523682,-113.662695
N01216,53.523371,-113.663244
N01217,53.523695,-113.662559
N01218,53.523607,-113.659448
N01219,53.524111,-113.65894
N01220,53.530959,-113.615189
N01221,53.531594,-113.616148
N01222,53.531125,-113.615395
N01223,53.540996,-113.677983
N01224,53.539263,-113.617829
N01225,53.531599,-113.617567
N01226,53.532286,-113.615376
N01227,53.531662,-113.615391
N01228,53.531593,-113.614564
N01229,53.531684,-113.615178
N01230,53.53174,-113.614437
N01231,53.532173,-113.615173
N01232,53.531738,-113.616172
N01233,53.532849,-113.65891
N01234,53.534993,-113.657306
N01235,53.535862,-113.65947
N01236,53.537643,-113.658745
N01237,53.540819,-113.66763
N01238,53.543581,-113.662139
N01239,53.541259,-113.653801
N01240,53.541776,-113.659436
N01241,53.546264,-113.659322
N01242,53.545229,-113.658849
N01243,53.541243,-113.657775
N01244,53.537444,-113.627407
N01245,53.537493,-113.627621
N01246,53.538455,-113.622132
N01247,53.537856,-113.6287
N01248,53.540478,-113.646374
N01249,53.541086,-113.64662
N01250,53.541344,-113.641466
N01251,53.541161,-113.639952
N01252,53.541352,-113.639741
N01253,53.541357,-113.638978
N01254,53.541765,-113.63974
N01255,53.541782,-113.639955
N01256,53.541364,-113.637946
N01257,53.544973,-113.614121
N01258,53.542605,-113.615077
N01259,53.540774,-113.614949
N01260,53.539277,-113.614313
N01261,53.541297,-113.616943
N01262,53.548934,-113.614893
N01263,53.548928,-113.614591
N01264,53.549151,-113.614887
N01265,53.552834,-113.615224
N01266,53.541204,-113.646618
N01267,53.541693,-113.64661
N01268,53.541953,-113.646616
N01269,53.541334,-113.646614
N01270,53.541138,-113.64662
N01271,53.541224,-113.646509
N01272,53.54117,-113.646499
N01273,53.541336,-113.646558
N01274,53.541232,-113.646466
N01275,53.541176,-113.646456
N01276,53.541336,-113.646477
N01277,53.541188,-113.646335
N01278,53.54128,-113.646332
N01279,53.541077,-113.646408
N01280,53.541336,-113.646329
N01281,53.541196,-113.622779
N01282,53.541805,-113.617563
N01283,53.541296,-113.614936
N01284,53.541871,-113.614941
N01285,53.541308,-113.61394
N01286,53.542374,-113.618655
N01287,53.54108,-113.614313
N01288,53.624484,-113.614497
N01289,53.624063,-113.613624
N01290,53.624004,-113.613817
N01291,53.623381,-113.613537
N01292,53.623289,-113.612835
N01293,53.623441,-113.613662
N01294,53.635637,-113.624032
N01295,53.636461,-113.623892
N01296,53.636025,-113.622933
N01297,53.636059,-113.622581
N01298,53.636359,-113.623628
N01299,53.637243,-113.62391
N01300,53.63748,-113.624591
N01301,53.637229,-113.624136
N01302,53.637819,-113.624324
N01303,53.638649,-113.624588
N01304,53.63922,-113.624775
N01305,53.640033,-113.625037
N01306,53.640222,-113.625442
N01307,53.640237,-113.625564
N01308,53.643257,-113.625207
N01309,53.643291,-113.624891
N01310,53.646897,-113.62734
N01311,53.647526,-113.627334
N01312,53.643558,-113.626224
N01313,53.64591,-113.626794
N01314,53.648189,-113.627042
N01315,53.642904,-113.62697
N01316,53.64367,-113.626035
N01317,53.643018,-113.62666
N01318,53.642702,-113.625929
N01319,53.640782,-113.625295
N01320,53.642287,-113.62557
N01321,53.653458,-113.62908
N01322,53.653816,-113.62998
N01323,53.65348,-113.629308
N01324,53.653979,-113.629899
N01325,53.654086,-113.628725
N01326,53.715663,-113.641071
N01327,53.716188,-113.641295
N01328,53.716187,-113.642254
N01329,53.716157,-113.637593
N01330,53.71616,-113.631361
N01331,53.499898,-113.659583
N01332,53.494792,-113.659116
N01333,53.510707,-113.662559
N01334,53.504492,-113.659583
N01335,53.503951,-113.659087
N01336,53.512172,-113.655334
N01337,53.512324,-113.662258
N01338,53.512179,-113.660537
N01339,53.512323,-113.650952
N01340,53.512324,-113.658446
N01341,53.511876,-113.625598
N01342,53.512383,-113.6205
N01343,53.573582,-113.616641
N01344,53.571805,-113.63161
N01345,53.512185,-113.666106
N01346,53.511357,-113.659543
N01347,53.512324,-113.665083
N01348,53.512171,-113.662256
N01349,53.512161,-113.676784
N01350,53.511223,-113.629932
N01351,53.511697,-113.629252
N01352,53.512397,-113.623955
N01353,53.55341,-113.65922
N01354,53.555076,-113.658866
N01355,53.566312,-113.660973
N01356,53.569466,-113.660679
N01357,53.57339,-113.652035
N01358,53.573582,-113.663013
N01359,53.573862,-113.66028
N01360,53.573657,-113.651044
N01361,53.573849,-113.666982
N01362,53.566435,-113.660582
N01363,53.571541,-113.665457
N01364,53.572882,-113.671735
N01365,53.572848,-113.672776
N01366,53.570386,-113.640126
N01367,53.570129,-113.639945
N01368,53.570526,-113.639851
N01369,53.576235,-113.661766
N01370,53.577975,-113.658891
N01371,53.579906,-113.659008
N01372,53.573954,-113.653656
N01373,53.570975,-113.638275
N01374,53.570628,-113.639018
N01375,53.572865,-113.642162
N01376,53.571506,-113.639585
N01377,53.57298,-113.640336
N01378,53.574388,-113.638053
N01379,53.573999,-113.638883
N01380,53.5745,-113.638978
N01381,53.5745,-113.637486
N01382,53.574634,-113.638943
N01383,53.575329,-113.638645
N01384,53.587492,-113.641623
N01385,53.59493,-113.640441
N01386,53.595939,-113.637798
N01387,53.588737,-113.643867
N01388,53.590359,-113.645147
N01389,53.589098,-113.643468
N01390,53.589199,-113.650176
N01391,53.594507,-113.649823
N01392,53.592118,-113.647008
N01393,53.590542,-113.648152
N01394,53.591613,-113.64529
N01395,53.593014,-113.648228
N01396,53.596156,-113.650653
N01397,53.443652,-113.602452
N01398,53.463161,-113.62097
N01399,53.465364,-113.630605
N01400,53.465902,-113.63267
N01401,53.467196,-113.629704
N01402,53.467236,-113.629844
N01403,53.467174,-113.629777
N01404,53.467261,-113.629768
N01405,53.467514,-113.628972
N01406,53.449652,-113.604303
N01407,53.449609,-113.603725
N01408,53.467661,-113.630195
N01409,53.469248,-113.631625
N01410,53.469254,-113.631804
N01411,53.512164,-113.612869
N01412,53.51203,-113.612816
N01413,53.511163,-113.614648
N01414,53.512714,-113.614457
N01415,53.512192,-113.614455
N01416,53.511405,-113.61593
N01417,53.511947,-113.601361
N01418,53.512071,-113.60063
N01419,53.512317,-113.597598
N01420,53.512126,-113.607195
N01421,53.512506,-113.612438
N01422,53.519605,-113.614293
N01423,53.511989,-113.607277
N01424,53.519472,-113.614194
N01425,53.51169,-113.613172
N01426,53.511173,-113.596894
N01427,53.511448,-113.597469
N01428,53.511053,-113.596615
N01429,53.512622,-113.596817
N01430,53.512309,-113.595908
N01431,53.51154,-113.595303
N01432,53.512491,-113.596643
N01433,53.428807,-113.584067
N01434,53.431588,-113.585889
N01435,53.428887,-113.575904
N01436,53.429015,-113.585504
N01437,53.429268,-113.585262
N01438,53.429205,-113.585167
N01439,53.429338,-113.584948
N01440,53.429107,-113.584598
N01441,53.429022,-113.584894
N01442,53.431218,-113.583978
N01443,53.430486,-113.586837
N01444,53.429629,-113.58463
N01445,53.429562,-113.584544
N01446,53.432133,-113.580155
N01447,53.438027,-113.595879
N01448,53.445532,-113.598832
N01449,53.438021,-113.595314
N01450,53.44344,-113.602595
N01451,53.444348,-113.601994
N01452,53.443077,-113.601157
N01453,53.445136,-113.597363
N01454,53.444105,-113.597789
N01455,53.44502,-113.59731
N01456,53.476346,-113.574193
N01457,53.476772,-113.575711
N01458,53.489191,-113.571866
N01459,53.491363,-113.572857
N01460,53.491426,-113.571202
N01461,53.495036,-113.57222
N01462,53.511533,-113.574426
N01463,53.512384,-113.584132
N01464,53.511385,-113.573783
N01465,53.511874,-113.590662
N01466,53.512026,-113.590702
N01467,53.577416,-113.598224
N01468,53.577693,-113.590509
N01469,53.5783,-113.590711
N01470,53.577709,-113.591342
N01471,53.578115,-113.596037
N01472,53.580313,-113.565794
N01473,53.581148,-113.567113
N01474,53.581122,-113.563259
N01475,53.581128,-113.564695
N01476,53.582048,-113.5578
N01477,53.581459,-113.558444
N01478,53.580645,-113.565799
N01479,53.581499,-113.557405
N01480,53.58052,-113.577893
N01481,53.58083,-113.578124
N01482,53.581203,-113.579159
N01483,53.581181,-113.580577
N01484,53.581365,-113.577884
N01485,53.579518,-113.591652
N01486,53.580061,-113.591239
N01487,53.579853,-113.590006
N01488,53.580486,-113.59104
N01489,53.581364,-113.576721
N01490,53.581375,-113.578701
N01491,53.581783,-113.578121
N01492,53.581941,-113.577889
N01493,53.585514,-113.56064
N01494,53.586403,-113.561718
N01495,53.597411,-113.573008
N01496,53.598663,-113.574192
N01497,53.599504,-113.575225
N01498,53.599545,-113.574971
N01499,53.600386,-113.576004
N01500,53.599549,-113.573973
N01501,53.597207,-113.5738
N01502,53.626426,-113.583063
N01503,53.630288,-113.577969
N01504,53.626568,-113.583989
N01505,53.627623,-113.577467
N01506,53.627138,-113.576202
N01507,53.627198,-113.575951
N01508,53.628431,-113.575131
N01509,53.631389,-113.56926
N01510,53.631826,-113.56906
N01511,53.63086,-113.577444
N01512,53.631037,-113.577315
N01513,53.630873,-113.576233
N01514,53.636916,-113.543752
N01515,53.636452,-113.543317
N01516,53.637107,-113.544826
N01517,53.636804,-113.551767
N01518,53.636911,-113.552697
N01519,53.638403,-113.544883
N01520,53.637398,-113.54397
N01521,53.639821,-113.545996
N01522,53.639012,-113.545918
N01523,53.640734,-113.546892
N01524,53.640893,-113.546351
N01525,53.638938,-113.544845
N01526,53.686587,-113.503704
N01527,53.686764,-113.503831
N01528,53.687044,-113.504362
N01529,53.687044,-113.504588
N01530,53.687044,-113.502933
N01531,53.687095,-113.503835
N01532,53.687114,-113.503696
N01533,53.687155,-113.503255
N01534,53.687419,-113.503697
N01535,53.692122,-113.503746
N01536,53.716278,-113.499982
N01537,53.643534,-113.549364
N01538,53.51472,-113.577968
N01539,53.482091,-113.541048
N01540,53.482265,-113.54133
N01541,53.48348,-113.539734
N01542,53.484144,-113.541042
N01543,53.484234,-113.541297
N01544,53.482596,-113.561156
N01545,53.482397,-113.566676
N01546,53.489399,-113.572225
N01547,53.486556,-113.57145
N01548,53.490326,-113.570517
N01549,53.483902,-113.570701
N01550,53.483051,-113.524162
N01551,53.482501,-113.518296
N01552,53.48304,-113.536145
N01553,53.482624,-113.542165
N01554,53.482644,-113.540418
N01555,53.483181,-113.535306
N01556,53.48352,-113.542309
N01557,53.489251,-113.572804
N01558,53.486876,-113.572464
N01559,53.490312,-113.573667
N01560,53.489711,-113.571098
N01561,53.490506,-113.570091
N01562,53.490475,-113.573587
N01563,53.50454,-113.566793
N01564,53.494255,-113.57178
N01565,53.499574,-113.57067
N01566,53.499712,-113.570965
N01567,53.503228,-113.569277
N01568,53.501418,-113.56768
N01569,53.502957,-113.562544
N01570,53.505081,-113.567515
N01571,53.505957,-113.566562
N01572,53.580081,-113.525606
N01573,53.580673,-113.526911
N01574,53.580662,-113.527646
N01575,53.580855,-113.525572
N01576,53.580238,-113.525827
N01577,53.580674,-113.558186
N01578,53.581515,-113.557103
N01579,53.581343,-113.557289
N01580,53.581423,-113.557038
N01581,53.581537,-113.5565
N01582,53.580675,-113.556816
N01583,53.580154,-113.556432
N01584,53.580718,-113.556541
N01585,53.580115,-113.556127
N01586,53.581512,-113.5557
N01587,53.581263,-113.563388
N01588,53.581869,-113.555704
N01589,53.580301,-113.541106
N01590,53.580677,-113.539874
N01591,53.580548,-113.540441
N01592,53.580341,-113.541335
N01593,53.580662,-113.542276
N01594,53.581019,-113.550848
N01595,53.58116,-113.549724
N01596,53.580847,-113.542468
N01597,53.580762,-113.55532
N01598,53.478934,-113.572587
N01599,53.482584,-113.549564
N01600,53.482773,-113.548686
N01601,53.481802,-113.507929
N01602,53.481912,-113.517221
N01603,53.480172,-113.500327
N01604,53.479659,-113.495624
N01605,53.483807,-113.516441
N01606,53.481896,-113.507709
N01607,53.43315,-113.519653
N01608,53.433246,-113.519675
N01609,53.433238,-113.519082
N01610,53.433508,-113.519343
N01611,53.433336,-113.519131
N01612,53.43554,-113.51876
N01613,53.438034,-113.518528
N01614,53.43639,-113.519082
N01615,53.433058,-113.519112
N01616,53.434651,-113.526077
N01617,53.434597,-113.520505
N01618,53.434886,-113.514717
N01619,53.435039,-113.514129
N01620,53.435606,-113.520138
N01621,54.558114,-113.836769
N01622,54.639757,-113.823824
N01623,54.559565,-114.102841
N01624,54.705049,-114.153075
N01625,54.705056,-114.102761
N01626,55.064247,-114.035061
N01627,55.028007,-114.048643
N01628,55.055507,-114.059893
N01629,55.241694,-114.701633
N01630,55.239386,-114.698799
N01631,55.167605,-114.035691
N01632,55.26604,-114.763784
N01633,55.266464,-114.763394
N01634,55.266254,-114.764331
N01635,55.239176,-114.53368
N01636,55.240418,-114.531041
N01637,55.241313,-114.521536
N01638,55.239847,-114.532707
N01639,55.23582,-114.544679
N01640,55.24031,-114.533166
N01641,53.803923,-113.66096
N01642,53.821578,-113.651071
N01643,53.949034,-113.644817
N01644,54.148863,-113.675441
N01645,54.152028,-113.675464
N01646,54.152094,-113.675428
N01647,54.152106,-113.649665
N01648,55.821623,-113.426561
N01649,55.333982,-114.93589
N01650,55.333226,-114.93508
N01651,55.272838,-114.781205
N01652,55.272513,-114.780275
N01653,55.27223,-114.780313
N01654,55.272462,-114.780351
N01655,55.272557,-114.779894
N01656,55.272173,-114.780252
N01657,55.272301,-114.779731
N01658,55.272214,-114.779736
N01659,55.271439,-114.77762
N01660,55.283547,-114.769782
N01661,55.540426,-114.892647
N01662,54.587197,-113.50912
N01663,54.733853,-113.497729
N01664,54.587417,-113.359118
N01665,54.600394,-113.326041
N01666,54.721996,-113.301695
N01667,54.722037,-113.300347
N01668,54.717144,-113.286137
N01669,54.721284,-113.285857
N01670,54.721387,-113.278711
N01671,54.721795,-113.278538
N01672,54.718532,-113.259635
N01673,54.719411,-113.255408
N01674,54.721323,-113.279392
N01675,54.594115,-112.804846
N01676,54.719849,-113.208192
N01677,54.617974,-113.207666
N01678,55.249124,-113.211605
N01679,55.242041,-113.186071
N01680,55.980972,-113.895793
N01681,55.969985,-113.844487
N01682,55.949123,-113.822774
N01683,53.549875,-113.471192
N01684,53.481328,-113.515935
N01685,53.482217,-113.515958
N01686,53.646707,-113.505401
N01687,53.620604,-113.491716
N01688,53.620885,-113.492035
N01689,53.621234,-113.492025
N01690,53.621271,-113.492022
N01691,53.621324,-113.490382
N01692,53.621273,-113.491717
N01693,53.619075,-113.492039
N01694,53.621198,-113.491237
N01695,53.618969,-113.491712
N01696,53.628779,-113.494633
N01697,53.628779,-113.492894
N01698,53.613983,-113.494879
N01699,53.613973,-113.49339
N01700,53.614617,-113.492089
N01701,53.614137,-113.492711
N01702,53.647073,-113.499698
N01703,53.6522,-113.492014
N01704,53.651827,-113.491654
N01705,53.659982,-113.501756
N01706,53.648801,-113.491381
N01707,53.648804,-113.491191
N01708,53.651617,-113.492111
N01709,53.681832,-113.503788
N01710,53.645846,-113.497314
N01711,53.644897,-113.491386
N01712,53.645142,-113.491207
N01713,53.640358,-113.491978
N01714,53.641788,-113.491495
N01715,53.638866,-113.492067
N01716,53.621312,-113.491715
N01717,53.621331,-113.492636
N01718,53.622009,-113.492026
N01719,53.623699,-113.490311
N01720,53.625908,-113.491303
N01721,53.627805,-113.491732
N01722,53.628769,-113.491199
N01723,53.62634,-113.491721
N01724,53.624263,-113.49172
N01725,53.629561,-113.492047
N01726,53.636114,-113.491708
N01727,53.63668,-113.491711
N01728,53.638075,-113.492065
N01729,53.638403,-113.492705
N01730,53.638534,-113.49206
N01731,53.638514,-113.492591
N01732,53.636115,-113.492056
N01733,53.629595,-113.491732
N01734,53.599433,-113.494459
N01735,53.59943,-113.493009
N01736,53.599603,-113.492898
N01737,53.600213,-113.492145
N01738,53.599525,-113.492138
N01739,53.59943,-113.492132
N01740,53.598954,-113.492119
N01741,53.599495,-113.491988
N01742,53.599428,-113.491951
N01743,53.59807,-113.49184
N01744,53.599554,-113.492006
N01745,53.599607,-113.491855
N01746,53.599507,-113.491856
N01747,53.602219,-113.492076
N01748,53.601318,-113.491827
N01749,53.615867,-113.492087
N01750,53.614536,-113.491661
N01751,53.613976,-113.490917
N01752,53.614121,-113.490197
N01753,53.605391,-113.491685
N01754,53.606825,-113.491708
N01755,53.606749,-113.49101
N01756,53.606873,-113.490907
N01757,53.424768,-113.494827
N01758,53.42525,-113.494388
N01759,53.424881,-113.495039
N01760,53.422061,-113.49431
N01761,53.424561,-113.494367
N01762,53.425333,-113.491769
N01763,53.424888,-113.490759
N01764,53.424442,-113.491774
N01765,53.424792,-113.491239
N01766,53.428868,-113.493647
N01767,53.427963,-113.492457
N01768,53.428816,-113.492217
N01769,53.431798,-113.492145
N01770,53.43328,-113.492998
N01771,53.436139,-113.499914
N01772,53.426754,-113.493379
N01773,53.435855,-113.503784
N01774,53.436885,-113.500856
N01775,53.434966,-113.530929
N01776,53.439418,-113.493747
N01777,53.435285,-113.487546
N01778,53.43655,-113.490008
N01779,53.437206,-113.490331
N01780,53.437996,-113.487181
N01781,53.442121,-113.492839
N01782,53.436999,-113.495204
N01783,53.439533,-113.491256
N01784,53.444515,-113.492664
N01785,53.446584,-113.491541
N01786,53.446617,-113.49037
N01787,53.446185,-113.490565
N01788,53.446817,-113.489767
N01789,53.44723,-113.492487
N01790,53.447392,-113.490601
N01791,53.448587,-113.492819
N01792,53.451748,-113.492083
N01793,53.45359,-113.49413
N01794,53.453203,-113.493459
N01795,53.450471,-113.49326
N01796,53.454388,-113.494004
N01797,53.454717,-113.493347
N01798,53.457408,-113.492481
N01799,53.457119,-113.492172
N01800,53.463038,-113.494995
N01801,53.463627,-113.494789
N01802,53.460208,-113.493172
N01803,53.460763,-113.492872
N01804,53.467249,-113.495725
N01805,53.467698,-113.497032
N01806,53.466386,-113.495694
N01807,53.466241,-113.492047
N01808,53.466948,-113.492045
N01809,53.467654,-113.491394
N01810,53.467825,-113.491374
N01811,53.468225,-113.492045
N01812,53.479096,-113.492004
N01813,53.479545,-113.486001
N01814,53.48,-113.491349
N01815,53.480025,-113.486255
N01816,53.468795,-113.495725
N01817,53.480941,-113.5031
N01818,53.479836,-113.498348
N01819,53.479668,-113.496484
N01820,53.481128,-113.495891
N01821,53.48196,-113.495232
N01822,53.479172,-113.495671
N01823,53.481129,-113.495409
N01824,53.479992,-113.495599
N01825,53.480957,-113.495444
N01826,53.480481,-113.488121
N01827,53.480062,-113.484916
N01828,53.480361,-113.487406
N01829,53.480804,-113.48511
N01830,53.480789,-113.486255
N01831,53.480981,-113.479182
N01832,53.481137,-113.485974
N01833,53.481149,-113.503474
N01834,53.641153,-113.442161
N01835,53.434507,-113.466998
N01836,53.435121,-113.467217
N01837,53.437171,-113.469807
N01838,53.437466,-113.483186
N01839,53.437335,-113.469605
N01840,53.437576,-113.466544
N01841,53.437798,-113.482861
N01842,53.435071,-113.466132
N01843,53.435281,-113.467196
N01844,53.435246,-113.466218
N01845,53.435734,-113.46684
N01846,53.436668,-113.457101
N01847,53.43716,-113.458841
N01848,53.439538,-113.465595
N01849,53.438989,-113.466461
N01850,53.439543,-113.466731
N01851,53.439719,-113.465665
N01852,53.44021,-113.466408
N01853,53.43972,-113.466718
N01854,53.480517,-113.466418
N01855,53.480852,-113.478918
N01856,53.481639,-113.466514
N01857,53.481701,-113.474385
N01858,53.481744,-113.473167
N01859,53.48211,-113.468094
N01860,53.483176,-113.468728
N01861,53.482821,-113.464578
N01862,53.484205,-113.46722
N01863,53.483725,-113.46567
N01864,53.48425,-113.459369
N01865,53.481808,-113.467021
N01866,53.482282,-113.466747
N01867,53.483552,-113.467047
N01868,53.484771,-113.467253
N01869,53.483972,-113.466724
N01870,53.581217,-113.473806
N01871,53.581373,-113.472803
N01872,53.582264,-113.467537
N01873,53.582905,-113.467423
N01874,53.582005,-113.470045
N01875,53.582192,-113.469255
N01876,53.582382,-113.467921
N01877,53.581942,-113.468333
N01878,53.582352,-113.467811
N01879,53.582041,-113.467708
N01880,53.582141,-113.467408
N01881,53.581906,-113.467455
N01882,53.582819,-113.467221
N01883,53.581798,-113.467449
N01884,53.582395,-113.466864
N01885,53.582391,-113.467226
N01886,53.582644,-113.467438
N01887,53.58173,-113.467248
N01888,53.582421,-113.466473
N01889,53.582079,-113.466906
N01890,53.582043,-113.466481
N01891,53.582457,-113.465145
N01892,53.582408,-113.462302
N01893,53.582471,-113.464451
N01894,53.582285,-113.461721
N01895,53.582503,-113.457261
N01896,53.582293,-113.456524
N01897,53.581548,-113.453836
N01898,53.581014,-113.454002
N01899,53.57983,-113.453873
N01900,53.581215,-113.453424
N01901,53.580674,-113.453466
N01902,53.58103,-113.453202
N01903,53.580503,-113.453257
N01904,53.580912,-113.453088
N01905,53.580395,-113.453114
N01906,53.580732,-113.452852
N01907,53.58119,-113.452018
N01908,53.58021,-113.453744
N01909,53.579938,-113.45255
N01910,53.578914,-113.450315
N01911,53.580201,-113.452882
N01912,53.580374,-113.452429
N01913,53.580284,-113.452313
N01914,53.580588,-113.452696
N01915,53.580862,-113.45221
N01916,53.577615,-113.443049
N01917,53.578227,-113.4439
N01918,53.577866,-113.443063
N01919,53.578564,-113.449841
N01920,53.578364,-113.442019
N01921,53.578909,-113.443063
N01922,53.578372,-113.443832
N01923,53.569923,-113.074125
N01924,53.570126,-113.074101
N01925,53.56993,-113.053895
N01926,53.569955,-113.044046
N01927,53.570578,-112.656037
N01928,53.570291,-112.656032
N01929,53.57061,-112.623285
N01930,53.570333,-112.6219
N01931,53.57034,-112.615066
N01932,53.570616,-112.616345
N01933,53.685872,-113.318379
N01934,53.570251,-113.250678
N01935,53.570041,-113.250994
N01936,53.5899,-112.336455
N01937,53.55519,-113.247293
N01938,53.435764,-113.422528
N01939,53.435441,-113.419081
N01940,53.484017,-113.459793
N01941,53.484147,-113.442481
N01942,53.484229,-113.442892
N01943,53.484579,-113.443772
N01944,53.486117,-113.442865
N01945,53.485636,-113.441797
N01946,53.486089,-113.442502
N01947,53.484987,-113.450187
N01948,53.485177,-113.449685
N01949,53.4856,-113.443951
N01950,53.485908,-113.434607
N01951,53.484672,-113.441425
N01952,53.48551,-113.436032
N01953,53.578524,-113.435049
N01954,53.579507,-113.432718
N01955,53.578375,-113.436203
N01956,53.581968,-113.42532
N01957,53.581384,-113.418216
N01958,53.581576,-113.418469
N01959,53.581947,-113.41923
N01960,53.581927,-113.418474
N01961,53.581932,-113.418202
N01962,53.58196,-113.426574
N01963,53.582762,-113.418193
N01964,53.582691,-113.41847
N01965,53.582772,-113.420667
N01966,53.582857,-113.419146
N01967,53.582791,-113.418468
N01968,53.582871,-113.418467
N01969,53.583357,-113.41845
N01970,53.582867,-113.418195
N01971,53.585074,-113.418472
N01972,53.585526,-113.419238
N01973,53.589616,-113.418911
N01974,53.598293,-113.419243
N01975,53.598608,-113.420298
N01976,53.59907,-113.421851
N01977,53.599536,-113.421289
N01978,53.599259,-113.422578
N01979,53.596261,-113.413414
N01980,53.596509,-113.413624
N01981,53.596987,-113.414422
N01982,53.596898,-113.412634
N01983,53.597019,-113.41331
N01984,53.596989,-113.413571
N01985,53.597136,-113.415534
N01986,53.59705,-113.413565
N01987,53.597087,-113.413307
N01988,53.596295,-113.413674
N01989,53.597117,-113.41245
N01990,53.597688,-113.41354
N01991,53.59718,-113.414222
N01992,53.597604,-113.413279
N01993,53.599017,-113.419777
N01994,53.601211,-113.420139
N01995,53.601143,-113.419475
N01996,53.603296,-113.418407
N01997,53.603802,-113.418736
N01998,53.602336,-113.418046
N01999,53.578218,-113.442162
N02000,53.57873,-113.443067
N02001,53.578684,-113.436946
N02002,53.601399,-113.417044
N02003,53.601382,-113.415837
N02004,53.601495,-113.415617
N02005,53.601857,-113.416481
N02006,53.602006,-113.416302
N02007,53.602257,-113.415993
N02008,53.602698,-113.417611
N02009,53.602851,-113.417429
N02010,53.603331,-113.41688
N02011,53.486393,-113.42755
N02012,53.48732,-113.421769
N02013,53.486832,-113.425434
N02014,53.48664,-113.419409
N02015,53.486247,-113.418391
N02016,53.489545,-113.418352
N02017,53.488741,-113.418374
N02018,53.486244,-113.418045
N02019,53.487702,-113.411326
N02020,53.487818,-113.416208
N02021,53.486903,-113.416152
N02022,53.487509,-113.410202
N02023,53.487851,-113.395535
N02024,53.487769,-113.402841
N02025,53.487463,-113.398848
N02026,53.486841,-113.395135
N02027,53.487564,-113.39406
N02028,53.48909,-113.394022
N02029,53.487771,-113.394057
N02030,53.486145,-113.39395
N02031,53.516335,-113.394506
N02032,53.516692,-113.400454
N02033,53.516921,-113.394197
N02034,53.517038,-113.399327
N02035,53.517696,-113.394341
N02036,53.517147,-113.394192
N02037,53.517733,-113.39386
N02038,53.517282,-113.389897
N02039,53.517739,-113.393383
N02040,53.433138,-113.418063
N02041,53.432507,-113.417817
N02042,53.43313,-113.416787
N02043,53.43572,-113.408855
N02044,53.436697,-113.41796
N02045,53.437844,-113.417118
N02046,53.438316,-113.418113
N02047,53.437588,-113.418224
N02048,53.433331,-113.418067
N02049,53.433753,-113.417834
N02050,53.4354,-113.41006
N02051,53.4387,-113.418408
N02052,53.433314,-113.417023
N02053,53.435751,-113.417758
N02054,53.606529,-113.413148
N02055,53.605556,-113.412117
N02056,53.606831,-113.413529
N02057,53.606797,-113.40986
N02058,53.597176,-113.410428
N02059,53.595474,-113.413969
N02060,53.606941,-113.408246
N02061,53.612647,-113.405411
N02062,53.607762,-113.40954
N02063,53.61496,-113.40599
N02064,53.614831,-113.405584
N02065,53.639191,-113.408624
N02066,53.637745,-113.404707
N02067,53.638008,-113.403296
N02068,53.636106,-113.401141
N02069,53.636194,-113.396166
N02070,53.629889,-113.39626
N02071,53.615472,-113.402397
N02072,53.620736,-113.399782
N02073,53.618704,-113.400278
N02074,53.614261,-113.403408
N02075,53.614221,-113.400669
N02076,53.614413,-113.40343
N02077,53.614439,-113.403699
N02078,53.614428,-113.403267
N02079,53.616502,-113.402129
N02080,53.613907,-113.403718
N02081,53.614165,-113.402501
N02082,53.626342,-113.399826
N02083,53.621978,-113.399312
N02084,53.626269,-113.399996
N02085,53.61931,-113.399983
N02086,53.625813,-113.397834
N02087,53.627814,-113.397063
N02088,53.619136,-113.398814
N02089,53.619822,-113.39973
N02090,53.619998,-113.399649
N02091,53.624586,-113.398307
N02092,53.619153,-113.39917
N02093,53.622173,-113.398744
N02094,53.62337,-113.398255
N02095,53.625726,-113.397868
N02096,53.625717,-113.397683
N02097,53.625944,-113.397267
N02098,53.629853,-113.395759
N02099,53.63741,-113.39284
N02100,53.635148,-113.392095
N02101,53.632871,-113.384795
N02102,53.632232,-113.387586
N02103,53.576045,-113.383166
N02104,53.573584,-113.383949
N02105,53.574468,-113.383833
N02106,53.574185,-113.382216
N02107,53.573351,-113.376685
N02108,53.572311,-113.376975
N02109,53.576682,-113.389547
N02110,53.575587,-113.384077
N02111,53.576457,-113.387752
N02112,53.570864,-113.386017
N02113,53.573765,-113.385274
N02114,53.573217,-113.384351
N02115,53.581774,-113.411349
N02116,53.582073,-113.411245
N02117,53.581955,-113.417085
N02118,53.58286,-113.417228
N02119,53.58287,-113.417606
N02120,53.583398,-113.418195
N02121,53.588811,-113.418187
N02122,53.589423,-113.417184
N02123,53.589516,-113.417052
N02124,53.589575,-113.418173
N02125,53.589596,-113.417964
N02126,53.590171,-113.417718
N02127,53.479268,-113.368768
N02128,53.48149,-113.368947
N02129,53.486286,-113.388941
N02130,53.486551,-113.389167
N02131,53.482592,-113.370597
N02132,53.482581,-113.363827
N02133,53.48232,-113.363704
N02134,53.482366,-113.374684
N02135,53.481578,-113.367345
N02136,53.481489,-113.368654
N02137,53.482612,-113.367343
N02138,53.485577,-113.393586
N02139,53.486503,-113.392282
N02140,53.486637,-113.393646
N02141,53.487596,-113.392886
N02142,53.486933,-113.393663
N02143,53.488021,-113.393694
N02144,53.515575,-113.369066
N02145,53.516156,-113.37011
N02146,53.515898,-113.393878
N02147,53.517481,-113.375407
N02148,53.517029,-113.390581
N02149,53.518266,-113.370707
N02150,53.518928,-113.369253
N02151,53.515717,-113.369273
N02152,53.511774,-113.276579
N02153,53.511721,-113.276455
N02154,53.517625,-113.393861
N02155,53.516298,-113.363609
N02156,53.518395,-113.369052
N02157,53.637267,-113.393409
N02158,53.638088,-113.390125
N02159,53.641529,-113.39176
N02160,53.64177,-113.391157
N02161,53.685589,-113.318151
N02162,53.715936,-113.265291
N02163,53.712033,-113.264543
N02164,53.715157,-113.261395
N02165,53.715114,-113.261506
N02166,53.715602,-113.258875
N02167,53.714994,-113.261372
N02168,53.71491,-113.261278
N02169,53.715053,-113.261265
N02170,53.714967,-113.261171
N02171,53.715891,-113.264123
N02172,53.714616,-113.262566
N02173,53.715953,-113.32094
N02174,53.681095,-113.243039
N02175,53.54134,-113.24898
N02176,53.482634,-113.368932
N02177,53.483095,-113.368944
N02178,53.482635,-113.368621
N02179,53.483324,-113.368587
N02180,53.743642,-113.1244
N02181,53.774317,-112.926225
N02182,53.774374,-112.975673
N02183,53.94896,-113.16376
N02184,53.714323,-113.18912
N02185,53.512055,-113.274221
N02186,53.512182,-113.273812
N02187,53.512474,-113.273388
N02188,53.512174,-113.27341
N02189,53.51217,-113.27274
N02190,53.512059,-113.272903
N02191,53.512063,-113.271669
N02192,53.511672,-113.270676
N02193,53.511136,-113.27051
N02194,53.512023,-113.27659
N02195,53.512034,-113.277455
N02196,53.51219,-113.275187
N02197,53.512169,-113.278547
N02198,53.512176,-113.275858
N02199,53.512173,-113.276446
N02200,53.512439,-113.276452
N02201,53.511015,-113.320094
N02202,53.512194,-113.24889
N02203,53.512273,-113.248877
N02204,53.5137,-113.246759
N02205,53.512287,-113.246759
N02206,53.511495,-113.246478
N02207,53.510849,-113.246479
N02208,53.512271,-113.244516
N02209,53.512198,-113.24648
N02210,53.51219,-113.244535
N02211,53.511458,-113.295607
N02212,53.512184,-113.293994
N02213,53.512185,-113.295444
N02214,53.512068,-113.295441
N02215,53.440453,-113.370221
N02216,53.445528,-113.351878
N02217,53.446894,-113.349329
N02218,53.460023,-113.343703
N02219,53.447468,-113.32622
N02220,53.446641,-113.316541
N02221,53.446675,-113.252986
N02222,53.44688,-113.249444
N02223,53.446667,-113.247438
N02224,53.453465,-113.246184
N02225,53.444948,-113.247751
N02226,53.450795,-113.246195
N02227,53.448474,-113.246178
N02228,53.445676,-113.246151
N02229,53.440442,-113.246099
N02230,53.441502,-113.246082
N02231,53.446399,-113.242087
N02232,53.445526,-113.235225
N02233,53.443133,-113.24614
N02234,53.444972,-113.246106
N02235,53.444969,-113.246148
N02236,53.446821,-113.245021
N02237,53.447302,-113.246122
N02238,53.426973,-113.173297
N02239,53.427425,-113.172525
N02240,53.453715,-113.147945
N02241,53.44063,-113.363309
N02242,53.442034,-113.369166
N02243,53.436584,-113.369094
N02244,53.435039,-113.368922
N02245,53.436617,-113.367897
N02246,53.440554,-113.368922
N02247,53.436562,-113.37572
N02248,53.440391,-113.369093
N02249,53.440314,-113.369902
N02250,53.43685,-113.369091
N02251,53.436699,-113.369007
N02252,53.439824,-113.369086
N02253,53.43675,-113.368056
N02254,53.437294,-113.36891
N02255,53.440289,-113.368916
N02256,53.441874,-113.35865
N02257,53.435912,-113.382533
N02258,53.463153,-113.344284
N02259,53.448309,-113.244282
N02260,53.448501,-113.24613
N02261,53.449961,-113.246138
N02262,53.481361,-113.245914
N02263,53.482721,-113.24766
N02264,53.484253,-113.246184
N02265,53.482895,-113.247655
N02266,53.482718,-113.243459
N02267,53.474247,-113.245971
N02268,53.481354,-113.246214
N02269,53.482895,-113.246199
N02270,53.482722,-113.247057
N02271,53.482028,-113.245887
N02272,53.482895,-113.245891
N02273,53.482723,-113.245892
N02274,53.476043,-113.343602
N02275,53.512052,-113.330702
N02276,53.512177,-113.330693
N02277,53.511905,-113.330271
N02278,53.512191,-113.329677
N02279,53.51205,-113.329847
N02280,53.512389,-113.327008
N02281,53.51217,-113.32716
N02282,53.51217,-113.326806
N02283,53.511694,-113.330179
N02284,53.512267,-113.325169
N02285,53.511728,-113.320238
N02286,53.512167,-113.320224
N02287,53.51205,-113.320175
N02288,53.513082,-113.320176
N02289,53.511716,-113.320091
N02290,53.512168,-113.320155
N02291,53.512051,-113.320086
N02292,53.51217,-113.313898
N02293,53.512076,-113.311319
N02294,53.512081,-113.309332
N02295,53.512123,-113.3085
N02296,53.511955,-113.314503
N02297,53.511739,-113.312045
N02298,53.511973,-113.312256
N02299,53.511948,-113.308864
N02300,53.511676,-113.312048
N02301,53.511973,-113.311778
N02302,53.512074,-113.312601
N02303,53.512053,-113.314173
N02304,53.516781,-113.34466
N02305,53.520824,-113.344395
N02306,53.518377,-113.343827
N02307,53.515515,-113.340507
N02308,53.512207,-113.334942
N02309,53.512064,-113.338432
N02310,53.512763,-113.342337
N02311,53.511523,-113.299927
N02312,53.51218,-113.29778
N02313,53.51196,-113.299214
N02314,53.512079,-113.298197
N02315,53.512179,-113.296409
N02316,53.512075,-113.296382
N02317,53.511907,-113.295874
N02318,53.512187,-113.295638
N02319,53.512073,-113.295632
N02320,53.512091,-113.295549
N02321,53.51213,-113.295583
N02322,53.512071,-113.295535
N02323,53.512101,-113.29549
N02324,53.512186,-113.295537
N02325,53.512148,-113.29552
N02326,53.512165,-113.30837
N02327,53.511762,-113.308331
N02328,53.512199,-113.306498
N02329,53.511932,-113.308055
N02330,53.51208,-113.307346
N02331,53.51208,-113.304378
N02332,53.512078,-113.302682
N02333,53.512078,-113.301302
N02334,53.51208,-113.300068
N02335,53.511955,-113.30058
N02336,53.511962,-113.303817
N02337,53.511963,-113.303182
N02338,53.512048,-113.315061
N02339,53.512095,-113.314961
N02340,53.51217,-113.315002
N02341,53.512129,-113.314989
N02342,53.511644,-113.314918
N02343,53.51205,-113.314913
N02344,53.512496,-113.314899
N02345,53.51217,-113.314909
N02346,53.512598,-113.320068
N02347,53.512167,-113.319292
N02348,53.512051,-113.316486
N02349,53.51217,-113.315542
N02350,53.511953,-113.319839
N02351,53.511957,-113.317646
N02352,53.511975,-113.315846
N02353,53.511961,-113.317956
N02354,53.512051,-113.31819
N02355,53.51205,-113.319515
N02356,53.512051,-113.317412
N02357,53.512412,-113.325055
N02358,53.512048,-113.32503
N02359,53.51217,-113.325023
N02360,53.51217,-113.324702
N02361,53.512048,-113.324445
N02362,53.512047,-113.32391
N02363,53.512168,-113.322518
N02364,53.51205,-113.320935
N02365,53.512268,-113.321473
N02366,53.512267,-113.324894
N02367,53.51217,-113.325319
N02368,53.512678,-113.295455
N02369,53.518025,-113.368518
N02370,53.516071,-113.368267
N02371,53.540028,-113.352631
N02372,53.540125,-113.355293
N02373,53.541849,-113.345575
N02374,53.539826,-113.349088
N02375,53.536024,-113.343505
N02376,53.533662,-113.343529
N02377,53.516201,-113.364308
N02378,53.516621,-113.319917
N02379,53.832735,-113.330623
N02380,53.83259,-113.322211
N02381,53.84689,-113.322435
N02382,53.839166,-113.329325
N02383,53.840782,-113.326982
N02384,53.842085,-113.325156
N02385,54.116793,-112.467818
N02386,53.6066,-113.49197
N02387,53.607518,-113.491698
N02388,53.607673,-113.491967
N02389,53.612378,-113.49167
N02390,53.613169,-113.491656
N02391,53.61361,-113.492075
N02392,53.613978,-113.491752
N02393,53.614057,-113.491814
N02394,53.614047,-113.491902
N02395,53.614015,-113.492084
N02396,53.614053,-113.492082
N02397,53.614061,-113.491656
N02398,53.614069,-113.491821
N02399,53.614062,-113.491912
N02400,53.614091,-113.491656
N02401,53.614123,-113.49076
N02402,53.614139,-113.491989
N02403,53.62887,-113.492044
N02404,53.628491,-113.492045
N02405,53.628904,-113.491741
N02406,53.628934,-113.490649
N02407,53.64738,-113.491146
N02408,53.598852,-113.491856
N02409,53.599418,-113.491013
N02410,53.599607,-113.491009
N02411,53.60003,-113.49185
N02412,53.599607,-113.489285
N02413,53.646747,-113.491815
N02414,53.647084,-113.491854
N02415,53.647355,-113.480978
N02416,53.647093,-113.478185
N02417,53.646724,-113.483199
N02418,53.541127,-113.323879
N02419,53.54129,-113.323874
N02420,53.541238,-113.323946
N02421,53.541009,-113.332345
N02422,53.540073,-113.342431
N02423,53.540994,-113.342869
N02424,53.538633,-113.34021
N02425,53.544053,-113.342675
N02426,53.54018,-113.345581
N02427,53.541223,-113.334837
N02428,53.545915,-113.343524
N02429,53.55787,-113.344091
N02430,53.557476,-113.344542
N02431,53.540838,-113.339225
N02432,53.541133,-113.325926
N02433,53.571523,-113.296095
N02434,53.571931,-113.295431
N02435,53.572485,-113.319814
N02436,53.568674,-113.327436
N02437,53.568724,-113.326368
N02438,53.571189,-113.327348
N02439,53.565668,-113.344757
N02440,53.569589,-113.344681
N02441,53.560226,-113.343685
N02442,53.570223,-113.342382
N02443,53.570055,-113.340476
N02444,53.566767,-113.339495
N02445,53.569414,-113.337235
N02446,53.570329,-113.336927
N02447,53.56925,-113.351439
N02448,53.56928,-113.357956
N02449,53.569373,-113.360113
N02450,53.570105,-113.322358
N02451,53.568691,-113.321472
N02452,53.568151,-113.319804
N02453,53.570304,-113.316394
N02454,53.568198,-113.319607
N02455,53.568651,-113.319021
N02456,53.569778,-113.309342
N02457,53.570321,-113.327672
N02458,53.571636,-113.322159
N02459,53.570636,-113.320508
N02460,53.570115,-113.326977
N02461,53.572133,-113.320352
N02462,53.572081,-113.320213
N02463,53.569921,-113.348452
N02464,53.570054,-113.358226
N02465,53.570575,-113.34966
N02466,53.571423,-113.360079
N02467,53.57146,-113.358785
N02468,53.571449,-113.359834
N02469,53.571502,-113.358623
N02470,53.571573,-113.358692
N02471,53.57178,-113.357943
N02472,53.570635,-113.365323
N02473,53.574397,-113.345422
N02474,53.5816,-113.344209
N02475,53.586197,-113.345187
N02476,53.591901,-113.346686
N02477,53.587831,-113.349808
N02478,53.588337,-113.349818
N02479,53.595305,-113.348546
N02480,53.576687,-113.344869
N02481,53.587837,-113.343521
N02482,53.584531,-113.344033
N02483,53.587988,-113.350517
N02484,53.588895,-113.349081
N02485,53.587867,-113.350077
N02486,53.587139,-113.343451
N02487,53.575225,-113.34448
N02488,53.586225,-113.330479
N02489,53.586078,-113.332186
N02490,53.586277,-113.327824
N02491,53.586338,-113.319993
N02492,53.586498,-113.320008
N02493,53.586939,-113.341956
N02494,53.587139,-113.3222
N02495,53.587003,-113.319991
N02496,53.587361,-113.321219
N02497,53.587522,-113.32101
N02498,53.587726,-113.320325
N02499,53.588083,-113.320374
N02500,53.587619,-113.320301
N02501,53.587653,-113.320195
N02502,53.587761,-113.320208
N02503,53.587075,-113.320137
N02504,53.588799,-113.320141
N02505,53.58834,-113.318501
N02506,53.587801,-113.31971
N02507,53.5883,-113.320242
N02508,53.589174,-113.319999
N02509,53.571749,-113.3198
N02510,53.572133,-113.319645
N02511,53.572084,-113.319636
N02512,53.581304,-113.506793
N02513,53.5814,-113.499199
N02514,53.581332,-113.504589
N02515,53.580835,-113.505104
N02516,53.581236,-113.493267
N02517,53.581229,-113.492738
N02518,53.579864,-113.492234
N02519,53.580286,-113.492229
N02520,53.581245,-113.49153
N02521,53.58135,-113.492095
N02522,53.581374,-113.484452
N02523,53.581595,-113.491581
N02524,53.5816,-113.492639
N02525,53.582116,-113.492004
N02526,53.581593,-113.492064
N02527,53.581232,-113.491303
N02528,53.58156,-113.490204
N02529,53.581852,-113.489427
N02530,53.581541,-113.498905
N02531,53.585957,-113.492676
N02532,53.585853,-113.492036
N02533,53.585707,-113.492122
N02534,53.585568,-113.49204
N02535,53.592913,-113.491994
N02536,53.591427,-113.492058
N02537,53.595819,-113.49198
N02538,53.598073,-113.492097
N02539,53.58126,-113.48517
N02540,53.803603,-113.496106
N02541,53.826902,-113.494469
N02542,53.580719,-113.524738
N02543,53.949204,-113.496309
N02544,54.370722,-113.510552
N02545,53.640435,-113.540059
N02546,53.641039,-113.547043
N02547,53.641309,-113.538537
N02548,53.639202,-113.394554
N02549,53.643791,-113.428066
N02550,53.643953,-113.427307
N02551,53.642539,-113.441501
N02552,53.644677,-113.440125
N02553,53.646469,-113.445851
N02554,53.644381,-113.437363
N02555,53.646762,-113.454772
N02556,53.647105,-113.449765
N02557,53.645633,-113.432794
N02558,53.645758,-113.439277
N02559,53.646914,-113.438691
N02560,53.648288,-113.440742
N02561,53.648095,-113.437771
N02562,53.650495,-113.436175
N02563,53.652458,-113.434652
N02564,53.832713,-113.418429
N02565,53.832982,-113.418148
N02566,53.615348,-113.37847
N02567,53.628563,-113.377837
N02568,53.628113,-113.376402
N02569,53.622155,-113.36671
N02570,53.616495,-113.365885
N02571,53.622055,-113.36588
N02572,53.617531,-113.363407
N02573,53.618215,-113.351218
N02574,53.615979,-113.371683
N02575,53.615747,-113.358016
N02576,53.611166,-113.35455
N02577,53.609756,-113.354438
N02578,53.616799,-113.363178
N02579,53.617218,-113.360154
N02580,53.617402,-113.357899
N02581,53.618671,-113.360615
N02582,53.617675,-113.355434
N02583,53.617744,-113.355457
N02584,53.615618,-113.355333
N02585,53.618162,-113.351179
N02586,53.61846,-113.348726
N02587,53.92603,-118.83592
N02588,53.744886,-115.983262
N02589,53.599579,-115.966983
N02590,53.59929,-115.966977
N02591,53.599154,-116.384872
N02592,53.582553,-116.434443
N02593,53.583513,-116.435227
N02594,53.586357,-116.413692
N02595,53.586874,-116.412562
N02596,53.586333,-116.411367
N02597,53.584535,-116.404325
N02598,53.585902,-116.38625
N02599,53.586156,-116.386112
N02600,55.433762,-116.485779
N02601,55.432856,-116.488626
N02602,55.432856,-116.485789
N02603,55.429756,-116.463511
N02604,55.429569,-116.464048
N02605,56.467362,-116.380556
N02606,56.469767,-116.378747
N02607,54.06822,-115.40147
N02608,54.068658,-115.401484
N02609,53.890235,-115.413593
N02610,54.064568,-115.366609
N02611,54.064891,-115.364013
N02612,54.064632,-115.364725
N02613,54.064376,-115.364009
N02614,54.064491,-115.36401
N02615,54.064331,-115.363206
N02616,54.064031,-115.363997
N02617,53.715836,-116.532162
N02618,54.152038,-116.595637
N02619,53.888563,-119.11435
N02620,53.884664,-119.107022
N02621,53.883019,-119.134537
N02622,53.894504,-119.118667
N02623,53.92528,-118.835573
N02624,54.222176,-116.044423
N02625,54.222102,-116.043328
N02626,54.17851,-115.758939
N02627,54.176831,-115.758756
N02628,54.173578,-115.747485
N02629,54.170608,-115.743665
N02630,54.138058,-115.704288
N02631,54.138588,-115.703491
N02632,54.138727,-115.703562
N02633,54.138535,-115.704063
N02634,54.138685,-115.704317
N02635,54.138652,-115.704021
N02636,54.138714,-115.703999
N02637,54.138778,-115.703976
N02638,54.186933,-115.788241
N02639,54.187281,-115.787593
N02640,54.187694,-115.786371
N02641,54.186039,-115.787273
N02642,54.186156,-115.787211
N02643,54.186719,-115.786881
N02644,54.187132,-115.786659
N02645,54.186905,-115.785215
N02646,54.187884,-115.786272
N02647,54.186528,-115.785682
N02648,54.187283,-115.79048
N02649,54.286793,-116.171759
N02650,54.287791,-116.170009
N02651,54.291836,-116.208642
N02652,54.292499,-116.214543
N02653,54.297415,-116.258848
N02654,54.297878,-116.257208
N02655,54.126269,-115.663403
N02656,54.137737,-115.696574
N02657,54.128023,-115.664543
N02658,54.129852,-115.668995
N02659,54.130699,-115.669705
N02660,54.130352,-115.672546
N02661,54.131443,-115.670667
N02662,54.131679,-115.672218
N02663,54.13171,-115.672074
N02664,54.136784,-115.684805
N02665,54.137969,-115.687116
N02666,54.137334,-115.687204
N02667,54.137764,-115.691705
N02668,54.137695,-115.694605
N02669,54.138198,-115.694606
N02670,54.137644,-115.688813
N02671,54.137427,-115.688471
N02672,55.316248,-115.629926
N02673,55.308612,-115.626723
N02674,55.925107,-115.621156
N02675,55.168993,-119.435963
N02676,55.170607,-119.435963
N02677,55.21417,-119.435547
N02678,55.215472,-119.437142
N02679,55.25785,-119.486944
N02680,55.054231,-119.703946
N02681,55.188201,-119.384694
N02682,55.187286,-119.366985
N02683,54.323493,-116.610877
N02684,54.323838,-116.610443
N02685,54.359716,-116.71082
N02686,54.394213,-116.809221
N02687,54.360655,-116.711195
N02688,54.387691,-116.788343
N02689,54.710614,-115.412721
N02690,54.710532,-115.399903
N02691,54.716665,-115.402153
N02692,55.21377,-118.02778
N02693,55.214196,-118.027847
N02694,55.214556,-118.027828
N02695,55.214198,-118.028664
N02696,54.995972,-117.2809
N02697,55.08326,-117.25541
N02698,55.461646,-117.390017
N02699,55.040892,-118.748276
N02700,55.223419,-118.249296
N02701,55.223495,-118.250245
N02702,55.228806,-118.399184
N02703,55.231328,-118.384788
N02704,55.228693,-118.384747
N02705,55.230908,-118.384664
N02706,55.345094,-118.769372
N02707,54.995971,-117.28163
N02708,55.061588,-117.282307
N02709,55.061625,-117.282189
N02710,55.061195,-117.281899
N02711,55.062205,-117.283084
N02712,55.061549,-117.282454
N02713,55.061986,-117.282494
N02714,55.061778,-117.281681
N02715,55.066554,-117.286428
N02716,55.067864,-117.29335
N02717,55.074321,-118.76388
N02718,55.032286,-118.752655
N02719,55.028971,-118.754341
N02720,55.030171,-118.753731
N02721,55.112456,-118.770316
N02722,55.112456,-118.766798
N02723,55.109933,-118.766817
N02724,55.083181,-116.899378
N02725,55.112014,-118.820586
N02726,55.112477,-118.820582
N02727,55.11317,-118.820549
N02728,55.108186,-118.819887
N02729,55.12705,-118.820449
N02730,55.112477,-118.820381
N02731,55.111626,-118.820385
N02732,55.124675,-118.820461
N02733,55.113179,-118.820372
N02734,55.155808,-118.820616
N02735,55.155829,-118.82035
N02736,55.156199,-118.821105
N02737,55.156484,-118.820374
N02738,55.156082,-118.822275
N02739,55.157302,-118.820611
N02740,55.141629,-118.821087
N02741,55.141565,-118.821405
N02742,55.140664,-118.820591
N02743,55.140423,-118.820365
N02744,55.141559,-118.819656
N02745,55.141633,-118.818451
N02746,55.112474,-118.818887
N02747,55.093699,-118.81349
N02748,55.096132,-118.814522
N02749,55.093873,-118.813409
N02750,55.156051,-118.819997
N02751,55.156199,-118.818905
N02752,55.142751,-118.820606
N02753,55.142075,-118.820357
N02754,55.147491,-118.820331
N02755,55.148217,-118.820334
N02756,55.148809,-118.820695
N02757,55.148814,-118.820335
N02758,55.14882,-118.819931
N02759,55.14975,-118.82068
N02760,55.132822,-118.820303
N02761,55.133537,-118.820452
N02762,55.134524,-118.822248
N02763,55.136034,-118.820477
N02764,55.134445,-118.82102
N02765,55.135045,-118.820308
N02766,55.170713,-118.822093
N02767,55.171611,-118.820623
N02768,55.170732,-118.819519
N02769,55.170725,-118.820424
N02770,55.170724,-118.820605
N02771,55.170654,-118.820607
N02772,55.171029,-118.82318
N02773,55.170704,-118.823468
N02774,55.172117,-118.820594
N02775,55.167769,-118.820366
N02776,55.168272,-118.82097
N02777,55.168587,-118.820372
N02778,55.170556,-118.821517
N02779,55.170169,-118.820366
N02780,55.170539,-118.820415
N02781,55.17054,-118.82061
N02782,55.170591,-118.823675
N02783,55.17062,-118.820419
N02784,55.170114,-118.820619
N02785,55.17054,-118.819582
N02786,55.183118,-118.818335
N02787,55.183876,-118.817215
N02788,55.183933,-118.818276
N02789,55.183227,-118.817396
N02790,55.166157,-118.802394
N02791,55.185299,-118.802048
N02792,55.184837,-118.801366
N02793,55.185416,-118.796201
N02794,55.185936,-118.794916
N02795,55.185418,-118.794214
N02796,55.185761,-118.794702
N02797,55.187446,-118.794773
N02798,55.187647,-118.794892
N02799,55.187794,-118.795138
N02800,55.1878,-118.794571
N02801,55.187795,-118.79489
N02802,55.187795,-118.794788
N02803,55.188026,-118.794893
N02804,55.208328,-116.435383
N02805,55.170424,-118.859027
N02806,55.170629,-118.85605
N02807,55.170423,-118.862383
N02808,55.17063,-118.859018
N02809,55.169353,-118.846534
N02810,55.170623,-118.849847
N02811,55.169395,-118.846177
N02812,55.170001,-118.846176
N02813,55.170642,-118.846383
N02814,55.170698,-118.846532
N02815,55.170691,-118.849373
N02816,55.171934,-118.846522
N02817,55.172235,-118.846514
N02818,55.170642,-118.846175
N02819,55.170699,-118.846275
N02820,55.17064,-118.845071
N02821,55.1707,-118.843098
N02822,55.171412,-118.846169
N02823,55.170412,-118.937942
N02824,55.170629,-118.937942
N02825,55.172749,-118.937578
N02826,55.170645,-118.842788
N02827,55.170646,-118.84199
N02828,55.170614,-118.954794
N02829,55.178302,-118.938015
N02830,55.170595,-119.153897
N02831,55.316026,-119.153916
N02832,55.403227,-119.084854
N02833,55.400237,-119.153952
N02834,55.403258,-119.153946
N02835,56.363706,-119.134564
N02836,55.187927,-118.794791
N02837,55.199735,-118.794925
N02838,55.199818,-118.794836
N02839,55.199819,-118.794925
N02840,55.199736,-118.794836
N02841,55.199742,-118.791576
N02842,55.220371,-118.794925
N02843,55.220701,-118.795349
N02844,55.221444,-118.796581
N02845,55.221497,-118.803668
N02846,55.265411,-118.795754
N02847,55.316874,-118.794444
N02848,55.317438,-118.79499
N02849,55.349604,-118.785183
N02850,55.31566,-115.437329
N02851,55.332589,-115.4244
N02852,55.315008,-115.360441
N02853,55.316138,-115.360439
N02854,55.409575,-116.232072
N02855,55.613296,-116.096383
N02856,55.521822,-116.160353
N02857,55.524357,-116.158691
N02858,55.374055,-115.924614
N02859,55.882697,-115.811173
N02860,55.370573,-115.924598
N02861,55.845237,-115.814217
N02862,55.877869,-115.742513
N02863,55.877086,-115.742716
N02864,55.337795,-115.765052
N02865,55.316139,-115.359234
N02866,55.221446,-118.79517
N02867,55.222096,-118.795355
N02868,55.223596,-118.795014
N02869,55.226624,-118.795363
N02870,55.226002,-118.795023
N02871,55.226974,-118.795366
N02872,55.228163,-118.795028
N02873,55.226201,-118.793899
N02874,55.228793,-118.793725
N02875,55.229094,-118.796759
N02876,55.229105,-118.789453
N02877,55.228779,-118.799501
N02878,55.228803,-118.786448
N02879,55.230834,-118.798402
N02880,55.229075,-118.80532
N02881,55.231095,-118.795373
N02882,55.235064,-118.795379
N02883,55.243269,-118.795757
N02884,55.239791,-118.795028
N02885,55.230095,-118.795369
N02886,55.230575,-118.795027
N02887,55.231965,-118.795029
N02888,55.243178,-118.795027
N02889,55.24661,-118.795666
N02890,55.266219,-118.786716
N02891,55.316474,-118.79203
N02892,55.31633,-118.79133
N02893,55.374181,-118.769377
N02894,55.374181,-118.768514
N02895,55.592333,-118.853699
N02896,55.391445,-118.761641
N02897,55.592333,-118.698628
N02898,55.606895,-118.698624
N02899,55.781265,-118.853663
N02900,55.744598,-118.698525
N02901,55.744985,-118.69803
N02902,55.744992,-118.698525
N02903,55.746867,-118.698064
N02904,55.746774,-118.698523
N02905,55.747153,-118.698523
N02906,55.75233,-118.698521
N02907,55.75632,-118.698522
N02908,55.756266,-118.698124
N02909,55.756377,-118.698515
N02910,55.756427,-118.698947
N02911,55.781282,-118.835941
N02912,56.013823,-118.496379
N02913,56.06955,-118.496399
N02914,56.064334,-118.391985
N02915,56.352113,-118.712952
N02916,56.247478,-118.5904
N02917,55.711281,-116.911526
N02918,55.432811,-116.813484
N02919,55.700963,-116.898502
N02920,55.606843,-116.823721
N02921,55.43286,-116.719359
N02922,55.431975,-116.668178
N02923,55.432865,-116.640005
N02924,55.43288,-116.666937
N02925,55.432868,-116.631689
N02926,55.432852,-116.634338
N02927,55.433668,-116.634372
N02928,55.592261,-116.484628
N02929,55.433682,-116.517421
N02930,55.433403,-116.515419
N02931,55.432958,-116.514252
N02932,55.432843,-116.509848
N02933,55.433042,-116.511955
N02934,55.433258,-116.514249
N02935,55.374214,-118.384763
N02936,55.60565,-118.388317
N02937,55.730232,-118.388564
N02938,55.316003,-119.384677
N02939,55.316037,-119.769232
N02940,55.334348,-119.564555
N02941,55.328097,-119.557523
N02942,55.403242,-119.384668
N02943,55.399433,-119.718145
N02944,55.480865,-120.001351
N02945,55.316006,-119.549308
N02946,55.403255,-119.564115
N02947,55.723199,-117.880731
N02948,55.783255,-117.880664
N02949,55.810486,-117.880641
N02950,55.723259,-117.674342
N02951,55.782781,-117.886676
N02952,55.403714,-117.169654
N02953,55.463176,-117.137884
N02954,55.723226,-117.201848
N02955,55.606856,-117.13131
N02956,55.723225,-117.131313
N02957,55.723248,-117.338291
N02958,55.728365,-117.105454
N02959,55.723194,-117.105456
N02960,55.72323,-117.133158
N02961,55.724228,-117.131309
N02962,55.777202,-120.001341
N02963,55.83542,-119.827387
N02964,56.188256,-120.001317
N02965,56.301947,-119.819287
N02966,56.316896,-120.001327
N02967,55.749595,-117.338266
N02968,55.733382,-117.203021
N02969,56.361089,-117.191782
N02970,56.361382,-117.194215
N02971,56.362114,-117.193839
N02972,56.361631,-117.202952
N02973,56.361618,-117.196953
N02974,56.361638,-117.194083
N02975,56.361403,-117.195486
N02976,56.361598,-117.199684
N02977,56.361271,-117.192986
N02978,56.361497,-117.19454
N02979,56.033589,-117.133083
N02980,56.03362,-117.137514
N02981,56.043378,-117.289768
N02982,56.043373,-117.133064
N02983,56.218023,-117.110094
N02984,56.203963,-117.102301
N02985,56.198415,-117.194765
N02986,56.198405,-117.194476
N02987,56.199174,-117.195735
N02988,56.199331,-117.19626
N02989,56.198701,-117.194956
N02990,56.201603,-117.199704
N02991,56.199457,-117.195179
N02992,56.199441,-117.196173
N02993,56.21097,-117.202039
N02994,56.199543,-117.195009
N02995,56.208821,-117.207959
N02996,56.362998,-117.078202
N02997,56.234344,-117.285266
N02998,56.237223,-117.286357
N02999,56.237414,-117.289733
N03000,56.238078,-117.288945
N03001,56.23845,-117.288396
N03002,56.238423,-117.288895
N03003,56.238967,-117.287673
N03004,56.23851,-117.28786
N03005,56.238094,-117.288243
N03006,56.239199,-117.286674
N03007,56.237311,-117.289016
N03008,56.232985,-117.346951
N03009,56.23301,-117.335204
N03010,56.236732,-117.319959
N03011,56.236668,-117.316256
N03012,56.239172,-117.312114
N03013,56.238833,-117.318609
N03014,56.23856,-117.313661
N03015,56.238609,-117.32016
N03016,56.23262,-117.337109
N03017,56.234536,-117.318893
N03018,56.24112,-117.299264
N03019,56.241826,-117.295038
N03020,56.241323,-117.296645
N03021,56.241605,-117.295062
N03022,56.242201,-117.294655
N03023,56.241861,-117.294605
N03024,56.24159,-117.29448
N03025,56.241747,-117.293935
N03026,56.364652,-117.362212
N03027,56.240142,-117.29193
N03028,56.238894,-117.288664
N03029,56.239537,-117.287446
N03030,56.239242,-117.287267
N03031,56.239505,-117.286861
N03032,56.239961,-117.287251
N03033,56.239567,-117.286752
N03034,56.239768,-117.286351
N03035,56.23308,-117.338348
N03036,56.233558,-117.338433
N03037,56.233005,-117.336764
N03038,56.233088,-117.335057
N03039,56.233256,-117.332416
N03040,56.233347,-117.332338
N03041,56.236319,-117.317688
N03042,56.235357,-117.316281
N03043,56.235324,-117.324188
N03044,56.237299,-117.290786
N03045,56.233848,-117.290421
N03046,56.237532,-117.290006
N03047,56.237226,-117.290295
N03048,56.23719,-117.29026
N03049,56.237156,-117.289939
N03050,56.36385,-117.346921
N03051,56.355624,-117.09343
N03052,56.356945,-117.088262
N03053,56.359283,-117.085795
N03054,56.359003,-117.085175
N03055,56.357949,-117.084019
N03056,56.356696,-117.083903
N03057,56.360653,-117.082839
N03058,56.43837,-116.107268
N03059,56.451783,-116.112276
N03060,56.232969,-117.61048
N03061,56.305705,-117.663141
N03062,56.359131,-117.663134
N03063,56.363368,-117.663143
N03064,56.363878,-117.663144
N03065,56.363884,-117.663692
N03066,56.371017,-117.663239
N03067,56.36387,-117.662075
N03068,56.537319,-117.665368
N03069,56.740978,-117.644701
N03070,56.91516,-117.62861
N03071,56.921277,-117.63079
N03072,56.92317,-117.629512
N03073,56.922906,-117.629352
N03074,58.488319,-119.436749
N03075,58.500067,-119.391188
N03076,55.781253,-119.008526
N03077,55.839807,-119.20109
N03078,55.927079,-119.201003
N03079,56.508708,-119.134658
N03080,58.600681,-118.686924
N03081,58.669994,-118.676613
N03082,59.032882,-117.711624
N03083,59.038513,-117.705796
N03084,58.507034,-117.140245
N03085,58.51204,-117.132939
N03086,58.522571,-117.117908
N03087,58.52247,-117.117609
N03088,58.525061,-117.114389
N03089,58.517893,-117.102634
N03090,58.516177,-117.135642
N03091,58.514534,-117.129298
N03092,58.520766,-117.113335
N03093,57.81731,-117.858384
N03094,57.973967,-117.135715
N03095,57.950955,-117.486233
N03096,57.739055,-117.632844
N03097,57.730136,-117.63241
N03098,57.78822,-117.612526
N03099,57.745815,-117.630448
N03100,57.117252,-117.537328
N03101,57.117044,-117.539478
N03102,57.235606,-117.543779
N03103,58.022098,-117.372573
N03104,57.177147,-117.275909
N03105,57.322848,-117.252753
N03106,57.756791,-117.119655
N03107,58.184131,-116.404558
N03108,58.180892,-116.349267
N03109,58.1518,-116.350374
N03110,58.166351,-116.35184
N03111,58.152461,-116.349211
N03112,58.150347,-116.349209
N03113,58.151762,-116.347921
N03114,58.165163,-116.349264
N03115,58.38436,-116.116743
N03116,58.514848,-116.149702
N03117,58.377865,-116.003223
N03118,56.070753,-115.350332
N03119,56.481156,-115.333271
N03120,56.511915,-115.324471
N03121,56.546679,-115.286934
N03122,56.566595,-115.303354
N03123,56.546678,-115.305196
N03124,58.501903,-115.139483
N03125,58.588834,-115.173393
N03126,54.95244,-119.195541
N03127,55.170607,-119.434703
N03128,55.112454,-119.20519
N03129,55.172649,-119.336009
N03130,55.173179,-119.33525
N03131,55.172574,-119.333976
N03132,55.150209,-119.135309
N03133,55.168669,-118.82062
N03134,55.171194,-118.820436
N03135,55.170595,-118.820609
N03136,55.170688,-118.820422
N03137,55.170193,-119.129643
N03138,55.17018,-119.153908
N03139,55.025172,-118.762959
N03140,55.008996,-118.764512
N03141,55.0296,-118.762884
N03142,55.025176,-118.761851
N03143,55.024983,-118.759881
N03144,55.025404,-118.75984
N03145,55.091424,-118.812315
N03146,55.083481,-118.810835
N03147,55.092405,-118.812899
N03148,55.072457,-118.794137
N03149,55.076024,-118.813452
N03150,55.071291,-118.801805
N03151,55.073005,-118.791769
N03152,55.072324,-118.79406
N03153,55.170596,-119.205183
N03154,55.170259,-119.205181
N03155,55.073808,-118.763376
N03156,55.025336,-118.759016
N03157,55.019408,-118.759272
N03158,55.024934,-118.759119
N03159,55.025147,-118.757097
N03160,55.025226,-118.756248
N03161,55.037296,-118.750105
N03162,58.699197,-118.688302
N03163,56.218366,-118.07955
N03164,56.09776,-118.074154
N03165,56.53819,-118.000401
N03166,56.218389,-117.900182
N03167,56.123975,-117.887678
N03168,56.150348,-117.736002
N03169,56.145127,-117.72371
N03170,55.742154,-118.388654
N03171,55.752386,-118.718064
N03172,56.063571,-118.39198
N03173,56.066621,-118.391989
N03174,56.064332,-118.390782
N03175,56.06658,-118.386948
N03176,56.218324,-118.396011
N03177,56.247338,-118.601301
N03178,56.450925,-118.738903
N03179,56.160055,-117.61945
N03180,56.191407,-117.610465
N03181,56.161642,-117.613145
N03182,56.161526,-117.613006
N03183,56.165764,-117.610402
N03184,56.189354,-117.610464
N03185,56.193362,-117.599485
N03186,56.183963,-117.600139
N03187,56.095543,-117.570354
N03188,56.233002,-117.478639
N03189,56.116384,-117.500927
N03190,56.23306,-117.379132
N03191,56.233091,-117.368132
N03192,56.233002,-117.368122
N03193,56.233091,-117.366073
N03194,56.232998,-117.365899
N03195,56.276447,-117.347116
N03196,56.28399,-117.347027
N03197,56.233059,-117.359838
N03198,56.233019,-117.353044
N03199,56.233078,-117.34695
N03200,56.365272,-117.363043
N03201,56.364533,-117.36227
N03202,56.36491,-117.36074
N03203,56.233078,-117.34582
N03204,56.233733,-117.346947
N03205,53.482817,-113.344855
N03206,53.482829,-113.335774
N03207,53.482837,-113.350824
N03208,53.482802,-113.340254
N03209,53.479166,-113.342277
N03210,53.514011,-113.351437
N03211,53.514239,-113.35112
N03212,53.511433,-113.347316
N03213,53.513382,-113.346169
N03214,53.513102,-113.345976
N03215,53.512181,-113.344678
N03216,53.482966,-113.344865
N03217,53.488367,-113.342389
N03218,53.482945,-113.333845
N03219,53.484144,-113.341956
N03220,53.482959,-113.340248
N03221,53.482917,-113.33519
N03222,53.481921,-113.343418
N03223,53.48413,-113.34334
N03224,53.48299,-113.350459
N03225,53.487611,-113.343454
N03226,53.475831,-113.343155
N03227,53.479316,-113.343575
N03228,53.48955,-113.343303
N03229,53.481765,-113.342049
N03230,53.491217,-113.343095
N03231,53.514188,-113.344637
N03232,53.509127,-113.344667
N03233,53.506701,-113.344307
N03234,53.505587,-113.343843
N03235,53.508572,-113.34338
N03236,53.511733,-113.315094
N03237,53.511779,-113.308484
N03238,53.511655,-113.300091
N03239,53.512074,-113.292898
N03240,53.521443,-112.128259
N03241,53.503832,-112.081855
N03242,53.503314,-112.080539
N03243,53.502623,-112.079606
N03244,53.502202,-112.07584
N03245,53.49993,-112.066187
N03246,53.490552,-112.041661
N03247,53.494764,-112.052877
N03248,53.518159,-110.323916
N03249,53.569199,-113.296203
N03250,53.568745,-113.295431
N03251,53.568797,-113.295241
N03252,53.569209,-113.294554
N03253,53.570068,-113.299941
N03254,53.570274,-113.288722
N03255,53.570281,-113.301778
N03256,53.571508,-113.294612
N03257,53.571887,-113.295229
N03258,53.570057,-113.29001
N03259,53.570251,-113.271632
N03260,53.570255,-113.275432
N03261,53.571648,-113.271703
N03262,53.571699,-113.270809
N03263,53.839118,-113.32211
N03264,53.841634,-113.322099
N03265,53.846277,-113.322038
N03266,53.850252,-113.322153
N03267,53.856853,-113.32241
N03268,53.502,-113.246301
N03269,53.51218,-113.268853
N03270,53.512074,-113.267937
N03271,53.482903,-113.258531
N03272,53.482775,-113.2462
N03273,53.482828,-113.246199
N03274,53.482723,-113.246199
N03275,53.482776,-113.246089
N03276,53.48283,-113.246095
N03277,53.482895,-113.246103
N03278,53.482723,-113.246082
N03279,53.482777,-113.246003
N03280,53.482831,-113.246002
N03281,53.482779,-113.245892
N03282,53.482723,-113.246004
N03283,53.482895,-113.246
N03284,53.482833,-113.245891
N03285,53.483589,-113.246192
N03286,53.484254,-113.245878
N03287,53.502652,-113.246438
N03288,53.502645,-113.246546
N03289,53.503303,-113.246671
N03290,53.510849,-113.246757
N03291,53.526081,-113.246487
N03292,53.527313,-113.246762
N03293,53.513703,-113.246487
N03294,53.512198,-113.246759
N03295,53.512198,-113.24659
N03296,53.512198,-113.246651
N03297,53.512285,-113.246597
N03298,53.512284,-113.246479
N03299,53.512285,-113.246647
N03300,53.512957,-113.246759
N03301,53.534776,-112.189096
N03302,53.536141,-112.189059
N03303,53.526793,-112.146874
N03304,53.526086,-112.142858
N03305,53.541507,-112.066204
N03306,53.511731,-110.005477
N03307,53.512463,-113.276589
N03308,53.512172,-113.271867
N03309,53.512685,-113.270696
N03310,53.512715,-113.270427
N03311,53.541168,-113.247564
N03312,53.541296,-113.246776
N03313,53.541168,-113.246781
N03314,53.541349,-113.246781
N03315,53.542714,-113.246779
N03316,53.539374,-113.246502
N03317,53.54135,-113.246494
N03318,53.541314,-113.246596
N03319,53.541202,-113.246543
N03320,53.539115,-113.246502
N03321,53.541205,-113.246495
N03322,53.541167,-113.246496
N03323,53.544088,-113.246506
N03324,53.543355,-113.246775
N03325,53.541303,-113.246707
N03326,53.541194,-113.246693
N03327,53.539839,-113.246778
N03328,53.541169,-113.249524
N03329,53.54134,-113.244136
N03330,53.541332,-113.243707
N03331,53.541164,-113.245771
N03332,53.512055,-113.147695
N03333,53.512107,-113.142359
N03334,53.549147,-113.137212
N03335,53.512073,-113.07424
N03336,53.512148,-113.147698
N03337,53.714821,-113.250821
N03338,53.713713,-113.259927
N03339,53.713797,-113.260023
N03340,53.713835,-113.25993
N03341,53.71375,-113.259834
N03342,53.715129,-113.253142
N03343,53.715855,-113.26943
N03344,53.71741,-113.25432
N03345,53.718521,-113.25286
N03346,53.832709,-113.223632
N03347,53.890802,-113.09979
N03348,53.948979,-113.261972
N03349,53.948993,-113.099736
N03350,54.021435,-113.119923
N03351,54.036487,-113.02574
N03352,54.152093,-113.125627
N03353,54.036607,-113.025306
N03354,54.036882,-113.02434
N03355,54.037009,-113.025308
N03356,54.037237,-113.025309
N03357,54.326803,-113.175643
N03358,54.326685,-113.125658
N03359,54.151511,-113.025882
N03360,53.554584,-113.246491
N03361,53.554887,-113.246784
N03362,53.555091,-113.247231
N03363,53.555103,-113.246788
N03364,53.555084,-113.246572
N03365,53.555124,-113.246588
N03366,53.555121,-113.246702
N03367,53.555127,-113.246503
N03368,53.555191,-113.245834
N03369,53.555384,-113.148031
N03370,53.555836,-113.246801
N03371,53.555183,-113.246735
N03372,53.555438,-113.246794
N03373,53.573001,-113.245928
N03374,53.574685,-113.246088
N03375,53.56898,-113.147894
N03376,53.571196,-113.147895
N03377,53.570139,-113.14488
N03378,53.568896,-113.147896
N03379,53.570516,-113.147895
N03380,53.571191,-113.147244
N03381,53.570136,-113.146915
N03382,53.569932,-113.143387
N03383,53.568464,-113.147899
N03384,53.569948,-113.152697
N03385,53.569058,-113.148567
N03386,53.568112,-113.246647
N03387,53.568832,-113.246618
N03388,53.566648,-113.246508
N03389,53.571413,-113.246437
N03390,53.571475,-113.246057
N03391,53.568718,-113.246236
N03392,53.569486,-113.246191
N03393,53.57006,-113.245067
N03394,53.571005,-113.246096
N03395,53.571459,-113.244676
N03396,53.568584,-113.27056
N03397,53.570043,-113.270025
N03398,53.570037,-113.266244
N03399,53.571313,-113.270874
N03400,53.568283,-113.270813
N03401,53.568635,-113.269909
N03402,53.568926,-113.270783
N03403,53.571666,-113.270809
N03404,53.570276,-113.245093
N03405,53.570289,-113.237516
N03406,53.568846,-113.244604
N03407,53.570078,-113.236361
N03408,53.67041,-113.245432
N03409,53.672708,-113.24541
N03410,53.674258,-113.245378
N03411,53.67425,-113.2446
N03412,53.673024,-113.245855
N03413,53.674276,-113.247423
N03414,53.674423,-113.24589
N03415,53.674429,-113.246404
N03416,53.676075,-113.245864
N03417,53.674399,-113.244451
N03418,53.676646,-113.245856
N03419,53.676213,-113.245343
N03420,53.68124,-113.243512
N03421,53.681414,-113.244061
N03422,53.681529,-113.244
N03423,53.681169,-113.242852
N03424,53.681003,-113.243976
N03425,53.680874,-113.243611
N03426,53.681739,-113.243303
N03427,53.68192,-113.243119
N03428,53.685276,-113.23739
N03429,53.681521,-113.243063
N03430,53.686064,-113.235982
N03431,53.685723,-113.236591
N03432,53.687207,-113.234486
N03433,53.686658,-113.23547
N03434,53.686249,-113.236204
N03435,53.684775,-113.238845
N03436,53.700635,-113.229331
N03437,53.700877,-113.228935
N03438,53.700714,-113.228487
N03439,53.700914,-113.228861
N03440,53.68672,-113.234806
N03441,53.699313,-113.221656
N03442,53.701052,-113.224823
N03443,53.700659,-113.228575
N03444,53.701466,-113.225769
N03445,53.702469,-113.227428
N03446,53.701183,-113.228421
N03447,53.699648,-113.222507
N03448,53.697648,-113.218941
N03449,53.696998,-113.217504
N03450,53.696782,-113.215569
N03451,53.697559,-113.213773
N03452,53.696613,-113.215529
N03453,53.697307,-113.213952
N03454,53.707492,-112.656409
N03455,53.694963,-113.219395
N03456,53.696715,-113.217277
N03457,53.696012,-113.217346
N03458,53.695915,-113.217133
N03459,53.696332,-113.216606
N03460,53.69627,-113.216476
N03461,53.696398,-113.216442
N03462,53.696228,-113.216388
N03463,53.696252,-113.21634
N03464,53.69605,-113.215769
N03465,53.696009,-113.215962
N03466,53.695493,-113.214974
N03467,53.696365,-113.216524
N03468,53.696311,-113.216363
N03469,53.696332,-113.216437
N03470,53.696293,-113.216255
N03471,53.696272,-113.21638
N03472,53.696293,-113.216447
N03473,53.69634,-113.216339
N03474,53.701831,-113.205577
N03475,53.697645,-113.213184
N03476,53.699819,-113.208244
N03477,53.700259,-113.207244
N03478,53.700694,-113.206275
N03479,53.701461,-113.205164
N03480,53.700585,-113.204285
N03481,53.70084,-113.204707
N03482,53.700957,-113.206137
N03483,53.701386,-113.205311
N03484,53.701943,-113.204341
N03485,53.701434,-113.205217
N03486,53.701337,-113.205021
N03487,53.702469,-113.203559
N03488,53.701038,-113.204702
N03489,53.701755,-113.204285
N03490,53.701297,-113.205092
N03491,53.701409,-113.205188
N03492,53.701254,-113.205168
N03493,53.701374,-113.205213
N03494,53.70136,-113.205104
N03495,53.701332,-113.205135
N03496,53.74482,-113.123345
N03497,53.74446,-113.123484
N03498,53.744481,-113.123
N03499,53.724633,-113.166993
N03500,53.726642,-113.162791
N03501,53.714391,-113.189836
N03502,53.716032,-113.075046
N03503,53.74434,-113.122887
N03504,53.744859,-113.122519
N03505,53.76513,-113.073378
N03506,53.715683,-113.075057
N03507,53.765102,-113.073271
N03508,53.764278,-113.073451
N03509,53.76491,-113.073171
N03510,53.764735,-113.073031
N03511,53.764689,-113.072993
N03512,53.764523,-113.07286
N03513,53.764752,-113.073553
N03514,53.765038,-113.072863
N03515,53.765109,-113.072691
N03516,53.77191,-113.056325
N03517,53.71632,-112.802819
N03518,54.064532,-112.950732
N03519,54.064797,-112.950728
N03520,54.0992,-112.800749
N03521,54.151416,-112.800768
N03522,54.326095,-112.938741
N03523,54.326115,-112.80076
N03524,53.803431,-112.926235
N03525,53.753605,-112.777499
N03526,53.772759,-112.828589
N03527,53.766461,-112.80195
N03528,53.763366,-112.802151
N03529,53.890712,-112.777603
N03530,53.774251,-112.777512
N03531,53.803163,-112.926154
N03532,53.890781,-112.876689
N03533,53.886009,-112.970608
N03534,53.773429,-112.331823
N03535,53.773338,-112.059246
N03536,53.800994,-112.05693
N03537,53.776148,-112.015856
N03538,53.763961,-111.871396
N03539,53.77312,-111.861118
N03540,53.715499,-111.746321
N03541,53.710377,-111.746325
N03542,53.697618,-112.632239
N03543,53.697132,-112.631589
N03544,53.890103,-112.455511
N03545,54.121722,-112.475648
N03546,54.122403,-112.463408
N03547,53.570588,-112.336367
N03548,53.589429,-112.336455
N03549,53.590116,-112.337162
N03550,53.570311,-112.336364
N03551,53.541467,-111.771382
N03552,53.8339,-112.133742
N03553,53.860539,-112.13372
N03554,53.889597,-112.133718
N03555,53.889561,-112.331917
N03556,53.88836,-112.259645
N03557,53.979246,-112.148793
N03558,54.122446,-112.126251
N03559,54.44415,-112.094165
N03560,54.296707,-111.846766
N03561,54.321919,-112.026023
N03562,54.442081,-112.026769
N03563,53.976822,-111.910869
N03564,54.121759,-112.026281
N03565,54.116776,-111.90224
N03566,54.136671,-111.678272
N03567,53.500498,-112.051186
N03568,53.476557,-112.041689
N03569,53.476833,-112.041683
N03570,53.490363,-112.039249
N03571,53.488598,-112.031725
N03572,53.482138,-112.018174
N03573,53.480797,-112.006208
N03574,53.481158,-112.003232
N03575,53.715501,-111.705115
N03576,53.715104,-111.70521
N03577,53.715134,-111.701015
N03578,53.715551,-111.701144
N03579,53.715534,-111.699904
N03580,53.715936,-111.687962
N03581,53.715504,-111.687944
N03582,53.715504,-111.688708
N03583,53.715501,-111.706324
N03584,53.77321,-111.687985
N03585,53.665845,-111.460892
N03586,53.896216,-111.242582
N03587,54.123891,-111.579109
N03588,53.991425,-111.539431
N03589,53.89024,-111.548405
N03590,53.976877,-111.5394
N03591,54.123377,-111.57833
N03592,54.123889,-111.578332
N03593,54.494366,-111.564008
N03594,54.164546,-111.478232
N03595,54.267915,-111.278205
N03596,54.180527,-111.278109
N03597,54.48501,-111.298994
N03598,53.541437,-111.525881
N03599,53.541445,-111.476613
N03600,53.541381,-111.206344
N03601,53.655235,-111.231015
N03602,53.540751,-110.866318
N03603,53.598907,-110.866526
N03604,53.598992,-110.546657
N03605,53.599007,-110.522046
N03606,53.584507,-110.325152
N03607,53.579584,-110.004958
N03608,53.991492,-111.316572
N03609,53.991321,-111.312181
N03610,53.991371,-111.28904
N03611,53.984269,-111.287313
N03612,53.99138,-111.26629
N03613,53.991393,-111.264987
N03614,53.991449,-111.266928
N03615,53.99199,-111.267054
N03616,53.991449,-111.266291
N03617,53.991,-111.267074
N03618,53.991381,-111.280801
N03619,53.991378,-111.277341
N03620,53.991452,-111.27636
N03621,53.991376,-111.26834
N03622,53.991454,-111.267994
N03623,53.991374,-111.267066
N03624,53.992338,-111.266982
N03625,53.991449,-111.267063
N03626,53.991812,-111.266927
N03627,53.99087,-111.266948
N03628,53.991375,-111.266929
N03629,53.991393,-111.242398
N03630,53.744229,-110.896066
N03631,53.657183,-110.868366
N03632,54.18055,-110.905375
N03633,53.889632,-110.896349
N03634,53.900145,-110.900525
N03635,53.900131,-110.896288
N03636,53.976936,-110.899761
N03637,53.973624,-110.896193
N03638,53.978424,-110.893788
N03639,54.091224,-110.878193
N03640,54.093994,-110.835723
N03641,54.112434,-110.891347
N03642,54.297041,-110.757214
N03643,54.292803,-110.755199
N03644,54.442408,-110.76192
N03645,54.267934,-110.755172
N03646,54.297039,-110.755203
N03647,54.267933,-110.605213
N03648,54.272454,-110.721281
N03649,54.271465,-110.723842
N03650,54.268917,-110.725948
N03651,54.26694,-110.734565
N03652,54.267938,-110.734562
N03653,54.267946,-110.726182
N03654,54.267949,-110.727445
N03655,54.268761,-110.726081
N03656,55.84305,-110.849587
N03657,54.295995,-110.672716
N03658,54.457008,-110.487199
N03659,54.457142,-110.484832
N03660,54.267904,-110.480211
N03661,54.455519,-110.484702
N03662,54.456885,-110.484934
N03663,54.456825,-110.484517
N03664,54.456968,-110.482158
N03665,54.457085,-110.484399
N03666,54.458466,-110.484632
N03667,54.329274,-110.480245
N03668,54.544275,-110.459482
N03669,53.744219,-110.525115
N03670,53.774513,-110.529229
N03671,53.773394,-110.530808
N03672,53.788434,-110.525052
N03673,53.765884,-110.389209
N03674,53.713853,-110.351234
N03675,53.831404,-110.401447
N03676,53.831899,-110.419417
N03677,54.238906,-110.35533
N03678,54.456925,-110.333383
N03679,54.416094,-110.263394
N03680,54.416029,-110.263086
N03681,54.620623,-110.232453
N03682,54.3521,-110.233663
N03683,54.369616,-110.205282
N03684,54.406726,-110.205288
N03685,54.412925,-110.215587
N03686,54.414516,-110.215254
N03687,54.413056,-110.216559
N03688,54.413016,-110.214388
N03689,54.414025,-110.214878
N03690,54.413203,-110.213588
N03691,54.414561,-110.215084
N03692,54.412427,-110.211955
N03693,54.413227,-110.213514
N03694,54.41317,-110.213691
N03695,54.413105,-110.21356
N03696,54.413165,-110.213383
N03697,54.413364,-110.212437
N03698,54.412725,-110.212102
N03699,54.413304,-110.212668
N03700,54.413351,-110.212045
N03701,54.413358,-110.211185
N03702,54.457821,-110.202683
N03703,54.456561,-110.204358
N03704,54.456902,-110.205724
N03705,54.45723,-110.203528
N03706,54.4568,-110.205097
N03707,54.456547,-110.204317
N03708,54.43517,-110.206987
N03709,54.436633,-110.20729
N03710,54.405042,-110.205299
N03711,54.40761,-110.20526
N03712,54.465428,-110.182262
N03713,54.464934,-110.17092
N03714,54.464228,-110.182335
N03715,54.464195,-110.179629
N03716,54.451052,-110.207265
N03717,54.449931,-110.207072
N03718,54.45603,-110.204908
N03719,54.455358,-110.205194
N03720,54.456394,-110.204172
N03721,54.456487,-110.204427
N03722,54.456711,-110.205126
N03723,54.456423,-110.204253
N03724,54.456454,-110.204338
N03725,54.369633,-110.192838
N03726,54.587297,-112.814631
N03727,54.585923,-112.814717
N03728,54.585301,-112.948252
N03729,54.587305,-112.803417
N03730,54.58796,-112.817914
N03731,54.732723,-112.866602
N03732,54.73272,-112.872844
N03733,54.732745,-112.803516
N03734,54.818237,-112.685047
N03735,54.820316,-112.685002
N03736,54.819401,-112.573413
N03737,54.824532,-112.569277
N03738,54.846635,-112.547964
N03739,54.846589,-112.544265
N03740,54.850667,-112.546272
N03741,54.850815,-112.545284
N03742,54.856387,-112.546087
N03743,54.860073,-112.54385
N03744,54.860614,-112.54798
N03745,54.856654,-112.544929
N03746,54.91913,-112.516075
N03747,54.944298,-112.504657
N03748,54.944871,-112.502567
N03749,54.918766,-112.518687
N03750,54.968907,-112.488489
N03751,54.984736,-112.497361
N03752,55.002231,-112.510931
N03753,55.002236,-112.509928
N03754,55.002237,-112.509074
N03755,54.968974,-112.488735
N03756,54.968704,-112.487705
N03757,54.985029,-112.49667
N03758,55.200664,-112.468086
N03759,55.219046,-112.468065
N03760,54.50292,-111.806204
N03761,54.594834,-111.971652
N03762,54.631022,-112.425179
N03763,54.754481,-111.971822
N03764,54.762003,-112.04722
N03765,54.764907,-111.972643
N03766,54.764257,-111.99317
N03767,54.763983,-111.992823
N03768,54.764437,-111.992674
N03769,54.76836,-111.981934
N03770,54.762515,-111.937727
N03771,54.762089,-111.937765
N03772,54.762088,-111.938767
N03773,54.762075,-111.815196
N03774,54.82014,-112.344496
N03775,54.766489,-111.967135
N03776,54.768191,-111.981936
N03777,54.768419,-111.981772
N03778,54.78047,-111.955507
N03779,54.180646,-111.153755
N03780,54.267893,-111.15383
N03781,56.518946,-111.316556
N03782,56.519797,-111.316219
N03783,56.518936,-111.315741
N03784,56.518958,-111.314125
N03785,56.517839,-111.315137
N03786,56.553604,-111.314717
N03787,56.518958,-111.313714
N03788,56.436409,-111.06142
N03789,54.85101,-112.319304
N03790,54.849245,-112.344485
N03791,54.91018,-111.889931
N03792,55.031837,-111.672416
N03793,55.032102,-111.670023
N03794,55.394601,-112.446648
N03795,55.402202,-112.440481
N03796,55.525635,-112.340772
N03797,55.533904,-112.334004
N03798,55.646303,-111.132216
N03799,55.842144,-110.893104
N03800,56.060042,-111.898461
N03801,56.068414,-111.89061
N03802,56.560732,-111.313646
N03803,56.658401,-111.343732
N03804,56.657953,-111.342882
N03805,56.657801,-111.343961
N03806,56.657724,-111.343917
N03807,56.657852,-111.343264
N03808,56.657386,-111.342866
N03809,56.658039,-111.341549
N03810,56.658032,-111.34017
N03811,56.656914,-111.331541
N03812,56.656615,-111.328606
N03813,56.672018,-111.352334
N03814,56.672107,-111.349521
N03815,56.673667,-111.350784
N03816,56.672252,-111.349294
N03817,56.67732,-111.351106
N03818,56.672157,-111.351181
N03819,56.670515,-111.349686
N03820,56.673324,-111.350276
N03821,56.686939,-111.351133
N03822,56.686961,-111.352433
N03823,56.688991,-111.354046
N03824,56.687089,-111.353635
N03825,56.688229,-111.353349
N03826,56.687103,-111.354051
N03827,56.707944,-111.356828
N03828,56.704267,-111.353302
N03829,56.707405,-111.355458
N03830,56.706882,-111.354726
N03831,56.70793,-111.35456
N03832,56.706328,-111.354208
N03833,56.706835,-111.353976
N03834,56.702397,-111.351168
N03835,56.707972,-111.356641
N03836,56.716746,-111.370695
N03837,56.716639,-111.370575
N03838,56.714877,-111.365156
N03839,56.715482,-111.365283
N03840,56.715414,-111.36505
N03841,56.712478,-111.362339
N03842,56.712539,-111.362547
N03843,56.715362,-111.366321
N03844,56.731139,-111.390384
N03845,56.73147,-111.389952
N03846,56.72099,-111.378799
N03847,56.724022,-111.38239
N03848,56.724057,-111.38294
N03849,56.726911,-111.382632
N03850,56.727358,-111.387179
N03851,56.677604,-111.350209
N03852,56.677638,-111.350633
N03853,56.678814,-111.351417
N03854,56.686293,-111.35296
N03855,56.686977,-111.353106
N03856,56.685081,-111.352713
N03857,56.657006,-111.327321
N03858,56.655886,-111.323452
N03859,56.6504,-111.255279
N03860,56.649426,-111.255841
N03861,56.650962,-111.260084
N03862,56.649887,-111.256796
N03863,56.656762,-111.327203
N03864,56.659242,-111.343983
N03865,56.656064,-111.285126
N03866,56.656497,-111.284376
N03867,56.656522,-111.28413
N03868,56.655506,-111.292675
N03869,56.655428,-111.292413
N03870,56.655559,-111.289159
N03871,56.654889,-111.293529
N03872,56.745272,-111.405477
N03873,56.744599,-111.405672
N03874,56.749918,-111.404732
N03875,56.743896,-111.405124
N03876,56.73782,-111.404774
N03877,56.749037,-111.403608
N03878,56.744764,-111.402935
N03879,56.747471,-111.402337
N03880,56.743819,-111.402969
N03881,56.741913,-111.403848
N03882,56.749902,-111.404436
N03883,56.744518,-111.405665
N03884,56.738488,-111.4039
N03885,56.734851,-111.406541
N03886,56.735233,-111.406292
N03887,56.734,-111.406451
N03888,56.758381,-111.419923
N03889,56.756496,-111.423529
N03890,56.756854,-111.413472
N03891,56.758094,-111.418167
N03892,56.753609,-111.406237
N03893,56.756554,-111.423715
N03894,56.656207,-111.326566
N03895,56.656135,-111.281427
N03896,56.637322,-111.144643
N03897,56.646603,-111.252143
N03898,56.792938,-111.431398
N03899,56.795285,-111.433624
N03900,56.79534,-111.433093
N03901,56.870341,-111.445515
N03902,56.870973,-111.446063
N03903,56.87309,-111.447258
N03904,56.87114,-111.444425
N03905,56.963404,-111.481928
N03906,56.968237,-111.488094
N03907,56.965776,-111.484587
N03908,56.965928,-111.483235
N03909,56.968143,-111.489478
N03910,56.968184,-111.489655
N03911,56.969034,-111.489668
N03912,56.97273,-111.494036
N03913,56.970684,-111.483805
N03914,56.970721,-111.485337
N03915,56.971676,-111.483738
N03916,56.971514,-111.484893
N03917,56.971644,-111.483648
N03918,56.972265,-111.491858
N03919,57.032301,-111.558951
N03920,57.039429,-111.560142
N03921,57.040281,-111.552994
N03922,57.043294,-111.589641
N03923,57.043073,-111.590935
N03924,57.117701,-111.628255
N03925,57.123286,-111.628283
N03926,57.131369,-111.620247
N03927,57.261608,-111.62779
N03928,57.184932,-111.646468
N03929,56.758754,-111.413014
N03930,56.75777,-111.420829
N03931,56.759096,-111.419473
N03932,56.758733,-111.419233
N03933,56.761491,-111.419652
N03934,56.759375,-111.417589
N03935,56.758654,-111.419133
N03936,56.770603,-111.423716
N03937,56.764937,-111.420889
N03938,56.786854,-111.434717
N03939,56.786888,-111.421074
N03940,56.771562,-111.424195
N03941,56.778324,-111.426594
N03942,56.771695,-111.424766
N03943,56.77117,-111.424365
N03944,56.771331,-111.4233
N03945,56.771198,-111.424175
N03946,56.785326,-111.434167
N03947,56.785708,-111.439966
N03948,56.785866,-111.43945
N03949,56.786355,-111.434618
N03950,56.786251,-111.434581
N03951,56.777066,-111.426925
N03952,56.784326,-111.454944
N03953,56.786596,-111.462617
N03954,53.079752,-117.192232
N03955,53.950025,-115.134507
N03956,54.432151,-114.484861
N03957,53.432194,-113.580046
N03958,53.653952,-113.628702
N03959,53.620133,-113.607849
N03960,53.231561,-113.572263
N03961,53.4121,-113.499217
N03962,53.413418,-113.497747
N03963,53.308716,-113.543912
N03964,53.093871,-111.786038
N03965,53.494674,-113.656115
N03966,53.512166,-113.651149
N03967,53.599551,-113.576377
N03968,56.493179,-114.556786
N03969,53.628954,-113.492723
N03970,53.467863,-113.496439
N03971,53.437297,-113.481143
N03972,53.482723,-113.375209
N03973,53.517716,-113.374875
N03974,53.51262,-113.326928
N03975,53.512673,-113.325058
N03976,53.58082,-113.505405
N03977,54.15009,-115.682238
N03978,55.257585,-120.001372
N03979,55.215983,-119.434822
N03980,55.029754,-118.754827
N03981,55.122267,-118.773238
N03982,55.171632,-118.82106
N03983,55.334651,-115.770851
N03984,55.922652,-115.661774
N03985,56.24332,-117.294087
N03986,56.240362,-117.291529
N03987,59.411013,-117.276573
N03988,57.973152,-117.146438
N03989,58.391945,-116.005091
N03990,56.53949,-115.394256
N03991,55.026104,-118.773783
N03992,55.022576,-118.762959
N03993,55.070054,-118.803975
N03994,56.248036,-118.601395
N03995,55.781364,-118.835926
N03996,56.093224,-117.565849
N03997,53.540792,-110.00546
N03998,54.340624,-110.005714
N03999,54.352576,-110.233261
N04000,54.984609,-112.49766
N04001,56.448384,-111.037052
N04002,56.657883,-111.343974
N04003,56.670465,-111.350104
N04004,56.730736,-111.391989
N04005,56.669275,-111.252744
N04006,56.635022,-111.125979
N04007,56.651604,-111.143441
