edge_id,u,v,length_km,travel_time_min,speed_kmh,capacity_vph,road_class,paved,route,name
E00001,N02683,N02707,93.828,56.3,100.0,1600,Expressway / Highway,True,43,43 Highway
E00002,N02683,N02618,20.29,13.53,90.0,1400,Arterial,True,947,947 Highway
E00003,N02683,N02684,0.048,0.03,90.0,1400,Arterial,True,947,947 Highway
E00004,N02683,N02625,40.614,24.37,100.0,1600,Expressway / Highway,True,43,43 Highway
E00005,N02684,N02685,7.667,4.6,100.0,1600,Expressway / Highway,True,43,43 Highway
E00006,N02684,N02653,23.314,13.99,100.0,1600,Expressway / Highway,True,43,43 Highway
E00007,N03585,N03581,16.583,11.06,90.0,1400,Arterial,True,45,45 Highway
E00008,N03585,N03599,14.184,9.46,90.0,1400,Arterial,True,870,870 Highway
E00009,N03585,N03601,15.388,10.26,90.0,1400,Arterial,True,45,45 Highway
E00010,N00001,N00004,12.659,8.44,90.0,1400,Arterial,True,40,40 Highway
E00011,N00149,N00204,15.15,10.1,90.0,1400,Arterial,True,778,778 Highway
E00012,N00149,N00150,3.156,2.1,90.0,1400,Arterial,True,39,39 Highway
E00013,N00149,N00267,19.451,12.97,90.0,1400,Arterial,True,39,39 Highway
E00014,N00660,N01300,0.829,0.99,50.0,600,Local / Street,True,,Mission Avenue
E00015,N02588,N02591,35.752,23.83,90.0,1400,Arterial,True,748,748 Highway East
E00016,N02588,N02630,53.817,35.88,90.0,1400,Arterial,True,32,32 Highway
E00017,N02588,N02589,16.868,11.25,90.0,1400,Arterial,True,32,32 Highway
E00018,N03927,N03926,16.503,11.25,88.0,600,Arterial,True,63,63 Highway
E00019,N02685,N02688,5.914,3.55,100.0,1600,Expressway / Highway,True,43,43 Highway
E00020,N02685,N02687,0.109,0.11,60.0,1500,Ramp,True,43,
E00021,N03675,N03673,7.879,5.25,90.0,1400,Arterial,True,897,897 Highway
E00022,N03675,N03676,1.232,1.23,60.0,600,Collector,False,,Township Road 562
E00023,N03675,N03677,47.22,31.48,90.0,1400,Arterial,True,897,897 Highway
E00024,N01626,N01631,13.422,9.19,87.6,600,Arterial,True,2A,2A Highway
E00025,N01626,N01628,2.135,1.42,90.0,1400,Arterial,True,2A,2A Highway
E00026,N00661,N01320,0.498,0.3,100.0,3600,Expressway / Highway,True,2,St. Albert Road
E00027,N00661,N01299,0.116,0.12,60.0,1500,Ramp,True,2,Rivercrest Crescent
E00028,N00661,N01299,0.074,0.04,100.0,3600,Expressway / Highway,True,2,St. Albert Road
E00029,N02686,N00101,0.921,0.79,69.7,600,Collector,True,,Kaybob Drive
E00030,N02686,N02688,1.534,0.92,100.0,1600,Expressway / Highway,True,43,43 Highway
E00031,N02686,N02696,78.674,47.2,100.0,1600,Expressway / Highway,True,43,43 Highway
E00032,N00150,N00268,20.633,13.76,90.0,1400,Arterial,True,622,622 Highway
E00033,N00150,N00205,14.832,9.89,90.0,1400,Arterial,True,39,39 Highway
E00034,N02897,N02896,25.181,16.79,90.0,1400,Arterial,True,2,2 Highway
E00035,N02897,N02898,1.619,1.08,90.0,1400,Arterial,True,2,2 Highway
E00036,N02897,N02895,9.744,6.5,90.0,1400,Arterial,True,677,677 Highway
E00037,N00662,N00657,0.634,0.39,97.5,1600,Expressway / Highway,True,2,Street Albert Trail
E00038,N00662,N00670,0.197,0.13,90.0,3000,Arterial,True,,Street Albert Trail
E00039,N00662,N00671,0.08,0.08,60.0,1500,Ramp,True,,
E00040,N00663,N00664,0.129,0.13,60.0,1500,Ramp,True,,
E00041,N02688,N00102,0.419,0.42,60.0,1500,Ramp,True,,
E00042,N00664,N00685,5.356,3.25,99.0,1400,Expressway / Highway,True,2,Street Albert
E00043,N00664,N00666,0.093,0.06,90.0,3000,Arterial,True,,Street Albert
E00044,N00665,N00670,0.156,0.16,60.0,1500,Ramp,True,,
E00045,N01627,N01663,58.22,38.81,90.0,1400,Arterial,True,2,2 Highway
E00046,N01627,N01625,37.22,24.81,90.0,1400,Arterial,True,44,44 Highway
E00047,N01627,N01628,3.159,2.11,90.0,1400,Arterial,True,2,2 Highway
E00048,N00666,N00668,0.068,0.07,60.0,1500,Ramp,True,,
E00049,N00666,N00667,0.046,0.03,90.0,3000,Arterial,True,,Street Albert
E00050,N00667,N00668,0.043,0.04,60.0,1500,Ramp,True,,
E00051,N00667,N00677,0.044,0.03,90.0,3000,Arterial,True,,Street Albert
E00052,N00667,N00669,0.133,0.13,60.0,1500,Ramp,True,,
E00053,N00668,N00677,0.07,0.07,60.0,1500,Ramp,True,,
E00054,N00669,N00670,0.19,0.13,90.0,3000,Arterial,True,,Street Albert Trail
E00055,N00669,N00701,0.604,0.36,100.0,1600,Expressway / Highway,True,2,St. Albert Road
E00056,N00002,N00006,28.51,17.11,100.0,1600,Expressway / Highway,True,16,Trans-Canada Highway
E00057,N00002,N00003,0.704,0.42,100.0,1600,Expressway / Highway,True,16,Trans-Canada Highway
E00058,N00002,N00003,0.703,0.42,100.0,1600,Expressway / Highway,True,16,Trans-Canada Highway
E00059,N01628,N01637,37.541,25.03,90.0,1400,Arterial,True,2,2 Highway
E00060,N00003,N00076,19.096,11.46,100.0,1600,Expressway / Highway,True,16,Trans-Canada Highway
E00061,N03928,N03925,8.132,6.52,74.8,600,Collector,True,,Target Road
E00062,N00310,N00312,0.088,0.09,60.0,1500,Ramp,True,628,
E00063,N02898,N02900,15.332,10.22,90.0,1400,Arterial,True,2,2 Highway
E00064,N02898,N02936,19.519,16.73,70.0,600,Arterial,False,677,677 Highway
E00065,N03332,N02210,6.403,4.27,90.0,1400,Arterial,True,630,Wye Road
E00066,N03332,N02240,6.787,5.82,70.0,600,Arterial,False,824,824 Highway
E00067,N03332,N03333,0.354,0.24,90.0,1400,Arterial,True,630,Wye Road
E00068,N03332,N03336,0.01,0.01,90.0,1400,Arterial,True,824,824 Highway
E00069,N01629,N01632,4.779,3.19,90.0,1400,Arterial,True,2,2 Highway
E00070,N01629,N01630,0.316,0.32,60.0,1500,Ramp,True,2,Mitsue Industrial Access
E00071,N01629,N01639,10.957,7.3,90.0,1400,Arterial,True,2,2 Highway
E00072,N03333,N03335,4.504,3.0,90.0,1400,Arterial,True,630,Wye Road
E00073,N03333,N03336,0.353,0.24,90.0,1400,Arterial,True,630,Wye Road
E00074,N01008,N03574,15.465,9.28,100.0,1600,Expressway / Highway,True,16,Trans-Canada Highway
E00075,N01008,N00988,37.219,24.81,90.0,1400,Arterial,True,36,36 Highway
E00076,N01008,N01010,20.138,12.08,100.0,1600,Expressway / Highway,True,16,Trans-Canada Highway
E00077,N01008,N01009,0.031,0.02,90.0,1400,Arterial,True,36,36 Highway
E00078,N00151,N00163,1.309,1.12,70.0,600,Arterial,False,761,761 Highway
E00079,N01009,N03573,15.677,9.41,100.0,1600,Expressway / Highway,True,16,Trans-Canada Highway
E00080,N01009,N03551,12.848,8.57,90.0,1400,Arterial,True,36,36 Highway
E00081,N01009,N01011,20.146,12.09,100.0,1600,Expressway / Highway,True,16,Trans-Canada Highway
E00082,N02589,N02599,28.639,17.18,100.0,1600,Expressway / Highway,True,16,Trans-Canada Highway
E00083,N02589,N02590,0.032,0.02,90.0,1400,Arterial,True,32,32 Highway
E00084,N02589,N00071,25.645,15.39,100.0,1600,Expressway / Highway,True,16,Trans-Canada Highway
E00085,N02590,N02598,28.702,17.22,100.0,1600,Expressway / Highway,True,16,Trans-Canada Highway
E00086,N02590,N00072,25.63,15.38,100.0,1600,Expressway / Highway,True,16,Trans-Canada Highway
E00087,N00311,N00130,0.172,0.11,90.0,1400,Arterial,True,779,48 Street
E00088,N00311,N00131,0.047,0.03,90.0,1400,Arterial,True,779,48 Street
E00089,N00311,N00313,0.114,0.08,90.0,1400,Arterial,True,628,79 Avenue
E00090,N03929,N03892,0.741,0.74,60.0,1500,Ramp,True,63,Confederation Way
E00091,N03929,N03937,0.867,0.87,60.0,1500,Ramp,True,63,Confederation Way
E00092,N03929,N03932,0.465,0.46,60.0,1500,Ramp,True,63,Confederation Way
E00093,N03930,N03889,0.218,0.16,80.0,1000,Collector,True,63,Confederation Way
E00094,N03930,N03935,0.143,0.14,60.0,1500,Ramp,True,63,Confederation Way
E00095,N03930,N03891,0.168,0.17,60.0,1500,Ramp,True,,
E00096,N03931,N03888,0.086,0.09,60.0,1500,Ramp,True,63,Confederation Way
E00097,N03931,N03933,0.274,0.27,60.0,1500,Ramp,True,63,Confederation Way
E00098,N03931,N03932,0.043,0.04,60.0,1500,Ramp,True,,
E00099,N03932,N03888,0.057,0.06,60.0,1500,Ramp,True,63,Confederation Way
E00100,N03932,N03935,0.011,0.01,60.0,1500,Ramp,True,,
E00101,N03933,N03890,0.656,0.39,100.0,1600,Expressway / Highway,True,63,Memorial Drive
E00102,N03933,N03942,1.177,0.71,100.0,1600,Expressway / Highway,True,63,Memorial Drive
E00103,N03934,N03892,0.95,0.57,100.0,1600,Expressway / Highway,True,63,Memorial Drive
E00104,N03934,N03937,0.652,0.39,100.0,1600,Expressway / Highway,True,63,Memorial Drive
E00105,N03934,N03935,0.754,0.75,60.0,1500,Ramp,True,63,Confederation Way
E00106,N03935,N03891,0.086,0.09,60.0,1500,Ramp,True,,
E00107,N00004,N03954,19.934,17.07,70.1,600,Arterial,False,40,40 Highway
E00108,N00004,N00088,59.217,39.48,90.0,1400,Arterial,True,40;47,40 Highway
E00109,N03334,N03369,1.165,1.4,50.0,600,Local / Street,True,,Second Avenue
E00110,N00005,N00081,38.309,25.54,90.0,1400,Arterial,True,40,40 Highway
E00111,N00312,N00520,14.63,11.59,75.7,600,Arterial,False,628,79 Avenue
E00112,N00312,N00313,1.041,0.69,90.0,1400,Arterial,True,628,79 Avenue
E00113,N00152,N00153,1.633,1.09,90.0,1400,Arterial,True,22,22 Highway
E00114,N03335,N00981,28.528,19.02,90.0,1400,Arterial,True,630,Wye Road
E00115,N03335,N01923,6.433,5.51,70.0,600,Arterial,False,830,830 Highway
E00116,N00153,N00163,8.14,5.43,90.0,1400,Arterial,True,616,616 Highway
E00117,N00153,N00154,3.252,2.17,90.0,1400,Arterial,True,616,616 Highway
E00118,N00153,N00156,11.562,7.71,90.0,1400,Arterial,True,22,22 Highway
E00119,N03936,N03937,0.653,0.39,100.0,1600,Expressway / Highway,True,63,Memorial Drive
E00120,N03936,N03940,0.111,0.07,100.0,1600,Expressway / Highway,True,63,Memorial Drive
E00121,N03936,N03943,0.075,0.08,60.0,1500,Ramp,True,63,
E00122,N00672,N00673,0.064,0.04,90.0,1400,Arterial,True,,Villeneuve Road
E00123,N00672,N00675,0.022,0.02,60.0,1500,Ramp,True,,
E00124,N00672,N00674,0.069,0.07,60.0,1500,Ramp,True,,
E00125,N00672,N00674,0.019,0.02,60.0,1500,Ramp,True,,
E00126,N00313,N00131,0.129,0.13,60.0,1500,Ramp,True,628,79 Avenue
E00127,N00673,N00612,1.109,0.74,90.0,1400,Arterial,True,633,Villeneuve Road
E00128,N00673,N00675,0.07,0.05,90.0,1400,Arterial,True,,Villeneuve Road
E00129,N00674,N00675,0.024,0.02,60.0,1500,Ramp,True,,
E00130,N00674,N00676,0.104,0.07,90.0,1400,Arterial,True,,Villeneuve Road
E00131,N00675,N00676,0.116,0.08,90.0,1400,Arterial,True,,Villeneuve Road
E00132,N00676,N00679,0.062,0.04,90.0,3000,Arterial,True,633,Villeneuve Road
E00133,N03124,N03125,10.782,10.78,60.0,600,Collector,False,,
E00134,N00677,N00678,0.394,0.25,95.5,3000,Expressway / Highway,True,2,Street Albert
E00135,N00678,N00681,0.054,0.05,60.0,1500,Ramp,True,,
E00136,N00678,N00681,0.034,0.02,100.0,3600,Expressway / Highway,True,2,St. Albert Road
E00137,N00679,N00682,0.105,0.1,60.0,1500,Ramp,True,,
E00138,N00679,N00683,0.06,0.04,90.0,3000,Arterial,True,633,Villeneuve Road
E00139,N00679,N00680,0.106,0.11,60.0,1500,Ramp,True,2,
E00140,N00680,N00683,0.062,0.04,100.0,3600,Expressway / Highway,True,2,St. Albert Road
E00141,N00680,N00681,0.19,0.11,100.0,3600,Expressway / Highway,True,2,St. Albert Road
E00142,N00314,N00328,9.544,6.36,90.0,1400,Arterial,True,779,779 Highway
E00143,N00314,N00323,0.226,0.23,60.0,1500,Ramp,True,16,Trans-Canada Highway
E00144,N00314,N00341,0.018,0.01,90.0,1400,Arterial,True,779,779 Highway
E00145,N01397,N01451,0.085,0.09,60.0,1500,Ramp,True,216,
E00146,N00682,N00683,0.085,0.05,100.0,1600,Expressway / Highway,True,2,St. Albert Road
E00147,N00682,N00699,0.288,0.17,100.0,1600,Expressway / Highway,True,2,St. Albert Road
E00148,N00683,N00701,0.019,0.01,90.0,1400,Arterial,True,633,633 Highway
E00149,N00684,N00701,0.181,0.11,100.0,1600,Expressway / Highway,True,2,St. Albert Road
E00150,N00684,N00700,0.128,0.08,100.0,1600,Expressway / Highway,True,2,St. Albert Road
E00151,N00684,N00700,0.152,0.15,60.0,1500,Ramp,True,,
E00152,N00315,N00340,0.118,0.12,60.0,1500,Ramp,True,16,Trans-Canada Highway
E00153,N00315,N00341,0.19,0.19,60.0,1500,Ramp,True,16,Trans-Canada Highway
E00154,N00315,N00338,0.446,0.45,60.0,1500,Ramp,True,16,Trans-Canada Highway
E00155,N00316,N00340,0.081,0.05,90.0,1400,Arterial,True,779,779 Highway
E00156,N00316,N00341,0.051,0.03,90.0,1400,Arterial,True,779,779 Highway
E00157,N00316,N00339,0.082,0.05,90.0,1400,Arterial,True,779,779 Highway
E00158,N00317,N00340,0.179,0.12,90.0,1400,Arterial,True,779,779 Highway
E00159,N00317,N00325,0.006,0.01,60.0,1500,Ramp,True,16,Trans-Canada Highway
E00160,N00317,N00337,0.085,0.09,60.0,1500,Ramp,True,16,Trans-Canada Highway
E00161,N00317,N00336,0.102,0.07,90.0,1400,Arterial,True,779,779 Highway
E00162,N00685,N00614,0.862,0.57,90.0,1400,Arterial,True,2,2 Highway
E00163,N00685,N01326,0.372,0.37,60.0,1500,Ramp,True,2,
E00164,N00686,N00613,0.855,0.57,90.0,1400,Arterial,True,2,2 Highway
E00165,N00686,N00655,4.331,2.6,100.0,1600,Expressway / Highway,True,2,2 Highway
E00166,N00686,N00687,0.249,0.25,60.0,1500,Ramp,True,2,
E00167,N00687,N01329,0.184,0.18,60.0,1500,Ramp,True,2,
E00168,N00687,N00688,0.158,0.16,60.0,1500,Ramp,True,2,
E00169,N00688,N01329,0.085,0.06,90.0,1400,Arterial,True,37,37 Highway
E00170,N00688,N00692,0.006,0.01,60.0,1500,Ramp,True,2,
E00171,N00688,N01327,0.158,0.11,90.0,1400,Arterial,True,37,37 Highway
E00172,N00689,N00692,0.087,0.06,90.0,1400,Arterial,True,37,37 Highway
E00173,N00689,N01330,0.41,0.27,90.0,1400,Arterial,True,37,37 Highway
E00174,N00689,N00695,0.175,0.17,60.0,1500,Ramp,True,2,
E00175,N00690,N00483,11.427,7.62,90.0,1400,Arterial,True,37,37 Highway
E00176,N00690,N01328,0.174,0.12,90.0,1400,Arterial,True,37,37 Highway
E00177,N00690,N00694,0.174,0.12,90.0,1400,Arterial,True,37,37 Highway
E00178,N00691,N01327,0.006,0.01,60.0,1500,Ramp,True,2,
E00179,N00691,N00692,0.159,0.11,90.0,1400,Arterial,True,37,37 Highway
E00180,N00691,N00693,0.08,0.08,60.0,1500,Ramp,True,2,
E00181,N00691,N00694,0.062,0.04,90.0,1400,Arterial,True,37,37 Highway
E00182,N00692,N00695,0.122,0.12,60.0,1500,Ramp,True,2,
E00183,N00693,N00694,0.102,0.1,60.0,1500,Ramp,True,2,
E00184,N00693,N00614,0.336,0.34,60.0,1500,Ramp,True,2,
E00185,N00695,N00613,0.355,0.35,60.0,1500,Ramp,True,2,
E00186,N03125,N03116,57.568,49.27,70.1,600,Arterial,False,58,58 Highway
E00187,N03125,N00145,80.304,76.41,63.1,600,Collector,False,58,58 Highway
E00188,N02127,N02128,0.249,0.2,76.0,1400,Arterial,True,,17 Street
E00189,N03336,N02208,6.402,4.27,90.0,1400,Arterial,True,630,Wye Road
E00190,N03336,N03369,4.808,3.21,90.0,1400,Arterial,True,824,824 Highway
E00191,N02128,N02134,0.397,0.4,60.0,1500,Ramp,True,14,
E00192,N02128,N02176,0.127,0.08,90.0,3000,Arterial,True,,17 Street
E00193,N02128,N02136,0.019,0.02,60.0,1500,Ramp,True,14,
E00194,N00318,N00319,0.116,0.12,60.0,1500,Ramp,True,16A,Trans-Canada Highway
E00195,N00319,N00440,0.232,0.14,100.0,1600,Expressway / Highway,True,16A,Trans-Canada Highway
E00196,N00319,N00134,1.535,0.92,100.0,1600,Expressway / Highway,True,16A,Trans-Canada Highway
E00197,N03337,N03445,2.069,1.38,90.0,1400,Arterial,True,15,15 Highway
E00198,N03337,N03341,0.631,0.42,90.0,1400,Arterial,True,15,15 Highway
E00199,N03337,N03342,0.157,0.1,90.0,1400,Arterial,True,15,15 Highway
E00200,N00696,N01140,0.088,0.09,60.0,1500,Ramp,True,2,Trans-Canada Highway
E00201,N03339,N02163,0.356,0.24,90.0,1400,Arterial,True,15,15 Highway
E00202,N03339,N02168,0.149,0.1,90.0,1400,Arterial,True,37,37 Highway
E00203,N03339,N03338,0.011,0.01,90.0,1400,Arterial,True,37,37 Highway
E00204,N03339,N03340,0.007,0.0,90.0,1400,Arterial,True,15,15 Highway
E00205,N00697,N01343,0.126,0.13,60.0,1500,Ramp,True,2,Trans-Canada Highway
E00206,N03340,N02170,0.15,0.1,90.0,1400,Arterial,True,37,37 Highway
E00207,N03340,N03341,0.011,0.01,90.0,1400,Arterial,True,37,37 Highway
E00208,N03340,N03342,0.481,0.32,90.0,1400,Arterial,True,15,15 Highway
E00209,N03338,N02161,4.966,3.31,90.0,1400,Arterial,True,15,15 Highway
E00210,N03338,N03341,0.007,0.0,90.0,1400,Arterial,True,15,15 Highway
E00211,N03342,N03344,0.387,0.39,60.0,1500,Ramp,True,15,
E00212,N03343,N02162,0.272,0.18,90.0,1400,Arterial,True,37,37 Highway
E00213,N03343,N02171,0.349,0.23,90.0,1400,Arterial,True,37,37 Highway
E00214,N03343,N02173,3.39,2.26,90.0,1400,Arterial,True,37,37 Highway
E00215,N03344,N02170,0.549,0.37,90.0,1400,Arterial,True,825,825 Highway
E00216,N03344,N03345,0.157,0.1,90.0,1400,Arterial,True,825,825 Highway
E00217,N00698,N01142,0.092,0.09,60.0,1500,Ramp,True,,
E00218,N03345,N02166,0.526,0.35,90.0,1400,Arterial,True,825,825 Highway
E00219,N03345,N03346,13.459,8.97,90.0,1400,Arterial,True,825,825 Highway
E00220,N02518,N02527,0.177,0.18,60.0,1500,Ramp,True,16,Trans-Canada Highway
E00221,N00699,N01323,0.125,0.07,100.0,1600,Expressway / Highway,True,2,St. Albert Road
E00222,N00699,N01324,0.075,0.08,60.0,1500,Ramp,True,2,
E00223,N00700,N00702,0.087,0.05,100.0,1600,Expressway / Highway,True,2,St. Albert Road
E00224,N03938,N03899,0.994,0.99,60.0,1500,Ramp,True,63,686 Highway
E00225,N03938,N03948,0.318,0.32,60.0,1500,Ramp,True,63,686 Highway
E00226,N03938,N03949,0.056,0.06,60.0,1500,Ramp,True,63,
E00227,N01399,N00626,0.449,0.45,60.0,1500,Ramp,True,216,Anthony Henday Drive
E00228,N01399,N01400,0.152,0.15,60.0,1500,Ramp,True,216,Anthony Henday Drive
E00229,N01399,N01102,0.321,0.32,60.0,1500,Ramp,True,216,Anthony Henday Drive
E00230,N01400,N00626,0.377,0.25,90.0,1400,Arterial,True,,Anthony Henday Drive
E00231,N01400,N00629,0.01,0.01,60.0,1500,Ramp,True,216,Anthony Henday Drive
E00232,N01400,N01403,0.239,0.24,60.0,1500,Ramp,True,216,Anthony Henday Drive
E00233,N00702,N01321,0.105,0.06,100.0,1600,Expressway / Highway,True,2,St. Albert Road
E00234,N00702,N01325,0.057,0.06,60.0,1500,Ramp,True,2,
E00235,N01398,N01104,0.962,0.58,100.0,1600,Expressway / Highway,True,216,Anthony Henday Drive
E00236,N01398,N01407,1.914,1.15,100.0,1600,Expressway / Highway,True,216,Anthony Henday Drive
E00237,N01398,N01405,0.817,0.82,60.0,1500,Ramp,True,216,Anthony Henday Drive
E00238,N01401,N01104,0.901,0.9,60.0,1500,Ramp,True,216,Anthony Henday Drive
E00239,N01401,N01403,0.005,0.01,60.0,1500,Ramp,True,216,Anthony Henday Drive
E00240,N01401,N01404,0.008,0.01,50.0,600,Local / Street,True,216,Cameron Heights Drive
E00241,N01402,N01403,0.008,0.01,80.0,1000,Collector,True,216,Cameron Heights Drive
E00242,N01402,N00629,0.242,0.24,60.0,1500,Ramp,True,216,Anthony Henday Drive
E00243,N01402,N01404,0.006,0.01,60.0,1500,Ramp,True,216,Anthony Henday Drive
E00244,N01402,N01410,0.268,0.2,80.0,1000,Collector,True,216,Cameron Heights Drive
E00245,N01404,N01405,0.06,0.06,60.0,1500,Ramp,True,216,Anthony Henday Drive
E00246,N01404,N01408,0.053,0.06,50.0,600,Local / Street,True,216,Cameron Heights Drive
E00247,N01405,N01408,0.083,0.08,60.0,1500,Ramp,True,216,Anthony Henday Drive
E00248,N03939,N03898,1.029,1.03,60.0,1500,Ramp,True,63,686 Highway
E00249,N03939,N03941,1.112,1.11,60.0,1500,Ramp,True,63,686 Highway
E00250,N03939,N03949,0.867,0.52,100.0,1600,Expressway / Highway,True,686,686 Highway
E00251,N03346,N03347,14.157,9.44,90.0,1400,Arterial,True,643,643 Highway
E00252,N03346,N02380,6.471,4.31,90.0,1400,Arterial,True,643,643 Highway
E00253,N03940,N03941,0.768,0.46,100.0,1600,Expressway / Highway,True,63,Memorial Drive
E00254,N03940,N03944,0.061,0.06,60.0,1500,Ramp,True,63,
E00255,N01632,N01634,0.042,0.03,90.0,1400,Arterial,True,2,2 Highway
E00256,N01632,N01633,0.053,0.04,90.0,1400,Arterial,True,88,88 Highway
E00257,N01406,N01102,2.246,1.35,100.0,1600,Expressway / Highway,True,216,Anthony Henday Drive
E00258,N01406,N01451,0.616,0.62,60.0,1500,Ramp,True,216,
E00259,N01406,N01447,1.408,0.85,100.0,1600,Expressway / Highway,True,216,Anthony Henday Drive
E00260,N01407,N01448,0.563,0.56,60.0,1500,Ramp,True,216,
E00261,N01407,N01449,1.404,0.84,100.0,1600,Expressway / Highway,True,216,Anthony Henday Drive
E00262,N01634,N01633,0.065,0.07,60.0,1500,Ramp,True,2,
E00263,N01634,N01659,1.02,0.68,90.0,1400,Arterial,True,2,2 Highway
E00264,N01633,N01661,34.382,22.92,90.0,1400,Arterial,True,88,88 Highway
E00265,N03945,N03942,0.068,0.07,60.0,1500,Ramp,True,63,
E00266,N03948,N03949,0.299,0.18,100.0,1600,Expressway / Highway,True,686,
E00267,N03948,N03953,1.561,1.16,80.6,1500,Expressway / Highway,True,686,
E00268,N02129,N02025,0.671,0.4,100.0,1600,Expressway / Highway,True,14,Whitemud Drive
E00269,N02129,N02134,1.04,0.62,100.0,1600,Expressway / Highway,True,14,Whitemud Drive
E00270,N02129,N02139,0.225,0.22,60.0,1500,Ramp,True,14,
E00271,N02130,N02024,0.919,0.55,100.0,1600,Expressway / Highway,True,,Whitemud Drive
E00272,N02130,N03972,1.018,0.61,100.0,1600,Expressway / Highway,True,14,Whitemud Drive
E00273,N02130,N02141,0.277,0.28,60.0,1500,Ramp,True,14,
E00274,N01689,N01688,0.039,0.03,90.0,1400,Arterial,True,28,97 Street
E00275,N01689,N01690,0.004,0.0,90.0,1400,Arterial,True,28,97 Street
E00276,N01689,N01692,0.021,0.02,60.0,1500,Ramp,True,28,160 Avenue
E00277,N01010,N00989,31.164,22.62,82.7,600,Arterial,True,870,870 Highway
E00278,N01010,N01011,0.032,0.02,90.0,1400,Arterial,True,870,870 Highway
E00279,N01010,N01014,26.764,16.06,100.0,1600,Expressway / Highway,True,16,Trans-Canada Highway
E00280,N03946,N03951,1.124,1.12,60.0,1500,Ramp,True,63,686 Highway
E00281,N03946,N03947,0.368,0.37,60.0,1500,Ramp,True,63,686 Highway
E00282,N03946,N03950,0.106,0.11,60.0,1500,Ramp,True,63,
E00283,N01011,N03598,19.299,12.87,90.0,1400,Arterial,True,870,870 Highway
E00284,N01011,N01013,26.757,16.05,100.0,1600,Expressway / Highway,True,16,Trans-Canada Highway
E00285,N03949,N03950,0.012,0.01,60.0,1500,Ramp,True,63,
E00286,N03950,N03947,0.333,0.2,100.0,1600,Expressway / Highway,True,686,
E00287,N03950,N03898,1.779,1.6,66.8,1500,Ramp,True,63;686,
E00288,N03951,N03942,0.612,0.37,100.0,1600,Expressway / Highway,True,63,Memorial Drive
E00289,N03951,N03899,2.079,1.25,100.0,1600,Expressway / Highway,True,63,63 Highway
E00290,N00155,N00156,0.027,0.02,90.0,1400,Arterial,True,22,22 Highway
E00291,N00155,N00157,0.144,0.14,60.0,1500,Ramp,True,,
E00292,N00155,N00157,0.171,0.11,90.0,1400,Arterial,True,22;39,22 Highway
E00293,N00156,N00035,0.15,0.15,60.0,1500,Ramp,True,22,
E00294,N00157,N00162,4.791,3.19,90.0,1400,Arterial,True,39,39 Highway
E00295,N01690,N01716,0.021,0.02,60.0,1500,Ramp,True,28,160 Avenue
E00296,N01690,N01688,0.109,0.11,60.0,1500,Ramp,True,28,160 Avenue
E00297,N01690,N01718,0.082,0.05,90.0,1400,Arterial,True,28,97 Street
E00298,N00703,N00707,1.118,0.67,100.0,1600,Expressway / Highway,True,2,St. Albert Road
E00299,N00703,N00704,0.05,0.05,60.0,1500,Ramp,True,2,
E00300,N00703,N01288,0.265,0.16,100.0,1600,Expressway / Highway,True,2,St. Albert Road
E00301,N00704,N00708,1.118,0.67,100.0,1600,Expressway / Highway,True,2,St. Albert Road
E00302,N00704,N01289,0.294,0.18,100.0,1600,Expressway / Highway,True,2,St. Albert Road
E00303,N01691,N01692,0.088,0.09,60.0,1500,Ramp,True,28,160 Avenue
E00304,N03586,N03601,27.714,18.48,90.0,1400,Arterial,True,881,881 Highway
E00305,N03586,N03629,10.583,7.06,90.0,1400,Arterial,True,881,881 Highway
E00306,N03586,N03589,20.822,13.88,90.0,1400,Arterial,True,646,646 Highway
E00307,N03586,N03633,24.43,16.29,90.0,1400,Arterial,True,646,646 Highway
E00308,N03677,N03660,10.491,6.99,90.0,1400,Arterial,True,659,659 Highway
E00309,N03677,N03725,26.129,17.42,90.0,1400,Arterial,True,897,897 Highway
E00310,N00705,N01289,0.357,0.21,100.0,1600,Expressway / Highway,True,2,St. Albert Road
E00311,N00705,N01172,0.152,0.09,100.0,1600,Expressway / Highway,True,2,St. Albert Road
E00312,N00705,N01176,0.043,0.04,60.0,1500,Ramp,True,2,
E00313,N02131,N03972,0.307,0.31,60.0,1500,Ramp,True,14,
E00314,N02131,N02176,0.11,0.11,60.0,1500,Ramp,True,14,
E00315,N02131,N02177,0.137,0.14,60.0,1500,Ramp,True,14,
E00316,N02132,N02137,0.233,0.23,60.0,1500,Ramp,True,14,
E00317,N02132,N03224,0.888,0.53,100.0,1600,Expressway / Highway,True,14,Whitemud Drive
E00318,N02132,N03972,0.763,0.46,100.0,1600,Expressway / Highway,True,14,Whitemud Drive
E00319,N02133,N02134,0.731,0.44,100.0,1600,Expressway / Highway,True,14,Whitemud Drive
E00320,N02133,N03207,0.856,0.51,100.0,1600,Expressway / Highway,True,14,Whitemud Drive
E00321,N02133,N02135,0.256,0.26,60.0,1500,Ramp,True,14,
E00322,N01635,N01639,0.792,0.53,90.0,1400,Arterial,True,2,2 Highway
E00323,N01635,N01638,0.105,0.1,60.0,1500,Ramp,True,2,
E00324,N01635,N01637,0.827,0.55,90.0,1400,Arterial,True,2,2 Highway
E00325,N02135,N02136,0.191,0.17,67.7,1500,Ramp,True,14,17 Street
E00326,N02135,N02136,0.087,0.09,60.0,1500,Ramp,True,14,
E00327,N01636,N01640,0.142,0.14,60.0,1500,Ramp,True,2,East Mitsue Industrial Road
E00328,N01636,N01638,0.123,0.08,90.0,1400,Arterial,True,2,2 Highway
E00329,N01636,N01637,0.633,0.42,90.0,1400,Arterial,True,2,2 Highway
E00330,N02136,N02178,0.127,0.08,90.0,3000,Arterial,True,,17 Street
E00331,N02137,N02178,0.085,0.08,60.0,1500,Ramp,True,14,
E00332,N02137,N02179,0.133,0.13,60.0,1500,Ramp,True,14,
E00333,N03952,N03947,0.925,0.56,100.0,1600,Expressway / Highway,True,686,
E00334,N01408,N01409,0.21,0.25,50.0,600,Local / Street,True,216,Cameron Heights Drive
E00335,N01638,N01639,0.881,0.59,90.0,1400,Arterial,True,2,2 Highway
E00336,N03347,N03349,6.471,4.31,90.0,1400,Arterial,True,38,38 Highway
E00337,N03347,N03533,8.651,5.77,90.0,1400,Arterial,True,38,38 Highway
E00338,N02138,N02139,0.163,0.16,60.0,1500,Ramp,True,14,
E00339,N02139,N02140,0.091,0.09,60.0,1500,Ramp,True,14,
E00340,N02140,N02026,0.101,0.1,60.0,1500,Ramp,True,14,
E00341,N02140,N02027,0.109,0.11,60.0,1500,Ramp,True,14,34 Street
E00342,N02141,N02029,0.08,0.08,60.0,1500,Ramp,True,14,
E00343,N02141,N02143,0.073,0.07,60.0,1500,Ramp,True,14,
E00344,N02631,N02630,0.083,0.08,60.0,1500,Ramp,True,32,
E00345,N02631,N02656,0.46,0.28,100.0,1600,Expressway / Highway,True,43,43 Highway
E00346,N02631,N02635,0.035,0.02,100.0,1600,Expressway / Highway,True,43,43 Highway
E00347,N02142,N02029,0.099,0.1,60.0,1500,Ramp,True,14,34 Street
E00348,N02632,N02667,0.783,0.47,100.0,1600,Expressway / Highway,True,43,43 Highway
E00349,N02632,N02636,0.029,0.03,60.0,1500,Ramp,True,32,43 Highway
E00350,N02632,N02637,0.028,0.02,100.0,1600,Expressway / Highway,True,43,43 Highway
E00351,N02634,N02633,0.024,0.02,60.0,1500,Ramp,True,32,43 Highway
E00352,N02634,N02635,0.02,0.01,100.0,1600,Expressway / Highway,True,43,43 Highway
E00353,N02634,N02629,4.492,2.7,100.0,1600,Expressway / Highway,True,43,43 Highway
E00354,N02635,N02633,0.013,0.01,90.0,1400,Arterial,True,32,32 Highway
E00355,N02635,N02636,0.007,0.0,90.0,1400,Arterial,True,32,32 Highway
E00356,N00706,N00659,1.483,0.99,90.0,1400,Arterial,True,642,100 Avenue
E00357,N00706,N00659,1.483,0.99,90.0,1400,Arterial,True,642,100 Avenue
E00358,N00706,N02540,8.141,5.43,90.0,1400,Arterial,True,642,100 Avenue
E00359,N03587,N03566,6.886,4.59,90.0,1400,Arterial,True,28,28 Highway
E00360,N03587,N03592,0.051,0.03,90.0,1400,Arterial,True,28,28 Highway
E00361,N03587,N03591,0.08,0.08,60.0,1500,Ramp,True,28,
E00362,N02144,N02370,0.077,0.08,60.0,1500,Ramp,True,,Sherwood Park Freeway
E00363,N02145,N02151,0.074,0.07,60.0,1500,Ramp,True,,Sherwood Park Freeway
E00364,N02145,N02147,0.384,0.38,60.0,1500,Ramp,True,,Sherwood Park Freeway
E00365,N02145,N02370,0.123,0.12,60.0,1500,Ramp,True,,Sherwood Park Freeway
E00366,N02146,N02031,0.068,0.07,60.0,1500,Ramp,True,,
E00367,N00707,N00709,0.043,0.04,60.0,1500,Ramp,True,2,
E00368,N00707,N01295,0.12,0.07,100.0,1600,Expressway / Highway,True,2,St. Albert Road
E00369,N02147,N02148,1.004,0.6,100.0,1600,Expressway / Highway,True,,Sherwood Park Freeway
E00370,N02147,N02377,0.752,0.45,100.0,1600,Expressway / Highway,True,,Sherwood Park Freeway
E00371,N02148,N02031,0.277,0.28,60.0,1500,Ramp,True,,Sherwood Park Freeway
E00372,N02148,N02033,0.239,0.14,100.0,1600,Expressway / Highway,True,,Sherwood Park Freeway
E00373,N00708,N01298,0.142,0.09,100.0,1600,Expressway / Highway,True,2,St. Albert Road
E00374,N00708,N01297,0.124,0.12,60.0,1500,Ramp,True,2,
E00375,N02149,N03973,0.286,0.29,60.0,1500,Ramp,True,,Sherwood Park Freeway
E00376,N02149,N02369,0.148,0.15,60.0,1500,Ramp,True,,Sherwood Park Freeway
E00377,N02149,N02150,0.125,0.13,60.0,1500,Ramp,True,,Sherwood Park Freeway
E00378,N03133,N02784,0.161,0.11,90.0,1400,Arterial,True,40,108 Street
E00379,N03133,N02739,1.264,0.84,90.0,1400,Arterial,True,40,108 Street
E00380,N03133,N02776,0.05,0.05,60.0,1500,Ramp,True,40,
E00381,N03348,N03267,12.167,8.11,90.0,1400,Arterial,True,28,28 Highway
E00382,N03348,N02543,21.827,16.85,77.7,600,Arterial,False,651,651 Highway
E00383,N03348,N02183,6.427,4.28,90.0,1400,Arterial,True,28,28 Highway
E00384,N02152,N02195,0.067,0.07,60.0,1500,Ramp,True,630,
E00385,N02153,N02190,0.268,0.27,60.0,1500,Ramp,True,,
E00386,N00320,N00321,1.245,1.24,60.0,1500,Ramp,True,16A,Trans-Canada Highway
E00387,N00320,N00437,0.303,0.18,100.0,1600,Expressway / Highway,True,16A,Trans-Canada Highway
E00388,N00320,N00321,1.235,0.74,100.0,1600,Expressway / Highway,True,16A,Trans-Canada Highway
E00389,N02154,N02039,0.035,0.03,60.0,1500,Ramp,True,,Sherwood Park Freeway
E00390,N03589,N03584,21.513,14.34,90.0,1400,Arterial,True,29,29 Highway
E00391,N03589,N03590,9.92,6.61,90.0,1400,Arterial,True,29,29 Highway
E00392,N03588,N03590,1.618,1.08,90.0,1400,Arterial,True,29,29 Highway
E00393,N03588,N03591,15.649,10.43,90.0,1400,Arterial,True,36,36 Highway
E00394,N03588,N03609,14.859,9.91,90.0,1400,Arterial,True,29,29 Highway
E00395,N03349,N02183,4.298,2.87,90.0,1400,Arterial,True,38,48 Avenue
E00396,N03349,N03353,14.605,9.74,90.0,1400,Arterial,True,644;829,48 Avenue
E00397,N00321,N00278,4.319,2.59,100.0,1600,Expressway / Highway,True,16A,Trans-Canada Highway
E00398,N02155,N03973,0.765,0.46,100.0,1600,Expressway / Highway,True,,Sherwood Park Freeway
E00399,N02155,N02369,0.384,0.38,60.0,1500,Ramp,True,,
E00400,N02155,N03211,0.857,0.51,100.0,1600,Expressway / Highway,True,,Sherwood Park Freeway
E00401,N02156,N02369,0.055,0.05,60.0,1500,Ramp,True,,
E00402,N00710,N03959,0.051,0.05,60.0,1500,Ramp,True,2,
E00403,N00710,N00711,0.223,0.13,100.0,1600,Expressway / Highway,True,2,Mark Messier Trail
E00404,N00710,N01175,0.105,0.06,100.0,3600,Expressway / Highway,True,2,Mark Messier Trail
E00405,N03590,N03563,24.366,16.24,90.0,1400,Arterial,True,652,652 Highway
E00406,N00711,N01160,0.621,0.62,60.0,1500,Ramp,True,216,Anthony Henday Drive
E00407,N00711,N00712,0.19,0.11,100.0,1600,Expressway / Highway,True,2,Mark Messier Trail
E00408,N03592,N03591,0.057,0.04,90.0,1400,Arterial,True,36,36 Highway
E00409,N03592,N03594,8.351,5.57,90.0,1400,Arterial,True,28,28 Highway
E00410,N00158,N00453,14.346,9.56,90.0,1400,Arterial,True,31;759,759 Highway
E00411,N00158,N00161,10.241,6.83,90.0,1400,Arterial,True,759,759 Highway
E00412,N00158,N00273,34.45,22.97,90.0,1400,Arterial,True,627,627 Highway
E00413,N00322,N00269,10.404,6.24,100.0,1600,Expressway / Highway,True,16,Trans-Canada Highway
E00414,N00322,N00327,0.448,0.45,60.0,1500,Ramp,True,16,Trans-Canada Highway
E00415,N00322,N00351,1.181,0.71,100.0,1600,Expressway / Highway,True,16,Trans-Canada Highway
E00416,N00712,N01162,0.263,0.16,100.0,1600,Expressway / Highway,True,2,Mark Messier Trail
E00417,N00712,N01168,0.017,0.02,60.0,1500,Ramp,True,216,Anthony Henday Drive
E00418,N00323,N00324,0.548,0.55,60.0,1500,Ramp,True,16,Trans-Canada Highway
E00419,N00323,N00339,0.11,0.11,60.0,1500,Ramp,True,16,Trans-Canada Highway
E00420,N00713,N01172,0.397,0.24,100.0,1600,Expressway / Highway,True,2,Mark Messier Trail
E00421,N00713,N01168,0.049,0.03,100.0,1600,Expressway / Highway,True,2,Mark Messier Trail
E00422,N00713,N01169,0.067,0.07,60.0,1500,Ramp,True,216,Anthony Henday Drive
E00423,N00714,N01168,0.15,0.09,100.0,1600,Expressway / Highway,True,2,Mark Messier Trail
E00424,N00714,N01166,0.632,0.63,60.0,1500,Ramp,True,216,Anthony Henday Drive
E00425,N00714,N01165,0.281,0.17,100.0,1600,Expressway / Highway,True,2,Mark Messier Trail
E00426,N00715,N01162,0.166,0.1,100.0,1600,Expressway / Highway,True,2,Mark Messier Trail
E00427,N00715,N01163,0.047,0.05,60.0,1500,Ramp,True,216,Anthony Henday Drive
E00428,N00715,N01164,0.04,0.02,100.0,1600,Expressway / Highway,True,2,Mark Messier Trail
E00429,N00715,N01165,0.015,0.01,60.0,1500,Ramp,True,216,Anthony Henday Drive
E00430,N01834,N02554,0.498,0.5,60.0,1500,Ramp,True,216,Anthony Henday Drive
E00431,N00716,N01502,1.24,0.74,100.0,1600,Expressway / Highway,True,216,Anthony Henday Drive
E00432,N00716,N01161,0.476,0.48,60.0,1500,Ramp,True,216,Anthony Henday Drive
E00433,N00716,N01167,0.168,0.1,100.0,1600,Expressway / Highway,True,216,Anthony Henday Drive
E00434,N03126,N03993,36.039,24.03,90.0,1400,Arterial,True,666,666 Highway
E00435,N02157,N02069,0.489,0.49,60.0,1500,Ramp,True,216,
E00436,N02157,N02070,0.842,0.56,90.0,1400,Arterial,True,15,Manning Drive
E00437,N02157,N02159,0.486,0.32,90.0,1400,Arterial,True,15,Manning Drive
E00438,N02158,N02101,0.69,0.69,60.0,1500,Ramp,True,216,
E00439,N02158,N02068,1.251,1.25,60.0,1500,Ramp,True,216,Anthony Henday Drive
E00440,N02158,N02160,0.424,0.42,60.0,1500,Ramp,True,216,Anthony Henday Drive
E00441,N02159,N02548,0.325,0.32,60.0,1500,Ramp,True,216,Anthony Henday Drive
E00442,N02159,N01933,7.092,4.73,90.0,1400,Arterial,True,15,Manning Drive
E00443,N02160,N02099,0.497,0.33,90.0,1400,Arterial,True,15,Manning Drive
E00444,N02160,N02161,7.027,4.68,90.0,1400,Arterial,True,15,Manning Drive
E00445,N01641,N00588,0.537,0.36,90.0,1400,Arterial,True,2,2 Highway
E00446,N01641,N00587,0.219,0.22,60.0,1500,Ramp,True,2,
E00447,N01641,N01642,2.162,1.44,90.0,1400,Arterial,True,2,2 Highway
E00448,N00717,N01471,0.704,0.42,100.0,1600,Expressway / Highway,True,16,Trans-Canada Highway
E00449,N00717,N01151,1.092,0.66,100.0,1600,Expressway / Highway,True,16,Trans-Canada Highway
E00450,N00717,N01157,0.533,0.53,60.0,1500,Ramp,True,2,Trans-Canada Highway
E00451,N00324,N00270,10.95,6.57,100.0,1600,Expressway / Highway,True,16,Trans-Canada Highway
E00452,N00324,N00338,1.211,0.73,100.0,1600,Expressway / Highway,True,16,Trans-Canada Highway
E00453,N00325,N00327,0.128,0.13,60.0,1500,Ramp,True,16,Trans-Canada Highway
E00454,N00325,N00339,0.18,0.12,90.0,1400,Arterial,True,779,779 Highway
E00455,N00325,N00336,0.101,0.07,90.0,1400,Arterial,True,779,779 Highway
E00456,N02836,N02802,0.015,0.01,100.0,1600,Expressway / Highway,True,43,100 Street
E00457,N02836,N02800,0.02,0.02,60.0,1500,Ramp,True,43,
E00458,N02836,N02840,1.313,0.79,100.0,1600,Expressway / Highway,True,43,100 Street
E00459,N00326,N00336,0.06,0.04,90.0,1400,Arterial,True,779,779 Highway
E00460,N00326,N00335,0.023,0.02,90.0,1400,Arterial,True,779,779 Highway
E00461,N00326,N00337,0.208,0.21,60.0,1500,Ramp,True,16,Trans-Canada Highway
E00462,N01642,N00593,1.983,1.32,90.0,1400,Arterial,True,2,2 Highway
E00463,N01642,N01643,14.193,9.46,90.0,1400,Arterial,True,2,2 Highway
E00464,N00327,N00335,0.216,0.22,60.0,1500,Ramp,True,16,Trans-Canada Highway
E00465,N00508,N00507,0.441,0.26,100.0,1600,Expressway / Highway,True,60,60 Highway
E00466,N00508,N00506,0.275,0.17,100.0,1600,Expressway / Highway,True,60,60 Highway
E00467,N00508,N00551,1.269,0.76,100.0,1600,Expressway / Highway,True,60,60 Highway
E00468,N00718,N01467,0.527,0.53,60.0,1500,Ramp,True,16,Trans-Canada Highway
E00469,N00719,N01483,0.686,0.41,100.0,1600,Expressway / Highway,True,16,Trans-Canada Highway
E00470,N00719,N01467,0.555,0.33,100.0,1600,Expressway / Highway,True,16,Trans-Canada Highway
E00471,N00719,N01470,0.299,0.3,60.0,1500,Ramp,True,16,Trans-Canada Highway
E00472,N02161,N01933,0.035,0.02,90.0,1400,Arterial,True,28A,17 Street
E00473,N00159,N00160,0.021,0.01,90.0,1400,Arterial,True,757,757 Highway
E00474,N00159,N00463,2.509,1.67,90.0,1400,Arterial,True,757,757 Highway
E00475,N00159,N00451,8.159,4.9,100.0,1600,Expressway / Highway,True,16,Trans-Canada Highway
E00476,N00159,N00065,8.22,4.93,100.0,1600,Expressway / Highway,True,16,Trans-Canada Highway
E00477,N00720,N01471,0.805,0.48,100.0,1600,Expressway / Highway,True,16,Trans-Canada Highway
E00478,N00720,N01490,0.404,0.24,100.0,1600,Expressway / Highway,True,16,Trans-Canada Highway
E00479,N00720,N01487,0.366,0.37,60.0,1500,Ramp,True,16,Trans-Canada Highway
E00480,N00328,N00274,6.461,4.92,78.8,600,Arterial,True,633,633 Highway
E00481,N00328,N00446,7.037,4.69,90.0,1400,Arterial,True,779,779 Highway
E00482,N00328,N00566,12.57,8.38,90.0,1400,Arterial,True,633,633 Highway
E00483,N00160,N00067,7.453,4.47,100.0,1600,Expressway / Highway,True,16,Trans-Canada Highway
E00484,N00160,N00450,7.995,4.8,100.0,1600,Expressway / Highway,True,16,Trans-Canada Highway
E00485,N00329,N00330,0.487,0.49,60.0,1500,Ramp,True,16A,Trans-Canada Highway
E00486,N00329,N00333,0.024,0.02,60.0,1500,Ramp,True,16A,Trans-Canada Highway
E00487,N00329,N00334,0.042,0.04,60.0,1500,Ramp,True,16A,Trans-Canada Highway
E00488,N00330,N00270,11.988,7.66,93.9,1500,Expressway / Highway,True,16;16A,Trans-Canada Highway
E00489,N00330,N00331,0.424,0.25,100.0,1600,Expressway / Highway,True,16A,Trans-Canada Highway
E00490,N00331,N00332,0.293,0.29,60.0,1500,Ramp,True,16A,Trans-Canada Highway
E00491,N00331,N00358,4.181,2.51,100.0,1600,Expressway / Highway,True,16A,Trans-Canada Highway
E00492,N00332,N00342,0.166,0.17,60.0,1500,Ramp,True,16A,Trans-Canada Highway
E00493,N00332,N00343,0.143,0.14,60.0,1500,Ramp,True,16A,Trans-Canada Highway
E00494,N00333,N00343,0.012,0.01,90.0,1400,Arterial,True,779,48 Street
E00495,N00333,N00345,0.006,0.01,60.0,1500,Ramp,True,16A,
E00496,N00333,N00346,0.031,0.02,90.0,1400,Arterial,True,779,48 Street
E00497,N00334,N00346,0.009,0.01,90.0,1400,Arterial,True,779,48 Street
E00498,N00334,N00335,2.626,1.75,90.0,1400,Arterial,True,779,48 Street
E00499,N00721,N01473,0.625,0.37,100.0,1600,Expressway / Highway,True,16,Trans-Canada Highway
E00500,N00721,N01480,0.124,0.12,60.0,1500,Ramp,True,16,Trans-Canada Highway
E00501,N00721,N01482,0.171,0.1,100.0,1600,Expressway / Highway,True,16,Trans-Canada Highway
E00502,N02591,N02599,1.456,0.97,90.0,1400,Arterial,True,748,25 Street
E00503,N02591,N02617,21.065,14.05,90.0,600,Arterial,True,748,748 Highway
E00504,N00337,N00351,0.529,0.53,60.0,1500,Ramp,True,16,Trans-Canada Highway
E00505,N02163,N01933,4.604,3.07,90.0,1400,Arterial,True,15,15 Highway
E00506,N02163,N02172,0.325,0.33,60.0,1500,Ramp,True,825,
E00507,N00338,N00350,3.132,1.88,100.0,1600,Expressway / Highway,True,16,Trans-Canada Highway
E00508,N02162,N02164,0.287,0.19,90.0,1400,Arterial,True,37,37 Highway
E00509,N02162,N02166,0.443,0.44,60.0,1500,Ramp,True,825,
E00510,N02164,N02165,0.009,0.01,60.0,1500,Ramp,True,825,
E00511,N02164,N02169,0.014,0.01,90.0,1400,Arterial,True,37,37 Highway
E00512,N02164,N02166,0.179,0.18,60.0,1500,Ramp,True,825,
E00513,N00339,N00340,0.006,0.01,60.0,1500,Ramp,True,16,Trans-Canada Highway
E00514,N02165,N02167,0.016,0.01,90.0,1400,Arterial,True,37,37 Highway
E00515,N02165,N02171,0.202,0.13,90.0,1400,Arterial,True,37,37 Highway
E00516,N02165,N02172,0.089,0.09,60.0,1500,Ramp,True,825,
E00517,N02167,N02168,0.011,0.01,90.0,1400,Arterial,True,37,37 Highway
E00518,N02167,N02169,0.01,0.01,90.0,1400,Arterial,True,825,825 Highway
E00519,N02169,N02170,0.011,0.01,90.0,1400,Arterial,True,37,37 Highway
E00520,N02169,N02166,0.173,0.12,90.0,1400,Arterial,True,825,825 Highway
E00521,N00342,N00433,0.308,0.21,90.0,1400,Arterial,True,779,48 Street
E00522,N00342,N00343,0.102,0.07,90.0,1400,Arterial,True,779,48 Street
E00523,N02168,N02170,0.009,0.01,90.0,1400,Arterial,True,825,825 Highway
E00524,N02171,N02172,0.234,0.23,60.0,1500,Ramp,True,825,
E00525,N00343,N00344,0.005,0.01,60.0,1500,Ramp,True,16A,Trans-Canada Highway
E00526,N00344,N00434,0.4,0.27,90.0,1400,Arterial,True,779,48 Street
E00527,N00344,N00345,0.008,0.01,90.0,1400,Arterial,True,779,48 Street
E00528,N00345,N00346,0.035,0.02,90.0,1400,Arterial,True,779,48 Street
E00529,N01643,N01644,22.739,15.16,90.0,1400,Arterial,True,2,2 Highway
E00530,N01643,N02543,9.718,6.48,90.0,1400,Arterial,True,651,651 Highway
E00531,N01643,N00485,12.988,8.66,90.0,1400,Arterial,True,651,651 Highway
E00532,N02173,N01933,3.374,2.25,90.0,1400,Arterial,True,28A,17 Street
E00533,N02173,N01536,11.783,7.86,90.0,1400,Arterial,True,37,37 Highway
E00534,N02173,N02380,12.977,8.65,90.0,1400,Arterial,True,28A,28A Highway
E00535,N01012,N01013,0.676,0.45,90.0,1400,Arterial,True,881,47 Street
E00536,N01012,N03600,23.94,15.96,90.0,1400,Arterial,True,881,47 Street
E00537,N01012,N01015,0.445,0.38,70.3,600,Collector,False,,48 Avenue
E00538,N01013,N01014,0.03,0.02,90.0,1400,Arterial,True,881,881 Highway
E00539,N01013,N01027,20.862,12.52,100.0,1600,Expressway / Highway,True,16,Trans-Canada Highway
E00540,N01014,N01017,18.693,12.46,90.0,1400,Arterial,True,881,881 Highway
E00541,N01014,N01023,20.884,12.53,100.0,1600,Expressway / Highway,True,16,Trans-Canada Highway
E00542,N00722,N01494,1.447,0.87,100.0,1600,Expressway / Highway,True,2,St Albert Trail
E00543,N00722,N01497,0.262,0.16,100.0,1600,Expressway / Highway,True,2,St Albert Trail
E00544,N00722,N01495,0.018,0.02,50.0,600,Local / Street,True,2,
E00545,N00722,N00724,0.013,0.02,50.0,600,Local / Street,True,2,
E00546,N00722,N01501,0.045,0.05,50.0,600,Local / Street,True,2,
E00547,N00723,N01496,0.093,0.09,60.0,1500,Ramp,True,2,
E00548,N00724,N01495,0.016,0.01,100.0,1600,Expressway / Highway,True,2,St Albert Trail
E00549,N00724,N01496,0.143,0.09,100.0,1600,Expressway / Highway,True,2,St Albert Trail
E00550,N00724,N01495,0.128,0.15,50.0,600,Local / Street,True,2,
E00551,N02967,N02957,2.93,1.95,90.0,1400,Arterial,True,744,744 Highway
E00552,N02967,N02981,35.455,23.64,90.0,1400,Arterial,True,744,50 Street
E00553,N00347,N00351,3.089,1.85,100.0,1600,Expressway / Highway,True,16,Trans-Canada Highway
E00554,N00347,N00549,1.408,0.84,100.0,1600,Expressway / Highway,True,16,Trans-Canada Highway
E00555,N00347,N00349,0.506,0.51,60.0,1500,Ramp,True,16,Trans-Canada Highway
E00556,N00348,N00350,0.626,0.63,60.0,1500,Ramp,True,16,Trans-Canada Highway
E00557,N00348,N00547,0.29,0.29,60.0,1500,Ramp,True,16,Trans-Canada Highway
E00558,N00348,N00545,0.141,0.14,60.0,1500,Ramp,True,16,Trans-Canada Highway
E00559,N03350,N03351,6.429,4.29,90.0,1400,Arterial,True,28,28 Highway
E00560,N03350,N03352,14.906,9.94,90.0,1400,Arterial,True,827,827 Highway
E00561,N03350,N02183,9.945,6.63,90.0,1400,Arterial,True,28,28 Highway
E00562,N00349,N00552,0.406,0.41,60.0,1500,Ramp,True,16,Trans-Canada Highway
E00563,N00349,N00554,0.333,0.33,60.0,1500,Ramp,True,16,Trans-Canada Highway
E00564,N00350,N00548,1.368,0.82,100.0,1600,Expressway / Highway,True,16,Trans-Canada Highway
E00565,N02837,N02803,1.302,0.78,100.0,1600,Expressway / Highway,True,43,100 Street
E00566,N02837,N02840,0.006,0.0,90.0,1400,Arterial,True,,132 Avenue
E00567,N02837,N02839,0.009,0.01,100.0,1600,Expressway / Highway,True,43,100 Street
E00568,N00725,N01497,0.187,0.19,60.0,1500,Ramp,True,2,137 Avenue
E00569,N02838,N02840,0.009,0.01,100.0,1600,Expressway / Highway,True,43,100 Street
E00570,N02838,N02839,0.006,0.0,90.0,1400,Arterial,True,,132 Avenue
E00571,N02838,N02841,0.208,0.14,90.0,1400,Arterial,True,,132 Avenue
E00572,N02838,N02842,2.285,1.37,100.0,1600,Expressway / Highway,True,2;43,100 Street
E00573,N02839,N02843,2.323,1.39,100.0,1600,Expressway / Highway,True,2;43,100 Street
E00574,N00726,N01161,2.188,1.31,100.0,1600,Expressway / Highway,True,2,Mark Messier Trail
E00575,N00726,N01498,0.084,0.05,100.0,1600,Expressway / Highway,True,2,St Albert Trail
E00576,N00726,N01500,0.134,0.13,60.0,1500,Ramp,True,2,
E00577,N02840,N02841,0.207,0.14,90.0,1400,Arterial,True,,132 Avenue
E00578,N02841,N02704,29.037,19.36,90.0,1400,Arterial,True,670,132 Avenue
E00579,N00007,N00075,22.846,15.23,90.0,1400,Arterial,True,753,753 Highway
E00580,N02174,N03425,0.046,0.05,60.0,1500,Ramp,True,21,
E00581,N01835,N01842,0.089,0.09,60.0,1500,Ramp,True,216,
E00582,N03482,N03451,0.629,0.42,90.0,1400,Arterial,True,,15 Highway
E00583,N03482,N03485,0.164,0.16,60.0,1500,Ramp,True,15,
E00584,N03482,N03483,0.072,0.05,90.0,1400,Arterial,True,,15 Highway
E00585,N03483,N03485,0.008,0.01,90.0,1400,Arterial,True,,15 Highway
E00586,N03483,N03493,0.007,0.01,60.0,1500,Ramp,True,,
E00587,N03484,N03479,0.076,0.05,90.0,1400,Arterial,True,15,15 Highway
E00588,N03484,N03474,0.091,0.09,60.0,1500,Ramp,True,15,
E00589,N03484,N03487,0.078,0.05,90.0,1400,Arterial,True,,15 Highway
E00590,N01836,N01842,0.072,0.07,60.0,1500,Ramp,True,216,
E00591,N01837,N03971,0.752,0.75,60.0,1500,Ramp,True,216,
E00592,N01837,N01844,0.621,0.62,60.0,1500,Ramp,True,216,
E00593,N01837,N01839,0.025,0.03,60.0,1500,Ramp,True,216,
E00594,N03485,N03479,0.005,0.0,90.0,1400,Arterial,True,,15 Highway
E00595,N03485,N03491,0.003,0.0,60.0,1500,Ramp,True,,
E00596,N01838,N01779,0.474,0.28,100.0,1600,Expressway / Highway,True,216,Anthony Henday Drive
E00597,N01838,N03971,0.143,0.14,60.0,1500,Ramp,True,216,
E00598,N01838,N01839,0.9,0.54,100.0,1600,Expressway / Highway,True,216,Anthony Henday Drive
E00599,N01839,N01846,0.832,0.5,100.0,1600,Expressway / Highway,True,216,Anthony Henday Drive
E00600,N01840,N01841,1.081,0.65,100.0,1600,Expressway / Highway,True,216,Anthony Henday Drive
E00601,N01840,N01847,0.512,0.31,100.0,1600,Expressway / Highway,True,216,Anthony Henday Drive
E00602,N01840,N01848,0.464,0.46,60.0,1500,Ramp,True,216,
E00603,N02968,N02954,1.602,1.37,70.4,600,Collector,True,,Fourth Avenue
E00604,N01841,N01782,0.824,0.49,100.0,1600,Expressway / Highway,True,216,Anthony Henday Drive
E00605,N01841,N01780,0.291,0.29,60.0,1500,Ramp,True,2,
E00606,N03351,N03353,0.031,0.02,90.0,1400,Arterial,True,28,28 Highway
E00607,N03351,N03355,0.066,0.07,60.0,1500,Ramp,True,28,
E00608,N01842,N01846,0.659,0.66,60.0,1500,Ramp,True,216,
E00609,N03486,N03490,0.006,0.0,90.0,1400,Arterial,True,,15 Highway
E00610,N03486,N03489,0.067,0.04,90.0,1400,Arterial,True,,15 Highway
E00611,N03486,N03494,0.006,0.01,60.0,1500,Ramp,True,,
E00612,N00352,N00137,0.107,0.11,60.0,1500,Ramp,True,,
E00613,N00352,N00353,0.431,0.26,100.0,1600,Expressway / Highway,True,16A,Trans-Canada Highway
E00614,N00352,N00355,0.131,0.08,100.0,1600,Expressway / Highway,True,16A,Trans-Canada Highway
E00615,N00353,N00415,0.369,0.22,100.0,1600,Expressway / Highway,True,16A,Trans-Canada Highway
E00616,N00353,N00415,0.392,0.39,60.0,1500,Ramp,True,,28 Street
E00617,N00727,N00729,0.335,0.2,100.0,3600,Expressway / Highway,True,16A,Trans-Canada Highway
E00618,N00727,N01244,0.081,0.08,60.0,1500,Ramp,True,16A,Trans-Canada Highway
E00619,N00727,N01247,0.14,0.08,100.0,3600,Expressway / Highway,True,16A,Trans-Canada Highway
E00620,N01844,N01843,0.065,0.06,60.0,1500,Ramp,True,216,
E00621,N01844,N01845,0.071,0.07,60.0,1500,Ramp,True,216,
E00622,N00728,N01231,0.707,0.42,100.0,1600,Expressway / Highway,True,2,170 Street
E00623,N00728,N00731,0.083,0.05,100.0,3600,Expressway / Highway,True,2,170 Street
E00624,N00728,N01260,0.1,0.1,60.0,1500,Ramp,True,2,
E00625,N00729,N01224,0.271,0.16,100.0,3600,Expressway / Highway,True,16A,Trans-Canada Highway
E00626,N00729,N01246,0.046,0.05,60.0,1500,Ramp,True,16A,
E00627,N00730,N00731,0.131,0.08,100.0,3600,Expressway / Highway,True,16A,Trans-Canada Highway
E00628,N00730,N01224,0.057,0.03,100.0,3600,Expressway / Highway,True,16A,Trans-Canada Highway
E00629,N00730,N00732,0.038,0.02,100.0,1600,Expressway / Highway,True,2,170 Street
E00630,N00730,N01261,0.225,0.14,100.0,3600,Expressway / Highway,True,2,170 Street
E00631,N00731,N01259,0.166,0.1,100.0,3600,Expressway / Highway,True,2,Trans-Canada Highway
E00632,N00354,N00355,0.109,0.11,60.0,1500,Ramp,True,,
E00633,N00355,N00357,1.471,0.88,100.0,1600,Expressway / Highway,True,16A,Trans-Canada Highway
E00634,N01846,N01939,2.529,1.52,100.0,1600,Expressway / Highway,True,216,Anthony Henday Drive
E00635,N01847,N01851,0.559,0.56,60.0,1500,Ramp,True,216,
E00636,N01847,N01938,2.418,1.45,100.0,1600,Expressway / Highway,True,216,Anthony Henday Drive
E00637,N00732,N01224,0.07,0.07,60.0,1500,Ramp,True,2,Trans-Canada Highway
E00638,N00732,N01226,0.768,0.46,100.0,1600,Expressway / Highway,True,2,170 Street
E00639,N01848,N01849,0.087,0.09,60.0,1500,Ramp,True,216,
E00640,N01848,N01850,0.075,0.08,60.0,1500,Ramp,True,216,
E00641,N01851,N01853,0.07,0.07,60.0,1500,Ramp,True,216,
E00642,N01851,N01852,0.075,0.07,60.0,1500,Ramp,True,216,
E00643,N02969,N03051,6.233,4.16,90.0,1400,Arterial,True,986,986 Highway
E00644,N02969,N02975,0.231,0.15,90.0,1400,Arterial,True,986,986 Highway
E00645,N02969,N02977,0.077,0.05,90.0,1400,Arterial,True,986,986 Highway
E00646,N02175,N03324,0.341,0.34,60.0,1500,Ramp,True,,
E00647,N02563,N02560,0.619,0.62,60.0,1500,Ramp,True,216,Range Road 242
E00648,N02970,N02975,0.079,0.08,60.0,1500,Ramp,True,986,
E00649,N02971,N02977,0.117,0.12,60.0,1500,Ramp,True,986,
E00650,N02972,N02978,0.521,0.35,90.0,1400,Arterial,True,986,986 Highway
E00651,N02972,N02976,0.201,0.13,90.0,1400,Arterial,True,986,986 Highway
E00652,N02972,N03050,9.486,6.32,90.0,1400,Arterial,True,986,986 Highway
E00653,N02973,N02976,0.17,0.17,60.0,1500,Ramp,True,986,
E00654,N02974,N02978,0.034,0.03,60.0,1500,Ramp,True,986,
E00655,N02975,N02976,0.26,0.17,90.0,1400,Arterial,True,986,986 Highway
E00656,N03352,N01647,34.901,23.27,90.0,1400,Arterial,True,18,1 Avenue
E00657,N03352,N03358,19.414,12.94,90.0,1400,Arterial,True,827,2 Street
E00658,N03352,N03359,6.496,4.33,90.0,1400,Arterial,True,18,18 Highway
E00659,N02689,N02646,68.547,45.7,90.0,1400,Arterial,True,32,32 Highway
E00660,N02689,N02690,0.823,0.55,90.0,1400,Arterial,True,33,33 Highway
E00661,N02689,N02852,73.276,48.85,90.0,1400,Arterial,True,33,33 Highway
E00662,N02977,N02978,0.099,0.07,90.0,1400,Arterial,True,986,986 Highway
E00663,N02176,N02178,0.021,0.02,60.0,1500,Ramp,True,14,
E00664,N02176,N02177,0.051,0.03,90.0,1400,Arterial,True,,17 Street
E00665,N02177,N02179,1.06,0.71,90.0,1400,Arterial,True,,17 Street
E00666,N01411,N01342,0.506,0.51,60.0,1500,Ramp,True,2,
E00667,N01411,N01193,1.263,0.76,100.0,1600,Expressway / Highway,True,,Whitemud Drive
E00668,N01411,N01420,0.375,0.23,100.0,1600,Expressway / Highway,True,2,Whitemud Drive
E00669,N02178,N02179,0.077,0.05,90.0,1400,Arterial,True,,17 Street
E00670,N03490,N03492,0.007,0.0,90.0,1400,Arterial,True,,15 Highway
E00671,N03490,N03480,0.095,0.1,60.0,1500,Ramp,True,,
E00672,N03490,N03495,0.005,0.0,60.0,1500,Ramp,True,,
E00673,N02842,N02866,0.123,0.12,60.0,1500,Ramp,True,2,
E00674,N02842,N02868,0.359,0.22,100.0,1600,Expressway / Highway,True,2,2 Highway
E00675,N02843,N02844,0.118,0.12,60.0,1500,Ramp,True,2,43 Highway South
E00676,N02843,N02867,0.155,0.09,100.0,1600,Expressway / Highway,True,2,2 Highway
E00677,N03128,N03154,6.428,5.51,70.0,600,Arterial,False,,Range Road 85
E00678,N03353,N03354,0.07,0.05,90.0,1400,Arterial,True,28,28 Highway
E00679,N03353,N03355,0.045,0.03,90.0,1400,Arterial,True,63,63 Highway
E00680,N02844,N02845,0.45,0.49,54.9,600,Local / Street,True,,156 Avenue
E00681,N02844,N02867,0.111,0.11,60.0,1500,Ramp,True,2,43 Highway South
E00682,N03354,N03356,0.077,0.08,60.0,1500,Ramp,True,28,
E00683,N03354,N03518,5.865,3.91,90.0,1400,Arterial,True,28,28 Highway
E00684,N03355,N03356,0.025,0.02,90.0,1400,Arterial,True,63,63 Highway
E00685,N01412,N01183,0.616,0.62,60.0,1500,Ramp,True,2,
E00686,N01412,N01191,1.348,0.81,100.0,1600,Expressway / Highway,True,,Whitemud Drive
E00687,N01412,N01423,0.366,0.22,100.0,1600,Expressway / Highway,True,2,Whitemud Drive
E00688,N02180,N03498,0.132,0.13,60.0,1500,Ramp,True,15,
E00689,N02180,N03508,4.061,2.71,90.0,1400,Arterial,True,15,15 Highway
E00690,N02180,N03489,7.246,4.83,90.0,1400,Arterial,True,15,15 Highway
E00691,N01413,N01425,0.115,0.12,60.0,1500,Ramp,True,2,
E00692,N03356,N03359,12.708,8.47,90.0,1400,Arterial,True,63,63 Highway
E00693,N01414,N01186,0.099,0.1,60.0,1500,Ramp,True,2,
E00694,N01414,N01188,0.193,0.12,100.0,1600,Expressway / Highway,True,2,170 Street
E00695,N01414,N01421,0.135,0.14,60.0,1500,Ramp,True,2,
E00696,N01414,N01415,0.058,0.03,100.0,1600,Expressway / Highway,True,2,170 Street
E00697,N01416,N01181,0.125,0.12,60.0,1500,Ramp,True,2,
E00698,N01416,N01182,0.05,0.05,60.0,1500,Ramp,True,2,
E00699,N01416,N01425,0.185,0.19,60.0,1500,Ramp,True,2,
E00700,N03492,N03478,0.096,0.06,90.0,1400,Arterial,True,15,15 Highway
E00701,N03492,N03495,0.009,0.01,60.0,1500,Ramp,True,,
E00702,N03493,N03478,0.103,0.1,60.0,1500,Ramp,True,,
E00703,N03493,N03491,0.004,0.0,60.0,1500,Ramp,True,,
E00704,N03493,N03495,0.007,0.01,60.0,1500,Ramp,True,,
E00705,N01417,N01423,0.391,0.23,100.0,3600,Expressway / Highway,True,2,Whitemud Drive
E00706,N01417,N01427,0.263,0.26,60.0,1500,Ramp,True,2,
E00707,N01417,N01465,0.708,0.42,100.0,1600,Expressway / Highway,True,2,Whitemud Drive
E00708,N01418,N01420,0.434,0.26,100.0,3600,Expressway / Highway,True,2,Whitemud Drive
E00709,N01418,N01419,0.203,0.2,60.0,1500,Ramp,True,2,
E00710,N01418,N01466,0.657,0.39,100.0,1600,Expressway / Highway,True,2,Whitemud Drive
E00711,N00733,N00736,0.657,0.39,100.0,3600,Expressway / Highway,True,16A,Trans-Canada Highway
E00712,N00733,N01237,0.54,0.32,100.0,3600,Expressway / Highway,True,16A,Trans-Canada Highway
E00713,N00733,N01238,0.639,0.64,60.0,1500,Ramp,True,216,Anthony Henday Drive
E00714,N00734,N01239,0.304,0.18,100.0,1600,Expressway / Highway,True,16A,Trans-Canada Highway
E00715,N00734,N00737,0.14,0.08,100.0,1600,Expressway / Highway,True,16A,Trans-Canada Highway
E00716,N00734,N00735,0.169,0.17,60.0,1500,Ramp,True,16A,Trans-Canada Highway
E00717,N02181,N03531,3.208,2.14,90.0,1400,Arterial,True,45,45 Highway
E00718,N02181,N03526,6.445,4.3,90.0,1400,Arterial,True,15,15 Highway
E00719,N02181,N02182,3.249,2.17,90.0,1400,Arterial,True,15,15 Highway
E00720,N00736,N01247,1.479,0.89,100.0,3600,Expressway / Highway,True,16A,Trans-Canada Highway
E00721,N00736,N01234,0.477,0.48,60.0,1500,Ramp,True,216,Anthony Henday Drive
E00722,N02182,N03516,5.371,3.58,90.0,1400,Arterial,True,15,15 Highway
E00723,N02182,N03533,12.525,8.35,90.0,1400,Arterial,True,830,830 Highway
E00724,N00737,N01269,0.031,0.02,100.0,3600,Expressway / Highway,True,16A,Trans-Canada Highway
E00725,N00737,N01267,0.052,0.05,60.0,1500,Ramp,True,16A,Trans-Canada Highway
E00726,N01985,N01986,0.13,0.13,60.0,1500,Ramp,True,15,137 Avenue
E00727,N03495,N03494,0.004,0.0,60.0,1500,Ramp,True,,
E00728,N00738,N01266,0.093,0.09,60.0,1500,Ramp,True,16A,Trans-Canada Highway
E00729,N00161,N00162,18.316,12.21,90.0,1400,Arterial,True,759,759 Highway
E00730,N00161,N00045,14.303,9.54,90.0,1400,Arterial,True,624,624 Highway
E00731,N02690,N00472,53.283,35.52,90.0,1400,Arterial,True,33,33 Highway
E00732,N02690,N02691,0.853,1.01,50.8,600,Local / Street,True,,Rig Street
E00733,N00739,N00741,0.063,0.06,60.0,1500,Ramp,True,16A,Trans-Canada Highway
E00734,N00740,N01277,0.013,0.01,60.0,1500,Ramp,True,16A,Trans-Canada Highway
E00735,N00741,N00742,0.115,0.07,100.0,3600,Expressway / Highway,True,16A,Trans-Canada Highway
E00736,N00741,N01280,0.042,0.03,100.0,3600,Expressway / Highway,True,16A,Trans-Canada Highway
E00737,N00742,N01250,0.164,0.1,100.0,3600,Expressway / Highway,True,16A,Trans-Canada Highway
E00738,N00742,N01277,0.159,0.16,60.0,1500,Ramp,True,16A,Trans-Canada Highway
E00739,N00743,N01250,0.142,0.14,60.0,1500,Ramp,True,16A,Trans-Canada Highway
E00740,N01420,N01421,0.349,0.35,60.0,1500,Ramp,True,2,
E00741,N01419,N01429,0.067,0.07,60.0,1500,Ramp,True,2,
E00742,N01419,N01430,0.112,0.11,60.0,1500,Ramp,True,2,
E00743,N00356,N00357,0.109,0.11,60.0,1500,Ramp,True,,16A Highway
E00744,N00357,N00420,0.156,0.09,100.0,1600,Expressway / Highway,True,16A,Trans-Canada Highway
E00745,N00744,N01252,0.143,0.14,60.0,1500,Ramp,True,16A,Trans-Canada Highway
E00746,N00745,N01250,0.05,0.03,100.0,3600,Expressway / Highway,True,16A,Trans-Canada Highway
E00747,N00745,N01255,0.072,0.07,60.0,1500,Ramp,True,16A,
E00748,N00745,N01252,0.064,0.04,100.0,3600,Expressway / Highway,True,16A,Trans-Canada Highway
E00749,N01421,N01188,0.291,0.29,60.0,1500,Ramp,True,2,
E00750,N01645,N00599,0.005,0.0,90.0,1400,Arterial,True,18,18 Highway
E00751,N01645,N00597,0.287,0.19,90.0,1400,Arterial,True,18,18 Highway
E00752,N01645,N00598,0.23,0.15,90.0,1400,Arterial,True,2,2 Highway
E00753,N01645,N01646,0.008,0.01,90.0,1400,Arterial,True,2,2 Highway
E00754,N01644,N00596,0.107,0.07,90.0,1400,Arterial,True,2,2 Highway
E00755,N01644,N00598,0.122,0.08,90.0,1400,Arterial,True,2,2 Highway
E00756,N01646,N00599,0.008,0.01,90.0,1400,Arterial,True,2,2 Highway
E00757,N01646,N00606,0.437,0.29,90.0,1400,Arterial,True,2,2 Highway
E00758,N01646,N00601,0.457,0.3,90.0,1400,Arterial,True,18,18 Highway
E00759,N02184,N03499,2.02,1.35,90.0,1400,Arterial,True,15,15 Highway
E00760,N02184,N03501,0.052,0.05,60.0,1500,Ramp,True,15,
E00761,N02184,N03487,1.625,1.08,90.0,1400,Arterial,True,15,15 Highway
E00762,N03776,N03765,0.901,0.6,90.0,1400,Arterial,True,36,103 Street
E00763,N03776,N03769,0.019,0.01,90.0,1400,Arterial,True,36,103 Street
E00764,N03776,N03777,0.028,0.03,60.0,1500,Ramp,True,36,
E00765,N02185,N02188,0.058,0.06,60.0,1500,Ramp,True,630,
E00766,N02185,N02194,0.157,0.1,90.0,1400,Arterial,True,630,Wye Road
E00767,N02185,N02190,0.087,0.06,90.0,1400,Arterial,True,630,Wye Road
E00768,N00008,N00010,24.553,16.37,90.0,1400,Arterial,True,620,620 Highway
E00769,N01422,N01211,0.094,0.09,60.0,1500,Ramp,True,2,
E00770,N01423,N01425,0.392,0.39,60.0,1500,Ramp,True,2,
E00771,N01424,N01207,0.108,0.11,60.0,1500,Ramp,True,2,
E00772,N02188,N02186,0.027,0.02,90.0,1400,Arterial,True,630,Wye Road
E00773,N02188,N02187,0.034,0.03,60.0,1500,Ramp,True,,
E00774,N02188,N02189,0.044,0.03,90.0,1400,Arterial,True,630,Wye Road
E00775,N02186,N02187,0.044,0.04,60.0,1500,Ramp,True,,
E00776,N02186,N02196,0.091,0.06,90.0,1400,Arterial,True,630,Wye Road
E00777,N02187,N02189,0.058,0.06,60.0,1500,Ramp,True,,
E00778,N02189,N03308,0.058,0.04,90.0,1400,Arterial,True,630,Wye Road
E00779,N02190,N02191,0.082,0.05,90.0,1400,Arterial,True,630,Wye Road
E00780,N02191,N02192,0.089,0.09,60.0,1500,Ramp,True,630,
E00781,N02191,N03270,0.247,0.16,90.0,1400,Arterial,True,630,Wye Road
E00782,N02193,N03270,0.248,0.25,60.0,1500,Ramp,True,630,
E00783,N03129,N03130,0.076,0.05,90.0,1400,Arterial,True,667,667 Highway
E00784,N03129,N03127,6.358,4.24,90.0,1400,Arterial,True,667,667 Highway
E00785,N03129,N03131,0.141,0.14,60.0,1500,Ramp,True,43,
E00786,N03130,N02682,2.568,1.54,100.0,1600,Expressway / Highway,True,43,43 Highway
E00787,N03130,N03131,0.105,0.06,100.0,1600,Expressway / Highway,True,43,43 Highway
E00788,N00517,N00534,0.527,0.32,100.0,1600,Expressway / Highway,True,16A,Trans-Canada Highway
E00789,N00517,N00531,0.36,0.36,60.0,1500,Ramp,True,,
E00790,N00517,N00533,0.054,0.03,100.0,1600,Expressway / Highway,True,16A,Trans-Canada Highway
E00791,N00162,N00146,31.572,21.05,90.0,1400,Arterial,True,20;39,39 Highway
E00792,N03131,N03154,8.237,4.94,100.0,1600,Expressway / Highway,True,43,43 Highway
E00793,N00358,N00139,0.367,0.22,100.0,1600,Expressway / Highway,True,16A,Trans-Canada Highway
E00794,N00358,N00359,0.294,0.29,60.0,1500,Ramp,True,,Jennifer Heil Way
E00795,N02195,N02194,0.057,0.04,90.0,1400,Arterial,True,630,Wye Road
E00796,N02195,N03239,1.021,0.68,90.0,1400,Arterial,True,630,Wye Road
E00797,N02195,N02199,0.071,0.07,60.0,1500,Ramp,True,630,
E00798,N02194,N02196,0.097,0.1,60.0,1500,Ramp,True,630,
E00799,N02846,N02890,0.886,0.76,70.1,600,Collector,True,,107A Avenue
E00800,N02846,N02888,2.488,1.66,90.0,1400,Arterial,True,2,2 Highway
E00801,N02846,N02892,5.709,3.81,90.0,1400,Arterial,True,2,2 Highway
E00802,N02196,N02198,0.044,0.03,90.0,3000,Arterial,True,630,Wye Road
E00803,N02197,N02199,0.139,0.09,90.0,1400,Arterial,True,630,Wye Road
E00804,N02197,N02212,1.021,0.68,90.0,1400,Arterial,True,630,Wye Road
E00805,N02197,N03307,0.144,0.14,60.0,1500,Ramp,True,630,
E00806,N02198,N02199,0.039,0.03,90.0,1400,Arterial,True,630,Wye Road
E00807,N02198,N02200,0.052,0.05,60.0,1500,Ramp,True,630,
E00808,N00746,N01281,0.102,0.1,60.0,1500,Ramp,True,,Stony Plain Road
E00809,N00746,N01256,1.099,0.66,100.0,3600,Expressway / Highway,True,16A,Trans-Canada Highway
E00810,N00746,N00747,0.045,0.03,100.0,3600,Expressway / Highway,True,16A,Trans-Canada Highway
E00811,N00747,N01261,0.244,0.15,100.0,3600,Expressway / Highway,True,16A,Trans-Canada Highway
E00812,N00747,N00749,0.033,0.03,60.0,1500,Ramp,True,,
E00813,N00747,N01282,0.212,0.16,80.0,1000,Collector,True,2,Trans-Canada Highway
E00814,N00748,N01261,0.162,0.1,100.0,1600,Expressway / Highway,True,2,Trans-Canada Highway
E00815,N00748,N01132,1.938,1.16,100.0,1600,Expressway / Highway,True,2,Trans-Canada Highway
E00816,N00748,N00751,0.11,0.08,80.0,1000,Collector,True,2,Trans-Canada Highway
E00817,N00748,N01282,0.125,0.09,80.0,1000,Collector,True,2,Trans-Canada Highway
E00818,N02524,N02517,0.052,0.05,60.0,1500,Ramp,True,16,Trans-Canada Highway
E00819,N02524,N02530,0.414,0.41,60.0,1500,Ramp,True,16,Trans-Canada Highway
E00820,N02524,N02526,0.038,0.04,60.0,1500,Ramp,True,16,Trans-Canada Highway
E00821,N02524,N02525,0.072,0.07,60.0,1500,Ramp,True,16,Trans-Canada Highway
E00822,N02201,N02287,0.14,0.14,60.0,1500,Ramp,True,,
E00823,N01426,N01427,0.051,0.05,60.0,1500,Ramp,True,2,
E00824,N01427,N01431,0.145,0.15,60.0,1500,Ramp,True,2,
E00825,N01428,N01431,0.106,0.11,60.0,1500,Ramp,True,2,
E00826,N01647,N00604,0.084,0.08,60.0,1500,Ramp,True,2,18 Highway
E00827,N01647,N00605,0.05,0.03,90.0,1400,Arterial,True,18,18 Highway
E00828,N02202,N03270,1.26,0.84,90.0,1400,Arterial,True,630,Wye Road
E00829,N02202,N03290,0.259,0.26,60.0,1500,Ramp,True,,
E00830,N02202,N03294,0.141,0.09,90.0,1400,Arterial,True,630,Wye Road
E00831,N02203,N03269,1.321,0.88,90.0,1400,Arterial,True,630,Wye Road
E00832,N02203,N02205,0.14,0.09,90.0,1400,Arterial,True,630,Wye Road
E00833,N02203,N02204,0.27,0.27,60.0,1500,Ramp,True,,
E00834,N01430,N01432,0.054,0.05,60.0,1500,Ramp,True,2,
E00835,N01430,N01466,0.346,0.35,60.0,1500,Ramp,True,2,
E00836,N01431,N01465,0.309,0.31,60.0,1500,Ramp,True,2,
E00837,N02979,N02961,34.407,22.94,90.0,1400,Arterial,True,2,100 Street
E00838,N02979,N02980,0.275,0.33,50.0,600,Local / Street,True,,97 Avenue
E00839,N02979,N02982,1.088,0.73,90.0,1400,Arterial,True,2,100 Street
E00840,N02204,N03292,1.514,1.01,90.0,1400,Arterial,True,21,21 Highway
E00841,N02204,N03300,0.083,0.06,90.0,1400,Arterial,True,21,21 Highway
E00842,N02205,N03300,0.074,0.05,90.0,1400,Arterial,True,21,21 Highway
E00843,N02205,N03294,0.01,0.01,90.0,1400,Arterial,True,21,21 Highway
E00844,N02205,N03299,0.007,0.0,90.0,1400,Arterial,True,630,Wye Road
E00845,N02206,N02209,0.078,0.05,90.0,1400,Arterial,True,21,21 Highway
E00846,N02206,N02207,0.072,0.05,90.0,3000,Arterial,True,21,21 Highway
E00847,N02206,N03296,0.082,0.08,60.0,1500,Ramp,True,21,21 Highway
E00848,N02207,N02210,0.248,0.25,60.0,1500,Ramp,True,,
E00849,N02207,N03268,0.984,0.66,90.0,1400,Arterial,True,21,21 Highway
E00850,N02209,N02210,0.129,0.09,90.0,1400,Arterial,True,630,Wye Road
E00851,N02209,N03295,0.007,0.0,90.0,1400,Arterial,True,630,Wye Road
E00852,N02209,N03298,0.009,0.01,90.0,1400,Arterial,True,21,21 Highway
E00853,N02208,N03293,0.266,0.27,60.0,1500,Ramp,True,,
E00854,N02208,N03298,0.13,0.09,90.0,1400,Arterial,True,630,Wye Road
E00855,N03132,N03137,2.81,2.5,67.5,600,Collector,True,,94 Avenue
E00856,N03358,N03357,3.241,2.16,90.0,1400,Arterial,True,661,661 Highway
E00857,N03358,N03522,12.121,8.08,90.0,1400,Arterial,True,661,661 Highway
E00858,N03357,N02544,25.505,17.0,90.0,1400,Arterial,True,661,661 Highway
E00859,N03357,N01677,33.687,25.48,79.3,600,Arterial,True,827,827 Highway
E00860,N02847,N02848,0.072,0.07,60.0,1500,Ramp,True,672,672 Highway
E00861,N02847,N02831,22.774,15.18,90.0,1400,Arterial,True,672,672 Highway
E00862,N02847,N02891,0.159,0.11,90.0,1400,Arterial,True,672,672 Highway
E00863,N03593,N03594,38.924,25.95,90.0,600,Arterial,True,867,867 Highway
E00864,N03593,N03597,17.743,11.83,90.0,1400,Arterial,True,55,55 Highway
E00865,N03593,N03760,16.671,11.11,90.0,1400,Arterial,True,55,55 Highway
E00866,N02211,N02317,0.055,0.05,60.0,1500,Ramp,True,,
E00867,N00750,N01258,0.273,0.2,80.0,1000,Collector,True,2,Trans-Canada Highway
E00868,N02212,N02368,0.128,0.13,60.0,1500,Ramp,True,630,
E00869,N02212,N02213,0.096,0.06,90.0,1400,Arterial,True,630,Wye Road
E00870,N02212,N02323,0.101,0.1,60.0,1500,Ramp,True,,
E00871,N00360,N00363,0.272,0.27,60.0,1500,Ramp,True,16,Trans-Canada Highway
E00872,N00360,N00371,0.71,0.43,100.0,1600,Expressway / Highway,True,16,Trans-Canada Highway
E00873,N00360,N00549,2.206,1.32,100.0,1600,Expressway / Highway,True,16,Trans-Canada Highway
E00874,N00361,N00362,0.261,0.26,60.0,1500,Ramp,True,16,Trans-Canada Highway
E00875,N00361,N00367,0.166,0.17,60.0,1500,Ramp,True,16,Trans-Canada Highway
E00876,N00361,N00369,0.141,0.14,60.0,1500,Ramp,True,16,Trans-Canada Highway
E00877,N00362,N00368,0.741,0.44,100.0,1600,Expressway / Highway,True,16,Trans-Canada Highway
E00878,N00362,N00548,2.226,1.34,100.0,1600,Expressway / Highway,True,16,Trans-Canada Highway
E00879,N02213,N02324,0.006,0.0,90.0,1400,Arterial,True,630,Wye Road
E00880,N02213,N02325,0.007,0.01,60.0,1500,Ramp,True,,
E00881,N02214,N03239,0.168,0.11,90.0,1400,Arterial,True,,Wye Road
E00882,N02214,N02322,0.006,0.0,90.0,1400,Arterial,True,,Wye Road
E00883,N02214,N02323,0.005,0.0,60.0,1500,Ramp,True,,
E00884,N00163,N00146,18.478,12.32,90.0,1400,Arterial,True,616,616 Highway
E00885,N00363,N00364,0.056,0.06,60.0,1500,Ramp,True,16,Trans-Canada Highway
E00886,N00363,N00370,0.128,0.13,60.0,1500,Ramp,True,16,Trans-Canada Highway
E00887,N03134,N02769,0.052,0.03,100.0,1600,Expressway / Highway,True,43,108 Street
E00888,N03134,N02768,0.087,0.09,60.0,1500,Ramp,True,43,
E00889,N03134,N02786,1.362,0.82,100.0,1600,Expressway / Highway,True,43,108 Street
E00890,N00365,N00367,0.192,0.19,60.0,1500,Ramp,True,16,Trans-Canada Highway
E00891,N00366,N00370,0.172,0.17,60.0,1500,Ramp,True,16,Trans-Canada Highway
E00892,N03136,N02783,0.008,0.0,100.0,1600,Expressway / Highway,True,43,108 Street
E00893,N03136,N02769,0.004,0.0,100.0,1600,Expressway / Highway,True,43,108 Street
E00894,N03136,N02771,0.013,0.01,60.0,1500,Ramp,True,43,108 Street
E00895,N00367,N00368,0.333,0.33,60.0,1500,Ramp,True,16,Trans-Canada Highway
E00896,N03135,N02783,0.013,0.01,60.0,1500,Ramp,True,40,108 Street
E00897,N03135,N02771,0.007,0.0,90.0,1400,Arterial,True,40,108 Street
E00898,N03135,N02781,0.006,0.0,90.0,1400,Arterial,True,40,108 Street
E00899,N00368,N00382,4.126,2.48,100.0,1600,Expressway / Highway,True,16,Trans-Canada Highway
E00900,N01016,N00995,9.699,6.47,90.0,1400,Arterial,True,41,41 Highway
E00901,N01016,N01020,19.851,13.23,90.0,1400,Arterial,True,41,41 Highway
E00902,N01016,N01018,22.743,15.16,90.0,1400,Arterial,True,619,619 Highway
E00903,N01016,N01017,19.499,13.0,90.0,1400,Arterial,True,619,619 Highway
E00904,N03137,N02823,12.176,7.31,100.0,1600,Expressway / Highway,True,43,43 Highway
E00905,N03137,N03138,1.541,0.92,100.0,1600,Expressway / Highway,True,43,43 Highway
E00906,N03618,N03610,0.539,0.36,90.0,1400,Arterial,True,29,50 Avenue
E00907,N03618,N03619,0.226,0.15,90.0,1400,Arterial,True,29,50 Avenue
E00908,N03618,N03620,0.294,0.2,90.0,1400,Arterial,True,29,50 Avenue
E00909,N03968,N03122,89.331,76.56,70.0,600,Arterial,False,686,686 Highway
E00910,N03359,N03522,21.211,14.14,90.0,1400,Arterial,True,63,63 Highway
E00911,N03359,N03521,14.66,9.77,90.0,1400,Arterial,True,656,656 Highway
E00912,N02849,N02706,1.26,1.22,61.9,600,Collector,True,,100 Street
E00913,N01854,N01866,0.197,0.2,60.0,1500,Ramp,True,14,91 Street
E00914,N00751,N00752,0.303,0.18,100.0,1600,Expressway / Highway,True,2,Trans-Canada Highway
E00915,N00751,N01258,0.104,0.06,100.0,1600,Expressway / Highway,True,2,Trans-Canada Highway
E00916,N00751,N01257,0.185,0.14,80.0,1000,Collector,True,2,Trans-Canada Highway
E00917,N00752,N00753,0.381,0.23,100.0,1600,Expressway / Highway,True,2,Trans-Canada Highway
E00918,N00752,N00754,0.027,0.03,60.0,1500,Ramp,True,,
E00919,N00753,N01265,0.359,0.22,100.0,1600,Expressway / Highway,True,2,Trans-Canada Highway
E00920,N00753,N01264,0.063,0.06,60.0,1500,Ramp,True,2,Trans-Canada Highway
E00921,N01017,N00993,9.724,6.48,90.0,1400,Arterial,True,619;881,619 Highway
E00922,N03619,N03621,0.588,0.39,90.0,1400,Arterial,True,29,50 Avenue
E00923,N03619,N03620,0.066,0.07,60.0,1500,Ramp,True,29,
E00924,N01855,N01827,0.407,0.31,80.0,1000,Collector,True,14,Whitemud Drive
E00925,N01855,N01828,0.565,0.34,100.0,1600,Expressway / Highway,True,14,Whitemud Drive
E00926,N01855,N01858,0.393,0.24,100.0,3600,Expressway / Highway,True,14,Whitemud Drive
E00927,N02981,N03045,22.351,14.9,90.0,1400,Arterial,True,744,744 Highway
E00928,N02981,N02982,9.733,6.49,90.0,1400,Arterial,True,683,683 Highway
E00929,N00755,N01146,1.081,0.65,100.0,1600,Expressway / Highway,True,2,Trans-Canada Highway
E00930,N00755,N01134,0.13,0.08,100.0,1600,Expressway / Highway,True,2,Trans-Canada Highway
E00931,N00755,N01133,0.07,0.07,60.0,1500,Ramp,True,2,Trans-Canada Highway
E00932,N02850,N02673,12.208,8.14,90.0,1400,Arterial,True,2,2 Highway
E00933,N02850,N02853,4.945,3.3,90.0,1400,Arterial,True,2,2 Highway
E00934,N02850,N02851,2.767,2.8,59.3,600,Collector,False,,Range Road 102
E00935,N03679,N03678,8.852,5.9,90.0,1400,Arterial,True,897,Kingsway
E00936,N03679,N03680,0.021,0.01,90.0,1400,Arterial,True,897,Kingsway
E00937,N03679,N03687,3.21,2.14,90.0,1400,Arterial,True,897,Kingsway
E00938,N00756,N01265,0.057,0.06,60.0,1500,Ramp,True,2,Trans-Canada Highway
E00939,N01856,N01861,0.197,0.2,60.0,1500,Ramp,True,14,
E00940,N01857,N01831,0.327,0.2,100.0,1600,Expressway / Highway,True,14,Whitemud Drive
E00941,N01857,N01864,1.033,0.62,100.0,1600,Expressway / Highway,True,14,Whitemud Drive
E00942,N01857,N01860,0.409,0.41,60.0,1500,Ramp,True,14,
E00943,N01858,N01859,0.338,0.34,60.0,1500,Ramp,True,14,
E00944,N01858,N01940,0.92,0.55,100.0,1600,Expressway / Highway,True,14,Whitemud Drive
E00945,N01859,N01865,0.084,0.08,60.0,1500,Ramp,True,14,
E00946,N01859,N01866,0.091,0.09,60.0,1500,Ramp,True,14,
E00947,N03620,N03622,0.547,0.36,90.0,1400,Arterial,True,29,50 Avenue
E00948,N01860,N01867,0.119,0.12,60.0,1500,Ramp,True,14,
E00949,N01860,N01862,0.165,0.16,60.0,1500,Ramp,True,14,
E00950,N01861,N01866,0.156,0.16,60.0,1500,Ramp,True,14,
E00951,N01861,N01940,0.344,0.34,60.0,1500,Ramp,True,14,
E00952,N03138,N02830,0.046,0.03,90.0,1400,Arterial,True,724,724 Highway
E00953,N03138,N03154,3.257,1.95,100.0,1600,Expressway / Highway,True,43,43 Highway
E00954,N00757,N01132,0.078,0.08,60.0,1500,Ramp,True,,Trans-Canada Highway
E00955,N01863,N01864,0.421,0.42,60.0,1500,Ramp,True,14,
E00956,N01863,N01869,0.077,0.08,60.0,1500,Ramp,True,14,
E00957,N01863,N01867,0.093,0.09,60.0,1500,Ramp,True,14,
E00958,N01864,N01948,0.65,0.39,100.0,1600,Expressway / Highway,True,14,Whitemud Drive
E00959,N01866,N01867,0.144,0.14,60.0,1500,Ramp,True,14,91 Street
E00960,N01866,N01867,0.146,0.15,60.0,1500,Ramp,True,14,91 Street
E00961,N00946,N00947,0.19,0.19,60.0,1500,Ramp,True,2,
E00962,N01867,N01868,0.136,0.14,60.0,1500,Ramp,True,14,91 Street
E00963,N00370,N00371,0.333,0.33,60.0,1500,Ramp,True,16,Trans-Canada Highway
E00964,N03655,N03650,0.019,0.01,90.0,1400,Arterial,True,28,28 Highway
E00965,N03655,N03654,0.137,0.14,60.0,1500,Ramp,True,28,
E00966,N03655,N03653,0.092,0.06,90.0,1400,Arterial,True,28,28 Highway
E00967,N01433,N01440,0.049,0.05,60.0,1500,Ramp,True,,Anthony Henday Drive
E00968,N01433,N01434,0.555,0.56,60.0,1500,Ramp,True,,Anthony Henday Drive
E00969,N01433,N01437,0.1,0.1,60.0,1500,Ramp,True,,
E00970,N00371,N00372,4.124,2.47,100.0,1600,Expressway / Highway,True,16,Trans-Canada Highway
E00971,N02982,N02986,18.647,12.43,90.0,1400,Arterial,True,2,2 Highway
E00972,N03594,N03596,13.337,8.89,90.0,1400,Arterial,True,28,28 Highway
E00973,N00009,N00037,0.17,0.17,60.0,1500,Ramp,True,,
E00974,N01434,N01435,0.73,0.44,100.0,1600,Expressway / Highway,True,216,Anthony Henday Drive
E00975,N01434,N01447,0.983,0.59,100.0,1600,Expressway / Highway,True,216,Anthony Henday Drive
E00976,N01435,N00956,1.247,0.75,100.0,1600,Expressway / Highway,True,216,Anthony Henday Drive
E00977,N01435,N01441,0.639,0.64,60.0,1500,Ramp,True,,Anthony Henday Drive
E00978,N03681,N03678,19.874,13.25,90.0,1400,Arterial,True,897,897 Highway
E00979,N01436,N01441,0.042,0.04,60.0,1500,Ramp,True,,
E00980,N00010,N00011,0.184,0.18,60.0,1500,Ramp,True,22,
E00981,N00010,N00012,0.056,0.04,90.0,1400,Arterial,True,620,620 Highway
E00982,N00011,N00018,0.512,0.34,90.0,1400,Arterial,True,22,22 Highway
E00983,N00011,N00012,0.155,0.1,90.0,1400,Arterial,True,22,22 Highway
E00984,N00012,N00013,1.191,0.79,90.0,1400,Arterial,True,22,22 Highway
E00985,N01438,N01441,0.027,0.03,60.0,1500,Ramp,True,,Anthony Henday Drive
E00986,N00013,N00014,0.156,0.1,90.0,1400,Arterial,True,22,22 Highway
E00987,N00013,N00023,0.222,0.15,90.0,1400,Arterial,True,22,22 Highway
E00988,N00014,N00015,0.058,0.04,90.0,1400,Arterial,True,22,22 Highway
E00989,N00014,N00016,0.109,0.11,60.0,1500,Ramp,True,22,
E00990,N00015,N00026,0.372,0.25,90.0,1400,Arterial,True,22,22 Highway
E00991,N00015,N00025,0.065,0.07,60.0,1500,Ramp,True,22,
E00992,N01440,N01439,0.035,0.03,60.0,1500,Ramp,True,216,Anthony Henday Drive
E00993,N01440,N01445,0.053,0.05,60.0,1500,Ramp,True,,
E00994,N00017,N00024,0.146,0.15,60.0,1500,Ramp,True,22,
E00995,N00018,N00019,0.796,0.48,100.0,1600,Expressway / Highway,True,,22 Highway
E00996,N00018,N00019,0.796,0.48,100.0,1600,Expressway / Highway,True,,22 Highway
E00997,N01439,N01443,0.182,0.18,60.0,1500,Ramp,True,,Windermere Boulevard
E00998,N01439,N01444,0.113,0.1,67.9,1000,Ramp,True,216,Windermere Boulevard
E00999,N02852,N02853,0.126,0.08,90.0,1400,Arterial,True,33,33 Highway
E01000,N02852,N02865,0.155,0.16,60.0,1500,Ramp,True,2,
E01001,N02853,N02865,0.076,0.05,90.0,1400,Arterial,True,2,2 Highway
E01002,N01442,N00619,0.471,0.47,60.0,1500,Ramp,True,216,Anthony Henday Drive
E01003,N01442,N00620,0.791,0.47,100.0,1600,Expressway / Highway,True,216,Anthony Henday Drive
E01004,N01442,N01449,1.077,0.65,100.0,1600,Expressway / Highway,True,216,Anthony Henday Drive
E01005,N03139,N03991,0.709,0.43,100.0,1600,Expressway / Highway,True,,Township Road 700
E01006,N03139,N03992,0.289,0.17,100.0,1600,Expressway / Highway,True,,Weyerhauser Road
E01007,N03139,N03141,0.492,0.3,100.0,1600,Expressway / Highway,True,,Weyerhauser Road
E01008,N03139,N03142,0.071,0.04,100.0,1600,Expressway / Highway,True,,Township Road 700
E01009,N03140,N02622,162.596,108.4,90.0,1400,Arterial,True,40,40 Highway
E01010,N03140,N03157,1.205,0.72,100.0,1600,Expressway / Highway,True,,40 Highway
E01011,N03140,N03143,1.821,1.09,100.0,1600,Expressway / Highway,True,,40 Highway
E01012,N00019,N00037,5.742,3.61,95.3,1400,Expressway / Highway,True,22,22 Highway
E01013,N03142,N03143,0.132,0.13,60.0,1500,Ramp,True,,Township Road 700
E01014,N03142,N03144,0.132,0.13,60.0,1500,Ramp,True,,Township Road 700
E01015,N02592,N02595,1.594,0.96,100.0,1600,Expressway / Highway,True,16,Trans-Canada Highway
E01016,N02592,N00095,9.994,6.0,100.0,1600,Expressway / Highway,True,16,Trans-Canada Highway
E01017,N02592,N02593,0.119,0.09,80.0,1000,Collector,True,,51 Street
E01018,N03143,N03144,0.05,0.05,60.0,1500,Ramp,True,,
E01019,N03143,N03158,0.055,0.05,60.0,1500,Ramp,True,,
E01020,N03144,N02699,1.904,1.14,100.0,1600,Expressway / Highway,True,,40 Highway
E01021,N03144,N03156,0.06,0.06,60.0,1500,Ramp,True,,
E01022,N03145,N02749,0.306,0.31,60.0,1500,Ramp,True,,
E01023,N03145,N02749,0.281,0.18,94.5,1400,Arterial,True,,40 Highway
E01024,N03145,N03146,0.905,0.6,90.0,1400,Arterial,True,,40 Highway
E01025,N03146,N03147,1.012,0.67,90.0,1400,Arterial,True,40,40 Highway
E01026,N03146,N03149,0.864,0.58,90.0,1400,Arterial,True,40,40 Highway
E01027,N03147,N02747,0.165,0.17,60.0,1500,Ramp,True,,
E01028,N03147,N02747,0.149,0.1,90.0,1400,Arterial,True,40,40 Highway
E01029,N02039,N02038,0.238,0.24,60.0,1500,Ramp,True,,Sherwood Park Freeway
E01030,N02039,N02035,0.114,0.11,60.0,1500,Ramp,True,,Sherwood Park Freeway
E01031,N03148,N03993,0.814,0.72,68.1,1500,Ramp,True,,666 Highway
E01032,N03148,N03149,1.433,0.86,100.0,1600,Expressway / Highway,True,,40 Highway
E01033,N03148,N03151,0.163,0.1,100.0,1600,Expressway / Highway,True,,40 Highway
E01034,N03148,N03152,0.016,0.02,60.0,1500,Ramp,True,,666 Highway
E01035,N03149,N03150,0.947,0.57,100.0,1600,Expressway / Highway,True,40,40 Highway
E01036,N01446,N00619,0.077,0.08,60.0,1500,Ramp,True,216,Anthony Henday Drive
E01037,N03150,N03993,0.329,0.33,60.0,1500,Ramp,True,40,666 Highway East
E01038,N03150,N03152,0.521,0.31,100.0,1600,Expressway / Highway,True,,40 Highway
E01039,N03151,N02717,1.827,1.16,94.9,1400,Expressway / Highway,True,40,40 Highway
E01040,N03151,N03152,0.165,0.1,100.0,1600,Expressway / Highway,True,,40 Highway
E01041,N00372,N00380,0.521,0.52,60.0,1500,Ramp,True,16,Trans-Canada Highway
E01042,N00372,N00386,1.012,0.61,100.0,1600,Expressway / Highway,True,16,Trans-Canada Highway
E01043,N00373,N00382,0.347,0.35,60.0,1500,Ramp,True,16,Trans-Canada Highway
E01044,N00373,N00376,0.152,0.15,60.0,1500,Ramp,True,16,Trans-Canada Highway
E01045,N00373,N00378,0.101,0.1,60.0,1500,Ramp,True,16,Trans-Canada Highway
E01046,N00374,N00564,9.297,6.2,90.0,1400,Arterial,True,44,44 Highway
E01047,N00374,N00375,0.084,0.06,90.0,1400,Arterial,True,44,44 Highway
E01048,N00374,N00376,0.116,0.08,90.0,1400,Arterial,True,44,44 Highway
E01049,N00020,N00021,0.088,0.09,60.0,1500,Ramp,True,22,
E01050,N00021,N00024,0.094,0.06,90.0,1400,Arterial,True,22,22 Highway
E01051,N00021,N00023,0.092,0.06,90.0,1400,Arterial,True,22,22 Highway
E01052,N00022,N00023,0.066,0.07,60.0,1500,Ramp,True,22,
E01053,N00024,N00026,0.178,0.12,90.0,1400,Arterial,True,22,22 Highway
E01054,N00164,N00470,20.971,13.98,90.0,1400,Arterial,True,18,18 Highway
E01055,N00164,N00165,4.057,2.7,90.0,1400,Arterial,True,18,18 Highway
E01056,N00164,N00168,9.168,6.11,90.0,1400,Arterial,True,764,764 Highway
E01057,N00375,N00377,0.172,0.17,60.0,1500,Ramp,True,16,Trans-Canada Highway
E01058,N00375,N00379,0.127,0.08,90.0,1400,Arterial,True,44,44 Highway
E01059,N00380,N00381,0.083,0.08,60.0,1500,Ramp,True,16,Trans-Canada Highway
E01060,N00380,N00381,0.297,0.25,69.8,1400,Ramp,True,16;44,Trans-Canada Highway
E01061,N00376,N00378,0.094,0.06,90.0,1400,Arterial,True,44,44 Highway
E01062,N00377,N00379,0.084,0.08,60.0,1500,Ramp,True,16,Trans-Canada Highway
E01063,N00377,N00384,0.431,0.43,60.0,1500,Ramp,True,16,Trans-Canada Highway
E01064,N00378,N00379,0.008,0.01,60.0,1500,Ramp,True,16,Trans-Canada Highway
E01065,N00378,N00381,0.308,0.21,90.0,1400,Arterial,True,44,44 Highway
E01066,N00379,N00383,0.308,0.21,90.0,1400,Arterial,True,44,44 Highway
E01067,N00382,N00384,0.915,0.55,100.0,1600,Expressway / Highway,True,16,Trans-Canada Highway
E01068,N00381,N00383,0.013,0.01,60.0,1500,Ramp,True,16,Trans-Canada Highway
E01069,N00165,N00473,17.909,11.94,90.0,1400,Arterial,True,18,18 Highway
E01070,N00165,N00167,8.129,5.42,90.0,1400,Arterial,True,763,763 Highway
E01071,N00383,N00385,0.09,0.09,60.0,1500,Ramp,True,16,Trans-Canada Highway
E01072,N00383,N00385,0.282,0.24,69.5,1400,Ramp,True,16;44,Trans-Canada Highway
E01073,N00384,N00580,1.841,1.1,100.0,1600,Expressway / Highway,True,16,Trans-Canada Highway
E01074,N00385,N00386,0.357,0.36,60.0,1500,Ramp,True,16,Trans-Canada Highway
E01075,N00386,N00479,1.904,1.14,100.0,1600,Expressway / Highway,True,16,Trans-Canada Highway
E01076,N03682,N03667,16.552,11.03,90.0,1400,Arterial,True,28,28 Highway
E01077,N03682,N03999,0.059,0.04,90.0,1400,Arterial,True,,
E01078,N03682,N03683,3.237,2.16,90.0,1400,Arterial,True,28,28 Highway
E01079,N02983,N02984,2.041,1.84,66.4,600,Collector,True,,Range Road 204
E01080,N02983,N03056,16.808,11.21,90.0,1400,Arterial,True,688,688 Highway
E01081,N02983,N02994,5.959,3.97,90.0,1400,Arterial,True,688,688 Highway
E01082,N02649,N02639,29.05,17.43,100.0,1600,Expressway / Highway,True,43,43 Highway
E01083,N02649,N02650,0.183,0.18,60.0,1500,Ramp,True,43,
E01084,N02649,N02651,2.467,1.48,100.0,1600,Expressway / Highway,True,43,43 Highway
E01085,N03985,N03022,0.134,0.09,90.0,1400,Arterial,True,,98 Street
E01086,N03986,N03025,0.224,0.15,90.0,1400,Arterial,True,,98 Street
E01087,N03683,N03725,0.806,0.54,90.0,1400,Arterial,True,55,55 Highway
E01088,N03683,N03710,3.939,2.63,90.0,1400,Arterial,True,28,28 Highway
E01089,N03153,N02682,10.887,6.53,100.0,1600,Expressway / Highway,True,43,43 Highway
E01090,N03153,N03154,0.037,0.03,70.0,600,Arterial,False,724,Range Road 85
E01091,N03153,N02830,3.257,1.95,100.0,1600,Expressway / Highway,True,43,43 Highway
E01092,N00387,N00580,0.706,0.71,60.0,1500,Ramp,True,16,Trans-Canada Highway
E01093,N00387,N00482,0.099,0.1,60.0,1500,Ramp,True,16,Trans-Canada Highway
E01094,N00387,N00482,0.335,0.28,72.0,1500,Ramp,True,16;60,Trans-Canada Highway
E01095,N01447,N01452,0.676,0.68,60.0,1500,Ramp,True,216,
E01096,N01449,N01454,0.701,0.7,60.0,1500,Ramp,True,216,
E01097,N01448,N01453,0.11,0.11,60.0,1500,Ramp,True,216,
E01098,N01448,N01454,0.173,0.17,60.0,1500,Ramp,True,216,
E01099,N01451,N01452,0.152,0.15,60.0,1500,Ramp,True,216,
E01100,N01450,N01452,0.11,0.11,60.0,1500,Ramp,True,216,
E01101,N03684,N03711,0.099,0.07,90.0,1400,Arterial,True,,50 Street
E01102,N03684,N03710,0.188,0.13,90.0,1400,Arterial,True,28,50 Street
E01103,N03684,N03710,0.187,0.12,90.0,1400,Arterial,True,28,50 Street
E01104,N01648,N01682,34.239,22.83,90.0,1400,Arterial,True,813,813 Highway
E01105,N01648,N01679,74.279,49.52,90.0,1400,Arterial,True,813,813 Highway
E01106,N00166,N00196,17.476,11.65,90.0,1400,Arterial,True,764,764 Highway
E01107,N00166,N00469,20.315,17.41,70.0,600,Arterial,False,654,654 Highway
E01108,N00166,N00168,3.428,2.29,90.0,1400,Arterial,True,764,764 Highway
E01109,N02651,N02652,0.39,0.23,100.0,1600,Expressway / Highway,True,43,43 Highway
E01110,N02651,N02652,0.427,0.43,60.0,1500,Ramp,True,43,
E01111,N00758,N00265,19.412,12.94,90.0,1400,Arterial,True,795,795 Highway
E01112,N01454,N01455,0.109,0.11,60.0,1500,Ramp,True,216,
E01113,N02652,N02653,2.927,1.76,100.0,1600,Expressway / Highway,True,43,43 Highway
E01114,N03155,N02717,0.067,0.07,60.0,1500,Ramp,True,40,
E01115,N00026,N00028,1.372,0.91,90.0,1400,Arterial,True,22,22 Highway
E01116,N00759,N00204,3.232,2.15,90.0,1400,Arterial,True,778,778 Highway
E01117,N03360,N03323,1.167,0.78,90.0,1400,Arterial,True,21,21 Highway
E01118,N03360,N03366,0.064,0.06,60.0,1500,Ramp,True,21,
E01119,N03360,N03367,0.06,0.04,90.0,1400,Arterial,True,21,21 Highway
E01120,N03361,N03324,1.282,0.85,90.0,1400,Arterial,True,21,21 Highway
E01121,N03361,N03363,0.024,0.02,90.0,1400,Arterial,True,21,21 Highway
E01122,N03361,N03362,0.038,0.04,60.0,1500,Ramp,True,21,
E01123,N03363,N03366,0.006,0.01,60.0,1500,Ramp,True,21,Lakeland Drive
E01124,N03363,N03372,0.037,0.02,90.0,1400,Arterial,True,21,21 Highway
E01125,N00167,N00169,17.52,11.68,90.0,1400,Arterial,True,763,763 Highway
E01126,N00167,N00471,9.788,6.53,90.0,1400,Arterial,True,655,655 Highway
E01127,N01018,N01047,14.638,9.76,90.0,1400,Arterial,True,619,619 Highway
E01128,N01018,N01041,20.497,13.66,90.0,1400,Arterial,True,893,893 Highway
E01129,N03365,N03366,0.008,0.01,60.0,1500,Ramp,True,21,Lakeland Drive
E01130,N03365,N03364,0.005,0.0,60.0,1500,Ramp,True,21,
E01131,N03365,N03367,0.006,0.01,60.0,1500,Ramp,True,21,Lakeland Drive
E01132,N03365,N03370,0.082,0.08,60.0,1500,Ramp,True,21,21 Highway
E01133,N00388,N00400,0.13,0.13,60.0,1500,Ramp,True,16,Trans-Canada Highway
E01134,N00388,N00400,0.064,0.04,100.0,1600,Expressway / Highway,True,16,Trans-Canada Highway
E01135,N00388,N00399,2.426,1.46,100.0,1600,Expressway / Highway,True,16,Trans-Canada Highway
E01136,N03366,N03371,0.007,0.01,60.0,1500,Ramp,True,21,
E01137,N03367,N03368,0.047,0.05,60.0,1500,Ramp,True,21,Lakeland Drive
E01138,N03367,N03388,1.283,0.86,90.0,1400,Arterial,True,21,21 Highway
E01139,N00389,N00398,2.592,1.56,100.0,1600,Expressway / Highway,True,16,Trans-Canada Highway
E01140,N00389,N00401,0.061,0.04,100.0,1600,Expressway / Highway,True,16,Trans-Canada Highway
E01141,N00389,N00401,0.115,0.12,60.0,1500,Ramp,True,16,Trans-Canada Highway
E01142,N03624,N03615,0.04,0.03,90.0,1400,Arterial,True,881,40 Street
E01143,N03624,N03596,21.174,14.12,90.0,1400,Arterial,True,881,40 Street
E01144,N03624,N03626,0.059,0.04,90.0,3000,Arterial,True,881,40 Street
E01145,N03369,N03383,1.455,0.97,90.0,1400,Arterial,True,824,824 Highway
E01146,N01118,N01116,0.057,0.06,60.0,1500,Ramp,True,216,Anthony Henday Drive
E01147,N02985,N02986,0.018,0.01,90.0,1400,Arterial,True,2,2 Highway
E01148,N02985,N02987,0.106,0.11,60.0,1500,Ramp,True,2,
E01149,N02985,N02988,0.138,0.09,90.0,1400,Arterial,True,2,2 Highway
E01150,N02986,N02989,0.044,0.03,90.0,1400,Arterial,True,2,2 Highway
E01151,N02987,N02989,0.071,0.05,90.0,1400,Arterial,True,2,2 Highway
E01152,N02987,N02988,0.039,0.04,60.0,1500,Ramp,True,2,
E01153,N02987,N02992,0.04,0.03,90.0,1400,Arterial,True,2,2 Highway
E01154,N02987,N02991,0.047,0.03,90.0,1400,Arterial,True,688,688 Highway
E01155,N02988,N02990,0.331,0.22,90.0,1400,Arterial,True,2,2 Highway
E01156,N02989,N02994,0.097,0.1,60.0,1500,Ramp,True,2,
E01157,N02990,N02992,0.325,0.22,90.0,1400,Arterial,True,2,2 Highway
E01158,N02990,N02995,0.953,0.64,90.0,1400,Arterial,True,2,2 Highway
E01159,N02991,N02992,0.064,0.06,60.0,1500,Ramp,True,2,
E01160,N02991,N02994,0.014,0.01,90.0,1400,Arterial,True,688,688 Highway
E01161,N00390,N00407,0.526,0.32,100.0,1600,Expressway / Highway,True,16,Trans-Canada Highway
E01162,N00390,N00401,1.296,0.78,100.0,1600,Expressway / Highway,True,16,Trans-Canada Highway
E01163,N00390,N00394,0.265,0.26,60.0,1500,Ramp,True,16,Trans-Canada Highway
E01164,N00391,N00392,0.235,0.23,60.0,1500,Ramp,True,16,Trans-Canada Highway
E01165,N00391,N00393,0.074,0.07,60.0,1500,Ramp,True,16,Trans-Canada Highway
E01166,N00391,N00409,0.096,0.1,60.0,1500,Ramp,True,16,Trans-Canada Highway
E01167,N00392,N00408,0.557,0.33,100.0,1600,Expressway / Highway,True,16,Trans-Canada Highway
E01168,N00392,N00400,1.326,0.8,100.0,1600,Expressway / Highway,True,16,Trans-Canada Highway
E01169,N03626,N03614,0.04,0.03,90.0,1400,Arterial,True,881,40 Street
E01170,N03626,N03616,0.06,0.06,60.0,1500,Ramp,True,29,
E01171,N03627,N03612,0.078,0.08,60.0,1500,Ramp,True,29,
E01172,N00394,N00406,0.081,0.08,60.0,1500,Ramp,True,16,Trans-Canada Highway
E01173,N00394,N00395,0.051,0.05,60.0,1500,Ramp,True,16,Trans-Canada Highway
E01174,N02993,N02995,0.441,0.33,80.0,1000,Collector,True,688,688 Highway
E01175,N03596,N03595,9.717,6.48,90.0,1400,Arterial,True,881,881 Highway
E01176,N03596,N03779,8.092,5.39,90.0,1400,Arterial,True,28,28 Highway
E01177,N02594,N00094,10.635,6.38,100.0,1600,Expressway / Highway,True,16,Trans-Canada Highway
E01178,N02594,N02595,0.095,0.1,60.0,1500,Ramp,True,16,Trans-Canada Highway
E01179,N02594,N02596,0.159,0.1,100.0,1600,Expressway / Highway,True,16,Trans-Canada Highway
E01180,N02595,N02596,0.099,0.06,100.0,1600,Expressway / Highway,True,16,Trans-Canada Highway
E01181,N02596,N02597,0.526,0.32,100.0,1600,Expressway / Highway,True,16,Trans-Canada Highway
E01182,N02995,N02997,5.888,3.93,90.0,1400,Arterial,True,2,2 Highway
E01183,N02597,N02599,1.239,0.74,100.0,1600,Expressway / Highway,True,16,Trans-Canada Highway
E01184,N02597,N02598,1.229,0.74,100.0,1600,Expressway / Highway,True,16,Trans-Canada Highway
E01185,N00396,N01362,0.922,0.55,100.0,1600,Expressway / Highway,True,216,Anthony Henday Drive
E01186,N00396,N01354,0.348,0.21,100.0,1600,Expressway / Highway,True,216,Anthony Henday Drive
E01187,N00396,N01354,0.491,0.49,60.0,1500,Ramp,True,216,Anthony Henday Drive
E01188,N00760,N00782,11.038,6.62,100.0,1600,Expressway / Highway,True,2,2 Highway
E01189,N00397,N01355,1.092,0.66,100.0,1600,Expressway / Highway,True,216,Anthony Henday Drive
E01190,N00397,N01353,0.349,0.21,100.0,1600,Expressway / Highway,True,216,Anthony Henday Drive
E01191,N00397,N01353,0.634,0.63,60.0,1500,Ramp,True,216,Anthony Henday Drive
E01192,N00761,N00780,10.716,6.43,100.0,1600,Expressway / Highway,True,2,2 Highway
E01193,N00762,N00763,4.263,2.84,90.0,1400,Arterial,True,2A,50 Street
E01194,N02598,N02599,0.03,0.02,90.0,1400,Arterial,True,748,25 Street
E01195,N03597,N03595,24.784,16.52,90.0,1400,Arterial,True,881,881 Highway
E01196,N03597,N03644,36.645,24.43,90.0,1400,Arterial,True,55,55 Highway
E01197,N01870,N01880,0.439,0.26,100.0,1600,Expressway / Highway,True,16,Trans-Canada Highway
E01198,N01870,N01877,0.375,0.37,60.0,1500,Ramp,True,16,Trans-Canada Highway
E01199,N01870,N02539,0.75,0.45,100.0,1600,Expressway / Highway,True,16,Trans-Canada Highway
E01200,N00763,N00765,5.288,3.53,90.0,1400,Arterial,True,616,616 Highway
E01201,N00763,N00794,11.485,7.66,90.0,1400,Arterial,True,2A,2A Highway
E01202,N01871,N01872,0.364,0.22,100.0,1600,Expressway / Highway,True,16,Trans-Canada Highway
E01203,N01871,N01874,0.196,0.2,60.0,1500,Ramp,True,16,Trans-Canada Highway
E01204,N01871,N02522,0.769,0.46,100.0,1600,Expressway / Highway,True,16,Trans-Canada Highway
E01205,N01872,N01880,0.016,0.02,60.0,1500,Ramp,True,16,Trans-Canada Highway
E01206,N01872,N01892,0.346,0.21,100.0,1600,Expressway / Highway,True,16,Trans-Canada Highway
E01207,N01872,N01878,0.021,0.02,60.0,1500,Ramp,True,16,Trans-Canada Highway
E01208,N03370,N03372,0.044,0.03,90.0,1400,Arterial,True,21,21 Highway
E01209,N03370,N03386,1.367,0.91,90.0,1400,Arterial,True,21,21 Highway
E01210,N03156,N03158,0.049,0.05,60.0,1500,Ramp,True,,
E01211,N03156,N03161,1.479,0.89,100.0,1600,Expressway / Highway,True,,40 Highway
E01212,N03156,N03159,0.127,0.13,60.0,1500,Ramp,True,,
E01213,N03157,N03158,0.623,0.37,100.0,1600,Expressway / Highway,True,,40 Highway
E01214,N03157,N03160,0.675,0.45,90.0,1400,Arterial,True,40,40 Highway
E01215,N03158,N03159,0.132,0.13,60.0,1500,Ramp,True,,Township Road 700
E01216,N02996,N02606,51.715,34.48,90.0,1400,Arterial,True,986,986 Highway
E01217,N02996,N03053,0.636,0.42,90.0,1400,Arterial,True,986,986 Highway
E01218,N02996,N03057,0.393,0.26,90.0,1400,Arterial,True,986,986 Highway
E01219,N03159,N03160,0.055,0.03,100.0,1600,Expressway / Highway,True,,Township Road 700
E01220,N03372,N01937,0.044,0.04,60.0,1500,Ramp,True,21,
E01221,N03373,N03408,10.833,7.22,90.0,1400,Arterial,True,21,21 Highway
E01222,N03373,N03390,0.17,0.11,90.0,1400,Arterial,True,21,21 Highway
E01223,N03373,N03395,0.196,0.2,60.0,1500,Ramp,True,16,Trans-Canada Highway
E01224,N03160,N02719,0.434,0.29,90.0,1400,Arterial,True,40,40 Highway
E01225,N03161,N02699,0.416,0.28,90.0,1400,Arterial,True,40,40 Highway
E01226,N03161,N02718,0.58,0.39,90.0,1400,Arterial,True,40,40 Highway
E01227,N03374,N01934,0.641,0.64,60.0,1500,Ramp,True,16,Trans-Canada Highway
E01228,N03374,N03412,10.935,7.29,90.0,1400,Arterial,True,21,21 Highway
E01229,N03374,N03389,0.365,0.24,90.0,1400,Arterial,True,21,21 Highway
E01230,N00168,N00308,17.792,11.86,90.0,1400,Arterial,True,654,654 Highway
E01231,N00764,N00765,4.879,3.25,90.0,1400,Arterial,True,814,814 Highway
E01232,N03598,N03551,16.222,10.81,90.0,1400,Arterial,True,631,631 Highway
E01233,N03598,N03599,3.256,2.17,90.0,1400,Arterial,True,631,631 Highway
E01234,N02997,N03004,0.504,0.3,100.0,1600,Expressway / Highway,True,,2 Highway
E01235,N02997,N02998,0.329,0.2,100.0,1600,Expressway / Highway,True,,2 Highway
E01236,N01873,N01876,0.069,0.07,60.0,1500,Ramp,True,16,Trans-Canada Highway
E01237,N00765,N00854,12.909,8.61,90.0,1400,Arterial,True,814,814 Highway
E01238,N00765,N00856,13.006,8.67,90.0,1400,Arterial,True,616,616 Highway
E01239,N02998,N03027,0.479,0.29,100.0,1600,Expressway / Highway,True,,2 Highway
E01240,N02998,N03005,0.152,0.15,60.0,1500,Ramp,True,2,
E01241,N03599,N03600,17.859,14.99,71.5,600,Arterial,False,631,631 Highway
E01242,N02999,N03046,0.08,0.08,60.0,1500,Ramp,True,,
E01243,N02999,N03046,0.022,0.01,90.0,1400,Arterial,True,744,
E01244,N02999,N03049,0.036,0.02,90.0,1400,Arterial,True,744,
E01245,N03000,N03007,0.106,0.09,67.0,1400,Ramp,True,744,100 Street
E01246,N03000,N03005,0.048,0.05,60.0,1500,Ramp,True,,
E01247,N03000,N03001,0.053,0.04,90.0,1400,Arterial,True,,100 Street
E01248,N03000,N03002,0.04,0.04,60.0,1500,Ramp,True,2,
E01249,N03001,N03005,0.046,0.05,60.0,1500,Ramp,True,2,
E01250,N03001,N03002,0.034,0.03,60.0,1500,Ramp,True,,
E01251,N03001,N03003,0.073,0.05,90.0,1400,Arterial,True,,100 Street
E01252,N03002,N03027,0.269,0.27,60.0,1500,Ramp,True,2,
E01253,N03003,N03029,0.074,0.07,60.0,1500,Ramp,True,,
E01254,N03003,N03030,0.04,0.03,90.0,1400,Arterial,True,,100 Street
E01255,N03004,N03028,0.066,0.04,100.0,1600,Expressway / Highway,True,,2 Highway
E01256,N03004,N03006,0.156,0.16,60.0,1500,Ramp,True,2,
E01257,N00398,N00479,1.288,0.77,100.0,1600,Expressway / Highway,True,16,Trans-Canada Highway
E01258,N00398,N00579,0.557,0.56,60.0,1500,Ramp,True,16,Trans-Canada Highway
E01259,N03685,N03695,0.137,0.09,90.0,1400,Arterial,True,,Veterans Drive
E01260,N03685,N03687,0.065,0.04,90.0,1400,Arterial,True,,Veterans Drive
E01261,N03685,N03692,0.255,0.26,60.0,1500,Ramp,True,28,
E01262,N00399,N00580,1.571,0.94,100.0,1600,Expressway / Highway,True,16,Trans-Canada Highway
E01263,N00399,N00480,0.322,0.32,60.0,1500,Ramp,True,16,Trans-Canada Highway
E01264,N03686,N03690,0.183,0.18,60.0,1500,Ramp,True,,28 Highway
E01265,N03686,N03709,2.557,1.7,90.0,1400,Arterial,True,28,28 Highway
E01266,N03686,N03689,0.06,0.04,90.0,1400,Arterial,True,28,28 Highway
E01267,N03687,N03688,0.141,0.09,90.0,1400,Arterial,True,897,Veterans Drive
E01268,N03006,N03030,0.037,0.04,60.0,1500,Ramp,True,2,
E01269,N03006,N03033,0.044,0.04,60.0,1500,Ramp,True,,
E01270,N03688,N03689,0.134,0.13,60.0,1500,Ramp,True,28,
E01271,N03688,N03694,0.048,0.03,90.0,1400,Arterial,True,897,Veterans Drive
E01272,N03689,N03694,0.123,0.08,90.0,1400,Arterial,True,28,28 Highway
E01273,N03008,N03037,0.63,0.42,90.0,1400,Arterial,True,2,2 Highway
E01274,N03008,N03198,0.377,0.25,90.0,1400,Arterial,True,2,2 Highway
E01275,N03008,N03199,0.01,0.01,90.0,1400,Arterial,True,743,74 Street
E01276,N03009,N03039,0.227,0.23,60.0,1500,Ramp,True,2,80 Street
E01277,N03009,N03037,0.096,0.06,90.0,1400,Arterial,True,2,2 Highway
E01278,N03009,N03039,0.175,0.12,90.0,1400,Arterial,True,2,2 Highway
E01279,N03690,N03694,0.008,0.01,90.0,1400,Arterial,True,897,50 Avenue
E01280,N03690,N03693,0.006,0.0,90.0,1400,Arterial,True,897,50 Avenue
E01281,N03690,N03696,0.014,0.01,60.0,1500,Ramp,True,,28 Highway
E01282,N03691,N03708,2.39,1.59,90.0,1400,Arterial,True,28,28 Highway
E01283,N03691,N03693,0.182,0.12,90.0,1400,Arterial,True,28,28 Highway
E01284,N03691,N03697,0.237,0.24,60.0,1500,Ramp,True,28,
E01285,N03010,N03040,0.853,0.54,94.8,1400,Expressway / Highway,True,2,2 Highway
E01286,N03010,N03013,0.36,0.36,60.0,1500,Ramp,True,,
E01287,N03010,N03012,0.556,0.33,100.0,1600,Expressway / Highway,True,,2 Highway
E01288,N03011,N03014,0.273,0.27,60.0,1500,Ramp,True,,
E01289,N03011,N03042,0.152,0.15,60.0,1500,Ramp,True,2,
E01290,N03011,N03041,0.114,0.11,60.0,1500,Ramp,True,2,
E01291,N03012,N03014,0.118,0.07,100.0,1600,Expressway / Highway,True,,2 Highway
E01292,N03012,N03018,0.824,0.49,100.0,1600,Expressway / Highway,True,,2 Highway
E01293,N03013,N03041,0.351,0.3,70.7,1400,Ramp,True,684,86 Street
E01294,N03013,N03015,0.099,0.1,60.0,1500,Ramp,True,,
E01295,N03014,N03043,0.743,0.47,94.1,1400,Arterial,True,2,2 Highway
E01296,N00766,N00856,6.481,5.56,70.0,600,Arterial,False,822,822 Highway
E01297,N03016,N03037,0.049,0.05,60.0,1500,Ramp,True,,
E01298,N03162,N03081,4.878,4.91,59.6,600,Collector,False,,Range Road 45A
E01299,N00027,N00028,0.05,0.05,60.0,1500,Ramp,True,,
E01300,N00028,N00029,0.014,0.01,90.0,1400,Arterial,True,22,22 Highway
E01301,N00029,N00041,0.072,0.05,90.0,1400,Arterial,True,22,22 Highway
E01302,N00029,N00042,0.049,0.05,60.0,1500,Ramp,True,,
E01303,N00030,N00041,0.05,0.05,60.0,1500,Ramp,True,,
E01304,N03568,N01007,12.193,8.13,90.0,1400,Arterial,True,857,857 Highway
E01305,N03568,N03303,9.858,5.91,100.0,1600,Expressway / Highway,True,16,Trans-Canada Highway
E01306,N03568,N03569,0.031,0.02,90.0,1400,Arterial,True,857,857 Highway
E01307,N03568,N03574,2.629,1.58,100.0,1600,Expressway / Highway,True,16,Trans-Canada Highway
E01308,N03695,N03694,0.011,0.01,90.0,1400,Arterial,True,,28 Highway
E01309,N03695,N03696,0.013,0.01,90.0,1400,Arterial,True,,50 Avenue
E01310,N03695,N03711,0.924,0.62,90.0,1400,Arterial,True,28,28 Highway
E01311,N03017,N03043,0.356,0.36,60.0,1500,Ramp,True,2,Old Highway 2
E01312,N03693,N03696,0.011,0.01,90.0,1400,Arterial,True,,28 Highway
E01313,N03693,N03697,0.073,0.05,90.0,1400,Arterial,True,897,50 Avenue
E01314,N03696,N03699,0.049,0.03,90.0,1400,Arterial,True,,50 Avenue
E01315,N03696,N03698,0.097,0.06,90.0,1400,Arterial,True,28,28 Highway
E01316,N03697,N03700,0.025,0.02,90.0,1400,Arterial,True,897,50 Avenue
E01317,N03698,N03699,0.108,0.11,60.0,1500,Ramp,True,28,
E01318,N03698,N03711,0.836,0.56,90.0,1400,Arterial,True,28,28 Highway
E01319,N03699,N03700,0.041,0.03,90.0,1400,Arterial,True,,50 Avenue
E01320,N03700,N03701,0.056,0.04,90.0,1400,Arterial,True,,50 Avenue
E01321,N03702,N03723,0.186,0.19,60.0,1500,Ramp,True,55,
E01322,N03702,N03705,0.085,0.06,90.0,1400,Arterial,True,28,8 Avenue
E01323,N03702,N03714,1.525,1.02,90.0,1400,Arterial,True,28,8 Avenue
E01324,N03703,N03706,0.055,0.04,90.0,1400,Arterial,True,55,16 Avenue
E01325,N03703,N03705,0.092,0.06,90.0,1400,Arterial,True,28,8 Avenue
E01326,N03703,N03721,0.009,0.01,90.0,1400,Arterial,True,28,51 Street
E01327,N03704,N03706,0.042,0.03,90.0,1400,Arterial,True,55,16 Avenue
E01328,N03704,N03722,0.045,0.03,90.0,1400,Arterial,True,55,16 Avenue
E01329,N03704,N03678,8.253,5.5,90.0,1400,Arterial,True,55,16 Avenue
E01330,N03705,N03706,0.122,0.12,60.0,1500,Ramp,True,55,
E01331,N03018,N03020,0.164,0.1,100.0,1600,Expressway / Highway,True,,2 Highway
E01332,N03018,N03019,0.276,0.28,60.0,1500,Ramp,True,,
E01333,N03019,N03021,0.026,0.03,60.0,1500,Ramp,True,,
E01334,N03019,N03022,0.048,0.05,60.0,1500,Ramp,True,,
E01335,N03019,N03023,0.028,0.03,60.0,1500,Ramp,True,,
E01336,N03020,N03027,0.321,0.19,100.0,1600,Expressway / Highway,True,,2 Highway
E01337,N03020,N03028,0.575,0.35,100.0,1600,Expressway / Highway,True,,2 Highway
E01338,N03021,N03024,0.073,0.07,60.0,1500,Ramp,True,,
E01339,N03021,N03024,0.042,0.04,60.0,1500,Ramp,True,,
E01340,N03022,N03023,0.039,0.04,60.0,1500,Ramp,True,,
E01341,N03023,N03024,0.033,0.03,60.0,1500,Ramp,True,,
E01342,N03023,N03025,0.044,0.04,60.0,1500,Ramp,True,,
E01343,N03024,N03025,0.039,0.04,60.0,1500,Ramp,True,,
E01344,N00767,N00857,9.122,6.08,90.0,1400,Arterial,True,21,21 Highway
E01345,N00767,N00768,6.641,4.43,90.0,1400,Arterial,True,21,21 Highway
E01346,N00767,N00856,17.196,11.47,90.0,600,Arterial,True,616,616 Highway
E01347,N03707,N03724,0.01,0.01,60.0,1500,Ramp,True,55,
E01348,N03026,N03200,0.088,0.09,60.0,1500,Ramp,True,986,
E01349,N03028,N03029,0.144,0.14,60.0,1500,Ramp,True,,
E01350,N00169,N00170,0.985,0.66,90.0,1400,Arterial,True,33,33 Highway
E01351,N00169,N00474,31.647,21.1,90.0,1400,Arterial,True,33,33 Highway
E01352,N00170,N00172,0.181,0.18,60.0,1500,Ramp,True,33,
E01353,N00170,N00172,0.155,0.1,90.0,1400,Arterial,True,33,33 Highway
E01354,N03029,N03031,0.039,0.04,60.0,1500,Ramp,True,2,
E01355,N03030,N03031,0.039,0.03,90.0,1400,Arterial,True,,100 Street
E01356,N03031,N03032,0.062,0.06,60.0,1500,Ramp,True,,
E01357,N03031,N03033,0.01,0.01,90.0,1400,Arterial,True,,100 Street
E01358,N03033,N03034,0.033,0.02,90.0,1400,Arterial,True,,100 Street
E01359,N03600,N03602,22.778,18.59,73.5,600,Arterial,False,631,631 Highway
E01360,N03600,N03601,13.308,8.87,90.0,1400,Arterial,True,881,881 Highway
E01361,N00171,N00172,3.049,2.03,90.0,1400,Arterial,True,33,33 Highway
E01362,N00171,N00472,7.205,4.8,90.0,1400,Arterial,True,33,33 Highway
E01363,N00171,N00173,1.262,0.84,90.0,1400,Arterial,True,661,661 Highway
E01364,N01649,N01650,0.105,0.1,60.0,1500,Ramp,True,,
E01365,N01650,N01651,12.117,8.08,90.0,1400,Arterial,True,2,2 Highway
E01366,N01650,N02865,29.145,19.43,90.0,1400,Arterial,True,2,2 Highway
E01367,N01019,N03602,20.643,13.76,90.0,1400,Arterial,True,41,Oliver Avenue
E01368,N01019,N01039,0.728,0.49,90.0,1400,Arterial,True,41,52 Street
E01369,N01019,N01038,0.253,0.17,90.0,1400,Arterial,True,41,52 Street
E01370,N03375,N03379,0.171,0.11,90.0,1400,Arterial,True,824,824 Highway
E01371,N03375,N03378,0.009,0.01,90.0,1400,Arterial,True,824,824 Highway
E01372,N03375,N03385,0.047,0.05,60.0,1500,Ramp,True,16,Trans-Canada Highway
E01373,N03376,N03377,0.256,0.25,60.6,1400,Ramp,True,16;824,Trans-Canada Highway
E01374,N03376,N03379,0.076,0.05,90.0,1400,Arterial,True,824,824 Highway
E01375,N03376,N03380,0.043,0.04,60.0,1500,Ramp,True,16,Trans-Canada Highway
E01376,N03377,N03381,0.134,0.08,100.0,1600,Expressway / Highway,True,16,Trans-Canada Highway
E01377,N03377,N01924,4.674,2.8,100.0,1600,Expressway / Highway,True,16,Trans-Canada Highway
E01378,N03378,N03383,0.048,0.03,90.0,1400,Arterial,True,824,824 Highway
E01379,N03378,N03382,0.321,0.32,60.0,1500,Ramp,True,16,Trans-Canada Highway
E01380,N03601,N03631,24.525,16.35,90.0,1400,Arterial,True,45,45 Highway
E01381,N02854,N02858,19.907,13.27,90.0,1400,Arterial,True,2,2 Highway
E01382,N02854,N02604,14.93,9.95,90.0,1400,Arterial,True,2,2 Highway
E01383,N02854,N02857,16.313,10.88,90.0,1400,Arterial,True,750,750 Highway
E01384,N03379,N03380,0.096,0.1,60.0,1500,Ramp,True,16,Trans-Canada Highway
E01385,N02215,N02257,1.022,1.02,60.0,1500,Ramp,True,216,
E01386,N02215,N02242,0.219,0.22,60.0,1500,Ramp,True,216,
E01387,N02215,N02248,0.076,0.08,60.0,1500,Ramp,True,216,
E01388,N03382,N01923,4.584,2.75,100.0,1600,Expressway / Highway,True,16,Trans-Canada Highway
E01389,N03382,N03384,0.615,0.37,100.0,1600,Expressway / Highway,True,16,Trans-Canada Highway
E01390,N03380,N03381,0.151,0.15,60.0,1500,Ramp,True,16,Trans-Canada Highway
E01391,N03381,N03405,5.983,3.59,100.0,1600,Expressway / Highway,True,16,Trans-Canada Highway
E01392,N00769,N01000,12.944,8.63,90.0,1400,Arterial,True,834,834 Highway
E01393,N03708,N03709,0.167,0.17,60.0,1500,Ramp,True,28,69 Avenue
E01394,N03708,N03719,2.262,1.51,90.0,1400,Arterial,True,28,51 Street
E01395,N03383,N03385,0.085,0.08,60.0,1500,Ramp,True,16,Trans-Canada Highway
E01396,N03709,N03716,1.603,1.07,90.0,1400,Arterial,True,28,51 Street
E01397,N02600,N02602,0.101,0.12,50.0,600,Local / Street,True,,47 Street
E01398,N03629,N03613,1.477,0.98,90.0,1400,Arterial,True,29,29 Highway
E01399,N03629,N03636,23.678,15.79,90.0,1400,Arterial,True,29,29 Highway
E01400,N00031,N00039,5.247,3.5,90.0,1400,Arterial,True,22,22 Highway
E01401,N00031,N00034,0.074,0.07,60.0,1500,Ramp,True,,
E01402,N00031,N00033,0.215,0.21,60.0,1500,Ramp,True,,
E01403,N00031,N00033,0.116,0.08,90.0,1400,Arterial,True,22,22 Highway
E01404,N01021,N01023,0.396,0.4,60.0,1500,Ramp,True,16,Trans-Canada Highway
E01405,N01021,N01026,0.097,0.1,60.0,1500,Ramp,True,16,Trans-Canada Highway
E01406,N01021,N01024,0.057,0.06,60.0,1500,Ramp,True,16,Trans-Canada Highway
E01407,N00032,N00033,0.099,0.1,60.0,1500,Ramp,True,,
E01408,N00033,N00041,1.41,0.94,90.0,1400,Arterial,True,22,22 Highway
E01409,N00770,N00998,13.125,8.75,90.0,1400,Arterial,True,833,833 Highway
E01410,N01023,N01036,0.897,0.54,100.0,1600,Expressway / Highway,True,16,Trans-Canada Highway
E01411,N01020,N01026,0.078,0.05,90.0,1400,Arterial,True,41,41 Highway
E01412,N01020,N01022,0.077,0.05,90.0,1400,Arterial,True,41,41 Highway
E01413,N01026,N01024,0.068,0.05,90.0,1400,Arterial,True,41,41 Highway
E01414,N01022,N01035,0.114,0.11,60.0,1500,Ramp,True,16,Trans-Canada Highway
E01415,N01022,N01025,0.068,0.05,90.0,1400,Arterial,True,41,41 Highway
E01416,N01027,N01034,0.896,0.54,100.0,1600,Expressway / Highway,True,16,Trans-Canada Highway
E01417,N01027,N01033,0.42,0.42,60.0,1500,Ramp,True,16,Trans-Canada Highway
E01418,N01024,N01025,0.007,0.01,60.0,1500,Ramp,True,16,Trans-Canada Highway
E01419,N01024,N01028,0.299,0.2,90.0,1400,Arterial,True,41,41 Highway
E01420,N01025,N01035,0.075,0.07,60.0,1500,Ramp,True,16,Trans-Canada Highway
E01421,N01025,N01031,0.299,0.2,90.0,1400,Arterial,True,41,41 Highway
E01422,N01028,N01033,0.073,0.07,60.0,1500,Ramp,True,16,Trans-Canada Highway
E01423,N01028,N01029,0.07,0.05,90.0,1400,Arterial,True,41,41 Highway
E01424,N01028,N01031,0.007,0.01,60.0,1500,Ramp,True,16,Trans-Canada Highway
E01425,N01029,N01033,0.113,0.11,60.0,1500,Ramp,True,16,Trans-Canada Highway
E01426,N01029,N01037,0.328,0.22,90.0,1400,Arterial,True,41,41 Highway
E01427,N01030,N01037,0.326,0.22,90.0,1400,Arterial,True,41,41 Highway
E01428,N01030,N01031,0.07,0.05,90.0,1400,Arterial,True,41,41 Highway
E01429,N01030,N01032,0.101,0.1,60.0,1500,Ramp,True,16,Trans-Canada Highway
E01430,N01031,N01032,0.061,0.06,60.0,1500,Ramp,True,16,Trans-Canada Highway
E01431,N03386,N01935,0.402,0.4,60.0,1500,Ramp,True,16,Trans-Canada Highway
E01432,N03386,N03387,0.08,0.05,90.0,1400,Arterial,True,21,21 Highway
E01433,N01032,N01034,0.392,0.39,60.0,1500,Ramp,True,16,Trans-Canada Highway
E01434,N03388,N03391,0.231,0.15,90.0,1400,Arterial,True,21,21 Highway
E01435,N03388,N03406,0.291,0.29,60.0,1500,Ramp,True,16,Trans-Canada Highway
E01436,N03387,N03389,0.287,0.19,90.0,1400,Arterial,True,21,21 Highway
E01437,N03387,N03391,0.029,0.03,60.0,1500,Ramp,True,16,Trans-Canada Highway
E01438,N03969,N01725,0.087,0.09,60.0,1500,Ramp,True,28,
E01439,N03391,N03392,0.085,0.06,90.0,1400,Arterial,True,21,21 Highway
E01440,N03391,N03406,0.11,0.11,60.0,1500,Ramp,True,16,Trans-Canada Highway
E01441,N03389,N03390,0.026,0.03,60.0,1500,Ramp,True,16,Trans-Canada Highway
E01442,N03390,N03394,0.052,0.03,90.0,1400,Arterial,True,21,21 Highway
E01443,N03390,N03395,0.093,0.09,60.0,1500,Ramp,True,16,Trans-Canada Highway
E01444,N03393,N01935,0.391,0.23,100.0,1600,Expressway / Highway,True,16,Trans-Canada Highway
E01445,N03393,N03392,0.248,0.25,60.0,1500,Ramp,True,16,Trans-Canada Highway
E01446,N03393,N03407,0.575,0.34,100.0,1600,Expressway / Highway,True,16,Trans-Canada Highway
E01447,N03392,N03394,0.169,0.11,90.0,1400,Arterial,True,21,21 Highway
E01448,N02855,N02857,11.626,7.75,90.0,1400,Arterial,True,750,750 Highway
E01449,N02855,N02861,34.617,23.08,90.0,1400,Arterial,True,750,750 Highway
E01450,N02855,N02928,26.967,17.98,90.0,600,Arterial,True,679,679 Highway
E01451,N03394,N03404,0.249,0.25,60.0,1500,Ramp,True,16,Trans-Canada Highway
E01452,N03395,N03405,0.499,0.5,60.0,1500,Ramp,True,16,Trans-Canada Highway
E01453,N03535,N03305,25.901,17.27,90.0,1400,Arterial,True,857,857 Highway
E01454,N03535,N03534,17.912,11.94,90.0,1400,Arterial,True,29,29 Highway
E01455,N03535,N03536,3.127,2.08,90.0,1400,Arterial,True,857,857 Highway
E01456,N03535,N03537,2.964,1.98,90.0,1400,Arterial,True,29,29 Highway
E01457,N03536,N03552,6.314,4.21,90.0,1400,Arterial,True,45,45 Highway
E01458,N03536,N03537,3.862,2.57,90.0,1400,Arterial,True,45,45 Highway
E01459,N03396,N03398,0.358,0.36,60.0,1500,Ramp,True,16,Trans-Canada Highway
E01460,N03396,N03401,0.079,0.08,60.0,1500,Ramp,True,16,Trans-Canada Highway
E01461,N03396,N03400,0.038,0.04,60.0,1500,Ramp,True,16,Trans-Canada Highway
E01462,N02216,N02219,2.114,2.11,60.0,1500,Ramp,True,14,
E01463,N02216,N02258,2.081,1.25,100.0,1600,Expressway / Highway,True,216,Anthony Henday Drive
E01464,N02216,N02241,0.937,0.56,100.0,1600,Expressway / Highway,True,216,Anthony Henday Drive
E01465,N02217,N02220,2.382,2.38,60.0,1500,Ramp,True,14,
E01466,N02217,N02218,1.536,0.92,100.0,1600,Expressway / Highway,True,216,Anthony Henday Drive
E01467,N02217,N02256,0.838,0.5,100.0,1600,Expressway / Highway,True,216,Anthony Henday Drive
E01468,N03035,N03203,0.462,0.31,90.0,1400,Arterial,True,2,2 Highway
E01469,N03035,N03038,0.203,0.14,90.0,1400,Arterial,True,2,2 Highway
E01470,N03035,N03036,0.098,0.1,60.0,1500,Ramp,True,2,
E01471,N03397,N03258,1.32,0.79,100.0,1600,Expressway / Highway,True,16,Trans-Canada Highway
E01472,N03397,N03398,0.25,0.15,100.0,1600,Expressway / Highway,True,16,Trans-Canada Highway
E01473,N03397,N03401,0.234,0.23,60.0,1500,Ramp,True,16,Trans-Canada Highway
E01474,N00771,N01001,23.808,20.41,70.0,600,Arterial,False,854,854 Highway
E01475,N03398,N01935,1.007,0.6,100.0,1600,Expressway / Highway,True,16,Trans-Canada Highway
E01476,N00035,N00037,3.229,2.15,90.0,1400,Arterial,True,22,22 Highway
E01477,N00035,N00036,0.106,0.07,90.0,1400,Arterial,True,22,22 Highway
E01478,N01034,N01040,20.129,12.08,100.0,1600,Expressway / Highway,True,16,Trans-Canada Highway
E01479,N01035,N01036,0.418,0.42,60.0,1500,Ramp,True,16,Trans-Canada Highway
E01480,N02218,N02219,1.943,1.17,100.0,1600,Expressway / Highway,True,14,14 Highway
E01481,N02218,N03226,1.759,1.06,100.0,1600,Expressway / Highway,True,216,Anthony Henday Drive
E01482,N01036,N01041,20.11,12.07,100.0,1600,Expressway / Highway,True,16,Trans-Canada Highway
E01483,N02856,N02857,0.331,0.3,67.4,600,Collector,True,,1 Street
E01484,N03399,N03261,0.069,0.07,60.0,1500,Ramp,True,16,Trans-Canada Highway
E01485,N00402,N01390,1.22,0.73,100.0,1600,Expressway / Highway,True,216,Anthony Henday Drive
E01486,N00402,N01355,1.527,0.92,100.0,1600,Expressway / Highway,True,216,Anthony Henday Drive
E01487,N00402,N01369,0.435,0.44,60.0,1500,Ramp,True,216,Trans-Canada Highway
E01488,N00403,N01387,0.044,0.04,60.0,1500,Ramp,True,,Anthony Henday Drive
E01489,N00404,N01387,0.659,0.66,60.0,1500,Ramp,True,216,Anthony Henday Drive
E01490,N00404,N01371,0.847,0.51,100.0,1600,Expressway / Highway,True,216,Anthony Henday Drive
E01491,N00404,N01394,0.751,0.45,100.0,1600,Expressway / Highway,True,216,Anthony Henday Drive
E01492,N03401,N03402,0.069,0.07,60.0,1500,Ramp,True,16,Trans-Canada Highway
E01493,N02219,N02222,5.089,3.05,100.0,1600,Expressway / Highway,True,14,14 Highway
E01494,N00772,N01003,17.213,11.48,90.0,1400,Arterial,True,855,855 Highway
E01495,N02220,N02258,3.168,1.9,100.0,1600,Expressway / Highway,True,14,14 Highway
E01496,N02220,N02221,4.209,2.53,100.0,1600,Expressway / Highway,True,14,14 Highway
E01497,N03038,N03040,0.194,0.19,60.0,1500,Ramp,True,2,80 Street
E01498,N03038,N03040,0.171,0.11,90.0,1400,Arterial,True,2,2 Highway
E01499,N03039,N03043,0.559,0.37,90.0,1400,Arterial,True,2,2 Highway
E01500,N02601,N02928,17.779,11.85,90.0,1400,Arterial,True,749,48 Street
E01501,N02601,N02932,1.339,0.89,90.0,1400,Arterial,True,2,53 Avenue
E01502,N02601,N02804,27.204,18.14,90.0,1400,Arterial,True,749,48 Street
E01503,N02601,N02602,0.179,0.12,90.0,1400,Arterial,True,2,53 Avenue
E01504,N03406,N03407,0.571,0.57,60.0,1500,Ramp,True,16,Trans-Canada Highway
E01505,N03404,N01934,0.369,0.22,100.0,1600,Expressway / Highway,True,16,Trans-Canada Highway
E01506,N03404,N03405,0.5,0.3,100.0,1600,Expressway / Highway,True,16,Trans-Canada Highway
E01507,N03041,N03042,0.138,0.09,90.0,1400,Arterial,True,684,86 Street
E01508,N01037,N01039,0.799,0.53,90.0,1400,Arterial,True,41,41 Highway
E01509,N03042,N03189,19.892,13.26,90.0,1400,Arterial,True,684,86 Street
E01510,N02602,N02604,1.465,0.98,90.0,1400,Arterial,True,2,53 Avenue
E01511,N03407,N03384,5.525,3.31,100.0,1600,Expressway / Highway,True,16,Trans-Canada Highway
E01512,N03408,N03411,0.449,0.45,60.0,1500,Ramp,True,,
E01513,N03408,N03409,0.255,0.17,90.0,1400,Arterial,True,21,21 Highway
E01514,N03409,N03410,0.172,0.11,90.0,1400,Arterial,True,21,21 Highway
E01515,N03409,N03414,0.199,0.2,60.0,1500,Ramp,True,,
E01516,N03410,N03419,0.217,0.14,90.0,1400,Arterial,True,21,21 Highway
E01517,N03410,N03418,0.271,0.27,60.0,1500,Ramp,True,,
E01518,N02520,N02517,0.08,0.08,60.0,1500,Ramp,True,16,Trans-Canada Highway
E01519,N02520,N02527,0.015,0.02,60.0,1500,Ramp,True,16,Trans-Canada Highway
E01520,N02520,N02523,0.055,0.06,60.0,1500,Ramp,True,16,Trans-Canada Highway
E01521,N00405,N00406,0.053,0.05,60.0,1500,Ramp,True,16,Trans-Canada Highway
E01522,N00406,N00407,0.219,0.22,60.0,1500,Ramp,True,16,Trans-Canada Highway
E01523,N00407,N01365,0.893,0.54,100.0,1600,Expressway / Highway,True,16,Trans-Canada Highway
E01524,N01038,N01039,0.472,0.31,90.0,1400,Arterial,True,41,52 Street
E01525,N00408,N00409,0.251,0.25,60.0,1500,Ramp,True,16,Trans-Canada Highway
E01526,N00408,N01361,1.219,0.73,100.0,1600,Expressway / Highway,True,16,Trans-Canada Highway
E01527,N00409,N00410,0.051,0.05,60.0,1500,Ramp,True,16,Trans-Canada Highway
E01528,N03602,N03603,6.467,4.31,90.0,1400,Arterial,True,41,41 Highway
E01529,N02603,N02604,0.04,0.04,60.0,1500,Ramp,True,2,
E01530,N02221,N02223,0.367,0.22,100.0,1600,Expressway / Highway,True,14,14 Highway
E01531,N02221,N02225,0.409,0.41,60.0,1500,Ramp,True,14,
E01532,N02222,N02236,0.293,0.18,97.3,1400,Expressway / Highway,True,14,14 Highway
E01533,N02222,N02226,0.533,0.53,60.0,1500,Ramp,True,14,
E01534,N02223,N02231,0.356,0.24,90.0,1400,Arterial,True,14,14 Highway
E01535,N02223,N02228,0.32,0.32,60.0,1500,Ramp,True,14,
E01536,N02224,N02267,2.311,1.54,90.0,1400,Arterial,True,21,21 Highway
E01537,N02224,N02226,0.299,0.2,90.0,1400,Arterial,True,21,21 Highway
E01538,N02224,N02261,0.391,0.26,90.0,1400,Arterial,True,21,21 Highway
E01539,N02225,N02233,0.231,0.23,60.0,1500,Ramp,True,14,
E01540,N02225,N02235,0.107,0.11,60.0,1500,Ramp,True,14,
E01541,N02226,N02227,0.258,0.17,90.0,1400,Arterial,True,21,21 Highway
E01542,N00773,N00777,0.177,0.18,60.0,1500,Ramp,True,2,
E01543,N02227,N02228,0.311,0.21,90.0,1400,Arterial,True,21,21 Highway
E01544,N02227,N02260,0.004,0.0,60.0,1500,Ramp,True,14,
E01545,N00774,N00777,0.12,0.12,60.0,1500,Ramp,True,2,
E01546,N00775,N00776,0.042,0.04,60.0,1500,Ramp,True,2,
E01547,N00775,N00779,0.057,0.06,60.0,1500,Ramp,True,2,
E01548,N00775,N00778,0.241,0.24,60.0,1500,Ramp,True,2,
E01549,N00777,N00780,0.203,0.2,60.0,1500,Ramp,True,2,
E01550,N00778,N00780,0.172,0.1,100.0,1600,Expressway / Highway,True,2,2 Highway
E01551,N00778,N00792,4.646,2.79,100.0,1600,Expressway / Highway,True,2,2 Highway
E01552,N02228,N02235,0.079,0.05,90.0,1400,Arterial,True,21,21 Highway
E01553,N02229,N02233,0.301,0.2,90.0,1400,Arterial,True,21,21 Highway
E01554,N02229,N00977,11.424,7.62,90.0,1400,Arterial,True,21,21 Highway
E01555,N02229,N02230,0.119,0.08,90.0,1400,Arterial,True,21,21 Highway
E01556,N02230,N02234,0.386,0.26,90.0,1400,Arterial,True,21,21 Highway
E01557,N02230,N02231,0.681,0.68,60.0,1500,Ramp,True,14,
E01558,N01651,N01654,0.069,0.05,90.0,1400,Arterial,True,2,2 Highway
E01559,N01651,N01652,0.07,0.05,90.0,1400,Arterial,True,2,2 Highway
E01560,N00781,N00782,0.171,0.1,100.0,1600,Expressway / Highway,True,2,2 Highway
E01561,N00781,N00800,6.922,4.15,100.0,1600,Expressway / Highway,True,2,2 Highway
E01562,N00781,N00787,0.243,0.24,60.0,1500,Ramp,True,2,
E01563,N00782,N00788,0.23,0.23,60.0,1500,Ramp,True,2,
E01564,N02233,N02235,0.204,0.14,90.0,1400,Arterial,True,21,21 Highway
E01565,N02235,N02234,0.003,0.0,60.0,1500,Ramp,True,14,
E01566,N00783,N00788,0.044,0.04,60.0,1500,Ramp,True,2,
E01567,N00784,N00787,0.066,0.07,60.0,1500,Ramp,True,2,
E01568,N00785,N00787,0.148,0.15,60.0,1500,Ramp,True,2,
E01569,N00786,N00788,0.073,0.07,60.0,1500,Ramp,True,2,
E01570,N02234,N02237,0.259,0.17,90.0,1400,Arterial,True,21,21 Highway
E01571,N02236,N02232,0.667,0.44,90.0,1400,Arterial,True,14,14 Highway
E01572,N02236,N02237,0.381,0.38,60.0,1500,Ramp,True,14,
E01573,N02237,N02260,0.133,0.09,90.0,1400,Arterial,True,21,21 Highway
E01574,N02525,N02526,0.058,0.04,90.0,3000,Arterial,True,28,97 Street
E01575,N02525,N02534,0.384,0.26,90.0,3000,Arterial,True,28,97 Street
E01576,N00411,N00413,0.036,0.04,60.0,1500,Ramp,True,,South Park Drive
E01577,N00411,N00414,0.415,0.25,100.0,1600,Expressway / Highway,True,,16A Highway
E01578,N00411,N00439,1.098,0.66,100.0,1600,Expressway / Highway,True,16A,Trans-Canada Highway
E01579,N00412,N00414,0.39,0.39,60.0,1500,Ramp,True,,
E01580,N03603,N03631,6.509,4.34,90.0,1400,Arterial,True,41,41 Highway
E01581,N03603,N03604,21.22,14.15,90.0,1400,Arterial,True,45,45 Highway
E01582,N03044,N03047,0.032,0.04,50.0,600,Local / Street,True,,96 Avenue
E01583,N03045,N03048,0.374,0.25,90.0,1400,Arterial,True,744,100 Street
E01584,N03045,N03049,0.373,0.26,86.6,1400,Arterial,True,744,100 Street
E01585,N03046,N03047,0.048,0.03,90.0,1400,Arterial,True,744,
E01586,N03047,N03048,0.005,0.0,90.0,1400,Arterial,True,744,
E01587,N03048,N03049,0.021,0.01,90.0,1400,Arterial,True,744,
E01588,N03970,N01816,0.123,0.12,60.0,1500,Ramp,True,2,
E01589,N03095,N03103,10.367,6.91,90.0,1400,Arterial,True,35,35 Highway
E01590,N03095,N03098,22.508,15.01,90.0,1400,Arterial,True,35,35 Highway
E01591,N03712,N03714,0.134,0.1,80.0,1000,Collector,True,,16 Street
E01592,N02238,N00978,1.736,1.16,90.0,1400,Arterial,True,14,14 Highway
E01593,N02238,N02232,4.604,3.07,90.0,1400,Arterial,True,14,14 Highway
E01594,N02238,N02239,0.072,0.07,60.0,1500,Ramp,True,,
E01595,N03050,N03202,0.865,0.58,90.0,1400,Arterial,True,986,986 Highway
E01596,N03050,N03069,69.435,57.22,72.8,600,Arterial,False,690;743,743 Highway
E01597,N03050,N03196,8.88,5.92,90.0,1400,Arterial,True,743,743 Highway
E01598,N00173,N03956,32.033,23.24,82.7,600,Arterial,True,661,3 Street East
E01599,N00414,N00415,0.052,0.03,100.0,1600,Expressway / Highway,True,16A,Trans-Canada Highway
E01600,N00416,N00420,0.085,0.09,60.0,1500,Ramp,True,16A,Trans-Canada Highway
E01601,N00417,N00418,0.089,0.09,60.0,1500,Ramp,True,16A,Trans-Canada Highway
E01602,N00417,N00418,0.044,0.03,100.0,1600,Expressway / Highway,True,16A,Trans-Canada Highway
E01603,N00417,N00419,0.176,0.11,100.0,1600,Expressway / Highway,True,16A,Trans-Canada Highway
E01604,N00417,N00421,0.082,0.08,60.0,1500,Ramp,True,16A,Trans-Canada Highway
E01605,N00418,N00555,0.153,0.09,100.0,1600,Expressway / Highway,True,16A,Trans-Canada Highway
E01606,N00419,N00420,0.017,0.01,100.0,1600,Expressway / Highway,True,16A,Trans-Canada Highway
E01607,N00419,N00445,0.128,0.13,60.0,1500,Ramp,True,,16A Highway
E01608,N00421,N00442,0.063,0.04,100.0,1600,Expressway / Highway,True,16A,Trans-Canada Highway
E01609,N00421,N00444,0.122,0.07,100.0,1600,Expressway / Highway,True,16A,Trans-Canada Highway
E01610,N01652,N01657,0.042,0.03,90.0,1400,Arterial,True,2,2 Highway
E01611,N01652,N01655,0.025,0.02,60.0,1500,Ramp,True,2,
E01612,N01653,N01654,0.026,0.03,60.0,1500,Ramp,True,2,
E01613,N01654,N01658,0.048,0.03,90.0,1400,Arterial,True,2,2 Highway
E01614,N03412,N03414,0.156,0.1,90.0,1400,Arterial,True,21,21 Highway
E01615,N03412,N03413,0.21,0.21,60.0,1500,Ramp,True,,
E01616,N00422,N00563,1.199,1.17,61.3,600,Local / Street,True,,Diamond Avenue
E01617,N00423,N00559,0.378,0.23,100.0,3600,Expressway / Highway,True,16A,Trans-Canada Highway
E01618,N00423,N00424,0.139,0.14,60.0,1500,Ramp,True,16A,Trans-Canada Highway
E01619,N00423,N00424,0.112,0.07,100.0,3600,Expressway / Highway,True,16A,Trans-Canada Highway
E01620,N00424,N00427,0.077,0.05,100.0,3600,Expressway / Highway,True,16A,Trans-Canada Highway
E01621,N00424,N00425,0.091,0.09,60.0,1500,Ramp,True,,
E01622,N01656,N01658,0.034,0.03,60.0,1500,Ramp,True,2,
E01623,N00425,N00427,0.034,0.03,60.0,1500,Ramp,True,16A,Trans-Canada Highway
E01624,N00425,N00430,0.167,0.17,60.0,1500,Ramp,True,,
E01625,N00426,N00557,0.61,0.37,100.0,1600,Expressway / Highway,True,16A,Trans-Canada Highway
E01626,N00426,N00427,0.068,0.07,60.0,1500,Ramp,True,16A,Trans-Canada Highway
E01627,N00426,N00428,0.059,0.04,100.0,1600,Expressway / Highway,True,16A,Trans-Canada Highway
E01628,N00427,N00429,0.088,0.05,100.0,3600,Expressway / Highway,True,16A,Trans-Canada Highway
E01629,N00428,N00431,0.06,0.06,60.0,1500,Ramp,True,16A,Trans-Canada Highway
E01630,N00428,N00431,0.034,0.02,100.0,1600,Expressway / Highway,True,16A,Trans-Canada Highway
E01631,N00428,N00429,0.098,0.1,60.0,1500,Ramp,True,16A,Trans-Canada Highway
E01632,N00429,N00430,0.07,0.04,100.0,3600,Expressway / Highway,True,16A,Trans-Canada Highway
E01633,N00430,N00440,1.702,1.02,100.0,1600,Expressway / Highway,True,16A,Trans-Canada Highway
E01634,N00038,N00039,0.066,0.07,60.0,1500,Ramp,True,22,
E01635,N00038,N00075,29.452,19.63,90.0,1400,Arterial,True,621,621 Highway
E01636,N00038,N00040,0.046,0.03,90.0,1400,Arterial,True,621,621 Highway
E01637,N00039,N00040,0.046,0.03,90.0,1400,Arterial,True,22,22 Highway
E01638,N00431,N00563,0.368,0.22,100.0,1600,Expressway / Highway,True,16A,Trans-Canada Highway
E01639,N00040,N00045,9.732,6.49,90.0,1400,Arterial,True,22,22 Highway
E01640,N01658,N01659,0.16,0.11,90.0,1400,Arterial,True,2,2 Highway
E01641,N01659,N01657,0.166,0.11,90.0,1400,Arterial,True,2,2 Highway
E01642,N02240,N00979,4.0,3.43,70.0,600,Arterial,False,824,824 Highway
E01643,N02240,N00980,8.128,5.42,90.0,1400,Arterial,True,629,629 Highway
E01644,N03416,N03414,0.184,0.12,90.0,1400,Arterial,True,21,21 Highway
E01645,N03416,N03418,0.063,0.04,90.0,1400,Arterial,True,21,21 Highway
E01646,N03416,N03415,0.196,0.2,60.0,1500,Ramp,True,,
E01647,N01456,N01598,0.307,0.23,80.0,1000,Collector,True,2,Terwillegar Drive
E01648,N00432,N00128,0.542,0.36,90.0,1400,Arterial,True,779,48 Street
E01649,N00432,N00433,0.088,0.06,90.0,1400,Arterial,True,779,48 Street
E01650,N00432,N00435,0.003,0.0,60.0,1500,Ramp,True,16A,Trans-Canada Highway
E01651,N03417,N03419,0.237,0.24,60.0,1500,Ramp,True,,
E01652,N00433,N00434,0.011,0.01,60.0,1500,Ramp,True,16A,Trans-Canada Highway
E01653,N00434,N00435,0.099,0.07,90.0,1400,Arterial,True,779,48 Street
E01654,N00434,N00437,0.362,0.36,60.0,1500,Ramp,True,16A,Trans-Canada Highway
E01655,N01457,N01549,0.887,0.66,80.0,1000,Collector,True,2,Terwillegar Drive
E01656,N00435,N00436,0.086,0.06,90.0,1400,Arterial,True,779,48 Street
E01657,N00435,N00438,0.047,0.05,60.0,1500,Ramp,True,16A,Trans-Canada Highway
E01658,N00436,N00132,2.35,1.57,90.0,1400,Arterial,True,779,48 Street
E01659,N00436,N00438,0.102,0.1,60.0,1500,Ramp,True,16A,Trans-Canada Highway
E01660,N02241,N02249,0.875,0.87,60.0,1500,Ramp,True,216,
E01661,N02241,N02257,1.388,0.83,100.0,1600,Expressway / Highway,True,216,Anthony Henday Drive
E01662,N00437,N00439,0.365,0.22,100.0,1600,Expressway / Highway,True,16A,Trans-Canada Highway
E01663,N00438,N00439,0.436,0.44,60.0,1500,Ramp,True,16A,Trans-Canada Highway
E01664,N03418,N03424,0.504,0.34,90.0,1400,Arterial,True,21,21 Highway
E01665,N03713,N03715,0.583,0.39,90.0,1400,Arterial,True,28,8 Avenue
E01666,N02243,N02251,0.014,0.01,60.0,1500,Ramp,True,216,
E01667,N03604,N03605,1.624,1.08,90.0,1400,Arterial,True,45,45 Highway
E01668,N03604,N01040,28.565,19.04,90.0,1400,Arterial,True,893,893 Highway
E01669,N02244,N02245,0.212,0.21,60.0,1500,Ramp,True,216,
E01670,N02245,N02256,0.906,0.91,60.0,1500,Ramp,True,216,
E01671,N02245,N02251,0.077,0.08,60.0,1500,Ramp,True,216,
E01672,N02692,N02711,53.098,31.86,100.0,1600,Expressway / Highway,True,43,43 Highway
E01673,N02692,N02693,0.048,0.03,90.0,1400,Arterial,True,736,736 Highway
E01674,N02692,N02700,14.61,8.77,100.0,1600,Expressway / Highway,True,43,43 Highway
E01675,N03163,N03176,19.566,13.04,90.0,1400,Arterial,True,685,685 Highway
E01676,N03163,N03164,13.506,11.28,71.9,600,Arterial,True,735,735 Highway
E01677,N03163,N03166,11.09,7.39,90.0,1400,Arterial,True,685,685 Highway
E01678,N02693,N02716,52.203,31.32,100.0,1600,Expressway / Highway,True,43,43 Highway
E01679,N02693,N02694,0.04,0.03,90.0,1400,Arterial,True,736,736 Highway
E01680,N02693,N02695,0.052,0.03,100.0,1600,Expressway / Highway,True,43,43 Highway
E01681,N01874,N01875,0.075,0.08,60.0,1500,Ramp,True,16,Trans-Canada Highway
E01682,N01874,N01875,0.056,0.06,60.0,1500,Ramp,True,16,Trans-Canada Highway
E01683,N02246,N02248,0.022,0.02,60.0,1500,Ramp,True,216,
E01684,N02694,N02695,0.068,0.07,60.0,1500,Ramp,True,43,
E01685,N02694,N02698,69.386,52.31,79.6,600,Arterial,True,676;736,736 Highway
E01686,N03419,N03425,0.536,0.36,90.0,1400,Arterial,True,21,21 Highway
E01687,N03714,N03715,0.175,0.12,90.0,1400,Arterial,True,28,8 Avenue
E01688,N02533,N02531,0.048,0.05,60.0,1500,Ramp,True,,128 Avenue
E01689,N02533,N02532,0.018,0.01,90.0,1400,Arterial,True,,97 Street
E01690,N02533,N02534,0.016,0.01,90.0,1400,Arterial,True,,97 Street
E01691,N01660,N01657,1.526,1.23,74.4,600,Collector,True,2,3 Avenue
E01692,N02247,N02050,2.289,1.37,100.0,1600,Expressway / Highway,True,,Anthony Henday Drive
E01693,N02247,N02253,0.965,0.97,60.0,1500,Ramp,True,216,
E01694,N02247,N02256,1.278,0.77,100.0,1600,Expressway / Highway,True,216,Anthony Henday Drive
E01695,N02248,N02249,0.055,0.06,60.0,1500,Ramp,True,216,
E01696,N02248,N02255,0.017,0.02,60.0,1500,Ramp,True,216,
E01697,N02249,N02252,0.082,0.08,60.0,1500,Ramp,True,216,
E01698,N03201,N03202,0.11,0.11,60.0,1500,Ramp,True,986,
E01699,N02250,N02251,0.018,0.02,60.0,1500,Ramp,True,216,
E01700,N02251,N02253,0.064,0.06,60.0,1500,Ramp,True,216,
E01701,N02695,N02703,24.84,14.9,100.0,1600,Expressway / Highway,True,43,43 Highway
E01702,N03164,N03167,13.76,9.17,90.0,1400,Arterial,True,2,2 Highway
E01703,N03164,N03174,21.77,14.51,90.0,1400,Arterial,True,2,2 Highway
E01704,N02253,N02254,0.09,0.09,60.0,1500,Ramp,True,216,
E01705,N03425,N03429,0.081,0.05,90.0,1400,Arterial,True,21,21 Highway
E01706,N02257,N02043,1.745,1.05,100.0,1600,Expressway / Highway,True,,Anthony Henday Drive
E01707,N03202,N03200,0.147,0.1,90.0,1400,Arterial,True,986,986 Highway
E01708,N00440,N00441,0.288,0.29,60.0,1500,Ramp,True,,Century Road
E01709,N03424,N03426,0.093,0.06,90.0,1400,Arterial,True,21,21 Highway
E01710,N03424,N03421,0.047,0.05,60.0,1500,Ramp,True,21,
E01711,N03426,N03427,0.023,0.02,90.0,1400,Arterial,True,21,21 Highway
E01712,N03426,N03422,0.053,0.05,60.0,1500,Ramp,True,21,
E01713,N03427,N03420,0.081,0.08,60.0,1500,Ramp,True,21,21 Highway
E01714,N03427,N03435,0.426,0.28,90.0,1400,Arterial,True,21,21 Highway
E01715,N02534,N02532,0.034,0.02,90.0,1400,Arterial,True,,97 Street
E01716,N02258,N02274,1.435,0.86,100.0,1600,Expressway / Highway,True,216,Anthony Henday Drive
E01717,N00442,N00445,0.07,0.04,100.0,1600,Expressway / Highway,True,16A,Trans-Canada Highway
E01718,N00442,N00138,0.084,0.08,60.0,1500,Ramp,True,,
E01719,N00789,N00216,0.264,0.18,90.0,1400,Arterial,True,39,39 Highway
E01720,N00789,N00217,0.257,0.17,90.0,1400,Arterial,True,39,39 Highway
E01721,N00789,N00236,8.025,5.35,90.0,1400,Arterial,True,39,39 Highway
E01722,N00790,N00218,0.192,0.12,100.0,1600,Expressway / Highway,True,60,60 Highway
E01723,N00790,N00217,0.205,0.12,100.0,1600,Expressway / Highway,True,60,60 Highway
E01724,N00790,N00219,6.597,3.96,100.0,1600,Expressway / Highway,True,60,60 Highway
E01725,N00445,N00443,0.051,0.03,100.0,1600,Expressway / Highway,True,16A,Trans-Canada Highway
E01726,N00445,N00138,0.031,0.03,60.0,1500,Ramp,True,16A,Trans-Canada Highway
E01727,N00444,N00559,0.187,0.11,100.0,1600,Expressway / Highway,True,16A,Trans-Canada Highway
E01728,N00444,N00559,0.205,0.2,60.0,1500,Ramp,True,,
E01729,N00443,N00139,0.054,0.03,100.0,1600,Expressway / Highway,True,16A,Trans-Canada Highway
E01730,N00443,N00138,0.067,0.07,60.0,1500,Ramp,True,,
E01731,N02859,N02861,4.51,3.51,77.1,600,Collector,True,,Range Road 123A
E01732,N01875,N01876,0.091,0.09,60.0,1500,Ramp,True,16,Trans-Canada Highway
E01733,N00174,N00266,8.168,5.45,90.0,1400,Arterial,True,39,39 Highway
E01734,N01877,N01879,0.043,0.04,60.0,1500,Ramp,True,16,Trans-Canada Highway
E01735,N01877,N01883,0.062,0.06,60.0,1500,Ramp,True,16,Trans-Canada Highway
E01736,N01876,N01878,0.008,0.01,60.0,1500,Ramp,True,16,Trans-Canada Highway
E01737,N01876,N01885,0.046,0.05,60.0,1500,Ramp,True,16,Trans-Canada Highway
E01738,N01878,N01879,0.039,0.04,60.0,1500,Ramp,True,16,Trans-Canada Highway
E01739,N01879,N01885,0.051,0.05,60.0,1500,Ramp,True,16,Trans-Canada Highway
E01740,N01880,N01887,0.047,0.05,60.0,1500,Ramp,True,16,Trans-Canada Highway
E01741,N01880,N01894,0.376,0.23,100.0,1600,Expressway / Highway,True,16,Trans-Canada Highway
E01742,N01881,N01884,0.069,0.07,60.0,1500,Ramp,True,16,Trans-Canada Highway
E01743,N01882,N01888,0.07,0.07,60.0,1500,Ramp,True,16,Trans-Canada Highway
E01744,N03971,N01777,0.493,0.49,60.0,1500,Ramp,True,2,
E01745,N02259,N02232,0.687,0.69,60.0,1500,Ramp,True,14,
E01746,N02259,N02260,0.135,0.14,60.0,1500,Ramp,True,14,
E01747,N02259,N02261,0.226,0.23,60.0,1500,Ramp,True,14,
E01748,N02260,N02261,0.162,0.11,90.0,1400,Arterial,True,21,21 Highway
E01749,N01884,N01885,0.024,0.02,60.0,1500,Ramp,True,16,Trans-Canada Highway
E01750,N01884,N01889,0.039,0.04,60.0,1500,Ramp,True,16,Trans-Canada Highway
E01751,N01884,N01888,0.026,0.03,60.0,1500,Ramp,True,16,Trans-Canada Highway
E01752,N01886,N01889,0.079,0.08,60.0,1500,Ramp,True,16,Trans-Canada Highway
E01753,N01887,N01683,4.928,3.96,74.6,600,Collector,True,,82 Street
E01754,N01887,N01890,0.068,0.07,60.0,1500,Ramp,True,16,Trans-Canada Highway
E01755,N02262,N02266,0.285,0.28,60.0,1500,Ramp,True,,
E01756,N02262,N02267,0.791,0.53,90.0,1400,Arterial,True,21,21 Highway
E01757,N02262,N02271,0.074,0.05,90.0,1400,Arterial,True,21,21 Highway
E01758,N01888,N01891,0.088,0.09,60.0,1500,Ramp,True,16,Trans-Canada Highway
E01759,N01889,N01890,0.028,0.03,60.0,1500,Ramp,True,16,Trans-Canada Highway
E01760,N01890,N01894,0.316,0.32,60.0,1500,Ramp,True,16,Trans-Canada Highway
E01761,N01891,N01893,0.046,0.05,60.0,1500,Ramp,True,16,Trans-Canada Highway
E01762,N01891,N01893,0.072,0.07,60.0,1500,Ramp,True,16,Trans-Canada Highway
E01763,N02263,N02268,0.218,0.22,60.0,1500,Ramp,True,,
E01764,N02263,N02270,0.04,0.03,90.0,1400,Arterial,True,628,628 Highway
E01765,N02263,N03271,0.722,0.48,90.0,1400,Arterial,True,628,628 Highway
E01766,N01458,N01564,0.563,0.34,100.0,1600,Expressway / Highway,True,2,Whitemud Drive
E01767,N01458,N01598,1.192,0.89,80.0,1000,Collector,True,2,Terwillegar Drive
E01768,N01458,N01547,0.294,0.18,100.0,1600,Expressway / Highway,True,2,Whitemud Drive
E01769,N02264,N02265,0.22,0.22,60.0,1500,Ramp,True,,
E01770,N02264,N03289,2.119,1.41,90.0,1400,Arterial,True,21,21 Highway
E01771,N02264,N03285,0.074,0.05,90.0,1400,Arterial,True,21,21 Highway
E01772,N02265,N02269,0.096,0.06,90.0,1400,Arterial,True,628,628 Highway
E01773,N02265,N03271,0.72,0.48,90.0,1400,Arterial,True,628,628 Highway
E01774,N02267,N02268,0.798,0.53,90.0,1400,Arterial,True,21,21 Highway
E01775,N03429,N03423,0.044,0.04,60.0,1500,Ramp,True,21,
E01776,N03429,N03428,0.563,0.38,90.0,1400,Arterial,True,21,21 Highway
E01777,N01459,N01557,0.236,0.24,60.0,1500,Ramp,True,2,
E01778,N01459,N01562,0.115,0.11,60.0,1500,Ramp,True,2,
E01779,N01459,N01461,0.411,0.41,60.0,1500,Ramp,True,2,
E01780,N01460,N01564,0.317,0.32,60.0,1500,Ramp,True,2,
E01781,N01460,N01560,0.191,0.19,60.0,1500,Ramp,True,2,
E01782,N01460,N01561,0.14,0.14,60.0,1500,Ramp,True,2,
E01783,N01461,N01546,0.627,0.38,100.0,1600,Expressway / Highway,True,2,Whitemud Drive
E01784,N01461,N01566,0.537,0.32,100.0,1600,Expressway / Highway,True,2,Whitemud Drive
E01785,N02268,N03274,0.152,0.1,90.0,1400,Arterial,True,21,21 Highway
E01786,N02270,N03274,0.057,0.04,90.0,1400,Arterial,True,628,628 Highway
E01787,N02270,N03273,0.061,0.06,60.0,1500,Ramp,True,21,
E01788,N02269,N03285,0.077,0.05,90.0,1400,Arterial,True,21,21 Highway
E01789,N02269,N03273,0.008,0.01,90.0,1400,Arterial,True,21,21 Highway
E01790,N02269,N03277,0.006,0.0,90.0,1400,Arterial,True,628,628 Highway
E01791,N02271,N02273,0.077,0.05,90.0,1400,Arterial,True,21,21 Highway
E01792,N02271,N03278,0.081,0.08,60.0,1500,Ramp,True,21,
E01793,N02273,N03282,0.007,0.0,90.0,1400,Arterial,True,628,628 Highway
E01794,N02273,N03281,0.006,0.0,90.0,1400,Arterial,True,21,21 Highway
E01795,N02272,N03286,0.151,0.1,90.0,1400,Arterial,True,21,21 Highway
E01796,N02272,N03283,0.007,0.0,90.0,1400,Arterial,True,628,628 Highway
E01797,N02272,N03284,0.007,0.0,90.0,1400,Arterial,True,21,21 Highway
E01798,N03606,N03605,13.583,9.06,90.0,1400,Arterial,True,45,45 Highway
E01799,N03606,N03248,7.385,4.92,90.0,1400,Arterial,True,45,45 Highway
E01800,N03606,N03674,14.915,9.94,90.0,1400,Arterial,True,897,897 Highway
E01801,N02274,N03227,0.365,0.37,60.0,1500,Ramp,True,216,
E01802,N02274,N03228,1.504,0.9,100.0,1600,Expressway / Highway,True,216,Anthony Henday Drive
E01803,N03716,N03717,0.126,0.13,60.0,1500,Ramp,True,28,
E01804,N03716,N03718,0.58,0.39,90.0,1400,Arterial,True,28,51 Street
E01805,N03051,N03052,0.361,0.24,90.0,1400,Arterial,True,986,986 Highway
E01806,N03051,N03053,0.633,0.42,90.0,1400,Arterial,True,986,986 Highway
E01807,N02860,N02858,0.387,0.37,62.3,600,Collector,False,,Range Road 133
E01808,N03052,N03056,0.321,0.32,60.0,1500,Ramp,True,986,
E01809,N03052,N03054,0.298,0.2,90.0,1400,Arterial,True,986,986 Highway
E01810,N03053,N03054,0.049,0.03,90.0,1400,Arterial,True,688,688 Highway
E01811,N03054,N03055,0.141,0.09,90.0,1400,Arterial,True,688,688 Highway
E01812,N03054,N03057,0.233,0.16,90.0,1400,Arterial,True,986,986 Highway
E01813,N03055,N03056,0.14,0.09,90.0,1400,Arterial,True,688,688 Highway
E01814,N03055,N03057,0.314,0.31,60.0,1500,Ramp,True,986,
E01815,N03718,N03722,0.088,0.09,60.0,1500,Ramp,True,55,
E01816,N03718,N03721,0.06,0.04,90.0,1400,Arterial,True,28,51 Street
E01817,N03722,N03721,0.052,0.03,90.0,1400,Arterial,True,55,16 Avenue
E01818,N03719,N03720,0.133,0.09,90.0,1400,Arterial,True,28,51 Street
E01819,N03719,N03724,0.135,0.14,60.0,1500,Ramp,True,55,
E01820,N03720,N03715,1.87,1.25,90.0,1400,Arterial,True,28,8 Avenue
E01821,N03720,N03723,0.006,0.0,90.0,1400,Arterial,True,55,16 Avenue
E01822,N03724,N03723,0.006,0.0,90.0,1400,Arterial,True,55,16 Avenue
E01823,N03724,N03721,0.007,0.0,90.0,1400,Arterial,True,55,16 Avenue
E01824,N01462,N01538,0.515,0.49,63.7,1000,Ramp,True,2,149 Street
E01825,N01462,N01463,0.662,0.4,100.0,1600,Expressway / Highway,True,2,Whitemud Drive
E01826,N01462,N01571,0.939,0.56,100.0,1600,Expressway / Highway,True,2,Whitemud Drive
E01827,N03955,N00121,0.666,0.8,50.0,600,Local / Street,True,,45 Avenue
E01828,N03165,N03068,23.068,15.5,89.3,600,Arterial,True,689,689 Highway
E01829,N02275,N02277,0.034,0.03,60.0,1500,Ramp,True,630,
E01830,N02275,N02279,0.057,0.04,90.0,1400,Arterial,True,630,Wye Road
E01831,N02275,N02309,0.511,0.31,100.0,1600,Expressway / Highway,True,,Sherwood Park Freeway
E01832,N02276,N02278,0.067,0.04,90.0,1400,Arterial,True,630,Wye Road
E01833,N02276,N02278,0.099,0.1,60.0,1500,Ramp,True,630,
E01834,N02276,N02308,0.281,0.17,100.0,1600,Expressway / Highway,True,,Sherwood Park Freeway
E01835,N02278,N02281,0.167,0.11,90.0,1400,Arterial,True,630,Wye Road
E01836,N02279,N02358,0.319,0.21,90.0,1400,Arterial,True,630,Wye Road
E01837,N02279,N02283,0.049,0.05,60.0,1500,Ramp,True,630,
E01838,N02280,N02281,0.027,0.03,60.0,1500,Ramp,True,630,
E01839,N02280,N03974,0.026,0.04,40.0,600,Local / Strata,True,630,
E01840,N02280,N02282,0.029,0.03,60.0,1500,Ramp,True,630,
E01841,N02280,N02284,0.128,0.13,60.0,1500,Ramp,True,,
E01842,N02281,N02282,0.023,0.02,90.0,1400,Arterial,True,630,Wye Road
E01843,N02282,N02367,0.098,0.07,90.0,3000,Arterial,True,630,Wye Road
E01844,N02284,N02366,0.018,0.02,60.0,1500,Ramp,True,,
E01845,N02284,N02367,0.015,0.01,60.0,1500,Ramp,True,630,
E01846,N02284,N02357,0.018,0.02,60.0,1500,Ramp,True,630,
E01847,N00791,N00211,0.787,0.52,90.0,1400,Arterial,True,19,Devonian Trail
E01848,N00791,N00213,0.14,0.09,90.0,1400,Arterial,True,,Michigan Street South
E01849,N00791,N00252,1.755,1.17,90.0,1400,Arterial,True,19,Devonian Trail
E01850,N03430,N03431,0.055,0.04,90.0,1400,Arterial,True,21,21 Highway
E01851,N03430,N03433,0.077,0.08,60.0,1500,Ramp,True,21,21 Highway
E01852,N03430,N03440,0.106,0.07,90.0,1400,Arterial,True,21,21 Highway
E01853,N02285,N02364,0.061,0.06,60.0,1500,Ramp,True,630,
E01854,N02286,N02287,0.014,0.01,60.0,1500,Ramp,True,,
E01855,N02286,N02290,0.005,0.0,90.0,1400,Arterial,True,630,Wye Road
E01856,N02286,N02363,0.152,0.1,90.0,1400,Arterial,True,630,Wye Road
E01857,N02287,N02364,0.05,0.03,90.0,3000,Arterial,True,630,Wye Road
E01858,N02287,N02291,0.006,0.0,90.0,3000,Arterial,True,630,Wye Road
E01859,N02288,N02290,0.102,0.1,60.0,1500,Ramp,True,,
E01860,N02289,N02350,0.032,0.03,60.0,1500,Ramp,True,,
E01861,N02290,N02291,0.014,0.01,60.0,1500,Ramp,True,,
E01862,N02290,N02347,0.057,0.04,90.0,1400,Arterial,True,630,Wye Road
E01863,N02291,N02355,0.038,0.03,90.0,1400,Arterial,True,630,Wye Road
E01864,N02292,N02328,0.489,0.33,90.0,1400,Arterial,True,630,Wye Road
E01865,N02292,N02339,0.072,0.07,60.0,1500,Ramp,True,,
E01866,N02292,N02344,0.082,0.08,60.0,1500,Ramp,True,,
E01867,N02292,N02345,0.067,0.04,90.0,1400,Arterial,True,630,Wye Road
E01868,N02293,N02294,0.131,0.09,90.0,3000,Arterial,True,630,Wye Road
E01869,N02293,N02301,0.033,0.03,60.0,1500,Ramp,True,,
E01870,N02293,N02302,0.085,0.06,90.0,3000,Arterial,True,630,Wye Road
E01871,N03431,N03428,0.072,0.05,90.0,1400,Arterial,True,21,21 Highway
E01872,N03431,N03440,0.178,0.18,60.0,1500,Ramp,True,21,
E01873,N01463,N01466,0.438,0.26,100.0,3600,Expressway / Highway,True,2,Whitemud Drive
E01874,N01463,N01464,1.014,0.97,62.4,1000,Ramp,True,2,149 Street
E01875,N02294,N02330,0.131,0.09,90.0,1400,Arterial,True,630,Wye Road
E01876,N02294,N02326,0.065,0.06,60.0,1500,Ramp,True,,Wye Road
E01877,N02294,N02299,0.034,0.03,60.0,1500,Ramp,True,,
E01878,N02295,N02328,0.133,0.13,60.0,1500,Ramp,True,,Wye Road
E01879,N03435,N03432,0.514,0.51,60.0,1500,Ramp,True,21,
E01880,N03435,N03434,0.239,0.16,90.0,1400,Arterial,True,21,21 Highway
E01881,N02605,N02606,0.403,0.4,61.0,600,Collector,False,,
E01882,N03434,N03428,0.136,0.14,60.0,1500,Ramp,True,21,
E01883,N03434,N03433,0.066,0.04,90.0,1400,Arterial,True,21,21 Highway
E01884,N03432,N03433,0.089,0.06,90.0,1400,Arterial,True,21,21 Highway
E01885,N03432,N03457,1.496,1.0,90.0,1400,Arterial,True,21,21 Highway
E01886,N03725,N03998,12.749,8.5,90.0,1400,Arterial,True,55,55 Highway
E01887,N02296,N02298,0.149,0.15,60.0,1500,Ramp,True,,
E01888,N02296,N02342,0.048,0.05,60.0,1500,Ramp,True,,
E01889,N02296,N02303,0.025,0.02,60.0,1500,Ramp,True,,
E01890,N02606,N03059,17.067,11.38,90.0,1400,Arterial,True,986,986 Highway
E01891,N02297,N02298,0.03,0.03,60.0,1500,Ramp,True,,
E01892,N02297,N02301,0.033,0.03,60.0,1500,Ramp,True,,
E01893,N02297,N02300,0.007,0.01,60.0,1500,Ramp,True,,
E01894,N02298,N02301,0.032,0.03,60.0,1500,Ramp,True,,
E01895,N02298,N02302,0.026,0.03,60.0,1500,Ramp,True,,
E01896,N02299,N02301,0.193,0.19,60.0,1500,Ramp,True,,
E01897,N02299,N03237,0.032,0.03,60.0,1500,Ramp,True,,
E01898,N02302,N02303,0.104,0.07,90.0,3000,Arterial,True,630,Wye Road
E01899,N01892,N01893,0.142,0.14,60.0,1500,Ramp,True,16,Trans-Canada Highway
E01900,N01892,N01895,0.333,0.2,100.0,3600,Expressway / Highway,True,16,Trans-Canada Highway
E01901,N02303,N02343,0.049,0.03,90.0,3000,Arterial,True,630,Wye Road
E01902,N02304,N03231,0.288,0.29,60.0,1500,Ramp,True,216,
E01903,N02304,N03211,0.572,0.57,60.0,1500,Ramp,True,216,
E01904,N02304,N02305,0.457,0.46,60.0,1500,Ramp,True,216,
E01905,N02305,N03233,1.571,0.94,100.0,1600,Expressway / Highway,True,216,Anthony Henday Drive
E01906,N02305,N02375,1.699,1.02,100.0,1600,Expressway / Highway,True,216,Anthony Henday Drive
E01907,N00446,N00272,12.894,8.6,90.0,1400,Arterial,True,37,37 Highway
E01908,N00446,N00483,12.361,8.24,90.0,1400,Arterial,True,37,37 Highway
E01909,N02306,N03234,1.422,0.85,100.0,1600,Expressway / Highway,True,216,Anthony Henday Drive
E01910,N02306,N02307,0.396,0.4,60.0,1500,Ramp,True,216,
E01911,N02306,N02376,1.706,1.02,100.0,1600,Expressway / Highway,True,216,Anthony Henday Drive
E01912,N02307,N03212,0.848,0.85,60.0,1500,Ramp,True,216,
E01913,N02307,N02308,0.56,0.56,60.0,1500,Ramp,True,,
E01914,N01894,N01896,0.344,0.21,100.0,3600,Expressway / Highway,True,16,Trans-Canada Highway
E01915,N03166,N03184,20.554,13.7,90.0,1400,Arterial,True,685,685 Highway
E01916,N03166,N03061,23.828,15.89,90.0,1400,Arterial,True,737,737 Highway
E01917,N03166,N03167,10.852,8.83,73.8,600,Arterial,True,737,737 Highway
E01918,N02308,N02310,0.496,0.3,100.0,1600,Expressway / Highway,True,,Sherwood Park Freeway
E01919,N01895,N01897,0.26,0.26,60.0,1500,Ramp,True,16,Trans-Canada Highway
E01920,N01895,N01910,0.627,0.38,100.0,1600,Expressway / Highway,True,16,Trans-Canada Highway
E01921,N01896,N01898,0.222,0.22,60.0,1500,Ramp,True,16,Trans-Canada Highway
E01922,N01896,N01919,0.616,0.37,100.0,1600,Expressway / Highway,True,16,Trans-Canada Highway
E01923,N01464,N01465,1.139,0.68,100.0,1600,Expressway / Highway,True,2,Whitemud Drive
E01924,N01464,N01563,1.033,0.62,100.0,1600,Expressway / Highway,True,2,Whitemud Drive
E01925,N02309,N03235,0.544,0.54,60.0,1500,Ramp,True,,23349 Wye Road
E01926,N02309,N03214,0.513,0.31,100.0,1600,Expressway / Highway,True,,Sherwood Park Freeway
E01927,N03058,N03059,1.799,1.82,59.2,600,Collector,False,,Spruce Road
E01928,N01897,N01900,0.046,0.05,60.0,1500,Ramp,True,16,Trans-Canada Highway
E01929,N01897,N01900,0.076,0.08,60.0,1500,Ramp,True,16,Trans-Canada Highway
E01930,N02310,N03235,0.91,0.91,60.0,1500,Ramp,True,,23349 Wye Road
E01931,N02310,N03213,0.263,0.16,100.0,1600,Expressway / Highway,True,,Sherwood Park Freeway
E01932,N01898,N01908,0.096,0.1,60.0,1500,Ramp,True,16,Trans-Canada Highway
E01933,N01898,N01901,0.053,0.05,60.0,1500,Ramp,True,16,Trans-Canada Highway
E01934,N01899,N01909,0.099,0.1,60.0,1500,Ramp,True,16,Trans-Canada Highway
E01935,N02311,N02313,0.075,0.07,60.0,1500,Ramp,True,,
E01936,N02313,N02317,0.222,0.22,60.0,1500,Ramp,True,,
E01937,N02313,N02314,0.069,0.07,60.0,1500,Ramp,True,,
E01938,N01900,N01902,0.025,0.03,60.0,1500,Ramp,True,16,Trans-Canada Highway
E01939,N01901,N01904,0.039,0.04,60.0,1500,Ramp,True,16,Trans-Canada Highway
E01940,N01901,N01914,0.057,0.06,60.0,1500,Ramp,True,16,Trans-Canada Highway
E01941,N01902,N01904,0.015,0.02,60.0,1500,Ramp,True,16,Trans-Canada Highway
E01942,N01902,N01907,0.082,0.08,60.0,1500,Ramp,True,16,Trans-Canada Highway
E01943,N02312,N02334,0.153,0.15,60.0,1500,Ramp,True,,
E01944,N02312,N02315,0.091,0.06,90.0,1400,Arterial,True,,Wye Road
E01945,N02312,N02328,0.577,0.38,90.0,1400,Arterial,True,,Wye Road
E01946,N01903,N01912,0.057,0.06,60.0,1500,Ramp,True,16,Trans-Canada Highway
E01947,N01904,N01905,0.061,0.06,60.0,1500,Ramp,True,16,Trans-Canada Highway
E01948,N01906,N01911,0.06,0.06,60.0,1500,Ramp,True,16,Trans-Canada Highway
E01949,N02317,N02316,0.039,0.04,60.0,1500,Ramp,True,,
E01950,N02316,N02314,0.12,0.08,90.0,3000,Arterial,True,,Wye Road
E01951,N02316,N02319,0.05,0.03,90.0,1400,Arterial,True,,Wye Road
E01952,N02318,N02315,0.051,0.03,90.0,1400,Arterial,True,630,Wye Road
E01953,N02318,N02321,0.007,0.01,60.0,1500,Ramp,True,,
E01954,N02318,N02324,0.007,0.0,90.0,1400,Arterial,True,630,Wye Road
E01955,N02319,N02320,0.006,0.01,60.0,1500,Ramp,True,,
E01956,N02319,N02322,0.006,0.0,90.0,1400,Arterial,True,,Wye Road
E01957,N02324,N02315,0.152,0.15,60.0,1500,Ramp,True,630,
E01958,N02324,N02325,0.004,0.0,60.0,1500,Ramp,True,,
E01959,N02321,N02314,0.174,0.17,60.0,1500,Ramp,True,,
E01960,N02321,N02320,0.005,0.0,60.0,1500,Ramp,True,,
E01961,N02321,N02325,0.005,0.0,60.0,1500,Ramp,True,,
E01962,N00043,N00044,0.509,0.51,60.0,1500,Ramp,True,16,Trans-Canada Highway
E01963,N02322,N03239,0.286,0.29,60.0,1500,Ramp,True,,
E01964,N02322,N02320,0.002,0.0,60.0,1500,Ramp,True,,
E01965,N02325,N02323,0.006,0.01,60.0,1500,Ramp,True,,
E01966,N02323,N02320,0.004,0.0,60.0,1500,Ramp,True,,
E01967,N02330,N02331,0.196,0.13,90.0,1400,Arterial,True,,Wye Road
E01968,N02330,N02329,0.05,0.05,60.0,1500,Ramp,True,,
E01969,N02329,N02336,0.281,0.28,60.0,1500,Ramp,True,,
E01970,N02329,N02327,0.027,0.03,60.0,1500,Ramp,True,,
E01971,N02331,N02336,0.039,0.04,60.0,1500,Ramp,True,,
E01972,N02331,N02332,0.112,0.07,90.0,1400,Arterial,True,,Wye Road
E01973,N02332,N02333,0.091,0.06,90.0,1400,Arterial,True,,Wye Road
E01974,N02332,N02337,0.036,0.04,60.0,1500,Ramp,True,,
E01975,N01040,N01041,0.022,0.02,77.4,600,Arterial,False,893,893 Highway
E01976,N01040,N01042,15.729,9.44,100.0,1600,Expressway / Highway,True,16,Trans-Canada Highway
E01977,N02336,N02337,0.042,0.04,60.0,1500,Ramp,True,,
E01978,N02336,N02337,0.083,0.08,60.0,1500,Ramp,True,,
E01979,N01041,N01045,15.742,9.45,100.0,1600,Expressway / Highway,True,16,Trans-Canada Highway
E01980,N02333,N02334,0.082,0.05,90.0,1400,Arterial,True,,Wye Road
E01981,N02333,N02335,0.05,0.05,60.0,1500,Ramp,True,,
E01982,N02334,N02314,0.124,0.08,90.0,1400,Arterial,True,,Wye Road
E01983,N00044,N00074,11.145,6.69,100.0,1600,Expressway / Highway,True,16,Trans-Canada Highway
E01984,N00044,N00112,3.235,1.94,100.0,1600,Expressway / Highway,True,16,Trans-Canada Highway
E01985,N02335,N03238,0.049,0.05,60.0,1500,Ramp,True,,
E01986,N02335,N02337,0.172,0.17,60.0,1500,Ramp,True,,
E01987,N02338,N02339,0.009,0.01,60.0,1500,Ramp,True,,
E01988,N02338,N02343,0.01,0.01,90.0,1400,Arterial,True,630,Wye Road
E01989,N02338,N02348,0.094,0.06,90.0,1400,Arterial,True,630,Wye Road
E01990,N02863,N02861,5.741,3.83,90.0,1400,Arterial,True,750,750 Highway
E01991,N02863,N02862,0.089,0.09,60.0,1500,Ramp,True,750,
E01992,N02863,N02674,10.676,7.12,90.0,1400,Arterial,True,750,750 Highway
E01993,N02864,N02858,11.165,7.44,90.0,1400,Arterial,True,2,2 Highway
E01994,N02864,N03983,0.507,0.5,61.2,600,Collector,False,,Range Road 124
E01995,N02864,N02673,9.459,6.31,90.0,1400,Arterial,True,2,2 Highway
E01996,N02339,N02341,0.004,0.0,60.0,1500,Ramp,True,,
E01997,N02339,N02343,0.006,0.01,60.0,1500,Ramp,True,,
E01998,N02340,N02349,0.108,0.11,60.0,1500,Ramp,True,,
E01999,N02340,N02349,0.036,0.02,90.0,1400,Arterial,True,630,Wye Road
E02000,N02340,N02341,0.005,0.0,60.0,1500,Ramp,True,,
E02001,N02340,N02345,0.006,0.0,90.0,1400,Arterial,True,630,Wye Road
E02002,N02341,N02348,0.1,0.1,60.0,1500,Ramp,True,,
E02003,N02341,N02345,0.007,0.01,60.0,1500,Ramp,True,,
E02004,N03167,N03169,11.29,7.53,90.0,1400,Arterial,True,2,2 Highway
E02005,N02346,N02347,0.073,0.07,60.0,1500,Ramp,True,630,
E02006,N02347,N02349,0.248,0.17,90.0,1400,Arterial,True,630,Wye Road
E02007,N03436,N03443,0.052,0.05,60.0,1500,Ramp,True,15,
E02008,N03437,N03443,0.034,0.03,60.0,1500,Ramp,True,15,15 Highway
E02009,N02348,N02352,0.043,0.04,60.0,1500,Ramp,True,,
E02010,N02348,N02356,0.061,0.04,90.0,3000,Arterial,True,630,Wye Road
E02011,N03438,N03444,0.363,0.36,60.0,1500,Ramp,True,15,15 Highway
E02012,N03438,N03439,0.033,0.03,60.0,1500,Ramp,True,15,15 Highway
E02013,N03438,N03446,0.056,0.06,60.0,1500,Ramp,True,15,
E02014,N02350,N02355,0.024,0.02,60.0,1500,Ramp,True,630,
E02015,N02350,N02353,0.125,0.12,60.0,1500,Ramp,True,,
E02016,N02351,N02352,0.119,0.12,60.0,1500,Ramp,True,,
E02017,N02351,N02353,0.039,0.04,60.0,1500,Ramp,True,,
E02018,N02351,N02356,0.019,0.02,60.0,1500,Ramp,True,,
E02019,N02352,N03236,0.062,0.06,60.0,1500,Ramp,True,,
E02020,N02353,N02354,0.018,0.02,60.0,1500,Ramp,True,,
E02021,N02354,N02355,0.088,0.06,90.0,3000,Arterial,True,630,Wye Road
E02022,N02354,N02356,0.051,0.03,90.0,3000,Arterial,True,630,Wye Road
E02023,N02357,N03975,0.029,0.04,40.0,600,Local / Strata,True,630,
E02024,N02357,N02366,0.019,0.02,60.0,1500,Ramp,True,630,
E02025,N02358,N02359,0.014,0.02,50.0,600,Local / Street,True,630,
E02026,N02358,N02361,0.039,0.03,90.0,1400,Arterial,True,630,Wye Road
E02027,N02359,N02367,0.02,0.01,90.0,3000,Arterial,True,630,Wye Road
E02028,N02359,N02360,0.021,0.01,90.0,3000,Arterial,True,630,Wye Road
E02029,N02360,N02363,0.144,0.1,90.0,3000,Arterial,True,630,Wye Road
E02030,N02360,N02366,0.017,0.02,60.0,1500,Ramp,True,630,
E02031,N02361,N02362,0.075,0.07,60.0,1500,Ramp,True,630,Service Road
E02032,N02361,N02362,0.035,0.02,90.0,1400,Arterial,True,630,Wye Road
E02033,N02362,N02364,0.197,0.13,90.0,1400,Arterial,True,630,Wye Road
E02034,N02363,N02365,0.07,0.07,60.0,1500,Ramp,True,630,
E02035,N02365,N02378,0.549,0.46,70.9,600,Collector,True,,Sherwood Drive
E02036,N02365,N02366,0.226,0.23,60.0,1500,Ramp,True,,
E02037,N01909,N01919,0.239,0.24,60.0,1500,Ramp,True,16,Trans-Canada Highway
E02038,N01909,N01911,0.037,0.04,60.0,1500,Ramp,True,16,Trans-Canada Highway
E02039,N01910,N01913,0.202,0.2,60.0,1500,Ramp,True,16,Trans-Canada Highway
E02040,N01910,N01922,0.442,0.27,100.0,1600,Expressway / Highway,True,16,Trans-Canada Highway
E02041,N01911,N01912,0.041,0.04,60.0,1500,Ramp,True,16,Trans-Canada Highway
E02042,N03726,N03727,0.155,0.19,50.0,600,Local / Street,True,,8 Street
E02043,N03726,N03730,0.242,0.16,90.0,1400,Arterial,True,663,Taylor Road
E02044,N03726,N03729,0.723,0.48,90.0,1400,Arterial,True,663,Taylor Road
E02045,N01912,N01913,0.013,0.01,60.0,1500,Ramp,True,16,Trans-Canada Highway
E02046,N01913,N01915,0.067,0.07,60.0,1500,Ramp,True,16,Trans-Canada Highway
E02047,N03440,N03455,1.369,0.91,90.0,1400,Arterial,True,,21 Highway
E02048,N02948,N02949,3.028,2.02,90.0,1400,Arterial,True,739,50 Street
E02049,N02948,N02947,6.678,4.45,90.0,1400,Arterial,True,739,50 Street
E02050,N02948,N02951,0.38,0.46,50.0,600,Local / Street,False,,50 Avenue South
E02051,N01916,N01999,0.095,0.1,60.0,1500,Ramp,True,16,Trans-Canada Highway
E02052,N01917,N01918,0.072,0.07,60.0,1500,Ramp,True,16,Trans-Canada Highway
E02053,N01917,N01919,0.399,0.24,100.0,1600,Expressway / Highway,True,16,Trans-Canada Highway
E02054,N01917,N01999,0.115,0.07,100.0,1600,Expressway / Highway,True,16,Trans-Canada Highway
E02055,N02370,N02377,0.268,0.27,60.0,1500,Ramp,True,,
E02056,N01920,N01922,0.12,0.07,100.0,1600,Expressway / Highway,True,16,Trans-Canada Highway
E02057,N01920,N02000,0.087,0.09,60.0,1500,Ramp,True,16,Trans-Canada Highway
E02058,N01920,N01955,0.384,0.23,100.0,1600,Expressway / Highway,True,16,Trans-Canada Highway
E02059,N01921,N01922,0.087,0.09,60.0,1500,Ramp,True,16,Trans-Canada Highway
E02060,N02373,N02372,0.672,0.67,60.0,1500,Ramp,True,,
E02061,N02373,N02426,0.194,0.19,60.0,1500,Ramp,True,216,
E02062,N02373,N02428,0.488,0.49,60.0,1500,Ramp,True,216,
E02063,N02374,N02422,0.96,0.96,60.0,1500,Ramp,True,,
E02064,N02374,N02371,0.239,0.24,60.0,1500,Ramp,True,,
E02065,N02374,N02375,0.638,0.64,60.0,1500,Ramp,True,,
E02066,N02375,N02423,0.555,0.33,100.0,1600,Expressway / Highway,True,216,Anthony Henday Drive
E02067,N02377,N03210,0.885,0.53,100.0,1600,Expressway / Highway,True,,Sherwood Park Freeway
E02068,N02376,N02424,0.608,0.61,60.0,1500,Ramp,True,216,
E02069,N02376,N02422,0.717,0.43,100.0,1600,Expressway / Highway,True,216,Anthony Henday Drive
E02070,N03441,N03442,0.631,0.63,60.0,1500,Ramp,True,,95 Street
E02071,N03441,N03442,0.284,0.19,90.0,1400,Arterial,True,15,15 Highway
E02072,N03441,N03449,0.375,0.25,90.0,1400,Arterial,True,15,15 Highway
E02073,N03442,N03445,0.233,0.16,90.0,1400,Arterial,True,15,15 Highway
E02074,N03443,N03447,0.445,0.44,60.0,1500,Ramp,True,15,15 Highway
E02075,N03444,N03445,0.157,0.1,90.0,1400,Arterial,True,15,15 Highway
E02076,N03444,N03447,0.295,0.2,90.0,1400,Arterial,True,15,15 Highway
E02077,N00792,N03960,0.203,0.2,60.0,1500,Ramp,True,2,
E02078,N00792,N00799,0.65,0.39,100.0,1600,Expressway / Highway,True,2,2 Highway
E02079,N00793,N00799,0.315,0.31,60.0,1500,Ramp,True,2,
E02080,N00794,N00795,0.129,0.09,90.0,1400,Arterial,True,2A,2A Highway North
E02081,N00794,N00849,0.277,0.18,90.0,1400,Arterial,True,2A,2A Highway North
E02082,N00795,N00853,0.15,0.15,60.0,1500,Ramp,True,,
E02083,N00795,N00852,0.131,0.09,90.0,1400,Arterial,True,2A,2A Highway North
E02084,N00795,N00849,0.149,0.15,60.0,1500,Ramp,True,,
E02085,N03728,N01677,19.345,12.9,90.0,1400,Arterial,True,663,663 Highway
E02086,N03728,N03522,29.565,19.71,90.0,1400,Arterial,True,63,63 Highway
E02087,N03728,N03730,8.468,5.65,90.0,1400,Arterial,True,63,63 Highway
E02088,N03168,N03169,1.341,1.35,59.7,600,Local / Street,True,,55 Avenue
E02089,N03169,N03179,7.139,4.76,90.0,1400,Arterial,True,2,2 Highway
E02090,N00796,N00802,0.672,0.58,69.3,1400,Ramp,True,2;2A,
E02091,N00796,N00809,0.79,0.47,100.0,1600,Expressway / Highway,True,2,Queen Elizabeth II Highway
E02092,N00796,N00797,0.158,0.09,100.0,1600,Expressway / Highway,True,2,Queen Elizabeth II Highway
E02093,N00797,N00801,0.556,0.48,70.0,1400,Ramp,True,2;2A,
E02094,N00797,N00799,2.155,1.29,100.0,1600,Expressway / Highway,True,2,Queen Elizabeth II Highway
E02095,N00798,N00803,0.884,0.53,100.0,1600,Expressway / Highway,True,2,Queen Elizabeth II Highway
E02096,N00798,N00800,0.275,0.17,100.0,1600,Expressway / Highway,True,2,Queen Elizabeth II Highway
E02097,N00798,N00801,0.326,0.33,60.0,1500,Ramp,True,2,
E02098,N03729,N03523,29.075,19.38,90.0,1400,Arterial,True,831,Lakeview Road
E02099,N03729,N03762,26.777,17.85,90.0,1400,Arterial,True,663,Taylor Road
E02100,N03729,N01675,0.797,0.53,90.0,1400,Arterial,True,831,Lakeview Road
E02101,N03060,N03188,8.148,5.43,90.0,1400,Arterial,True,2,2 Highway
E02102,N03060,N03061,9.266,6.18,90.0,1400,Arterial,True,35,35 Highway
E02103,N03060,N03180,4.622,3.08,90.0,1400,Arterial,True,2,2 Highway
E02104,N02607,N02662,20.35,12.21,100.0,1600,Expressway / Highway,True,43,43 Highway
E02105,N02607,N02608,0.049,0.03,90.0,1400,Arterial,True,751,751 Highway
E02106,N02607,N02609,19.967,13.31,90.0,1400,Arterial,True,751,751 Highway
E02107,N02607,N02610,2.353,1.41,100.0,1600,Expressway / Highway,True,43,43 Highway
E02108,N02608,N02655,19.488,11.69,100.0,1600,Expressway / Highway,True,43,43 Highway
E02109,N02608,N02612,2.48,1.49,100.0,1600,Expressway / Highway,True,43,43 Highway
E02110,N00447,N00448,0.098,0.12,50.0,600,Local / Street,True,18,
E02111,N02867,N02869,0.504,0.3,100.0,1600,Expressway / Highway,True,2,2 Highway
E02112,N02868,N02870,0.268,0.16,100.0,1600,Expressway / Highway,True,2,2 Highway
E02113,N02868,N02873,0.301,0.3,60.0,1500,Ramp,True,2,
E02114,N02869,N02877,0.393,0.39,60.0,1500,Ramp,True,43,
E02115,N02869,N02871,0.039,0.02,100.0,1600,Expressway / Highway,True,2,2 Highway
E02116,N02870,N02873,0.077,0.08,60.0,1500,Ramp,True,2,
E02117,N02870,N02871,0.117,0.12,60.0,1500,Ramp,True,2,
E02118,N02870,N02872,0.24,0.14,100.0,1600,Expressway / Highway,True,2,2 Highway
E02119,N02871,N02885,0.347,0.21,97.1,1400,Expressway / Highway,True,2,2 Highway
E02120,N00448,N00284,13.472,8.98,90.0,1400,Arterial,True,18,100 Street
E02121,N00448,N00488,0.267,0.18,90.0,3000,Arterial,True,18,100 Street
E02122,N02873,N02878,0.585,0.58,60.0,1500,Ramp,True,2,43 Highway
E02123,N02872,N02874,0.375,0.37,60.0,1500,Ramp,True,43,
E02124,N02872,N02886,0.268,0.17,94.2,1400,Arterial,True,2,2 Highway
E02125,N02874,N02878,0.461,0.28,100.0,1600,Expressway / Highway,True,43,43 Highway
E02126,N02874,N02877,0.366,0.22,100.0,1600,Expressway / Highway,True,43,43 Highway
E02127,N03448,N03447,0.323,0.22,90.0,1400,Arterial,True,,15 Highway
E02128,N03448,N03456,0.151,0.1,90.0,1400,Arterial,True,,15 Highway
E02129,N03448,N03467,0.214,0.21,60.0,1500,Ramp,True,,
E02130,N03449,N03461,0.097,0.06,90.0,1400,Arterial,True,,15 Highway
E02131,N03449,N03450,0.14,0.14,60.0,1500,Ramp,True,15,
E02132,N03450,N03461,0.072,0.05,90.0,1400,Arterial,True,15,15 Highway
E02133,N03450,N03451,0.146,0.1,90.0,1400,Arterial,True,,15 Highway
E02134,N02875,N02880,0.543,0.33,100.0,1600,Expressway / Highway,True,43,43X Highway
E02135,N02875,N02876,0.463,0.28,100.0,1600,Expressway / Highway,True,43,43X Highway
E02136,N02875,N02885,0.461,0.46,60.0,1500,Ramp,True,43,
E02137,N02876,N02703,25.7,15.42,100.0,1600,Expressway / Highway,True,43,43 Highway
E02138,N02876,N02887,0.542,0.54,60.0,1500,Ramp,True,43,2 Highway North
E02139,N03451,N03473,0.217,0.22,60.0,1500,Ramp,True,,
E02140,N02609,N00071,42.226,28.15,90.0,1400,Arterial,True,647;751,647 Highway
E02141,N02609,N00116,17.781,11.85,90.0,1400,Arterial,True,647,647 Highway
E02142,N03452,N03453,0.129,0.09,90.0,1400,Arterial,True,15,15 Highway
E02143,N03452,N03464,0.068,0.07,60.0,1500,Ramp,True,15,
E02144,N03452,N03470,0.06,0.04,90.0,1400,Arterial,True,,15 Highway
E02145,N02877,N02825,13.183,7.91,100.0,1600,Expressway / Highway,True,43,43X Highway
E02146,N03453,N03475,0.102,0.1,60.0,1500,Ramp,True,15,
E02147,N03453,N03475,0.063,0.04,90.0,1400,Arterial,True,15,15 Highway
E02148,N03987,N03083,49.907,33.27,90.0,1400,Arterial,True,35,35 Highway
E02149,N03608,N03609,0.295,0.2,90.0,1400,Arterial,True,29,50 Avenue
E02150,N03454,N03542,1.936,1.29,90.0,1400,Arterial,True,15,15 Highway
E02151,N03454,N01927,15.224,10.15,90.0,1400,Arterial,True,834,834 Highway
E02152,N03454,N03525,9.474,6.32,90.0,1400,Arterial,True,15,15 Highway
E02153,N03609,N03610,1.513,1.01,90.0,3000,Arterial,True,29,50 Avenue
E02154,N02878,N02702,24.558,14.73,100.0,1600,Expressway / Highway,True,43,43 Highway
E02155,N01661,N03118,76.04,50.69,90.0,1400,Arterial,True,88,88 Highway
E02156,N01661,N01682,89.267,59.51,90.0,1400,Arterial,True,754,754 Highway
E02157,N02879,N02880,0.492,0.49,60.0,1500,Ramp,True,2,
E02158,N02879,N02881,0.198,0.2,60.0,1500,Ramp,True,2,
E02159,N02879,N02882,0.522,0.52,60.0,1500,Ramp,True,2,2 Highway South
E02160,N02880,N02829,12.24,7.34,100.0,1600,Expressway / Highway,True,43,43X Highway
E02161,N02881,N02885,0.111,0.07,90.0,1400,Arterial,True,2,2 Highway
E02162,N02881,N02886,0.066,0.07,60.0,1500,Ramp,True,2,Highway 2 North Turning Lane
E02163,N02881,N02882,0.441,0.29,90.0,1400,Arterial,True,2,2 Highway
E02164,N02882,N02883,0.913,0.61,90.0,1400,Arterial,True,2,2 Highway
E02165,N02883,N02884,0.398,0.4,60.0,1500,Ramp,True,,2 Highway
E02166,N02883,N02889,0.372,0.25,90.0,1400,Arterial,True,2,2 Highway
E02167,N03730,N01675,1.089,0.73,90.0,1400,Arterial,True,63,63 Highway
E02168,N02884,N02887,0.87,0.58,90.0,1400,Arterial,True,2,2 Highway
E02169,N02884,N02888,0.377,0.25,90.0,1400,Arterial,True,2,2 Highway
E02170,N02886,N02887,0.155,0.1,90.0,1400,Arterial,True,2,2 Highway
E02171,N00800,N00802,0.318,0.32,60.0,1500,Ramp,True,2,
E02172,N00801,N00836,1.406,0.94,90.0,1400,Arterial,True,2A,2A Highway North
E02173,N02888,N02889,0.394,0.39,60.0,1500,Ramp,True,,2 Highway
E02174,N00802,N00835,1.362,0.91,90.0,1400,Arterial,True,2A,2A Highway South
E02175,N03061,N03062,5.941,3.96,90.0,1400,Arterial,True,35,35 Highway
E02176,N03062,N03063,0.471,0.31,90.0,1400,Arterial,True,35,35 Highway
E02177,N03062,N03065,0.534,0.36,90.0,1400,Arterial,True,35,35 Highway
E02178,N01923,N01924,0.023,0.02,70.0,600,Arterial,False,830,830 Highway
E02179,N01923,N01925,1.336,0.8,100.0,1600,Expressway / Highway,True,16,Trans-Canada Highway
E02180,N01924,N03506,16.248,10.84,90.0,600,Arterial,True,830,830 Highway
E02181,N01924,N01927,27.818,16.69,100.0,1600,Expressway / Highway,True,16,Trans-Canada Highway
E02182,N03063,N03064,0.057,0.04,90.0,1400,Arterial,True,35,35 Highway
E02183,N03063,N03067,0.089,0.09,60.0,1500,Ramp,True,35,
E02184,N01925,N01926,0.65,0.39,100.0,1600,Expressway / Highway,True,16,Trans-Canada Highway
E02185,N01925,N01926,0.673,0.67,60.0,1500,Ramp,True,16,Trans-Canada Highway
E02186,N02889,N02891,7.832,5.22,90.0,1400,Arterial,True,2,2 Highway
E02187,N03455,N03458,0.183,0.12,90.0,1400,Arterial,True,,21 Highway
E02188,N03455,N03460,0.241,0.24,60.0,1500,Ramp,True,,
E02189,N03457,N03456,0.091,0.09,60.0,1500,Ramp,True,15,
E02190,N03457,N03459,0.06,0.04,90.0,1400,Arterial,True,,21 Highway
E02191,N03064,N03065,0.034,0.02,90.0,1400,Arterial,True,986,986 Highway
E02192,N03064,N03067,0.066,0.04,90.0,1400,Arterial,True,986,986 Highway
E02193,N03064,N03066,0.795,0.53,90.0,1400,Arterial,True,35,35 Highway
E02194,N03456,N03459,0.061,0.04,90.0,1400,Arterial,True,15,15 Highway
E02195,N03065,N03066,0.795,0.53,90.0,1400,Arterial,True,35,35 Highway
E02196,N03461,N03467,0.006,0.0,90.0,1400,Arterial,True,21,21 Highway
E02197,N03461,N03469,0.007,0.01,60.0,1500,Ramp,True,,
E02198,N03461,N03473,0.009,0.01,90.0,1400,Arterial,True,21,15 Highway
E02199,N03170,N02937,1.326,0.88,90.0,1400,Arterial,True,733,Main Street
E02200,N01042,N01048,0.024,0.01,100.0,1600,Expressway / Highway,True,16,Trans-Canada Highway
E02201,N01042,N01043,0.043,0.04,60.0,1500,Ramp,True,16,16 Highway
E02202,N01043,N01048,0.033,0.02,90.0,1400,Arterial,True,897,897 Highway
E02203,N01043,N01046,0.028,0.02,90.0,1400,Arterial,True,897,897 Highway
E02204,N01926,N01928,25.834,15.5,100.0,1600,Expressway / Highway,True,16,Trans-Canada Highway
E02205,N01044,N01048,0.135,0.08,100.0,1600,Expressway / Highway,True,16,Trans-Canada Highway
E02206,N01044,N01056,18.917,11.35,100.0,1600,Expressway / Highway,True,16,Trans-Canada Highway
E02207,N01044,N01046,0.156,0.16,60.0,1500,Ramp,True,16,16 Highway
E02208,N03066,N03068,18.688,12.46,90.0,1400,Arterial,True,35,35 Highway
E02209,N01045,N01047,19.081,12.72,90.0,1400,Arterial,True,897,897 Highway
E02210,N01045,N01049,18.733,11.24,100.0,1600,Expressway / Highway,True,16,Trans-Canada Highway
E02211,N01045,N01048,0.022,0.01,90.0,1400,Arterial,True,897,897 Highway
E02212,N03467,N03459,0.007,0.0,90.0,1400,Arterial,True,21,21 Highway
E02213,N03467,N03469,0.007,0.01,60.0,1500,Ramp,True,,
E02214,N03462,N03458,0.06,0.04,90.0,1400,Arterial,True,21,21 Highway
E02215,N03462,N03460,0.007,0.0,90.0,1400,Arterial,True,,15 Highway
E02216,N03462,N03463,0.004,0.0,90.0,1400,Arterial,True,,15 Highway
E02217,N03462,N03471,0.005,0.0,60.0,1500,Ramp,True,,
E02218,N00045,N00059,24.378,16.25,90.0,1400,Arterial,True,22,22 Highway
E02219,N03465,N03458,0.08,0.08,60.0,1500,Ramp,True,21,
E02220,N03470,N03473,0.008,0.01,90.0,1400,Arterial,True,21,15 Highway
E02221,N03470,N03463,0.007,0.0,90.0,1400,Arterial,True,,15 Highway
E02222,N03470,N03468,0.007,0.01,60.0,1500,Ramp,True,,
E02223,N03473,N03468,0.004,0.0,60.0,1500,Ramp,True,,
E02224,N03469,N03468,0.005,0.01,60.0,1500,Ramp,True,,
E02225,N03469,N03472,0.004,0.0,60.0,1500,Ramp,True,,
E02226,N03468,N03471,0.004,0.0,60.0,1500,Ramp,True,,
E02227,N03067,N03200,18.749,12.5,90.0,1400,Arterial,True,986,986 Highway
E02228,N03471,N03463,0.003,0.0,60.0,1500,Ramp,True,,
E02229,N03471,N03472,0.005,0.01,60.0,1500,Ramp,True,,
E02230,N03472,N03460,0.003,0.0,60.0,1500,Ramp,True,,
E02231,N03472,N03459,0.011,0.01,60.0,1500,Ramp,True,,
E02232,N00803,N00804,0.239,0.24,60.0,1500,Ramp,True,2,
E02233,N00803,N00826,0.912,0.55,100.0,1600,Expressway / Highway,True,2,Queen Elizabeth II Highway
E02234,N00804,N00816,0.859,0.68,76.0,1000,Collector,True,2,50 Avenue
E02235,N00804,N00805,0.096,0.1,60.0,1500,Ramp,True,2,
E02236,N00805,N00806,0.008,0.01,60.0,1500,Ramp,True,2,
E02237,N00805,N00823,0.089,0.06,90.0,1400,Arterial,True,39,50 Avenue
E02238,N00806,N00825,0.158,0.16,60.0,1500,Ramp,True,2,
E02239,N00806,N00822,0.23,0.15,90.0,1400,Arterial,True,39,50 Avenue
E02240,N00806,N00823,0.09,0.09,60.0,1500,Ramp,True,39,
E02241,N00807,N00825,0.175,0.17,60.0,1500,Ramp,True,2,
E02242,N02891,N02892,0.047,0.03,90.0,1400,Arterial,True,672,672 Highway
E02243,N02891,N02706,3.606,2.4,90.0,1400,Arterial,True,2,2 Highway
E02244,N03610,N03611,0.908,1.09,50.0,600,Local / Street,True,,47 Street
E02245,N00808,N00809,0.3,0.3,60.0,1500,Ramp,True,2,
E02246,N00808,N00810,0.075,0.08,60.0,1500,Ramp,True,2,
E02247,N00808,N00812,0.048,0.05,60.0,1500,Ramp,True,2,
E02248,N00809,N00815,0.638,0.38,100.0,1600,Expressway / Highway,True,2,Queen Elizabeth II Highway
E02249,N02892,N02894,6.857,4.57,90.0,1400,Arterial,True,2,2 Highway
E02250,N00810,N00811,0.369,0.25,90.0,1400,Arterial,True,39,50 Avenue
E02251,N00810,N00812,0.051,0.03,90.0,1400,Arterial,True,39,50 Avenue
E02252,N00811,N00820,0.008,0.01,80.0,1000,Collector,True,39,Discovery Way
E02253,N00811,N00813,0.308,0.21,90.0,1400,Arterial,True,,50 Avenue
E02254,N03475,N03476,0.405,0.27,90.0,1400,Arterial,True,15,15 Highway
E02255,N00812,N00823,0.142,0.09,90.0,1400,Arterial,True,39,50 Avenue
E02256,N00812,N00822,0.01,0.01,60.0,1500,Ramp,True,2,
E02257,N03476,N03477,0.124,0.12,60.0,1500,Ramp,True,15,100 Street
E02258,N03476,N03477,0.082,0.05,90.0,1400,Arterial,True,15,15 Highway
E02259,N03477,N03478,0.08,0.05,90.0,1400,Arterial,True,15,15 Highway
E02260,N03171,N02906,1.223,1.05,69.9,600,Collector,False,,45 Avenue
E02261,N03989,N03117,1.632,1.34,72.9,600,Collector,True,,45 Street
E02262,N00813,N00242,0.241,0.16,90.0,1400,Arterial,True,,50 Avenue
E02263,N00813,N00817,0.046,0.05,60.0,1500,Ramp,True,,
E02264,N01467,N01137,0.63,0.38,100.0,1600,Expressway / Highway,True,16,Trans-Canada Highway
E02265,N01468,N01470,0.055,0.05,60.0,1500,Ramp,True,16,Trans-Canada Highway
E02266,N01469,N01470,0.089,0.09,60.0,1500,Ramp,True,16,Trans-Canada Highway
E02267,N03988,N03103,17.582,11.72,90.0,1400,Arterial,True,697,697 Highway
E02268,N03538,N03540,10.723,7.15,90.0,1400,Arterial,True,45,45 Highway
E02269,N03538,N03537,9.876,6.58,90.0,1400,Arterial,True,29,29 Highway
E02270,N03538,N03539,1.295,0.86,90.0,1400,Arterial,True,29,29 Highway
E02271,N03612,N03613,0.085,0.06,90.0,1400,Arterial,True,29,50 Avenue
E02272,N03612,N03628,0.042,0.03,90.0,1400,Arterial,True,29,50 Avenue
E02273,N03539,N03584,11.377,7.58,90.0,1400,Arterial,True,29,29 Highway
E02274,N03539,N03553,27.16,23.26,70.1,600,Arterial,False,645;860,860 Highway
E02275,N01471,N01485,0.329,0.33,60.0,1500,Ramp,True,16,Trans-Canada Highway
E02276,N03613,N03616,0.087,0.06,90.0,1400,Arterial,True,29,50 Avenue
E02277,N02893,N02832,22.757,15.17,90.0,1400,Arterial,True,59,59 Highway
E02278,N02893,N02706,3.235,2.16,90.0,1400,Arterial,True,2,2 Highway
E02279,N02893,N02894,0.055,0.04,90.0,1400,Arterial,True,674,674 Highway
E02280,N02893,N02896,2.117,1.41,90.0,1400,Arterial,True,2,2 Highway
E02281,N02894,N02935,24.246,16.16,90.0,1400,Arterial,True,674,674 Highway
E02282,N02894,N02896,2.079,1.39,90.0,1400,Arterial,True,2,2 Highway
E02283,N03614,N03616,0.042,0.03,90.0,1400,Arterial,True,29,50 Avenue
E02284,N03614,N03625,0.009,0.01,90.0,1400,Arterial,True,29,50 Avenue
E02285,N03614,N03628,0.008,0.01,90.0,1400,Arterial,True,881,40 Street
E02286,N03615,N03622,0.098,0.1,60.0,1500,Ramp,True,29,
E02287,N03615,N03625,0.06,0.04,90.0,1400,Arterial,True,881,40 Street
E02288,N02379,N02380,0.56,0.5,67.8,600,Collector,False,,53 Avenue
E02289,N01472,N01475,0.129,0.13,60.0,1500,Ramp,True,16,Trans-Canada Highway
E02290,N01473,N01478,0.112,0.11,60.0,1500,Ramp,True,16,Trans-Canada Highway
E02291,N01473,N01475,0.16,0.1,100.0,1600,Expressway / Highway,True,16,Trans-Canada Highway
E02292,N02895,N02832,33.378,24.42,82.0,600,Arterial,True,677;724,677 Highway
E02293,N02895,N02899,21.008,14.01,90.0,1400,Arterial,True,731,731 Highway
E02294,N02610,N02613,0.174,0.17,60.0,1500,Ramp,True,43,
E02295,N02610,N02616,0.181,0.11,100.0,1600,Expressway / Highway,True,43,43 Highway
E02296,N02611,N02612,0.059,0.06,60.0,1500,Ramp,True,43,
E02297,N02611,N02614,0.044,0.03,90.0,1400,Arterial,True,658,658 Highway
E02298,N02611,N00472,59.104,39.4,90.0,1400,Arterial,True,658,658 Highway
E02299,N02611,N02615,0.086,0.09,60.0,1500,Ramp,True,43,
E02300,N00814,N00824,0.074,0.07,60.0,1500,Ramp,True,2,
E02301,N00814,N00815,0.307,0.31,60.0,1500,Ramp,True,2,
E02302,N00814,N00822,0.043,0.04,60.0,1500,Ramp,True,2,
E02303,N02612,N02614,0.049,0.03,100.0,1600,Expressway / Highway,True,43,43 Highway
E02304,N00815,N00830,3.204,1.92,100.0,1600,Expressway / Highway,True,2,Queen Elizabeth II Highway
E02305,N03478,N03481,0.119,0.12,60.0,1500,Ramp,True,15,
E02306,N02613,N02614,0.013,0.01,90.0,1400,Arterial,True,658,658 Highway
E02307,N02613,N02616,0.038,0.03,90.0,1400,Arterial,True,658,658 Highway
E02308,N02614,N02615,0.055,0.03,100.0,1600,Expressway / Highway,True,43,43 Highway
E02309,N02615,N00120,10.272,6.16,100.0,1600,Expressway / Highway,True,43,43 Highway
E02310,N03479,N03491,0.006,0.01,60.0,1500,Ramp,True,,
E02311,N02616,N00119,10.297,6.18,100.0,1600,Expressway / Highway,True,43,43 Highway
E02312,N03617,N03621,0.098,0.1,60.0,1500,Ramp,True,29,
E02313,N01474,N01475,0.095,0.06,100.0,3600,Expressway / Highway,True,16,Trans-Canada Highway
E02314,N01474,N01577,0.339,0.34,60.0,1500,Ramp,True,2,Trans-Canada Highway
E02315,N01474,N01594,0.819,0.49,100.0,1600,Expressway / Highway,True,16,Trans-Canada Highway
E02316,N02380,N03263,0.726,0.48,90.0,1400,Arterial,True,28A,28A Highway
E02317,N01927,N01928,0.032,0.02,90.0,1400,Arterial,True,834,834 Highway
E02318,N01927,N01929,2.163,1.3,100.0,1600,Expressway / Highway,True,16,Trans-Canada Highway
E02319,N01476,N01477,0.09,0.09,60.0,1500,Ramp,True,2,Trans-Canada Highway
E02320,N01476,N01479,0.066,0.04,100.0,1600,Expressway / Highway,True,2,St Albert Trail
E02321,N01476,N01494,0.549,0.33,100.0,1600,Expressway / Highway,True,2,St Albert Trail
E02322,N01928,N00976,22.615,15.08,90.0,1400,Arterial,True,834,834 Highway
E02323,N01928,N01930,2.254,1.35,100.0,1600,Expressway / Highway,True,16,Trans-Canada Highway
E02324,N01929,N01932,0.489,0.29,100.0,1600,Expressway / Highway,True,16,Trans-Canada Highway
E02325,N01929,N01932,0.458,0.27,100.0,1600,Expressway / Highway,True,16,Trans-Canada Highway
E02326,N01930,N01931,0.451,0.27,100.0,1600,Expressway / Highway,True,16,Trans-Canada Highway
E02327,N01930,N01931,0.483,0.29,100.0,1600,Expressway / Highway,True,16,Trans-Canada Highway
E02328,N01477,N01587,0.327,0.33,60.0,1500,Ramp,True,2,Trans-Canada Highway
E02329,N01477,N01479,0.069,0.07,60.0,1500,Ramp,True,2,Trans-Canada Highway
E02330,N03068,N03069,22.922,15.28,90.0,1400,Arterial,True,35,35 Highway
E02331,N01479,N01579,0.019,0.01,100.0,1600,Expressway / Highway,True,2,St Albert Trail
E02332,N01479,N01578,0.02,0.02,60.0,1500,Ramp,True,2,Trans-Canada Highway
E02333,N01931,N03550,18.403,11.04,100.0,1600,Expressway / Highway,True,16,Trans-Canada Highway
E02334,N00175,N00198,8.237,4.94,100.0,1600,Expressway / Highway,True,16,Trans-Canada Highway
E02335,N00175,N00181,0.994,0.6,100.0,1600,Expressway / Highway,True,16,Trans-Canada Highway
E02336,N00175,N00183,0.438,0.44,60.0,1500,Ramp,True,16,Trans-Canada Highway
E02337,N01482,N01483,0.094,0.06,100.0,1600,Expressway / Highway,True,16,Trans-Canada Highway
E02338,N01482,N01481,0.085,0.08,60.0,1500,Ramp,True,16,Trans-Canada Highway
E02339,N00176,N00184,0.42,0.42,60.0,1500,Ramp,True,16,Trans-Canada Highway
E02340,N00176,N00178,0.057,0.06,60.0,1500,Ramp,True,16,Trans-Canada Highway
E02341,N00176,N00180,0.102,0.1,60.0,1500,Ramp,True,16,Trans-Canada Highway
E02342,N00177,N00180,0.103,0.1,60.0,1500,Ramp,True,16,Trans-Canada Highway
E02343,N01483,N01484,0.18,0.18,60.0,1500,Ramp,True,16,Trans-Canada Highway
E02344,N00818,N00819,0.043,0.04,60.0,1500,Ramp,True,39,
E02345,N00819,N00820,0.034,0.02,90.0,1400,Arterial,True,39,50 Avenue
E02346,N00819,N00242,0.515,0.34,90.0,1400,Arterial,True,,50 Avenue
E02347,N00820,N00821,0.039,0.03,90.0,1400,Arterial,True,39,50 Avenue
E02348,N00821,N00824,0.329,0.22,90.0,1400,Arterial,True,39,50 Avenue
E02349,N00821,N00240,0.048,0.05,60.0,1500,Ramp,True,39,
E02350,N00179,N00181,0.542,0.54,60.0,1500,Ramp,True,16,Trans-Canada Highway
E02351,N00179,N00183,0.088,0.09,60.0,1500,Ramp,True,16,Trans-Canada Highway
E02352,N00179,N00183,0.055,0.06,60.0,1500,Ramp,True,16,Trans-Canada Highway
E02353,N00180,N00182,0.422,0.42,60.0,1500,Ramp,True,16,Trans-Canada Highway
E02354,N00181,N00190,2.1,1.26,100.0,1600,Expressway / Highway,True,16,Trans-Canada Highway
E02355,N00182,N00189,2.227,1.34,100.0,1600,Expressway / Highway,True,16,Trans-Canada Highway
E02356,N00182,N00184,0.912,0.55,100.0,1600,Expressway / Highway,True,16,Trans-Canada Highway
E02357,N00046,N00103,7.371,4.42,100.0,1600,Expressway / Highway,True,16,Trans-Canada Highway
E02358,N00046,N00058,0.721,0.72,60.0,1500,Ramp,True,16,Trans-Canada Highway
E02359,N00046,N00067,1.713,1.03,100.0,1600,Expressway / Highway,True,16,Trans-Canada Highway
E02360,N01485,N01487,0.115,0.11,60.0,1500,Ramp,True,16,Trans-Canada Highway
E02361,N01485,N01486,0.068,0.07,60.0,1500,Ramp,True,16,Trans-Canada Highway
E02362,N00822,N00824,0.053,0.04,90.0,1400,Arterial,True,39,50 Avenue
E02363,N00047,N00048,0.106,0.07,90.0,1400,Arterial,True,22,22 Highway
E02364,N00047,N00059,0.173,0.12,90.0,1400,Arterial,True,22,22 Highway
E02365,N00047,N00049,0.16,0.16,60.0,1500,Ramp,True,22,
E02366,N00048,N00068,0.006,0.01,60.0,1500,Ramp,True,16,Trans-Canada Highway
E02367,N00048,N00063,0.008,0.01,90.0,1400,Arterial,True,22,22 Highway
E02368,N00184,N00199,8.191,4.91,100.0,1600,Expressway / Highway,True,16,Trans-Canada Highway
E02369,N00050,N00069,0.077,0.08,60.0,1500,Ramp,True,16,Trans-Canada Highway
E02370,N00050,N00058,0.206,0.21,60.0,1500,Ramp,True,16,Trans-Canada Highway
E02371,N00050,N00064,0.057,0.06,60.0,1500,Ramp,True,16,Trans-Canada Highway
E02372,N00051,N00070,7.324,4.39,100.0,1600,Expressway / Highway,True,16,Trans-Canada Highway
E02373,N00051,N00065,0.974,0.58,100.0,1600,Expressway / Highway,True,16,Trans-Canada Highway
E02374,N00051,N00053,0.516,0.52,60.0,1500,Ramp,True,16,Trans-Canada Highway
E02375,N01489,N01587,0.88,0.53,100.0,1600,Expressway / Highway,True,16,Trans-Canada Highway
E02376,N01489,N01484,0.077,0.05,100.0,1600,Expressway / Highway,True,16,Trans-Canada Highway
E02377,N01489,N01492,0.107,0.11,60.0,1500,Ramp,True,16,Trans-Canada Highway
E02378,N00052,N00069,0.328,0.22,90.0,1400,Arterial,True,22;16A,16A Highway
E02379,N00052,N00062,0.006,0.01,60.0,1500,Ramp,True,16,Trans-Canada Highway
E02380,N00052,N00055,0.037,0.02,90.0,1400,Arterial,True,16A,16A Highway
E02381,N00052,N00057,0.03,0.03,60.0,1500,Ramp,True,16,Trans-Canada Highway
E02382,N00053,N00054,0.043,0.04,60.0,1500,Ramp,True,16,Trans-Canada Highway
E02383,N00053,N00062,0.037,0.04,60.0,1500,Ramp,True,16,Trans-Canada Highway
E02384,N00054,N00062,0.038,0.03,90.0,1400,Arterial,True,16A,16A Highway
E02385,N00054,N00056,0.034,0.02,90.0,1400,Arterial,True,16A,16A Highway
E02386,N00055,N00057,0.046,0.05,60.0,1500,Ramp,True,16,Trans-Canada Highway
E02387,N00055,N00056,0.034,0.02,90.0,1400,Arterial,True,16A,16A Highway
E02388,N00185,N00188,0.121,0.12,60.0,1500,Ramp,True,16,Trans-Canada Highway
E02389,N00188,N00187,0.101,0.1,60.0,1500,Ramp,True,16,Trans-Canada Highway
E02390,N00188,N00292,0.412,0.41,60.0,1500,Ramp,True,16,Trans-Canada Highway
E02391,N00187,N00186,0.052,0.05,60.0,1500,Ramp,True,16,Trans-Canada Highway
E02392,N00187,N00189,0.334,0.33,60.0,1500,Ramp,True,16,Trans-Canada Highway
E02393,N00189,N00292,0.811,0.49,100.0,1600,Expressway / Highway,True,16,Trans-Canada Highway
E02394,N01490,N01484,0.054,0.03,100.0,1600,Expressway / Highway,True,16,Trans-Canada Highway
E02395,N01490,N01491,0.06,0.06,60.0,1500,Ramp,True,16,Trans-Canada Highway
E02396,N00190,N00291,0.777,0.47,100.0,1600,Expressway / Highway,True,16,Trans-Canada Highway
E02397,N00190,N00191,0.341,0.34,60.0,1500,Ramp,True,16,Trans-Canada Highway
E02398,N00191,N00193,0.058,0.06,60.0,1500,Ramp,True,16,Trans-Canada Highway
E02399,N00191,N00192,0.041,0.04,60.0,1500,Ramp,True,16,Trans-Canada Highway
E02400,N01662,N01621,24.45,16.3,90.0,1400,Arterial,True,663,663 Highway
E02401,N01662,N01663,17.074,11.38,90.0,1400,Arterial,True,812,812 Highway
E02402,N01662,N01664,9.679,6.45,90.0,1400,Arterial,True,663,663 Highway
E02403,N03731,N03732,0.498,0.5,60.0,1500,Ramp,True,55,
E02404,N03731,N03732,0.401,0.27,90.0,1400,Arterial,True,55,55 Highway
E02405,N03731,N03733,4.05,2.7,90.0,1400,Arterial,True,55,55 Highway
E02406,N00193,N00291,0.412,0.41,60.0,1500,Ramp,True,16,Trans-Canada Highway
E02407,N00193,N00194,0.042,0.04,60.0,1500,Ramp,True,16,Trans-Canada Highway
E02408,N01493,N01578,0.503,0.3,100.0,1600,Expressway / Highway,True,2,St Albert Trail
E02409,N01493,N01494,0.124,0.12,60.0,1500,Ramp,True,,St Albert Trail
E02410,N01493,N01495,1.556,0.93,100.0,1600,Expressway / Highway,True,2,St Albert Trail
E02411,N03732,N01676,21.875,14.58,90.0,1400,Arterial,True,55,55 Highway
E02412,N03733,N01675,15.432,10.29,90.0,1400,Arterial,True,63,63 Highway
E02413,N03733,N03735,15.687,10.46,90.0,1400,Arterial,True,63,63 Highway
E02414,N03496,N03497,0.042,0.04,60.0,1500,Ramp,True,15,
E02415,N03497,N03500,3.259,2.17,90.0,1400,Arterial,True,15,15 Highway
E02416,N03497,N03504,0.077,0.05,90.0,1400,Arterial,True,15,15 Highway
E02417,N00056,N00123,2.549,1.7,90.0,1400,Arterial,True,16A,50 Street
E02418,N00057,N00065,0.419,0.42,60.0,1500,Ramp,True,16,Trans-Canada Highway
E02419,N02899,N03076,9.684,6.46,90.0,1400,Arterial,True,49,49 Highway
E02420,N02899,N02911,1.108,0.74,90.0,1400,Arterial,True,49,49 Highway
E02421,N00058,N00066,0.386,0.39,60.0,1500,Ramp,True,16,Trans-Canada Highway
E02422,N00825,N00826,0.398,0.4,60.0,1500,Ramp,True,2,
E02423,N00059,N00060,0.147,0.1,90.0,1400,Arterial,True,22,22 Highway
E02424,N00060,N00068,0.134,0.09,90.0,1400,Arterial,True,22,22 Highway
E02425,N00060,N00061,0.185,0.18,60.0,1500,Ramp,True,16,Trans-Canada Highway
E02426,N00061,N00068,0.108,0.11,60.0,1500,Ramp,True,16,Trans-Canada Highway
E02427,N00061,N00066,0.273,0.27,60.0,1500,Ramp,True,16,Trans-Canada Highway
E02428,N00062,N00063,0.382,0.25,90.0,1400,Arterial,True,22;16A,16A Highway
E02429,N01663,N01667,13.033,8.69,90.0,1400,Arterial,True,2,2 Highway
E02430,N03895,N03862,1.673,1.12,90.0,1400,Arterial,True,,Airport Road
E02431,N03895,N03865,0.227,0.15,90.0,1400,Arterial,True,,Airport Road
E02432,N03895,N03867,0.182,0.18,60.0,1500,Ramp,True,,
E02433,N02900,N02901,0.055,0.04,90.0,1400,Arterial,True,2,2 Highway
E02434,N02900,N02902,0.044,0.03,90.0,1400,Arterial,True,2,2 Highway
E02435,N02901,N02902,0.033,0.02,90.0,1400,Arterial,True,2,2 Highway
E02436,N02901,N02903,0.217,0.14,90.0,1400,Arterial,True,2,2 Highway
E02437,N02902,N02904,0.198,0.13,90.0,1400,Arterial,True,2,2 Highway
E02438,N00826,N00832,2.462,1.48,100.0,1600,Expressway / Highway,True,2,Queen Elizabeth II Highway
E02439,N02903,N02904,0.031,0.02,90.0,1400,Arterial,True,2,2 Highway
E02440,N02903,N02905,0.044,0.03,90.0,1400,Arterial,True,2,2 Highway
E02441,N02904,N02905,0.042,0.03,90.0,1400,Arterial,True,2,2 Highway
E02442,N02905,N02906,0.576,0.38,90.0,1400,Arterial,True,2,2 Highway
E02443,N02906,N02907,0.444,0.3,90.0,1400,Arterial,True,2,2 Highway
E02444,N03622,N03625,0.061,0.04,90.0,1400,Arterial,True,29,50 Avenue
E02445,N01742,N01741,0.008,0.01,60.0,1500,Ramp,True,28,97 Street
E02446,N00063,N00064,0.006,0.01,60.0,1500,Ramp,True,16,Trans-Canada Highway
E02447,N00064,N00068,0.008,0.01,90.0,1400,Arterial,True,22,22 Highway
E02448,N00064,N00069,0.054,0.04,90.0,1400,Arterial,True,22,22 Highway
E02449,N00066,N00067,0.613,0.61,60.0,1500,Ramp,True,16,Trans-Canada Highway
E02450,N03621,N03623,0.083,0.06,90.0,1400,Arterial,True,29,50 Avenue
E02451,N03623,N03625,0.008,0.01,90.0,1400,Arterial,True,881,40 Street
E02452,N03623,N03628,0.009,0.01,90.0,1400,Arterial,True,29,50 Avenue
E02453,N02907,N02908,0.026,0.02,90.0,1400,Arterial,True,49,49 Avenue
E02454,N02907,N02909,0.006,0.0,90.0,1400,Arterial,True,2,2 Highway
E02455,N02907,N02910,0.03,0.02,90.0,1400,Arterial,True,49,49 Avenue
E02456,N02908,N02937,20.233,13.49,90.0,1400,Arterial,True,49,49 Avenue
E02457,N02908,N02909,0.028,0.02,90.0,1400,Arterial,True,49,49 Avenue
E02458,N02697,N02724,22.66,15.11,90.0,1400,Arterial,True,669,669 Highway
E02459,N02697,N02714,3.164,2.11,90.0,1400,Arterial,True,49,49 Highway
E02460,N02697,N02952,36.176,24.12,90.0,1400,Arterial,True,49,49 Highway
E02461,N02909,N02910,0.028,0.02,90.0,1400,Arterial,True,49,49 Avenue
E02462,N02909,N02912,34.036,22.69,90.0,1400,Arterial,True,2,Highway Street
E02463,N02910,N02911,9.018,6.01,90.0,1400,Arterial,True,49,49 Avenue
E02464,N03499,N03500,0.355,0.24,90.0,1400,Arterial,True,15,15 Highway
E02465,N03499,N03500,0.39,0.39,60.0,1500,Ramp,True,15,
E02466,N03077,N02963,39.216,26.14,90.0,1400,Arterial,True,49,49 Highway
E02467,N03077,N03076,16.157,10.77,90.0,1400,Arterial,True,49,49 Highway
E02468,N03077,N03078,9.704,6.47,90.0,1400,Arterial,True,725,725 Highway
E02469,N01496,N01498,0.111,0.07,100.0,1600,Expressway / Highway,True,2,St Albert Trail
E02470,N01497,N01499,0.111,0.07,100.0,1600,Expressway / Highway,True,2,St Albert Trail
E02471,N01497,N01498,0.017,0.02,60.0,1500,Ramp,True,2,137 Avenue
E02472,N00070,N00104,0.636,0.42,90.0,1400,Arterial,True,22,22 Highway
E02473,N00070,N00106,2.58,1.55,100.0,1600,Expressway / Highway,True,16,Trans-Canada Highway
E02474,N00070,N00103,0.022,0.01,90.0,1400,Arterial,True,22,22 Highway
E02475,N00827,N00828,0.244,0.24,60.0,1500,Ramp,True,2,
E02476,N00828,N00829,0.38,0.38,60.0,1500,Ramp,True,2,
E02477,N00828,N00906,0.756,0.76,60.0,1500,Ramp,True,,
E02478,N01499,N03967,0.11,0.11,60.0,1500,Ramp,True,2,
E02479,N01499,N01164,2.222,1.33,100.0,1600,Expressway / Highway,True,2,Mark Messier Trail
E02480,N03069,N03070,19.819,13.21,90.0,1400,Arterial,True,35,35 Highway
E02481,N03078,N03076,33.008,24.79,79.9,600,Arterial,True,680;727,680 Highway
E02482,N03078,N02963,75.083,50.06,90.0,1400,Arterial,True,681;719;725,725 Highway
E02483,N03802,N03786,0.795,0.48,100.0,1600,Expressway / Highway,True,63,63 Highway
E02484,N03802,N03786,0.825,0.83,60.0,1500,Ramp,True,63,63 Highway
E02485,N03802,N03804,11.254,6.75,100.0,1600,Expressway / Highway,True,63,63 Highway
E02486,N03502,N03512,5.437,3.62,90.0,1400,Arterial,True,830,830 Highway
E02487,N03502,N03506,0.04,0.03,90.0,1400,Arterial,True,830,830 Highway
E02488,N03502,N03506,0.039,0.03,90.0,1400,Arterial,True,830,830 Highway
E02489,N01502,N01505,0.394,0.39,60.0,1500,Ramp,True,216,Anthony Henday Drive
E02490,N01502,N01509,1.066,0.64,100.0,1600,Expressway / Highway,True,216,Anthony Henday Drive
E02491,N00830,N00831,1.719,1.72,60.0,1500,Ramp,True,2,
E02492,N00830,N00907,0.731,0.44,100.0,1600,Expressway / Highway,True,2,2 Highway
E02493,N01503,N01504,0.584,0.58,60.0,1500,Ramp,True,216,Anthony Henday Drive
E02494,N01503,N01511,0.073,0.07,60.0,1500,Ramp,True,216,Anthony Henday Drive
E02495,N01503,N01513,0.132,0.13,60.0,1500,Ramp,True,216,Anthony Henday Drive
E02496,N01505,N01506,0.107,0.11,60.0,1500,Ramp,True,216,Anthony Henday Drive
E02497,N01505,N01508,0.178,0.18,60.0,1500,Ramp,True,216,Anthony Henday Drive
E02498,N01504,N01170,0.969,0.58,100.0,1600,Expressway / Highway,True,216,Anthony Henday Drive
E02499,N01504,N01510,1.147,0.69,100.0,1600,Expressway / Highway,True,216,Anthony Henday Drive
E02500,N01507,N01508,0.148,0.15,60.0,1500,Ramp,True,216,Anthony Henday Drive
E02501,N02911,N03995,0.009,0.01,50.0,600,Local / Street,True,,50 Street
E02502,N01508,N01509,0.519,0.52,60.0,1500,Ramp,True,216,Anthony Henday Drive
E02503,N01664,N01665,2.739,1.83,90.0,1400,Arterial,True,2,2 Highway
E02504,N01664,N02544,27.752,18.5,90.0,1400,Arterial,True,2,2 Highway
E02505,N03504,N03513,3.907,2.6,90.0,1400,Arterial,True,15,15 Highway
E02506,N03504,N03503,0.063,0.06,60.0,1500,Ramp,True,15,
E02507,N00832,N00834,0.825,0.49,100.0,1600,Expressway / Highway,True,2,Queen Elizabeth II Highway
E02508,N00832,N00833,1.113,1.11,60.0,1500,Ramp,True,2,
E02509,N03505,N03513,0.044,0.04,60.0,1500,Ramp,True,15,
E02510,N00834,N00936,0.509,0.51,60.0,1500,Ramp,True,2,
E02511,N00834,N00930,0.717,0.43,100.0,1600,Expressway / Highway,True,2,2 Highway
E02512,N03172,N02914,0.085,0.06,90.0,1400,Arterial,True,2,113 Street
E02513,N03172,N02912,11.615,7.74,90.0,1400,Arterial,True,2,113 Street
E02514,N03172,N03174,0.115,0.12,60.0,1500,Ramp,True,2,
E02515,N01934,N03259,1.384,0.83,100.0,1600,Expressway / Highway,True,16,Trans-Canada Highway
E02516,N00449,N00451,0.221,0.22,60.0,1500,Ramp,True,16,Trans-Canada Highway
E02517,N00449,N00454,0.026,0.03,60.0,1500,Ramp,True,16,Trans-Canada Highway
E02518,N00449,N00462,0.057,0.06,60.0,1500,Ramp,True,16,Trans-Canada Highway
E02519,N00450,N00452,0.352,0.35,60.0,1500,Ramp,True,16,Trans-Canada Highway
E02520,N00450,N00459,0.619,0.37,100.0,1600,Expressway / Highway,True,16,Trans-Canada Highway
E02521,N00451,N00460,0.692,0.42,100.0,1600,Expressway / Highway,True,16,Trans-Canada Highway
E02522,N00452,N00456,0.052,0.05,60.0,1500,Ramp,True,16,Trans-Canada Highway
E02523,N00452,N00455,0.027,0.03,60.0,1500,Ramp,True,16,Trans-Canada Highway
E02524,N00453,N00456,0.004,0.0,90.0,1400,Arterial,True,31,31 Highway
E02525,N00453,N00458,0.094,0.09,60.0,1500,Ramp,True,16,Trans-Canada Highway
E02526,N03595,N03780,8.077,5.38,90.0,1400,Arterial,True,660,660 Highway
E02527,N00454,N00462,0.047,0.03,90.0,1400,Arterial,True,31,31 Highway
E02528,N00454,N00457,0.187,0.12,90.0,1400,Arterial,True,31,31 Highway
E02529,N00454,N00461,0.061,0.06,60.0,1500,Ramp,True,16,Trans-Canada Highway
E02530,N00455,N00456,0.052,0.03,90.0,1400,Arterial,True,31,31 Highway
E02531,N00455,N00457,0.031,0.02,90.0,1400,Arterial,True,31,31 Highway
E02532,N02912,N02913,6.197,4.13,90.0,1400,Arterial,True,64,64 Highway
E02533,N00457,N00458,0.045,0.04,60.0,1500,Ramp,True,16,Trans-Canada Highway
E02534,N00458,N00459,0.246,0.25,60.0,1500,Ramp,True,16,Trans-Canada Highway
E02535,N03803,N04002,0.075,0.08,60.0,1500,Ramp,True,63,
E02536,N03803,N03807,0.067,0.04,100.0,1600,Expressway / Highway,True,63,Sakitawaw Trail
E02537,N03803,N04003,1.413,0.85,100.0,1600,Expressway / Highway,True,63,Sakitawaw Trail
E02538,N00459,N00199,9.407,5.64,100.0,1600,Expressway / Highway,True,16,Trans-Canada Highway
E02539,N03804,N03864,0.158,0.1,100.0,1600,Expressway / Highway,True,63,Sakitawaw Trail
E02540,N03804,N03807,0.026,0.02,90.0,1400,Arterial,True,69,Airport Road
E02541,N03804,N03809,0.082,0.05,90.0,1400,Arterial,True,69,Airport Road
E02542,N00460,N00198,9.184,5.51,100.0,1600,Expressway / Highway,True,16,Trans-Canada Highway
E02543,N00460,N00461,0.421,0.42,60.0,1500,Ramp,True,16,Trans-Canada Highway
E02544,N03805,N03807,0.043,0.05,50.0,600,Local / Street,True,69,Saprae Creek Trail
E02545,N00461,N00462,0.098,0.09,64.4,1400,Ramp,True,16;31,Trans-Canada Highway
E02546,N01936,N03548,0.052,0.03,90.0,1400,Arterial,True,15,Sawchuk Street
E02547,N01936,N03549,0.052,0.03,90.0,1400,Arterial,True,15,15 Highway
E02548,N01936,N03534,20.477,13.65,90.0,1400,Arterial,True,855,Sawchuk Street
E02549,N02698,N02952,19.837,13.22,90.0,1400,Arterial,True,676,676 Highway
E02550,N02698,N02957,33.792,22.53,90.0,1400,Arterial,True,744,744 Highway
E02551,N03806,N03808,0.081,0.08,60.0,1500,Ramp,True,63,
E02552,N03507,N03514,0.029,0.03,60.0,1500,Ramp,True,15,
E02553,N01509,N01517,1.301,0.78,100.0,1600,Expressway / Highway,True,216,Anthony Henday Drive
E02554,N01510,N01518,1.218,0.73,100.0,1600,Expressway / Highway,True,216,Anthony Henday Drive
E02555,N01510,N01513,0.491,0.49,60.0,1500,Ramp,True,216,Anthony Henday Drive
E02556,N03508,N03512,0.047,0.03,90.0,1400,Arterial,True,15,15 Highway
E02557,N03508,N03510,0.06,0.06,60.0,1500,Ramp,True,15,
E02558,N03510,N03509,0.022,0.01,90.0,1400,Arterial,True,830,15 Highway
E02559,N03510,N03511,0.006,0.0,90.0,1400,Arterial,True,830,830 Highway
E02560,N03509,N03513,0.031,0.02,90.0,1400,Arterial,True,15,15 Highway
E02561,N03509,N03514,0.025,0.02,90.0,1400,Arterial,True,15,15 Highway
E02562,N03512,N03511,0.02,0.01,90.0,1400,Arterial,True,830,15 Highway
E02563,N03512,N03516,1.364,0.91,90.0,1400,Arterial,True,15,15 Highway
E02564,N03511,N03515,0.051,0.05,60.0,1500,Ramp,True,15,
E02565,N03734,N03735,0.233,0.28,50.0,600,Local / Street,True,,50 Street
E02566,N03807,N03808,0.057,0.03,100.0,1600,Expressway / Highway,True,63,63 Highway
E02567,N03808,N03781,15.885,9.53,100.0,1600,Expressway / Highway,True,63,63 Highway
E02568,N03735,N03736,7.158,4.77,90.0,1400,Arterial,True,63,63 Highway
E02569,N03809,N03810,0.084,0.06,90.0,3000,Arterial,True,,Airport Road
E02570,N03809,N03864,0.216,0.22,60.0,1500,Ramp,True,63,
E02571,N03514,N03515,0.014,0.01,90.0,1400,Arterial,True,15,15 Highway
E02572,N03515,N03516,1.315,0.88,90.0,1400,Arterial,True,15,15 Highway
E02573,N03810,N03811,0.542,0.36,90.0,1400,Arterial,True,,Airport Road
E02574,N03810,N03812,0.726,0.48,90.0,1400,Arterial,True,,Airport Road
E02575,N03973,N02038,0.994,0.6,100.0,1600,Expressway / Highway,True,,Sherwood Park Freeway
E02576,N03736,N03762,30.15,25.84,70.0,600,Arterial,False,855,855 Highway
E02577,N03736,N03737,0.66,0.44,90.0,1400,Arterial,True,63,63 Highway
E02578,N03736,N03774,14.702,9.8,90.0,1400,Arterial,True,55,55 Highway
E02579,N03737,N03739,3.084,1.87,98.8,1400,Expressway / Highway,True,63,63 Highway
E02580,N03737,N03738,3.034,1.82,100.0,1600,Expressway / Highway,True,63,63 Highway
E02581,N03738,N03744,1.554,0.93,100.0,1600,Expressway / Highway,True,63,63 Highway
E02582,N03738,N03740,0.463,0.31,90.0,1400,Arterial,True,63,63 Highway
E02583,N00835,N00837,0.11,0.11,60.0,1500,Ramp,True,2A,
E02584,N00835,N00843,0.155,0.1,90.0,1400,Arterial,True,2A,2A Highway South
E02585,N00463,N00467,32.819,21.88,90.0,1400,Arterial,True,757,757 Highway
E02586,N00463,N00195,20.593,13.73,90.0,1400,Arterial,True,633,633 Highway
E02587,N00836,N00844,0.163,0.11,90.0,1400,Arterial,True,2A,2A Highway North
E02588,N00836,N00845,0.103,0.1,60.0,1500,Ramp,True,2A,
E02589,N01513,N01512,0.074,0.07,60.0,1500,Ramp,True,216,Anthony Henday Drive
E02590,N02913,N03177,59.39,45.84,77.7,600,Arterial,True,682;685;729,682 Highway
E02591,N02913,N02916,21.62,14.41,90.0,1400,Arterial,True,64,64 Highway
E02592,N02913,N02914,6.613,4.41,90.0,1400,Arterial,True,64A,64A Highway
E02593,N03518,N03520,10.646,7.1,90.0,1400,Arterial,True,28,28 Highway
E02594,N03518,N03519,0.029,0.02,80.0,1000,Collector,True,,Range Road 204
E02595,N03517,N03528,5.235,3.49,90.0,1400,Arterial,True,831,831 Highway
E02596,N00195,N00301,25.907,17.27,90.0,1400,Arterial,True,633,633 Highway
E02597,N00195,N00198,9.522,6.35,90.0,1400,Arterial,True,765,765 Highway
E02598,N00195,N00201,14.623,9.75,90.0,1400,Arterial,True,765,765 Highway
E02599,N02231,N00978,6.801,4.53,90.0,1400,Arterial,True,14,14 Highway
E02600,N02914,N03173,0.254,0.17,90.0,1400,Arterial,True,732,113 Street
E02601,N02914,N03174,0.079,0.05,90.0,1400,Arterial,True,2,2 Highway
E02602,N01514,N01516,0.077,0.08,60.0,1500,Ramp,True,216,Anthony Henday Drive
E02603,N01515,N02545,0.525,0.52,60.0,1500,Ramp,True,,Anthony Henday Drive
E02604,N03990,N03120,5.661,5.64,60.2,600,Collector,False,,
E02605,N01516,N01520,0.065,0.07,60.0,1500,Ramp,True,,Anthony Henday Drive
E02606,N01516,N01517,0.467,0.47,60.0,1500,Ramp,True,216,Anthony Henday Drive
E02607,N01517,N01525,0.514,0.31,100.0,1600,Expressway / Highway,True,216,Anthony Henday Drive
E02608,N02699,N02717,4.633,3.09,90.0,1400,Arterial,True,40,40 Highway
E02609,N03739,N03741,0.482,0.32,90.0,1400,Arterial,True,63,63 Highway
E02610,N03739,N03743,1.507,0.9,100.0,1600,Expressway / Highway,True,63,63 Highway
E02611,N01046,N03248,20.593,13.73,90.0,1400,Arterial,True,897,897 Highway
E02612,N03741,N03745,0.655,0.44,90.0,1400,Arterial,True,63,63 Highway
E02613,N03741,N03740,0.09,0.06,90.0,1400,Arterial,True,63,63 Highway
E02614,N03740,N03742,0.639,0.43,90.0,1400,Arterial,True,63,63 Highway
E02615,N03742,N03744,0.489,0.33,90.0,1400,Arterial,True,63,63 Highway
E02616,N03742,N03745,0.102,0.07,90.0,1400,Arterial,True,63,63 Highway
E02617,N03743,N03747,10.534,6.32,100.0,1600,Expressway / Highway,True,63,63 Highway
E02618,N03743,N03745,0.39,0.26,90.0,1400,Arterial,True,63,63 Highway
E02619,N03744,N03746,7.266,4.39,99.3,1400,Expressway / Highway,True,63,63 Highway
E02620,N03746,N03750,6.139,3.68,100.0,1600,Expressway / Highway,True,63,63 Highway
E02621,N03746,N03749,0.188,0.13,90.0,1400,Arterial,True,63,
E02622,N02915,N02835,26.202,17.47,90.0,1400,Arterial,True,64,64 Highway
E02623,N02915,N03178,12.289,8.19,90.0,1400,Arterial,True,730,730 Highway
E02624,N02915,N02916,14.066,9.38,90.0,1400,Arterial,True,64,64 Highway
E02625,N03520,N03529,23.932,15.95,90.0,1400,Arterial,True,831,831 Highway
E02626,N03520,N03545,22.727,15.15,90.0,1400,Arterial,True,28,28 Highway
E02627,N03520,N03521,5.806,3.87,90.0,1400,Arterial,True,831,831 Highway
E02628,N03747,N03748,0.163,0.16,60.0,1500,Ramp,True,63,
E02629,N03747,N03756,2.922,1.75,100.0,1600,Expressway / Highway,True,63,63 Highway
E02630,N00071,N00074,11.151,6.69,100.0,1600,Expressway / Highway,True,16,Trans-Canada Highway
E02631,N00071,N00072,0.033,0.02,90.0,1400,Arterial,True,751,751 Highway
E02632,N00072,N00073,10.588,6.35,100.0,1600,Expressway / Highway,True,16,Trans-Canada Highway
E02633,N01665,N01668,13.389,8.93,90.0,1400,Arterial,True,2,2 Highway
E02634,N01665,N01677,8.605,5.74,90.0,1400,Arterial,True,663,663 Highway
E02635,N03070,N03071,0.698,0.47,90.0,1400,Arterial,True,35,35 Highway
E02636,N03070,N03104,49.503,39.17,75.8,600,Arterial,True,691;741,691 Highway
E02637,N00838,N00847,0.056,0.06,60.0,1500,Ramp,True,623,
E02638,N00839,N00847,0.067,0.04,90.0,1400,Arterial,True,623,Rollyview Road
E02639,N00840,N00844,0.72,0.48,90.0,1400,Arterial,True,2A,2A Highway North
E02640,N00840,N00852,0.127,0.08,90.0,1400,Arterial,True,2A,2A Highway North
E02641,N00840,N00851,0.144,0.14,60.0,1500,Ramp,True,,
E02642,N00841,N00843,0.618,0.41,90.0,1400,Arterial,True,2A,2A Highway South
E02643,N00841,N00848,0.215,0.21,60.0,1500,Ramp,True,,
E02644,N00841,N00850,0.096,0.06,90.0,1400,Arterial,True,2A,2A Highway North
E02645,N03521,N03523,19.426,12.95,90.0,1400,Arterial,True,831,831 Highway
E02646,N00842,N00843,0.103,0.1,60.0,1500,Ramp,True,2A,
E02647,N00844,N00846,0.105,0.1,60.0,1500,Ramp,True,2A,
E02648,N01938,N02051,0.472,0.47,60.0,1500,Ramp,True,216,
E02649,N01938,N02053,0.316,0.19,100.0,1600,Expressway / Highway,True,216,Anthony Henday Drive
E02650,N01939,N02052,0.535,0.54,60.0,1500,Ramp,True,216,
E02651,N01939,N02050,0.598,0.36,100.0,1600,Expressway / Highway,True,216,Anthony Henday Drive
E02652,N01047,N00996,8.113,5.41,90.0,1400,Arterial,True,897,897 Highway
E02653,N01047,N01092,21.175,14.12,90.0,1400,Arterial,True,619,619 Highway
E02654,N00847,N00854,8.343,5.56,90.0,1400,Arterial,True,623,Rollyview Road
E02655,N02385,N03546,0.815,0.67,72.8,600,Collector,True,,52 Avenue
E02656,N03071,N03073,0.201,0.13,90.0,1400,Arterial,True,35,Main Street
E02657,N01666,N01667,0.093,0.09,60.0,1500,Ramp,True,,
E02658,N01667,N01669,0.946,0.63,90.0,1400,Arterial,True,2,2 Highway
E02659,N03072,N03073,0.031,0.03,60.0,1500,Ramp,True,35,2 Avenue
E02660,N03073,N03100,23.3,15.53,90.0,1400,Arterial,True,35,Main Street
E02661,N02386,N01747,0.487,0.32,90.0,1400,Arterial,True,,97 Street
E02662,N02386,N01754,0.032,0.03,60.0,1500,Ramp,True,,
E02663,N02386,N02388,0.119,0.08,90.0,1400,Arterial,True,28,97 Street
E02664,N02387,N01754,0.077,0.05,90.0,1400,Arterial,True,28,97 Street
E02665,N02387,N01756,0.099,0.1,60.0,1500,Ramp,True,28,
E02666,N02387,N02389,0.54,0.36,90.0,1400,Arterial,True,28,97 Street
E02667,N02388,N01754,0.1,0.1,60.0,1500,Ramp,True,,
E02668,N02388,N02391,0.66,0.44,90.0,1400,Arterial,True,28,97 Street
E02669,N03630,N03631,10.042,6.69,90.0,1400,Arterial,True,41,41 Highway
E02670,N03630,N03669,24.423,16.28,90.0,1400,Arterial,True,640,640 Highway
E02671,N03630,N03633,16.201,10.8,90.0,1400,Arterial,True,41,41 Highway
E02672,N03173,N03176,16.906,11.27,90.0,1400,Arterial,True,732,113 Street
E02673,N03173,N03175,0.313,0.38,50.0,600,Local / Street,True,,102 Avenue
E02674,N02389,N02390,0.088,0.06,90.0,1400,Arterial,True,28,97 Street
E02675,N02389,N02394,0.186,0.19,60.0,1500,Ramp,True,28,97 Street
E02676,N02390,N02397,0.099,0.07,90.0,1400,Arterial,True,28,97 Street
E02677,N02390,N01751,0.111,0.11,60.0,1500,Ramp,True,28,
E02678,N02391,N01699,0.103,0.1,60.0,1500,Ramp,True,28,
E02679,N02391,N02395,0.045,0.03,90.0,1400,Arterial,True,28,97 Street
E02680,N02392,N02393,0.01,0.01,60.0,1500,Ramp,True,28,97 Street
E02681,N02393,N02394,0.006,0.01,60.0,1500,Ramp,True,28,153 Avenue
E02682,N02393,N02397,0.01,0.01,60.0,1500,Ramp,True,28,153 Avenue
E02683,N02393,N02398,0.001,0.0,60.0,1500,Ramp,True,28,97 Street
E02684,N02394,N02395,0.013,0.01,60.0,1500,Ramp,True,28,153 Avenue
E02685,N02394,N02399,0.002,0.0,60.0,1500,Ramp,True,28,97 Street
E02686,N02395,N02396,0.004,0.0,90.0,1400,Arterial,True,28,97 Street
E02687,N02396,N01698,0.185,0.18,60.0,1500,Ramp,True,28,153 Avenue
E02688,N02396,N02399,0.011,0.01,60.0,1500,Ramp,True,28,153 Avenue
E02689,N02396,N01700,0.063,0.04,90.0,1400,Arterial,True,28,97 Street
E02690,N02397,N01752,0.097,0.1,60.0,1500,Ramp,True,28,153 Avenue
E02691,N02397,N02400,0.003,0.0,90.0,1400,Arterial,True,28,97 Street
E02692,N02398,N01749,0.201,0.2,60.0,1500,Ramp,True,28,97 Street
E02693,N02398,N02399,0.006,0.01,60.0,1500,Ramp,True,28,153 Avenue
E02694,N02398,N02400,0.011,0.01,60.0,1500,Ramp,True,28,153 Avenue
E02695,N02399,N02402,0.01,0.01,60.0,1500,Ramp,True,28,97 Street
E02696,N02400,N01750,0.049,0.03,90.0,1400,Arterial,True,28,97 Street
E02697,N02401,N01750,0.078,0.08,60.0,1500,Ramp,True,28,
E02698,N02916,N03176,14.867,9.91,90.0,1400,Arterial,True,685,685 Highway
E02699,N02916,N03177,0.675,0.45,90.0,1400,Arterial,True,685,685 Highway
E02700,N02403,N01696,0.171,0.17,60.0,1500,Ramp,True,28,Castle Downs Road
E02701,N02403,N01725,0.077,0.05,90.0,1400,Arterial,True,28,97 Street
E02702,N02403,N02405,0.02,0.02,60.0,1500,Ramp,True,28,Castle Downs Road
E02703,N02403,N02404,0.042,0.03,90.0,1400,Arterial,True,28,97 Street
E02704,N02404,N01697,0.066,0.07,60.0,1500,Ramp,True,28,
E02705,N02404,N01718,0.721,0.48,90.0,1400,Arterial,True,28,97 Street
E02706,N03291,N03293,1.376,0.92,90.0,1400,Arterial,True,21,21 Highway
E02707,N03291,N03292,0.14,0.14,60.0,1500,Ramp,True,21,
E02708,N03291,N03320,1.449,0.97,90.0,1400,Arterial,True,21,21 Highway
E02709,N02405,N01733,0.077,0.05,90.0,1400,Arterial,True,28,97 Street
E02710,N02405,N01721,0.122,0.08,90.0,1400,Arterial,True,28,97 Street
E02711,N02406,N01733,0.115,0.12,60.0,1500,Ramp,True,28,
E02712,N00849,N00850,0.11,0.07,90.0,1400,Arterial,True,2A,2A Highway North
E02713,N00850,N00852,0.13,0.13,60.0,1500,Ramp,True,,
E02714,N00464,N00113,15.657,9.39,100.0,1600,Expressway / Highway,True,43,43 Highway
E02715,N00464,N00467,2.39,1.43,100.0,1600,Expressway / Highway,True,43,43 Highway
E02716,N00464,N00466,0.04,0.03,90.0,1400,Arterial,True,757,757 Highway
E02717,N00464,N00465,0.051,0.03,90.0,1400,Arterial,True,757,757 Highway
E02718,N00465,N00114,15.639,9.38,100.0,1600,Expressway / Highway,True,43,43 Highway
E02719,N00465,N00468,2.386,1.43,100.0,1600,Expressway / Highway,True,43,43 Highway
E02720,N00465,N00469,3.822,2.55,90.0,1400,Arterial,True,757,757 Highway
E02721,N03823,N03855,0.237,0.24,60.0,1500,Ramp,True,63,
E02722,N03823,N03824,0.213,0.13,100.0,1600,Expressway / Highway,True,63,Memorial Drive
E02723,N03823,N03826,0.217,0.22,60.0,1500,Ramp,True,63,
E02724,N03823,N03828,1.854,1.11,100.0,1600,Expressway / Highway,True,63,Memorial Drive
E02725,N03522,N03523,8.947,5.96,90.0,1400,Arterial,True,661,661 Highway
E02726,N03824,N03815,1.503,0.9,100.0,1600,Expressway / Highway,True,63,Memorial Drive
E02727,N03824,N03856,0.236,0.24,60.0,1500,Ramp,True,63,
E02728,N03825,N03821,0.224,0.22,60.0,1500,Ramp,True,63,Gregoire Drive
E02729,N03825,N03855,0.14,0.08,100.0,1600,Expressway / Highway,True,63,Memorial Drive
E02730,N03825,N03834,1.68,1.01,100.0,1600,Expressway / Highway,True,63,Memorial Drive
E02731,N00196,N00468,16.924,10.15,100.0,1600,Expressway / Highway,True,43,43 Highway
E02732,N00196,N00197,0.059,0.04,90.0,1400,Arterial,True,764,764 Highway
E02733,N00196,N00200,5.457,3.27,100.0,1600,Expressway / Highway,True,43,43 Highway
E02734,N00197,N00467,16.924,10.15,100.0,1600,Expressway / Highway,True,43,43 Highway
E02735,N00197,N00201,5.483,3.29,100.0,1600,Expressway / Highway,True,43,43 Highway
E02736,N03750,N03756,0.055,0.04,90.0,1400,Arterial,True,,
E02737,N03750,N03755,0.017,0.01,90.0,1400,Arterial,True,,
E02738,N03750,N03751,1.966,1.18,100.0,1600,Expressway / Highway,True,63,63 Highway
E02739,N02407,N02414,0.563,0.56,60.0,1500,Ramp,True,216,Anthony Henday Drive
E02740,N02407,N01707,0.158,0.11,90.0,1400,Arterial,True,28,97 Street
E02741,N02407,N01712,0.249,0.17,90.0,1400,Arterial,True,28,97 Street
E02742,N03751,N03757,0.055,0.04,90.0,1400,Arterial,True,,
E02743,N03751,N03753,2.164,1.3,100.0,1600,Expressway / Highway,True,63,63 Highway
E02744,N03751,N04000,0.024,0.02,90.0,1400,Arterial,True,,
E02745,N03752,N03753,0.064,0.05,70.0,600,Arterial,False,,
E02746,N03753,N03754,0.054,0.04,90.0,1400,Arterial,True,,
E02747,N03753,N03759,24.606,14.91,99.0,1400,Expressway / Highway,True,63,63 Highway
E02748,N00467,N00468,0.071,0.05,90.0,1400,Arterial,True,757,757 Highway
E02749,N03754,N03757,2.129,1.28,100.0,1600,Expressway / Highway,True,63,63 Highway
E02750,N03754,N03794,45.009,27.76,97.3,600,Expressway / Highway,True,63,63 Highway
E02751,N03756,N03757,2.018,1.21,100.0,1600,Expressway / Highway,True,63,63 Highway
E02752,N02408,N01743,0.087,0.06,90.0,1400,Arterial,True,28,97 Street
E02753,N02408,N01746,0.073,0.05,90.0,1400,Arterial,True,28,97 Street
E02754,N02408,N02409,0.089,0.09,60.0,1500,Ramp,True,28,
E02755,N02410,N02411,0.077,0.08,60.0,1500,Ramp,True,28,
E02756,N02411,N01745,0.047,0.03,90.0,1400,Arterial,True,28,97 Street
E02757,N02411,N01748,0.143,0.1,90.0,1400,Arterial,True,28,97 Street
E02758,N02412,N01746,0.17,0.17,60.0,1500,Ramp,True,28,137 Avenue
E02759,N01668,N01669,0.462,0.31,90.0,1400,Arterial,True,2,50 Street
E02760,N03217,N03219,0.471,0.47,60.0,1500,Ramp,True,216,
E02761,N03217,N03218,0.857,0.86,60.0,1500,Ramp,True,628,
E02762,N03217,N03230,0.323,0.32,60.0,1500,Ramp,True,216,
E02763,N03218,N03221,0.089,0.06,90.0,1400,Arterial,True,628,628 Highway
E02764,N03218,N03271,4.985,3.32,90.0,1400,Arterial,True,628,628 Highway
E02765,N00469,N00470,10.15,6.77,90.0,1400,Arterial,True,757,757 Highway
E02766,N02413,N01686,0.896,0.54,100.0,1600,Expressway / Highway,True,216,Anthony Henday Drive
E02767,N02413,N01708,1.116,1.12,60.0,1500,Ramp,True,216,Anthony Henday Drive
E02768,N02413,N02417,0.568,0.34,100.0,1600,Expressway / Highway,True,216,Anthony Henday Drive
E02769,N02414,N01702,0.517,0.31,100.0,1600,Expressway / Highway,True,216,Anthony Henday Drive
E02770,N02414,N02416,0.901,0.54,100.0,1600,Expressway / Highway,True,216,Anthony Henday Drive
E02771,N02415,N01707,0.727,0.73,60.0,1500,Ramp,True,216,Anthony Henday Drive
E02772,N02415,N01704,0.942,0.94,60.0,1500,Ramp,True,216,Anthony Henday Drive
E02773,N02415,N02416,0.188,0.19,60.0,1500,Ramp,True,216,Anthony Henday Drive
E02774,N03219,N03229,0.265,0.26,60.0,1500,Ramp,True,216,
E02775,N03219,N03220,0.416,0.42,60.0,1500,Ramp,True,628,
E02776,N03220,N03221,0.335,0.22,90.0,1400,Arterial,True,628,628 Highway
E02777,N03220,N03216,0.305,0.19,96.6,1400,Expressway / Highway,True,14;628,628 Highway
E02778,N03221,N03206,0.04,0.03,90.0,1400,Arterial,True,628,628 Highway
E02779,N01669,N01674,0.415,0.28,90.0,1400,Arterial,True,55,50 Avenue
E02780,N00198,N00199,0.032,0.02,90.0,1400,Arterial,True,765,765 Highway
E02781,N02700,N02705,10.231,6.14,100.0,1600,Expressway / Highway,True,43,43 Highway
E02782,N02700,N02701,0.062,0.06,60.0,1500,Ramp,True,43,
E02783,N03758,N03759,2.115,2.54,50.0,600,Local / Unknown,False,,
E02784,N01670,N01674,0.044,0.03,90.0,1400,Arterial,True,55,55 Highway
E02785,N01670,N01671,0.049,0.03,90.0,1400,Arterial,True,813,45 Street
E02786,N01670,N01672,1.371,0.91,90.0,1400,Arterial,True,55,55 Highway
E02787,N00073,N00105,18.988,11.39,100.0,1600,Expressway / Highway,True,16,Trans-Canada Highway
E02788,N00073,N00075,37.383,24.92,90.0,1400,Arterial,True,753,753 Highway
E02789,N00073,N00074,0.403,0.27,90.0,1400,Arterial,True,753,753 Highway
E02790,N00470,N00124,16.065,10.71,90.0,1400,Arterial,True,18,18 Highway
E02791,N01671,N01674,0.079,0.08,60.0,1500,Ramp,True,,
E02792,N01671,N01679,62.497,41.66,90.0,1400,Arterial,True,813,45 Street
E02793,N03759,N03796,36.474,23.29,94.0,1400,Arterial,True,63,63 Highway
E02794,N00854,N00876,9.716,6.48,90.0,1400,Arterial,True,814,814 Highway
E02795,N00854,N00855,17.831,11.89,90.0,1400,Arterial,True,623,623 Highway
E02796,N00200,N00305,19.353,11.61,100.0,1600,Expressway / Highway,True,43,43 Highway
E02797,N00200,N00201,0.061,0.04,90.0,1400,Arterial,True,765,765 Highway
E02798,N00201,N00304,19.35,11.61,100.0,1600,Expressway / Highway,True,43,43 Highway
E02799,N01672,N01673,0.289,0.19,90.0,1400,Arterial,True,55,55 Highway
E02800,N01672,N01673,0.335,0.33,60.0,1500,Ramp,True,,Athabasca
E02801,N01673,N01676,3.036,2.02,90.0,1400,Arterial,True,55,55 Highway
E02802,N03976,N02512,0.114,0.11,60.0,1500,Ramp,True,16,Trans-Canada Highway
E02803,N00202,N00203,0.824,0.55,90.0,1400,Arterial,True,771,771 Highway
E02804,N00203,N00204,8.134,5.42,90.0,1400,Arterial,True,616,616 Highway
E02805,N00203,N00148,9.749,6.5,90.0,1400,Arterial,True,616,616 Highway
E02806,N00855,N00997,21.441,14.29,90.0,1400,Arterial,True,623,623 Highway
E02807,N00855,N00977,12.562,8.4,89.7,600,Arterial,True,21,21 Highway
E02808,N00855,N00857,12.135,8.09,90.0,1400,Arterial,True,21,21 Highway
E02809,N03760,N03566,45.918,30.61,90.0,1400,Arterial,True,866,866 Highway
E02810,N03760,N03761,17.414,11.61,90.0,1400,Arterial,True,55,55 Highway
E02811,N03524,N03531,0.032,0.02,90.0,1400,Arterial,True,45,48 Street
E02812,N03177,N03994,0.082,0.1,50.0,600,Local / Street,False,,4 Avenue
E02813,N02416,N02556,1.873,1.12,100.0,1600,Expressway / Highway,True,216,Anthony Henday Drive
E02814,N01676,N01677,11.328,7.55,90.0,1400,Arterial,True,827,827 Highway
E02815,N03525,N03530,2.296,1.53,90.0,1400,Arterial,True,831,48 Street
E02816,N03525,N03528,1.952,1.3,90.0,1400,Arterial,True,15,15 Highway
E02817,N02417,N01714,0.911,0.91,60.0,1500,Ramp,True,216,Anthony Henday Drive
E02818,N02417,N02555,1.874,1.12,100.0,1600,Expressway / Highway,True,216,Anthony Henday Drive
E02819,N01049,N01050,0.034,0.02,100.0,1600,Expressway / Highway,True,,44 Street
E02820,N01049,N01054,0.185,0.11,100.0,1600,Expressway / Highway,True,,
E02821,N01050,N01055,0.143,0.09,100.0,1600,Expressway / Highway,True,,
E02822,N01050,N01052,0.133,0.08,100.0,1600,Expressway / Highway,True,,44 Street
E02823,N01051,N01052,0.008,0.01,100.0,1600,Expressway / Highway,True,,
E02824,N01052,N01058,0.117,0.07,100.0,1600,Expressway / Highway,True,,44 Street
E02825,N01052,N01056,0.165,0.1,100.0,1600,Expressway / Highway,True,,
E02826,N01053,N01057,0.207,0.12,100.0,1600,Expressway / Highway,True,,
E02827,N02917,N02959,12.403,8.27,90.0,1400,Arterial,True,2,3 Avenue Northwest
E02828,N02917,N02919,1.813,2.18,50.0,600,Local / Street,True,,3 Street Northwest
E02829,N02917,N02920,14.297,9.53,90.0,1400,Arterial,True,2,3 Avenue Northwest
E02830,N01056,N01057,0.039,0.02,100.0,1600,Expressway / Highway,True,,44 Street
E02831,N00857,N00997,10.367,6.91,90.0,1400,Arterial,True,617,617 Highway
E02832,N01057,N01060,0.134,0.08,100.0,1600,Expressway / Highway,True,,44 Street
E02833,N01058,N01061,0.542,0.54,60.0,1500,Ramp,True,,
E02834,N01058,N01059,0.218,0.13,100.0,1600,Expressway / Highway,True,,44 Street
E02835,N01059,N01060,0.012,0.01,100.0,1600,Expressway / Highway,True,,
E02836,N01059,N01064,0.335,0.2,100.0,1600,Expressway / Highway,True,16,Trans-Canada Highway
E02837,N01060,N01069,1.906,1.14,100.0,1600,Expressway / Highway,True,16,Trans-Canada Highway
E02838,N03526,N03530,3.446,2.3,90.0,1400,Arterial,True,29,29 Highway
E02839,N03526,N03528,2.031,1.35,90.0,1400,Arterial,True,15,15 Highway
E02840,N01678,N01679,2.227,1.67,80.0,1000,Collector,True,,Calling Lake Drive
E02841,N04003,N03813,0.269,0.27,60.0,1500,Ramp,True,,
E02842,N04003,N03815,0.358,0.22,100.0,1600,Expressway / Highway,True,63,Sakitawaw Trail
E02843,N03527,N03528,0.35,0.26,80.0,1000,Collector,True,,Range Road 195
E02844,N02918,N02921,5.938,3.96,90.0,1400,Arterial,True,2A,2A Highway
E02845,N02918,N02953,21.429,14.29,90.0,1400,Arterial,True,2A,2A Highway
E02846,N02918,N02724,41.296,27.53,90.0,1400,Arterial,True,747,747 Highway
E02847,N01062,N01092,7.799,5.2,90.0,1400,Arterial,True,17,17 Highway
E02848,N03761,N03562,18.523,12.35,90.0,1400,Arterial,True,36,36 Highway
E02849,N03761,N03763,17.794,11.86,90.0,1400,Arterial,True,36,36 Highway
E02850,N00076,N00077,0.781,0.47,100.0,1600,Expressway / Highway,True,16,Trans-Canada Highway
E02851,N00076,N00078,0.771,0.46,100.0,1600,Expressway / Highway,True,16,Trans-Canada Highway
E02852,N03762,N03545,59.607,39.74,90.0,1400,Arterial,True,855,855 Highway
E02853,N03762,N03764,33.983,22.66,90.0,1400,Arterial,True,663,663 Highway
E02854,N00077,N00078,0.028,0.02,90.0,1400,Arterial,True,40,40 Highway
E02855,N00077,N02587,117.294,78.2,90.0,1400,Arterial,True,40,40 Highway
E02856,N00077,N00079,1.965,1.18,100.0,1600,Expressway / Highway,True,16,Trans-Canada Highway
E02857,N02702,N02704,0.916,0.92,60.0,1500,Ramp,True,43,Township Road 722 West
E02858,N02702,N02705,0.955,0.57,100.0,1600,Expressway / Highway,True,43,43 Highway
E02859,N02703,N02705,0.047,0.03,90.0,1400,Arterial,True,670;733,733 Highway
E02860,N02703,N02935,15.89,10.59,90.0,1400,Arterial,True,733,733 Highway
E02861,N02704,N02705,0.248,0.17,90.0,1400,Arterial,True,670,670 Highway
E02862,N03529,N03544,21.107,14.07,90.0,1400,Arterial,True,45,45 Highway
E02863,N03529,N03530,12.95,8.63,90.0,1400,Arterial,True,831,831 Highway
E02864,N03529,N03532,6.493,4.33,90.0,1400,Arterial,True,45,45 Highway
E02865,N03530,N03534,29.288,19.53,90.0,1400,Arterial,True,29,29 Highway
E02866,N03531,N03532,12.841,8.56,90.0,1400,Arterial,True,45,48 Street
E02867,N00078,N00080,1.966,1.18,100.0,1600,Expressway / Highway,True,16,Trans-Canada Highway
E02868,N03227,N03207,0.67,0.67,60.0,1500,Ramp,True,14,
E02869,N03227,N03222,0.29,0.29,60.0,1500,Ramp,True,216,
E02870,N01063,N01064,0.137,0.14,60.0,1500,Ramp,True,,
E02871,N01064,N01065,0.318,0.19,100.0,1600,Expressway / Highway,True,16,Trans-Canada Highway
E02872,N01065,N01066,0.05,0.05,60.0,1500,Ramp,True,,Trans-Canada Highway
E02873,N01065,N01068,0.067,0.04,100.0,1600,Expressway / Highway,True,16,Trans-Canada Highway
E02874,N03228,N03225,0.22,0.22,60.0,1500,Ramp,True,216,
E02875,N03228,N03233,1.909,1.15,100.0,1600,Expressway / Highway,True,216,Anthony Henday Drive
E02876,N01067,N01068,0.037,0.04,60.0,1500,Ramp,True,,Trans-Canada Highway
E02877,N01068,N01070,1.437,0.86,100.0,1600,Expressway / Highway,True,16,Trans-Canada Highway
E02878,N00079,N00097,4.804,2.88,100.0,1600,Expressway / Highway,True,16,Trans-Canada Highway
E02879,N00079,N00080,0.013,0.01,90.0,1400,Arterial,True,40,Range Road 254
E02880,N02920,N02955,19.32,16.56,70.0,600,Arterial,False,679,679 Highway
E02881,N02920,N02921,20.965,13.98,90.0,1400,Arterial,True,2,2 Highway
E02882,N02920,N02928,21.791,14.53,90.0,1400,Arterial,True,679,679 Highway
E02883,N00080,N00082,0.077,0.05,100.0,1600,Expressway / Highway,True,16,Trans-Canada Highway
E02884,N00080,N00081,0.132,0.09,90.0,1400,Arterial,True,40,40 Highway
E02885,N00081,N00082,0.175,0.18,60.0,1500,Ramp,True,16,Trans-Canada Highway
E02886,N00082,N00096,4.632,2.78,100.0,1600,Expressway / Highway,True,16,Trans-Canada Highway
E02887,N01069,N01080,0.055,0.05,60.0,1500,Ramp,True,16,Trans-Canada Highway
E02888,N01069,N01071,0.977,0.59,100.0,1600,Expressway / Highway,True,16,Trans-Canada Highway
E02889,N01070,N01090,0.652,0.39,100.0,1600,Expressway / Highway,True,16,Trans-Canada Highway
E02890,N01070,N01093,0.685,0.81,50.7,600,Local / Street,True,16,Trans-Canada Highway
E02891,N02619,N02621,1.52,1.25,72.7,600,Collector,True,,Hoppe Avenue
E02892,N02619,N02620,0.682,0.41,100.0,1600,Expressway / Highway,True,,40 Highway
E02893,N02619,N02622,0.72,0.48,90.0,1400,Arterial,True,40,100 Street
E02894,N01518,N01522,0.504,0.3,100.0,1600,Expressway / Highway,True,216,Anthony Henday Drive
E02895,N01518,N01537,0.901,0.9,60.0,1500,Ramp,True,216,
E02896,N01519,N01525,0.501,0.5,60.0,1500,Ramp,True,,Anthony Henday Drive
E02897,N03780,N03779,9.702,6.47,90.0,1400,Arterial,True,882,882 Highway
E02898,N03780,N03642,26.592,17.73,90.0,1400,Arterial,True,660,660 Highway
E02899,N01521,N01522,0.488,0.49,60.0,1500,Ramp,True,,Anthony Henday Drive
E02900,N01522,N02547,0.55,0.33,100.0,1600,Expressway / Highway,True,216,Anthony Henday Drive
E02901,N02620,N02622,1.393,0.88,94.6,1400,Arterial,True,40,40 Highway
E02902,N02620,N02587,19.831,13.22,90.0,1400,Arterial,True,40,40 Highway
E02903,N01523,N01524,0.04,0.04,60.0,1500,Ramp,True,,Anthony Henday Drive
E02904,N01524,N02546,0.048,0.05,60.0,1500,Ramp,True,,Anthony Henday Drive
E02905,N01524,N02547,0.529,0.53,60.0,1500,Ramp,True,216,Anthony Henday Drive
E02906,N01525,N02545,0.357,0.21,100.0,1600,Expressway / Highway,True,216,Anthony Henday Drive
E02907,N03074,N03075,3.684,2.73,81.0,600,Arterial,True,58,58 Highway
E02908,N03229,N03208,0.42,0.42,60.0,1500,Ramp,True,216,
E02909,N03229,N03209,0.289,0.29,60.0,1500,Ramp,True,216,
E02910,N02921,N02924,3.307,2.2,90.0,1400,Arterial,True,2,2 Highway
E02911,N01071,N01091,0.07,0.07,60.0,1500,Ramp,True,16,Trans-Canada Highway
E02912,N01071,N01076,0.237,0.14,100.0,1600,Expressway / Highway,True,16,Trans-Canada Highway
E02913,N03230,N03226,1.714,1.03,100.0,1600,Expressway / Highway,True,216,216 Highway
E02914,N03230,N03234,1.6,0.96,100.0,1600,Expressway / Highway,True,216,Anthony Henday Drive
E02915,N01072,N01090,0.044,0.04,60.0,1500,Ramp,True,16,Trans-Canada Highway
E02916,N00858,N00955,0.117,0.08,90.0,1400,Arterial,True,,625 Highway
E02917,N00858,N00955,0.163,0.16,60.0,1500,Ramp,True,,
E02918,N00858,N00860,0.075,0.05,90.0,1400,Arterial,True,,625 Highway
E02919,N00859,N00954,0.166,0.17,60.0,1500,Ramp,True,,
E02920,N00859,N00954,0.111,0.07,90.0,1400,Arterial,True,,625 Highway
E02921,N00859,N00861,0.093,0.06,90.0,1400,Arterial,True,,625 Highway
E02922,N00860,N00862,0.211,0.14,90.0,1400,Arterial,True,,625 Highway
E02923,N00860,N00862,0.267,0.27,60.0,1500,Ramp,True,,
E02924,N01073,N01076,0.074,0.07,60.0,1500,Ramp,True,16,Trans-Canada Highway
E02925,N00861,N00863,0.271,0.27,60.0,1500,Ramp,True,,
E02926,N00861,N00863,0.216,0.14,90.0,1400,Arterial,True,,625 Highway
E02927,N01074,N01090,0.329,0.2,100.0,1600,Expressway / Highway,True,16,Trans-Canada Highway
E02928,N01074,N01084,0.103,0.06,100.0,1600,Expressway / Highway,True,16,Trans-Canada Highway
E02929,N01074,N01075,0.061,0.06,60.0,1500,Ramp,True,16,Trans-Canada Highway
E02930,N00862,N00870,0.352,0.23,90.0,1400,Arterial,True,,625 Highway
E02931,N00863,N00870,0.336,0.22,90.0,1400,Arterial,True,,625 Highway
E02932,N01076,N01082,0.108,0.06,100.0,1600,Expressway / Highway,True,16,Trans-Canada Highway
E02933,N02922,N02924,0.142,0.14,60.0,1500,Ramp,True,2,
E02934,N02923,N02924,1.699,1.13,90.0,1400,Arterial,True,2,2 Highway
E02935,N02923,N02926,0.443,0.44,60.0,600,Ramp,False,2,
E02936,N02923,N02926,0.357,0.24,90.0,1400,Arterial,True,2,2 Highway
E02937,N01077,N01078,0.059,0.06,60.0,1500,Ramp,True,17,52 Street
E02938,N01077,N01100,15.414,10.28,90.0,1400,Arterial,True,17,50 Avenue
E02939,N01077,N01081,0.804,0.54,90.0,1400,Arterial,True,17,50 Avenue
E02940,N03233,N03232,0.28,0.28,60.0,1500,Ramp,True,216,
E02941,N00473,N00307,6.485,4.32,90.0,1400,Arterial,True,33,49 Street
E02942,N00473,N00476,1.332,0.89,90.0,3000,Arterial,True,33,49 Street
E02943,N00864,N00961,0.061,0.06,60.0,1500,Ramp,True,2,
E02944,N00864,N00865,0.085,0.09,60.0,1500,Ramp,True,2,
E02945,N00864,N00958,0.956,0.96,60.0,1500,Ramp,True,2,
E02946,N00474,N00475,1.629,1.09,90.0,1400,Arterial,True,18,18 Highway
E02947,N00474,N00476,1.905,1.27,90.0,1400,Arterial,True,33,33 Highway
E02948,N00866,N00867,0.699,0.7,60.0,1500,Ramp,True,2,
E02949,N03234,N03235,0.343,0.34,60.0,1500,Ramp,True,,23349 Wye Road
E02950,N03996,N02950,49.248,32.83,90.0,1400,Arterial,True,740,740 Highway
E02951,N03763,N03765,1.176,0.78,90.0,1400,Arterial,True,36,100 Street
E02952,N03763,N03772,2.52,1.68,90.0,1400,Arterial,True,881,881 Highway
E02953,N03763,N03767,1.839,1.23,90.0,1400,Arterial,True,55,55 Highway
E02954,N02418,N02420,0.013,0.01,60.0,1500,Ramp,True,,
E02955,N02419,N02420,0.008,0.01,60.0,1500,Ramp,True,,
E02956,N00867,N00872,1.7,1.02,100.0,1600,Expressway / Highway,True,2,Gateway Boulevard
E02957,N00867,N00960,1.073,1.07,60.0,1500,Ramp,True,2,
E02958,N00867,N00958,1.538,0.92,100.0,1600,Expressway / Highway,True,2,Gateway Boulevard
E02959,N02420,N02427,0.792,0.79,60.0,1500,Ramp,True,,
E02960,N02420,N02432,0.132,0.13,60.0,1500,Ramp,True,,
E02961,N00868,N00962,0.818,0.49,100.0,1600,Expressway / Highway,True,2,Calgary Trail
E02962,N00868,N03961,0.591,0.59,60.0,1500,Ramp,True,2,
E02963,N00868,N00869,1.214,0.73,100.0,1600,Expressway / Highway,True,2,Calgary Trail
E02964,N00869,N03962,0.461,0.46,60.0,1500,Ramp,True,2,
E02965,N00869,N00873,0.311,0.19,100.0,1600,Expressway / Highway,True,2,Calgary Trail
E02966,N03532,N03533,6.466,4.31,90.0,1400,Arterial,True,38,38 Highway
E02967,N02421,N02424,0.594,0.59,60.0,1500,Ramp,True,216,
E02968,N01079,N01082,0.055,0.05,60.0,1500,Ramp,True,16,Trans-Canada Highway
E02969,N02925,N02926,0.167,0.11,90.0,1400,Arterial,True,2,2 Highway
E02970,N02925,N02929,7.31,4.87,90.0,1400,Arterial,True,2,2 Highway
E02971,N02925,N02927,0.213,0.21,60.0,1500,Ramp,True,2,
E02972,N01940,N01947,0.646,0.39,100.0,1600,Expressway / Highway,True,14,Whitemud Drive
E02973,N00475,N00478,22.845,15.23,90.0,1400,Arterial,True,769,769 Highway
E02974,N00475,N00283,15.348,10.23,90.0,1400,Arterial,True,18,18 Highway
E02975,N02422,N02425,0.443,0.27,100.0,1600,Expressway / Highway,True,216,Anthony Henday Drive
E02976,N02424,N02431,0.275,0.27,60.0,1500,Ramp,True,216,
E02977,N02423,N02427,1.034,1.03,60.0,1500,Ramp,True,,
E02978,N02423,N02428,0.549,0.33,100.0,1600,Expressway / Highway,True,216,Anthony Henday Drive
E02979,N02425,N02427,0.708,0.71,60.0,1500,Ramp,True,,
E02980,N02425,N02429,1.542,0.93,100.0,1600,Expressway / Highway,True,216,Anthony Henday Drive
E02981,N01941,N01951,0.094,0.09,60.0,1500,Ramp,True,14,
E02982,N01942,N01943,0.072,0.07,60.0,1500,Ramp,True,14,
E02983,N01943,N01951,0.156,0.16,60.0,1500,Ramp,True,14,
E02984,N01943,N01947,0.428,0.43,60.0,1500,Ramp,True,14,
E02985,N03764,N03774,21.465,14.31,90.0,1400,Arterial,True,55,55 Highway
E02986,N03764,N03766,3.527,2.35,90.0,1400,Arterial,True,55,55 Highway
E02987,N01944,N01949,0.098,0.1,60.0,1500,Ramp,True,14,
E02988,N02428,N02430,1.289,0.77,100.0,1600,Expressway / Highway,True,216,Anthony Henday Drive
E02989,N01945,N01949,0.143,0.14,60.0,1500,Ramp,True,14,
E02990,N01945,N01946,0.073,0.07,60.0,1500,Ramp,True,14,
E02991,N01945,N01950,0.477,0.48,60.0,1500,Ramp,True,14,
E02992,N02623,N02587,0.088,0.09,60.0,1500,Ramp,True,40,
E02993,N02429,N02440,1.304,0.78,100.0,1600,Expressway / Highway,True,216,Anthony Henday Drive
E02994,N02429,N02441,0.264,0.26,60.0,1500,Ramp,True,16,Trans-Canada Highway
E02995,N02430,N02439,0.911,0.55,100.0,1600,Expressway / Highway,True,216,Anthony Henday Drive
E02996,N02430,N02438,2.249,2.25,60.0,1500,Ramp,True,16,Trans-Canada Highway
E02997,N00870,N00876,5.997,4.0,90.0,1400,Arterial,True,625,625 Highway
E02998,N01526,N01530,0.074,0.07,60.0,1500,Ramp,True,28,
E02999,N01526,N01532,0.059,0.04,90.0,1400,Arterial,True,28,28 Highway
E03000,N01526,N01709,0.529,0.35,90.0,1400,Arterial,True,28,28 Highway
E03001,N01527,N01531,0.037,0.02,90.0,1400,Arterial,True,28,28 Highway
E03002,N01527,N01528,0.048,0.05,60.0,1500,Ramp,True,28,
E03003,N01527,N01709,0.549,0.37,90.0,1400,Arterial,True,28,28 Highway
E03004,N03384,N03385,0.293,0.29,60.0,1500,Ramp,True,16,Trans-Canada Highway
E03005,N01529,N01531,0.051,0.05,60.0,1500,Ramp,True,28,
E03006,N01947,N01952,0.94,0.56,100.0,1600,Expressway / Highway,True,14,Whitemud Drive
E03007,N01948,N01950,1.003,0.6,100.0,1600,Expressway / Highway,True,14,Whitemud Drive
E03008,N01948,N01949,0.382,0.38,60.0,1500,Ramp,True,14,
E03009,N01950,N02013,0.616,0.37,100.0,1600,Expressway / Highway,True,14,Whitemud Drive
E03010,N01951,N01952,0.369,0.37,60.0,1500,Ramp,True,14,
E03011,N00871,N00872,0.216,0.22,60.0,1500,Ramp,True,2,
E03012,N00872,N00875,0.593,0.36,100.0,1600,Expressway / Highway,True,2,Gateway Boulevard
E03013,N00873,N00874,0.418,0.42,60.0,1500,Ramp,True,2,
E03014,N00873,N01772,0.775,0.47,100.0,1600,Expressway / Highway,True,2,Calgary Trail
E03015,N00874,N01760,0.162,0.16,60.0,1500,Ramp,True,,
E03016,N00874,N01761,0.119,0.12,60.0,1500,Ramp,True,2,
E03017,N00875,N01764,0.529,0.53,60.0,1500,Ramp,True,2,
E03018,N00875,N01767,0.908,0.54,100.0,1600,Expressway / Highway,True,2,Gateway Boulevard
E03019,N03765,N03775,0.399,0.48,50.0,600,Local / Street,True,,94 Avenue
E03020,N00083,N00099,0.099,0.12,50.0,600,Local / Street,True,,Timber Street
E03021,N01531,N01532,0.01,0.01,60.0,1500,Ramp,True,28,
E03022,N01531,N01535,0.559,0.37,90.0,1400,Arterial,True,28,28 Highway
E03023,N01532,N01534,0.034,0.02,90.0,1400,Arterial,True,28,28 Highway
E03024,N03075,N03080,43.868,29.25,90.0,1400,Arterial,True,58,58 Highway
E03025,N01081,N01085,0.061,0.06,60.0,1500,Ramp,True,16,Trans-Canada Highway
E03026,N01081,N01087,0.044,0.03,90.0,1400,Arterial,True,17,50 Avenue
E03027,N01082,N01085,0.223,0.13,100.0,1600,Expressway / Highway,True,16,Trans-Canada Highway
E03028,N01533,N01534,0.043,0.04,60.0,1500,Ramp,True,28,
E03029,N01083,N01084,0.052,0.05,60.0,1500,Ramp,True,16,Trans-Canada Highway
E03030,N01535,N01534,0.523,0.35,90.0,1400,Arterial,True,28,28 Highway
E03031,N01535,N01536,2.74,1.83,90.0,1400,Arterial,True,28,28 Highway
E03032,N03766,N03767,0.038,0.03,90.0,1400,Arterial,True,55,55 Highway
E03033,N03766,N03768,0.038,0.03,90.0,1400,Arterial,True,55,101 Avenue
E03034,N00084,N00086,74.814,44.89,100.0,1600,Expressway / Highway,True,16,Trans-Canada Highway
E03035,N00084,N00085,0.076,0.08,60.0,1500,Ramp,True,16,Trans-Canada Highway
E03036,N00084,N00085,0.033,0.02,100.0,1600,Expressway / Highway,True,16,Trans-Canada Highway
E03037,N01084,N01086,0.216,0.13,100.0,1600,Expressway / Highway,True,16,Trans-Canada Highway
E03038,N00085,N00099,0.798,0.48,100.0,1600,Expressway / Highway,True,16,Trans-Canada Highway
E03039,N01952,N02011,0.57,0.34,100.0,1600,Expressway / Highway,True,14,Whitemud Drive
E03040,N03767,N03768,0.052,0.05,60.0,1500,Ramp,True,55,
E03041,N01085,N01087,0.043,0.03,100.0,1600,Expressway / Highway,True,16,Trans-Canada Highway
E03042,N01086,N01088,0.039,0.02,100.0,1600,Expressway / Highway,True,16,Trans-Canada Highway
E03043,N01086,N01089,0.064,0.06,60.0,1500,Ramp,True,16,Trans-Canada Highway
E03044,N01087,N01088,0.018,0.01,90.0,1400,Arterial,True,17,50 Avenue
E03045,N01088,N01089,0.048,0.03,90.0,1400,Arterial,True,17,50 Avenue
E03046,N01089,N01094,1.816,1.21,90.0,1400,Arterial,True,17,50 Avenue
E03047,N01536,N01330,8.683,5.79,90.0,1400,Arterial,True,37,37 Highway
E03048,N01536,N02540,9.77,6.51,90.0,1400,Arterial,True,28,28 Highway
E03049,N03632,N03645,17.566,11.71,90.0,1400,Arterial,True,28,28 Highway
E03050,N03632,N03779,16.546,11.03,90.0,1400,Arterial,True,28,28 Highway
E03051,N03632,N03641,7.941,5.29,90.0,1400,Arterial,True,41,41 Highway
E03052,N03769,N03768,0.815,0.54,90.0,1400,Arterial,True,55,101 Avenue
E03053,N03769,N03777,0.012,0.01,90.0,1400,Arterial,True,881,101 Avenue
E03054,N02929,N02930,0.13,0.09,90.0,1400,Arterial,True,2,2 Highway
E03055,N02929,N02933,0.354,0.24,90.0,1400,Arterial,True,2,2 Highway
E03056,N02930,N02932,0.359,0.24,90.0,1400,Arterial,True,2,2 Highway
E03057,N02930,N02931,0.092,0.09,60.0,1500,Ramp,True,2,
E03058,N00205,N00265,0.894,0.6,90.0,1400,Arterial,True,39,39 Highway
E03059,N02932,N02933,0.136,0.09,90.0,1400,Arterial,True,2,2 Highway
E03060,N02933,N02934,0.15,0.15,60.0,1500,Ramp,True,2,
E03061,N00206,N00218,0.336,0.22,90.0,1400,Arterial,True,39,39 Highway
E03062,N00206,N00215,0.333,0.22,90.0,1400,Arterial,True,39,39 Highway
E03063,N00206,N00265,4.537,3.02,90.0,1400,Arterial,True,39,39 Highway
E03064,N00477,N00478,15.481,11.1,83.7,600,Arterial,True,661;769,661 Highway
E03065,N03770,N03772,0.084,0.08,60.0,1500,Ramp,True,881,
E03066,N03770,N03771,0.047,0.03,90.0,1400,Arterial,True,881,881 Highway
E03067,N03770,N03791,26.202,17.47,90.0,1400,Arterial,True,881,881 Highway
E03068,N03771,N03772,0.064,0.04,90.0,1400,Arterial,True,881,881 Highway
E03069,N03771,N03773,7.864,6.06,77.9,600,Arterial,True,663,663 Highway
E03070,N00207,N00208,0.208,0.12,100.0,1600,Expressway / Highway,True,,Halicz Glidehurst Road
E03071,N00208,N00210,0.073,0.07,60.0,1500,Ramp,True,,Halicz Glidehurst Road
E03072,N00208,N00209,0.1,0.1,60.0,1500,Ramp,True,,
E03073,N00209,N00224,0.017,0.02,60.0,1500,Ramp,True,,19 Highway
E03074,N00209,N00226,0.012,0.01,100.0,1600,Expressway / Highway,True,,60 Highway
E03075,N00209,N00233,14.19,8.51,100.0,1600,Expressway / Highway,True,60,60 Highway
E03076,N00210,N00227,0.098,0.1,60.0,1500,Ramp,True,,
E03077,N00210,N00226,0.037,0.04,60.0,1500,Ramp,True,,Halicz Glidehurst Road
E03078,N00211,N00223,0.361,0.36,60.0,1500,Ramp,True,,
E03079,N00211,N00214,0.221,0.22,60.0,1500,Ramp,True,,
E03080,N00211,N00230,0.028,0.02,90.0,1400,Arterial,True,19,Devonian Trail
E03081,N00212,N00250,1.587,0.95,100.0,1600,Expressway / Highway,True,,19 Highway
E03082,N00212,N00229,0.475,0.48,60.0,1500,Ramp,True,,
E03083,N00212,N00221,0.119,0.12,60.0,1500,Ramp,True,,
E03084,N02433,N03255,0.409,0.41,60.0,1500,Ramp,True,,
E03085,N02433,N03256,0.098,0.1,60.0,1500,Ramp,True,,
E03086,N02433,N02434,0.064,0.06,60.0,1500,Ramp,True,,
E03087,N03179,N03181,0.438,0.29,90.0,1400,Arterial,True,2,2 Highway
E03088,N03179,N03182,0.444,0.3,90.0,1400,Arterial,True,2,2 Highway
E03089,N02707,N02696,0.047,0.03,90.0,1400,Arterial,True,665,665 Highway
E03090,N02707,N02712,7.309,4.39,100.0,1600,Expressway / Highway,True,43,43 Highway
E03091,N03774,N03790,3.236,2.16,90.0,1400,Arterial,True,858,858 Highway
E03092,N03403,N03261,0.059,0.06,60.0,1500,Ramp,True,16,Trans-Canada Highway
E03093,N03180,N03184,0.228,0.15,90.0,3000,Arterial,True,2,51 Street
E03094,N03180,N03185,0.713,0.48,90.0,1400,Arterial,True,2A,55 Avenue
E03095,N02435,N02461,0.053,0.05,60.0,1500,Ramp,True,216,
E03096,N03181,N03182,0.016,0.01,90.0,1400,Arterial,True,684,684 Highway
E03097,N03181,N03183,0.502,0.33,90.0,1400,Arterial,True,2,2 Highway
E03098,N03182,N03189,11.035,7.36,90.0,1400,Arterial,True,684,684 Highway
E03099,N03182,N03183,0.516,0.34,90.0,1400,Arterial,True,2,2 Highway
E03100,N03487,N03494,0.16,0.16,60.0,1500,Ramp,True,,
E03101,N01680,N01681,5.257,3.66,86.2,1000,Arterial,True,754,Neewatin Drive
E03102,N02436,N02437,0.072,0.07,60.0,1500,Ramp,True,216,
E03103,N02436,N02444,0.851,0.85,60.0,1500,Ramp,True,216,
E03104,N02436,N02445,0.654,0.65,60.0,1500,Ramp,True,216,
E03105,N02437,N02451,0.323,0.32,60.0,1500,Ramp,True,216,
E03106,N02437,N02443,0.952,0.95,60.0,1500,Ramp,True,216,
E03107,N00478,N00285,16.199,13.88,70.0,600,Arterial,False,661,661 Highway
E03108,N01681,N01682,2.896,1.93,90.0,1400,Arterial,True,754,Mistassiniy Road North
E03109,N02708,N02712,0.01,0.01,90.0,1400,Arterial,True,49,49 Highway
E03110,N02708,N02709,0.009,0.01,90.0,1400,Arterial,True,49,49 Highway
E03111,N02708,N02711,0.087,0.09,60.0,1500,Ramp,True,43,
E03112,N02709,N02714,0.038,0.03,81.9,1400,Arterial,True,49,49 Highway
E03113,N02709,N02713,0.045,0.03,100.0,1600,Expressway / Highway,True,43,43 Highway
E03114,N02709,N02710,0.051,0.03,100.0,1600,Expressway / Highway,True,43,43 Highway
E03115,N03997,N03306,3.231,2.15,90.0,1400,Arterial,True,17,17 Highway
E03116,N03488,N03489,0.088,0.09,60.0,1500,Ramp,True,15,
E03117,N01092,N01095,10.752,7.17,90.0,1400,Arterial,True,17,17 Highway
E03118,N02438,N02458,0.357,0.36,60.0,1500,Ramp,True,216,
E03119,N02438,N02459,0.459,0.46,60.0,1500,Ramp,True,,
E03120,N02710,N02696,7.263,4.36,100.0,1600,Expressway / Highway,True,43,43 Highway
E03121,N02710,N02714,0.067,0.07,60.0,1500,Ramp,True,43,
E03122,N00214,N00232,3.001,1.8,100.0,1600,Expressway / Highway,True,60,60 Highway
E03123,N00214,N00230,0.218,0.13,100.0,1600,Expressway / Highway,True,,60 Highway
E03124,N02439,N02480,1.226,0.74,100.0,1600,Expressway / Highway,True,216,Anthony Henday Drive
E03125,N02439,N02447,0.697,0.7,60.0,1500,Ramp,True,,
E03126,N02712,N02711,0.083,0.05,100.0,1600,Expressway / Highway,True,43,43 Highway
E03127,N02713,N02716,0.961,0.58,100.0,1600,Expressway / Highway,True,43,43 Highway
E03128,N02713,N02714,0.058,0.06,60.0,1500,Ramp,True,43,
E03129,N02440,N02487,0.627,0.38,100.0,1600,Expressway / Highway,True,216,Anthony Henday Drive
E03130,N02440,N02447,1.098,1.1,60.0,1500,Ramp,True,,
E03131,N03183,N03184,2.623,1.75,90.0,1400,Arterial,True,2,2 Highway
E03132,N02441,N02465,1.469,1.47,60.0,1500,Ramp,True,,
E03133,N02441,N02444,0.819,0.82,60.0,1500,Ramp,True,16,Trans-Canada Highway
E03134,N02442,N02446,0.36,0.22,100.0,1600,Expressway / Highway,True,16,Trans-Canada Highway
E03135,N02442,N02464,1.048,0.63,100.0,1600,Expressway / Highway,True,16,Trans-Canada Highway
E03136,N02442,N02469,1.138,1.14,60.0,1500,Ramp,True,,
E03137,N02443,N02460,0.891,0.53,100.0,1600,Expressway / Highway,True,16,Trans-Canada Highway
E03138,N02443,N02463,0.527,0.32,100.0,1600,Expressway / Highway,True,16,Trans-Canada Highway
E03139,N02444,N02460,0.931,0.93,60.0,1500,Ramp,True,16,Trans-Canada Highway
E03140,N02445,N02473,0.932,0.93,60.0,1500,Ramp,True,,
E03141,N02445,N02450,1.003,1.0,60.0,1500,Ramp,True,,
E03142,N02446,N02457,0.611,0.37,100.0,1600,Expressway / Highway,True,16,Trans-Canada Highway
E03143,N02446,N02487,0.909,0.91,60.0,1500,Ramp,True,,
E03144,N02715,N02716,0.718,0.64,66.9,600,Collector,True,,53 Street
E03145,N02447,N02448,0.431,0.43,60.0,1500,Ramp,True,,
E03146,N02448,N02449,0.148,0.15,60.0,1500,Ramp,True,,
E03147,N02448,N02463,0.877,0.88,60.0,1500,Ramp,True,,
E03148,N02449,N02108,1.205,0.72,100.0,1600,Expressway / Highway,True,16,Trans-Canada Highway
E03149,N02449,N02463,0.772,0.46,100.0,1600,Expressway / Highway,True,16,Trans-Canada Highway
E03150,N02450,N03253,1.48,0.89,100.0,1600,Expressway / Highway,True,16,Trans-Canada Highway
E03151,N02450,N02460,0.305,0.18,100.0,3600,Expressway / Highway,True,16,Trans-Canada Highway
E03152,N02451,N02452,0.139,0.14,60.0,1500,Ramp,True,,
E03153,N02451,N02455,0.162,0.16,60.0,1500,Ramp,True,216,
E03154,N00215,N00218,0.04,0.02,100.0,1600,Expressway / Highway,True,60,60 Highway
E03155,N00215,N00216,0.037,0.02,90.0,1400,Arterial,True,39,39 Highway
E03156,N00216,N00217,0.039,0.02,100.0,1600,Expressway / Highway,True,60,60 Highway
E03157,N00217,N00218,0.042,0.03,90.0,1400,Arterial,True,39,39 Highway
E03158,N00219,N00229,0.294,0.18,100.0,1600,Expressway / Highway,True,,60 Highway
E03159,N00219,N00220,0.757,0.45,100.0,1600,Expressway / Highway,True,,60 Highway
E03160,N00876,N00977,11.307,7.54,90.0,1400,Arterial,True,625,625 Highway
E03161,N00876,N00877,1.078,0.72,90.0,1400,Arterial,True,,814 Highway
E03162,N00220,N00222,0.161,0.1,100.0,1600,Expressway / Highway,True,,60 Highway
E03163,N00220,N00228,0.036,0.04,60.0,1500,Ramp,True,,
E03164,N00221,N00229,0.419,0.25,100.0,1600,Expressway / Highway,True,,60 Highway
E03165,N00221,N00224,0.389,0.23,100.0,1600,Expressway / Highway,True,,60 Highway
E03166,N00221,N00228,0.011,0.01,60.0,1500,Ramp,True,,
E03167,N00222,N00227,0.079,0.05,100.0,1600,Expressway / Highway,True,,60 Highway
E03168,N00222,N00228,0.196,0.2,60.0,1500,Ramp,True,,
E03169,N00223,N00249,1.355,0.81,100.0,1600,Expressway / Highway,True,,19 Highway
E03170,N00223,N00224,0.319,0.32,60.0,1500,Ramp,True,,19 Highway
E03171,N00224,N00226,0.024,0.02,60.0,1500,Ramp,True,,Halicz Glidehurst Road
E03172,N00224,N00230,0.163,0.1,100.0,1600,Expressway / Highway,True,,60 Highway
E03173,N00225,N00230,0.012,0.01,90.0,1400,Arterial,True,19,Devonian Trail
E03174,N02453,N03255,0.965,0.58,100.0,1600,Expressway / Highway,True,16,Trans-Canada Highway
E03175,N02453,N02459,0.279,0.28,60.0,1500,Ramp,True,,
E03176,N02453,N02457,0.745,0.45,100.0,1600,Expressway / Highway,True,16,Trans-Canada Highway
E03177,N00226,N00227,0.09,0.05,100.0,1600,Expressway / Highway,True,,60 Highway
E03178,N02454,N02455,0.07,0.07,60.0,1500,Ramp,True,,
E03179,N03637,N03635,8.172,5.45,90.0,1400,Arterial,True,41,41 Highway
E03180,N03637,N03636,0.471,0.31,90.0,1400,Arterial,True,41,41 Highway
E03181,N03637,N03638,0.557,0.37,90.0,1400,Arterial,True,41,41 Highway
E03182,N02455,N02456,0.666,0.67,60.0,1500,Ramp,True,216,
E03183,N03777,N03778,2.167,1.44,90.0,1400,Arterial,True,881,101 Avenue
E03184,N00231,N00232,0.137,0.14,60.0,1500,Ramp,True,60,
E03185,N02456,N03253,0.633,0.63,60.0,1500,Ramp,True,216,
E03186,N02456,N03249,0.874,0.87,60.0,1500,Ramp,True,,
E03187,N00232,N00234,10.799,6.48,100.0,1600,Expressway / Highway,True,60,60 Highway
E03188,N01953,N01954,0.226,0.23,60.0,1500,Ramp,True,16,Trans-Canada Highway
E03189,N01953,N01954,0.191,0.11,100.0,1600,Expressway / Highway,True,16,Trans-Canada Highway
E03190,N01953,N01955,0.078,0.05,100.0,1600,Expressway / Highway,True,16,Trans-Canada Highway
E03191,N01954,N01962,0.497,0.3,100.0,1600,Expressway / Highway,True,16,Trans-Canada Highway
E03192,N02457,N02458,0.405,0.4,60.0,1500,Ramp,True,216,
E03193,N02458,N02461,0.135,0.14,60.0,1500,Ramp,True,216,
E03194,N00479,N00576,0.519,0.52,60.0,1500,Ramp,True,16,Trans-Canada Highway
E03195,N00480,N00481,0.96,0.96,60.0,1500,Ramp,True,16,Trans-Canada Highway
E03196,N00480,N00581,0.771,0.72,64.7,1500,Ramp,True,16;60,Trans-Canada Highway
E03197,N00481,N00482,0.147,0.09,100.0,1600,Expressway / Highway,True,60,60 Highway
E03198,N00481,N00577,0.28,0.17,100.0,1600,Expressway / Highway,True,60,60 Highway
E03199,N00482,N00581,0.032,0.03,60.0,1500,Ramp,True,16,Trans-Canada Highway
E03200,N02459,N02462,0.281,0.28,60.0,1500,Ramp,True,216,
E03201,N01955,N02001,0.064,0.06,60.0,1500,Ramp,True,16,Trans-Canada Highway
E03202,N02461,N02510,0.047,0.05,60.0,1500,Ramp,True,216,
E03203,N02462,N02511,0.038,0.04,60.0,1500,Ramp,True,216,
E03204,N02462,N02509,0.048,0.05,60.0,1500,Ramp,True,216,
E03205,N02464,N02472,0.473,0.28,100.0,1600,Expressway / Highway,True,16,Trans-Canada Highway
E03206,N02464,N02465,0.571,0.57,60.0,1500,Ramp,True,,
E03207,N02465,N02473,0.567,0.57,60.0,1500,Ramp,True,,
E03208,N02466,N02467,0.291,0.23,75.9,1400,Arterial,True,,17 Street
E03209,N02467,N02472,0.557,0.56,60.0,1500,Ramp,True,,
E03210,N02467,N02469,0.012,0.01,90.0,1400,Arterial,True,,17 Street
E03211,N02467,N02468,0.078,0.08,60.0,1500,Ramp,True,,
E03212,N02469,N02470,0.009,0.01,60.0,1500,Ramp,True,,
E03213,N02469,N02471,0.055,0.04,90.0,1400,Arterial,True,,17 Street
E03214,N00483,N00565,6.402,4.27,90.0,1400,Arterial,True,44,44 Highway
E03215,N00483,N00484,10.327,7.22,85.8,600,Arterial,True,44,44 Highway
E03216,N02472,N02107,0.811,0.49,100.0,1600,Expressway / Highway,True,16,Trans-Canada Highway
E03217,N02473,N02480,0.259,0.26,60.0,1500,Ramp,True,,
E03218,N03185,N03188,10.71,7.14,90.0,1400,Arterial,True,2A,55 Avenue
E03219,N03185,N03186,1.142,1.37,50.0,600,Local / Street,True,,47 Street
E03220,N02474,N02476,1.16,0.7,100.0,1600,Expressway / Highway,True,216,Anthony Henday Drive
E03221,N02474,N02487,0.709,0.43,100.0,1600,Expressway / Highway,True,216,Anthony Henday Drive
E03222,N02474,N02482,0.327,0.33,60.0,1500,Ramp,True,,
E03223,N01575,N01574,0.141,0.14,60.0,1500,Ramp,True,16,Trans-Canada Highway
E03224,N01575,N01590,0.944,0.57,100.0,1600,Expressway / Highway,True,16,Trans-Canada Highway
E03225,N01575,N02530,1.786,1.07,100.0,1600,Expressway / Highway,True,16,Trans-Canada Highway
E03226,N02476,N02576,2.204,1.32,100.0,1600,Expressway / Highway,True,216,Anthony Henday Drive
E03227,N02476,N02481,0.505,0.5,60.0,1500,Ramp,True,,
E03228,N02475,N02480,1.059,0.64,100.0,1600,Expressway / Highway,True,216,Anthony Henday Drive
E03229,N02475,N02479,1.037,0.62,100.0,1600,Expressway / Highway,True,216,Anthony Henday Drive
E03230,N02475,N02484,0.539,0.54,60.0,1500,Ramp,True,,
E03231,N02477,N02484,0.128,0.13,60.0,1500,Ramp,True,,
E03232,N02478,N02485,0.055,0.06,60.0,1500,Ramp,True,,
E03233,N02478,N02479,0.805,0.8,60.0,1500,Ramp,True,,
E03234,N02478,N02483,0.063,0.06,60.0,1500,Ramp,True,,
E03235,N00877,N00878,0.442,0.53,50.0,600,Local / Street,True,,43 Avenue
E03236,N00877,N00968,0.078,0.05,90.0,3000,Arterial,True,,50 Street
E03237,N02479,N02577,1.653,0.99,100.0,1600,Expressway / Highway,True,216,Anthony Henday Drive
E03238,N02482,N02486,0.293,0.29,60.0,1500,Ramp,True,,
E03239,N02482,N02489,0.994,0.77,77.6,1400,Arterial,True,216,Aurum Road
E03240,N02481,N02493,0.15,0.15,60.0,1500,Ramp,True,,
E03241,N02481,N02486,0.079,0.08,60.0,1500,Ramp,True,,
E03242,N01576,N01573,0.095,0.09,60.0,1500,Ramp,True,16,Trans-Canada Highway
E03243,N02484,N02486,0.473,0.4,71.0,1400,Ramp,True,,Aurum Road
E03244,N03534,N03555,12.913,8.61,90.0,1400,Arterial,True,855,855 Highway
E03245,N01094,N01095,0.323,0.22,90.0,1400,Arterial,True,17,50 Avenue
E03246,N01094,N01098,0.071,0.05,90.0,1400,Arterial,True,17,50 Avenue
E03247,N02486,N02493,0.101,0.07,90.0,1400,Arterial,True,,Aurum Road
E03248,N02488,N02489,0.118,0.12,60.0,1500,Ramp,True,,Aurum Road
E03249,N02488,N02490,0.176,0.12,90.0,1400,Arterial,True,,Aurum Road
E03250,N02488,N02493,0.764,0.51,90.0,1400,Arterial,True,,Aurum Road
E03251,N02489,N02490,0.289,0.19,90.0,1400,Arterial,True,,Aurum Road
E03252,N02490,N02494,0.386,0.26,90.0,1400,Arterial,True,,Aurum Road
E03253,N02491,N02492,0.018,0.01,90.0,1400,Arterial,True,,17 Street
E03254,N02492,N02495,0.056,0.04,90.0,1400,Arterial,True,,17 Street
E03255,N02492,N02503,0.065,0.04,90.0,1400,Arterial,True,,17 Street
E03256,N02494,N02496,0.07,0.05,90.0,1400,Arterial,True,,Aurum Road
E03257,N02494,N02497,0.09,0.06,90.0,1400,Arterial,True,,Aurum Road
E03258,N02495,N02501,0.074,0.05,90.0,1400,Arterial,True,,17 Street
E03259,N02495,N02506,0.096,0.1,60.0,1500,Ramp,True,,
E03260,N02496,N02503,0.101,0.1,60.0,1500,Ramp,True,,
E03261,N02496,N02500,0.067,0.04,90.0,1400,Arterial,True,,Aurum Road
E03262,N02497,N02498,0.051,0.03,90.0,1400,Arterial,True,,Aurum Road
E03263,N02497,N02499,0.079,0.08,60.0,1500,Ramp,True,,
E03264,N02498,N02500,0.012,0.01,90.0,1400,Arterial,True,,17 Street
E03265,N02498,N02502,0.009,0.01,90.0,1400,Arterial,True,,Aurum Road
E03266,N02498,N02499,0.04,0.03,90.0,1400,Arterial,True,,17 Street
E03267,N02499,N02504,0.082,0.05,90.0,1400,Arterial,True,,17 Street
E03268,N02500,N02501,0.008,0.01,90.0,1400,Arterial,True,,Aurum Road
E03269,N02500,N02503,0.062,0.04,90.0,1400,Arterial,True,,17 Street
E03270,N02501,N02502,0.012,0.01,90.0,1400,Arterial,True,,17 Street
E03271,N02501,N02506,0.036,0.02,90.0,1400,Arterial,True,,Aurum Road
E03272,N02502,N02507,0.06,0.04,90.0,1400,Arterial,True,,17 Street
E03273,N02502,N02505,0.13,0.09,90.0,1400,Arterial,True,,Aurum Road
E03274,N03491,N03494,0.008,0.01,60.0,1500,Ramp,True,,
E03275,N00484,N00279,19.312,12.87,90.0,1400,Arterial,True,642,642 Highway
E03276,N00484,N00582,11.866,7.91,90.0,1400,Arterial,True,642,642 Highway
E03277,N00484,N00485,16.199,11.11,87.5,600,Arterial,True,44,44 Highway
E03278,N02504,N02507,0.056,0.04,90.0,1400,Arterial,True,,17 Street
E03279,N02504,N02508,0.043,0.03,90.0,1400,Arterial,True,,17 Street
E03280,N01539,N01554,0.076,0.08,60.0,1500,Ramp,True,2,
E03281,N01540,N01553,0.071,0.07,60.0,1500,Ramp,True,2,
E03282,N03187,N03189,5.28,3.52,90.0,1400,Arterial,True,740,740 Highway
E03283,N01541,N01556,0.171,0.17,60.0,1500,Ramp,True,2,
E03284,N01541,N01542,0.127,0.13,60.0,1500,Ramp,True,,
E03285,N01541,N01555,0.295,0.3,60.0,1500,Ramp,True,,
E03286,N01543,N01556,0.114,0.11,60.0,1500,Ramp,True,2,
E03287,N02505,N02507,0.157,0.16,60.0,1500,Ramp,True,,
E03288,N02505,N02506,0.344,0.23,90.0,1400,Arterial,True,,Aurum Road
E03289,N01544,N01547,0.946,0.57,100.0,1600,Expressway / Highway,True,2,Whitemud Drive
E03290,N01544,N01549,0.898,0.9,60.0,1500,Ramp,True,2,
E03291,N01544,N01600,0.826,0.5,100.0,1600,Expressway / Highway,True,2,Whitemud Drive
E03292,N01545,N01598,0.589,0.59,60.0,1500,Ramp,True,2,
E03293,N01545,N01558,0.796,0.48,100.0,1600,Expressway / Highway,True,2,Whitemud Drive
E03294,N01545,N01599,1.133,0.68,100.0,1600,Expressway / Highway,True,2,Whitemud Drive
E03295,N01546,N01558,0.281,0.17,100.0,1600,Expressway / Highway,True,2,Whitemud Drive
E03296,N01546,N01549,0.627,0.47,80.0,1000,Collector,True,2,Terwillegar Drive
E03297,N01547,N01560,0.352,0.35,60.0,1500,Ramp,True,2,
E03298,N01548,N01560,0.08,0.08,60.0,1500,Ramp,True,2,
E03299,N02935,N02936,26.625,17.75,90.0,1400,Arterial,True,733,733 Highway
E03300,N01095,N01099,0.038,0.03,90.0,1400,Arterial,True,17,50 Avenue
E03301,N01096,N01099,0.125,0.12,60.0,1500,Ramp,True,,
E03302,N00485,N00282,18.521,12.35,90.0,1400,Arterial,True,651,651 Highway
E03303,N00485,N00140,22.727,15.15,90.0,1400,Arterial,True,44,44 Highway
E03304,N00879,N00973,0.072,0.07,60.0,1500,Ramp,True,,
E03305,N00879,N00972,0.178,0.12,90.0,1400,Arterial,True,,814 Highway
E03306,N00879,N00973,0.06,0.04,90.0,1400,Arterial,True,,814 Highway
E03307,N02624,N02625,0.073,0.07,60.0,1500,Ramp,True,43,
E03308,N01097,N01098,0.115,0.12,60.0,1500,Ramp,True,,
E03309,N01098,N01099,0.214,0.14,90.0,1400,Arterial,True,17,50 Avenue
E03310,N02625,N02648,17.259,10.36,100.0,1600,Expressway / Highway,True,43,43 Highway
E03311,N03188,N03190,6.15,4.1,90.0,1400,Arterial,True,2,2 Highway
E03312,N01550,N01551,0.393,0.3,80.0,1000,Collector,True,2,Whitemud Drive
E03313,N01550,N01552,0.793,0.48,100.0,1600,Expressway / Highway,True,2,Whitemud Drive
E03314,N01550,N01601,1.086,0.65,100.0,1600,Expressway / Highway,True,2,Whitemud Drive
E03315,N01551,N01685,0.158,0.12,80.0,1000,Collector,True,2,Whitemud Drive
E03316,N01551,N01602,0.1,0.1,60.0,1500,Ramp,True,2,
E03317,N02718,N03980,0.328,0.33,60.0,1500,Ramp,True,40,
E03318,N02718,N02720,0.245,0.16,90.0,1400,Arterial,True,40,40 Highway
E03319,N02719,N02720,0.139,0.09,90.0,1400,Arterial,True,40,40 Highway
E03320,N02719,N02720,0.24,0.24,60.0,1500,Ramp,True,40,
E03321,N01552,N01554,0.286,0.29,60.0,1500,Ramp,True,2,
E03322,N01552,N01599,0.89,0.53,100.0,1600,Expressway / Highway,True,2,Whitemud Drive
E03323,N01553,N01554,0.116,0.12,60.0,1500,Ramp,True,2,
E03324,N01553,N01599,0.49,0.49,60.0,1500,Ramp,True,2,
E03325,N01555,N01600,0.887,0.53,100.0,1600,Expressway / Highway,True,,Whitemud Drive
E03326,N01555,N01606,1.838,1.1,100.0,1600,Expressway / Highway,True,,Whitemud Drive
E03327,N01556,N01600,0.43,0.43,60.0,1500,Ramp,True,2,
E03328,N02626,N02628,0.929,0.56,100.0,1600,Expressway / Highway,True,43,43 Highway
E03329,N02626,N02628,0.939,0.94,60.0,1500,Ramp,True,43,
E03330,N02626,N02645,1.955,1.17,100.0,1600,Expressway / Highway,True,43,43 Highway
E03331,N02627,N02629,1.201,0.72,100.0,1600,Expressway / Highway,True,43,43 Highway
E03332,N02627,N02629,1.209,1.21,60.0,1500,Ramp,True,43,
E03333,N02627,N02647,2.071,1.24,100.0,1600,Expressway / Highway,True,43,43 Highway
E03334,N03633,N03672,31.332,20.89,90.0,1400,Arterial,True,646,646 Highway
E03335,N03633,N03635,1.167,0.78,90.0,1400,Arterial,True,41,41 Highway
E03336,N02628,N02637,4.906,2.94,100.0,1600,Expressway / Highway,True,43,43 Highway
E03337,N01956,N01999,1.243,0.75,100.0,1600,Expressway / Highway,True,16,Trans-Canada Highway
E03338,N01956,N01959,0.403,0.4,60.0,1500,Ramp,True,15,Trans-Canada Highway
E03339,N01956,N02115,0.93,0.56,100.0,1600,Expressway / Highway,True,16,Trans-Canada Highway
E03340,N01957,N02117,0.109,0.11,60.0,1500,Ramp,True,16,Trans-Canada Highway
E03341,N01958,N01959,0.068,0.07,60.0,1500,Ramp,True,16,Trans-Canada Highway
E03342,N01959,N01960,0.05,0.05,60.0,1500,Ramp,True,15,Trans-Canada Highway
E03343,N01101,N03306,6.033,4.02,90.0,1400,Arterial,True,17,17 Highway
E03344,N01960,N01961,0.018,0.02,60.0,1500,Ramp,True,15,Trans-Canada Highway
E03345,N01960,N01964,0.085,0.06,90.0,1400,Arterial,True,15,50 Street
E03346,N01961,N02117,0.074,0.07,60.0,1500,Ramp,True,15,Trans-Canada Highway
E03347,N01961,N01963,0.092,0.06,90.0,1400,Arterial,True,15,50 Street
E03348,N01962,N01965,0.4,0.4,60.0,1500,Ramp,True,15,Trans-Canada Highway
E03349,N01962,N02116,1.02,0.61,100.0,1600,Expressway / Highway,True,16,Trans-Canada Highway
E03350,N02630,N02633,0.055,0.04,90.0,1400,Arterial,True,32,32 Highway
E03351,N01963,N01964,0.02,0.02,60.0,1500,Ramp,True,15,Trans-Canada Highway
E03352,N01963,N01970,0.012,0.01,90.0,1400,Arterial,True,15,50 Street
E03353,N01963,N02119,0.041,0.04,60.0,1500,Ramp,True,15,Trans-Canada Highway
E03354,N01964,N01967,0.011,0.01,90.0,1400,Arterial,True,15,50 Street
E03355,N01965,N01967,0.146,0.15,60.0,1500,Ramp,True,,
E03356,N01965,N01966,0.101,0.1,60.0,1500,Ramp,True,15,Trans-Canada Highway
E03357,N01966,N01968,0.045,0.04,60.0,1500,Ramp,True,15,Trans-Canada Highway
E03358,N01966,N01969,0.076,0.08,60.0,1500,Ramp,True,15,Trans-Canada Highway
E03359,N01967,N01970,0.021,0.02,60.0,1500,Ramp,True,,
E03360,N01967,N01968,0.009,0.01,90.0,1400,Arterial,True,15,50 Street
E03361,N01968,N01970,0.018,0.02,60.0,1500,Ramp,True,15,Trans-Canada Highway
E03362,N01968,N01969,0.054,0.04,90.0,1400,Arterial,True,15,50 Street
E03363,N01969,N01971,0.191,0.13,90.0,1400,Arterial,True,15,50 Street
E03364,N01970,N02119,0.039,0.04,60.0,1500,Ramp,True,15,Trans-Canada Highway
E03365,N01970,N02120,0.059,0.04,90.0,1400,Arterial,True,15,50 Street
E03366,N02636,N02637,0.007,0.0,90.0,1400,Arterial,True,32,32 Highway
E03367,N01557,N01558,0.265,0.27,60.0,1500,Ramp,True,2,
E03368,N01557,N01559,0.142,0.14,60.0,1500,Ramp,True,2,
E03369,N03190,N03191,0.68,0.45,90.0,1400,Arterial,True,2,2 Highway
E03370,N03190,N03192,0.682,0.45,90.0,1400,Arterial,True,2,2 Highway
E03371,N03191,N03193,0.176,0.18,60.0,1500,Ramp,True,2,2 Highway
E03372,N03191,N03193,0.127,0.08,90.0,1400,Arterial,True,2,2 Highway
E03373,N03192,N03194,0.137,0.09,90.0,1400,Arterial,True,2,2 Highway
E03374,N03192,N03194,0.181,0.18,60.0,1500,Ramp,True,2,2 Highway
E03375,N02638,N02643,0.092,0.05,100.0,1600,Expressway / Highway,True,43,43 Highway
E03376,N02638,N02648,0.151,0.09,100.0,1600,Expressway / Highway,True,43,43 Highway
E03377,N02638,N02641,0.125,0.12,60.0,1500,Ramp,True,32,
E03378,N02639,N02644,0.063,0.04,100.0,1600,Expressway / Highway,True,43,43 Highway
E03379,N02639,N02640,0.096,0.1,60.0,1500,Ramp,True,32,
E03380,N03193,N03197,0.386,0.26,90.0,1400,Arterial,True,2,2 Highway
E03381,N03194,N03197,0.375,0.25,90.0,1400,Arterial,True,2,2 Highway
E03382,N03195,N03204,4.75,3.17,90.0,1400,Arterial,True,743,743 Highway
E03383,N03197,N03198,0.42,0.28,90.0,1400,Arterial,True,2,2 Highway
E03384,N03198,N03199,0.377,0.25,90.0,1400,Arterial,True,2,2 Highway
E03385,N02640,N02644,0.065,0.04,90.0,1400,Arterial,True,32,32 Highway
E03386,N02640,N02646,0.022,0.01,90.0,1400,Arterial,True,32,32 Highway
E03387,N02642,N02647,0.113,0.11,60.0,1500,Ramp,True,43,
E03388,N02643,N02644,0.048,0.03,90.0,1400,Arterial,True,32,32 Highway
E03389,N02643,N02647,0.081,0.05,100.0,1600,Expressway / Highway,True,43,43 Highway
E03390,N01563,N01566,0.625,0.38,100.0,1600,Expressway / Highway,True,2,Whitemud Drive
E03391,N01563,N01568,1.181,1.18,60.0,1500,Ramp,True,2,Fox Drive
E03392,N02644,N02645,0.097,0.06,100.0,1600,Expressway / Highway,True,43,43 Highway
E03393,N02644,N02648,0.258,0.26,60.0,1500,Ramp,True,32,
E03394,N02645,N02646,0.136,0.14,60.0,1500,Ramp,True,32,
E03395,N00880,N00894,0.888,0.53,100.0,1600,Expressway / Highway,True,,
E03396,N00880,N00892,0.365,0.37,60.0,1500,Ramp,True,,
E03397,N00880,N00891,0.679,0.51,80.6,1500,Expressway / Highway,True,,
E03398,N03199,N03203,0.07,0.05,90.0,1400,Arterial,True,2,2 Highway
E03399,N03199,N03204,0.073,0.05,90.0,3000,Arterial,True,743,74 Street
E03400,N00486,N00141,0.29,0.19,90.0,1400,Arterial,True,18,100 Street
E03401,N00486,N00488,0.859,0.57,90.0,3000,Arterial,True,18,100 Street
E03402,N00486,N00144,0.29,0.19,90.0,1400,Arterial,True,18,100 Street
E03403,N00882,N00893,0.217,0.22,60.0,1500,Ramp,True,,
E03404,N00882,N00887,0.365,0.22,100.0,1600,Expressway / Highway,True,,
E03405,N00882,N00886,0.037,0.02,100.0,1600,Expressway / Highway,True,,
E03406,N00881,N00260,0.793,0.65,73.3,600,Expressway / Highway,False,19,
E03407,N02721,N02746,3.089,2.06,90.0,1400,Arterial,True,668,668 Highway
E03408,N02721,N02723,0.449,0.45,60.0,1500,Ramp,True,,
E03409,N02721,N03981,2.845,2.69,63.3,600,Collector,True,,Resource Road
E03410,N02721,N02722,0.224,0.15,90.0,1400,Arterial,True,668,668 Highway
E03411,N00883,N00260,0.637,0.38,100.0,1600,Expressway / Highway,True,19,
E03412,N00883,N00886,0.322,0.19,100.0,1600,Expressway / Highway,True,,
E03413,N00883,N00884,0.183,0.18,60.0,1500,Ramp,True,,
E03414,N00885,N00886,0.212,0.21,60.0,1500,Ramp,True,,
E03415,N00887,N00895,0.381,0.23,100.0,1600,Expressway / Highway,True,,
E03416,N00887,N00888,0.253,0.25,60.0,1500,Ramp,True,,
E03417,N00487,N00488,0.119,0.14,50.0,600,Local / Street,True,,97 Avenue
E03418,N00889,N00895,0.227,0.23,60.0,1500,Ramp,True,,
E03419,N01971,N02124,0.502,0.33,90.0,1400,Arterial,True,15,50 Street
E03420,N01971,N01972,0.075,0.08,60.0,1500,Ramp,True,15,
E03421,N01973,N02124,0.049,0.05,60.0,1500,Ramp,True,15,
E03422,N03203,N03204,0.109,0.11,60.0,1500,Ramp,True,2,
E03423,N01974,N01993,0.095,0.1,60.0,1500,Ramp,True,,
E03424,N00890,N00975,0.146,0.1,90.0,1400,Arterial,True,,50 Street
E03425,N01975,N01993,0.057,0.04,90.0,1400,Arterial,True,,Manning Drive
E03426,N01976,N01977,0.064,0.04,90.0,1400,Arterial,True,,Manning Drive
E03427,N01977,N01978,0.094,0.09,60.0,1500,Ramp,True,,
E03428,N01977,N01995,0.215,0.14,90.0,1400,Arterial,True,,Manning Drive
E03429,N01564,N01565,0.604,0.36,100.0,1600,Expressway / Highway,True,2,Whitemud Drive
E03430,N00233,N00309,15.847,10.56,90.0,1400,Arterial,True,627,627 Highway
E03431,N00233,N00234,0.006,0.0,90.0,1400,Arterial,True,627,627 Highway
E03432,N00233,N00519,6.426,3.86,100.0,1600,Expressway / Highway,True,60,60 Highway
E03433,N00234,N00621,6.467,4.31,90.0,1400,Arterial,True,627,627 Highway
E03434,N00234,N00521,6.465,3.88,100.0,1600,Expressway / Highway,True,60,60 Highway
E03435,N03634,N03635,0.278,0.33,50.0,600,Local / Street,True,,53 Avenue
E03436,N01102,N01103,1.038,0.62,100.0,1600,Expressway / Highway,True,216,Anthony Henday Drive
E03437,N01103,N00628,0.401,0.4,60.0,1500,Ramp,True,216,Anthony Henday Drive
E03438,N01103,N01107,1.477,0.89,100.0,1600,Expressway / Highway,True,216,Anthony Henday Drive
E03439,N01104,N01105,1.62,0.97,100.0,1600,Expressway / Highway,True,216,Anthony Henday Drive
E03440,N02936,N02937,13.853,9.24,90.0,1400,Arterial,True,733,733 Highway
E03441,N01565,N01571,0.794,0.48,100.0,1600,Expressway / Highway,True,2,Whitemud Drive
E03442,N01565,N01568,0.285,0.28,60.0,1500,Ramp,True,,
E03443,N01979,N02126,0.738,0.49,90.0,1400,Arterial,True,15,50 Street
E03444,N01979,N01982,0.096,0.1,60.0,1500,Ramp,True,15,
E03445,N01979,N01983,0.085,0.06,90.0,1400,Arterial,True,15,50 Street
E03446,N01566,N01567,0.439,0.44,60.0,1500,Ramp,True,2,
E03447,N01567,N01571,0.92,0.92,60.0,1500,Ramp,True,2,Fox Drive
E03448,N01567,N01570,0.254,0.25,60.0,1500,Ramp,True,,
E03449,N00894,N00910,0.683,0.68,60.0,1500,Ramp,True,2,
E03450,N00894,N00896,0.222,0.13,100.0,1600,Expressway / Highway,True,,
E03451,N01980,N01984,0.054,0.04,90.0,1400,Arterial,True,15,50 Street
E03452,N01980,N01981,0.081,0.08,60.0,1500,Ramp,True,15,
E03453,N01980,N01988,0.024,0.02,90.0,1400,Arterial,True,15,50 Street
E03454,N01983,N01984,0.018,0.02,60.0,1500,Ramp,True,15,137 Avenue
E03455,N01983,N01987,0.008,0.01,90.0,1400,Arterial,True,15,50 Street
E03456,N01983,N02058,0.191,0.19,60.0,1500,Ramp,True,15,137 Avenue
E03457,N00895,N00899,0.183,0.11,100.0,1600,Expressway / Highway,True,,
E03458,N00896,N00914,0.442,0.28,93.5,1400,Arterial,True,625,625 Highway
E03459,N00896,N00897,0.006,0.01,60.0,1500,Ramp,True,2,
E03460,N00897,N00900,0.131,0.08,100.0,1600,Expressway / Highway,True,,
E03461,N00897,N00898,0.08,0.08,60.0,1500,Ramp,True,2,
E03462,N00897,N00899,0.223,0.13,100.0,1600,Expressway / Highway,True,,
E03463,N01984,N01986,0.007,0.0,90.0,1400,Arterial,True,15,50 Street
E03464,N01986,N01987,0.018,0.02,60.0,1500,Ramp,True,15,137 Avenue
E03465,N01986,N01990,0.071,0.05,90.0,1400,Arterial,True,15,50 Street
E03466,N01987,N01992,0.058,0.04,90.0,1400,Arterial,True,15,50 Street
E03467,N00898,N00899,0.248,0.25,60.0,1500,Ramp,True,2,
E03468,N00898,N00902,0.769,0.77,60.0,1500,Ramp,True,2,
E03469,N00900,N00916,0.369,0.24,91.0,1400,Arterial,True,19;625,19 Highway
E03470,N00900,N00901,0.36,0.36,60.0,1500,Ramp,True,2,
E03471,N00901,N00910,0.483,0.29,100.0,1600,Expressway / Highway,True,2,2 Highway
E03472,N00901,N00902,0.694,0.42,100.0,1600,Expressway / Highway,True,2,2 Highway
E03473,N01988,N02059,0.11,0.11,60.0,1500,Ramp,True,,
E03474,N01988,N02059,0.094,0.06,90.0,1400,Arterial,True,15,50 Street
E03475,N00902,N00964,5.286,3.17,100.0,1600,Expressway / Highway,True,2,2 Highway
E03476,N00235,N00239,0.074,0.07,60.0,1500,Ramp,True,,
E03477,N00235,N00239,0.045,0.03,90.0,1400,Arterial,True,,50 Avenue
E03478,N00235,N00237,0.094,0.06,90.0,1400,Arterial,True,,50 Avenue
E03479,N00236,N00239,0.334,0.22,90.0,1400,Arterial,True,,50 Avenue
E03480,N00236,N00238,0.397,0.25,94.4,1400,Arterial,True,,50 Avenue
E03481,N00237,N00246,0.05,0.03,90.0,1400,Arterial,True,,50 Avenue
E03482,N00237,N00247,0.065,0.06,60.0,1500,Ramp,True,,
E03483,N00238,N00246,0.126,0.08,90.0,1400,Arterial,True,,50 Avenue
E03484,N00238,N00248,0.192,0.19,60.0,1500,Ramp,True,,
E03485,N03205,N03207,0.395,0.24,100.0,1600,Expressway / Highway,True,14,Whitemud Drive
E03486,N03205,N03208,0.304,0.19,96.7,1400,Expressway / Highway,True,14;628,Whitemud Drive
E03487,N03205,N03222,0.308,0.31,60.0,1500,Ramp,True,14,
E03488,N03206,N03208,0.297,0.2,90.0,1400,Arterial,True,628,628 Highway
E03489,N03206,N03209,0.599,0.6,60.0,1500,Ramp,True,216,
E03490,N03209,N03226,0.378,0.38,60.0,1500,Ramp,True,216,
E03491,N01989,N01992,0.086,0.09,60.0,1500,Ramp,True,15,
E03492,N03562,N03561,13.362,8.91,90.0,1400,Arterial,True,36,36 Highway
E03493,N03562,N03559,4.448,3.44,77.5,600,Collector,True,,
E03494,N00903,N00907,0.944,0.94,60.0,1500,Ramp,True,,
E03495,N00489,N00285,19.549,13.03,90.0,1400,Arterial,True,661,661 Highway
E03496,N00489,N00126,20.967,13.98,90.0,1400,Arterial,True,44,44 Highway
E03497,N00489,N00491,1.628,1.09,90.0,1400,Arterial,True,44,44 Highway
E03498,N01992,N02004,0.467,0.31,90.0,1400,Arterial,True,15,50 Street
E03499,N01990,N01991,0.077,0.08,60.0,1500,Ramp,True,15,
E03500,N01990,N02003,0.446,0.3,90.0,1400,Arterial,True,15,50 Street
E03501,N00904,N00905,0.349,0.35,60.0,1500,Ramp,True,2,
E03502,N00905,N00906,0.882,0.53,100.0,1600,Expressway / Highway,True,2,2 Highway
E03503,N00905,N00907,0.979,0.59,100.0,1600,Expressway / Highway,True,2,2 Highway
E03504,N00906,N00910,1.865,1.12,100.0,1600,Expressway / Highway,True,2,2 Highway
E03505,N01993,N02002,0.32,0.21,90.0,1400,Arterial,True,,Manning Drive
E03506,N03540,N03583,2.632,1.75,90.0,1400,Arterial,True,45,45 Highway
E03507,N03540,N03541,0.569,0.38,90.0,1400,Arterial,True,36,51 Street
E03508,N01994,N01995,0.058,0.06,60.0,1500,Ramp,True,,
E03509,N01995,N01998,0.163,0.11,90.0,1400,Arterial,True,,Manning Drive
E03510,N01996,N01998,0.114,0.11,60.0,1500,Ramp,True,,
E03511,N01997,N02010,0.162,0.16,60.0,1500,Ramp,True,15,50 Street
E03512,N03541,N03551,19.343,12.9,90.0,1400,Arterial,True,36,51 Street
E03513,N00490,N02544,23.84,15.89,90.0,1400,Arterial,True,661,661 Highway
E03514,N00490,N00491,0.04,0.03,90.0,1400,Arterial,True,661,661 Highway
E03515,N00490,N01621,22.84,15.23,90.0,1400,Arterial,True,801,801 Highway
E03516,N02937,N02947,31.99,21.33,90.0,1400,Arterial,True,49,49 Highway
E03517,N00491,N01623,29.244,19.5,90.0,1400,Arterial,True,44,44 Highway
E03518,N01568,N01569,0.427,0.43,60.0,1500,Ramp,True,,
E03519,N01998,N02008,0.049,0.03,90.0,1400,Arterial,True,,Manning Drive
E03520,N02512,N02542,1.21,0.73,100.0,1600,Expressway / Highway,True,16,Trans-Canada Highway
E03521,N02512,N02514,0.146,0.09,100.0,1600,Expressway / Highway,True,16,Trans-Canada Highway
E03522,N02513,N02514,0.356,0.21,100.0,1600,Expressway / Highway,True,16,Trans-Canada Highway
E03523,N02513,N02516,0.392,0.39,60.0,1500,Ramp,True,16,Trans-Canada Highway
E03524,N02513,N02539,0.926,0.56,100.0,1600,Expressway / Highway,True,16,Trans-Canada Highway
E03525,N02514,N02515,0.069,0.07,60.0,1500,Ramp,True,16,Trans-Canada Highway
E03526,N00908,N00947,0.112,0.11,60.0,1500,Ramp,True,2,
E03527,N00909,N00963,0.747,0.75,60.0,1500,Ramp,True,2,
E03528,N02653,N02654,0.127,0.13,60.0,1500,Ramp,True,43,
E03529,N02516,N02519,0.141,0.14,60.0,1500,Ramp,True,16,Trans-Canada Highway
E03530,N02516,N02517,0.035,0.03,60.0,1500,Ramp,True,16,Trans-Canada Highway
E03531,N00911,N00927,0.281,0.17,100.0,1600,Expressway / Highway,True,2,2 Highway
E03532,N00911,N00914,0.337,0.34,60.0,1500,Ramp,True,2,
E03533,N00911,N00919,0.747,0.45,100.0,1600,Expressway / Highway,True,2,2 Highway
E03534,N00912,N00926,0.035,0.03,60.0,1500,Ramp,True,2,
E03535,N00912,N00915,0.022,0.02,60.0,1500,Ramp,True,2,
E03536,N00912,N00919,0.82,0.82,60.0,1500,Ramp,True,2,
E03537,N00913,N00924,0.064,0.04,90.0,1400,Arterial,True,625,625 Highway
E03538,N00913,N00925,0.099,0.07,90.0,1400,Arterial,True,625,625 Highway
E03539,N00913,N00918,0.011,0.01,60.0,1500,Ramp,True,,
E03540,N00914,N00915,0.064,0.04,90.0,1400,Arterial,True,625,625 Highway
E03541,N00915,N00926,0.029,0.02,90.0,1400,Arterial,True,625,625 Highway
E03542,N00915,N00916,0.013,0.01,60.0,1500,Ramp,True,2,
E03543,N01105,N01114,0.62,0.37,100.0,1600,Expressway / Highway,True,216,Anthony Henday Drive
E03544,N01105,N01116,0.615,0.61,60.0,1500,Ramp,True,216,Anthony Henday Drive
E03545,N01106,N01107,0.51,0.51,60.0,1500,Ramp,True,216,Anthony Henday Drive
E03546,N01107,N01115,0.368,0.22,100.0,1600,Expressway / Highway,True,216,Anthony Henday Drive
E03547,N01108,N01114,0.542,0.54,60.0,1500,Ramp,True,216,Anthony Henday Drive
E03548,N01109,N01112,0.075,0.08,60.0,1500,Ramp,True,216,Anthony Henday Drive
E03549,N01109,N01110,0.07,0.07,60.0,1500,Ramp,True,216,Anthony Henday Drive
E03550,N01109,N01113,0.479,0.48,60.0,1500,Ramp,True,216,Anthony Henday Drive
E03551,N00916,N00917,0.047,0.03,90.0,1400,Arterial,True,625,625 Highway
E03552,N00917,N00927,0.317,0.32,60.0,1500,Ramp,True,2,
E03553,N00917,N00923,0.141,0.14,60.0,1500,Ramp,True,,
E03554,N00917,N00918,0.124,0.08,90.0,1400,Arterial,True,625,625 Highway
E03555,N00918,N00944,0.343,0.23,90.0,1400,Arterial,True,625,625 Highway
E03556,N00918,N00922,0.058,0.06,60.0,1500,Ramp,True,,
E03557,N01111,N01115,0.433,0.43,60.0,1500,Ramp,True,216,Anthony Henday Drive
E03558,N00919,N00920,1.762,1.06,100.0,1600,Expressway / Highway,True,2,2 Highway
E03559,N00920,N00932,0.736,0.44,100.0,1600,Expressway / Highway,True,2,2 Highway
E03560,N00920,N00933,0.764,0.76,60.0,1500,Ramp,True,2,
E03561,N00921,N00945,0.12,0.12,60.0,1500,Ramp,True,625,
E03562,N00921,N00939,0.098,0.07,90.0,1400,Arterial,True,625,625 Highway
E03563,N00921,N00925,0.141,0.09,90.0,1400,Arterial,True,625,625 Highway
E03564,N00924,N00926,0.075,0.05,90.0,1400,Arterial,True,625,625 Highway
E03565,N00924,N00925,0.249,0.25,60.0,1500,Ramp,True,,
E03566,N02521,N02526,0.027,0.02,90.0,3000,Arterial,True,28,97 Street
E03567,N02522,N02530,0.954,0.57,100.0,1600,Expressway / Highway,True,16,Trans-Canada Highway
E03568,N02522,N02528,0.38,0.38,60.0,1500,Ramp,True,16,Trans-Canada Highway
E03569,N02523,N02526,0.032,0.03,60.0,1500,Ramp,True,16,Trans-Canada Highway
E03570,N02523,N02528,0.091,0.09,60.0,1500,Ramp,True,16,Trans-Canada Highway
E03571,N00927,N00929,2.704,1.62,100.0,1600,Expressway / Highway,True,2,2 Highway
E03572,N02527,N02539,0.405,0.4,60.0,1500,Ramp,True,16,Trans-Canada Highway
E03573,N03210,N03212,0.403,0.4,60.0,1500,Ramp,True,,
E03574,N03210,N03214,0.375,0.22,100.0,1600,Expressway / Highway,True,,Sherwood Park Freeway
E03575,N03211,N03213,0.341,0.23,90.0,1400,Arterial,True,,Sherwood Park Freeway
E03576,N02528,N02529,0.064,0.06,60.0,1500,Ramp,True,16,Trans-Canada Highway
E03577,N00928,N00929,1.329,1.45,55.0,600,Ramp,True,2,Sparrow Drive
E03578,N03212,N03232,0.323,0.32,60.0,1500,Ramp,True,,
E03579,N00241,N00243,0.197,0.13,90.0,3000,Arterial,True,,Grant MacEwan Boulevard
E03580,N03213,N03231,0.323,0.32,60.0,1500,Ramp,True,,
E03581,N03542,N03549,22.927,15.28,90.0,1400,Arterial,True,15,15 Highway
E03582,N03542,N03543,0.069,0.07,60.0,600,Ramp,False,,
E03583,N03214,N03215,0.351,0.35,60.0,1500,Ramp,True,,
E03584,N00929,N00958,3.124,1.87,100.0,1600,Expressway / Highway,True,2,2 Highway
E03585,N03215,N03231,0.223,0.22,60.0,1500,Ramp,True,216,
E03586,N03215,N03232,0.34,0.34,60.0,1500,Ramp,True,216,
E03587,N03216,N03224,0.37,0.22,100.0,1600,Expressway / Highway,True,14,Whitemud Drive
E03588,N03216,N03223,0.362,0.36,60.0,1500,Ramp,True,14,
E03589,N02532,N02536,0.621,0.41,90.0,1400,Arterial,True,28,97 Street
E03590,N00242,N00245,0.411,0.27,90.0,3000,Arterial,True,,50 Avenue
E03591,N00243,N00244,0.101,0.07,90.0,1400,Arterial,True,,Grant MacEwan Boulevard
E03592,N00243,N00244,0.101,0.07,90.0,1400,Arterial,True,,Grant MacEwan Boulevard
E03593,N00244,N00245,0.062,0.04,90.0,1400,Arterial,True,,Grant MacEwan Boulevard
E03594,N00930,N00932,0.526,0.32,100.0,1600,Expressway / Highway,True,2,2 Highway
E03595,N00930,N00937,0.503,0.5,60.0,1500,Ramp,True,2,
E03596,N00245,N00264,0.406,0.27,90.0,1400,Arterial,True,,50 Avenue
E03597,N00931,N00932,0.334,0.33,60.0,1500,Ramp,True,2,
E03598,N00934,N00937,0.136,0.14,60.0,1500,Ramp,True,2,
E03599,N00935,N00936,0.046,0.05,60.0,1500,Ramp,True,2,
E03600,N00936,N00938,0.056,0.06,60.0,1500,Ramp,True,2,
E03601,N00937,N03963,0.161,0.16,60.0,1500,Ramp,True,2,
E03602,N00492,N00496,0.293,0.18,100.0,1600,Expressway / Highway,True,60,60 Highway
E03603,N00492,N00530,0.547,0.55,60.0,1500,Ramp,True,16A,Trans-Canada Highway
E03604,N00492,N00528,1.351,0.81,100.0,1600,Expressway / Highway,True,60,60 Highway
E03605,N00493,N00495,0.237,0.14,100.0,1600,Expressway / Highway,True,60,60 Highway
E03606,N00493,N00494,0.304,0.3,60.0,1500,Ramp,True,16A,Trans-Canada Highway
E03607,N00493,N00529,1.237,0.74,100.0,1600,Expressway / Highway,True,60,60 Highway
E03608,N00494,N00495,0.165,0.16,60.0,1500,Ramp,True,16A,Trans-Canada Highway
E03609,N00494,N00511,0.396,0.4,60.0,1500,Ramp,True,16A,Trans-Canada Highway
E03610,N00246,N00248,0.027,0.02,90.0,3000,Arterial,True,,50 Avenue
E03611,N00496,N00495,0.005,0.01,60.0,1500,Ramp,True,16A,Trans-Canada Highway
E03612,N00496,N00504,0.356,0.21,100.0,1600,Expressway / Highway,True,60,60 Highway
E03613,N00248,N00262,0.269,0.18,90.0,3000,Arterial,True,,50 Avenue
E03614,N00495,N00497,0.065,0.04,100.0,1600,Expressway / Highway,True,60,60 Highway
E03615,N00497,N00498,0.342,0.34,60.0,1500,Ramp,True,16A,Trans-Canada Highway
E03616,N00497,N00503,0.226,0.14,100.0,1600,Expressway / Highway,True,60,60 Highway
E03617,N00498,N00530,0.317,0.19,100.0,1600,Expressway / Highway,True,16A,Trans-Canada Highway
E03618,N00498,N00511,0.433,0.26,100.0,1600,Expressway / Highway,True,16A,Trans-Canada Highway
E03619,N00499,N00501,1.084,0.65,100.0,1600,Expressway / Highway,True,16A,Trans-Canada Highway
E03620,N00499,N00500,0.377,0.38,60.0,1500,Ramp,True,16A,Trans-Canada Highway
E03621,N00499,N00133,6.163,3.7,100.0,1600,Expressway / Highway,True,16A,Trans-Canada Highway
E03622,N00500,N00505,0.153,0.15,60.0,1500,Ramp,True,16A,Trans-Canada Highway
E03623,N00500,N00506,0.274,0.27,60.0,1500,Ramp,True,16A,Trans-Canada Highway
E03624,N00501,N00502,0.34,0.34,60.0,1500,Ramp,True,16A,Trans-Canada Highway
E03625,N00501,N00516,2.637,1.58,100.0,1600,Expressway / Highway,True,16A,Trans-Canada Highway
E03626,N00502,N00503,0.683,0.68,60.0,1500,Ramp,True,16A,Trans-Canada Highway
E03627,N00502,N00507,0.364,0.36,60.0,1500,Ramp,True,16A,Trans-Canada Highway
E03628,N00504,N00507,0.058,0.03,100.0,1600,Expressway / Highway,True,60,60 Highway
E03629,N00504,N00505,0.003,0.0,60.0,1500,Ramp,True,16A,Trans-Canada Highway
E03630,N00505,N00503,0.068,0.04,100.0,1600,Expressway / Highway,True,60,60 Highway
E03631,N00505,N00506,0.223,0.13,100.0,1600,Expressway / Highway,True,60,60 Highway
E03632,N00249,N00250,0.037,0.02,100.0,1600,Expressway / Highway,True,,Township Road 262
E03633,N00249,N00251,0.703,0.42,100.0,1600,Expressway / Highway,True,,19 Highway
E03634,N00250,N00254,0.711,0.43,100.0,1600,Expressway / Highway,True,,19 Highway
E03635,N00251,N00252,0.177,0.18,60.0,1500,Ramp,True,,
E03636,N00251,N00253,0.164,0.1,100.0,1600,Expressway / Highway,True,,19 Highway
E03637,N00252,N00253,0.036,0.02,90.0,3000,Arterial,True,,Range Road 261A
E03638,N00252,N00255,0.241,0.24,60.0,1500,Ramp,True,,
E03639,N00253,N00254,0.176,0.18,60.0,1500,Ramp,True,,
E03640,N00253,N00256,0.038,0.03,90.0,1400,Arterial,True,,Range Road 261A
E03641,N00253,N00257,0.175,0.11,100.0,1600,Expressway / Highway,True,,19 Highway
E03642,N00254,N00256,0.164,0.1,100.0,1600,Expressway / Highway,True,,19 Highway
E03643,N00255,N00257,0.055,0.03,100.0,1600,Expressway / Highway,True,,19 Highway
E03644,N00255,N00259,0.539,0.32,100.0,1600,Expressway / Highway,True,,19 Highway
E03645,N00256,N00258,0.047,0.03,90.0,1400,Arterial,True,,Range Road 261A
E03646,N00256,N00257,0.185,0.19,60.0,1500,Ramp,True,,
E03647,N00256,N00259,0.764,0.46,100.0,1600,Expressway / Highway,True,,19 Highway
E03648,N00259,N00260,6.543,4.36,90.0,1400,Arterial,True,19,19 Highway
E03649,N00939,N00940,0.075,0.07,60.0,1500,Ramp,True,,
E03650,N00939,N00940,0.044,0.03,90.0,1400,Arterial,True,625,625 Highway
E03651,N00940,N00941,0.222,0.15,90.0,1400,Arterial,True,,
E03652,N00941,N00949,0.325,0.33,60.0,1500,Ramp,True,,
E03653,N00941,N00949,0.276,0.18,90.0,1400,Arterial,True,,625 Highway
E03654,N00942,N00945,0.249,0.17,90.0,1400,Arterial,True,,625 Highway
E03655,N00942,N00948,0.257,0.17,90.0,1400,Arterial,True,,625 Highway
E03656,N00942,N00948,0.328,0.33,60.0,1500,Ramp,True,,
E03657,N00943,N00944,0.053,0.05,60.0,1500,Ramp,True,,
E03658,N00086,N00087,0.382,0.38,60.0,1500,Ramp,True,16,Trans-Canada Highway
E03659,N00086,N00094,1.372,0.82,100.0,1600,Expressway / Highway,True,16,Trans-Canada Highway
E03660,N00087,N00089,0.071,0.07,60.0,1500,Ramp,True,16,Trans-Canada Highway
E03661,N00087,N00090,0.087,0.09,60.0,1500,Ramp,True,16,Trans-Canada Highway
E03662,N00944,N00945,0.019,0.01,90.0,1400,Arterial,True,625,625 Highway
E03663,N03222,N03223,0.246,0.25,60.0,1500,Ramp,True,216,
E03664,N03223,N03225,0.387,0.39,60.0,1500,Ramp,True,216,
E03665,N03224,N03225,0.744,0.74,60.0,1500,Ramp,True,14,
E03666,N00509,N00563,7.885,4.73,100.0,1600,Expressway / Highway,True,16A,Trans-Canada Highway
E03667,N00509,N00510,0.752,0.45,100.0,1600,Expressway / Highway,True,16A,Trans-Canada Highway
E03668,N00509,N00510,0.815,0.81,60.0,1500,Ramp,True,16A,Trans-Canada Highway
E03669,N00510,N00511,0.813,0.49,100.0,1600,Expressway / Highway,True,16A,Trans-Canada Highway
E03670,N01114,N01122,0.5,0.3,100.0,1600,Expressway / Highway,True,216,Anthony Henday Drive
E03671,N01115,N01113,0.422,0.25,100.0,1600,Expressway / Highway,True,216,Anthony Henday Drive
E03672,N01116,N01119,0.062,0.06,60.0,1500,Ramp,True,216,Anthony Henday Drive
E03673,N01113,N01121,0.832,0.5,100.0,1600,Expressway / Highway,True,216,Anthony Henday Drive
E03674,N00088,N00092,0.552,0.37,90.0,1400,Arterial,True,47,47 Highway
E03675,N00088,N00091,0.118,0.12,60.0,1500,Ramp,True,47,
E03676,N01117,N01122,0.715,0.72,60.0,1500,Ramp,True,216,Anthony Henday Drive
E03677,N02724,N02696,45.804,33.5,82.0,600,Arterial,True,665;747,747 Highway
E03678,N00512,N00514,2.47,1.48,100.0,1600,Expressway / Highway,True,16A,Trans-Canada Highway
E03679,N00512,N00532,0.249,0.15,100.0,1600,Expressway / Highway,True,16A,Trans-Canada Highway
E03680,N00512,N00515,0.484,0.49,58.7,600,Ramp,True,16A,Trans-Canada Highway
E03681,N00089,N00095,0.284,0.19,90.0,1400,Arterial,True,47,47 Highway
E03682,N00089,N00090,0.059,0.04,90.0,1400,Arterial,True,47,47 Highway
E03683,N00089,N00093,0.051,0.05,60.0,1500,Ramp,True,16,Trans-Canada Highway
E03684,N00513,N00514,0.814,0.81,60.0,1500,Ramp,True,16A,Trans-Canada Highway
E03685,N00513,N00539,0.36,0.43,50.0,600,Local / Street,True,16A,Trans-Canada Highway
E03686,N00513,N00538,0.459,0.46,60.0,1500,Ramp,True,16A,Trans-Canada Highway
E03687,N00514,N00646,0.247,0.15,100.0,1600,Expressway / Highway,True,16A,Trans-Canada Highway
E03688,N00090,N00092,0.013,0.01,90.0,1400,Arterial,True,47,47 Highway
E03689,N00092,N00093,0.091,0.09,60.0,1500,Ramp,True,16,Trans-Canada Highway
E03690,N00093,N00094,0.882,0.88,60.0,1500,Ramp,True,16,Trans-Canada Highway
E03691,N00516,N00532,0.163,0.1,100.0,1600,Expressway / Highway,True,16A,Trans-Canada Highway
E03692,N00516,N00531,0.134,0.13,60.0,1500,Ramp,True,,
E03693,N00262,N00261,0.011,0.01,90.0,1400,Arterial,True,,50 Avenue
E03694,N00262,N00264,0.185,0.12,90.0,1400,Arterial,True,,50 Avenue
E03695,N00261,N00263,0.079,0.05,90.0,1400,Arterial,True,,50 Avenue
E03696,N00261,N00263,0.104,0.1,60.0,1500,Ramp,True,,
E03697,N00264,N00263,0.095,0.06,90.0,1400,Arterial,True,,50 Avenue
E03698,N00947,N00962,0.626,0.63,60.0,1500,Ramp,True,2,
E03699,N00948,N00951,0.128,0.09,90.0,1400,Arterial,True,,625 Highway
E03700,N00949,N00950,0.038,0.03,90.0,1400,Arterial,True,,625 Highway
E03701,N00950,N00953,0.114,0.11,60.0,1500,Ramp,True,,6 Street
E03702,N00950,N00954,0.788,0.53,90.0,1400,Arterial,True,,625 Highway
E03703,N00518,N00525,1.313,0.79,100.0,1600,Expressway / Highway,True,,60 Highway
E03704,N00518,N00527,0.15,0.15,60.0,1500,Ramp,True,,60 Highway
E03705,N00518,N00529,0.145,0.09,100.0,1600,Expressway / Highway,True,60,60 Highway
E03706,N00951,N00953,0.039,0.03,90.0,1400,Arterial,True,625,625 Highway
E03707,N00951,N00952,0.079,0.08,60.0,1500,Ramp,True,,
E03708,N00095,N00097,75.408,45.25,100.0,1600,Expressway / Highway,True,16,Trans-Canada Highway
E03709,N00953,N00955,0.677,0.45,90.0,1400,Arterial,True,,625 Highway
E03710,N02536,N02535,0.167,0.11,90.0,1400,Arterial,True,28,97 Street
E03711,N02536,N02535,0.166,0.11,90.0,1400,Arterial,True,28,97 Street
E03712,N02535,N02537,0.323,0.22,90.0,3000,Arterial,True,28,97 Street
E03713,N03636,N03638,0.453,0.3,90.0,1400,Arterial,True,29,29 Highway
E03714,N02537,N01743,0.25,0.17,90.0,1400,Arterial,True,28,97 Street
E03715,N02537,N02538,0.251,0.17,90.0,1400,Arterial,True,28,97 Street
E03716,N02002,N02003,0.089,0.09,60.0,1500,Ramp,True,15,
E03717,N02002,N02005,0.063,0.04,90.0,3000,Arterial,True,,Manning Drive
E03718,N00519,N00523,0.071,0.04,100.0,1600,Expressway / Highway,True,60,60 Highway
E03719,N00519,N00520,0.088,0.09,60.0,1500,Ramp,True,,
E03720,N02003,N02005,0.068,0.05,90.0,1400,Arterial,True,15,50 Street
E03721,N02004,N02006,0.073,0.05,90.0,1400,Arterial,True,15,50 Street
E03722,N02004,N02007,0.09,0.09,60.0,1500,Ramp,True,15,
E03723,N03957,N00617,0.171,0.17,60.0,1500,Ramp,True,216,Anthony Henday Drive
E03724,N02538,N01740,0.098,0.07,90.0,1400,Arterial,True,28,97 Street
E03725,N02538,N01743,0.017,0.02,50.0,600,Local / Street,True,28,
E03726,N00520,N00523,0.04,0.03,70.0,600,Arterial,False,,628 Highway
E03727,N00520,N00525,0.112,0.11,60.0,1500,Ramp,True,,
E03728,N02005,N02006,0.02,0.01,90.0,1400,Arterial,True,,Manning Drive
E03729,N02005,N02008,0.12,0.08,90.0,1400,Arterial,True,15,50 Street
E03730,N02006,N02007,0.034,0.02,90.0,1400,Arterial,True,15,Manning Drive
E03731,N02006,N02009,0.12,0.08,90.0,1400,Arterial,True,,50 Street
E03732,N00521,N00524,0.032,0.02,100.0,1600,Expressway / Highway,True,60,60 Highway
E03733,N00521,N00522,0.06,0.06,60.0,1500,Ramp,True,60,
E03734,N02007,N02055,0.447,0.3,90.0,1400,Arterial,True,15,Manning Drive
E03735,N00522,N00524,0.048,0.04,70.0,600,Arterial,False,628,628 Highway
E03736,N00522,N00542,4.612,3.68,75.1,600,Arterial,False,628,628 Highway
E03737,N00522,N00526,0.124,0.12,60.0,1500,Ramp,True,,
E03738,N02008,N02009,0.021,0.01,90.0,1400,Arterial,True,15,Manning Drive
E03739,N00523,N00525,0.098,0.06,100.0,1600,Expressway / Highway,True,,60 Highway
E03740,N00523,N00524,0.007,0.01,70.0,600,Arterial,False,628,628 Highway
E03741,N00524,N00526,0.1,0.06,100.0,1600,Expressway / Highway,True,,60 Highway
E03742,N00526,N00527,1.168,0.7,100.0,1600,Expressway / Highway,True,,60 Highway
E03743,N02009,N02010,0.065,0.04,90.0,1400,Arterial,True,15,Manning Drive
E03744,N00527,N00528,0.122,0.07,100.0,1600,Expressway / Highway,True,,60 Highway
E03745,N02010,N02054,0.433,0.29,90.0,1400,Arterial,True,15,Manning Drive
E03746,N03638,N03639,13.324,8.88,90.0,1400,Arterial,True,41,41 Highway
E03747,N03079,N02835,16.137,10.76,90.0,1400,Arterial,True,726,726 Highway
E03748,N03639,N03640,4.02,4.01,60.1,600,Collector,False,,
E03749,N03639,N03641,2.526,1.68,90.0,1400,Arterial,True,41,41 Highway
E03750,N00528,N00529,0.173,0.17,60.0,1500,Ramp,True,60,60 Highway
E03751,N01120,N01125,0.12,0.12,60.0,1500,Ramp,True,216,Anthony Henday Drive
E03752,N00530,N00531,2.868,1.72,100.0,1600,Expressway / Highway,True,16A,Trans-Canada Highway
E03753,N01122,N01123,0.713,0.43,100.0,1600,Expressway / Highway,True,216,Anthony Henday Drive
E03754,N01121,N01331,0.947,0.57,100.0,1600,Expressway / Highway,True,216,Anthony Henday Drive
E03755,N01121,N01125,0.209,0.21,60.0,1500,Ramp,True,216,Anthony Henday Drive
E03756,N01123,N01332,0.441,0.26,100.0,1600,Expressway / Highway,True,216,Anthony Henday Drive
E03757,N01123,N01130,0.42,0.42,60.0,1500,Ramp,True,216,Anthony Henday Drive
E03758,N01124,N01125,0.147,0.15,60.0,1500,Ramp,True,,
E03759,N01126,N01331,0.702,0.7,60.0,1500,Ramp,True,216,Anthony Henday Drive
E03760,N02938,N02681,14.211,9.47,90.0,1400,Arterial,True,723,723 Highway
E03761,N02938,N02945,10.65,7.1,90.0,1400,Arterial,True,672,672 Highway
E03762,N02938,N02942,9.701,6.47,90.0,1400,Arterial,True,723,723 Highway
E03763,N02938,N02831,14.602,9.73,90.0,1400,Arterial,True,672,672 Highway
E03764,N00956,N00957,1.621,1.62,60.0,1500,Ramp,True,,Heritage Valley Trail
E03765,N00956,N00957,1.206,0.72,100.0,1600,Expressway / Highway,True,216,Anthony Henday Drive
E03766,N00957,N01616,0.983,0.59,100.0,1600,Expressway / Highway,True,216,Anthony Henday Drive
E03767,N00531,N00533,0.132,0.08,100.0,1600,Expressway / Highway,True,16A,Trans-Canada Highway
E03768,N00532,N00533,0.165,0.16,60.0,1500,Ramp,True,,
E03769,N01127,N01332,0.405,0.41,60.0,1500,Ramp,True,216,Anthony Henday Drive
E03770,N01127,N01128,0.095,0.1,60.0,1500,Ramp,True,216,Anthony Henday Drive
E03771,N01127,N01129,0.08,0.08,60.0,1500,Ramp,True,216,Anthony Henday Drive
E03772,N03641,N03647,38.816,27.7,84.1,600,Arterial,True,657,657 Highway
E03773,N02725,N02726,0.052,0.03,90.0,1400,Arterial,True,40,40 Highway
E03774,N02725,N02727,0.192,0.19,60.0,1500,Ramp,True,,
E03775,N02725,N02728,0.43,0.26,100.0,1600,Expressway / Highway,True,,40 Highway
E03776,N02726,N02727,0.077,0.05,90.0,1400,Arterial,True,,40 Highway
E03777,N02726,N02730,0.013,0.01,90.0,1400,Arterial,True,668,668 Highway
E03778,N00959,N00963,0.948,0.95,60.0,1500,Ramp,True,2,
E03779,N01130,N03965,0.091,0.09,60.0,1500,Ramp,True,216,Anthony Henday Drive
E03780,N01130,N01131,0.125,0.13,60.0,1500,Ramp,True,,
E03781,N02727,N02732,1.279,0.85,90.0,1400,Arterial,True,,40 Highway
E03782,N00962,N00964,1.508,0.9,100.0,1600,Expressway / Highway,True,2,Calgary Trail
E03783,N02728,N02731,0.384,0.23,100.0,1600,Expressway / Highway,True,,40 Highway
E03784,N02728,N02748,1.383,0.83,100.0,3600,Expressway / Highway,True,,40 Highway
E03785,N02939,N02945,13.916,9.28,90.0,1400,Arterial,True,672,672 Highway
E03786,N02729,N02732,0.32,0.32,60.0,1500,Ramp,True,,
E03787,N02729,N02732,0.264,0.18,90.0,1400,Arterial,True,,40 Highway
E03788,N02729,N02761,0.721,0.48,90.0,1400,Arterial,True,,40 Highway
E03789,N02730,N02731,0.095,0.06,100.0,1600,Expressway / Highway,True,,40 Highway
E03790,N02730,N02733,0.078,0.05,100.0,1600,Expressway / Highway,True,,40 Highway
E03791,N02730,N02746,0.095,0.06,90.0,1400,Arterial,True,668,668 Highway
E03792,N02731,N02746,0.145,0.14,60.0,1500,Ramp,True,40,40 Highway
E03793,N02733,N02760,2.184,1.46,90.0,1400,Arterial,True,,40 Highway
E03794,N02733,N02746,0.144,0.14,60.0,1500,Ramp,True,,
E03795,N02734,N02739,0.166,0.11,90.0,1400,Arterial,True,40,108 Street
E03796,N02734,N02738,0.118,0.12,60.0,1500,Ramp,True,40,
E03797,N02734,N02759,0.674,0.45,90.0,1400,Arterial,True,40,108 Street
E03798,N02735,N02750,0.036,0.04,60.0,1500,Ramp,True,40,
E03799,N02735,N02737,0.073,0.05,90.0,1400,Arterial,True,40,108 Street
E03800,N02735,N02757,0.78,0.52,90.0,1400,Arterial,True,40,108 Street
E03801,N03958,N01321,0.065,0.06,60.0,1500,Ramp,True,2,
E03802,N00096,N00099,0.208,0.12,100.0,1600,Expressway / Highway,True,16,Trans-Canada Highway
E03803,N00096,N00098,0.046,0.05,60.0,1500,Ramp,True,16,Trans-Canada Highway
E03804,N02736,N02739,0.137,0.14,60.0,1500,Ramp,True,40,
E03805,N00963,N00964,0.467,0.47,60.0,1500,Ramp,True,2,
E03806,N00097,N00100,0.06,0.06,60.0,1500,Ramp,True,16,Trans-Canada Highway
E03807,N02737,N02775,1.255,0.84,90.0,1400,Arterial,True,40,108 Street
E03808,N02737,N02751,0.108,0.11,60.0,1500,Ramp,True,40,
E03809,N02940,N02941,0.843,0.56,90.0,1400,Arterial,True,43,43 Highway
E03810,N02940,N02946,7.672,5.11,90.0,1400,Arterial,True,721,721 Highway
E03811,N02940,N02943,12.17,8.11,90.0,1400,Arterial,True,43,43 Highway
E03812,N03240,N03303,1.446,1.45,60.0,1500,Ramp,True,16,Trans-Canada Highway
E03813,N03240,N03241,3.703,2.47,90.0,1400,Arterial,True,16A,16A Highway
E03814,N03240,N03304,1.098,1.1,60.0,1500,Ramp,True,16,Trans-Canada Highway
E03815,N02741,N02742,0.131,0.13,60.0,1500,Ramp,True,,68 Avenue
E03816,N02740,N02752,0.138,0.14,60.0,1500,Ramp,True,,108 Street
E03817,N00965,N00974,0.939,0.63,90.0,1400,Arterial,True,,50 Street
E03818,N00965,N00966,0.075,0.05,90.0,1400,Arterial,True,,50 Street
E03819,N00965,N00966,0.075,0.05,90.0,1400,Arterial,True,,50 Street
E03820,N00966,N00967,0.269,0.18,90.0,1400,Arterial,True,,50 Street
E03821,N02742,N02752,0.232,0.15,90.0,1400,Arterial,True,40,108 Street
E03822,N02742,N02763,0.515,0.34,90.0,1400,Arterial,True,40,108 Street
E03823,N00967,N00968,0.048,0.05,60.0,1500,Ramp,True,,
E03824,N00967,N00968,0.032,0.02,90.0,3000,Arterial,True,,50 Street
E03825,N00266,N00268,9.71,6.47,90.0,1400,Arterial,True,770,770 Highway
E03826,N00266,N00267,1.623,1.08,90.0,1400,Arterial,True,39,39 Highway
E03827,N02743,N02753,0.184,0.12,90.0,1400,Arterial,True,40,108 Street
E03828,N02743,N02744,0.152,0.15,60.0,1500,Ramp,True,,108 Street
E03829,N02743,N02765,0.598,0.4,90.0,1400,Arterial,True,40,108 Street
E03830,N02745,N02753,0.149,0.15,60.0,1500,Ramp,True,,68 Avenue
E03831,N02941,N02945,1.441,0.96,90.0,1400,Arterial,True,43,100 Avenue
E03832,N03241,N03242,0.105,0.07,90.0,1400,Arterial,True,16A,16A Highway
E03833,N03241,N03244,0.439,0.29,90.0,1400,Arterial,True,16A,16A Highway
E03834,N00267,N00148,9.719,6.48,90.0,1400,Arterial,True,770,Range Road 31
E03835,N03242,N03243,0.112,0.11,60.0,1500,Ramp,True,16A,
E03836,N03242,N03244,0.335,0.22,90.0,1400,Arterial,True,16A,16A Highway
E03837,N02747,N02748,0.279,0.17,100.0,1600,Expressway / Highway,True,,40 Highway
E03838,N03781,N03783,0.05,0.03,90.0,1400,Arterial,True,881,881 Highway
E03839,N03781,N03797,138.033,84.71,97.8,1400,Expressway / Highway,True,63,63 Highway
E03840,N03782,N03786,3.789,2.27,100.0,1600,Expressway / Highway,True,63,63 Highway
E03841,N03782,N03783,0.1,0.06,100.0,1600,Expressway / Highway,True,63,63 Highway
E03842,N03782,N03784,0.166,0.17,60.0,1500,Ramp,True,63,
E03843,N03977,N02670,2.446,2.07,71.0,600,Collector,True,43,Wedow Drive
E03844,N03783,N03785,0.128,0.08,100.0,1600,Expressway / Highway,True,63,63 Highway
E03845,N03783,N03784,0.099,0.07,90.0,1400,Arterial,True,881,881 Highway
E03846,N03784,N03787,0.025,0.02,90.0,1400,Arterial,True,881,881 Highway
E03847,N00534,N00535,1.178,1.18,60.0,1500,Ramp,True,16A,Trans-Canada Highway
E03848,N00534,N01223,1.769,1.06,100.0,1600,Expressway / Highway,True,16A,Trans-Canada Highway
E03849,N02748,N02749,0.261,0.16,100.0,1600,Expressway / Highway,True,,40 Highway
E03850,N03244,N03245,0.687,0.46,90.0,3000,Arterial,True,16A,16A Highway
E03851,N03544,N03545,26.127,17.42,90.0,1400,Arterial,True,855,855 Highway
E03852,N03544,N03555,8.1,5.4,90.0,1400,Arterial,True,45,45 Highway
E03853,N03785,N03787,0.165,0.17,60.0,1500,Ramp,True,63,
E03854,N03785,N03801,67.598,41.35,98.1,1400,Expressway / Highway,True,63,63 Highway
E03855,N03787,N03788,21.393,14.26,90.0,1400,Arterial,True,881,881 Highway
E03856,N01132,N01141,1.103,0.66,100.0,1600,Expressway / Highway,True,2,Trans-Canada Highway
E03857,N03545,N03546,0.81,0.54,90.0,1400,Arterial,True,28,28 Highway
E03858,N01134,N01265,0.668,0.4,100.0,1600,Expressway / Highway,True,2,Trans-Canada Highway
E03859,N01134,N01135,0.088,0.09,60.0,1500,Ramp,True,2,Trans-Canada Highway
E03860,N00268,N00273,25.651,17.1,90.0,1400,Arterial,True,770,770 Highway
E03861,N03546,N03558,22.493,15.0,90.0,1400,Arterial,True,28,28 Highway
E03862,N03245,N03247,1.052,0.7,90.0,3000,Arterial,True,16A,50 Avenue
E03863,N03245,N03305,4.623,3.08,90.0,1400,Arterial,True,857,60 Street
E03864,N00969,N00974,0.054,0.04,90.0,3000,Arterial,True,,50 Street
E03865,N00969,N00970,0.075,0.05,90.0,3000,Arterial,True,,50 Street
E03866,N00969,N00974,0.077,0.08,60.0,1500,Ramp,True,,
E03867,N00970,N00973,0.3,0.2,90.0,1400,Arterial,True,,814 Highway
E03868,N00970,N00975,3.738,2.49,90.0,1400,Arterial,True,,50 Street
E03869,N00971,N00975,3.17,2.11,90.0,1400,Arterial,True,,814 Highway
E03870,N00971,N00972,0.046,0.05,60.0,1500,Ramp,True,,
E03871,N00971,N00972,0.032,0.02,90.0,1400,Arterial,True,,814 Highway
E03872,N01136,N01151,0.684,0.41,100.0,1600,Expressway / Highway,True,16,Trans-Canada Highway
E03873,N01136,N01377,0.587,0.35,100.0,1600,Expressway / Highway,True,16,Trans-Canada Highway
E03874,N01136,N01381,0.493,0.49,60.0,1500,Ramp,True,16,Trans-Canada Highway
E03875,N02540,N02541,2.605,1.74,90.0,1400,Arterial,True,28,28 Highway
E03876,N02541,N02543,13.638,9.09,90.0,1400,Arterial,True,803,803 Highway
E03877,N02541,N02564,5.319,3.55,90.0,1400,Arterial,True,28,28 Highway
E03878,N02942,N02946,11.33,7.55,90.0,1400,Arterial,True,59,59 Highway
E03879,N02942,N02834,14.567,9.71,90.0,1400,Arterial,True,59,59 Highway
E03880,N01137,N01154,0.5,0.5,60.0,1500,Ramp,True,2,Trans-Canada Highway
E03881,N01137,N01148,1.106,0.66,100.0,1600,Expressway / Highway,True,16,Trans-Canada Highway
E03882,N01138,N01141,0.093,0.09,60.0,1500,Ramp,True,2,Trans-Canada Highway
E03883,N01139,N01141,0.045,0.03,100.0,1600,Expressway / Highway,True,2,Trans-Canada Highway
E03884,N01139,N01140,0.086,0.05,100.0,1600,Expressway / Highway,True,2,Trans-Canada Highway
E03885,N01139,N01142,0.02,0.02,60.0,1500,Ramp,True,,
E03886,N01140,N01150,0.109,0.07,100.0,1600,Expressway / Highway,True,2,Trans-Canada Highway
E03887,N02943,N02944,20.307,13.54,90.0,1400,Arterial,True,43,43 Highway
E03888,N02943,N02946,9.948,6.63,90.0,1400,Arterial,True,59,59 Highway
E03889,N01142,N01143,0.062,0.04,100.0,1600,Expressway / Highway,True,2,Trans-Canada Highway
E03890,N01142,N01146,0.079,0.05,100.0,1600,Expressway / Highway,True,2,Trans-Canada Highway
E03891,N00535,N00544,0.376,0.38,60.0,1500,Ramp,True,16A,Trans-Canada Highway
E03892,N00535,N00544,0.162,0.16,60.0,1500,Ramp,True,16A,Trans-Canada Highway
E03893,N01143,N01147,0.07,0.04,100.0,1600,Expressway / Highway,True,2,Trans-Canada Highway
E03894,N01143,N01144,0.071,0.07,60.0,1500,Ramp,True,2,Trans-Canada Highway
E03895,N01146,N01145,0.095,0.09,60.0,1500,Ramp,True,2,Trans-Canada Highway
E03896,N00536,N00539,0.447,0.54,50.0,600,Local / Street,True,16A,Trans-Canada Highway
E03897,N00537,N00539,0.393,0.39,60.0,1500,Ramp,True,,Trans-Canada Highway
E03898,N03080,N03084,91.593,61.06,90.0,1400,Arterial,True,58,58 Highway
E03899,N03080,N03081,8.146,8.15,60.0,600,Collector,False,,Range Road 45A
E03900,N01147,N01153,0.131,0.08,100.0,1600,Expressway / Highway,True,2,Trans-Canada Highway
E03901,N01147,N01154,0.203,0.2,60.0,1500,Ramp,True,2,Trans-Canada Highway
E03902,N01148,N01344,0.595,0.36,100.0,1600,Expressway / Highway,True,16,Trans-Canada Highway
E03903,N01148,N01149,0.384,0.38,60.0,1500,Ramp,True,2,Trans-Canada Highway
E03904,N01149,N01150,0.123,0.12,60.0,1500,Ramp,True,2,Trans-Canada Highway
E03905,N01149,N01152,0.107,0.11,60.0,1500,Ramp,True,2,Trans-Canada Highway
E03906,N01151,N01343,0.346,0.35,60.0,1500,Ramp,True,2,Trans-Canada Highway
E03907,N01150,N01152,0.07,0.04,100.0,1600,Expressway / Highway,True,2,Trans-Canada Highway
E03908,N01152,N01153,0.019,0.02,60.0,1500,Ramp,True,2,Trans-Canada Highway
E03909,N01152,N01155,0.125,0.07,100.0,1600,Expressway / Highway,True,2,Trans-Canada Highway
E03910,N01153,N01156,0.127,0.08,100.0,1600,Expressway / Highway,True,2,Trans-Canada Highway
E03911,N01153,N01154,0.104,0.1,60.0,1500,Ramp,True,2,Trans-Canada Highway
E03912,N01155,N01343,0.084,0.08,60.0,1500,Ramp,True,2,Trans-Canada Highway
E03913,N01155,N01156,0.02,0.02,60.0,1500,Ramp,True,2,Trans-Canada Highway
E03914,N01156,N01157,0.11,0.11,60.0,1500,Ramp,True,2,Trans-Canada Highway
E03915,N01157,N01158,0.11,0.11,60.0,1500,Ramp,True,2,Trans-Canada Highway
E03916,N03246,N03247,0.882,0.59,90.0,3000,Arterial,True,16A,49 Avenue
E03917,N03246,N03569,1.526,1.02,90.0,1400,Arterial,True,857,Bruce Road
E03918,N03246,N03570,0.161,0.11,90.0,1400,Arterial,True,16A,16A Highway
E03919,N03788,N03656,72.894,48.6,90.0,1400,Arterial,True,881,881 Highway
E03920,N03788,N04001,2.114,1.59,80.0,1000,Collector,True,,Stony Mountain Road
E03921,N03247,N03567,0.825,0.67,73.6,600,Collector,True,,50 Street
E03922,N00540,N00541,0.389,0.26,90.0,1400,Arterial,True,628,Whitemud Drive
E03923,N00540,N00543,0.258,0.17,90.0,1400,Arterial,True,628,Whitemud Drive
E03924,N00540,N00640,0.196,0.13,90.0,1400,Arterial,True,628,Whitemud Drive
E03925,N01684,N01601,0.59,0.58,61.6,1000,Ramp,True,2,Whitemud Drive
E03926,N03248,N03306,21.736,14.49,90.0,1400,Arterial,True,45,45 Highway
E03927,N01572,N02542,0.099,0.1,60.0,1500,Ramp,True,16,Trans-Canada Highway
E03928,N01573,N01574,0.049,0.03,100.0,1600,Expressway / Highway,True,16,Trans-Canada Highway
E03929,N01573,N02542,0.144,0.09,100.0,1600,Expressway / Highway,True,16,Trans-Canada Highway
E03930,N01574,N01591,0.845,0.51,100.0,1600,Expressway / Highway,True,16,Trans-Canada Highway
E03931,N01736,N01737,0.091,0.09,60.0,1500,Ramp,True,28,
E03932,N01159,N01386,2.823,1.69,100.0,1600,Expressway / Highway,True,216,Anthony Henday Drive
E03933,N01159,N01163,0.587,0.59,60.0,1500,Ramp,True,216,Anthony Henday Drive
E03934,N01159,N01167,0.723,0.43,100.0,1600,Expressway / Highway,True,216,Anthony Henday Drive
E03935,N00541,N00542,0.081,0.05,90.0,1400,Arterial,True,628,Whitemud Drive
E03936,N00541,N00543,0.133,0.13,60.0,1500,Ramp,True,,Whitemud Drive
E03937,N00542,N00543,0.212,0.14,90.0,1400,Arterial,True,628,Whitemud Drive
E03938,N01160,N01385,3.165,1.9,100.0,1600,Expressway / Highway,True,216,Anthony Henday Drive
E03939,N01160,N01166,0.316,0.19,100.0,1600,Expressway / Highway,True,216,Anthony Henday Drive
E03940,N01162,N01167,0.647,0.65,60.0,1500,Ramp,True,216,Anthony Henday Drive
E03941,N01161,N01165,0.108,0.07,100.0,1600,Expressway / Highway,True,2,Mark Messier Trail
E03942,N01164,N01163,0.062,0.06,60.0,1500,Ramp,True,216,Anthony Henday Drive
E03943,N01166,N01170,0.674,0.4,100.0,1600,Expressway / Highway,True,216,Anthony Henday Drive
E03944,N01168,N01169,0.047,0.05,60.0,1500,Ramp,True,216,Anthony Henday Drive
E03945,N01169,N01170,0.579,0.58,60.0,1500,Ramp,True,216,Anthony Henday Drive
E03946,N01737,N01747,0.223,0.15,90.0,1400,Arterial,True,28,97 Street
E03947,N01737,N01738,0.077,0.05,90.0,1400,Arterial,True,28,97 Street
E03948,N01737,N01744,0.075,0.08,60.0,1500,Ramp,True,28,97 Street
E03949,N01577,N01582,0.091,0.09,60.0,1500,Ramp,True,2,Trans-Canada Highway
E03950,N01577,N01583,0.135,0.14,60.0,1500,Ramp,True,2,Trans-Canada Highway
E03951,N01578,N01580,0.011,0.01,100.0,1600,Expressway / Highway,True,2,St Albert Trail
E03952,N01578,N01581,0.04,0.04,60.0,1500,Ramp,True,2,Trans-Canada Highway
E03953,N02655,N02658,0.54,0.32,100.0,1600,Expressway / Highway,True,43,43 Highway
E03954,N02655,N02657,0.23,0.23,60.0,1500,Ramp,True,,
E03955,N01579,N01582,0.08,0.05,100.0,1600,Expressway / Highway,True,2,St Albert Trail
E03956,N01579,N01580,0.019,0.02,60.0,1500,Ramp,True,2,Trans-Canada Highway
E03957,N01580,N01584,0.085,0.05,100.0,1600,Expressway / Highway,True,2,St Albert Trail
E03958,N01580,N01581,0.038,0.04,60.0,1500,Ramp,True,2,Trans-Canada Highway
E03959,N03789,N03790,1.679,1.68,60.0,600,Collector,False,,Old Trail
E03960,N01581,N01586,0.053,0.05,60.0,1500,Ramp,True,2,Trans-Canada Highway
E03961,N01582,N01584,0.019,0.02,60.0,1500,Ramp,True,2,Trans-Canada Highway
E03962,N01582,N01583,0.063,0.04,100.0,1600,Expressway / Highway,True,2,St Albert Trail
E03963,N01583,N01585,0.235,0.14,100.0,1600,Expressway / Highway,True,2,St Albert Trail
E03964,N01584,N01585,0.072,0.04,100.0,1600,Expressway / Highway,True,2,St Albert Trail
E03965,N01584,N01597,0.081,0.08,60.0,1500,Ramp,True,2,Trans-Canada Highway
E03966,N01585,N01597,0.1,0.1,60.0,1500,Ramp,True,2,Trans-Canada Highway
E03967,N01586,N01588,0.04,0.05,50.0,600,Local / Street,True,2,Trans-Canada Highway
E03968,N01586,N01595,0.397,0.4,60.0,1500,Ramp,True,2,Trans-Canada Highway
E03969,N02656,N02671,0.53,0.32,100.0,1600,Expressway / Highway,True,43,43 Highway
E03970,N02656,N02668,0.129,0.13,60.0,1500,Ramp,True,43,Govenlock Road
E03971,N01587,N01595,0.902,0.54,100.0,1600,Expressway / Highway,True,16,Trans-Canada Highway
E03972,N01589,N01591,0.053,0.05,60.0,1500,Ramp,True,16,Trans-Canada Highway
E03973,N01590,N01596,0.283,0.28,60.0,1500,Ramp,True,16,Trans-Canada Highway
E03974,N01590,N01596,0.172,0.1,100.0,3600,Expressway / Highway,True,16,Trans-Canada Highway
E03975,N01591,N01593,0.122,0.07,100.0,1600,Expressway / Highway,True,16,Trans-Canada Highway
E03976,N01592,N01593,0.074,0.07,60.0,1500,Ramp,True,16,Trans-Canada Highway
E03977,N03790,N03791,49.105,35.13,83.9,600,Arterial,True,858,100 Street
E03978,N01593,N01594,0.568,0.34,100.0,1600,Expressway / Highway,True,16,Trans-Canada Highway
E03979,N01594,N01597,0.297,0.3,60.0,1500,Ramp,True,2,Trans-Canada Highway
E03980,N01595,N01596,0.481,0.29,100.0,3600,Expressway / Highway,True,16,Trans-Canada Highway
E03981,N02752,N02756,0.674,0.45,90.0,1400,Arterial,True,40,108 Street
E03982,N02753,N02754,0.602,0.4,90.0,1400,Arterial,True,40,108 Street
E03983,N03547,N01932,18.487,11.09,100.0,1600,Expressway / Highway,True,16,Trans-Canada Highway
E03984,N03547,N03550,0.031,0.02,90.0,1400,Arterial,True,15;855,15 Highway
E03985,N03547,N03302,10.774,6.46,100.0,1600,Expressway / Highway,True,16,Trans-Canada Highway
E03986,N03547,N03548,2.095,1.4,90.0,1400,Arterial,True,15,15 Highway
E03987,N00976,N00983,0.706,0.47,90.0,1400,Arterial,True,834,50 Avenue
E03988,N00976,N00984,1.486,0.99,89.7,600,Arterial,True,626,50 Avenue
E03989,N02754,N02755,0.081,0.05,90.0,1400,Arterial,True,40,108 Street
E03990,N02754,N02756,0.151,0.15,60.0,1500,Ramp,True,,108 Street
E03991,N02755,N02757,0.066,0.04,90.0,1400,Arterial,True,40,108 Street
E03992,N02755,N02758,0.074,0.07,60.0,1500,Ramp,True,40,
E03993,N02756,N02759,0.105,0.07,90.0,1400,Arterial,True,40,108 Street
E03994,N02757,N02759,0.109,0.11,60.0,1500,Ramp,True,40,108 Street
E03995,N00978,N00979,0.226,0.15,90.0,1400,Arterial,True,14,14 Highway
E03996,N02658,N02659,0.11,0.11,60.0,1500,Ramp,True,43,42 Avenue
E03997,N02658,N02663,0.288,0.17,100.0,1600,Expressway / Highway,True,43,43 Highway
E03998,N00979,N00981,24.495,16.33,90.0,1400,Arterial,True,14,14 Highway
E03999,N02660,N02662,0.197,0.2,60.0,1500,Ramp,True,,Hospital Road
E04000,N02760,N02765,0.281,0.28,60.0,1500,Ramp,True,,
E04001,N02760,N02765,0.247,0.16,90.0,1400,Arterial,True,40,40 Highway
E04002,N02761,N02763,0.278,0.19,90.0,1400,Arterial,True,40,40 Highway
E04003,N02761,N02762,0.186,0.19,60.0,1500,Ramp,True,,
E04004,N02661,N02663,0.106,0.11,60.0,1500,Ramp,True,43,43 Avenue
E04005,N02763,N02764,0.191,0.19,60.0,1500,Ramp,True,,
E04006,N03548,N03549,0.092,0.09,60.0,1500,Ramp,True,15,
E04007,N02766,N02770,0.095,0.06,100.0,1600,Expressway / Highway,True,43,100 Avenue
E04008,N02766,N02767,0.155,0.16,60.0,1500,Ramp,True,43,
E04009,N02766,N02773,0.087,0.05,100.0,1600,Expressway / Highway,True,43,100 Avenue
E04010,N02767,N02770,0.099,0.06,100.0,1600,Expressway / Highway,True,43,108 Street
E04011,N02767,N02774,0.056,0.03,100.0,1600,Expressway / Highway,True,43,108 Street
E04012,N02769,N02770,0.012,0.01,80.0,1000,Collector,True,40,100 Avenue
E04013,N02770,N02771,0.008,0.01,90.0,1400,Arterial,True,40,108 Street
E04014,N03791,N03793,21.808,14.54,90.0,1400,Arterial,True,881,881 Highway
E04015,N02662,N02671,1.245,0.75,100.0,1600,Expressway / Highway,True,43,43 Highway
E04016,N02663,N02664,1.004,0.6,100.0,1600,Expressway / Highway,True,43,43 Highway
E04017,N02771,N02782,0.195,0.2,60.0,1500,Ramp,True,43,100 Avenue
E04018,N02664,N02670,0.279,0.17,100.0,1600,Expressway / Highway,True,43,43 Highway
E04019,N02664,N02665,0.21,0.21,60.0,1500,Ramp,True,43,51 Street
E04020,N03550,N01005,22.62,15.08,90.0,1400,Arterial,True,855,855 Highway
E04021,N03550,N03301,10.822,6.49,100.0,1600,Expressway / Highway,True,16,Trans-Canada Highway
E04022,N01171,N01174,0.085,0.09,60.0,1500,Ramp,True,2,
E04023,N01172,N01177,0.116,0.12,60.0,1500,Ramp,True,2,
E04024,N01173,N01175,0.056,0.06,60.0,1500,Ramp,True,2,
E04025,N02773,N02772,0.042,0.04,60.0,1500,Ramp,True,,
E04026,N02773,N02821,1.247,0.75,100.0,1600,Expressway / Highway,True,43,100 Avenue
E04027,N01174,N01292,0.226,0.14,100.0,1600,Expressway / Highway,True,2,St. Albert Road
E04028,N01174,N01175,0.115,0.07,100.0,1600,Expressway / Highway,True,2,St. Albert Road
E04029,N02774,N03982,0.062,0.06,60.0,1500,Ramp,True,,
E04030,N02774,N02787,1.374,0.82,100.0,1600,Expressway / Highway,True,43,108 Street
E04031,N02775,N02777,0.11,0.11,60.0,1500,Ramp,True,40,
E04032,N02775,N02777,0.091,0.06,90.0,1400,Arterial,True,40,108 Street
E04033,N02777,N02779,0.176,0.12,90.0,1400,Arterial,True,40,108 Street
E04034,N02778,N02784,0.081,0.08,60.0,1500,Ramp,True,40,
E04035,N02778,N02781,0.058,0.03,100.0,1600,Expressway / Highway,True,43,100 Avenue
E04036,N02778,N02782,0.137,0.08,100.0,1600,Expressway / Highway,True,43,100 Avenue
E04037,N02779,N02780,0.041,0.03,90.0,1400,Arterial,True,40,108 Street
E04038,N02779,N02785,0.068,0.07,60.0,1500,Ramp,True,40,
E04039,N02780,N02783,0.009,0.01,100.0,1600,Expressway / Highway,True,43,108 Street
E04040,N02780,N02781,0.012,0.01,100.0,1600,Expressway / Highway,True,43,100 Avenue
E04041,N02781,N02784,0.047,0.03,90.0,1400,Arterial,True,40,108 Street
E04042,N02782,N02827,1.163,0.7,100.0,1600,Expressway / Highway,True,43,100 Avenue
E04043,N02783,N02790,1.659,1.49,66.8,600,Collector,True,40,100 Avenue
E04044,N03605,N03669,16.185,10.79,90.0,1400,Arterial,True,893,893 Highway
E04045,N02666,N02671,0.084,0.08,60.0,1500,Ramp,True,43,51 Street
E04046,N02786,N02789,0.065,0.07,60.0,1500,Ramp,True,43,
E04047,N02786,N02791,1.109,0.67,100.0,1600,Expressway / Highway,True,43,108 Street
E04048,N02787,N02788,0.069,0.07,60.0,1500,Ramp,True,43,
E04049,N02787,N02793,1.375,0.83,100.0,1600,Expressway / Highway,True,43,116 Avenue
E04050,N03643,N03645,2.765,1.84,90.0,1400,Arterial,True,41,41 Highway
E04051,N03643,N03642,0.543,0.54,60.0,1500,Ramp,True,41,
E04052,N03643,N03646,0.471,0.31,90.0,1400,Arterial,True,41,41 Highway
E04053,N03642,N03646,0.13,0.09,90.0,1400,Arterial,True,660,660 Highway
E04054,N02667,N02669,0.207,0.21,60.0,1500,Ramp,True,43,Govenlock Road
E04055,N02667,N02670,0.189,0.11,100.0,1600,Expressway / Highway,True,43,43 Highway
E04056,N01178,N03966,0.854,0.51,100.0,1600,Expressway / Highway,True,,Whitemud Drive
E04057,N01178,N01191,0.333,0.2,100.0,1600,Expressway / Highway,True,,Whitemud Drive
E04058,N01178,N01190,0.451,0.45,60.0,1500,Ramp,True,,
E04059,N01179,N01339,0.825,0.5,100.0,1600,Expressway / Highway,True,,Whitemud Drive
E04060,N01179,N01193,0.43,0.26,100.0,1600,Expressway / Highway,True,,Whitemud Drive
E04061,N01179,N01195,0.499,0.5,60.0,1500,Ramp,True,,
E04062,N03978,N02679,32.773,22.26,88.3,1000,Arterial,True,671,Township Road 724
E04063,N03082,N03083,1.092,1.09,60.3,600,Collector,False,,
E04064,N01180,N01181,0.135,0.14,60.0,1500,Ramp,True,2,
E04065,N01181,N01183,0.29,0.29,60.0,1500,Ramp,True,2,
E04066,N01183,N01341,0.23,0.23,60.0,1500,Ramp,True,,
E04067,N01184,N01186,0.076,0.05,100.0,1600,Expressway / Highway,True,2,170 Street
E04068,N01185,N01342,0.233,0.23,60.0,1500,Ramp,True,2,
E04069,N01185,N01186,0.07,0.07,60.0,1500,Ramp,True,2,
E04070,N01185,N01187,0.119,0.12,60.0,1500,Ramp,True,2,
E04071,N01186,N01187,0.066,0.04,100.0,1600,Expressway / Highway,True,2,170 Street
E04072,N01187,N01208,0.641,0.38,100.0,1600,Expressway / Highway,True,2,170 Street
E04073,N03792,N03793,0.159,0.16,60.0,1500,Ramp,True,881,
E04074,N02945,N02679,7.604,5.07,90.0,1400,Arterial,True,43,43 Highway
E04075,N01188,N01207,0.497,0.3,100.0,1600,Expressway / Highway,True,2,170 Street
E04076,N03249,N03250,0.074,0.07,60.0,1500,Ramp,True,,
E04077,N03249,N03252,0.109,0.11,60.0,1500,Ramp,True,,
E04078,N03083,N03088,69.298,46.2,90.0,1400,Arterial,True,35,35 Highway
E04079,N03251,N03252,0.066,0.07,60.0,1500,Ramp,True,,
E04080,N03252,N03258,0.324,0.32,60.0,1500,Ramp,True,,
E04081,N01189,N01190,0.104,0.1,60.0,1500,Ramp,True,,
E04082,N01190,N01351,0.145,0.14,60.0,1500,Ramp,True,,
E04083,N03255,N03254,0.862,0.52,100.0,1600,Expressway / Highway,True,16,Trans-Canada Highway
E04084,N03253,N03258,0.656,0.39,100.0,1600,Expressway / Highway,True,16,Trans-Canada Highway
E04085,N03979,N02677,0.244,0.27,54.1,600,Local / Street,True,,7 Avenue West
E04086,N03254,N03256,0.42,0.42,60.0,1500,Ramp,True,,
E04087,N03254,N03260,0.878,0.53,100.0,1600,Expressway / Highway,True,16,Trans-Canada Highway
E04088,N03256,N03257,0.061,0.06,60.0,1500,Ramp,True,,
E04089,N01191,N01341,0.503,0.5,60.0,1500,Ramp,True,,
E04090,N01192,N01206,0.108,0.11,60.0,1500,Ramp,True,,
E04091,N03644,N03646,16.261,10.84,90.0,1400,Arterial,True,41,50 Street
E04092,N03644,N03658,18.502,12.33,90.0,1400,Arterial,True,55,50 Avenue
E04093,N01193,N01352,0.531,0.53,60.0,1500,Ramp,True,,
E04094,N01194,N01195,0.096,0.1,60.0,1500,Ramp,True,,
E04095,N01195,N01206,0.162,0.16,60.0,1500,Ramp,True,,
E04096,N03793,N03798,87.524,58.35,90.0,1400,Arterial,True,881,881 Highway
E04097,N01196,N01340,0.518,0.52,60.0,1500,Ramp,True,216,
E04098,N01196,N01197,0.266,0.16,100.0,1600,Expressway / Highway,True,216,Anthony Henday Drive
E04099,N01196,N01335,1.031,0.62,100.0,1600,Expressway / Highway,True,216,Anthony Henday Drive
E04100,N01197,N01198,0.677,0.41,100.0,1600,Expressway / Highway,True,216,Anthony Henday Drive
E04101,N01197,N01204,0.71,0.71,60.0,1500,Ramp,True,216,Anthony Henday Drive
E04102,N01198,N01219,0.268,0.16,100.0,1600,Expressway / Highway,True,216,Anthony Henday Drive
E04103,N01198,N01201,0.618,0.62,60.0,1500,Ramp,True,216,Anthony Henday Drive
E04104,N01199,N01219,0.593,0.59,60.0,1500,Ramp,True,216,Anthony Henday Drive
E04105,N01199,N01203,0.037,0.04,60.0,1500,Ramp,True,216,Anthony Henday Drive
E04106,N01199,N01200,0.039,0.04,60.0,1500,Ramp,True,216,Anthony Henday Drive
E04107,N01201,N01339,0.668,0.67,60.0,1500,Ramp,True,216,Anthony Henday Drive
E04108,N01201,N01202,0.478,0.48,60.0,1500,Ramp,True,216,Anthony Henday Drive
E04109,N01202,N01339,0.287,0.17,100.0,1600,Expressway / Highway,True,,Whitemud Drive
E04110,N01202,N01340,0.208,0.14,90.0,1400,Arterial,True,628,Whitemud Drive
E04111,N01202,N01336,0.017,0.02,60.0,1500,Ramp,True,216,Anthony Henday Drive
E04112,N01204,N01205,0.057,0.06,60.0,1500,Ramp,True,216,Anthony Henday Drive
E04113,N01204,N00645,0.058,0.06,60.0,1500,Ramp,True,216,Anthony Henday Drive
E04114,N02011,N02014,0.541,0.54,60.0,1500,Ramp,True,14,
E04115,N02011,N02022,1.155,0.69,100.0,1600,Expressway / Highway,True,14,Whitemud Drive
E04116,N01206,N01352,0.301,0.3,60.0,1500,Ramp,True,,
E04117,N02012,N02013,0.249,0.25,60.0,1500,Ramp,True,14,
E04118,N02012,N02020,0.374,0.37,60.0,1500,Ramp,True,14,
E04119,N02012,N02017,0.314,0.31,60.0,1500,Ramp,True,,
E04120,N02013,N02019,0.939,0.56,100.0,1600,Expressway / Highway,True,,Whitemud Drive
E04121,N03084,N03103,59.182,39.45,90.0,1400,Arterial,True,35,35 Highway
E04122,N03084,N03085,0.7,0.47,90.0,1400,Arterial,True,35,35 Highway
E04123,N02014,N02021,0.218,0.22,60.0,1500,Ramp,True,14,
E04124,N02014,N02015,0.087,0.09,60.0,1500,Ramp,True,14,
E04125,N03085,N03090,0.677,0.72,56.3,600,Local / Street,True,,105 Avenue
E04126,N03085,N03091,0.349,0.23,90.0,1400,Arterial,True,35,35 Highway
E04127,N02016,N02020,0.292,0.29,60.0,1500,Ramp,True,,
E04128,N02791,N02796,0.518,0.31,100.0,1600,Expressway / Highway,True,43,116 Avenue
E04129,N02791,N02792,0.073,0.07,60.0,1500,Ramp,True,,
E04130,N00544,N01223,0.431,0.43,60.0,1500,Ramp,True,16A,Trans-Canada Highway
E04131,N03645,N03652,1.338,0.89,90.0,1400,Arterial,True,28,50 Avenue
E04132,N03646,N03657,5.387,3.59,90.0,1400,Arterial,True,660,660 Highway
E04133,N03794,N03795,0.949,0.63,90.0,1400,Arterial,True,63,63 Highway
E04134,N03794,N03795,0.931,0.62,90.0,1400,Arterial,True,63,63 Highway
E04135,N03795,N03800,86.636,56.38,92.2,600,Arterial,True,63,63 Highway
E04136,N03086,N03088,0.345,0.23,90.0,1400,Arterial,True,35,35 Highway
E04137,N03086,N03087,0.021,0.01,90.0,1400,Arterial,True,35,35 Highway
E04138,N03086,N03091,1.112,0.74,90.0,1400,Arterial,True,35,35 Highway
E04139,N00546,N00547,0.407,0.41,60.0,1500,Ramp,True,16,Trans-Canada Highway
E04140,N00547,N00548,0.462,0.46,60.0,1500,Ramp,True,16,Trans-Canada Highway
E04141,N02544,N00605,27.31,18.21,90.0,1400,Arterial,True,2,2 Highway
E04142,N03088,N03087,0.345,0.23,90.0,1400,Arterial,True,35,35 Highway
E04143,N03087,N03091,1.113,0.74,90.0,1400,Arterial,True,35,35 Highway
E04144,N03087,N03092,0.312,0.21,90.0,1400,Arterial,True,35,35 Highway
E04145,N03089,N03116,55.397,36.93,90.0,1400,Arterial,True,58,58 Highway
E04146,N03089,N03092,0.718,0.48,90.0,1400,Arterial,True,35,35 Highway
E04147,N03089,N03092,0.71,0.47,90.0,1400,Arterial,True,35,35 Highway
E04148,N03551,N03305,19.844,13.23,90.0,1400,Arterial,True,631,631 Highway
E04149,N00549,N00554,0.58,0.58,60.0,1500,Ramp,True,16,Trans-Canada Highway
E04150,N03647,N03653,7.856,5.24,90.0,1400,Arterial,True,659,659 Highway
E04151,N03647,N03660,8.117,5.41,90.0,1400,Arterial,True,659,659 Highway
E04152,N03059,N03119,50.832,33.89,90.0,1400,Arterial,True,986,986 Highway
E04153,N00269,N00275,5.883,3.53,100.0,1600,Expressway / Highway,True,16A,Trans-Canada Highway
E04154,N00269,N00289,3.212,1.93,100.0,1600,Expressway / Highway,True,16,Trans-Canada Highway
E04155,N00270,N00290,2.878,1.73,100.0,1600,Expressway / Highway,True,16,Trans-Canada Highway
E04156,N03796,N03797,1.013,0.68,90.0,1400,Arterial,True,63,63 Highway
E04157,N03796,N03797,1.032,0.69,90.0,1400,Arterial,True,63,63 Highway
E04158,N03648,N03649,0.217,0.22,60.0,1500,Ramp,True,28,
E04159,N03648,N03650,0.497,0.33,90.0,1400,Arterial,True,28,28 Highway
E04160,N03648,N03657,4.098,2.73,90.0,1400,Arterial,True,28,28 Highway
E04161,N00550,N00562,0.095,0.1,60.0,1500,Ramp,True,60,
E04162,N00550,N00574,0.545,0.33,100.0,1600,Expressway / Highway,True,60,60 Highway
E04163,N00550,N00551,0.363,0.22,100.0,1600,Expressway / Highway,True,60,60 Highway
E04164,N00551,N00560,0.56,0.34,100.0,1600,Expressway / Highway,True,60,60 Highway
E04165,N01207,N01211,0.144,0.09,100.0,1600,Expressway / Highway,True,2,170 Street
E04166,N01208,N00651,0.143,0.09,100.0,1600,Expressway / Highway,True,2,170 Street
E04167,N01208,N01209,0.086,0.09,60.0,1500,Ramp,True,2,
E04168,N00553,N00554,0.319,0.32,60.0,1500,Ramp,True,16,Trans-Canada Highway
E04169,N01210,N00651,0.11,0.11,60.0,1500,Ramp,True,2,
E04170,N03650,N03653,0.11,0.07,90.0,1400,Arterial,True,28,28 Highway
E04171,N01211,N01220,1.204,0.72,100.0,1600,Expressway / Highway,True,2,170 Street
E04172,N02793,N02794,0.137,0.08,100.0,1600,Expressway / Highway,True,43,116 Avenue
E04173,N02793,N02794,0.11,0.11,60.0,1500,Ramp,True,43,43 Highway
E04174,N02794,N02798,0.19,0.11,100.0,1600,Expressway / Highway,True,43,100 Street
E04175,N02795,N02796,0.052,0.05,60.0,1500,Ramp,True,43,
E04176,N02796,N02797,0.187,0.11,100.0,1600,Expressway / Highway,True,43,100 Street
E04177,N02797,N02801,0.04,0.04,60.0,1500,Ramp,True,43,
E04178,N02797,N02802,0.039,0.02,100.0,1600,Expressway / Highway,True,43,100 Street
E04179,N02798,N02801,0.016,0.01,100.0,1600,Expressway / Highway,True,43,100 Street
E04180,N02798,N02799,0.023,0.02,60.0,1500,Ramp,True,43,
E04181,N00271,N00299,3.25,2.79,70.0,600,Arterial,False,633,633 Highway
E04182,N03798,N03656,32.129,21.42,90.0,1400,Arterial,True,881,881 Highway
E04183,N03651,N03652,0.111,0.13,50.0,600,Local / Street,True,,48 Street
E04184,N02672,N02673,1.052,0.96,65.6,600,Collector,True,,1 Avenue Southwest
E04185,N03652,N03654,0.462,0.31,90.0,1400,Arterial,True,28,50 Avenue
E04186,N02801,N02803,0.026,0.02,100.0,1600,Expressway / Highway,True,43,100 Street
E04187,N02018,N02021,0.154,0.15,60.0,1500,Ramp,True,14,
E04188,N02802,N02803,0.027,0.03,60.0,1500,Ramp,True,43,
E04189,N03654,N03653,0.082,0.05,90.0,1400,Arterial,True,28,50 Avenue
E04190,N02019,N02020,0.323,0.32,60.0,1500,Ramp,True,,
E04191,N02019,N02024,0.562,0.34,100.0,1600,Expressway / Highway,True,,Whitemud Drive
E04192,N00272,N00279,12.963,8.64,90.0,1400,Arterial,True,642;777,777 Highway
E04193,N00272,N00303,4.944,3.3,90.0,1400,Arterial,True,37,37 Highway
E04194,N01212,N01217,0.051,0.05,60.0,1500,Ramp,True,216,
E04195,N01213,N01215,0.048,0.05,60.0,1500,Ramp,True,216,Anthony Henday Drive
E04196,N02021,N02022,0.4,0.4,60.0,1500,Ramp,True,14,
E04197,N01214,N01217,0.051,0.05,60.0,1500,Ramp,True,216,
E04198,N03941,N03900,1.944,1.17,100.0,1600,Expressway / Highway,True,63,63 Highway
E04199,N01215,N00648,0.612,0.61,60.0,1500,Ramp,True,216,Anthony Henday Drive
E04200,N01215,N01216,0.051,0.05,60.0,1500,Ramp,True,216,Anthony Henday Drive
E04201,N01217,N01218,0.392,0.39,60.0,1500,Ramp,True,216,
E04202,N01218,N00648,0.554,0.33,100.0,1600,Expressway / Highway,True,216,Anthony Henday Drive
E04203,N01218,N00650,0.788,0.47,100.0,1600,Expressway / Highway,True,216,Anthony Henday Drive
E04204,N01219,N01233,0.972,0.58,100.0,1600,Expressway / Highway,True,216,Anthony Henday Drive
E04205,N02022,N02025,0.752,0.45,100.0,1600,Expressway / Highway,True,14,Whitemud Drive
E04206,N02545,N01686,2.423,1.45,100.0,1600,Expressway / Highway,True,216,Anthony Henday Drive
E04207,N03552,N03556,10.267,6.84,90.0,1400,Arterial,True,45,45 Highway
E04208,N03552,N03553,2.962,1.97,90.0,1400,Arterial,True,857,857 Highway
E04209,N02547,N01702,2.684,1.61,100.0,1600,Expressway / Highway,True,216,Anthony Henday Drive
E04210,N01220,N01229,0.081,0.05,100.0,1600,Expressway / Highway,True,2,170 Street
E04211,N01220,N01228,0.086,0.09,60.0,1500,Ramp,True,2,
E04212,N01221,N01222,0.077,0.08,60.0,1500,Ramp,True,2,
E04213,N01222,N00651,1.203,0.72,100.0,1600,Expressway / Highway,True,2,170 Street
E04214,N01222,N01227,0.06,0.04,100.0,1600,Expressway / Highway,True,2,170 Street
E04215,N03553,N03554,3.231,2.15,90.0,1400,Arterial,True,857,857 Highway
E04216,N03799,N03656,3.343,3.33,60.3,600,Collector,False,,
E04217,N00555,N00558,0.104,0.1,60.0,1500,Ramp,True,16A,Trans-Canada Highway
E04218,N00555,N00557,0.085,0.05,100.0,1600,Expressway / Highway,True,16A,Trans-Canada Highway
E04219,N00556,N00557,0.023,0.02,60.0,1500,Ramp,True,,Village Road
E04220,N03554,N03556,8.322,5.55,90.0,1400,Arterial,True,645,645 Highway
E04221,N03554,N03557,10.496,7.0,90.0,1400,Arterial,True,857,857 Highway
E04222,N00273,N00293,13.182,8.79,90.0,1400,Arterial,True,770,770 Highway
E04223,N00273,N00309,14.635,9.76,90.0,1400,Arterial,True,627,627 Highway
E04224,N01223,N01237,0.686,0.41,100.0,1600,Expressway / Highway,True,16A,Trans-Canada Highway
E04225,N03093,N03098,17.702,11.8,90.0,1400,Arterial,True,695,695 Highway
E04226,N03555,N03556,4.761,3.17,90.0,1400,Arterial,True,45,45 Highway
E04227,N01225,N01227,0.144,0.14,60.0,1500,Ramp,True,2,95 Avenue
E04228,N01226,N01232,0.086,0.09,60.0,1500,Ramp,True,2,
E04229,N01226,N01227,0.069,0.04,100.0,1600,Expressway / Highway,True,2,170 Street
E04230,N01227,N01229,0.014,0.01,60.0,1500,Ramp,True,2,95 Avenue
E04231,N01229,N01231,0.054,0.03,100.0,1600,Expressway / Highway,True,2,170 Street
E04232,N01230,N01231,0.072,0.07,60.0,1500,Ramp,True,2,
E04233,N03800,N03801,1.053,0.79,80.0,1000,Collector,True,63,63 Highway
E04234,N03800,N03801,1.062,0.64,100.0,1600,Expressway / Highway,True,63,63 Highway
E04235,N01233,N01236,0.533,0.32,100.0,1600,Expressway / Highway,True,216,Anthony Henday Drive
E04236,N01233,N01234,0.271,0.27,60.0,1500,Ramp,True,216,Anthony Henday Drive
E04237,N01234,N01243,0.924,0.92,60.0,1500,Ramp,True,216,Anthony Henday Drive
E04238,N01235,N00647,0.477,0.48,60.0,1500,Ramp,True,216,Anthony Henday Drive
E04239,N01235,N00648,0.809,0.49,100.0,1600,Expressway / Highway,True,216,Anthony Henday Drive
E04240,N01235,N01240,0.658,0.39,100.0,1600,Expressway / Highway,True,216,Anthony Henday Drive
E04241,N01236,N00647,0.94,0.94,60.0,1500,Ramp,True,216,Anthony Henday Drive
E04242,N01236,N01242,0.843,0.51,100.0,1600,Expressway / Highway,True,216,Anthony Henday Drive
E04243,N01237,N00647,0.351,0.35,60.0,1500,Ramp,True,216,Anthony Henday Drive
E04244,N01238,N00646,0.407,0.41,60.0,1500,Ramp,True,216,Anthony Henday Drive
E04245,N01238,N01241,0.37,0.37,60.0,1500,Ramp,True,216,Anthony Henday Drive
E04246,N01239,N01243,0.263,0.16,100.0,1600,Expressway / Highway,True,16A,Trans-Canada Highway
E04247,N01239,N01242,0.622,0.62,60.0,1500,Ramp,True,216,Anthony Henday Drive
E04248,N01240,N00649,0.622,0.62,60.0,1500,Ramp,True,216,Anthony Henday Drive
E04249,N01240,N01241,0.499,0.3,100.0,1600,Expressway / Highway,True,216,Anthony Henday Drive
E04250,N01241,N01353,0.795,0.48,100.0,1600,Expressway / Highway,True,216,Anthony Henday Drive
E04251,N01242,N01354,1.095,0.66,100.0,1600,Expressway / Highway,True,216,Anthony Henday Drive
E04252,N01243,N00649,0.136,0.08,100.0,1600,Expressway / Highway,True,16A,Trans-Canada Highway
E04253,N01245,N01247,0.087,0.09,60.0,1500,Ramp,True,16A,Trans-Canada Highway
E04254,N03557,N03558,16.422,10.95,90.0,1400,Arterial,True,857,857 Highway
E04255,N03557,N03563,15.68,10.45,90.0,1400,Arterial,True,652,652 Highway
E04256,N02548,N02067,0.627,0.63,60.0,1500,Ramp,True,216,Anthony Henday Drive
E04257,N02548,N02102,1.393,1.39,60.0,1500,Ramp,True,216,
E04258,N02549,N02066,1.68,1.01,100.0,1600,Expressway / Highway,True,216,Anthony Henday Drive
E04259,N02549,N02555,1.815,1.09,100.0,1600,Expressway / Highway,True,216,Anthony Henday Drive
E04260,N02549,N02554,0.646,0.65,60.0,1500,Ramp,True,216,Anthony Henday Drive
E04261,N01248,N01272,0.078,0.08,60.0,1500,Ramp,True,16A,Trans-Canada Highway
E04262,N02550,N02065,1.341,0.8,100.0,1600,Expressway / Highway,True,216,Anthony Henday Drive
E04263,N02550,N02556,1.54,0.92,100.0,1600,Expressway / Highway,True,216,Anthony Henday Drive
E04264,N02550,N02557,0.408,0.41,60.0,1500,Ramp,True,216,Anthony Henday Drive
E04265,N01249,N01270,0.006,0.01,60.0,1500,Ramp,True,16A,Trans-Canada Highway
E04266,N02674,N03118,26.242,17.49,90.0,1400,Arterial,True,750,750 Highway
E04267,N02674,N03984,3.696,3.74,59.3,600,Collector,False,,Nahachick Road
E04268,N03964,N00987,19.796,13.2,90.0,1400,Arterial,True,14,14 Highway
E04269,N01251,N01256,0.137,0.14,60.0,1500,Ramp,True,16A,Trans-Canada Highway
E04270,N00560,N00575,0.356,0.21,100.0,1600,Expressway / Highway,True,60,60 Highway
E04271,N00560,N00561,0.108,0.11,60.0,1500,Ramp,True,60,
E04272,N01253,N01254,0.07,0.07,60.0,1500,Ramp,True,16A,
E04273,N01253,N01256,0.068,0.04,100.0,3600,Expressway / Highway,True,16A,Trans-Canada Highway
E04274,N01253,N01252,0.05,0.03,100.0,3600,Expressway / Highway,True,16A,Trans-Canada Highway
E04275,N02551,N02553,0.683,0.68,60.0,1500,Ramp,True,216,Anthony Henday Drive
E04276,N02552,N02554,0.195,0.19,60.0,1500,Ramp,True,216,Anthony Henday Drive
E04277,N03094,N03112,62.041,41.36,90.0,1400,Arterial,True,697,697 Highway
E04278,N02023,N02024,0.484,0.48,60.0,1500,Ramp,True,,
E04279,N02023,N02029,0.098,0.1,60.0,1500,Ramp,True,,
E04280,N02023,N02028,0.205,0.2,60.0,1500,Ramp,True,,
E04281,N02025,N02026,0.262,0.26,60.0,1500,Ramp,True,14,
E04282,N02026,N02030,0.118,0.12,60.0,1500,Ramp,True,14,
E04283,N02553,N02555,0.589,0.59,60.0,1500,Ramp,True,216,Anthony Henday Drive
E04284,N02553,N02558,0.908,0.91,60.0,1500,Ramp,True,216,Anthony Henday Drive
E04285,N02556,N02560,0.629,0.63,60.0,1500,Ramp,True,216,Anthony Henday Drive
E04286,N00981,N00999,19.47,12.98,90.0,600,Arterial,True,833,833 Highway
E04287,N00981,N00982,7.898,5.27,90.0,1400,Arterial,True,14,14 Highway
E04288,N01686,N01710,0.55,0.55,60.0,1500,Ramp,True,216,
E04289,N01258,N01284,0.082,0.05,100.0,3600,Expressway / Highway,True,2,Trans-Canada Highway
E04290,N01259,N01283,0.058,0.03,100.0,3600,Expressway / Highway,True,2,Trans-Canada Highway
E04291,N01259,N01287,0.059,0.06,60.0,1500,Ramp,True,2,Trans-Canada Highway
E04292,N02557,N02559,0.899,0.9,60.0,1500,Ramp,True,216,Anthony Henday Drive
E04293,N02557,N02562,0.697,0.7,60.0,1500,Ramp,True,216,Anthony Henday Drive
E04294,N02560,N02561,0.214,0.21,60.0,1500,Ramp,True,,Anthony Henday Drive
E04295,N01687,N01694,0.079,0.08,60.0,1500,Ramp,True,28,
E04296,N01687,N01692,0.074,0.05,90.0,1400,Arterial,True,28,97 Street
E04297,N01687,N01695,0.182,0.12,90.0,1400,Arterial,True,28,97 Street
E04298,N01261,N01283,0.133,0.08,100.0,3600,Expressway / Highway,True,,Stony Plain Road
E04299,N01262,N01264,0.024,0.02,60.0,1500,Ramp,True,2,Trans-Canada Highway
E04300,N01263,N01264,0.032,0.03,60.0,1500,Ramp,True,2,Trans-Canada Highway
E04301,N01688,N01693,0.201,0.13,90.0,1400,Arterial,True,28,97 Street
E04302,N01266,N01269,0.014,0.01,60.0,1500,Ramp,True,16A,Trans-Canada Highway
E04303,N01266,N01270,0.007,0.01,50.0,600,Local / Street,True,16A,Trans-Canada Highway
E04304,N01266,N01271,0.008,0.01,60.0,1500,Ramp,True,16A,Trans-Canada Highway
E04305,N01268,N01276,0.069,0.07,60.0,1500,Ramp,True,,186 Street
E04306,N01269,N01273,0.004,0.0,100.0,3600,Expressway / Highway,True,16A,Trans-Canada Highway
E04307,N01270,N01272,0.009,0.01,60.0,1500,Ramp,True,16A,Trans-Canada Highway
E04308,N01271,N01273,0.013,0.01,60.0,1500,Ramp,True,16A,Trans-Canada Highway
E04309,N01271,N01272,0.006,0.01,60.0,1500,Ramp,True,16A,Trans-Canada Highway
E04310,N01271,N01274,0.003,0.0,60.0,1500,Ramp,True,16A,Trans-Canada Highway
E04311,N01272,N01275,0.003,0.0,60.0,1500,Ramp,True,16A,Trans-Canada Highway
E04312,N01273,N01276,0.005,0.0,100.0,3600,Expressway / Highway,True,16A,Trans-Canada Highway
E04313,N01274,N01276,0.012,0.01,60.0,1500,Ramp,True,,186 Street
E04314,N01274,N01275,0.006,0.01,60.0,1500,Ramp,True,,186 Street
E04315,N01274,N01278,0.011,0.01,60.0,1500,Ramp,True,16A,Trans-Canada Highway
E04316,N01692,N01716,0.004,0.0,90.0,1400,Arterial,True,28,97 Street
E04317,N01275,N01279,0.012,0.01,60.0,1500,Ramp,True,,186 Street
E04318,N01275,N01277,0.008,0.01,60.0,1500,Ramp,True,16A,Trans-Canada Highway
E04319,N01276,N01280,0.01,0.01,100.0,3600,Expressway / Highway,True,16A,Trans-Canada Highway
E04320,N01277,N01278,0.01,0.01,60.0,1500,Ramp,True,16A,Trans-Canada Highway
E04321,N01278,N01280,0.006,0.01,60.0,1500,Ramp,True,16A,Trans-Canada Highway
E04322,N01693,N01695,0.025,0.02,60.0,1500,Ramp,True,,97 Street
E04323,N01693,N01749,0.357,0.24,90.0,1400,Arterial,True,28,97 Street
E04324,N01695,N01750,0.493,0.33,90.0,1400,Arterial,True,28,97 Street
E04325,N03096,N03099,0.902,0.77,70.5,600,Collector,False,,Range Road 230B
E04326,N03096,N03097,0.992,0.66,90.0,1400,Arterial,True,35,35 Highway
E04327,N03096,N03098,5.935,3.96,90.0,1400,Arterial,True,35,35 Highway
E04328,N00564,N00569,0.192,0.13,90.0,1400,Arterial,True,44,44 Highway
E04329,N00564,N00572,0.219,0.15,90.0,1400,Arterial,True,44,44 Highway
E04330,N03097,N03106,31.506,27.0,70.0,600,Arterial,False,695,695 Highway
E04331,N03097,N03102,58.891,39.26,90.0,1400,Arterial,True,35,35 Highway
E04332,N03558,N03564,6.515,4.34,90.0,1400,Arterial,True,28,28 Highway
E04333,N03811,N03894,0.353,0.35,60.0,1500,Ramp,True,,
E04334,N03811,N03894,0.314,0.21,90.0,1400,Arterial,True,,Airport Road
E04335,N00982,N00983,1.449,0.97,90.0,1400,Arterial,True,834,Service Road
E04336,N00982,N00985,3.517,2.34,90.0,1400,Arterial,True,14,14 Highway
E04337,N03812,N03857,0.105,0.1,60.0,1500,Ramp,True,,
E04338,N03812,N03858,0.325,0.22,90.0,1400,Arterial,True,,Airport Road
E04339,N03815,N03818,0.184,0.18,60.0,1500,Ramp,True,,
E04340,N03814,N03819,0.18,0.18,60.0,1500,Ramp,True,63,
E04341,N03816,N03820,0.145,0.15,60.0,1500,Ramp,True,63,
E04342,N00565,N00570,0.199,0.13,90.0,1400,Arterial,True,44,44 Highway
E04343,N00565,N00571,0.192,0.13,90.0,1400,Arterial,True,44,44 Highway
E04344,N03817,N03820,0.447,0.27,100.0,1600,Expressway / Highway,True,63,Sakitawaw Trail
E04345,N03817,N03852,0.046,0.05,60.0,1500,Ramp,True,63,
E04346,N03817,N03853,0.167,0.1,100.0,1600,Expressway / Highway,True,63,Sakitawaw Trail
E04347,N00566,N00567,0.08,0.05,90.0,1400,Arterial,True,44,44 Highway
E04348,N00566,N00570,0.115,0.08,90.0,1400,Arterial,True,44,44 Highway
E04349,N00567,N00569,0.047,0.03,90.0,1400,Arterial,True,44,44 Highway
E04350,N00567,N00568,0.032,0.02,90.0,1400,Arterial,True,44,44 Highway
E04351,N00568,N00569,0.026,0.02,90.0,1400,Arterial,True,44,44 Highway
E04352,N00568,N00572,0.034,0.02,90.0,1400,Arterial,True,44,44 Highway
E04353,N00568,N00570,0.028,0.02,90.0,1400,Arterial,True,44,44 Highway
E04354,N00570,N00571,0.04,0.03,90.0,1400,Arterial,True,44,44 Highway
E04355,N00571,N00572,0.033,0.02,90.0,1400,Arterial,True,44,44 Highway
E04356,N00571,N00573,0.118,0.08,90.0,1400,Arterial,True,44,44 Highway
E04357,N00572,N00573,0.119,0.08,90.0,1400,Arterial,True,44,44 Highway
E04358,N00573,N00594,8.358,5.59,89.7,600,Arterial,True,633,633 Highway
E04359,N03819,N03820,0.314,0.19,100.0,1600,Expressway / Highway,True,63,Sakitawaw Trail
E04360,N03819,N03864,1.315,0.79,100.0,1600,Expressway / Highway,True,63,Sakitawaw Trail
E04361,N02564,N02382,6.115,4.08,90.0,1400,Arterial,True,28,28 Highway
E04362,N02564,N02565,0.035,0.03,80.0,1000,Collector,True,,51 Street
E04363,N03822,N03854,0.093,0.09,60.0,1500,Ramp,True,63,
E04364,N00574,N00578,0.143,0.09,100.0,1600,Expressway / Highway,True,60,60 Highway
E04365,N00574,N00579,0.204,0.2,60.0,1500,Ramp,True,16,Trans-Canada Highway
E04366,N00576,N00575,0.223,0.22,60.0,1500,Ramp,True,16,Trans-Canada Highway
E04367,N00576,N00577,0.128,0.13,60.0,1500,Ramp,True,16,Trans-Canada Highway
E04368,N00575,N00577,0.138,0.08,100.0,1600,Expressway / Highway,True,60,60 Highway
E04369,N00578,N00577,0.032,0.03,60.0,1500,Ramp,True,16,Trans-Canada Highway
E04370,N00578,N00579,0.11,0.11,60.0,1500,Ramp,True,16,Trans-Canada Highway
E04371,N00578,N00581,0.427,0.26,100.0,1600,Expressway / Highway,True,60,60 Highway
E04372,N01283,N01284,0.064,0.04,100.0,3600,Expressway / Highway,True,2,Trans-Canada Highway
E04373,N01282,N01286,0.101,0.1,60.0,1500,Ramp,True,,
E04374,N01284,N01285,0.096,0.1,60.0,1500,Ramp,True,2,Trans-Canada Highway
E04375,N03259,N03260,0.251,0.15,100.0,1600,Expressway / Highway,True,16,Trans-Canada Highway
E04376,N03259,N03261,0.237,0.24,60.0,1500,Ramp,True,16,Trans-Canada Highway
E04377,N03260,N03262,0.377,0.38,60.0,1500,Ramp,True,16,Trans-Canada Highway
E04378,N03100,N03101,0.14,0.14,60.0,1500,Ramp,True,35,
E04379,N03100,N03102,13.692,9.13,90.0,1400,Arterial,True,35,35 Highway
E04380,N03102,N03105,26.898,20.59,78.4,600,Arterial,True,692,692 Highway
E04381,N03827,N03828,0.462,0.28,100.0,1600,Expressway / Highway,True,63,Memorial Drive
E04382,N03827,N03842,0.619,0.37,100.0,1600,Expressway / Highway,True,63,Memorial Drive
E04383,N03827,N03828,0.478,0.48,60.0,1500,Ramp,True,63,Memorial Drive South
E04384,N03829,N03835,0.097,0.1,60.0,1500,Ramp,True,63,Memorial Drive North
E04385,N03829,N03830,0.073,0.07,60.0,1500,Ramp,True,63,Memorial Drive North
E04386,N03829,N03831,0.203,0.2,60.0,1500,Ramp,True,,
E04387,N03830,N03832,0.069,0.07,60.0,1500,Ramp,True,63,Memorial Drive North
E04388,N03830,N03833,0.05,0.05,60.0,1500,Ramp,True,63,Memorial Drive North
E04389,N02031,N02032,0.396,0.4,60.0,1500,Ramp,True,,
E04390,N03832,N03834,0.476,0.48,60.0,1500,Ramp,True,63,Memorial Drive North
E04391,N03832,N04005,8.202,8.41,58.5,600,Local / Street,True,63,Memorial Drive North
E04392,N02947,N02950,12.925,8.62,90.0,1400,Arterial,True,49,49 Highway
E04393,N02034,N02035,0.339,0.34,60.0,1500,Ramp,True,,
E04394,N02035,N02037,0.032,0.03,60.0,1500,Ramp,True,,
E04395,N02036,N02038,0.284,0.17,100.0,1600,Expressway / Highway,True,,Sherwood Park Freeway
E04396,N03834,N03835,0.704,0.42,100.0,1600,Expressway / Highway,True,63,Memorial Drive
E04397,N03835,N03841,0.61,0.37,100.0,1600,Expressway / Highway,True,63,Memorial Drive
E04398,N00275,N00276,0.04,0.04,60.0,1500,Ramp,True,16A,Trans-Canada Highway
E04399,N00275,N00278,0.057,0.03,100.0,1600,Expressway / Highway,True,16A,Trans-Canada Highway
E04400,N00984,N00985,0.943,0.63,90.0,1400,Arterial,True,834,834 Highway
E04401,N00984,N01004,17.654,15.12,70.0,600,Arterial,False,626,626 Highway
E04402,N00985,N01000,18.463,12.31,90.0,1400,Arterial,True,834,834 Highway
E04403,N00985,N01001,15.22,10.15,90.0,1400,Arterial,True,14,14 Highway
E04404,N00277,N00278,0.035,0.03,60.0,1500,Ramp,True,16A,Trans-Canada Highway
E04405,N00582,N00592,0.011,0.01,90.0,1400,Arterial,True,642,642 Highway
E04406,N00582,N00583,0.065,0.07,60.0,1500,Ramp,True,2,
E04407,N00583,N00584,0.046,0.05,60.0,1500,Ramp,True,2,
E04408,N00583,N00593,0.384,0.38,60.0,1500,Ramp,True,2,
E04409,N00584,N00592,0.025,0.02,90.0,1400,Arterial,True,642,642 Highway
E04410,N00584,N00590,0.156,0.1,90.0,1400,Arterial,True,642,642 Highway
E04411,N00584,N00585,0.031,0.03,60.0,1500,Ramp,True,2,
E04412,N00585,N00592,0.045,0.05,60.0,1500,Ramp,True,2,
E04413,N00585,N00586,0.435,0.44,60.0,1500,Ramp,True,2,
E04414,N00586,N00593,0.885,0.59,90.0,1400,Arterial,True,2,2 Highway
E04415,N00586,N00614,9.044,6.03,90.0,1400,Arterial,True,2,2 Highway
E04416,N00587,N00590,0.031,0.03,60.0,1500,Ramp,True,2,
E04417,N00587,N00591,0.042,0.04,60.0,1500,Ramp,True,2,
E04418,N00103,N00105,2.586,1.55,100.0,1600,Expressway / Highway,True,16,Trans-Canada Highway
E04419,N00588,N00653,3.124,2.08,90.0,1400,Arterial,True,2,2 Highway
E04420,N00588,N00589,0.263,0.26,60.0,1500,Ramp,True,2,
E04421,N00590,N00591,0.023,0.02,90.0,1400,Arterial,True,642,642 Highway
E04422,N00590,N00589,0.044,0.04,60.0,1500,Ramp,True,2,
E04423,N00589,N00603,0.064,0.06,60.0,1500,Ramp,True,2,
E04424,N00104,N00107,5.825,3.88,90.0,1400,Arterial,True,16A,16A Highway
E04425,N00104,N00106,2.638,1.76,90.0,1400,Arterial,True,16A,16A Highway
E04426,N00104,N00116,32.627,21.75,90.0,1400,Arterial,True,22,22 Highway
E04427,N00591,N00603,0.012,0.01,90.0,1400,Arterial,True,642,642 Highway
E04428,N02566,N02574,0.481,0.36,80.8,1400,Arterial,True,,153 Avenue
E04429,N01288,N01290,0.07,0.04,100.0,1600,Expressway / Highway,True,2,St. Albert Road
E04430,N01288,N01289,0.077,0.08,60.0,1500,Ramp,True,2,St. Albert Road
E04431,N03263,N03264,0.28,0.19,90.0,1400,Arterial,True,28A,28A Highway
E04432,N03263,N03265,0.799,0.53,90.0,1400,Arterial,True,28;28A,28A Highway
E04433,N03264,N02383,0.439,0.44,60.0,1500,Ramp,True,28,
E04434,N03264,N02381,0.585,0.39,90.0,1400,Arterial,True,28;28A,28A Highway
E04435,N01290,N01292,0.103,0.06,100.0,1600,Expressway / Highway,True,2,St. Albert Road
E04436,N01290,N01293,0.067,0.07,60.0,1500,Ramp,True,2,
E04437,N03836,N03848,1.109,0.67,100.0,1600,Expressway / Highway,True,63,Memorial Drive
E04438,N03836,N03841,0.698,0.42,100.0,1600,Expressway / Highway,True,63,Memorial Drive
E04439,N03836,N03843,0.308,0.31,60.0,1500,Ramp,True,63,Memorial Drive North
E04440,N03837,N03846,0.698,0.42,100.0,1600,Expressway / Highway,True,63,Memorial Drive
E04441,N03837,N03842,0.68,0.68,60.0,1500,Ramp,True,63,Memorial Drive South
E04442,N03837,N03842,0.67,0.4,100.0,1600,Expressway / Highway,True,63,Memorial Drive
E04443,N01291,N01292,0.048,0.05,60.0,1500,Ramp,True,2,
E04444,N00105,N00106,0.022,0.01,90.0,1400,Arterial,True,16A,16A Highway
E04445,N02041,N02042,0.107,0.11,60.0,1500,Ramp,True,216,
E04446,N02040,N02042,0.085,0.08,60.0,1500,Ramp,True,216,
E04447,N03267,N03266,0.735,0.49,90.0,1400,Arterial,True,28,28 Highway
E04448,N03267,N02381,1.108,0.74,90.0,1400,Arterial,True,28,28 Highway
E04449,N00106,N00112,4.672,2.8,100.0,1600,Expressway / Highway,True,16,Trans-Canada Highway
E04450,N03265,N02384,0.869,0.66,78.4,1400,Arterial,True,28,28 Highway
E04451,N03265,N03266,0.442,0.29,90.0,1400,Arterial,True,28,28 Highway
E04452,N03266,N02383,1.244,0.83,90.0,1400,Arterial,True,28,28 Highway
E04453,N02042,N02050,0.537,0.54,60.0,1500,Ramp,True,216,
E04454,N02950,N02957,22.895,15.26,90.0,1400,Arterial,True,49,49 Highway
E04455,N02043,N02053,0.59,0.35,100.0,1600,Expressway / Highway,True,216,Anthony Henday Drive
E04456,N02043,N02045,0.628,0.63,60.0,1500,Ramp,True,216,
E04457,N02044,N02053,0.567,0.57,60.0,1500,Ramp,True,216,
E04458,N02045,N02047,0.079,0.08,60.0,1500,Ramp,True,216,
E04459,N02045,N02046,0.088,0.09,60.0,1500,Ramp,True,216,
E04460,N03657,N03667,13.162,8.77,90.0,1400,Arterial,True,28,28 Highway
E04461,N01700,N01701,0.072,0.07,60.0,1500,Ramp,True,28,
E04462,N01700,N01749,0.139,0.09,90.0,1400,Arterial,True,28,97 Street
E04463,N02048,N02052,0.069,0.07,60.0,1500,Ramp,True,216,
E04464,N00986,N00987,8.984,7.7,70.0,600,Arterial,False,857,857 Highway
E04465,N02049,N02052,0.076,0.08,60.0,1500,Ramp,True,216,
E04466,N00594,N00595,0.397,0.4,60.0,1500,Ramp,True,,
E04467,N00594,N00595,0.301,0.2,90.0,1400,Arterial,True,633,Villeneuve Road
E04468,N00107,N00108,0.048,0.03,90.0,1400,Arterial,True,16A,16A Highway
E04469,N00107,N00110,0.029,0.03,60.0,1500,Ramp,True,16A,
E04470,N00108,N00123,2.33,1.55,90.0,1400,Arterial,True,16A,50 Avenue
E04471,N00108,N00109,0.042,0.04,60.0,1500,Ramp,True,16A,
E04472,N00595,N00611,1.473,0.98,90.0,1400,Arterial,True,633,Villeneuve Road
E04473,N01702,N01708,0.854,0.85,60.0,1500,Ramp,True,216,Anthony Henday Drive
E04474,N01703,N01708,0.066,0.07,60.0,1500,Ramp,True,216,Anthony Henday Drive
E04475,N01703,N01705,1.09,0.73,90.0,1400,Arterial,True,28,28 Highway
E04476,N01703,N01706,0.381,0.25,90.0,1400,Arterial,True,28,97 Street
E04477,N01704,N01705,1.143,0.76,90.0,1400,Arterial,True,28,28 Highway
E04478,N01704,N01707,0.338,0.23,90.0,1400,Arterial,True,28,97 Street
E04479,N01705,N01709,2.459,1.64,90.0,1400,Arterial,True,28,28 Highway
E04480,N00596,N00599,0.246,0.16,90.0,1400,Arterial,True,2,2 Highway
E04481,N00596,N00600,0.368,0.37,60.0,1500,Ramp,True,2,
E04482,N00597,N00598,0.393,0.39,60.0,1500,Ramp,True,2,
E04483,N00597,N00601,0.168,0.11,90.0,1400,Arterial,True,18,18 Highway
E04484,N00599,N00600,0.243,0.16,90.0,1400,Arterial,True,2,2 Highway
E04485,N00600,N00606,0.192,0.13,90.0,1400,Arterial,True,2,2 Highway
E04486,N00601,N00142,10.585,7.06,90.0,1400,Arterial,True,18,18 Highway
E04487,N00111,N00112,0.774,0.77,60.0,1500,Ramp,True,,16X Highway
E04488,N01706,N01711,0.434,0.29,90.0,1400,Arterial,True,28,97 Street
E04489,N01706,N01707,0.013,0.01,60.0,1500,Ramp,True,216,Anthony Henday Drive
E04490,N03278,N03274,0.008,0.01,90.0,1400,Arterial,True,628,628 Highway
E04491,N03278,N03275,0.006,0.01,60.0,1500,Ramp,True,21,
E04492,N03278,N03282,0.005,0.0,90.0,1400,Arterial,True,628,
E04493,N03279,N03275,0.006,0.01,60.0,1500,Ramp,True,21,
E04494,N03279,N03280,0.006,0.01,60.0,1500,Ramp,True,21,
E04495,N03279,N03282,0.006,0.01,60.0,1500,Ramp,True,21,
E04496,N03279,N03281,0.007,0.01,60.0,1500,Ramp,True,21,
E04497,N02567,N02102,0.779,0.78,60.0,1500,Ramp,True,216,
E04498,N02567,N02066,2.065,1.24,100.0,1600,Expressway / Highway,True,216,Anthony Henday Drive
E04499,N02567,N02569,1.023,0.61,100.0,1600,Expressway / Highway,True,216,Anthony Henday Drive
E04500,N02568,N02065,2.481,1.49,100.0,1600,Expressway / Highway,True,216,Anthony Henday Drive
E04501,N02568,N02101,0.775,0.78,60.0,1500,Ramp,True,216,
E04502,N02568,N02571,0.967,0.58,100.0,1600,Expressway / Highway,True,216,Anthony Henday Drive
E04503,N03280,N03276,0.006,0.01,60.0,1500,Ramp,True,21,
E04504,N03280,N03283,0.007,0.01,60.0,1500,Ramp,True,21,
E04505,N03280,N03284,0.007,0.01,60.0,1500,Ramp,True,21,
E04506,N03281,N03286,0.316,0.32,60.0,1500,Ramp,True,21,
E04507,N03281,N03284,0.006,0.0,90.0,1400,Arterial,True,21,
E04508,N03560,N03561,14.872,14.87,60.0,600,Collector,False,,Township Road 614
E04509,N02569,N02572,0.58,0.58,60.0,1500,Ramp,True,216,
E04510,N02569,N02575,0.919,0.55,100.0,1600,Expressway / Highway,True,216,Anthony Henday Drive
E04511,N00279,N00282,16.187,13.87,70.0,600,Arterial,False,777,777 Highway
E04512,N02571,N02581,0.513,0.31,100.0,1600,Expressway / Highway,True,216,Anthony Henday Drive
E04513,N02571,N02573,1.142,1.14,60.0,1500,Ramp,True,216,
E04514,N02572,N02574,0.616,0.45,82.4,1400,Arterial,True,216,153 Avenue
E04515,N02572,N02578,0.083,0.08,60.0,1500,Ramp,True,216,
E04516,N02570,N02578,0.182,0.14,80.0,1000,Collector,True,216,153 Avenue
E04517,N02570,N02574,0.388,0.26,90.0,1400,Arterial,True,,153 Avenue
E04518,N02570,N02577,1.223,1.22,60.0,1500,Ramp,True,216,
E04519,N01601,N01817,0.334,0.2,100.0,3600,Expressway / Highway,True,2,Whitemud Drive
E04520,N01603,N01818,0.136,0.1,80.0,1000,Collector,True,2,Whitemud Drive
E04521,N03838,N03843,0.09,0.09,60.0,1500,Ramp,True,63,Memorial Drive North
E04522,N03838,N03840,0.062,0.06,60.0,1500,Ramp,True,63,Hospital Street
E04523,N03838,N03841,0.322,0.32,60.0,1500,Ramp,True,63,Memorial Drive North
E04524,N01604,N01824,0.037,0.02,100.0,3600,Expressway / Highway,True,2,Calgary Trail
E04525,N01604,N01819,0.057,0.04,80.0,1000,Collector,True,2,Whitemud Drive
E04526,N01604,N01822,0.054,0.03,100.0,3600,Expressway / Highway,True,2,Calgary Trail
E04527,N01605,N01606,0.628,0.59,64.1,1000,Ramp,True,2,Whitemud Drive
E04528,N01606,N01833,0.292,0.18,100.0,3600,Expressway / Highway,True,2,Whitemud Drive
E04529,N03839,N03843,0.067,0.07,60.0,1500,Ramp,True,63,Memorial Drive North
E04530,N00987,N01003,14.51,9.67,90.0,1400,Arterial,True,14,14 Highway
E04531,N00987,N01007,21.707,14.47,90.0,1400,Arterial,True,857,857 Highway
E04532,N01294,N01295,0.094,0.09,60.0,1500,Ramp,True,2,
E04533,N01295,N01301,0.087,0.05,100.0,3600,Expressway / Highway,True,2,St. Albert Road
E04534,N01296,N01298,0.062,0.06,60.0,1500,Ramp,True,2,
E04535,N01298,N01299,0.1,0.06,100.0,3600,Expressway / Highway,True,2,St. Albert Road
E04536,N01300,N01301,0.042,0.04,60.0,1500,Ramp,True,2,Mission Avenue
E04537,N01300,N01302,0.043,0.04,60.0,1500,Ramp,True,2,Mission Avenue
E04538,N01301,N01302,0.067,0.04,100.0,3600,Expressway / Highway,True,2,St. Albert Road
E04539,N01302,N01303,0.094,0.06,100.0,3600,Expressway / Highway,True,2,St. Albert Road
E04540,N01303,N01304,0.065,0.04,100.0,3600,Expressway / Highway,True,2,St. Albert Road
E04541,N01303,N01304,0.074,0.07,60.0,1500,Ramp,True,2,Madison Avenue
E04542,N01304,N01305,0.092,0.06,100.0,3600,Expressway / Highway,True,2,St. Albert Road
E04543,N01305,N01319,0.085,0.05,100.0,1600,Expressway / Highway,True,2,St. Albert Road
E04544,N01305,N01306,0.035,0.03,60.0,1500,Ramp,True,2,
E04545,N02575,N02577,0.709,0.43,100.0,1600,Expressway / Highway,True,216,Anthony Henday Drive
E04546,N02575,N02579,0.746,0.75,60.0,1500,Ramp,True,216,
E04547,N02576,N02584,0.507,0.51,60.0,1500,Ramp,True,216,
E04548,N02576,N02581,0.932,0.56,100.0,1600,Expressway / Highway,True,216,Anthony Henday Drive
E04549,N01307,N01319,0.064,0.06,60.0,1500,Ramp,True,2,
E04550,N01710,N01713,0.775,0.77,60.0,1500,Ramp,True,216,
E04551,N01710,N01711,0.414,0.41,60.0,1500,Ramp,True,216,Anthony Henday Drive
E04552,N01711,N01713,0.506,0.34,90.0,1400,Arterial,True,28,97 Street
E04553,N01711,N01712,0.03,0.03,60.0,1500,Ramp,True,216,Anthony Henday Drive
E04554,N01712,N01714,0.373,0.25,90.0,1400,Arterial,True,28,97 Street
E04555,N01713,N01715,0.166,0.11,90.0,1400,Arterial,True,28,97 Street
E04556,N01714,N01727,0.569,0.38,90.0,1400,Arterial,True,28,97 Street
E04557,N01715,N01731,0.054,0.05,60.0,1500,Ramp,True,28,
E04558,N01715,N01730,0.037,0.02,90.0,1400,Arterial,True,28,97 Street
E04559,N01716,N01724,0.328,0.22,90.0,1400,Arterial,True,28,97 Street
E04560,N00602,N00615,0.197,0.24,50.0,600,Local / Street,True,,103 Street
E04561,N00603,N00615,0.539,0.36,90.0,1400,Arterial,True,642,642 Highway
E04562,N01718,N01717,0.093,0.09,60.0,1500,Ramp,True,28,
E04563,N03561,N03564,22.455,14.97,90.0,1400,Arterial,True,36,36 Highway
E04564,N01719,N01724,0.129,0.13,60.0,1500,Ramp,True,,162 Avenue
E04565,N01720,N01723,0.058,0.06,60.0,1500,Ramp,True,28,
E04566,N01721,N01723,0.163,0.11,90.0,3000,Arterial,True,28,97 Street
E04567,N01721,N01722,0.121,0.12,60.0,1500,Ramp,True,28,
E04568,N01723,N01724,0.231,0.15,90.0,3000,Arterial,True,28,97 Street
E04569,N01725,N01732,0.729,0.49,90.0,1400,Arterial,True,28,97 Street
E04570,N01726,N01732,0.023,0.03,50.0,600,Local / Street,True,28,
E04571,N01726,N01727,0.063,0.04,90.0,1400,Arterial,True,28,97 Street
E04572,N01726,N01733,0.725,0.48,90.0,1400,Arterial,True,28,97 Street
E04573,N01308,N01316,0.077,0.08,60.0,1500,Ramp,True,2,
E04574,N01309,N01320,0.126,0.13,60.0,1500,Ramp,True,2,
E04575,N01727,N01730,0.213,0.21,60.0,1500,Ramp,True,28,97 Street
E04576,N01728,N01732,0.218,0.15,90.0,1400,Arterial,True,28,97 Street
E04577,N01728,N01730,0.051,0.03,90.0,1400,Arterial,True,28,97 Street
E04578,N01728,N01729,0.061,0.06,60.0,1500,Ramp,True,28,
E04579,N01487,N01488,0.115,0.11,60.0,1500,Ramp,True,16,Trans-Canada Highway
E04580,N00280,N00281,12.935,11.09,70.0,600,Arterial,False,777,777 Highway
E04581,N00280,N00284,15.355,10.24,90.0,1400,Arterial,True,654;777,654 Highway
E04582,N00280,N00307,16.275,10.85,90.0,1400,Arterial,True,654,654 Highway
E04583,N01310,N01323,0.743,0.45,100.0,1600,Expressway / Highway,True,2,St. Albert Road
E04584,N01310,N01312,0.378,0.23,100.0,1600,Expressway / Highway,True,2,St. Albert Road
E04585,N01310,N01313,0.118,0.12,60.0,1500,Ramp,True,2,
E04586,N01311,N01321,0.67,0.4,100.0,1600,Expressway / Highway,True,2,St. Albert Road
E04587,N01311,N01313,0.183,0.11,100.0,3600,Expressway / Highway,True,2,St. Albert Road
E04588,N01311,N01314,0.081,0.08,60.0,1500,Ramp,True,2,
E04589,N01312,N01317,0.07,0.07,60.0,1500,Ramp,True,2,
E04590,N01312,N01318,0.097,0.06,100.0,1600,Expressway / Highway,True,2,St. Albert Road
E04591,N01313,N01316,0.254,0.15,100.0,3600,Expressway / Highway,True,2,St. Albert Road
E04592,N01315,N01318,0.076,0.08,60.0,1500,Ramp,True,2,
E04593,N01316,N01320,0.157,0.09,100.0,1600,Expressway / Highway,True,2,St. Albert Road
E04594,N01734,N01738,0.154,0.15,60.0,1500,Ramp,True,28,
E04595,N01735,N01740,0.082,0.08,60.0,1500,Ramp,True,28,
E04596,N01318,N01319,0.217,0.13,100.0,1600,Expressway / Highway,True,2,St. Albert Road
E04597,N01738,N01739,0.01,0.01,90.0,1400,Arterial,True,28,97 Street
E04598,N01738,N01744,0.009,0.01,60.0,1500,Ramp,True,28,
E04599,N00604,N00606,1.167,0.78,90.0,1400,Arterial,True,2,2 Highway
E04600,N00604,N00605,0.056,0.04,90.0,1400,Arterial,True,2,2 Highway
E04601,N01740,N01739,0.053,0.04,90.0,1400,Arterial,True,28,97 Street
E04602,N01739,N01741,0.012,0.01,60.0,1500,Ramp,True,28,137 Avenue
E04603,N00281,N00306,17.48,11.65,90.0,1400,Arterial,True,651,651 Highway
E04604,N00281,N00282,1.627,1.08,90.0,1400,Arterial,True,651,651 Highway
E04605,N01744,N01741,0.007,0.01,60.0,1500,Ramp,True,28,97 Street
E04606,N01744,N01745,0.012,0.01,60.0,1500,Ramp,True,28,
E04607,N01741,N01746,0.009,0.01,60.0,1500,Ramp,True,28,137 Avenue
E04608,N01745,N01746,0.011,0.01,90.0,1400,Arterial,True,28,97 Street
E04609,N01748,N01747,0.104,0.1,60.0,1500,Ramp,True,,
E04610,N01748,N01753,0.453,0.3,90.0,3000,Arterial,True,,97 Street
E04611,N03658,N03662,0.152,0.1,90.0,1400,Arterial,True,55,55 Highway
E04612,N03658,N03659,0.154,0.1,90.0,1400,Arterial,True,55,55 Highway
E04613,N03659,N03662,0.031,0.02,90.0,1400,Arterial,True,892,892 Highway
E04614,N03659,N03665,0.031,0.02,90.0,1400,Arterial,True,55,55 Highway
E04615,N03659,N03666,0.152,0.1,90.0,1400,Arterial,True,892,892 Highway
E04616,N02805,N02810,0.584,0.35,100.0,1600,Expressway / Highway,True,43,100 Avenue
E04617,N02805,N02806,0.193,0.19,60.0,1500,Ramp,True,,43 Highway
E04618,N02805,N02807,0.213,0.13,100.0,1600,Expressway / Highway,True,43,100 Avenue
E04619,N02806,N02808,0.189,0.11,100.0,1600,Expressway / Highway,True,43,100 Avenue
E04620,N02806,N02815,0.424,0.25,100.0,1600,Expressway / Highway,True,43,100 Avenue
E04621,N02807,N02808,0.218,0.22,60.0,1500,Ramp,True,,43 Highway
E04622,N02807,N02823,4.799,2.88,100.0,1600,Expressway / Highway,True,43,100 Avenue
E04623,N02808,N02824,5.012,3.01,100.0,1600,Expressway / Highway,True,43,100 Avenue
E04624,N03607,N03674,38.952,25.97,90.0,1400,Arterial,True,17;641,17 Highway
E04625,N03660,N03667,6.824,4.55,90.0,1400,Arterial,True,892,892 Highway
E04626,N00283,N00284,5.517,3.68,90.0,1400,Arterial,True,18,18 Highway
E04627,N00283,N00285,19.407,12.94,90.0,1400,Arterial,True,776,776 Highway
E04628,N02578,N02580,0.355,0.27,80.0,1000,Collector,True,216,153 Avenue
E04629,N02581,N02580,0.724,0.72,60.0,1500,Ramp,True,216,
E04630,N02580,N02582,0.165,0.12,80.0,1000,Collector,True,216,153 Avenue
E04631,N02582,N02584,0.232,0.23,60.0,1500,Ramp,True,216,
E04632,N02582,N02583,0.008,0.01,60.0,1500,Ramp,True,216,
E04633,N02582,N02585,0.286,0.21,80.0,1000,Collector,True,216,153 Avenue
E04634,N02584,N02585,0.492,0.49,60.0,1500,Ramp,True,216,
E04635,N02585,N02586,0.165,0.12,80.0,1000,Collector,True,216,153 Avenue
E04636,N03844,N03887,1.213,0.73,100.0,1600,Expressway / Highway,True,63,Memorial Drive
E04637,N03844,N03884,1.508,0.9,100.0,1600,Expressway / Highway,True,63,Memorial Drive
E04638,N03844,N03845,0.048,0.05,60.0,1500,Ramp,True,,
E04639,N02810,N02809,0.314,0.31,60.0,1500,Ramp,True,,43 Highway
E04640,N02810,N02813,0.22,0.13,100.0,1600,Expressway / Highway,True,43,100 Avenue
E04641,N02811,N02813,0.14,0.14,60.0,1500,Ramp,True,43,116 Street
E04642,N02813,N02818,0.013,0.01,100.0,1600,Expressway / Highway,True,43,100 Avenue
E04643,N02813,N02814,0.012,0.01,60.0,1500,Ramp,True,43,116 Street
E04644,N02814,N02815,0.18,0.11,100.0,1600,Expressway / Highway,True,43,100 Avenue
E04645,N02814,N02819,0.016,0.01,100.0,1600,Expressway / Highway,True,43,100 Avenue
E04646,N02815,N02816,0.273,0.27,60.0,1500,Ramp,True,,
E04647,N02817,N02819,0.172,0.17,60.0,1500,Ramp,True,,116 Street
E04648,N02812,N02820,0.111,0.11,60.0,1500,Ramp,True,,116 Street
E04649,N00113,N00117,0.084,0.06,90.0,1400,Arterial,True,22,50 Street
E04650,N00113,N00114,0.054,0.04,90.0,1400,Arterial,True,22,50 Street
E04651,N00113,N00115,0.082,0.05,100.0,1600,Expressway / Highway,True,43,43 Highway
E04652,N00114,N00120,9.55,5.73,100.0,1600,Expressway / Highway,True,43,43 Highway
E04653,N00114,N00121,0.248,0.17,90.0,1400,Arterial,True,22,50 Street
E04654,N00115,N00117,0.127,0.13,60.0,1500,Ramp,True,22,
E04655,N00115,N00119,9.48,5.69,100.0,1600,Expressway / Highway,True,43,43 Highway
E04656,N00116,N00117,6.132,4.09,90.0,1400,Arterial,True,22,22 Highway
E04657,N03846,N04004,1.366,0.82,100.0,1600,Expressway / Highway,True,63,63 Highway
E04658,N03846,N04004,1.353,0.81,100.0,1600,Expressway / Highway,True,63,Memorial Drive
E04659,N03847,N03848,0.034,0.03,60.0,1500,Ramp,True,63,
E04660,N03848,N03850,0.449,0.27,100.0,1600,Expressway / Highway,True,63,Memorial Drive
E04661,N03849,N03850,0.341,0.35,57.6,600,Local / Street,True,63,MacDonald Avenue
E04662,N03850,N03876,1.87,1.12,100.0,1600,Expressway / Highway,True,63,Memorial Drive
E04663,N03107,N03108,3.601,3.19,67.8,600,Collector,True,,100 Street
E04664,N01753,N01755,0.173,0.17,60.0,1500,Ramp,True,28,
E04665,N01753,N01754,0.159,0.11,90.0,1400,Arterial,True,28,97 Street
E04666,N01322,N01323,0.063,0.06,60.0,1500,Ramp,True,2,
E04667,N03661,N03662,0.153,0.1,90.0,1400,Arterial,True,892,892 Highway
E04668,N03661,N03667,14.103,9.4,90.0,1400,Arterial,True,892,892 Highway
E04669,N03661,N03663,0.149,0.1,90.0,1400,Arterial,True,892,892 Highway
E04670,N03662,N03663,0.03,0.02,90.0,1400,Arterial,True,55,55 Highway
E04671,N03663,N03664,0.155,0.1,90.0,1400,Arterial,True,55,55 Highway
E04672,N03663,N03665,0.032,0.02,90.0,1400,Arterial,True,892,892 Highway
E04673,N00607,N00611,0.061,0.04,90.0,1400,Arterial,True,,Villeneuve Road
E04674,N00607,N00609,0.024,0.02,60.0,1500,Ramp,True,,
E04675,N00607,N00608,0.025,0.02,60.0,1500,Ramp,True,,
E04676,N00608,N00611,0.059,0.04,90.0,1400,Arterial,True,,Villeneuve Road
E04677,N00608,N00610,0.026,0.03,60.0,1500,Ramp,True,,
E04678,N00609,N00612,0.044,0.03,90.0,1400,Arterial,True,,Villenueve Road
E04679,N00609,N00610,0.019,0.02,60.0,1500,Ramp,True,,
E04680,N00610,N00612,0.046,0.03,90.0,1400,Arterial,True,,Villenueve Road
E04681,N02818,N02819,0.009,0.01,60.0,1500,Ramp,True,,116 Street
E04682,N02818,N02820,0.07,0.04,100.0,1600,Expressway / Highway,True,43,100 Avenue
E04683,N02819,N02821,0.202,0.12,100.0,1600,Expressway / Highway,True,43,100 Avenue
E04684,N02820,N02826,0.145,0.09,100.0,1600,Expressway / Highway,True,43,100 Avenue
E04685,N02821,N02822,0.243,0.24,60.0,1500,Ramp,True,,43 Highway
E04686,N02054,N02061,0.851,0.57,90.0,1400,Arterial,True,15,Manning Drive
E04687,N02054,N02056,0.047,0.05,60.0,1500,Ramp,True,15,
E04688,N02055,N02062,0.299,0.2,90.0,1400,Arterial,True,15,Manning Drive
E04689,N02055,N02057,0.21,0.21,60.0,1500,Ramp,True,15,
E04690,N00118,N00124,6.189,4.13,90.0,1400,Arterial,True,22,52 Street
E04691,N03268,N03288,0.076,0.08,60.0,1500,Ramp,True,21,
E04692,N03268,N03286,1.974,1.32,90.0,1400,Arterial,True,21,21 Highway
E04693,N00613,N00653,6.074,4.05,90.0,1400,Arterial,True,2,2 Highway
E04694,N01757,N01761,0.041,0.04,60.0,1500,Ramp,True,2,
E04695,N01758,N01759,0.061,0.06,60.0,1500,Ramp,True,2,
E04696,N01758,N01761,0.077,0.08,60.0,1500,Ramp,True,2,
E04697,N01758,N01766,0.409,0.41,60.0,1500,Ramp,True,2,
E04698,N03269,N03310,0.14,0.14,60.0,1500,Ramp,True,630,
E04699,N03269,N03308,0.199,0.13,90.0,1400,Arterial,True,630,Wye Road
E04700,N01762,N01768,0.392,0.39,60.0,1500,Ramp,True,2,
E04701,N01762,N01764,0.099,0.1,60.0,1500,Ramp,True,2,
E04702,N01762,N01763,0.087,0.09,60.0,1500,Ramp,True,2,
E04703,N01764,N01765,0.054,0.05,60.0,1500,Ramp,True,2,
E04704,N03108,N03115,34.959,23.31,90.0,1400,Arterial,True,697,697 Highway
E04705,N03108,N03114,1.749,1.17,90.0,1400,Arterial,True,697,697 Highway
E04706,N03852,N03851,0.026,0.03,50.0,600,Local / Street,True,63,
E04707,N03852,N03853,0.146,0.15,60.0,1500,Ramp,True,63,
E04708,N03853,N03856,0.701,0.42,100.0,1600,Expressway / Highway,True,63,Sakitawaw Trail
E04709,N03854,N03855,0.077,0.05,100.0,1600,Expressway / Highway,True,63,Sakitawaw Trail
E04710,N03854,N03856,0.136,0.08,100.0,1600,Expressway / Highway,True,63,Sakitawaw Trail
E04711,N02059,N02124,0.714,0.48,90.0,1400,Arterial,True,15,50 Street
E04712,N00615,N00659,0.604,0.4,90.0,1400,Arterial,True,642,100 Avenue
E04713,N00119,N00120,0.047,0.03,90.0,1400,Arterial,True,18,18 Highway
E04714,N00120,N00124,6.595,4.4,90.0,1400,Arterial,True,18,18 Highway
E04715,N01766,N01772,0.236,0.14,100.0,1600,Expressway / Highway,True,2,Calgary Trail
E04716,N01766,N01781,1.534,0.92,100.0,1600,Expressway / Highway,True,2,Calgary Trail
E04717,N03664,N03665,0.15,0.1,90.0,1400,Arterial,True,55,55 Highway
E04718,N03664,N03678,9.617,6.41,90.0,1400,Arterial,True,55,55 Highway
E04719,N03109,N03111,0.103,0.1,60.0,1500,Ramp,True,697,Lacrete Sawmill Access
E04720,N03110,N03114,0.21,0.21,60.0,1500,Ramp,True,697,
E04721,N01767,N01768,0.096,0.06,100.0,1600,Expressway / Highway,True,2,Gateway Boulevard
E04722,N01767,N01769,0.436,0.44,60.0,1500,Ramp,True,2,
E04723,N01768,N01778,0.875,0.53,100.0,1600,Expressway / Highway,True,2,Gateway Boulevard
E04724,N03111,N03114,1.412,0.94,90.0,1400,Arterial,True,697,697 Highway
E04725,N03111,N03112,0.235,0.16,90.0,1400,Arterial,True,697,697 Highway
E04726,N03665,N03666,0.155,0.1,90.0,1400,Arterial,True,892,892 Highway
E04727,N03666,N03668,10.101,6.73,90.0,1400,Arterial,True,892,892 Highway
E04728,N03112,N03113,0.181,0.18,60.0,1500,Ramp,True,697,Lacrete Sawmill Access
E04729,N01769,N01777,0.505,0.51,60.0,1500,Ramp,True,2,
E04730,N01769,N01773,1.18,1.18,60.0,1500,Ramp,True,2,
E04731,N01770,N01772,0.73,0.73,60.0,1500,Ramp,True,2,
E04732,N01770,N01780,1.025,1.03,60.0,1500,Ramp,True,2,
E04733,N01770,N01771,0.635,0.63,60.0,1500,Ramp,True,2,
E04734,N00989,N00992,1.631,1.09,90.0,1400,Arterial,True,619,619 Highway
E04735,N00989,N00990,3.84,2.56,90.0,1400,Arterial,True,619,619 Highway
E04736,N01771,N01779,0.646,0.39,100.0,1600,Expressway / Highway,True,216,Anthony Henday Drive
E04737,N01771,N01617,1.382,0.83,100.0,1600,Expressway / Highway,True,216,Anthony Henday Drive
E04738,N00286,N00287,0.235,0.23,60.0,1500,Ramp,True,16,
E04739,N00287,N00289,0.423,0.42,60.0,1500,Ramp,True,16,Trans-Canada Highway
E04740,N00287,N00294,0.232,0.18,76.2,1500,Expressway / Highway,True,16;43,43 Highway
E04741,N00288,N00289,0.219,0.13,100.0,1600,Expressway / Highway,True,16,Trans-Canada Highway
E04742,N00288,N00295,0.656,0.56,70.6,1500,Ramp,True,16;43,Trans-Canada Highway
E04743,N00288,N00293,0.662,0.4,100.0,1600,Expressway / Highway,True,16,Trans-Canada Highway
E04744,N00616,N00619,0.164,0.16,60.0,1500,Ramp,True,216,
E04745,N00617,N00618,0.182,0.18,60.0,1500,Ramp,True,216,
E04746,N00617,N00620,0.463,0.46,60.0,1500,Ramp,True,216,Anthony Henday Drive
E04747,N00290,N00297,0.318,0.19,100.0,1600,Expressway / Highway,True,16,Trans-Canada Highway
E04748,N00290,N00295,0.379,0.38,60.0,1500,Ramp,True,16,Trans-Canada Highway
E04749,N01773,N01618,0.733,0.44,100.0,1600,Expressway / Highway,True,216,Anthony Henday Drive
E04750,N01773,N01782,0.582,0.35,100.0,1600,Expressway / Highway,True,216,Anthony Henday Drive
E04751,N01774,N01619,0.906,0.91,60.0,1500,Ramp,True,2,
E04752,N01774,N01782,0.381,0.38,60.0,1500,Ramp,True,216,
E04753,N01774,N01776,0.576,0.58,60.0,1500,Ramp,True,2,
E04754,N02060,N02062,0.193,0.19,60.0,1500,Ramp,True,,
E04755,N01775,N01620,0.723,0.72,60.0,1500,Ramp,True,,
E04756,N01775,N00620,2.906,1.74,100.0,1600,Expressway / Highway,True,216,Anthony Henday Drive
E04757,N01775,N01618,1.074,0.64,100.0,1600,Expressway / Highway,True,,Anthony Henday Drive
E04758,N02062,N02080,0.785,0.52,90.0,1400,Arterial,True,15,Manning Drive
E04759,N02061,N02064,0.315,0.31,60.0,1500,Ramp,True,15,
E04760,N02061,N02077,0.229,0.15,90.0,1400,Arterial,True,15,Manning Drive
E04761,N03563,N03565,15.672,10.45,90.0,1400,Arterial,True,859,859 Highway
E04762,N03858,N03863,0.262,0.26,60.0,1500,Ramp,True,,
E04763,N03858,N03871,1.878,1.25,90.0,1400,Arterial,True,,Airport Road
E04764,N01776,N01781,0.313,0.31,60.0,1500,Ramp,True,2,
E04765,N01776,N01777,0.838,0.84,60.0,1500,Ramp,True,2,
E04766,N01778,N01779,0.615,0.61,60.0,1500,Ramp,True,2,
E04767,N01778,N01783,0.343,0.21,100.0,1600,Expressway / Highway,True,2,Gateway Boulevard
E04768,N00991,N00992,4.85,4.16,70.0,600,Arterial,False,870,870 Highway
E04769,N00992,N00993,19.534,13.02,90.0,1400,Arterial,True,619,619 Highway
E04770,N01780,N01783,0.331,0.33,60.0,1500,Ramp,True,2,
E04771,N00291,N00296,12.216,7.33,100.0,1600,Expressway / Highway,True,16,Trans-Canada Highway
E04772,N00121,N00122,0.206,0.14,90.0,1400,Arterial,True,22,50 Street
E04773,N00292,N00293,12.185,7.31,100.0,1600,Expressway / Highway,True,16,Trans-Canada Highway
E04774,N01781,N01791,0.719,0.43,100.0,1600,Expressway / Highway,True,2,Calgary Trail
E04775,N01607,N01615,0.04,0.04,60.0,1500,Ramp,True,216,
E04776,N01607,N01609,0.039,0.04,60.0,1500,Ramp,True,216,
E04777,N01607,N01616,0.495,0.5,60.0,1500,Ramp,True,216,
E04778,N01608,N01617,0.388,0.39,60.0,1500,Ramp,True,216,
E04779,N01608,N01610,0.038,0.04,60.0,1500,Ramp,True,216,
E04780,N01608,N01611,0.037,0.04,60.0,1500,Ramp,True,216,
E04781,N02063,N02077,0.162,0.16,60.0,1500,Ramp,True,,153 Avenue
E04782,N00993,N00994,3.23,2.15,90.0,1400,Arterial,True,881,881 Highway
E04783,N01612,N01620,0.092,0.09,60.0,1500,Ramp,True,216,
E04784,N01612,N01614,0.099,0.1,60.0,1500,Ramp,True,,
E04785,N01612,N01619,0.316,0.32,60.0,1500,Ramp,True,216,
E04786,N01613,N01620,0.297,0.3,60.0,1500,Ramp,True,,
E04787,N00293,N00296,0.013,0.01,90.0,1400,Arterial,True,770,770 Highway
E04788,N00294,N00297,0.113,0.11,60.0,1500,Ramp,True,16,Trans-Canada Highway
E04789,N00294,N00298,9.527,5.72,100.0,1600,Expressway / Highway,True,43,43 Highway
E04790,N00295,N00299,9.491,5.69,100.0,1600,Expressway / Highway,True,43,43 Highway
E04791,N02065,N02067,0.379,0.25,90.0,1400,Arterial,True,216,
E04792,N02952,N02953,8.055,5.37,90.0,1400,Arterial,True,49,49 Highway
E04793,N00296,N00297,0.307,0.18,100.0,1600,Expressway / Highway,True,16,Trans-Canada Highway
E04794,N03272,N03274,0.006,0.0,90.0,1400,Arterial,True,21,21 Highway
E04795,N03272,N03273,0.006,0.0,90.0,1400,Arterial,True,21,21 Highway
E04796,N03272,N03275,0.007,0.01,60.0,1500,Ramp,True,21,21 Highway
E04797,N02066,N02068,0.303,0.3,60.0,1500,Ramp,True,216,Anthony Henday Drive
E04798,N02067,N02069,0.512,0.34,90.0,1400,Arterial,True,216,
E04799,N01783,N01784,0.569,0.34,100.0,1600,Expressway / Highway,True,2,Gateway Boulevard
E04800,N03273,N03276,0.007,0.01,60.0,1500,Ramp,True,21,
E04801,N02068,N02070,0.787,0.79,60.0,1500,Ramp,True,216,Anthony Henday Drive
E04802,N03277,N03276,0.007,0.01,60.0,1500,Ramp,True,21,
E04803,N03277,N03283,0.007,0.0,90.0,1400,Arterial,True,628,
E04804,N03276,N03275,0.006,0.01,60.0,1500,Ramp,True,21,
E04805,N01784,N01785,0.259,0.26,60.0,1500,Ramp,True,,
E04806,N01784,N01789,0.302,0.18,100.0,1600,Expressway / Highway,True,2,Gateway Boulevard
E04807,N01785,N01787,0.091,0.09,60.0,1500,Ramp,True,,
E04808,N01785,N01795,0.533,0.53,60.0,1500,Ramp,True,,
E04809,N01786,N01790,0.088,0.09,60.0,1500,Ramp,True,,
E04810,N02069,N02100,0.292,0.19,90.0,1400,Arterial,True,216,
E04811,N02070,N02087,0.237,0.16,90.0,1400,Arterial,True,15,Manning Drive
E04812,N03285,N03283,0.082,0.08,60.0,1500,Ramp,True,21,
E04813,N01326,N01328,0.102,0.1,60.0,1500,Ramp,True,2,
E04814,N01326,N01327,0.06,0.06,60.0,1500,Ramp,True,2,
E04815,N01327,N01328,0.063,0.04,90.0,1400,Arterial,True,37,37 Highway
E04816,N01329,N01330,0.411,0.27,90.0,1400,Arterial,True,37,37 Highway
E04817,N02071,N02073,0.386,0.26,90.0,1400,Arterial,True,15,Manning Drive
E04818,N02071,N02075,0.252,0.25,60.0,1500,Ramp,True,15,
E04819,N02071,N02078,0.13,0.09,90.0,1400,Arterial,True,15,Manning Drive
E04820,N02072,N02079,0.496,0.33,90.0,1400,Arterial,True,15,Manning Drive
E04821,N02072,N02085,0.165,0.16,60.0,1500,Ramp,True,15,160 Avenue
E04822,N02072,N02083,0.142,0.09,90.0,1400,Arterial,True,15,Manning Drive
E04823,N02073,N02085,0.07,0.05,90.0,1400,Arterial,True,,Manning Drive
E04824,N02073,N02092,0.099,0.1,60.0,1500,Ramp,True,,
E04825,N02953,N02955,16.119,10.75,90.0,1400,Arterial,True,49,49 Highway
E04826,N03859,N03862,0.138,0.14,60.0,1500,Ramp,True,,
E04827,N03860,N03862,0.078,0.05,90.0,1400,Arterial,True,,Airport Road
E04828,N03860,N03861,0.313,0.31,60.0,1500,Ramp,True,,
E04829,N03860,N03897,0.39,0.26,90.0,1400,Arterial,True,,Airport Road
E04830,N03115,N03116,15.362,10.24,90.0,1400,Arterial,True,88,88 Highway
E04831,N03115,N03117,6.787,4.52,90.0,1400,Arterial,True,88,88 Highway
E04832,N03287,N03289,0.077,0.08,60.0,1500,Ramp,True,21,
E04833,N03289,N03290,0.839,0.56,90.0,1400,Arterial,True,21,21 Highway
E04834,N03861,N03897,0.694,0.46,90.0,1400,Arterial,True,,Airport Road
E04835,N03861,N03894,4.263,2.84,90.0,1400,Arterial,True,,Airport Road
E04836,N03290,N03294,0.15,0.1,90.0,1400,Arterial,True,21,21 Highway
E04837,N02074,N02080,0.044,0.03,90.0,3000,Arterial,True,15,Manning Drive
E04838,N02074,N02076,0.017,0.02,60.0,1500,Ramp,True,,Manning Drive
E04839,N02074,N02078,0.021,0.01,90.0,1400,Arterial,True,15,Manning Drive
E04840,N03966,N01335,1.173,1.17,60.0,1500,Ramp,True,216,Anthony Henday Drive
E04841,N03966,N01336,0.277,0.17,100.0,1600,Expressway / Highway,True,,Whitemud Drive
E04842,N00298,N00300,0.093,0.06,100.0,1600,Expressway / Highway,True,43,43 Highway
E04843,N00298,N00301,0.142,0.14,60.0,1500,Ramp,True,43,
E04844,N01788,N01790,0.097,0.1,60.0,1500,Ramp,True,,
E04845,N00299,N00300,0.02,0.02,80.2,600,Arterial,False,633,633 Highway
E04846,N00299,N00303,7.963,4.78,100.0,1600,Expressway / Highway,True,43,43 Highway
E04847,N01789,N01799,1.1,0.66,100.0,1600,Expressway / Highway,True,2,Gateway Boulevard
E04848,N01789,N01792,0.503,0.5,60.0,1500,Ramp,True,,
E04849,N01790,N01792,0.5,0.5,60.0,1500,Ramp,True,,
E04850,N02077,N02076,0.018,0.02,60.0,1500,Ramp,True,,153 Avenue
E04851,N02077,N02079,0.252,0.17,90.0,1400,Arterial,True,15,Manning Drive
E04852,N01791,N01798,0.981,0.59,100.0,1600,Expressway / Highway,True,2,Calgary Trail
E04853,N01791,N01795,0.212,0.21,60.0,1500,Ramp,True,,
E04854,N02079,N02076,0.249,0.25,60.0,1500,Ramp,True,,Manning Drive
E04855,N02076,N02078,0.011,0.01,60.0,1500,Ramp,True,,153 Avenue
E04856,N03292,N03327,1.393,0.93,90.0,1400,Arterial,True,21,21 Highway
E04857,N01792,N01799,0.6,0.6,60.0,1500,Ramp,True,,
E04858,N03293,N03298,0.158,0.11,90.0,1400,Arterial,True,21,21 Highway
E04859,N03870,N03865,0.253,0.17,90.0,1400,Arterial,True,,Airport Road
E04860,N03870,N03869,0.212,0.21,60.0,1500,Ramp,True,,
E04861,N03870,N03871,0.277,0.18,90.0,1400,Arterial,True,,Airport Road
E04862,N03868,N03871,0.092,0.09,60.0,1500,Ramp,True,,
E04863,N01793,N01794,0.062,0.06,60.0,1500,Ramp,True,,
E04864,N02080,N02081,0.096,0.1,60.0,1500,Ramp,True,,
E04865,N01794,N01795,0.304,0.3,60.0,1500,Ramp,True,,
E04866,N01794,N01797,0.169,0.17,60.0,1500,Ramp,True,2,
E04867,N02954,N02960,4.302,2.87,90.0,1400,Arterial,True,49,49 Highway
E04868,N02954,N02957,8.545,5.7,90.0,1400,Arterial,True,49,49 Highway
E04869,N03294,N03296,0.007,0.0,90.0,1400,Arterial,True,630,Wye Road
E04870,N03295,N03296,0.004,0.0,90.0,1400,Arterial,True,630,Wye Road
E04871,N03295,N03297,0.01,0.01,60.0,1500,Ramp,True,21,21 Highway
E04872,N00300,N00301,0.099,0.07,90.0,1400,Arterial,True,633,633 Highway
E04873,N00300,N00302,7.918,4.75,100.0,1600,Expressway / Highway,True,43,43 Highway
E04874,N03296,N03299,0.01,0.01,60.0,1500,Ramp,True,21,21 Highway
E04875,N03299,N03297,0.003,0.0,90.0,1400,Arterial,True,630,
E04876,N03300,N03297,0.078,0.08,60.0,1500,Ramp,True,21,21 Highway
E04877,N03298,N03297,0.008,0.01,90.0,1400,Arterial,True,630,Wye Road
E04878,N03872,N03873,0.481,0.48,60.0,1500,Ramp,True,63,Thickwood Boulevard
E04879,N03872,N03873,0.077,0.08,60.0,1500,Ramp,True,63,Thickwood Boulevard
E04880,N03872,N03874,0.533,0.53,60.0,1500,Ramp,True,63,Thickwood Boulevard
E04881,N03873,N03883,0.009,0.01,60.0,1500,Ramp,True,63,Thickwood Boulevard
E04882,N03873,N03878,0.77,0.77,60.0,1500,Ramp,True,63,Thickwood Boulevard
E04883,N03874,N03890,0.981,0.59,100.0,1600,Expressway / Highway,True,63,Memorial Drive
E04884,N03874,N03881,0.896,0.54,100.0,1600,Expressway / Highway,True,63,Memorial Drive
E04885,N03875,N03883,0.383,0.38,60.0,1500,Ramp,True,63,Thickwood Boulevard
E04886,N03875,N03881,0.246,0.25,60.0,1500,Ramp,True,63,Thickwood Boulevard
E04887,N03875,N03883,0.082,0.08,60.0,1500,Ramp,True,63,Thickwood Boulevard
E04888,N02082,N02087,0.338,0.34,60.0,1500,Ramp,True,,
E04889,N02083,N02091,0.297,0.2,90.0,1400,Arterial,True,15,Manning Drive
E04890,N02083,N02090,0.227,0.23,60.0,1500,Ramp,True,15,160 Avenue
E04891,N02083,N02093,0.046,0.05,60.0,1500,Ramp,True,15,160 Avenue
E04892,N03876,N03882,1.355,0.81,100.0,1600,Expressway / Highway,True,63,Memorial Drive
E04893,N03876,N03884,0.099,0.1,60.0,1500,Ramp,True,,
E04894,N03877,N03882,0.11,0.07,100.0,1600,Expressway / Highway,True,63,
E04895,N03877,N03878,0.478,0.29,100.0,1600,Expressway / Highway,True,63,
E04896,N03877,N03879,0.197,0.2,60.0,1500,Ramp,True,63,Thickwood Boulevard
E04897,N03878,N03880,0.105,0.06,100.0,1600,Expressway / Highway,True,63,
E04898,N03879,N03883,0.601,0.6,60.0,1500,Ramp,True,63,Thickwood Boulevard
E04899,N03879,N03880,0.542,0.54,60.0,1500,Ramp,True,,
E04900,N03880,N03884,0.597,0.36,100.0,1600,Expressway / Highway,True,63,
E04901,N03881,N03886,0.761,0.46,100.0,1600,Expressway / Highway,True,63,Memorial Drive
E04902,N03882,N03892,0.429,0.26,100.0,1600,Expressway / Highway,True,63,Memorial Drive
E04903,N03885,N03886,0.048,0.03,100.0,1600,Expressway / Highway,True,63,Memorial Drive
E04904,N03885,N03887,0.13,0.13,60.0,1500,Ramp,True,63,
E04905,N03885,N03887,0.095,0.06,100.0,1600,Expressway / Highway,True,63,Memorial Drive
E04906,N03886,N04004,1.112,0.67,100.0,1600,Expressway / Highway,True,63,Memorial Drive
E04907,N00302,N00304,6.126,3.68,100.0,1600,Expressway / Highway,True,43,43 Highway
E04908,N00302,N00303,0.031,0.02,90.0,1400,Arterial,True,37,37 Highway
E04909,N00303,N00305,6.126,3.68,100.0,1600,Expressway / Highway,True,43,43 Highway
E04910,N02084,N02091,0.258,0.26,60.0,1500,Ramp,True,,
E04911,N02085,N02089,0.059,0.04,90.0,1400,Arterial,True,15,Manning Drive
E04912,N02086,N02087,0.228,0.15,90.0,1400,Arterial,True,15,Manning Drive
E04913,N02086,N02096,0.016,0.02,60.0,1500,Ramp,True,,Manning Drive
E04914,N02086,N02095,0.01,0.01,90.0,1400,Arterial,True,15,Manning Drive
E04915,N02088,N02089,0.112,0.11,60.0,1500,Ramp,True,,
E04916,N02089,N02090,0.02,0.01,90.0,1400,Arterial,True,,Manning Drive
E04917,N02090,N02093,0.249,0.17,90.0,1400,Arterial,True,15,Manning Drive
E04918,N02091,N02095,0.13,0.09,90.0,1400,Arterial,True,15,Manning Drive
E04919,N03127,N02675,0.217,0.22,60.0,1500,Ramp,True,722,
E04920,N03127,N02676,0.08,0.05,90.0,1400,Arterial,True,667,667 Highway
E04921,N00621,N00622,0.051,0.03,90.0,1400,Arterial,True,,23 Avenue
E04922,N00621,N00622,0.126,0.13,60.0,1500,Ramp,True,,
E04923,N02093,N02094,0.137,0.09,90.0,1400,Arterial,True,,Manning Drive
E04924,N02094,N02096,0.264,0.26,60.0,1500,Ramp,True,,Manning Drive
E04925,N02094,N02097,0.294,0.2,90.0,1400,Arterial,True,15,Manning Drive
E04926,N02823,N02824,0.024,0.01,100.0,1600,Expressway / Highway,True,43,43 Highway
E04927,N02824,N02825,0.237,0.14,100.0,1600,Expressway / Highway,True,43,43 Highway
E04928,N02824,N02828,1.07,0.64,100.0,1600,Expressway / Highway,True,43,43 Highway
E04929,N02825,N02829,0.623,0.37,100.0,1600,Expressway / Highway,True,43,43 Highway
E04930,N02095,N02096,0.012,0.01,60.0,1500,Ramp,True,,167 Avenue
E04931,N02096,N02097,0.039,0.04,60.0,1500,Ramp,True,,167 Avenue
E04932,N02097,N02098,0.446,0.3,90.0,1400,Arterial,True,15,Manning Drive
E04933,N02826,N02827,0.121,0.12,60.0,1500,Ramp,True,43,115 Street
E04934,N02826,N02827,0.051,0.03,100.0,1600,Expressway / Highway,True,43,100 Avenue
E04935,N00997,N00998,4.871,3.25,90.0,1400,Arterial,True,617,617 Highway
E04936,N02955,N02956,12.94,8.63,90.0,1400,Arterial,True,49,49 Highway
E04937,N02956,N02960,0.116,0.08,90.0,1400,Arterial,True,49,49 Highway
E04938,N02956,N02959,1.62,1.08,90.0,1400,Arterial,True,2,2 Highway
E04939,N02956,N02961,0.112,0.07,90.0,1400,Arterial,True,2,2 Highway
E04940,N00622,N00623,0.235,0.16,90.0,1400,Arterial,True,,Maskekosihk Trail
E04941,N02675,N02676,0.18,0.12,90.0,1400,Arterial,True,722,722 Highway
E04942,N02675,N02680,29.331,19.55,90.0,1400,Arterial,True,722,722 Highway
E04943,N02676,N02678,5.111,3.41,90.0,1400,Arterial,True,722,722 Highway
E04944,N02381,N02384,0.568,0.57,60.0,1500,Ramp,True,28,
E04945,N00998,N00999,1.621,1.08,90.0,1400,Arterial,True,617,617 Highway
E04946,N00624,N00627,0.184,0.12,90.0,1400,Arterial,True,,23 Avenue
E04947,N00625,N00627,0.522,0.35,90.0,1400,Arterial,True,,184 Street
E04948,N00625,N00628,0.27,0.27,60.0,1500,Ramp,True,216,Anthony Henday Drive
E04949,N00625,N00629,0.203,0.2,60.0,1500,Ramp,True,216,Anthony Henday Drive
E04950,N00626,N00627,0.348,0.23,90.0,1400,Arterial,True,,184 Street
E04951,N00125,N00140,0.102,0.1,60.0,1500,Ramp,True,18,
E04952,N00125,N00142,0.311,0.21,90.0,1400,Arterial,True,18,100 Street
E04953,N00125,N00141,0.065,0.04,90.0,1400,Arterial,True,18,100 Street
E04954,N00126,N00143,0.097,0.1,60.0,1500,Ramp,True,18,
E04955,N00126,N00144,0.063,0.04,90.0,3000,Arterial,True,44,104 Avenue
E04956,N00628,N00629,0.179,0.18,60.0,1500,Ramp,True,216,Anthony Henday Drive
E04957,N00999,N01000,11.367,7.58,90.0,1400,Arterial,True,617,617 Highway
E04958,N02382,N02383,0.237,0.16,90.0,1400,Arterial,True,28,28 Highway
E04959,N02382,N02384,0.425,0.28,90.0,1400,Arterial,True,28,28 Highway
E04960,N00127,N00139,0.234,0.23,60.0,1500,Ramp,True,,
E04961,N01331,N01334,0.511,0.31,100.0,1600,Expressway / Highway,True,216,Anthony Henday Drive
E04962,N01332,N01335,1.018,0.61,100.0,1600,Expressway / Highway,True,216,Anthony Henday Drive
E04963,N03564,N03565,8.788,5.86,90.0,1400,Arterial,True,28,28 Highway
E04964,N02828,N02830,12.645,7.59,100.0,1600,Expressway / Highway,True,43,43 Highway
E04965,N02828,N02829,1.44,1.44,60.0,1500,Ramp,True,43,
E04966,N02958,N02959,0.575,0.43,80.0,1000,Collector,True,,Third Street
E04967,N03117,N03122,236.685,172.09,82.5,600,Arterial,True,88,88 Highway
E04968,N01796,N01797,0.057,0.06,60.0,1500,Ramp,True,,
E04969,N01797,N01798,0.305,0.3,60.0,1500,Ramp,True,,
E04970,N03301,N03303,2.934,1.76,100.0,1600,Expressway / Highway,True,16,Trans-Canada Highway
E04971,N03301,N03302,0.152,0.1,90.0,1400,Arterial,True,631,631 Highway
E04972,N03302,N03304,3.253,1.95,100.0,1600,Expressway / Highway,True,16,Trans-Canada Highway
E04973,N03302,N03305,8.544,5.7,90.0,1400,Arterial,True,631,631 Highway
E04974,N02960,N02961,0.166,0.17,60.0,1500,Ramp,True,2,
E04975,N03304,N03569,9.571,5.74,100.0,1600,Expressway / Highway,True,16,Trans-Canada Highway
E04976,N00304,N00305,0.031,0.02,90.0,1400,Arterial,True,33,33 Highway
E04977,N03565,N03566,15.401,10.27,90.0,1400,Arterial,True,28,28 Highway
E04978,N01798,N01803,0.376,0.23,100.0,1600,Expressway / Highway,True,2,Calgary Trail
E04979,N00305,N00306,27.996,18.66,90.0,1400,Arterial,True,33,33 Highway
E04980,N00128,N00132,1.894,1.26,90.0,1400,Arterial,True,779,48 Street
E04981,N00129,N00130,0.576,0.38,90.0,1400,Arterial,True,,48 Street
E04982,N00129,N00130,0.576,0.38,90.0,1400,Arterial,True,,48 Street
E04983,N00129,N00309,5.728,3.82,90.0,1400,Arterial,True,779,779 Highway
E04984,N01799,N01807,1.014,0.61,100.0,3600,Expressway / Highway,True,2,Gateway Boulevard
E04985,N00131,N00132,0.486,0.32,90.0,1400,Arterial,True,779,48 Street
E04986,N02098,N02099,0.862,0.57,90.0,1400,Arterial,True,15,Manning Drive
E04987,N02098,N02102,0.66,0.66,60.0,1500,Ramp,True,216,
E04988,N02099,N02100,0.569,0.57,60.0,1500,Ramp,True,216,Anthony Henday Drive
E04989,N02100,N02101,0.545,0.36,90.0,1400,Arterial,True,216,
E04990,N01800,N01801,0.069,0.07,60.0,1500,Ramp,True,2,
E04991,N01801,N01803,0.343,0.21,100.0,1600,Expressway / Highway,True,2,Calgary Trail
E04992,N01801,N01806,0.314,0.19,100.0,3600,Expressway / Highway,True,2,Calgary Trail
E04993,N02677,N02678,0.177,0.12,90.0,1400,Arterial,True,43,1 Avenue
E04994,N02677,N02681,4.658,2.8,100.0,1600,Expressway / Highway,True,43,1 Avenue
E04995,N02962,N02963,13.32,8.88,90.0,1400,Arterial,True,49,49 Highway
E04996,N01802,N01803,0.073,0.07,60.0,1500,Ramp,True,,
E04997,N00133,N00136,0.067,0.07,60.0,600,Ramp,False,,
E04998,N00133,N00134,0.091,0.05,100.0,1600,Expressway / Highway,True,16A,Trans-Canada Highway
E04999,N00134,N00135,0.086,0.09,60.0,600,Ramp,False,,
E05000,N01804,N01806,0.096,0.06,100.0,3600,Expressway / Highway,True,2,Calgary Trail
E05001,N01804,N01816,0.172,0.1,100.0,3600,Expressway / Highway,True,2,Calgary Trail
E05002,N01804,N01805,0.109,0.11,60.0,1500,Ramp,True,2,
E05003,N01806,N01807,0.249,0.3,50.0,600,Local / Street,True,2,
E05004,N01807,N01808,0.079,0.05,100.0,3600,Expressway / Highway,True,2,Gateway Boulevard
E05005,N01001,N01002,1.797,1.2,90.0,1400,Arterial,True,14,14 Highway
E05006,N00630,N00634,0.172,0.17,60.0,1500,Ramp,True,,Guardian Road
E05007,N00631,N01349,0.073,0.07,60.0,1500,Ramp,True,,
E05008,N03669,N03670,3.802,2.53,90.0,1400,Arterial,True,893,893 Highway
E05009,N00632,N00640,0.102,0.07,90.0,1400,Arterial,True,628,Whitemud Drive
E05010,N00632,N00641,0.174,0.17,60.0,1500,Ramp,True,,
E05011,N00632,N00637,0.17,0.17,60.0,1500,Ramp,True,,Whitemud Drive
E05012,N00632,N00634,0.174,0.12,90.0,1400,Arterial,True,628,Whitemud Drive
E05013,N00633,N00634,0.011,0.01,90.0,1400,Arterial,True,628,Whitemud Drive
E05014,N00633,N01349,0.054,0.04,90.0,1400,Arterial,True,,Whitemud Drive
E05015,N00633,N00635,0.014,0.01,60.0,1500,Ramp,True,,Lewis Estates Boulevard
E05016,N00634,N00637,0.012,0.01,60.0,1500,Ramp,True,,Guardian Road
E05017,N00635,N00637,0.007,0.01,60.0,1500,Ramp,True,,Whitemud Drive
E05018,N00635,N00643,0.012,0.01,60.0,1500,Ramp,True,,Whitemud Drive
E05019,N00635,N00638,0.009,0.01,60.0,1500,Ramp,True,,Lewis Estates Boulevard
E05020,N00636,N00640,0.229,0.15,90.0,1400,Arterial,True,628,Whitemud Drive
E05021,N00636,N00638,0.282,0.28,60.0,1500,Ramp,True,,Lewis Estates Boulevard
E05022,N00636,N00639,0.036,0.02,90.0,1400,Arterial,True,628,Whitemud Drive
E05023,N00637,N00639,0.011,0.01,60.0,1500,Ramp,True,,Guardian Road
E05024,N00638,N00643,0.011,0.01,90.0,1400,Arterial,True,628,Whitemud Drive
E05025,N00638,N00639,0.012,0.01,90.0,1400,Arterial,True,628,Whitemud Drive
E05026,N03670,N03671,0.164,0.16,60.0,1500,Ramp,True,893,893 Highway
E05027,N03670,N03672,1.627,1.08,90.0,1400,Arterial,True,893,893 Highway
E05028,N03672,N03673,9.887,6.59,90.0,1400,Arterial,True,646,646 Highway
E05029,N00642,N00644,0.24,0.24,60.0,1500,Ramp,True,,
E05030,N00643,N00644,0.227,0.15,90.0,1400,Arterial,True,628,Whitemud Drive
E05031,N00644,N01347,0.601,0.4,90.0,1400,Arterial,True,628,Whitemud Drive
E05032,N01002,N01003,12.814,8.54,90.0,1400,Arterial,True,14,14 Highway
E05033,N01002,N01004,9.312,6.21,90.0,1400,Arterial,True,854,854 Highway
E05034,N03308,N03309,0.112,0.11,60.0,1500,Ramp,True,630,
E05035,N01333,N01334,0.741,0.74,60.0,1500,Ramp,True,216,Anthony Henday Drive
E05036,N01333,N01345,0.302,0.3,60.0,1500,Ramp,True,216,Anthony Henday Drive
E05037,N01333,N01348,0.166,0.17,60.0,1500,Ramp,True,216,
E05038,N01334,N01346,0.763,0.46,100.0,1600,Expressway / Highway,True,216,Anthony Henday Drive
E05039,N02678,N02679,5.672,3.78,90.0,1400,Arterial,True,43,43 Highway
E05040,N01336,N01338,0.344,0.23,90.0,1400,Arterial,True,628,Whitemud Drive
E05041,N01337,N01340,0.252,0.17,90.0,1400,Arterial,True,628,Whitemud Drive
E05042,N01337,N01347,0.187,0.12,90.0,1400,Arterial,True,628,Whitemud Drive
E05043,N01337,N01348,0.017,0.02,60.0,1500,Ramp,True,216,
E05044,N01338,N01346,0.464,0.46,60.0,1500,Ramp,True,216,
E05045,N01338,N01348,0.114,0.08,90.0,1400,Arterial,True,628,Whitemud Drive
E05046,N01341,N01351,0.242,0.24,60.0,1500,Ramp,True,,
E05047,N01808,N01811,0.142,0.09,100.0,3600,Expressway / Highway,True,2,Gateway Boulevard
E05048,N01808,N01809,0.098,0.1,60.0,1500,Ramp,True,2,
E05049,N01342,N01352,0.228,0.23,60.0,1500,Ramp,True,,
E05050,N03888,N03893,0.309,0.23,80.0,1000,Collector,True,63,Confederation Way
E05051,N03890,N03891,0.326,0.33,60.0,1500,Ramp,True,,
E05052,N01810,N01811,0.066,0.07,60.0,1500,Ramp,True,2,
E05053,N01344,N01374,0.522,0.52,60.0,1500,Ramp,True,16,Trans-Canada Highway
E05054,N01344,N01375,0.707,0.42,100.0,1600,Expressway / Highway,True,16,Trans-Canada Highway
E05055,N00646,N00649,0.42,0.25,100.0,1600,Expressway / Highway,True,16A,Trans-Canada Highway
E05056,N00650,N01347,0.659,0.66,60.0,1500,Ramp,True,216,Anthony Henday Drive
E05057,N00650,N01346,0.574,0.34,100.0,1600,Expressway / Highway,True,216,Anthony Henday Drive
E05058,N01811,N01812,1.209,0.73,100.0,3600,Expressway / Highway,True,2,Gateway Boulevard
E05059,N02830,N02831,16.171,10.78,90.0,1400,Arterial,True,724,724 Highway
E05060,N01812,N01814,0.115,0.12,60.0,1500,Ramp,True,2,
E05061,N01812,N01823,0.433,0.29,88.4,1000,Collector,True,2,Gateway Boulevard
E05062,N00306,N00308,3.83,2.55,90.0,1400,Arterial,True,33,33 Highway
E05063,N01345,N01349,0.706,0.47,90.0,1400,Arterial,True,628,Whitemud Drive
E05064,N01345,N01348,0.255,0.17,90.0,1400,Arterial,True,628,Whitemud Drive
E05065,N01616,N01617,0.369,0.22,100.0,1600,Expressway / Highway,True,216,Anthony Henday Drive
E05066,N01813,N01827,0.097,0.1,60.0,1500,Ramp,True,14,
E05067,N01618,N01619,0.044,0.04,60.0,1500,Ramp,True,2,
E05068,N01815,N01827,0.089,0.07,80.0,1000,Collector,True,14,Whitemud Drive
E05069,N01816,N01822,1.154,0.69,100.0,3600,Expressway / Highway,True,2,Calgary Trail
E05070,N03118,N03119,48.125,32.08,90.0,1400,Arterial,True,88,88 Highway
E05071,N03673,N03674,6.503,4.34,90.0,1400,Arterial,True,897,897 Highway
E05072,N01003,N01006,15.134,10.09,90.0,1400,Arterial,True,855,855 Highway
E05073,N02831,N02833,9.364,6.24,90.0,1400,Arterial,True,724,724 Highway
E05074,N00307,N00308,6.469,4.31,90.0,1400,Arterial,True,33,33 Highway
E05075,N01817,N01828,1.044,0.63,100.0,1600,Expressway / Highway,True,2;14,Whitemud Drive
E05076,N01817,N01818,0.339,0.34,60.0,1500,Ramp,True,2,Whitemud Drive
E05077,N01818,N01819,0.125,0.09,80.0,1000,Collector,True,2,Whitemud Drive
E05078,N01350,N01351,0.073,0.07,60.0,1500,Ramp,True,,
E05079,N01819,N01822,0.082,0.08,60.0,1500,Ramp,True,2,
E05080,N01820,N01833,0.506,0.5,60.4,1000,Ramp,True,2,Whitemud Drive
E05081,N01820,N01821,0.105,0.1,60.0,1500,Ramp,True,2,
E05082,N01820,N01823,0.032,0.02,80.0,1000,Collector,True,2,Whitemud Drive
E05083,N01355,N01363,0.669,0.67,60.0,1500,Ramp,True,216,Trans-Canada Highway
E05084,N01356,N01362,0.339,0.34,60.0,1500,Ramp,True,216,Trans-Canada Highway
E05085,N01356,N01359,1.024,1.02,60.0,1500,Ramp,True,216,Trans-Canada Highway
E05086,N01356,N01357,0.784,0.78,60.0,1500,Ramp,True,216,Trans-Canada Highway
E05087,N01823,N01825,0.019,0.01,100.0,3600,Expressway / Highway,True,2,Calgary Trail
E05088,N02103,N02110,0.086,0.09,60.0,1500,Ramp,True,16,Trans-Canada Highway
E05089,N02104,N02113,0.09,0.09,60.0,1500,Ramp,True,16,Trans-Canada Highway
E05090,N01357,N01375,0.655,0.39,100.0,1600,Expressway / Highway,True,16,Trans-Canada Highway
E05091,N01357,N01358,0.725,0.44,100.0,1600,Expressway / Highway,True,16,Trans-Canada Highway
E05092,N02105,N02106,0.509,0.51,60.0,1500,Ramp,True,,
E05093,N02106,N02108,0.404,0.24,100.0,1600,Expressway / Highway,True,16,Trans-Canada Highway
E05094,N02106,N02109,0.558,0.33,100.0,1600,Expressway / Highway,True,16,Trans-Canada Highway
E05095,N01358,N01365,0.653,0.39,100.0,1600,Expressway / Highway,True,16,Trans-Canada Highway
E05096,N01358,N01369,0.825,0.83,60.0,1500,Ramp,True,216,Trans-Canada Highway
E05097,N01359,N01360,0.61,0.37,100.0,1600,Expressway / Highway,True,16,Trans-Canada Highway
E05098,N01359,N01361,0.443,0.27,100.0,1600,Expressway / Highway,True,16,Trans-Canada Highway
E05099,N01360,N01372,0.177,0.18,60.0,1500,Ramp,True,216,Trans-Canada Highway
E05100,N01360,N01377,0.712,0.43,100.0,1600,Expressway / Highway,True,16,Trans-Canada Highway
E05101,N02107,N02110,0.552,0.55,60.0,1500,Ramp,True,16,Trans-Canada Highway
E05102,N02107,N02111,0.811,0.49,100.0,1600,Expressway / Highway,True,16,Trans-Canada Highway
E05103,N02108,N02112,0.704,0.7,60.0,1500,Ramp,True,16,Trans-Canada Highway
E05104,N01361,N01369,0.467,0.47,60.0,1500,Ramp,True,,Anthony Henday Drive
E05105,N01362,N01371,1.521,0.91,100.0,1600,Expressway / Highway,True,216,Anthony Henday Drive
E05106,N01363,N01364,0.445,0.44,60.0,1500,Ramp,True,216,Trans-Canada Highway
E05107,N01363,N01372,1.284,1.28,60.0,1500,Ramp,True,216,Trans-Canada Highway
E05108,N03569,N03573,2.418,1.45,100.0,1600,Expressway / Highway,True,16,Trans-Canada Highway
E05109,N03570,N03571,0.541,0.36,90.0,1400,Arterial,True,16A,16A Highway
E05110,N03570,N03571,0.549,0.37,90.0,1400,Arterial,True,16A,16A Highway
E05111,N01364,N01365,0.07,0.07,60.0,1500,Ramp,True,216,Trans-Canada Highway
E05112,N01364,N01370,1.57,1.57,60.0,1500,Ramp,True,216,Trans-Canada Highway
E05113,N01824,N01825,0.108,0.06,100.0,3600,Expressway / Highway,True,2,Calgary Trail
E05114,N01824,N01828,0.553,0.55,60.0,1500,Ramp,True,2,Whitemud Drive
E05115,N01825,N01826,0.489,0.49,60.0,1500,Ramp,True,2,Whitemud Drive
E05116,N01826,N01833,1.023,0.61,100.0,1600,Expressway / Highway,True,2;14,Whitemud Drive
E05117,N01826,N01831,0.595,0.36,100.0,1600,Expressway / Highway,True,14,Whitemud Drive
E05118,N03571,N03572,1.157,0.77,90.0,1400,Arterial,True,16A,16A Highway
E05119,N03572,N03573,0.872,0.87,60.0,1500,Ramp,True,16,Trans-Canada Highway
E05120,N03572,N03574,1.371,1.37,60.0,1500,Ramp,True,16,Trans-Canada Highway
E05121,N02832,N02834,4.362,2.91,90.0,1400,Arterial,True,59,59 Highway
E05122,N01366,N01374,0.078,0.08,60.0,1500,Ramp,True,16,Trans-Canada Highway
E05123,N01367,N01374,0.084,0.08,60.0,1500,Ramp,True,16,Trans-Canada Highway
E05124,N02109,N02113,0.441,0.44,60.0,1500,Ramp,True,16,Trans-Canada Highway
E05125,N02109,N02115,1.549,0.93,100.0,1600,Expressway / Highway,True,16,Trans-Canada Highway
E05126,N01368,N01373,0.116,0.12,60.0,1500,Ramp,True,16,Trans-Canada Highway
E05127,N02110,N02111,0.262,0.26,60.0,1500,Ramp,True,16,Trans-Canada Highway
E05128,N02111,N02116,1.675,1.0,100.0,1600,Expressway / Highway,True,16,Trans-Canada Highway
E05129,N00140,N00141,0.069,0.05,90.0,3000,Arterial,True,44,104 Avenue
E05130,N00141,N00144,0.006,0.0,90.0,3000,Arterial,True,44,104 Avenue
E05131,N01829,N01830,0.076,0.06,80.0,1000,Collector,True,14,Whitemud Drive
E05132,N01829,N01831,0.393,0.29,80.0,1000,Collector,True,14,Whitemud Drive
E05133,N01829,N01832,0.071,0.07,60.0,1500,Ramp,True,14,
E05134,N00142,N00143,0.309,0.21,90.0,1400,Arterial,True,18,100 Street
E05135,N00143,N00144,0.067,0.04,90.0,1400,Arterial,True,18,100 Street
E05136,N01370,N01372,0.589,0.59,60.0,1500,Ramp,True,216,Trans-Canada Highway
E05137,N01370,N01371,0.218,0.22,60.0,1500,Ramp,True,216,Trans-Canada Highway
E05138,N02113,N02114,0.091,0.09,60.0,1500,Ramp,True,16,Trans-Canada Highway
E05139,N03896,N03897,7.071,4.71,90.0,1400,Arterial,True,69,69 Highway
E05140,N03896,N04007,2.215,1.98,67.3,600,Collector,True,,Spruce Valley Drive
E05141,N03896,N04006,1.174,0.78,90.0,1400,Arterial,True,69,69 Highway
E05142,N01004,N01005,5.188,3.46,90.0,600,Arterial,True,626,626 Highway
E05143,N01373,N01375,0.446,0.45,60.0,1500,Ramp,True,16,Trans-Canada Highway
E05144,N01373,N01376,0.12,0.12,60.0,1500,Ramp,True,16,Trans-Canada Highway
E05145,N03865,N03866,0.072,0.07,60.0,1500,Ramp,True,,
E05146,N01005,N01006,6.145,4.1,90.0,1400,Arterial,True,626,626 Highway
E05147,N01377,N01378,0.406,0.41,60.0,1500,Ramp,True,16,Trans-Canada Highway
E05148,N02833,N02834,0.336,0.22,90.0,1400,Arterial,True,724,724 Highway
E05149,N01378,N01379,0.074,0.07,60.0,1500,Ramp,True,16,Trans-Canada Highway
E05150,N01378,N01380,0.063,0.06,60.0,1500,Ramp,True,16,Trans-Canada Highway
E05151,N01381,N01382,0.097,0.1,60.0,1500,Ramp,True,16,Trans-Canada Highway
E05152,N01381,N01383,0.127,0.13,60.0,1500,Ramp,True,16,Trans-Canada Highway
E05153,N03311,N03327,0.172,0.17,60.0,1500,Ramp,True,,
E05154,N01384,N01386,1.027,1.03,60.0,1500,Ramp,True,,Anthony Henday Drive
E05155,N01385,N00654,0.401,0.4,60.0,1500,Ramp,True,216,Anthony Henday Drive
E05156,N01385,N01393,0.705,0.42,100.0,1600,Expressway / Highway,True,216,Anthony Henday Drive
E05157,N01386,N01394,0.69,0.41,100.0,1600,Expressway / Highway,True,216,Anthony Henday Drive
E05158,N01387,N01389,0.048,0.05,60.0,1500,Ramp,True,,Anthony Henday Drive
E05159,N01388,N01394,0.611,0.61,60.0,1500,Ramp,True,,Anthony Henday Drive
E05160,N01390,N01393,0.2,0.12,100.0,1600,Expressway / Highway,True,216,Anthony Henday Drive
E05161,N01390,N01391,0.615,0.62,60.0,1500,Ramp,True,,Anthony Henday Drive
E05162,N01392,N01393,0.647,0.65,60.0,1500,Ramp,True,216,Anthony Henday Drive
E05163,N02115,N02117,0.38,0.38,60.0,1500,Ramp,True,15,Trans-Canada Highway
E05164,N01395,N00654,0.178,0.18,60.0,1500,Ramp,True,216,Anthony Henday Drive
E05165,N02116,N02118,0.405,0.4,60.0,1500,Ramp,True,15,Trans-Canada Highway
E05166,N01396,N00654,0.436,0.44,60.0,1500,Ramp,True,,Anthony Henday Drive
E05167,N03898,N03900,0.293,0.29,60.0,1500,Ramp,True,63,686 Highway
E05168,N03899,N03903,8.73,5.24,100.0,1600,Expressway / Highway,True,63,63 Highway
E05169,N03900,N03901,8.409,5.05,100.0,1600,Expressway / Highway,True,63,63 Highway
E05170,N03901,N03905,10.651,6.39,100.0,1600,Expressway / Highway,True,63,63 Highway
E05171,N03901,N03904,0.115,0.12,60.0,1500,Ramp,True,63,
E05172,N03902,N03903,0.249,0.25,60.0,1500,Ramp,True,63,
E05173,N03903,N03907,10.627,6.38,100.0,1600,Expressway / Highway,True,63,63 Highway
E05174,N01621,N01623,17.159,11.44,90.0,1400,Arterial,True,663,663 Highway
E05175,N01621,N01622,9.502,8.14,70.0,600,Arterial,False,801,801 Highway
E05176,N03119,N03120,3.577,2.38,90.0,1400,Arterial,True,88,88 Highway
E05177,N03312,N03314,0.006,0.0,90.0,1400,Arterial,True,21,21 Highway
E05178,N03312,N03313,0.014,0.01,90.0,1400,Arterial,True,21,21 Highway
E05179,N03312,N03325,0.005,0.0,60.0,1500,Ramp,True,,
E05180,N03312,N03328,0.182,0.18,60.0,1500,Ramp,True,,Baseline Road
E05181,N03313,N03327,0.148,0.1,90.0,1400,Arterial,True,21,21 Highway
E05182,N03313,N03326,0.006,0.01,60.0,1500,Ramp,True,,
E05183,N02964,N02965,23.704,20.32,70.0,600,Arterial,False,717,717 Highway
E05184,N03314,N03315,0.152,0.1,90.0,1400,Arterial,True,21,21 Highway
E05185,N03314,N03325,0.007,0.01,60.0,1500,Ramp,True,21,
E05186,N03315,N03324,0.071,0.05,90.0,1400,Arterial,True,21,21 Highway
E05187,N03315,N03318,0.156,0.16,60.0,1500,Ramp,True,21,21 Highway
E05188,N03316,N03320,0.029,0.02,90.0,1400,Arterial,True,,21 Highway
E05189,N03316,N03326,0.203,0.2,60.0,1500,Ramp,True,21,21 Highway
E05190,N03316,N03322,0.199,0.13,90.0,1400,Arterial,True,21,21 Highway
E05191,N03318,N03319,0.013,0.01,60.0,1500,Ramp,True,21,21 Highway
E05192,N03318,N03317,0.008,0.01,60.0,1500,Ramp,True,,Baseline Road
E05193,N03318,N03325,0.007,0.01,60.0,1500,Ramp,True,,
E05194,N03319,N03322,0.005,0.0,60.0,1500,Ramp,True,21,21 Highway
E05195,N03319,N03321,0.003,0.0,60.0,1500,Ramp,True,,Township Road 530
E05196,N03319,N03326,0.01,0.01,60.0,1500,Ramp,True,,Township Road 530
E05197,N00652,N00653,0.042,0.04,60.0,1500,Ramp,True,2,
E05198,N03320,N03331,0.25,0.25,60.0,1500,Ramp,True,,
E05199,N01006,N01007,13.533,9.02,90.0,1400,Arterial,True,626,626 Highway
E05200,N03317,N03323,0.304,0.2,90.0,1400,Arterial,True,21,21 Highway
E05201,N03317,N03321,0.016,0.01,90.0,1400,Arterial,True,21,21 Highway
E05202,N03322,N03321,0.004,0.0,90.0,1400,Arterial,True,21,21 Highway
E05203,N03323,N03329,0.435,0.43,60.0,1500,Ramp,True,,
E05204,N03321,N03330,0.185,0.18,60.0,1500,Ramp,True,,Township Road 530
E05205,N03325,N03326,0.012,0.01,60.0,1500,Ramp,True,21,
E05206,N03907,N03906,0.353,0.35,60.0,1500,Ramp,True,63,
E05207,N03907,N03912,0.984,0.59,100.0,1600,Expressway / Highway,True,63,63 Highway
E05208,N03905,N03908,0.294,0.29,60.0,1500,Ramp,True,63,
E05209,N03905,N03918,1.17,0.7,100.0,1600,Expressway / Highway,True,63,63 Highway
E05210,N03908,N03913,0.539,0.54,60.0,1500,Ramp,True,63,
E05211,N03908,N03914,0.979,0.98,60.0,1500,Ramp,True,63,
E05212,N03906,N03909,0.085,0.09,60.0,1500,Ramp,True,63,
E05213,N03906,N03911,0.131,0.13,60.0,1500,Ramp,True,63,
E05214,N03120,N03123,4.28,2.85,90.0,1400,Arterial,True,88,88 Highway
E05215,N03911,N03912,0.502,0.5,60.0,1500,Ramp,True,63,
E05216,N03911,N03910,0.095,0.09,60.0,1500,Ramp,True,63,
E05217,N01623,N01625,16.178,10.79,90.0,1400,Arterial,True,44,44 Highway
E05218,N01624,N01625,3.233,3.23,60.1,600,Collector,False,,Township Road 662
E05219,N02118,N02119,0.025,0.02,60.0,1500,Ramp,True,15,Trans-Canada Highway
E05220,N02118,N02120,0.096,0.1,60.0,1500,Ramp,True,15,Trans-Canada Highway
E05221,N02120,N02121,0.602,0.4,90.0,1400,Arterial,True,15,50 Street
E05222,N03912,N03923,12.214,7.33,100.0,1600,Expressway / Highway,True,63,63 Highway
E05223,N03913,N03916,0.114,0.11,60.0,1500,Ramp,True,63,
E05224,N03913,N03917,0.108,0.11,60.0,1500,Ramp,True,63,
E05225,N00146,N00147,1.604,1.07,90.0,1400,Arterial,True,20,20 Highway
E05226,N00146,N00148,9.765,6.51,90.0,1400,Arterial,True,616,616 Highway
E05227,N03916,N03918,0.454,0.45,60.0,1500,Ramp,True,63,
E05228,N03916,N03915,0.074,0.07,60.0,1500,Ramp,True,63,
E05229,N03918,N03919,9.086,5.45,100.0,1600,Expressway / Highway,True,63,63 Highway
E05230,N00655,N00656,0.219,0.22,60.0,1500,Ramp,True,,
E05231,N00655,N00657,0.27,0.16,100.0,1600,Expressway / Highway,True,2,St. Albert Road
E05232,N03919,N03920,0.835,0.5,100.0,1600,Expressway / Highway,True,63,63 Highway
E05233,N03919,N03921,0.993,0.6,100.0,1600,Expressway / Highway,True,63,63 Highway
E05234,N03920,N03921,0.47,0.28,100.0,1600,Expressway / Highway,True,63,63 Highway
E05235,N03920,N03922,1.93,1.16,100.0,1600,Expressway / Highway,True,63,63 Highway
E05236,N03921,N03924,10.246,6.15,100.0,1600,Expressway / Highway,True,63,63 Highway
E05237,N00657,N00658,0.15,0.15,60.0,1500,Ramp,True,,
E05238,N02835,N02965,45.335,30.22,90.0,1400,Arterial,True,64,64 Highway
E05239,N03575,N03576,0.05,0.05,60.0,1500,Ramp,True,45,
E05240,N03575,N03578,0.261,0.17,90.0,1400,Arterial,True,45,45 Highway
E05241,N03575,N03583,0.08,0.05,90.0,1400,Arterial,True,45,45 Highway
E05242,N03121,N03123,1.119,1.11,60.4,600,Collector,False,,Transportation Road
E05243,N03576,N03577,0.28,0.28,60.0,1500,Ramp,True,45,
E05244,N03576,N03583,0.087,0.09,60.0,1500,Ramp,True,45,
E05245,N03577,N03578,0.05,0.05,60.0,1500,Ramp,True,45,
E05246,N03577,N03579,0.088,0.09,60.0,1500,Ramp,True,45,
E05247,N03578,N03579,0.082,0.05,90.0,1400,Arterial,True,45,45 Highway
E05248,N03579,N03582,0.737,0.49,90.0,1400,Arterial,True,45,45 Highway
E05249,N03580,N03584,6.369,4.25,90.0,1400,Arterial,True,36,36 Highway
E05250,N03580,N03581,0.048,0.03,90.0,1400,Arterial,True,36,36 Highway
E05251,N03580,N03582,0.07,0.07,60.0,1500,Ramp,True,36,36 Highway
E05252,N03922,N03923,0.128,0.13,60.0,1500,Ramp,True,63,
E05253,N03922,N03923,0.082,0.05,100.0,1600,Expressway / Highway,True,63,63 Highway
E05254,N03122,N03123,2.218,1.48,90.0,1400,Arterial,True,88,88 Highway
E05255,N03581,N03582,0.05,0.03,90.0,1400,Arterial,True,45,45 Highway
E05256,N03924,N03925,0.629,0.38,100.0,1600,Expressway / Highway,True,63,63 Highway
E05257,N03924,N03926,1.658,0.99,100.0,1600,Expressway / Highway,True,63,63 Highway
E05258,N03925,N03926,1.058,0.64,100.0,1600,Expressway / Highway,True,63,63 Highway
E05259,N02121,N02122,0.106,0.11,60.0,1500,Ramp,True,15,
E05260,N02121,N02125,0.089,0.06,90.0,1400,Arterial,True,15,50 Street
E05261,N02123,N02126,0.099,0.1,60.0,1500,Ramp,True,15,
E05262,N02124,N02125,0.014,0.01,60.0,1500,Ramp,True,15,
E05263,N02125,N02126,0.066,0.04,90.0,1400,Arterial,True,15,50 Street
E05264,N02681,N02682,1.129,0.68,100.0,1600,Expressway / Highway,True,43,43 Highway
E05265,N03459,N03460,0.011,0.01,90.0,1400,Arterial,True,,15 Highway
E05266,N02965,N02966,12.244,8.16,90.0,1400,Arterial,True,64,64 Highway
E05267,N03463,N03466,0.123,0.12,60.0,1500,Ramp,True,,
