station_id,issued,valid,lead_h,temp_c,rh_pct,wind_speed_kmh,wind_dir_deg,precip_mm,cloud_pct
WX-CYMM,2030-05-04T18:00:00Z,2030-05-04T19:00:00Z,1,19.2,19.0,9.0,220.0,0.0,2.0
WX-CYMM,2030-05-04T18:00:00Z,2030-05-04T20:00:00Z,2,21.0,26.0,9.0,213.0,0.0,2.0
WX-CYMM,2030-05-04T18:00:00Z,2030-05-04T21:00:00Z,3,21.3,20.0,9.0,222.0,0.0,2.0
WX-CYMM,2030-05-04T18:00:00Z,2030-05-04T22:00:00Z,4,21.1,26.0,8.0,213.0,0.0,2.0
WX-CYMM,2030-05-04T18:00:00Z,2030-05-04T23:00:00Z,5,20.5,24.0,8.0,220.0,0.0,2.0
WX-CYMM,2030-05-04T18:00:00Z,2030-05-05T00:00:00Z,6,18.5,27.0,7.0,212.0,0.0,2.0
WX-CYMM,2030-05-04T18:00:00Z,2030-05-05T01:00:00Z,7,17.8,34.0,5.0,211.0,0.0,2.0
WX-CYMM,2030-05-04T18:00:00Z,2030-05-05T02:00:00Z,8,14.4,33.0,5.0,210.0,0.0,2.0
WX-CYMM,2030-05-04T18:00:00Z,2030-05-05T03:00:00Z,9,12.8,28.0,3.0,218.0,0.0,2.0
WX-CYMM,2030-05-04T18:00:00Z,2030-05-05T04:00:00Z,10,10.4,41.0,3.0,215.0,0.0,2.0
WX-CYMM,2030-05-04T18:00:00Z,2030-05-05T05:00:00Z,11,7.4,58.0,3.0,221.0,0.0,2.0
WX-CYMM,2030-05-04T18:00:00Z,2030-05-05T06:00:00Z,12,7.7,68.0,4.0,206.0,0.0,2.0
WX-CYMM,2030-05-04T18:00:00Z,2030-05-05T07:00:00Z,13,6.9,69.0,4.0,216.0,0.0,2.0
WX-CYMM,2030-05-04T18:00:00Z,2030-05-05T08:00:00Z,14,4.4,73.0,4.0,210.0,0.0,2.0
WX-CYMM,2030-05-04T18:00:00Z,2030-05-05T09:00:00Z,15,3.2,74.0,4.0,221.0,0.0,2.0
WX-CYMM,2030-05-04T18:00:00Z,2030-05-05T10:00:00Z,16,3.9,81.0,4.0,220.0,0.0,2.0
WX-CYMM,2030-05-04T18:00:00Z,2030-05-05T11:00:00Z,17,5.1,69.0,4.0,212.0,0.0,2.0
WX-CYMM,2030-05-04T18:00:00Z,2030-05-05T12:00:00Z,18,6.0,64.0,4.0,214.0,0.0,2.0
WX-CYMM,2030-05-04T18:00:00Z,2030-05-05T13:00:00Z,19,7.8,61.0,4.0,215.0,0.0,2.0
WX-CYMM,2030-05-04T18:00:00Z,2030-05-05T14:00:00Z,20,9.1,53.0,4.0,216.0,0.0,2.0
WX-CYMM,2030-05-04T18:00:00Z,2030-05-05T15:00:00Z,21,12.9,43.0,7.0,212.0,0.0,2.0
WX-CYMM,2030-05-04T18:00:00Z,2030-05-05T16:00:00Z,22,15.5,41.0,8.0,220.0,0.0,2.0
WX-CYMM,2030-05-04T18:00:00Z,2030-05-05T17:00:00Z,23,18.6,26.0,9.0,210.0,0.0,2.0
WX-CYMM,2030-05-04T18:00:00Z,2030-05-05T18:00:00Z,24,20.9,22.0,10.0,200.0,0.0,2.0
WX-CYMM,2030-05-04T18:00:00Z,2030-05-05T19:00:00Z,25,22.2,22.0,13.0,215.0,0.0,2.0
WX-CYMM,2030-05-04T18:00:00Z,2030-05-05T20:00:00Z,26,22.0,22.0,11.0,213.0,0.0,2.0
WX-CYMM,2030-05-04T18:00:00Z,2030-05-05T21:00:00Z,27,22.8,19.0,12.0,219.0,0.0,2.0
WX-CYMM,2030-05-04T18:00:00Z,2030-05-05T22:00:00Z,28,23.0,29.0,12.0,217.0,0.0,2.0
WX-CYMM,2030-05-04T18:00:00Z,2030-05-05T23:00:00Z,29,23.3,19.0,9.0,214.0,0.0,2.0
WX-CYMM,2030-05-04T18:00:00Z,2030-05-06T00:00:00Z,30,21.2,26.0,8.0,214.0,0.0,2.0
WX-CYMM,2030-05-04T18:00:00Z,2030-05-06T01:00:00Z,31,20.9,24.0,7.0,214.0,0.0,2.0
WX-CYMM,2030-05-04T18:00:00Z,2030-05-06T02:00:00Z,32,17.8,32.0,5.0,209.0,0.0,2.0
WX-CYMM,2030-05-04T18:00:00Z,2030-05-06T03:00:00Z,33,15.4,35.0,4.0,204.0,0.0,2.0
WX-CYMM,2030-05-04T18:00:00Z,2030-05-06T04:00:00Z,34,13.1,42.0,4.0,207.0,0.0,2.0
WX-CYMM,2030-05-04T18:00:00Z,2030-05-06T05:00:00Z,35,10.3,59.0,4.0,213.0,0.0,2.0
WX-CYMM,2030-05-04T18:00:00Z,2030-05-06T06:00:00Z,36,8.7,52.0,4.0,191.0,0.0,2.0
WX-CYMM,2030-05-04T18:00:00Z,2030-05-06T07:00:00Z,37,9.8,68.0,4.0,205.0,0.0,2.0
WX-CYMM,2030-05-04T18:00:00Z,2030-05-06T08:00:00Z,38,7.7,62.0,4.0,201.0,0.0,2.0
WX-CYMM,2030-05-04T18:00:00Z,2030-05-06T09:00:00Z,39,7.1,67.0,4.0,208.0,0.0,2.0
WX-CYMM,2030-05-04T18:00:00Z,2030-05-06T10:00:00Z,40,5.3,74.0,4.0,202.0,0.0,2.0
WX-CYMM,2030-05-04T18:00:00Z,2030-05-06T11:00:00Z,41,5.2,54.0,3.0,209.0,0.0,2.0
WX-CYMM,2030-05-04T18:00:00Z,2030-05-06T12:00:00Z,42,6.7,52.0,4.0,206.0,0.0,2.0
WX-CYMM,2030-05-04T18:00:00Z,2030-05-06T13:00:00Z,43,8.9,53.0,4.0,219.0,0.0,2.0
WX-CYMM,2030-05-04T18:00:00Z,2030-05-06T14:00:00Z,44,12.7,48.0,4.0,206.0,0.0,2.0
WX-CYMM,2030-05-04T18:00:00Z,2030-05-06T15:00:00Z,45,15.3,42.0,8.0,206.0,0.0,2.0
WX-CYMM,2030-05-04T18:00:00Z,2030-05-06T16:00:00Z,46,18.3,31.0,9.0,208.0,0.0,2.0
WX-CYMM,2030-05-04T18:00:00Z,2030-05-06T17:00:00Z,47,21.4,20.0,11.0,193.0,0.0,2.0
WX-CYMM,2030-05-04T18:00:00Z,2030-05-06T18:00:00Z,48,22.4,28.0,12.0,199.0,0.0,2.0
WX-CYMM,2030-05-04T18:00:00Z,2030-05-06T19:00:00Z,49,24.1,23.0,15.0,220.0,0.0,2.0
WX-CYMM,2030-05-04T18:00:00Z,2030-05-06T20:00:00Z,50,24.8,13.0,12.0,213.0,0.0,2.0
WX-CYMM,2030-05-04T18:00:00Z,2030-05-06T21:00:00Z,51,25.5,19.0,15.0,209.0,0.0,2.0
WX-CYMM,2030-05-04T18:00:00Z,2030-05-06T22:00:00Z,52,24.8,28.0,14.0,218.0,0.0,2.0
WX-CYMM,2030-05-04T18:00:00Z,2030-05-06T23:00:00Z,53,25.5,20.0,12.0,207.0,0.0,2.0
WX-CYMM,2030-05-04T18:00:00Z,2030-05-07T00:00:00Z,54,24.1,15.0,10.0,206.0,0.0,2.0
WX-CYMM,2030-05-04T18:00:00Z,2030-05-07T01:00:00Z,55,21.6,21.0,9.0,206.0,0.0,2.0
WX-CYMM,2030-05-04T18:00:00Z,2030-05-07T02:00:00Z,56,18.9,25.0,6.0,192.0,0.0,2.0
WX-CYMM,2030-05-04T18:00:00Z,2030-05-07T03:00:00Z,57,17.6,34.0,3.0,217.0,0.0,2.0
WX-CYMM,2030-05-04T18:00:00Z,2030-05-07T04:00:00Z,58,15.7,44.0,4.0,207.0,0.0,2.0
WX-CYMM,2030-05-04T18:00:00Z,2030-05-07T05:00:00Z,59,12.1,41.0,4.0,207.0,0.0,2.0
WX-CYMM,2030-05-04T18:00:00Z,2030-05-07T06:00:00Z,60,13.2,39.0,6.0,195.0,0.0,2.0
WX-CYMM,2030-05-04T18:00:00Z,2030-05-07T07:00:00Z,61,10.5,55.0,6.0,192.0,0.0,2.0
WX-CYMM,2030-05-04T18:00:00Z,2030-05-07T08:00:00Z,62,9.4,58.0,7.0,177.0,0.0,2.0
WX-CYMM,2030-05-04T18:00:00Z,2030-05-07T09:00:00Z,63,8.6,64.0,7.0,200.0,0.0,2.0
WX-CYMM,2030-05-04T18:00:00Z,2030-05-07T10:00:00Z,64,8.7,48.0,6.0,219.0,0.0,2.0
WX-CYMM,2030-05-04T18:00:00Z,2030-05-07T11:00:00Z,65,9.1,48.0,6.0,208.0,0.0,2.0
WX-CYMM,2030-05-04T18:00:00Z,2030-05-07T12:00:00Z,66,11.4,55.0,7.0,196.0,0.0,2.0
WX-CYMM,2030-05-04T18:00:00Z,2030-05-07T13:00:00Z,67,14.2,37.0,6.0,189.0,0.0,2.0
WX-CYMM,2030-05-04T18:00:00Z,2030-05-07T14:00:00Z,68,14.4,39.0,7.0,199.0,0.0,2.0
WX-CYMM,2030-05-04T18:00:00Z,2030-05-07T15:00:00Z,69,19.3,31.0,11.0,202.0,0.0,2.0
WX-CYMM,2030-05-04T18:00:00Z,2030-05-07T16:00:00Z,70,20.3,22.0,13.0,197.0,0.0,2.0
WX-CYMM,2030-05-04T18:00:00Z,2030-05-07T17:00:00Z,71,23.0,31.0,18.0,207.0,0.0,2.0
WX-CYMM,2030-05-04T18:00:00Z,2030-05-07T18:00:00Z,72,23.6,19.0,22.0,189.0,0.0,2.0
WX-CYZH,2030-05-04T18:00:00Z,2030-05-04T19:00:00Z,1,20.9,25.0,10.0,238.0,0.0,28.0
WX-CYZH,2030-05-04T18:00:00Z,2030-05-04T20:00:00Z,2,21.6,17.0,11.0,238.0,0.0,28.0
WX-CYZH,2030-05-04T18:00:00Z,2030-05-04T21:00:00Z,3,21.9,19.0,10.0,242.0,0.0,28.0
WX-CYZH,2030-05-04T18:00:00Z,2030-05-04T22:00:00Z,4,22.0,20.0,9.0,237.0,0.0,28.0
WX-CYZH,2030-05-04T18:00:00Z,2030-05-04T23:00:00Z,5,21.7,23.0,9.0,235.0,0.0,28.0
WX-CYZH,2030-05-04T18:00:00Z,2030-05-05T00:00:00Z,6,20.8,20.0,7.0,246.0,0.0,28.0
WX-CYZH,2030-05-04T18:00:00Z,2030-05-05T01:00:00Z,7,18.8,26.0,6.0,237.0,0.0,28.0
WX-CYZH,2030-05-04T18:00:00Z,2030-05-05T02:00:00Z,8,17.0,30.0,5.0,235.0,0.0,28.0
WX-CYZH,2030-05-04T18:00:00Z,2030-05-05T03:00:00Z,9,15.8,39.0,4.0,228.0,0.0,28.0
WX-CYZH,2030-05-04T18:00:00Z,2030-05-05T04:00:00Z,10,11.1,31.0,3.0,231.0,0.0,28.0
WX-CYZH,2030-05-04T18:00:00Z,2030-05-05T05:00:00Z,11,8.6,47.0,4.0,238.0,0.0,28.0
WX-CYZH,2030-05-04T18:00:00Z,2030-05-05T06:00:00Z,12,9.2,53.0,4.0,236.0,0.0,28.0
WX-CYZH,2030-05-04T18:00:00Z,2030-05-05T07:00:00Z,13,6.7,61.0,4.0,223.0,0.0,28.0
WX-CYZH,2030-05-04T18:00:00Z,2030-05-05T08:00:00Z,14,6.1,64.0,4.0,234.0,0.0,28.0
WX-CYZH,2030-05-04T18:00:00Z,2030-05-05T09:00:00Z,15,4.4,64.0,4.0,236.0,0.0,28.0
WX-CYZH,2030-05-04T18:00:00Z,2030-05-05T10:00:00Z,16,5.4,70.0,4.0,231.0,0.0,28.0
WX-CYZH,2030-05-04T18:00:00Z,2030-05-05T11:00:00Z,17,6.8,66.0,5.0,234.0,0.0,28.0
WX-CYZH,2030-05-04T18:00:00Z,2030-05-05T12:00:00Z,18,8.0,56.0,4.0,243.0,0.0,28.0
WX-CYZH,2030-05-04T18:00:00Z,2030-05-05T13:00:00Z,19,8.5,47.0,4.0,229.0,0.0,28.0
WX-CYZH,2030-05-04T18:00:00Z,2030-05-05T14:00:00Z,20,11.2,47.0,5.0,223.0,0.0,28.0
WX-CYZH,2030-05-04T18:00:00Z,2030-05-05T15:00:00Z,21,14.5,35.0,6.0,232.0,0.0,28.0
WX-CYZH,2030-05-04T18:00:00Z,2030-05-05T16:00:00Z,22,17.7,34.0,8.0,228.0,0.0,28.0
WX-CYZH,2030-05-04T18:00:00Z,2030-05-05T17:00:00Z,23,18.4,33.0,10.0,234.0,0.0,28.0
WX-CYZH,2030-05-04T18:00:00Z,2030-05-05T18:00:00Z,24,20.8,24.0,12.0,239.0,0.0,28.0
WX-CYZH,2030-05-04T18:00:00Z,2030-05-05T19:00:00Z,25,23.9,21.0,12.0,240.0,0.0,28.0
WX-CYZH,2030-05-04T18:00:00Z,2030-05-05T20:00:00Z,26,24.2,19.0,14.0,236.0,0.0,28.0
WX-CYZH,2030-05-04T18:00:00Z,2030-05-05T21:00:00Z,27,24.5,24.0,13.0,244.0,0.0,28.0
WX-CYZH,2030-05-04T18:00:00Z,2030-05-05T22:00:00Z,28,25.9,24.0,13.0,236.0,0.0,28.0
WX-CYZH,2030-05-04T18:00:00Z,2030-05-05T23:00:00Z,29,23.3,19.0,11.0,241.0,0.0,28.0
WX-CYZH,2030-05-04T18:00:00Z,2030-05-06T00:00:00Z,30,22.7,23.0,9.0,236.0,0.0,28.0
WX-CYZH,2030-05-04T18:00:00Z,2030-05-06T01:00:00Z,31,22.0,23.0,8.0,236.0,0.0,28.0
WX-CYZH,2030-05-04T18:00:00Z,2030-05-06T02:00:00Z,32,18.6,25.0,6.0,230.0,0.0,28.0
WX-CYZH,2030-05-04T18:00:00Z,2030-05-06T03:00:00Z,33,17.1,35.0,4.0,234.0,0.0,28.0
WX-CYZH,2030-05-04T18:00:00Z,2030-05-06T04:00:00Z,34,13.0,37.0,4.0,230.0,0.0,28.0
WX-CYZH,2030-05-04T18:00:00Z,2030-05-06T05:00:00Z,35,12.0,41.0,4.0,232.0,0.0,28.0
WX-CYZH,2030-05-04T18:00:00Z,2030-05-06T06:00:00Z,36,11.5,39.0,4.0,230.0,0.0,28.0
WX-CYZH,2030-05-04T18:00:00Z,2030-05-06T07:00:00Z,37,10.5,56.0,4.0,238.0,0.0,28.0
WX-CYZH,2030-05-04T18:00:00Z,2030-05-06T08:00:00Z,38,7.8,52.0,4.0,227.0,0.0,28.0
WX-CYZH,2030-05-04T18:00:00Z,2030-05-06T09:00:00Z,39,7.1,54.0,5.0,234.0,0.0,28.0
WX-CYZH,2030-05-04T18:00:00Z,2030-05-06T10:00:00Z,40,7.3,58.0,4.0,219.0,0.0,28.0
WX-CYZH,2030-05-04T18:00:00Z,2030-05-06T11:00:00Z,41,8.8,60.0,4.0,227.0,0.0,28.0
WX-CYZH,2030-05-04T18:00:00Z,2030-05-06T12:00:00Z,42,8.7,43.0,5.0,239.0,0.0,28.0
WX-CYZH,2030-05-04T18:00:00Z,2030-05-06T13:00:00Z,43,11.0,48.0,4.0,232.0,0.0,28.0
WX-CYZH,2030-05-04T18:00:00Z,2030-05-06T14:00:00Z,44,15.0,41.0,5.0,214.0,0.0,28.0
WX-CYZH,2030-05-04T18:00:00Z,2030-05-06T15:00:00Z,45,16.6,27.0,7.0,229.0,0.0,28.0
WX-CYZH,2030-05-04T18:00:00Z,2030-05-06T16:00:00Z,46,19.1,22.0,9.0,227.0,0.0,28.0
WX-CYZH,2030-05-04T18:00:00Z,2030-05-06T17:00:00Z,47,20.6,23.0,12.0,219.0,0.0,28.0
WX-CYZH,2030-05-04T18:00:00Z,2030-05-06T18:00:00Z,48,24.0,30.0,16.0,214.0,0.0,28.0
WX-CYZH,2030-05-04T18:00:00Z,2030-05-06T19:00:00Z,49,24.2,17.0,13.0,221.0,0.0,28.0
WX-CYZH,2030-05-04T18:00:00Z,2030-05-06T20:00:00Z,50,25.2,22.0,14.0,220.0,0.0,28.0
WX-CYZH,2030-05-04T18:00:00Z,2030-05-06T21:00:00Z,51,26.4,21.0,17.0,235.0,0.0,28.0
WX-CYZH,2030-05-04T18:00:00Z,2030-05-06T22:00:00Z,52,28.4,8.0,15.0,234.0,0.0,28.0
WX-CYZH,2030-05-04T18:00:00Z,2030-05-06T23:00:00Z,53,26.6,17.0,13.0,235.0,0.0,28.0
WX-CYZH,2030-05-04T18:00:00Z,2030-05-07T00:00:00Z,54,24.4,23.0,11.0,238.0,0.0,28.0
WX-CYZH,2030-05-04T18:00:00Z,2030-05-07T01:00:00Z,55,23.0,18.0,10.0,210.0,0.0,28.0
WX-CYZH,2030-05-04T18:00:00Z,2030-05-07T02:00:00Z,56,21.5,30.0,6.0,227.0,0.0,28.0
WX-CYZH,2030-05-04T18:00:00Z,2030-05-07T03:00:00Z,57,19.6,22.0,5.0,232.0,0.0,28.0
WX-CYZH,2030-05-04T18:00:00Z,2030-05-07T04:00:00Z,58,14.5,25.0,4.0,223.0,0.0,28.0
WX-CYZH,2030-05-04T18:00:00Z,2030-05-07T05:00:00Z,59,14.6,37.0,4.0,223.0,0.0,28.0
WX-CYZH,2030-05-04T18:00:00Z,2030-05-07T06:00:00Z,60,15.2,40.0,6.0,212.0,0.0,28.0
WX-CYZH,2030-05-04T18:00:00Z,2030-05-07T07:00:00Z,61,11.8,40.0,7.0,221.0,0.0,28.0
WX-CYZH,2030-05-04T18:00:00Z,2030-05-07T08:00:00Z,62,10.7,51.0,7.0,218.0,0.0,28.0
WX-CYZH,2030-05-04T18:00:00Z,2030-05-07T09:00:00Z,63,10.8,39.0,6.0,230.0,0.0,28.0
WX-CYZH,2030-05-04T18:00:00Z,2030-05-07T10:00:00Z,64,10.1,45.0,7.0,223.0,0.0,28.0
WX-CYZH,2030-05-04T18:00:00Z,2030-05-07T11:00:00Z,65,11.2,54.0,6.0,221.0,0.0,28.0
WX-CYZH,2030-05-04T18:00:00Z,2030-05-07T12:00:00Z,66,11.4,28.0,8.0,219.0,0.0,28.0
WX-CYZH,2030-05-04T18:00:00Z,2030-05-07T13:00:00Z,67,12.6,39.0,8.0,211.0,0.0,28.0
WX-CYZH,2030-05-04T18:00:00Z,2030-05-07T14:00:00Z,68,19.1,27.0,9.0,220.0,0.0,28.0
WX-CYZH,2030-05-04T18:00:00Z,2030-05-07T15:00:00Z,69,19.5,22.0,12.0,227.0,0.0,28.0
WX-CYZH,2030-05-04T18:00:00Z,2030-05-07T16:00:00Z,70,22.3,21.0,16.0,224.0,0.0,28.0
WX-CYZH,2030-05-04T18:00:00Z,2030-05-07T17:00:00Z,71,25.3,10.0,16.0,208.0,0.0,28.0
WX-CYZH,2030-05-04T18:00:00Z,2030-05-07T18:00:00Z,72,28.5,22.0,20.0,204.0,0.0,28.0
WX-CYOJ,2030-05-04T18:00:00Z,2030-05-04T19:00:00Z,1,19.1,21.0,12.0,232.0,0.0,9.0
WX-CYOJ,2030-05-04T18:00:00Z,2030-05-04T20:00:00Z,2,20.0,27.0,12.0,232.0,0.0,9.0
WX-CYOJ,2030-05-04T18:00:00Z,2030-05-04T21:00:00Z,3,20.7,28.0,11.0,228.0,0.0,9.0
WX-CYOJ,2030-05-04T18:00:00Z,2030-05-04T22:00:00Z,4,20.1,19.0,13.0,226.0,0.0,9.0
WX-CYOJ,2030-05-04T18:00:00Z,2030-05-04T23:00:00Z,5,20.3,23.0,12.0,229.0,0.0,9.0
WX-CYOJ,2030-05-04T18:00:00Z,2030-05-05T00:00:00Z,6,19.2,20.0,9.0,232.0,0.0,9.0
WX-CYOJ,2030-05-04T18:00:00Z,2030-05-05T01:00:00Z,7,17.0,19.0,8.0,227.0,0.0,9.0
WX-CYOJ,2030-05-04T18:00:00Z,2030-05-05T02:00:00Z,8,15.4,27.0,6.0,230.0,0.0,9.0
WX-CYOJ,2030-05-04T18:00:00Z,2030-05-05T03:00:00Z,9,12.3,38.0,4.0,232.0,0.0,9.0
WX-CYOJ,2030-05-04T18:00:00Z,2030-05-05T04:00:00Z,10,10.4,45.0,4.0,226.0,0.0,9.0
WX-CYOJ,2030-05-04T18:00:00Z,2030-05-05T05:00:00Z,11,7.0,50.0,4.0,238.0,0.0,9.0
WX-CYOJ,2030-05-04T18:00:00Z,2030-05-05T06:00:00Z,12,7.4,60.0,5.0,234.0,0.0,9.0
WX-CYOJ,2030-05-04T18:00:00Z,2030-05-05T07:00:00Z,13,7.2,67.0,5.0,228.0,0.0,9.0
WX-CYOJ,2030-05-04T18:00:00Z,2030-05-05T08:00:00Z,14,4.8,79.0,5.0,221.0,0.0,9.0
WX-CYOJ,2030-05-04T18:00:00Z,2030-05-05T09:00:00Z,15,4.8,70.0,5.0,214.0,0.0,9.0
WX-CYOJ,2030-05-04T18:00:00Z,2030-05-05T10:00:00Z,16,4.1,72.0,5.0,211.0,0.0,9.0
WX-CYOJ,2030-05-04T18:00:00Z,2030-05-05T11:00:00Z,17,4.6,70.0,5.0,234.0,0.0,9.0
WX-CYOJ,2030-05-04T18:00:00Z,2030-05-05T12:00:00Z,18,5.8,63.0,5.0,228.0,0.0,9.0
WX-CYOJ,2030-05-04T18:00:00Z,2030-05-05T13:00:00Z,19,7.3,56.0,5.0,223.0,0.0,9.0
WX-CYOJ,2030-05-04T18:00:00Z,2030-05-05T14:00:00Z,20,10.3,59.0,6.0,217.0,0.0,9.0
WX-CYOJ,2030-05-04T18:00:00Z,2030-05-05T15:00:00Z,21,11.9,41.0,9.0,225.0,0.0,9.0
WX-CYOJ,2030-05-04T18:00:00Z,2030-05-05T16:00:00Z,22,15.0,38.0,10.0,233.0,0.0,9.0
WX-CYOJ,2030-05-04T18:00:00Z,2030-05-05T17:00:00Z,23,19.6,24.0,14.0,228.0,0.0,9.0
WX-CYOJ,2030-05-04T18:00:00Z,2030-05-05T18:00:00Z,24,20.1,22.0,13.0,219.0,0.0,9.0
WX-CYOJ,2030-05-04T18:00:00Z,2030-05-05T19:00:00Z,25,21.3,26.0,15.0,247.0,0.0,9.0
WX-CYOJ,2030-05-04T18:00:00Z,2030-05-05T20:00:00Z,26,23.6,25.0,15.0,230.0,0.0,9.0
WX-CYOJ,2030-05-04T18:00:00Z,2030-05-05T21:00:00Z,27,23.9,13.0,15.0,217.0,0.0,9.0
WX-CYOJ,2030-05-04T18:00:00Z,2030-05-05T22:00:00Z,28,23.4,29.0,15.0,229.0,0.0,9.0
WX-CYOJ,2030-05-04T18:00:00Z,2030-05-05T23:00:00Z,29,22.1,22.0,14.0,229.0,0.0,9.0
WX-CYOJ,2030-05-04T18:00:00Z,2030-05-06T00:00:00Z,30,21.5,19.0,14.0,232.0,0.0,9.0
WX-CYOJ,2030-05-04T18:00:00Z,2030-05-06T01:00:00Z,31,19.4,27.0,8.0,229.0,0.0,9.0
WX-CYOJ,2030-05-04T18:00:00Z,2030-05-06T02:00:00Z,32,17.5,27.0,7.0,217.0,0.0,9.0
WX-CYOJ,2030-05-04T18:00:00Z,2030-05-06T03:00:00Z,33,15.2,29.0,5.0,229.0,0.0,9.0
WX-CYOJ,2030-05-04T18:00:00Z,2030-05-06T04:00:00Z,34,12.6,43.0,5.0,220.0,0.0,9.0
WX-CYOJ,2030-05-04T18:00:00Z,2030-05-06T05:00:00Z,35,9.1,54.0,5.0,227.0,0.0,9.0
WX-CYOJ,2030-05-04T18:00:00Z,2030-05-06T06:00:00Z,36,10.0,56.0,5.0,221.0,0.0,9.0
WX-CYOJ,2030-05-04T18:00:00Z,2030-05-06T07:00:00Z,37,8.0,50.0,5.0,227.0,0.0,9.0
WX-CYOJ,2030-05-04T18:00:00Z,2030-05-06T08:00:00Z,38,5.3,58.0,5.0,223.0,0.0,9.0
WX-CYOJ,2030-05-04T18:00:00Z,2030-05-06T09:00:00Z,39,6.0,65.0,5.0,219.0,0.0,9.0
WX-CYOJ,2030-05-04T18:00:00Z,2030-05-06T10:00:00Z,40,5.7,71.0,4.0,243.0,0.0,9.0
WX-CYOJ,2030-05-04T18:00:00Z,2030-05-06T11:00:00Z,41,6.7,69.0,5.0,219.0,0.0,9.0
WX-CYOJ,2030-05-04T18:00:00Z,2030-05-06T12:00:00Z,42,6.9,55.0,5.0,218.0,0.0,9.0
WX-CYOJ,2030-05-04T18:00:00Z,2030-05-06T13:00:00Z,43,9.3,45.0,6.0,225.0,0.0,9.0
WX-CYOJ,2030-05-04T18:00:00Z,2030-05-06T14:00:00Z,44,11.6,46.0,6.0,225.0,0.0,9.0
WX-CYOJ,2030-05-04T18:00:00Z,2030-05-06T15:00:00Z,45,13.3,35.0,9.0,230.0,0.0,9.0
WX-CYOJ,2030-05-04T18:00:00Z,2030-05-06T16:00:00Z,46,17.4,33.0,13.0,209.0,0.0,9.0
WX-CYOJ,2030-05-04T18:00:00Z,2030-05-06T17:00:00Z,47,19.2,32.0,15.0,217.0,0.0,9.0
WX-CYOJ,2030-05-04T18:00:00Z,2030-05-06T18:00:00Z,48,22.1,26.0,14.0,231.0,0.0,9.0
WX-CYOJ,2030-05-04T18:00:00Z,2030-05-06T19:00:00Z,49,22.7,15.0,20.0,224.0,0.0,9.0
WX-CYOJ,2030-05-04T18:00:00Z,2030-05-06T20:00:00Z,50,23.7,12.0,19.0,224.0,0.0,9.0
WX-CYOJ,2030-05-04T18:00:00Z,2030-05-06T21:00:00Z,51,24.6,9.0,18.0,209.0,0.0,9.0
WX-CYOJ,2030-05-04T18:00:00Z,2030-05-06T22:00:00Z,52,23.7,21.0,17.0,209.0,0.0,9.0
WX-CYOJ,2030-05-04T18:00:00Z,2030-05-06T23:00:00Z,53,24.2,24.0,16.0,214.0,0.0,9.0
WX-CYOJ,2030-05-04T18:00:00Z,2030-05-07T00:00:00Z,54,23.9,14.0,13.0,223.0,0.0,9.0
WX-CYOJ,2030-05-04T18:00:00Z,2030-05-07T01:00:00Z,55,23.0,19.0,11.0,228.0,0.0,9.0
WX-CYOJ,2030-05-04T18:00:00Z,2030-05-07T02:00:00Z,56,20.5,21.0,8.0,229.0,0.0,9.0
WX-CYOJ,2030-05-04T18:00:00Z,2030-05-07T03:00:00Z,57,18.1,30.0,5.0,204.0,0.0,9.0
WX-CYOJ,2030-05-04T18:00:00Z,2030-05-07T04:00:00Z,58,15.5,32.0,4.0,221.0,0.0,9.0
WX-CYOJ,2030-05-04T18:00:00Z,2030-05-07T05:00:00Z,59,13.8,39.0,6.0,222.0,0.0,9.0
WX-CYOJ,2030-05-04T18:00:00Z,2030-05-07T06:00:00Z,60,13.0,48.0,8.0,207.0,0.0,9.0
WX-CYOJ,2030-05-04T18:00:00Z,2030-05-07T07:00:00Z,61,11.7,52.0,9.0,208.0,0.0,9.0
WX-CYOJ,2030-05-04T18:00:00Z,2030-05-07T08:00:00Z,62,10.1,51.0,8.0,201.0,0.0,9.0
WX-CYOJ,2030-05-04T18:00:00Z,2030-05-07T09:00:00Z,63,6.3,60.0,6.0,208.0,0.0,9.0
WX-CYOJ,2030-05-04T18:00:00Z,2030-05-07T10:00:00Z,64,8.9,50.0,8.0,188.0,0.0,9.0
WX-CYOJ,2030-05-04T18:00:00Z,2030-05-07T11:00:00Z,65,9.5,54.0,7.0,224.0,0.0,9.0
WX-CYOJ,2030-05-04T18:00:00Z,2030-05-07T12:00:00Z,66,11.2,41.0,6.0,213.0,0.0,9.0
WX-CYOJ,2030-05-04T18:00:00Z,2030-05-07T13:00:00Z,67,12.3,36.0,8.0,226.0,0.0,10.0
WX-CYOJ,2030-05-04T18:00:00Z,2030-05-07T14:00:00Z,68,14.4,41.0,9.0,203.0,0.0,11.0
WX-CYOJ,2030-05-04T18:00:00Z,2030-05-07T15:00:00Z,69,17.3,22.0,14.0,194.0,0.0,12.0
WX-CYOJ,2030-05-04T18:00:00Z,2030-05-07T16:00:00Z,70,21.3,22.0,21.0,229.0,0.0,15.0
WX-CYOJ,2030-05-04T18:00:00Z,2030-05-07T17:00:00Z,71,23.7,13.0,24.0,189.0,0.0,19.0
WX-CYOJ,2030-05-04T18:00:00Z,2030-05-07T18:00:00Z,72,27.1,10.0,25.0,198.0,0.0,25.0
WX-CYPE,2030-05-04T18:00:00Z,2030-05-04T19:00:00Z,1,19.3,28.0,8.0,212.0,0.0,0.0
WX-CYPE,2030-05-04T18:00:00Z,2030-05-04T20:00:00Z,2,20.8,24.0,9.0,205.0,0.0,0.0
WX-CYPE,2030-05-04T18:00:00Z,2030-05-04T21:00:00Z,3,20.3,20.0,9.0,200.0,0.0,0.0
WX-CYPE,2030-05-04T18:00:00Z,2030-05-04T22:00:00Z,4,20.5,22.0,9.0,200.0,0.0,0.0
WX-CYPE,2030-05-04T18:00:00Z,2030-05-04T23:00:00Z,5,19.9,21.0,8.0,209.0,0.0,0.0
WX-CYPE,2030-05-04T18:00:00Z,2030-05-05T00:00:00Z,6,19.2,29.0,6.0,199.0,0.0,0.0
WX-CYPE,2030-05-04T18:00:00Z,2030-05-05T01:00:00Z,7,16.7,24.0,6.0,196.0,0.0,0.0
WX-CYPE,2030-05-04T18:00:00Z,2030-05-05T02:00:00Z,8,15.5,28.0,4.0,209.0,0.0,0.0
WX-CYPE,2030-05-04T18:00:00Z,2030-05-05T03:00:00Z,9,13.4,37.0,3.0,207.0,0.0,0.0
WX-CYPE,2030-05-04T18:00:00Z,2030-05-05T04:00:00Z,10,10.5,35.0,3.0,209.0,0.0,0.0
WX-CYPE,2030-05-04T18:00:00Z,2030-05-05T05:00:00Z,11,8.3,56.0,3.0,202.0,0.0,0.0
WX-CYPE,2030-05-04T18:00:00Z,2030-05-05T06:00:00Z,12,9.0,56.0,3.0,203.0,0.0,0.0
WX-CYPE,2030-05-04T18:00:00Z,2030-05-05T07:00:00Z,13,6.0,67.0,4.0,195.0,0.0,0.0
WX-CYPE,2030-05-04T18:00:00Z,2030-05-05T08:00:00Z,14,4.2,72.0,4.0,198.0,0.0,0.0
WX-CYPE,2030-05-04T18:00:00Z,2030-05-05T09:00:00Z,15,4.5,68.0,3.0,202.0,0.0,0.0
WX-CYPE,2030-05-04T18:00:00Z,2030-05-05T10:00:00Z,16,4.6,74.0,4.0,202.0,0.0,0.0
WX-CYPE,2030-05-04T18:00:00Z,2030-05-05T11:00:00Z,17,4.1,72.0,3.0,208.0,0.0,0.0
WX-CYPE,2030-05-04T18:00:00Z,2030-05-05T12:00:00Z,18,5.2,60.0,4.0,206.0,0.0,0.0
WX-CYPE,2030-05-04T18:00:00Z,2030-05-05T13:00:00Z,19,8.6,53.0,4.0,195.0,0.0,0.0
WX-CYPE,2030-05-04T18:00:00Z,2030-05-05T14:00:00Z,20,10.7,45.0,4.0,197.0,0.0,0.0
WX-CYPE,2030-05-04T18:00:00Z,2030-05-05T15:00:00Z,21,13.3,44.0,6.0,206.0,0.0,0.0
WX-CYPE,2030-05-04T18:00:00Z,2030-05-05T16:00:00Z,22,16.1,30.0,8.0,210.0,0.0,0.0
WX-CYPE,2030-05-04T18:00:00Z,2030-05-05T17:00:00Z,23,16.8,25.0,8.0,205.0,0.0,0.0
WX-CYPE,2030-05-04T18:00:00Z,2030-05-05T18:00:00Z,24,18.7,25.0,9.0,199.0,0.0,0.0
WX-CYPE,2030-05-04T18:00:00Z,2030-05-05T19:00:00Z,25,22.4,22.0,10.0,203.0,0.0,0.0
WX-CYPE,2030-05-04T18:00:00Z,2030-05-05T20:00:00Z,26,23.6,18.0,11.0,210.0,0.0,0.0
WX-CYPE,2030-05-04T18:00:00Z,2030-05-05T21:00:00Z,27,23.8,26.0,9.0,211.0,0.0,0.0
WX-CYPE,2030-05-04T18:00:00Z,2030-05-05T22:00:00Z,28,24.2,26.0,10.0,198.0,0.0,0.0
WX-CYPE,2030-05-04T18:00:00Z,2030-05-05T23:00:00Z,29,22.4,15.0,10.0,195.0,0.0,0.0
WX-CYPE,2030-05-04T18:00:00Z,2030-05-06T00:00:00Z,30,20.9,30.0,8.0,202.0,0.0,0.0
WX-CYPE,2030-05-04T18:00:00Z,2030-05-06T01:00:00Z,31,19.8,27.0,7.0,197.0,0.0,0.0
WX-CYPE,2030-05-04T18:00:00Z,2030-05-06T02:00:00Z,32,17.9,32.0,5.0,202.0,0.0,0.0
WX-CYPE,2030-05-04T18:00:00Z,2030-05-06T03:00:00Z,33,15.5,38.0,3.0,195.0,0.0,0.0
WX-CYPE,2030-05-04T18:00:00Z,2030-05-06T04:00:00Z,34,12.4,35.0,3.0,204.0,0.0,0.0
WX-CYPE,2030-05-04T18:00:00Z,2030-05-06T05:00:00Z,35,10.4,43.0,4.0,206.0,0.0,0.0
WX-CYPE,2030-05-04T18:00:00Z,2030-05-06T06:00:00Z,36,10.6,52.0,3.0,208.0,0.0,0.0
WX-CYPE,2030-05-04T18:00:00Z,2030-05-06T07:00:00Z,37,8.2,53.0,3.0,206.0,0.0,0.0
WX-CYPE,2030-05-04T18:00:00Z,2030-05-06T08:00:00Z,38,6.1,74.0,3.0,199.0,0.0,0.0
WX-CYPE,2030-05-04T18:00:00Z,2030-05-06T09:00:00Z,39,7.2,63.0,3.0,190.0,0.0,0.0
WX-CYPE,2030-05-04T18:00:00Z,2030-05-06T10:00:00Z,40,4.9,69.0,4.0,203.0,0.0,0.0
WX-CYPE,2030-05-04T18:00:00Z,2030-05-06T11:00:00Z,41,6.7,57.0,3.0,192.0,0.0,0.0
WX-CYPE,2030-05-04T18:00:00Z,2030-05-06T12:00:00Z,42,9.3,67.0,4.0,185.0,0.0,0.0
WX-CYPE,2030-05-04T18:00:00Z,2030-05-06T13:00:00Z,43,11.6,59.0,3.0,194.0,0.0,0.0
WX-CYPE,2030-05-04T18:00:00Z,2030-05-06T14:00:00Z,44,13.2,36.0,4.0,186.0,0.0,0.0
WX-CYPE,2030-05-04T18:00:00Z,2030-05-06T15:00:00Z,45,14.1,38.0,8.0,212.0,0.0,0.0
WX-CYPE,2030-05-04T18:00:00Z,2030-05-06T16:00:00Z,46,15.6,31.0,9.0,205.0,0.0,0.0
WX-CYPE,2030-05-04T18:00:00Z,2030-05-06T17:00:00Z,47,19.2,33.0,12.0,207.0,0.0,0.0
WX-CYPE,2030-05-04T18:00:00Z,2030-05-06T18:00:00Z,48,21.8,10.0,13.0,192.0,0.0,0.0
WX-CYPE,2030-05-04T18:00:00Z,2030-05-06T19:00:00Z,49,23.8,18.0,14.0,195.0,0.0,0.0
WX-CYPE,2030-05-04T18:00:00Z,2030-05-06T20:00:00Z,50,24.1,22.0,11.0,198.0,0.0,0.0
WX-CYPE,2030-05-04T18:00:00Z,2030-05-06T21:00:00Z,51,25.2,15.0,13.0,192.0,0.0,0.0
WX-CYPE,2030-05-04T18:00:00Z,2030-05-06T22:00:00Z,52,25.9,13.0,12.0,196.0,0.0,0.0
WX-CYPE,2030-05-04T18:00:00Z,2030-05-06T23:00:00Z,53,25.1,10.0,13.0,199.0,0.0,0.0
WX-CYPE,2030-05-04T18:00:00Z,2030-05-07T00:00:00Z,54,24.8,21.0,9.0,190.0,0.0,0.0
WX-CYPE,2030-05-04T18:00:00Z,2030-05-07T01:00:00Z,55,22.4,20.0,8.0,195.0,0.0,0.0
WX-CYPE,2030-05-04T18:00:00Z,2030-05-07T02:00:00Z,56,20.1,17.0,5.0,207.0,0.0,0.0
WX-CYPE,2030-05-04T18:00:00Z,2030-05-07T03:00:00Z,57,16.6,31.0,3.0,197.0,0.0,0.0
WX-CYPE,2030-05-04T18:00:00Z,2030-05-07T04:00:00Z,58,14.5,32.0,4.0,180.0,0.0,0.0
WX-CYPE,2030-05-04T18:00:00Z,2030-05-07T05:00:00Z,59,10.2,44.0,3.0,187.0,0.0,0.0
WX-CYPE,2030-05-04T18:00:00Z,2030-05-07T06:00:00Z,60,12.5,44.0,6.0,179.0,0.0,0.0
WX-CYPE,2030-05-04T18:00:00Z,2030-05-07T07:00:00Z,61,9.5,51.0,5.0,182.0,0.0,0.0
WX-CYPE,2030-05-04T18:00:00Z,2030-05-07T08:00:00Z,62,9.7,52.0,6.0,188.0,0.0,0.0
WX-CYPE,2030-05-04T18:00:00Z,2030-05-07T09:00:00Z,63,9.4,46.0,5.0,177.0,0.0,0.0
WX-CYPE,2030-05-04T18:00:00Z,2030-05-07T10:00:00Z,64,9.0,51.0,5.0,201.0,0.0,0.0
WX-CYPE,2030-05-04T18:00:00Z,2030-05-07T11:00:00Z,65,11.0,48.0,6.0,184.0,0.0,0.0
WX-CYPE,2030-05-04T18:00:00Z,2030-05-07T12:00:00Z,66,10.3,51.0,5.0,191.0,0.0,0.0
WX-CYPE,2030-05-04T18:00:00Z,2030-05-07T13:00:00Z,67,12.8,36.0,6.0,177.0,0.0,0.0
WX-CYPE,2030-05-04T18:00:00Z,2030-05-07T14:00:00Z,68,14.7,43.0,6.0,166.0,0.0,0.0
WX-CYPE,2030-05-04T18:00:00Z,2030-05-07T15:00:00Z,69,17.6,28.0,10.0,191.0,0.0,0.0
WX-CYPE,2030-05-04T18:00:00Z,2030-05-07T16:00:00Z,70,22.0,28.0,15.0,194.0,0.0,1.0
WX-CYPE,2030-05-04T18:00:00Z,2030-05-07T17:00:00Z,71,21.9,17.0,14.0,196.0,0.0,1.0
WX-CYPE,2030-05-04T18:00:00Z,2030-05-07T18:00:00Z,72,27.3,24.0,14.0,185.0,0.0,2.0
WX-CYQU,2030-05-04T18:00:00Z,2030-05-04T19:00:00Z,1,19.3,26.0,11.0,232.0,0.0,5.0
WX-CYQU,2030-05-04T18:00:00Z,2030-05-04T20:00:00Z,2,20.0,26.0,13.0,216.0,0.0,5.0
WX-CYQU,2030-05-04T18:00:00Z,2030-05-04T21:00:00Z,3,20.2,22.0,12.0,223.0,0.0,5.0
WX-CYQU,2030-05-04T18:00:00Z,2030-05-04T22:00:00Z,4,21.0,22.0,11.0,230.0,0.0,5.0
WX-CYQU,2030-05-04T18:00:00Z,2030-05-04T23:00:00Z,5,20.7,24.0,11.0,226.0,0.0,5.0
WX-CYQU,2030-05-04T18:00:00Z,2030-05-05T00:00:00Z,6,19.5,27.0,9.0,219.0,0.0,5.0
WX-CYQU,2030-05-04T18:00:00Z,2030-05-05T01:00:00Z,7,18.0,29.0,7.0,228.0,0.0,5.0
WX-CYQU,2030-05-04T18:00:00Z,2030-05-05T02:00:00Z,8,16.1,31.0,6.0,223.0,0.0,5.0
WX-CYQU,2030-05-04T18:00:00Z,2030-05-05T03:00:00Z,9,13.7,40.0,4.0,229.0,0.0,5.0
WX-CYQU,2030-05-04T18:00:00Z,2030-05-05T04:00:00Z,10,11.3,44.0,4.0,229.0,0.0,5.0
WX-CYQU,2030-05-04T18:00:00Z,2030-05-05T05:00:00Z,11,8.8,51.0,4.0,236.0,0.0,5.0
WX-CYQU,2030-05-04T18:00:00Z,2030-05-05T06:00:00Z,12,7.7,62.0,5.0,217.0,0.0,5.0
WX-CYQU,2030-05-04T18:00:00Z,2030-05-05T07:00:00Z,13,5.0,65.0,5.0,229.0,0.0,5.0
WX-CYQU,2030-05-04T18:00:00Z,2030-05-05T08:00:00Z,14,5.0,69.0,5.0,217.0,0.0,5.0
WX-CYQU,2030-05-04T18:00:00Z,2030-05-05T09:00:00Z,15,5.0,77.0,5.0,229.0,0.0,5.0
WX-CYQU,2030-05-04T18:00:00Z,2030-05-05T10:00:00Z,16,4.5,72.0,5.0,226.0,0.0,5.0
WX-CYQU,2030-05-04T18:00:00Z,2030-05-05T11:00:00Z,17,6.1,76.0,5.0,225.0,0.0,5.0
WX-CYQU,2030-05-04T18:00:00Z,2030-05-05T12:00:00Z,18,6.6,66.0,5.0,223.0,0.0,5.0
WX-CYQU,2030-05-04T18:00:00Z,2030-05-05T13:00:00Z,19,6.8,62.0,5.0,218.0,0.0,5.0
WX-CYQU,2030-05-04T18:00:00Z,2030-05-05T14:00:00Z,20,11.0,50.0,6.0,225.0,0.0,5.0
WX-CYQU,2030-05-04T18:00:00Z,2030-05-05T15:00:00Z,21,12.3,38.0,9.0,226.0,0.0,5.0
WX-CYQU,2030-05-04T18:00:00Z,2030-05-05T16:00:00Z,22,15.4,24.0,11.0,230.0,0.0,5.0
WX-CYQU,2030-05-04T18:00:00Z,2030-05-05T17:00:00Z,23,17.8,26.0,12.0,225.0,0.0,5.0
WX-CYQU,2030-05-04T18:00:00Z,2030-05-05T18:00:00Z,24,20.3,30.0,13.0,226.0,0.0,5.0
WX-CYQU,2030-05-04T18:00:00Z,2030-05-05T19:00:00Z,25,23.2,20.0,15.0,215.0,0.0,5.0
WX-CYQU,2030-05-04T18:00:00Z,2030-05-05T20:00:00Z,26,24.3,24.0,15.0,210.0,0.0,5.0
WX-CYQU,2030-05-04T18:00:00Z,2030-05-05T21:00:00Z,27,23.2,24.0,15.0,223.0,0.0,5.0
WX-CYQU,2030-05-04T18:00:00Z,2030-05-05T22:00:00Z,28,24.5,13.0,15.0,239.0,0.0,5.0
WX-CYQU,2030-05-04T18:00:00Z,2030-05-05T23:00:00Z,29,23.0,19.0,13.0,221.0,0.0,5.0
WX-CYQU,2030-05-04T18:00:00Z,2030-05-06T00:00:00Z,30,23.1,22.0,13.0,216.0,0.0,5.0
WX-CYQU,2030-05-04T18:00:00Z,2030-05-06T01:00:00Z,31,21.5,32.0,10.0,203.0,0.0,5.0
WX-CYQU,2030-05-04T18:00:00Z,2030-05-06T02:00:00Z,32,17.8,36.0,8.0,226.0,0.0,5.0
WX-CYQU,2030-05-04T18:00:00Z,2030-05-06T03:00:00Z,33,16.3,32.0,5.0,215.0,0.0,5.0
WX-CYQU,2030-05-04T18:00:00Z,2030-05-06T04:00:00Z,34,13.8,45.0,5.0,217.0,0.0,5.0
WX-CYQU,2030-05-04T18:00:00Z,2030-05-06T05:00:00Z,35,11.1,51.0,5.0,224.0,0.0,5.0
WX-CYQU,2030-05-04T18:00:00Z,2030-05-06T06:00:00Z,36,11.1,46.0,5.0,222.0,0.0,5.0
WX-CYQU,2030-05-04T18:00:00Z,2030-05-06T07:00:00Z,37,8.4,62.0,5.0,231.0,0.0,5.0
WX-CYQU,2030-05-04T18:00:00Z,2030-05-06T08:00:00Z,38,7.4,70.0,5.0,226.0,0.0,5.0
WX-CYQU,2030-05-04T18:00:00Z,2030-05-06T09:00:00Z,39,6.5,61.0,4.0,222.0,0.0,5.0
WX-CYQU,2030-05-04T18:00:00Z,2030-05-06T10:00:00Z,40,6.6,69.0,5.0,217.0,0.0,5.0
WX-CYQU,2030-05-04T18:00:00Z,2030-05-06T11:00:00Z,41,7.2,59.0,4.0,207.0,0.0,5.0
WX-CYQU,2030-05-04T18:00:00Z,2030-05-06T12:00:00Z,42,6.8,62.0,5.0,215.0,0.0,5.0
WX-CYQU,2030-05-04T18:00:00Z,2030-05-06T13:00:00Z,43,10.2,56.0,5.0,225.0,0.0,5.0
WX-CYQU,2030-05-04T18:00:00Z,2030-05-06T14:00:00Z,44,13.4,42.0,6.0,199.0,0.0,5.0
WX-CYQU,2030-05-04T18:00:00Z,2030-05-06T15:00:00Z,45,14.0,36.0,9.0,216.0,0.0,5.0
WX-CYQU,2030-05-04T18:00:00Z,2030-05-06T16:00:00Z,46,17.3,39.0,14.0,229.0,0.0,5.0
WX-CYQU,2030-05-04T18:00:00Z,2030-05-06T17:00:00Z,47,17.7,25.0,17.0,224.0,0.0,5.0
WX-CYQU,2030-05-04T18:00:00Z,2030-05-06T18:00:00Z,48,22.7,28.0,16.0,215.0,0.0,5.0
WX-CYQU,2030-05-04T18:00:00Z,2030-05-06T19:00:00Z,49,24.3,11.0,20.0,214.0,0.0,5.0
WX-CYQU,2030-05-04T18:00:00Z,2030-05-06T20:00:00Z,50,26.3,11.0,19.0,222.0,0.0,5.0
WX-CYQU,2030-05-04T18:00:00Z,2030-05-06T21:00:00Z,51,27.5,23.0,21.0,215.0,0.0,5.0
WX-CYQU,2030-05-04T18:00:00Z,2030-05-06T22:00:00Z,52,25.5,19.0,17.0,222.0,0.0,5.0
WX-CYQU,2030-05-04T18:00:00Z,2030-05-06T23:00:00Z,53,24.9,16.0,17.0,232.0,0.0,5.0
WX-CYQU,2030-05-04T18:00:00Z,2030-05-07T00:00:00Z,54,24.7,14.0,12.0,214.0,0.0,5.0
WX-CYQU,2030-05-04T18:00:00Z,2030-05-07T01:00:00Z,55,21.9,23.0,12.0,212.0,0.0,5.0
WX-CYQU,2030-05-04T18:00:00Z,2030-05-07T02:00:00Z,56,20.7,19.0,9.0,226.0,0.0,5.0
WX-CYQU,2030-05-04T18:00:00Z,2030-05-07T03:00:00Z,57,16.1,30.0,6.0,220.0,0.0,5.0
WX-CYQU,2030-05-04T18:00:00Z,2030-05-07T04:00:00Z,58,14.7,40.0,6.0,209.0,0.0,5.0
WX-CYQU,2030-05-04T18:00:00Z,2030-05-07T05:00:00Z,59,11.4,42.0,5.0,198.0,0.0,5.0
WX-CYQU,2030-05-04T18:00:00Z,2030-05-07T06:00:00Z,60,11.9,32.0,8.0,223.0,0.0,5.0
WX-CYQU,2030-05-04T18:00:00Z,2030-05-07T07:00:00Z,61,11.5,37.0,7.0,225.0,0.0,5.0
WX-CYQU,2030-05-04T18:00:00Z,2030-05-07T08:00:00Z,62,9.0,48.0,7.0,206.0,0.0,5.0
WX-CYQU,2030-05-04T18:00:00Z,2030-05-07T09:00:00Z,63,8.7,40.0,7.0,212.0,0.0,5.0
WX-CYQU,2030-05-04T18:00:00Z,2030-05-07T10:00:00Z,64,8.8,57.0,9.0,209.0,0.0,5.0
WX-CYQU,2030-05-04T18:00:00Z,2030-05-07T11:00:00Z,65,7.3,46.0,9.0,212.0,0.0,5.0
WX-CYQU,2030-05-04T18:00:00Z,2030-05-07T12:00:00Z,66,12.0,42.0,8.0,224.0,0.0,5.0
WX-CYQU,2030-05-04T18:00:00Z,2030-05-07T13:00:00Z,67,13.6,38.0,8.0,212.0,0.0,5.0
WX-CYQU,2030-05-04T18:00:00Z,2030-05-07T14:00:00Z,68,15.8,30.0,12.0,206.0,0.0,5.0
WX-CYQU,2030-05-04T18:00:00Z,2030-05-07T15:00:00Z,69,17.9,37.0,16.0,211.0,0.0,5.0
WX-CYQU,2030-05-04T18:00:00Z,2030-05-07T16:00:00Z,70,22.4,20.0,18.0,209.0,0.0,6.0
WX-CYQU,2030-05-04T18:00:00Z,2030-05-07T17:00:00Z,71,24.0,13.0,26.0,215.0,0.0,6.0
WX-CYQU,2030-05-04T18:00:00Z,2030-05-07T18:00:00Z,72,25.0,23.0,29.0,205.0,0.0,7.0
WX-CYLB,2030-05-04T18:00:00Z,2030-05-04T19:00:00Z,1,18.3,28.0,13.0,217.0,0.0,41.0
WX-CYLB,2030-05-04T18:00:00Z,2030-05-04T20:00:00Z,2,20.8,17.0,13.0,223.0,0.0,41.0
WX-CYLB,2030-05-04T18:00:00Z,2030-05-04T21:00:00Z,3,20.8,17.0,11.0,220.0,0.0,41.0
WX-CYLB,2030-05-04T18:00:00Z,2030-05-04T22:00:00Z,4,20.9,21.0,11.0,218.0,0.0,41.0
WX-CYLB,2030-05-04T18:00:00Z,2030-05-04T23:00:00Z,5,21.0,18.0,11.0,229.0,0.0,41.0
WX-CYLB,2030-05-04T18:00:00Z,2030-05-05T00:00:00Z,6,18.7,25.0,9.0,223.0,0.0,41.0
WX-CYLB,2030-05-04T18:00:00Z,2030-05-05T01:00:00Z,7,16.9,28.0,7.0,215.0,0.0,41.0
WX-CYLB,2030-05-04T18:00:00Z,2030-05-05T02:00:00Z,8,15.2,32.0,6.0,220.0,0.0,41.0
WX-CYLB,2030-05-04T18:00:00Z,2030-05-05T03:00:00Z,9,12.1,31.0,4.0,219.0,0.0,41.0
WX-CYLB,2030-05-04T18:00:00Z,2030-05-05T04:00:00Z,10,9.8,37.0,4.0,229.0,0.0,41.0
WX-CYLB,2030-05-04T18:00:00Z,2030-05-05T05:00:00Z,11,7.5,45.0,4.0,209.0,0.0,41.0
WX-CYLB,2030-05-04T18:00:00Z,2030-05-05T06:00:00Z,12,7.8,51.0,5.0,215.0,0.0,41.0
WX-CYLB,2030-05-04T18:00:00Z,2030-05-05T07:00:00Z,13,4.6,60.0,5.0,216.0,0.0,41.0
WX-CYLB,2030-05-04T18:00:00Z,2030-05-05T08:00:00Z,14,4.3,66.0,5.0,222.0,0.0,41.0
WX-CYLB,2030-05-04T18:00:00Z,2030-05-05T09:00:00Z,15,3.5,69.0,5.0,215.0,0.0,41.0
WX-CYLB,2030-05-04T18:00:00Z,2030-05-05T10:00:00Z,16,4.5,67.0,6.0,220.0,0.0,41.0
WX-CYLB,2030-05-04T18:00:00Z,2030-05-05T11:00:00Z,17,4.0,70.0,6.0,220.0,0.0,41.0
WX-CYLB,2030-05-04T18:00:00Z,2030-05-05T12:00:00Z,18,6.2,65.0,5.0,204.0,0.0,41.0
WX-CYLB,2030-05-04T18:00:00Z,2030-05-05T13:00:00Z,19,7.9,56.0,5.0,211.0,0.0,41.0
WX-CYLB,2030-05-04T18:00:00Z,2030-05-05T14:00:00Z,20,10.2,47.0,6.0,211.0,0.0,41.0
WX-CYLB,2030-05-04T18:00:00Z,2030-05-05T15:00:00Z,21,13.2,40.0,9.0,215.0,0.0,41.0
WX-CYLB,2030-05-04T18:00:00Z,2030-05-05T16:00:00Z,22,13.6,39.0,11.0,206.0,0.0,41.0
WX-CYLB,2030-05-04T18:00:00Z,2030-05-05T17:00:00Z,23,17.6,24.0,12.0,217.0,0.0,41.0
WX-CYLB,2030-05-04T18:00:00Z,2030-05-05T18:00:00Z,24,19.4,18.0,14.0,212.0,0.0,41.0
WX-CYLB,2030-05-04T18:00:00Z,2030-05-05T19:00:00Z,25,21.2,19.0,15.0,216.0,0.0,41.0
WX-CYLB,2030-05-04T18:00:00Z,2030-05-05T20:00:00Z,26,23.7,18.0,14.0,199.0,0.0,41.0
WX-CYLB,2030-05-04T18:00:00Z,2030-05-05T21:00:00Z,27,23.0,16.0,15.0,217.0,0.0,41.0
WX-CYLB,2030-05-04T18:00:00Z,2030-05-05T22:00:00Z,28,23.0,16.0,15.0,216.0,0.0,41.0
WX-CYLB,2030-05-04T18:00:00Z,2030-05-05T23:00:00Z,29,23.6,17.0,14.0,205.0,0.0,41.0
WX-CYLB,2030-05-04T18:00:00Z,2030-05-06T00:00:00Z,30,20.0,21.0,12.0,213.0,0.0,41.0
WX-CYLB,2030-05-04T18:00:00Z,2030-05-06T01:00:00Z,31,20.6,20.0,9.0,218.0,0.0,41.0
WX-CYLB,2030-05-04T18:00:00Z,2030-05-06T02:00:00Z,32,16.6,22.0,7.0,229.0,0.0,41.0
WX-CYLB,2030-05-04T18:00:00Z,2030-05-06T03:00:00Z,33,16.2,32.0,5.0,210.0,0.0,41.0
WX-CYLB,2030-05-04T18:00:00Z,2030-05-06T04:00:00Z,34,11.6,41.0,5.0,215.0,0.0,41.0
WX-CYLB,2030-05-04T18:00:00Z,2030-05-06T05:00:00Z,35,10.1,44.0,5.0,208.0,0.0,41.0
WX-CYLB,2030-05-04T18:00:00Z,2030-05-06T06:00:00Z,36,9.7,40.0,5.0,213.0,0.0,41.0
WX-CYLB,2030-05-04T18:00:00Z,2030-05-06T07:00:00Z,37,7.7,52.0,5.0,199.0,0.0,41.0
WX-CYLB,2030-05-04T18:00:00Z,2030-05-06T08:00:00Z,38,6.7,55.0,5.0,204.0,0.0,41.0
WX-CYLB,2030-05-04T18:00:00Z,2030-05-06T09:00:00Z,39,5.6,62.0,5.0,210.0,0.0,41.0
WX-CYLB,2030-05-04T18:00:00Z,2030-05-06T10:00:00Z,40,6.5,58.0,5.0,209.0,0.0,41.0
WX-CYLB,2030-05-04T18:00:00Z,2030-05-06T11:00:00Z,41,6.8,57.0,5.0,206.0,0.0,41.0
WX-CYLB,2030-05-04T18:00:00Z,2030-05-06T12:00:00Z,42,6.2,57.0,5.0,206.0,0.0,41.0
WX-CYLB,2030-05-04T18:00:00Z,2030-05-06T13:00:00Z,43,7.3,47.0,5.0,203.0,0.0,41.0
WX-CYLB,2030-05-04T18:00:00Z,2030-05-06T14:00:00Z,44,13.6,39.0,6.0,216.0,0.0,41.0
WX-CYLB,2030-05-04T18:00:00Z,2030-05-06T15:00:00Z,45,12.3,32.0,9.0,209.0,0.0,41.0
WX-CYLB,2030-05-04T18:00:00Z,2030-05-06T16:00:00Z,46,16.9,24.0,14.0,198.0,0.0,41.0
WX-CYLB,2030-05-04T18:00:00Z,2030-05-06T17:00:00Z,47,18.8,27.0,17.0,213.0,0.0,41.0
WX-CYLB,2030-05-04T18:00:00Z,2030-05-06T18:00:00Z,48,21.1,13.0,16.0,213.0,0.0,41.0
WX-CYLB,2030-05-04T18:00:00Z,2030-05-06T19:00:00Z,49,22.7,15.0,18.0,220.0,0.0,41.0
WX-CYLB,2030-05-04T18:00:00Z,2030-05-06T20:00:00Z,50,26.6,11.0,21.0,224.0,0.0,41.0
WX-CYLB,2030-05-04T18:00:00Z,2030-05-06T21:00:00Z,51,26.3,18.0,20.0,209.0,0.0,41.0
WX-CYLB,2030-05-04T18:00:00Z,2030-05-06T22:00:00Z,52,24.5,28.0,19.0,221.0,0.0,41.0
WX-CYLB,2030-05-04T18:00:00Z,2030-05-06T23:00:00Z,53,25.4,10.0,17.0,212.0,0.0,41.0
WX-CYLB,2030-05-04T18:00:00Z,2030-05-07T00:00:00Z,54,23.6,22.0,15.0,215.0,0.0,41.0
WX-CYLB,2030-05-04T18:00:00Z,2030-05-07T01:00:00Z,55,23.4,20.0,10.0,206.0,0.0,41.0
WX-CYLB,2030-05-04T18:00:00Z,2030-05-07T02:00:00Z,56,19.4,35.0,7.0,210.0,0.0,41.0
WX-CYLB,2030-05-04T18:00:00Z,2030-05-07T03:00:00Z,57,15.3,15.0,5.0,207.0,0.0,41.0
WX-CYLB,2030-05-04T18:00:00Z,2030-05-07T04:00:00Z,58,15.8,29.0,5.0,191.0,0.0,41.0
WX-CYLB,2030-05-04T18:00:00Z,2030-05-07T05:00:00Z,59,13.4,43.0,5.0,207.0,0.0,41.0
WX-CYLB,2030-05-04T18:00:00Z,2030-05-07T06:00:00Z,60,14.4,38.0,8.0,186.0,0.0,41.0
WX-CYLB,2030-05-04T18:00:00Z,2030-05-07T07:00:00Z,61,11.4,45.0,8.0,202.0,0.0,41.0
WX-CYLB,2030-05-04T18:00:00Z,2030-05-07T08:00:00Z,62,7.5,37.0,8.0,177.0,0.0,41.0
WX-CYLB,2030-05-04T18:00:00Z,2030-05-07T09:00:00Z,63,7.5,48.0,7.0,201.0,0.0,41.0
WX-CYLB,2030-05-04T18:00:00Z,2030-05-07T10:00:00Z,64,8.2,45.0,8.0,183.0,0.0,41.0
WX-CYLB,2030-05-04T18:00:00Z,2030-05-07T11:00:00Z,65,9.4,60.0,9.0,191.0,0.0,41.0
WX-CYLB,2030-05-04T18:00:00Z,2030-05-07T12:00:00Z,66,10.2,45.0,9.0,197.0,0.0,41.0
WX-CYLB,2030-05-04T18:00:00Z,2030-05-07T13:00:00Z,67,13.1,40.0,8.0,203.0,0.0,41.0
WX-CYLB,2030-05-04T18:00:00Z,2030-05-07T14:00:00Z,68,13.7,31.0,10.0,189.0,0.0,41.0
WX-CYLB,2030-05-04T18:00:00Z,2030-05-07T15:00:00Z,69,16.9,37.0,17.0,198.0,0.0,41.0
WX-CYLB,2030-05-04T18:00:00Z,2030-05-07T16:00:00Z,70,19.4,24.0,22.0,209.0,0.0,41.0
WX-CYLB,2030-05-04T18:00:00Z,2030-05-07T17:00:00Z,71,22.7,22.0,20.0,198.0,0.0,41.0
WX-CYLB,2030-05-04T18:00:00Z,2030-05-07T18:00:00Z,72,23.6,11.0,23.0,205.0,0.0,41.0
WX-CYOD,2030-05-04T18:00:00Z,2030-05-04T19:00:00Z,1,19.7,22.0,10.0,221.0,0.0,0.0
WX-CYOD,2030-05-04T18:00:00Z,2030-05-04T20:00:00Z,2,21.5,18.0,10.0,211.0,0.0,0.0
WX-CYOD,2030-05-04T18:00:00Z,2030-05-04T21:00:00Z,3,21.9,18.0,9.0,218.0,0.0,0.0
WX-CYOD,2030-05-04T18:00:00Z,2030-05-04T22:00:00Z,4,22.2,21.0,9.0,218.0,0.0,0.0
WX-CYOD,2030-05-04T18:00:00Z,2030-05-04T23:00:00Z,5,20.9,24.0,9.0,223.0,0.0,0.0
WX-CYOD,2030-05-04T18:00:00Z,2030-05-05T00:00:00Z,6,19.6,27.0,8.0,219.0,0.0,0.0
WX-CYOD,2030-05-04T18:00:00Z,2030-05-05T01:00:00Z,7,16.4,20.0,6.0,221.0,0.0,0.0
WX-CYOD,2030-05-04T18:00:00Z,2030-05-05T02:00:00Z,8,15.4,22.0,4.0,222.0,0.0,0.0
WX-CYOD,2030-05-04T18:00:00Z,2030-05-05T03:00:00Z,9,13.1,34.0,3.0,224.0,0.0,0.0
WX-CYOD,2030-05-04T18:00:00Z,2030-05-05T04:00:00Z,10,11.9,40.0,3.0,213.0,0.0,0.0
WX-CYOD,2030-05-04T18:00:00Z,2030-05-05T05:00:00Z,11,8.9,46.0,3.0,215.0,0.0,0.0
WX-CYOD,2030-05-04T18:00:00Z,2030-05-05T06:00:00Z,12,7.9,54.0,4.0,211.0,0.0,0.0
WX-CYOD,2030-05-04T18:00:00Z,2030-05-05T07:00:00Z,13,6.5,54.0,4.0,223.0,0.0,0.0
WX-CYOD,2030-05-04T18:00:00Z,2030-05-05T08:00:00Z,14,4.9,62.0,4.0,219.0,0.0,0.0
WX-CYOD,2030-05-04T18:00:00Z,2030-05-05T09:00:00Z,15,4.0,58.0,4.0,215.0,0.0,0.0
WX-CYOD,2030-05-04T18:00:00Z,2030-05-05T10:00:00Z,16,3.9,67.0,4.0,216.0,0.0,0.0
WX-CYOD,2030-05-04T18:00:00Z,2030-05-05T11:00:00Z,17,5.9,59.0,4.0,212.0,0.0,0.0
WX-CYOD,2030-05-04T18:00:00Z,2030-05-05T12:00:00Z,18,7.6,54.0,4.0,221.0,0.0,0.0
WX-CYOD,2030-05-04T18:00:00Z,2030-05-05T13:00:00Z,19,8.4,44.0,4.0,211.0,0.0,0.0
WX-CYOD,2030-05-04T18:00:00Z,2030-05-05T14:00:00Z,20,10.9,46.0,5.0,217.0,0.0,0.0
WX-CYOD,2030-05-04T18:00:00Z,2030-05-05T15:00:00Z,21,13.8,39.0,7.0,215.0,0.0,0.0
WX-CYOD,2030-05-04T18:00:00Z,2030-05-05T16:00:00Z,22,15.6,32.0,8.0,207.0,0.0,0.0
WX-CYOD,2030-05-04T18:00:00Z,2030-05-05T17:00:00Z,23,18.6,19.0,9.0,220.0,0.0,0.0
WX-CYOD,2030-05-04T18:00:00Z,2030-05-05T18:00:00Z,24,19.8,18.0,10.0,216.0,0.0,0.0
WX-CYOD,2030-05-04T18:00:00Z,2030-05-05T19:00:00Z,25,21.1,23.0,12.0,213.0,0.0,0.0
WX-CYOD,2030-05-04T18:00:00Z,2030-05-05T20:00:00Z,26,23.2,16.0,13.0,206.0,0.0,0.0
WX-CYOD,2030-05-04T18:00:00Z,2030-05-05T21:00:00Z,27,25.2,17.0,12.0,217.0,0.0,0.0
WX-CYOD,2030-05-04T18:00:00Z,2030-05-05T22:00:00Z,28,24.4,18.0,11.0,208.0,0.0,0.0
WX-CYOD,2030-05-04T18:00:00Z,2030-05-05T23:00:00Z,29,22.9,15.0,11.0,204.0,0.0,0.0
WX-CYOD,2030-05-04T18:00:00Z,2030-05-06T00:00:00Z,30,22.8,23.0,9.0,221.0,0.0,0.0
WX-CYOD,2030-05-04T18:00:00Z,2030-05-06T01:00:00Z,31,21.5,12.0,7.0,212.0,0.0,0.0
WX-CYOD,2030-05-04T18:00:00Z,2030-05-06T02:00:00Z,32,17.7,32.0,6.0,214.0,0.0,0.0
WX-CYOD,2030-05-04T18:00:00Z,2030-05-06T03:00:00Z,33,16.3,36.0,4.0,218.0,0.0,0.0
WX-CYOD,2030-05-04T18:00:00Z,2030-05-06T04:00:00Z,34,14.8,37.0,4.0,222.0,0.0,0.0
WX-CYOD,2030-05-04T18:00:00Z,2030-05-06T05:00:00Z,35,10.5,44.0,4.0,204.0,0.0,0.0
WX-CYOD,2030-05-04T18:00:00Z,2030-05-06T06:00:00Z,36,10.6,41.0,4.0,194.0,0.0,0.0
WX-CYOD,2030-05-04T18:00:00Z,2030-05-06T07:00:00Z,37,8.1,56.0,4.0,215.0,0.0,0.0
WX-CYOD,2030-05-04T18:00:00Z,2030-05-06T08:00:00Z,38,6.2,49.0,4.0,204.0,0.0,0.0
WX-CYOD,2030-05-04T18:00:00Z,2030-05-06T09:00:00Z,39,5.6,50.0,4.0,209.0,0.0,0.0
WX-CYOD,2030-05-04T18:00:00Z,2030-05-06T10:00:00Z,40,7.4,56.0,5.0,213.0,0.0,0.0
WX-CYOD,2030-05-04T18:00:00Z,2030-05-06T11:00:00Z,41,7.7,49.0,4.0,219.0,0.0,0.0
WX-CYOD,2030-05-04T18:00:00Z,2030-05-06T12:00:00Z,42,8.5,46.0,4.0,201.0,0.0,0.0
WX-CYOD,2030-05-04T18:00:00Z,2030-05-06T13:00:00Z,43,12.1,50.0,4.0,203.0,0.0,0.0
WX-CYOD,2030-05-04T18:00:00Z,2030-05-06T14:00:00Z,44,12.5,26.0,4.0,191.0,0.0,0.0
WX-CYOD,2030-05-04T18:00:00Z,2030-05-06T15:00:00Z,45,15.4,34.0,8.0,209.0,0.0,0.0
WX-CYOD,2030-05-04T18:00:00Z,2030-05-06T16:00:00Z,46,18.5,20.0,9.0,207.0,0.0,0.0
WX-CYOD,2030-05-04T18:00:00Z,2030-05-06T17:00:00Z,47,19.9,22.0,10.0,207.0,0.0,0.0
WX-CYOD,2030-05-04T18:00:00Z,2030-05-06T18:00:00Z,48,21.8,21.0,12.0,222.0,0.0,0.0
WX-CYOD,2030-05-04T18:00:00Z,2030-05-06T19:00:00Z,49,24.1,18.0,14.0,198.0,0.0,0.0
WX-CYOD,2030-05-04T18:00:00Z,2030-05-06T20:00:00Z,50,24.9,7.0,13.0,193.0,0.0,0.0
WX-CYOD,2030-05-04T18:00:00Z,2030-05-06T21:00:00Z,51,26.6,15.0,14.0,198.0,0.0,0.0
WX-CYOD,2030-05-04T18:00:00Z,2030-05-06T22:00:00Z,52,26.7,17.0,12.0,212.0,0.0,0.0
WX-CYOD,2030-05-04T18:00:00Z,2030-05-06T23:00:00Z,53,25.3,25.0,13.0,193.0,0.0,0.0
WX-CYOD,2030-05-04T18:00:00Z,2030-05-07T00:00:00Z,54,22.6,18.0,11.0,197.0,0.0,0.0
WX-CYOD,2030-05-04T18:00:00Z,2030-05-07T01:00:00Z,55,22.1,12.0,10.0,211.0,0.0,0.0
WX-CYOD,2030-05-04T18:00:00Z,2030-05-07T02:00:00Z,56,19.2,17.0,7.0,196.0,0.0,0.0
WX-CYOD,2030-05-04T18:00:00Z,2030-05-07T03:00:00Z,57,17.4,20.0,4.0,200.0,0.0,0.0
WX-CYOD,2030-05-04T18:00:00Z,2030-05-07T04:00:00Z,58,15.5,37.0,4.0,196.0,0.0,0.0
WX-CYOD,2030-05-04T18:00:00Z,2030-05-07T05:00:00Z,59,14.1,40.0,4.0,212.0,0.0,0.0
WX-CYOD,2030-05-04T18:00:00Z,2030-05-07T06:00:00Z,60,14.9,25.0,7.0,189.0,0.0,0.0
WX-CYOD,2030-05-04T18:00:00Z,2030-05-07T07:00:00Z,61,10.5,35.0,6.0,203.0,0.0,0.0
WX-CYOD,2030-05-04T18:00:00Z,2030-05-07T08:00:00Z,62,10.5,50.0,5.0,191.0,0.0,0.0
WX-CYOD,2030-05-04T18:00:00Z,2030-05-07T09:00:00Z,63,9.1,39.0,7.0,198.0,0.0,0.0
WX-CYOD,2030-05-04T18:00:00Z,2030-05-07T10:00:00Z,64,9.8,47.0,7.0,188.0,0.0,0.0
WX-CYOD,2030-05-04T18:00:00Z,2030-05-07T11:00:00Z,65,12.1,40.0,6.0,204.0,0.0,0.0
WX-CYOD,2030-05-04T18:00:00Z,2030-05-07T12:00:00Z,66,12.4,40.0,7.0,172.0,0.0,0.0
WX-CYOD,2030-05-04T18:00:00Z,2030-05-07T13:00:00Z,67,14.1,31.0,7.0,217.0,0.0,0.0
WX-CYOD,2030-05-04T18:00:00Z,2030-05-07T14:00:00Z,68,15.7,21.0,8.0,199.0,0.0,0.0
WX-CYOD,2030-05-04T18:00:00Z,2030-05-07T15:00:00Z,69,18.1,19.0,11.0,184.0,0.0,0.0
WX-CYOD,2030-05-04T18:00:00Z,2030-05-07T16:00:00Z,70,21.2,23.0,16.0,188.0,0.0,0.0
WX-CYOD,2030-05-04T18:00:00Z,2030-05-07T17:00:00Z,71,24.8,26.0,17.0,195.0,0.0,0.0
WX-CYOD,2030-05-04T18:00:00Z,2030-05-07T18:00:00Z,72,28.1,14.0,19.0,197.0,0.0,0.0
WX-CYPY,2030-05-04T18:00:00Z,2030-05-04T19:00:00Z,1,17.6,28.0,11.0,227.0,0.0,0.0
WX-CYPY,2030-05-04T18:00:00Z,2030-05-04T20:00:00Z,2,19.8,16.0,11.0,231.0,0.0,0.0
WX-CYPY,2030-05-04T18:00:00Z,2030-05-04T21:00:00Z,3,19.7,21.0,12.0,236.0,0.0,0.0
WX-CYPY,2030-05-04T18:00:00Z,2030-05-04T22:00:00Z,4,19.4,24.0,10.0,228.0,0.0,0.0
WX-CYPY,2030-05-04T18:00:00Z,2030-05-04T23:00:00Z,5,19.2,26.0,9.0,239.0,0.0,0.0
WX-CYPY,2030-05-04T18:00:00Z,2030-05-05T00:00:00Z,6,18.5,21.0,8.0,223.0,0.0,0.0
WX-CYPY,2030-05-04T18:00:00Z,2030-05-05T01:00:00Z,7,15.5,28.0,7.0,229.0,0.0,0.0
WX-CYPY,2030-05-04T18:00:00Z,2030-05-05T02:00:00Z,8,13.8,29.0,6.0,232.0,0.0,0.0
WX-CYPY,2030-05-04T18:00:00Z,2030-05-05T03:00:00Z,9,12.7,37.0,4.0,230.0,0.0,0.0
WX-CYPY,2030-05-04T18:00:00Z,2030-05-05T04:00:00Z,10,9.9,48.0,4.0,228.0,0.0,0.0
WX-CYPY,2030-05-04T18:00:00Z,2030-05-05T05:00:00Z,11,7.5,45.0,4.0,236.0,0.0,0.0
WX-CYPY,2030-05-04T18:00:00Z,2030-05-05T06:00:00Z,12,7.9,59.0,5.0,220.0,0.0,0.0
WX-CYPY,2030-05-04T18:00:00Z,2030-05-05T07:00:00Z,13,5.9,70.0,5.0,223.0,0.0,0.0
WX-CYPY,2030-05-04T18:00:00Z,2030-05-05T08:00:00Z,14,2.9,67.0,4.0,225.0,0.0,0.0
WX-CYPY,2030-05-04T18:00:00Z,2030-05-05T09:00:00Z,15,2.1,74.0,4.0,217.0,0.0,0.0
WX-CYPY,2030-05-04T18:00:00Z,2030-05-05T10:00:00Z,16,3.2,83.0,4.0,226.0,0.0,0.0
WX-CYPY,2030-05-04T18:00:00Z,2030-05-05T11:00:00Z,17,4.2,73.0,5.0,228.0,0.0,0.0
WX-CYPY,2030-05-04T18:00:00Z,2030-05-05T12:00:00Z,18,4.8,70.0,5.0,228.0,0.0,0.0
WX-CYPY,2030-05-04T18:00:00Z,2030-05-05T13:00:00Z,19,7.1,61.0,5.0,234.0,0.0,0.0
WX-CYPY,2030-05-04T18:00:00Z,2030-05-05T14:00:00Z,20,8.6,56.0,6.0,223.0,0.0,0.0
WX-CYPY,2030-05-04T18:00:00Z,2030-05-05T15:00:00Z,21,12.1,47.0,8.0,232.0,0.0,0.0
WX-CYPY,2030-05-04T18:00:00Z,2030-05-05T16:00:00Z,22,13.4,36.0,10.0,228.0,0.0,0.0
WX-CYPY,2030-05-04T18:00:00Z,2030-05-05T17:00:00Z,23,16.9,27.0,11.0,223.0,0.0,0.0
WX-CYPY,2030-05-04T18:00:00Z,2030-05-05T18:00:00Z,24,19.4,29.0,12.0,220.0,0.0,0.0
WX-CYPY,2030-05-04T18:00:00Z,2030-05-05T19:00:00Z,25,20.7,19.0,13.0,233.0,0.0,0.0
WX-CYPY,2030-05-04T18:00:00Z,2030-05-05T20:00:00Z,26,22.1,18.0,13.0,215.0,0.0,0.0
WX-CYPY,2030-05-04T18:00:00Z,2030-05-05T21:00:00Z,27,22.8,18.0,14.0,232.0,0.0,0.0
WX-CYPY,2030-05-04T18:00:00Z,2030-05-05T22:00:00Z,28,23.4,19.0,12.0,227.0,0.0,0.0
WX-CYPY,2030-05-04T18:00:00Z,2030-05-05T23:00:00Z,29,21.6,16.0,13.0,234.0,0.0,0.0
WX-CYPY,2030-05-04T18:00:00Z,2030-05-06T00:00:00Z,30,21.7,22.0,10.0,221.0,0.0,0.0
WX-CYPY,2030-05-04T18:00:00Z,2030-05-06T01:00:00Z,31,17.8,29.0,8.0,215.0,0.0,0.0
WX-CYPY,2030-05-04T18:00:00Z,2030-05-06T02:00:00Z,32,17.6,23.0,7.0,229.0,0.0,0.0
WX-CYPY,2030-05-04T18:00:00Z,2030-05-06T03:00:00Z,33,14.4,27.0,5.0,230.0,0.0,0.0
WX-CYPY,2030-05-04T18:00:00Z,2030-05-06T04:00:00Z,34,12.2,40.0,5.0,232.0,0.0,0.0
WX-CYPY,2030-05-04T18:00:00Z,2030-05-06T05:00:00Z,35,10.0,51.0,4.0,227.0,0.0,0.0
WX-CYPY,2030-05-04T18:00:00Z,2030-05-06T06:00:00Z,36,9.1,53.0,4.0,220.0,0.0,0.0
WX-CYPY,2030-05-04T18:00:00Z,2030-05-06T07:00:00Z,37,8.0,60.0,5.0,220.0,0.0,0.0
WX-CYPY,2030-05-04T18:00:00Z,2030-05-06T08:00:00Z,38,6.2,63.0,4.0,225.0,0.0,0.0
WX-CYPY,2030-05-04T18:00:00Z,2030-05-06T09:00:00Z,39,5.0,76.0,5.0,213.0,0.0,0.0
WX-CYPY,2030-05-04T18:00:00Z,2030-05-06T10:00:00Z,40,5.8,70.0,4.0,221.0,0.0,0.0
WX-CYPY,2030-05-04T18:00:00Z,2030-05-06T11:00:00Z,41,6.7,64.0,4.0,224.0,0.0,0.0
WX-CYPY,2030-05-04T18:00:00Z,2030-05-06T12:00:00Z,42,5.6,61.0,5.0,234.0,0.0,0.0
WX-CYPY,2030-05-04T18:00:00Z,2030-05-06T13:00:00Z,43,9.0,53.0,5.0,219.0,0.0,0.0
WX-CYPY,2030-05-04T18:00:00Z,2030-05-06T14:00:00Z,44,9.4,43.0,5.0,214.0,0.0,0.0
WX-CYPY,2030-05-04T18:00:00Z,2030-05-06T15:00:00Z,45,13.7,39.0,9.0,235.0,0.0,0.0
WX-CYPY,2030-05-04T18:00:00Z,2030-05-06T16:00:00Z,46,16.2,30.0,11.0,224.0,0.0,0.0
WX-CYPY,2030-05-04T18:00:00Z,2030-05-06T17:00:00Z,47,18.7,24.0,14.0,229.0,0.0,0.0
WX-CYPY,2030-05-04T18:00:00Z,2030-05-06T18:00:00Z,48,22.0,29.0,15.0,216.0,0.0,0.0
WX-CYPY,2030-05-04T18:00:00Z,2030-05-06T19:00:00Z,49,23.8,12.0,16.0,209.0,0.0,0.0
WX-CYPY,2030-05-04T18:00:00Z,2030-05-06T20:00:00Z,50,24.9,16.0,15.0,218.0,0.0,0.0
WX-CYPY,2030-05-04T18:00:00Z,2030-05-06T21:00:00Z,51,22.5,14.0,15.0,225.0,0.0,0.0
WX-CYPY,2030-05-04T18:00:00Z,2030-05-06T22:00:00Z,52,26.1,21.0,16.0,227.0,0.0,0.0
WX-CYPY,2030-05-04T18:00:00Z,2030-05-06T23:00:00Z,53,23.6,13.0,13.0,229.0,0.0,0.0
WX-CYPY,2030-05-04T18:00:00Z,2030-05-07T00:00:00Z,54,20.4,21.0,14.0,215.0,0.0,0.0
WX-CYPY,2030-05-04T18:00:00Z,2030-05-07T01:00:00Z,55,21.2,25.0,10.0,222.0,0.0,0.0
WX-CYPY,2030-05-04T18:00:00Z,2030-05-07T02:00:00Z,56,18.5,30.0,7.0,207.0,0.0,0.0
WX-CYPY,2030-05-04T18:00:00Z,2030-05-07T03:00:00Z,57,15.9,36.0,4.0,211.0,0.0,0.0
WX-CYPY,2030-05-04T18:00:00Z,2030-05-07T04:00:00Z,58,15.0,38.0,4.0,217.0,0.0,0.0
WX-CYPY,2030-05-04T18:00:00Z,2030-05-07T05:00:00Z,59,10.8,41.0,4.0,220.0,0.0,0.0
WX-CYPY,2030-05-04T18:00:00Z,2030-05-07T06:00:00Z,60,11.2,42.0,6.0,221.0,0.0,0.0
WX-CYPY,2030-05-04T18:00:00Z,2030-05-07T07:00:00Z,61,11.0,39.0,7.0,216.0,0.0,0.0
WX-CYPY,2030-05-04T18:00:00Z,2030-05-07T08:00:00Z,62,7.8,58.0,8.0,222.0,0.0,0.0
WX-CYPY,2030-05-04T18:00:00Z,2030-05-07T09:00:00Z,63,9.0,49.0,7.0,195.0,0.0,0.0
WX-CYPY,2030-05-04T18:00:00Z,2030-05-07T10:00:00Z,64,7.1,53.0,7.0,213.0,0.0,0.0
WX-CYPY,2030-05-04T18:00:00Z,2030-05-07T11:00:00Z,65,9.4,49.0,8.0,200.0,0.0,0.0
WX-CYPY,2030-05-04T18:00:00Z,2030-05-07T12:00:00Z,66,12.0,58.0,7.0,219.0,0.0,0.0
WX-CYPY,2030-05-04T18:00:00Z,2030-05-07T13:00:00Z,67,13.0,38.0,7.0,207.0,0.0,0.0
WX-CYPY,2030-05-04T18:00:00Z,2030-05-07T14:00:00Z,68,13.7,34.0,9.0,213.0,0.0,0.0
WX-CYPY,2030-05-04T18:00:00Z,2030-05-07T15:00:00Z,69,15.4,38.0,13.0,218.0,0.0,0.0
WX-CYPY,2030-05-04T18:00:00Z,2030-05-07T16:00:00Z,70,19.3,27.0,18.0,211.0,0.0,0.0
WX-CYPY,2030-05-04T18:00:00Z,2030-05-07T17:00:00Z,71,20.9,17.0,19.0,200.0,0.0,0.0
WX-CYPY,2030-05-04T18:00:00Z,2030-05-07T18:00:00Z,72,26.3,24.0,18.0,203.0,0.0,0.0
WX-CYEG,2030-05-04T18:00:00Z,2030-05-04T19:00:00Z,1,16.6,31.0,11.0,218.0,0.0,12.0
WX-CYEG,2030-05-04T18:00:00Z,2030-05-04T20:00:00Z,2,17.9,31.0,11.0,218.0,0.0,12.0
WX-CYEG,2030-05-04T18:00:00Z,2030-05-04T21:00:00Z,3,18.6,22.0,12.0,218.0,0.0,12.0
WX-CYEG,2030-05-04T18:00:00Z,2030-05-04T22:00:00Z,4,19.2,30.0,11.0,221.0,0.0,12.0
WX-CYEG,2030-05-04T18:00:00Z,2030-05-04T23:00:00Z,5,17.2,30.0,10.0,227.0,0.0,12.0
WX-CYEG,2030-05-04T18:00:00Z,2030-05-05T00:00:00Z,6,18.5,32.0,8.0,222.0,0.0,12.0
WX-CYEG,2030-05-04T18:00:00Z,2030-05-05T01:00:00Z,7,15.4,31.0,7.0,216.0,0.0,12.0
WX-CYEG,2030-05-04T18:00:00Z,2030-05-05T02:00:00Z,8,13.5,36.0,6.0,218.0,0.0,12.0
WX-CYEG,2030-05-04T18:00:00Z,2030-05-05T03:00:00Z,9,10.8,45.0,4.0,215.0,0.0,12.0
WX-CYEG,2030-05-04T18:00:00Z,2030-05-05T04:00:00Z,10,8.6,51.0,4.0,219.0,0.0,12.0
WX-CYEG,2030-05-04T18:00:00Z,2030-05-05T05:00:00Z,11,6.4,59.0,3.0,211.0,0.0,12.0
WX-CYEG,2030-05-04T18:00:00Z,2030-05-05T06:00:00Z,12,5.5,69.0,5.0,219.0,0.0,12.0
WX-CYEG,2030-05-04T18:00:00Z,2030-05-05T07:00:00Z,13,4.7,77.0,5.0,215.0,0.0,12.0
WX-CYEG,2030-05-04T18:00:00Z,2030-05-05T08:00:00Z,14,2.6,80.0,5.0,212.0,0.0,12.0
WX-CYEG,2030-05-04T18:00:00Z,2030-05-05T09:00:00Z,15,2.1,81.0,4.0,214.0,0.0,12.0
WX-CYEG,2030-05-04T18:00:00Z,2030-05-05T10:00:00Z,16,1.8,86.0,4.0,214.0,0.0,12.0
WX-CYEG,2030-05-04T18:00:00Z,2030-05-05T11:00:00Z,17,4.6,82.0,5.0,215.0,0.0,12.0
WX-CYEG,2030-05-04T18:00:00Z,2030-05-05T12:00:00Z,18,3.7,71.0,5.0,215.0,0.0,12.0
WX-CYEG,2030-05-04T18:00:00Z,2030-05-05T13:00:00Z,19,6.3,63.0,5.0,220.0,0.0,12.0
WX-CYEG,2030-05-04T18:00:00Z,2030-05-05T14:00:00Z,20,9.0,52.0,6.0,219.0,0.0,12.0
WX-CYEG,2030-05-04T18:00:00Z,2030-05-05T15:00:00Z,21,10.1,47.0,8.0,201.0,0.0,12.0
WX-CYEG,2030-05-04T18:00:00Z,2030-05-05T16:00:00Z,22,12.8,34.0,10.0,216.0,0.0,12.0
WX-CYEG,2030-05-04T18:00:00Z,2030-05-05T17:00:00Z,23,15.2,37.0,11.0,228.0,0.0,12.0
WX-CYEG,2030-05-04T18:00:00Z,2030-05-05T18:00:00Z,24,18.4,28.0,13.0,210.0,0.0,12.0
WX-CYEG,2030-05-04T18:00:00Z,2030-05-05T19:00:00Z,25,20.3,26.0,14.0,217.0,0.0,12.0
WX-CYEG,2030-05-04T18:00:00Z,2030-05-05T20:00:00Z,26,22.0,32.0,14.0,211.0,0.0,12.0
WX-CYEG,2030-05-04T18:00:00Z,2030-05-05T21:00:00Z,27,21.4,23.0,14.0,203.0,0.0,12.0
WX-CYEG,2030-05-04T18:00:00Z,2030-05-05T22:00:00Z,28,22.0,16.0,15.0,222.0,0.0,12.0
WX-CYEG,2030-05-04T18:00:00Z,2030-05-05T23:00:00Z,29,21.0,28.0,11.0,219.0,0.0,12.0
WX-CYEG,2030-05-04T18:00:00Z,2030-05-06T00:00:00Z,30,20.3,25.0,11.0,199.0,0.0,12.0
WX-CYEG,2030-05-04T18:00:00Z,2030-05-06T01:00:00Z,31,16.3,23.0,9.0,212.0,0.0,12.0
WX-CYEG,2030-05-04T18:00:00Z,2030-05-06T02:00:00Z,32,17.2,28.0,8.0,218.0,0.0,12.0
WX-CYEG,2030-05-04T18:00:00Z,2030-05-06T03:00:00Z,33,12.9,39.0,5.0,219.0,0.0,12.0
WX-CYEG,2030-05-04T18:00:00Z,2030-05-06T04:00:00Z,34,11.4,46.0,5.0,204.0,0.0,12.0
WX-CYEG,2030-05-04T18:00:00Z,2030-05-06T05:00:00Z,35,7.6,63.0,5.0,219.0,0.0,12.0
WX-CYEG,2030-05-04T18:00:00Z,2030-05-06T06:00:00Z,36,8.2,54.0,5.0,210.0,0.0,12.0
WX-CYEG,2030-05-04T18:00:00Z,2030-05-06T07:00:00Z,37,5.7,68.0,5.0,199.0,0.0,12.0
WX-CYEG,2030-05-04T18:00:00Z,2030-05-06T08:00:00Z,38,4.4,73.0,5.0,207.0,0.0,12.0
WX-CYEG,2030-05-04T18:00:00Z,2030-05-06T09:00:00Z,39,5.3,71.0,5.0,214.0,0.0,12.0
WX-CYEG,2030-05-04T18:00:00Z,2030-05-06T10:00:00Z,40,5.5,77.0,5.0,217.0,0.0,12.0
WX-CYEG,2030-05-04T18:00:00Z,2030-05-06T11:00:00Z,41,4.1,71.0,5.0,208.0,0.0,12.0
WX-CYEG,2030-05-04T18:00:00Z,2030-05-06T12:00:00Z,42,5.9,65.0,5.0,220.0,0.0,12.0
WX-CYEG,2030-05-04T18:00:00Z,2030-05-06T13:00:00Z,43,6.9,58.0,5.0,209.0,0.0,12.0
WX-CYEG,2030-05-04T18:00:00Z,2030-05-06T14:00:00Z,44,11.3,54.0,5.0,212.0,0.0,12.0
WX-CYEG,2030-05-04T18:00:00Z,2030-05-06T15:00:00Z,45,13.5,44.0,9.0,216.0,0.0,12.0
WX-CYEG,2030-05-04T18:00:00Z,2030-05-06T16:00:00Z,46,16.0,45.0,12.0,202.0,0.0,12.0
WX-CYEG,2030-05-04T18:00:00Z,2030-05-06T17:00:00Z,47,17.0,29.0,13.0,210.0,0.0,12.0
WX-CYEG,2030-05-04T18:00:00Z,2030-05-06T18:00:00Z,48,20.3,22.0,15.0,200.0,0.0,12.0
WX-CYEG,2030-05-04T18:00:00Z,2030-05-06T19:00:00Z,49,21.7,26.0,14.0,197.0,0.0,12.0
WX-CYEG,2030-05-04T18:00:00Z,2030-05-06T20:00:00Z,50,22.9,11.0,15.0,204.0,0.0,12.0
WX-CYEG,2030-05-04T18:00:00Z,2030-05-06T21:00:00Z,51,24.0,29.0,17.0,203.0,0.0,12.0
WX-CYEG,2030-05-04T18:00:00Z,2030-05-06T22:00:00Z,52,24.7,31.0,15.0,208.0,0.0,12.0
WX-CYEG,2030-05-04T18:00:00Z,2030-05-06T23:00:00Z,53,24.3,28.0,16.0,214.0,0.0,12.0
WX-CYEG,2030-05-04T18:00:00Z,2030-05-07T00:00:00Z,54,22.4,26.0,12.0,208.0,0.0,12.0
WX-CYEG,2030-05-04T18:00:00Z,2030-05-07T01:00:00Z,55,21.2,25.0,10.0,203.0,0.0,12.0
WX-CYEG,2030-05-04T18:00:00Z,2030-05-07T02:00:00Z,56,18.1,33.0,8.0,211.0,0.0,12.0
WX-CYEG,2030-05-04T18:00:00Z,2030-05-07T03:00:00Z,57,15.3,32.0,5.0,201.0,0.0,12.0
WX-CYEG,2030-05-04T18:00:00Z,2030-05-07T04:00:00Z,58,13.2,45.0,5.0,209.0,0.0,12.0
WX-CYEG,2030-05-04T18:00:00Z,2030-05-07T05:00:00Z,59,10.4,51.0,4.0,220.0,0.0,12.0
WX-CYEG,2030-05-04T18:00:00Z,2030-05-07T06:00:00Z,60,11.3,51.0,7.0,198.0,0.0,12.0
WX-CYEG,2030-05-04T18:00:00Z,2030-05-07T07:00:00Z,61,10.6,48.0,8.0,180.0,0.0,12.0
WX-CYEG,2030-05-04T18:00:00Z,2030-05-07T08:00:00Z,62,8.9,61.0,8.0,177.0,0.0,12.0
WX-CYEG,2030-05-04T18:00:00Z,2030-05-07T09:00:00Z,63,7.4,60.0,7.0,207.0,0.0,12.0
WX-CYEG,2030-05-04T18:00:00Z,2030-05-07T10:00:00Z,64,7.1,57.0,7.0,205.0,0.0,12.0
WX-CYEG,2030-05-04T18:00:00Z,2030-05-07T11:00:00Z,65,8.5,55.0,9.0,199.0,0.0,12.0
WX-CYEG,2030-05-04T18:00:00Z,2030-05-07T12:00:00Z,66,10.1,54.0,8.0,209.0,0.0,12.0
WX-CYEG,2030-05-04T18:00:00Z,2030-05-07T13:00:00Z,67,11.1,49.0,9.0,203.0,0.0,12.0
WX-CYEG,2030-05-04T18:00:00Z,2030-05-07T14:00:00Z,68,12.8,22.0,10.0,205.0,0.0,12.0
WX-CYEG,2030-05-04T18:00:00Z,2030-05-07T15:00:00Z,69,14.5,30.0,14.0,191.0,0.0,12.0
WX-CYEG,2030-05-04T18:00:00Z,2030-05-07T16:00:00Z,70,20.7,37.0,19.0,211.0,0.0,12.0
WX-CYEG,2030-05-04T18:00:00Z,2030-05-07T17:00:00Z,71,21.8,34.0,24.0,218.0,0.0,12.0
WX-CYEG,2030-05-04T18:00:00Z,2030-05-07T18:00:00Z,72,23.9,23.0,23.0,215.0,0.0,12.0
WX-CYWM,2030-05-04T18:00:00Z,2030-05-04T19:00:00Z,1,19.0,27.0,9.0,223.0,0.0,29.0
WX-CYWM,2030-05-04T18:00:00Z,2030-05-04T20:00:00Z,2,20.3,28.0,9.0,217.0,0.0,29.0
WX-CYWM,2030-05-04T18:00:00Z,2030-05-04T21:00:00Z,3,21.3,23.0,8.0,215.0,0.0,29.0
WX-CYWM,2030-05-04T18:00:00Z,2030-05-04T22:00:00Z,4,20.6,27.0,9.0,211.0,0.0,29.0
WX-CYWM,2030-05-04T18:00:00Z,2030-05-04T23:00:00Z,5,20.6,30.0,8.0,216.0,0.0,29.0
WX-CYWM,2030-05-04T18:00:00Z,2030-05-05T00:00:00Z,6,18.6,27.0,7.0,214.0,0.0,29.0
WX-CYWM,2030-05-04T18:00:00Z,2030-05-05T01:00:00Z,7,18.1,32.0,6.0,213.0,0.0,29.0
WX-CYWM,2030-05-04T18:00:00Z,2030-05-05T02:00:00Z,8,16.0,37.0,4.0,214.0,0.0,29.0
WX-CYWM,2030-05-04T18:00:00Z,2030-05-05T03:00:00Z,9,13.8,49.0,3.0,222.0,0.0,29.0
WX-CYWM,2030-05-04T18:00:00Z,2030-05-05T04:00:00Z,10,10.9,52.0,3.0,219.0,0.0,29.0
WX-CYWM,2030-05-04T18:00:00Z,2030-05-05T05:00:00Z,11,7.7,59.0,3.0,222.0,0.0,29.0
WX-CYWM,2030-05-04T18:00:00Z,2030-05-05T06:00:00Z,12,7.9,66.0,4.0,207.0,0.0,29.0
WX-CYWM,2030-05-04T18:00:00Z,2030-05-05T07:00:00Z,13,6.1,67.0,4.0,214.0,0.0,29.0
WX-CYWM,2030-05-04T18:00:00Z,2030-05-05T08:00:00Z,14,4.5,82.0,4.0,212.0,0.0,29.0
WX-CYWM,2030-05-04T18:00:00Z,2030-05-05T09:00:00Z,15,3.9,89.0,4.0,200.0,0.0,29.0
WX-CYWM,2030-05-04T18:00:00Z,2030-05-05T10:00:00Z,16,5.2,86.0,4.0,202.0,0.0,29.0
WX-CYWM,2030-05-04T18:00:00Z,2030-05-05T11:00:00Z,17,4.9,82.0,4.0,213.0,0.0,29.0
WX-CYWM,2030-05-04T18:00:00Z,2030-05-05T12:00:00Z,18,6.6,77.0,4.0,208.0,0.0,29.0
WX-CYWM,2030-05-04T18:00:00Z,2030-05-05T13:00:00Z,19,8.1,71.0,4.0,214.0,0.0,29.0
WX-CYWM,2030-05-04T18:00:00Z,2030-05-05T14:00:00Z,20,9.6,59.0,5.0,208.0,0.0,29.0
WX-CYWM,2030-05-04T18:00:00Z,2030-05-05T15:00:00Z,21,12.8,49.0,7.0,207.0,0.0,29.0
WX-CYWM,2030-05-04T18:00:00Z,2030-05-05T16:00:00Z,22,15.0,42.0,8.0,202.0,0.0,29.0
WX-CYWM,2030-05-04T18:00:00Z,2030-05-05T17:00:00Z,23,18.3,30.0,9.0,195.0,0.0,29.0
WX-CYWM,2030-05-04T18:00:00Z,2030-05-05T18:00:00Z,24,19.4,25.0,11.0,214.0,0.0,29.0
WX-CYWM,2030-05-04T18:00:00Z,2030-05-05T19:00:00Z,25,21.0,21.0,12.0,204.0,0.0,29.0
WX-CYWM,2030-05-04T18:00:00Z,2030-05-05T20:00:00Z,26,23.1,25.0,11.0,206.0,0.0,29.0
WX-CYWM,2030-05-04T18:00:00Z,2030-05-05T21:00:00Z,27,23.9,18.0,12.0,203.0,0.0,29.0
WX-CYWM,2030-05-04T18:00:00Z,2030-05-05T22:00:00Z,28,23.4,25.0,10.0,211.0,0.0,29.0
WX-CYWM,2030-05-04T18:00:00Z,2030-05-05T23:00:00Z,29,22.8,20.0,11.0,205.0,0.0,29.0
WX-CYWM,2030-05-04T18:00:00Z,2030-05-06T00:00:00Z,30,21.9,25.0,9.0,203.0,0.0,29.0
WX-CYWM,2030-05-04T18:00:00Z,2030-05-06T01:00:00Z,31,19.9,34.0,8.0,203.0,0.0,29.0
WX-CYWM,2030-05-04T18:00:00Z,2030-05-06T02:00:00Z,32,17.4,44.0,6.0,203.0,0.0,29.0
WX-CYWM,2030-05-04T18:00:00Z,2030-05-06T03:00:00Z,33,15.8,42.0,4.0,207.0,0.0,29.0
WX-CYWM,2030-05-04T18:00:00Z,2030-05-06T04:00:00Z,34,12.6,39.0,4.0,210.0,0.0,29.0
WX-CYWM,2030-05-04T18:00:00Z,2030-05-06T05:00:00Z,35,10.7,56.0,4.0,187.0,0.0,29.0
WX-CYWM,2030-05-04T18:00:00Z,2030-05-06T06:00:00Z,36,10.1,61.0,4.0,195.0,0.0,29.0
WX-CYWM,2030-05-04T18:00:00Z,2030-05-06T07:00:00Z,37,7.3,70.0,4.0,200.0,0.0,29.0
WX-CYWM,2030-05-04T18:00:00Z,2030-05-06T08:00:00Z,38,6.5,69.0,4.0,210.0,0.0,29.0
WX-CYWM,2030-05-04T18:00:00Z,2030-05-06T09:00:00Z,39,6.7,67.0,4.0,208.0,0.0,29.0
WX-CYWM,2030-05-04T18:00:00Z,2030-05-06T10:00:00Z,40,6.1,75.0,4.0,198.0,0.0,29.0
WX-CYWM,2030-05-04T18:00:00Z,2030-05-06T11:00:00Z,41,7.9,69.0,4.0,194.0,0.0,29.0
WX-CYWM,2030-05-04T18:00:00Z,2030-05-06T12:00:00Z,42,7.9,62.0,4.0,202.0,0.0,29.0
WX-CYWM,2030-05-04T18:00:00Z,2030-05-06T13:00:00Z,43,9.6,50.0,4.0,195.0,0.0,29.0
WX-CYWM,2030-05-04T18:00:00Z,2030-05-06T14:00:00Z,44,11.2,50.0,5.0,207.0,0.0,29.0
WX-CYWM,2030-05-04T18:00:00Z,2030-05-06T15:00:00Z,45,13.0,33.0,6.0,216.0,0.0,29.0
WX-CYWM,2030-05-04T18:00:00Z,2030-05-06T16:00:00Z,46,16.3,32.0,8.0,211.0,0.0,29.0
WX-CYWM,2030-05-04T18:00:00Z,2030-05-06T17:00:00Z,47,21.0,28.0,10.0,210.0,0.0,29.0
WX-CYWM,2030-05-04T18:00:00Z,2030-05-06T18:00:00Z,48,20.5,23.0,13.0,196.0,0.0,29.0
WX-CYWM,2030-05-04T18:00:00Z,2030-05-06T19:00:00Z,49,25.0,22.0,12.0,185.0,0.0,29.0
WX-CYWM,2030-05-04T18:00:00Z,2030-05-06T20:00:00Z,50,25.8,28.0,12.0,193.0,0.0,29.0
WX-CYWM,2030-05-04T18:00:00Z,2030-05-06T21:00:00Z,51,23.9,28.0,14.0,206.0,0.0,29.0
WX-CYWM,2030-05-04T18:00:00Z,2030-05-06T22:00:00Z,52,25.1,19.0,13.0,219.0,0.0,29.0
WX-CYWM,2030-05-04T18:00:00Z,2030-05-06T23:00:00Z,53,26.1,16.0,12.0,212.0,0.0,29.0
WX-CYWM,2030-05-04T18:00:00Z,2030-05-07T00:00:00Z,54,24.8,16.0,10.0,206.0,0.0,29.0
WX-CYWM,2030-05-04T18:00:00Z,2030-05-07T01:00:00Z,55,22.6,19.0,9.0,196.0,0.0,29.0
WX-CYWM,2030-05-04T18:00:00Z,2030-05-07T02:00:00Z,56,20.0,25.0,6.0,207.0,0.0,29.0
WX-CYWM,2030-05-04T18:00:00Z,2030-05-07T03:00:00Z,57,18.1,39.0,4.0,196.0,0.0,29.0
WX-CYWM,2030-05-04T18:00:00Z,2030-05-07T04:00:00Z,58,14.9,44.0,3.0,190.0,0.0,29.0
WX-CYWM,2030-05-04T18:00:00Z,2030-05-07T05:00:00Z,59,10.3,44.0,3.0,195.0,0.0,29.0
WX-CYWM,2030-05-04T18:00:00Z,2030-05-07T06:00:00Z,60,12.2,43.0,7.0,184.0,0.0,29.0
WX-CYWM,2030-05-04T18:00:00Z,2030-05-07T07:00:00Z,61,9.5,60.0,6.0,207.0,0.0,29.0
WX-CYWM,2030-05-04T18:00:00Z,2030-05-07T08:00:00Z,62,9.3,48.0,6.0,186.0,0.0,29.0
WX-CYWM,2030-05-04T18:00:00Z,2030-05-07T09:00:00Z,63,10.4,64.0,6.0,202.0,0.0,29.0
WX-CYWM,2030-05-04T18:00:00Z,2030-05-07T10:00:00Z,64,7.9,67.0,5.0,195.0,0.0,29.0
WX-CYWM,2030-05-04T18:00:00Z,2030-05-07T11:00:00Z,65,7.8,55.0,5.0,193.0,0.0,29.0
WX-CYWM,2030-05-04T18:00:00Z,2030-05-07T12:00:00Z,66,11.3,57.0,6.0,197.0,0.0,29.0
WX-CYWM,2030-05-04T18:00:00Z,2030-05-07T13:00:00Z,67,10.6,49.0,5.0,196.0,0.0,29.0
WX-CYWM,2030-05-04T18:00:00Z,2030-05-07T14:00:00Z,68,15.0,41.0,9.0,213.0,0.0,29.0
WX-CYWM,2030-05-04T18:00:00Z,2030-05-07T15:00:00Z,69,18.1,27.0,9.0,183.0,0.0,29.0
WX-CYWM,2030-05-04T18:00:00Z,2030-05-07T16:00:00Z,70,22.2,27.0,11.0,189.0,0.0,29.0
WX-CYWM,2030-05-04T18:00:00Z,2030-05-07T17:00:00Z,71,23.7,16.0,13.0,197.0,0.0,29.0
WX-CYWM,2030-05-04T18:00:00Z,2030-05-07T18:00:00Z,72,27.6,14.0,18.0,201.0,0.0,29.0
WX-CEE5,2030-05-04T18:00:00Z,2030-05-04T19:00:00Z,1,17.2,23.0,9.0,231.0,0.0,23.0
WX-CEE5,2030-05-04T18:00:00Z,2030-05-04T20:00:00Z,2,18.8,25.0,9.0,228.0,0.0,23.0
WX-CEE5,2030-05-04T18:00:00Z,2030-05-04T21:00:00Z,3,20.3,19.0,10.0,202.0,0.0,23.0
WX-CEE5,2030-05-04T18:00:00Z,2030-05-04T22:00:00Z,4,19.5,20.0,9.0,223.0,0.0,23.0
WX-CEE5,2030-05-04T18:00:00Z,2030-05-04T23:00:00Z,5,18.9,28.0,9.0,220.0,0.0,23.0
WX-CEE5,2030-05-04T18:00:00Z,2030-05-05T00:00:00Z,6,17.7,23.0,7.0,224.0,0.0,23.0
WX-CEE5,2030-05-04T18:00:00Z,2030-05-05T01:00:00Z,7,15.8,25.0,6.0,227.0,0.0,23.0
WX-CEE5,2030-05-04T18:00:00Z,2030-05-05T02:00:00Z,8,14.6,32.0,5.0,221.0,0.0,23.0
WX-CEE5,2030-05-04T18:00:00Z,2030-05-05T03:00:00Z,9,11.3,39.0,3.0,210.0,0.0,23.0
WX-CEE5,2030-05-04T18:00:00Z,2030-05-05T04:00:00Z,10,9.8,46.0,3.0,215.0,0.0,23.0
WX-CEE5,2030-05-04T18:00:00Z,2030-05-05T05:00:00Z,11,7.4,53.0,3.0,220.0,0.0,23.0
WX-CEE5,2030-05-04T18:00:00Z,2030-05-05T06:00:00Z,12,5.8,66.0,4.0,216.0,0.0,23.0
WX-CEE5,2030-05-04T18:00:00Z,2030-05-05T07:00:00Z,13,5.0,65.0,4.0,219.0,0.0,23.0
WX-CEE5,2030-05-04T18:00:00Z,2030-05-05T08:00:00Z,14,3.9,75.0,4.0,215.0,0.0,23.0
WX-CEE5,2030-05-04T18:00:00Z,2030-05-05T09:00:00Z,15,3.8,81.0,4.0,223.0,0.0,23.0
WX-CEE5,2030-05-04T18:00:00Z,2030-05-05T10:00:00Z,16,3.1,74.0,4.0,208.0,0.0,23.0
WX-CEE5,2030-05-04T18:00:00Z,2030-05-05T11:00:00Z,17,3.4,78.0,4.0,211.0,0.0,23.0
WX-CEE5,2030-05-04T18:00:00Z,2030-05-05T12:00:00Z,18,5.0,70.0,4.0,220.0,0.0,23.0
WX-CEE5,2030-05-04T18:00:00Z,2030-05-05T13:00:00Z,19,5.8,56.0,4.0,217.0,0.0,23.0
WX-CEE5,2030-05-04T18:00:00Z,2030-05-05T14:00:00Z,20,9.3,56.0,4.0,228.0,0.0,23.0
WX-CEE5,2030-05-04T18:00:00Z,2030-05-05T15:00:00Z,21,11.9,48.0,6.0,208.0,0.0,23.0
WX-CEE5,2030-05-04T18:00:00Z,2030-05-05T16:00:00Z,22,13.2,32.0,8.0,202.0,0.0,23.0
WX-CEE5,2030-05-04T18:00:00Z,2030-05-05T17:00:00Z,23,15.3,33.0,10.0,212.0,0.0,23.0
WX-CEE5,2030-05-04T18:00:00Z,2030-05-05T18:00:00Z,24,17.8,24.0,9.0,222.0,0.0,23.0
WX-CEE5,2030-05-04T18:00:00Z,2030-05-05T19:00:00Z,25,20.4,22.0,11.0,209.0,0.0,23.0
WX-CEE5,2030-05-04T18:00:00Z,2030-05-05T20:00:00Z,26,21.5,23.0,12.0,207.0,0.0,23.0
WX-CEE5,2030-05-04T18:00:00Z,2030-05-05T21:00:00Z,27,23.4,22.0,12.0,219.0,0.0,23.0
WX-CEE5,2030-05-04T18:00:00Z,2030-05-05T22:00:00Z,28,22.8,19.0,9.0,215.0,0.0,23.0
WX-CEE5,2030-05-04T18:00:00Z,2030-05-05T23:00:00Z,29,21.6,18.0,10.0,216.0,0.0,23.0
WX-CEE5,2030-05-04T18:00:00Z,2030-05-06T00:00:00Z,30,21.1,27.0,9.0,213.0,0.0,23.0
WX-CEE5,2030-05-04T18:00:00Z,2030-05-06T01:00:00Z,31,18.8,23.0,7.0,204.0,0.0,23.0
WX-CEE5,2030-05-04T18:00:00Z,2030-05-06T02:00:00Z,32,16.0,30.0,6.0,232.0,0.0,23.0
WX-CEE5,2030-05-04T18:00:00Z,2030-05-06T03:00:00Z,33,13.3,34.0,3.0,209.0,0.0,23.0
WX-CEE5,2030-05-04T18:00:00Z,2030-05-06T04:00:00Z,34,11.1,44.0,4.0,223.0,0.0,23.0
WX-CEE5,2030-05-04T18:00:00Z,2030-05-06T05:00:00Z,35,9.8,48.0,4.0,201.0,0.0,23.0
WX-CEE5,2030-05-04T18:00:00Z,2030-05-06T06:00:00Z,36,9.2,53.0,4.0,205.0,0.0,23.0
WX-CEE5,2030-05-04T18:00:00Z,2030-05-06T07:00:00Z,37,8.3,60.0,4.0,197.0,0.0,23.0
WX-CEE5,2030-05-04T18:00:00Z,2030-05-06T08:00:00Z,38,5.1,67.0,4.0,198.0,0.0,23.0
WX-CEE5,2030-05-04T18:00:00Z,2030-05-06T09:00:00Z,39,5.1,71.0,4.0,197.0,0.0,23.0
WX-CEE5,2030-05-04T18:00:00Z,2030-05-06T10:00:00Z,40,4.3,77.0,4.0,214.0,0.0,23.0
WX-CEE5,2030-05-04T18:00:00Z,2030-05-06T11:00:00Z,41,5.0,65.0,4.0,208.0,0.0,23.0
WX-CEE5,2030-05-04T18:00:00Z,2030-05-06T12:00:00Z,42,6.0,59.0,4.0,212.0,0.0,23.0
WX-CEE5,2030-05-04T18:00:00Z,2030-05-06T13:00:00Z,43,7.4,50.0,4.0,212.0,0.0,23.0
WX-CEE5,2030-05-04T18:00:00Z,2030-05-06T14:00:00Z,44,11.7,41.0,6.0,197.0,0.0,23.0
WX-CEE5,2030-05-04T18:00:00Z,2030-05-06T15:00:00Z,45,13.1,45.0,7.0,206.0,0.0,23.0
WX-CEE5,2030-05-04T18:00:00Z,2030-05-06T16:00:00Z,46,14.9,30.0,9.0,195.0,0.0,23.0
WX-CEE5,2030-05-04T18:00:00Z,2030-05-06T17:00:00Z,47,17.3,19.0,11.0,223.0,0.0,23.0
WX-CEE5,2030-05-04T18:00:00Z,2030-05-06T18:00:00Z,48,20.6,20.0,14.0,215.0,0.0,23.0
WX-CEE5,2030-05-04T18:00:00Z,2030-05-06T19:00:00Z,49,22.7,25.0,13.0,207.0,0.0,23.0
WX-CEE5,2030-05-04T18:00:00Z,2030-05-06T20:00:00Z,50,24.0,13.0,15.0,193.0,0.0,23.0
WX-CEE5,2030-05-04T18:00:00Z,2030-05-06T21:00:00Z,51,23.6,25.0,16.0,219.0,0.0,23.0
WX-CEE5,2030-05-04T18:00:00Z,2030-05-06T22:00:00Z,52,23.4,22.0,12.0,202.0,0.0,23.0
WX-CEE5,2030-05-04T18:00:00Z,2030-05-06T23:00:00Z,53,22.3,19.0,13.0,197.0,0.0,23.0
WX-CEE5,2030-05-04T18:00:00Z,2030-05-07T00:00:00Z,54,22.9,17.0,12.0,192.0,0.0,23.0
WX-CEE5,2030-05-04T18:00:00Z,2030-05-07T01:00:00Z,55,20.6,20.0,8.0,224.0,0.0,23.0
WX-CEE5,2030-05-04T18:00:00Z,2030-05-07T02:00:00Z,56,19.7,31.0,6.0,218.0,0.0,23.0
WX-CEE5,2030-05-04T18:00:00Z,2030-05-07T03:00:00Z,57,15.6,34.0,4.0,204.0,0.0,23.0
WX-CEE5,2030-05-04T18:00:00Z,2030-05-07T04:00:00Z,58,13.5,36.0,4.0,217.0,0.0,23.0
WX-CEE5,2030-05-04T18:00:00Z,2030-05-07T05:00:00Z,59,10.3,36.0,4.0,192.0,0.0,23.0
WX-CEE5,2030-05-04T18:00:00Z,2030-05-07T06:00:00Z,60,10.3,45.0,6.0,212.0,0.0,23.0
WX-CEE5,2030-05-04T18:00:00Z,2030-05-07T07:00:00Z,61,10.8,41.0,6.0,201.0,0.0,23.0
WX-CEE5,2030-05-04T18:00:00Z,2030-05-07T08:00:00Z,62,6.9,55.0,6.0,216.0,0.0,23.0
WX-CEE5,2030-05-04T18:00:00Z,2030-05-07T09:00:00Z,63,8.4,54.0,7.0,204.0,0.0,23.0
WX-CEE5,2030-05-04T18:00:00Z,2030-05-07T10:00:00Z,64,8.8,54.0,7.0,192.0,0.0,23.0
WX-CEE5,2030-05-04T18:00:00Z,2030-05-07T11:00:00Z,65,7.4,51.0,6.0,183.0,0.0,23.0
WX-CEE5,2030-05-04T18:00:00Z,2030-05-07T12:00:00Z,66,9.3,43.0,6.0,210.0,0.0,23.0
WX-CEE5,2030-05-04T18:00:00Z,2030-05-07T13:00:00Z,67,11.6,41.0,6.0,187.0,0.0,23.0
WX-CEE5,2030-05-04T18:00:00Z,2030-05-07T14:00:00Z,68,13.6,39.0,7.0,208.0,0.0,23.0
WX-CEE5,2030-05-04T18:00:00Z,2030-05-07T15:00:00Z,69,17.5,31.0,12.0,210.0,0.0,23.0
WX-CEE5,2030-05-04T18:00:00Z,2030-05-07T16:00:00Z,70,17.9,29.0,16.0,189.0,0.0,23.0
WX-CEE5,2030-05-04T18:00:00Z,2030-05-07T17:00:00Z,71,20.7,21.0,14.0,206.0,0.0,23.0
WX-CEE5,2030-05-04T18:00:00Z,2030-05-07T18:00:00Z,72,24.6,18.0,21.0,211.0,0.0,23.0
WX-CEH5,2030-05-04T18:00:00Z,2030-05-04T19:00:00Z,1,21.1,20.0,9.0,202.0,0.0,14.0
WX-CEH5,2030-05-04T18:00:00Z,2030-05-04T20:00:00Z,2,21.8,20.0,10.0,211.0,0.0,14.0
WX-CEH5,2030-05-04T18:00:00Z,2030-05-04T21:00:00Z,3,21.7,14.0,11.0,219.0,0.0,14.0
WX-CEH5,2030-05-04T18:00:00Z,2030-05-04T22:00:00Z,4,23.1,18.0,9.0,217.0,0.0,14.0
WX-CEH5,2030-05-04T18:00:00Z,2030-05-04T23:00:00Z,5,22.0,23.0,9.0,217.0,0.0,14.0
WX-CEH5,2030-05-04T18:00:00Z,2030-05-05T00:00:00Z,6,20.5,20.0,7.0,217.0,0.0,14.0
WX-CEH5,2030-05-04T18:00:00Z,2030-05-05T01:00:00Z,7,19.0,20.0,7.0,208.0,0.0,14.0
WX-CEH5,2030-05-04T18:00:00Z,2030-05-05T02:00:00Z,8,17.1,29.0,5.0,213.0,0.0,14.0
WX-CEH5,2030-05-04T18:00:00Z,2030-05-05T03:00:00Z,9,16.4,36.0,4.0,220.0,0.0,14.0
WX-CEH5,2030-05-04T18:00:00Z,2030-05-05T04:00:00Z,10,12.6,34.0,4.0,201.0,0.0,14.0
WX-CEH5,2030-05-04T18:00:00Z,2030-05-05T05:00:00Z,11,11.0,42.0,4.0,220.0,0.0,14.0
WX-CEH5,2030-05-04T18:00:00Z,2030-05-05T06:00:00Z,12,9.2,45.0,4.0,215.0,0.0,14.0
WX-CEH5,2030-05-04T18:00:00Z,2030-05-05T07:00:00Z,13,8.9,54.0,4.0,206.0,0.0,14.0
WX-CEH5,2030-05-04T18:00:00Z,2030-05-05T08:00:00Z,14,6.6,61.0,4.0,208.0,0.0,14.0
WX-CEH5,2030-05-04T18:00:00Z,2030-05-05T09:00:00Z,15,6.2,57.0,5.0,210.0,0.0,14.0
WX-CEH5,2030-05-04T18:00:00Z,2030-05-05T10:00:00Z,16,5.6,66.0,4.0,203.0,0.0,14.0
WX-CEH5,2030-05-04T18:00:00Z,2030-05-05T11:00:00Z,17,6.3,57.0,4.0,201.0,0.0,14.0
WX-CEH5,2030-05-04T18:00:00Z,2030-05-05T12:00:00Z,18,7.2,51.0,4.0,206.0,0.0,14.0
WX-CEH5,2030-05-04T18:00:00Z,2030-05-05T13:00:00Z,19,10.3,48.0,4.0,218.0,0.0,14.0
WX-CEH5,2030-05-04T18:00:00Z,2030-05-05T14:00:00Z,20,12.8,40.0,5.0,194.0,0.0,14.0
WX-CEH5,2030-05-04T18:00:00Z,2030-05-05T15:00:00Z,21,15.1,34.0,7.0,211.0,0.0,14.0
WX-CEH5,2030-05-04T18:00:00Z,2030-05-05T16:00:00Z,22,17.2,18.0,9.0,223.0,0.0,14.0
WX-CEH5,2030-05-04T18:00:00Z,2030-05-05T17:00:00Z,23,19.8,32.0,10.0,208.0,0.0,14.0
WX-CEH5,2030-05-04T18:00:00Z,2030-05-05T18:00:00Z,24,22.8,22.0,11.0,207.0,0.0,14.0
WX-CEH5,2030-05-04T18:00:00Z,2030-05-05T19:00:00Z,25,23.8,18.0,13.0,201.0,0.0,14.0
WX-CEH5,2030-05-04T18:00:00Z,2030-05-05T20:00:00Z,26,24.8,21.0,12.0,199.0,0.0,14.0
WX-CEH5,2030-05-04T18:00:00Z,2030-05-05T21:00:00Z,27,25.9,15.0,13.0,202.0,0.0,14.0
WX-CEH5,2030-05-04T18:00:00Z,2030-05-05T22:00:00Z,28,25.5,15.0,11.0,211.0,0.0,14.0
WX-CEH5,2030-05-04T18:00:00Z,2030-05-05T23:00:00Z,29,25.7,22.0,13.0,200.0,0.0,14.0
WX-CEH5,2030-05-04T18:00:00Z,2030-05-06T00:00:00Z,30,23.7,15.0,8.0,213.0,0.0,14.0
WX-CEH5,2030-05-04T18:00:00Z,2030-05-06T01:00:00Z,31,21.1,20.0,8.0,201.0,0.0,14.0
WX-CEH5,2030-05-04T18:00:00Z,2030-05-06T02:00:00Z,32,18.6,28.0,6.0,209.0,0.0,14.0
WX-CEH5,2030-05-04T18:00:00Z,2030-05-06T03:00:00Z,33,16.0,29.0,5.0,214.0,0.0,14.0
WX-CEH5,2030-05-04T18:00:00Z,2030-05-06T04:00:00Z,34,15.7,36.0,4.0,204.0,0.0,14.0
WX-CEH5,2030-05-04T18:00:00Z,2030-05-06T05:00:00Z,35,12.0,34.0,4.0,212.0,0.0,14.0
WX-CEH5,2030-05-04T18:00:00Z,2030-05-06T06:00:00Z,36,12.8,31.0,4.0,195.0,0.0,14.0
WX-CEH5,2030-05-04T18:00:00Z,2030-05-06T07:00:00Z,37,11.1,49.0,4.0,197.0,0.0,14.0
WX-CEH5,2030-05-04T18:00:00Z,2030-05-06T08:00:00Z,38,8.4,53.0,4.0,205.0,0.0,14.0
WX-CEH5,2030-05-04T18:00:00Z,2030-05-06T09:00:00Z,39,9.9,58.0,4.0,214.0,0.0,14.0
WX-CEH5,2030-05-04T18:00:00Z,2030-05-06T10:00:00Z,40,7.8,61.0,5.0,189.0,0.0,14.0
WX-CEH5,2030-05-04T18:00:00Z,2030-05-06T11:00:00Z,41,9.0,50.0,4.0,207.0,0.0,14.0
WX-CEH5,2030-05-04T18:00:00Z,2030-05-06T12:00:00Z,42,9.3,47.0,4.0,183.0,0.0,14.0
WX-CEH5,2030-05-04T18:00:00Z,2030-05-06T13:00:00Z,43,12.1,46.0,5.0,197.0,0.0,14.0
WX-CEH5,2030-05-04T18:00:00Z,2030-05-06T14:00:00Z,44,13.7,27.0,5.0,192.0,0.0,14.0
WX-CEH5,2030-05-04T18:00:00Z,2030-05-06T15:00:00Z,45,17.1,29.0,8.0,197.0,0.0,14.0
WX-CEH5,2030-05-04T18:00:00Z,2030-05-06T16:00:00Z,46,20.7,23.0,11.0,197.0,0.0,14.0
WX-CEH5,2030-05-04T18:00:00Z,2030-05-06T17:00:00Z,47,22.3,23.0,12.0,188.0,0.0,14.0
WX-CEH5,2030-05-04T18:00:00Z,2030-05-06T18:00:00Z,48,22.9,26.0,15.0,212.0,0.0,14.0
WX-CEH5,2030-05-04T18:00:00Z,2030-05-06T19:00:00Z,49,24.5,16.0,13.0,206.0,0.0,14.0
WX-CEH5,2030-05-04T18:00:00Z,2030-05-06T20:00:00Z,50,26.2,11.0,16.0,197.0,0.0,14.0
WX-CEH5,2030-05-04T18:00:00Z,2030-05-06T21:00:00Z,51,29.4,9.0,16.0,217.0,0.0,14.0
WX-CEH5,2030-05-04T18:00:00Z,2030-05-06T22:00:00Z,52,27.3,9.0,15.0,210.0,0.0,14.0
WX-CEH5,2030-05-04T18:00:00Z,2030-05-06T23:00:00Z,53,25.1,15.0,12.0,205.0,0.0,14.0
WX-CEH5,2030-05-04T18:00:00Z,2030-05-07T00:00:00Z,54,25.2,5.0,12.0,206.0,0.0,14.0
WX-CEH5,2030-05-04T18:00:00Z,2030-05-07T01:00:00Z,55,24.2,23.0,10.0,197.0,0.0,14.0
WX-CEH5,2030-05-04T18:00:00Z,2030-05-07T02:00:00Z,56,21.1,21.0,6.0,205.0,0.0,14.0
WX-CEH5,2030-05-04T18:00:00Z,2030-05-07T03:00:00Z,57,20.1,23.0,4.0,186.0,0.0,14.0
WX-CEH5,2030-05-04T18:00:00Z,2030-05-07T04:00:00Z,58,17.7,29.0,4.0,204.0,0.0,14.0
WX-CEH5,2030-05-04T18:00:00Z,2030-05-07T05:00:00Z,59,13.4,33.0,4.0,204.0,0.0,14.0
WX-CEH5,2030-05-04T18:00:00Z,2030-05-07T06:00:00Z,60,16.2,40.0,6.0,196.0,0.0,14.0
WX-CEH5,2030-05-04T18:00:00Z,2030-05-07T07:00:00Z,61,12.3,28.0,6.0,189.0,0.0,14.0
WX-CEH5,2030-05-04T18:00:00Z,2030-05-07T08:00:00Z,62,13.4,30.0,6.0,187.0,0.0,14.0
WX-CEH5,2030-05-04T18:00:00Z,2030-05-07T09:00:00Z,63,10.5,45.0,7.0,187.0,0.0,14.0
WX-CEH5,2030-05-04T18:00:00Z,2030-05-07T10:00:00Z,64,12.4,34.0,8.0,220.0,0.0,14.0
WX-CEH5,2030-05-04T18:00:00Z,2030-05-07T11:00:00Z,65,11.6,42.0,7.0,204.0,0.0,14.0
WX-CEH5,2030-05-04T18:00:00Z,2030-05-07T12:00:00Z,66,12.3,40.0,8.0,201.0,0.0,14.0
WX-CEH5,2030-05-04T18:00:00Z,2030-05-07T13:00:00Z,67,14.9,21.0,6.0,186.0,0.0,14.0
WX-CEH5,2030-05-04T18:00:00Z,2030-05-07T14:00:00Z,68,17.5,27.0,11.0,198.0,0.0,14.0
WX-CEH5,2030-05-04T18:00:00Z,2030-05-07T15:00:00Z,69,19.0,28.0,10.0,191.0,0.0,14.0
WX-CEH5,2030-05-04T18:00:00Z,2030-05-07T16:00:00Z,70,23.3,16.0,17.0,177.0,0.0,14.0
WX-CEH5,2030-05-04T18:00:00Z,2030-05-07T17:00:00Z,71,24.2,10.0,18.0,203.0,0.0,14.0
WX-CEH5,2030-05-04T18:00:00Z,2030-05-07T18:00:00Z,72,26.6,22.0,22.0,180.0,0.0,14.0
WX-CFX4,2030-05-04T18:00:00Z,2030-05-04T19:00:00Z,1,18.3,17.0,8.0,224.0,0.0,7.0
WX-CFX4,2030-05-04T18:00:00Z,2030-05-04T20:00:00Z,2,20.2,22.0,8.0,224.0,0.0,7.0
WX-CFX4,2030-05-04T18:00:00Z,2030-05-04T21:00:00Z,3,20.5,21.0,9.0,215.0,0.0,7.0
WX-CFX4,2030-05-04T18:00:00Z,2030-05-04T22:00:00Z,4,18.9,19.0,8.0,230.0,0.0,7.0
WX-CFX4,2030-05-04T18:00:00Z,2030-05-04T23:00:00Z,5,19.0,25.0,7.0,221.0,0.0,7.0
WX-CFX4,2030-05-04T18:00:00Z,2030-05-05T00:00:00Z,6,17.6,29.0,6.0,223.0,0.0,7.0
WX-CFX4,2030-05-04T18:00:00Z,2030-05-05T01:00:00Z,7,18.1,26.0,5.0,221.0,0.0,7.0
WX-CFX4,2030-05-04T18:00:00Z,2030-05-05T02:00:00Z,8,14.9,32.0,4.0,221.0,0.0,7.0
WX-CFX4,2030-05-04T18:00:00Z,2030-05-05T03:00:00Z,9,12.4,37.0,3.0,229.0,0.0,7.0
WX-CFX4,2030-05-04T18:00:00Z,2030-05-05T04:00:00Z,10,10.7,48.0,3.0,228.0,0.0,7.0
WX-CFX4,2030-05-04T18:00:00Z,2030-05-05T05:00:00Z,11,8.2,59.0,3.0,219.0,0.0,7.0
WX-CFX4,2030-05-04T18:00:00Z,2030-05-05T06:00:00Z,12,7.0,58.0,4.0,229.0,0.0,7.0
WX-CFX4,2030-05-04T18:00:00Z,2030-05-05T07:00:00Z,13,6.7,71.0,4.0,219.0,0.0,7.0
WX-CFX4,2030-05-04T18:00:00Z,2030-05-05T08:00:00Z,14,5.6,76.0,3.0,216.0,0.0,7.0
WX-CFX4,2030-05-04T18:00:00Z,2030-05-05T09:00:00Z,15,3.9,73.0,3.0,212.0,0.0,7.0
WX-CFX4,2030-05-04T18:00:00Z,2030-05-05T10:00:00Z,16,3.0,73.0,3.0,224.0,0.0,7.0
WX-CFX4,2030-05-04T18:00:00Z,2030-05-05T11:00:00Z,17,4.8,75.0,3.0,224.0,0.0,7.0
WX-CFX4,2030-05-04T18:00:00Z,2030-05-05T12:00:00Z,18,5.9,59.0,3.0,226.0,0.0,7.0
WX-CFX4,2030-05-04T18:00:00Z,2030-05-05T13:00:00Z,19,8.0,58.0,4.0,208.0,0.0,7.0
WX-CFX4,2030-05-04T18:00:00Z,2030-05-05T14:00:00Z,20,10.7,54.0,4.0,219.0,0.0,7.0
WX-CFX4,2030-05-04T18:00:00Z,2030-05-05T15:00:00Z,21,12.6,37.0,6.0,212.0,0.0,7.0
WX-CFX4,2030-05-04T18:00:00Z,2030-05-05T16:00:00Z,22,15.5,35.0,8.0,226.0,0.0,7.0
WX-CFX4,2030-05-04T18:00:00Z,2030-05-05T17:00:00Z,23,17.8,24.0,8.0,229.0,0.0,7.0
WX-CFX4,2030-05-04T18:00:00Z,2030-05-05T18:00:00Z,24,19.1,27.0,10.0,214.0,0.0,7.0
WX-CFX4,2030-05-04T18:00:00Z,2030-05-05T19:00:00Z,25,21.0,20.0,11.0,208.0,0.0,7.0
WX-CFX4,2030-05-04T18:00:00Z,2030-05-05T20:00:00Z,26,22.2,24.0,10.0,219.0,0.0,7.0
WX-CFX4,2030-05-04T18:00:00Z,2030-05-05T21:00:00Z,27,23.2,17.0,10.0,225.0,0.0,7.0
WX-CFX4,2030-05-04T18:00:00Z,2030-05-05T22:00:00Z,28,22.6,21.0,10.0,217.0,0.0,7.0
WX-CFX4,2030-05-04T18:00:00Z,2030-05-05T23:00:00Z,29,22.8,18.0,10.0,206.0,0.0,7.0
WX-CFX4,2030-05-04T18:00:00Z,2030-05-06T00:00:00Z,30,22.6,23.0,8.0,225.0,0.0,7.0
WX-CFX4,2030-05-04T18:00:00Z,2030-05-06T01:00:00Z,31,19.4,23.0,6.0,216.0,0.0,7.0
WX-CFX4,2030-05-04T18:00:00Z,2030-05-06T02:00:00Z,32,17.7,34.0,6.0,231.0,0.0,7.0
WX-CFX4,2030-05-04T18:00:00Z,2030-05-06T03:00:00Z,33,14.5,40.0,3.0,233.0,0.0,7.0
WX-CFX4,2030-05-04T18:00:00Z,2030-05-06T04:00:00Z,34,11.8,44.0,4.0,208.0,0.0,7.0
WX-CFX4,2030-05-04T18:00:00Z,2030-05-06T05:00:00Z,35,9.7,46.0,4.0,228.0,0.0,7.0
WX-CFX4,2030-05-04T18:00:00Z,2030-05-06T06:00:00Z,36,9.4,59.0,4.0,211.0,0.0,7.0
WX-CFX4,2030-05-04T18:00:00Z,2030-05-06T07:00:00Z,37,6.3,64.0,4.0,214.0,0.0,7.0
WX-CFX4,2030-05-04T18:00:00Z,2030-05-06T08:00:00Z,38,5.9,65.0,3.0,223.0,0.0,7.0
WX-CFX4,2030-05-04T18:00:00Z,2030-05-06T09:00:00Z,39,5.3,67.0,4.0,214.0,0.0,7.0
WX-CFX4,2030-05-04T18:00:00Z,2030-05-06T10:00:00Z,40,5.9,59.0,3.0,216.0,0.0,7.0
WX-CFX4,2030-05-04T18:00:00Z,2030-05-06T11:00:00Z,41,6.0,66.0,4.0,206.0,0.0,7.0
WX-CFX4,2030-05-04T18:00:00Z,2030-05-06T12:00:00Z,42,6.2,61.0,3.0,226.0,0.0,7.0
WX-CFX4,2030-05-04T18:00:00Z,2030-05-06T13:00:00Z,43,8.8,48.0,3.0,229.0,0.0,7.0
WX-CFX4,2030-05-04T18:00:00Z,2030-05-06T14:00:00Z,44,10.7,42.0,5.0,232.0,0.0,7.0
WX-CFX4,2030-05-04T18:00:00Z,2030-05-06T15:00:00Z,45,13.8,38.0,7.0,223.0,0.0,7.0
WX-CFX4,2030-05-04T18:00:00Z,2030-05-06T16:00:00Z,46,16.9,34.0,7.0,211.0,0.0,7.0
WX-CFX4,2030-05-04T18:00:00Z,2030-05-06T17:00:00Z,47,18.4,22.0,10.0,219.0,0.0,7.0
WX-CFX4,2030-05-04T18:00:00Z,2030-05-06T18:00:00Z,48,21.8,17.0,12.0,205.0,0.0,7.0
WX-CFX4,2030-05-04T18:00:00Z,2030-05-06T19:00:00Z,49,24.9,25.0,11.0,206.0,0.0,7.0
WX-CFX4,2030-05-04T18:00:00Z,2030-05-06T20:00:00Z,50,24.7,27.0,11.0,213.0,0.0,7.0
WX-CFX4,2030-05-04T18:00:00Z,2030-05-06T21:00:00Z,51,25.3,28.0,11.0,217.0,0.0,7.0
WX-CFX4,2030-05-04T18:00:00Z,2030-05-06T22:00:00Z,52,24.8,11.0,12.0,215.0,0.0,7.0
WX-CFX4,2030-05-04T18:00:00Z,2030-05-06T23:00:00Z,53,25.1,21.0,11.0,223.0,0.0,7.0
WX-CFX4,2030-05-04T18:00:00Z,2030-05-07T00:00:00Z,54,24.3,16.0,9.0,211.0,0.0,7.0
WX-CFX4,2030-05-04T18:00:00Z,2030-05-07T01:00:00Z,55,22.0,26.0,8.0,218.0,0.0,7.0
WX-CFX4,2030-05-04T18:00:00Z,2030-05-07T02:00:00Z,56,19.1,33.0,6.0,201.0,0.0,7.0
WX-CFX4,2030-05-04T18:00:00Z,2030-05-07T03:00:00Z,57,18.8,33.0,4.0,220.0,0.0,7.0
WX-CFX4,2030-05-04T18:00:00Z,2030-05-07T04:00:00Z,58,15.0,24.0,3.0,209.0,0.0,7.0
WX-CFX4,2030-05-04T18:00:00Z,2030-05-07T05:00:00Z,59,11.8,41.0,4.0,212.0,0.0,7.0
WX-CFX4,2030-05-04T18:00:00Z,2030-05-07T06:00:00Z,60,11.1,39.0,6.0,209.0,0.0,7.0
WX-CFX4,2030-05-04T18:00:00Z,2030-05-07T07:00:00Z,61,11.4,51.0,6.0,205.0,0.0,7.0
WX-CFX4,2030-05-04T18:00:00Z,2030-05-07T08:00:00Z,62,9.5,43.0,5.0,192.0,0.0,7.0
WX-CFX4,2030-05-04T18:00:00Z,2030-05-07T09:00:00Z,63,7.6,60.0,6.0,212.0,0.0,7.0
WX-CFX4,2030-05-04T18:00:00Z,2030-05-07T10:00:00Z,64,8.9,50.0,5.0,191.0,0.0,7.0
WX-CFX4,2030-05-04T18:00:00Z,2030-05-07T11:00:00Z,65,10.2,56.0,5.0,201.0,0.0,7.0
WX-CFX4,2030-05-04T18:00:00Z,2030-05-07T12:00:00Z,66,12.9,37.0,5.0,205.0,0.0,7.0
WX-CFX4,2030-05-04T18:00:00Z,2030-05-07T13:00:00Z,67,14.3,59.0,6.0,209.0,0.0,8.0
WX-CFX4,2030-05-04T18:00:00Z,2030-05-07T14:00:00Z,68,14.0,37.0,8.0,205.0,0.0,8.0
WX-CFX4,2030-05-04T18:00:00Z,2030-05-07T15:00:00Z,69,17.8,29.0,12.0,208.0,0.0,8.0
WX-CFX4,2030-05-04T18:00:00Z,2030-05-07T16:00:00Z,70,21.7,23.0,14.0,221.0,0.0,9.0
WX-CFX4,2030-05-04T18:00:00Z,2030-05-07T17:00:00Z,71,23.9,25.0,16.0,197.0,0.0,10.0
WX-CFX4,2030-05-04T18:00:00Z,2030-05-07T18:00:00Z,72,25.1,14.0,18.0,215.0,0.0,12.0
WX-CYZU,2030-05-04T18:00:00Z,2030-05-04T19:00:00Z,1,21.7,17.0,10.0,232.0,0.0,15.0
WX-CYZU,2030-05-04T18:00:00Z,2030-05-04T20:00:00Z,2,23.2,20.0,10.0,236.0,0.0,15.0
WX-CYZU,2030-05-04T18:00:00Z,2030-05-04T21:00:00Z,3,23.5,17.0,10.0,241.0,0.0,15.0
WX-CYZU,2030-05-04T18:00:00Z,2030-05-04T22:00:00Z,4,23.2,16.0,9.0,227.0,0.0,15.0
WX-CYZU,2030-05-04T18:00:00Z,2030-05-04T23:00:00Z,5,24.3,16.0,9.0,236.0,0.0,15.0
WX-CYZU,2030-05-04T18:00:00Z,2030-05-05T00:00:00Z,6,22.4,19.0,7.0,239.0,0.0,15.0
WX-CYZU,2030-05-04T18:00:00Z,2030-05-05T01:00:00Z,7,21.1,20.0,7.0,231.0,0.0,15.0
WX-CYZU,2030-05-04T18:00:00Z,2030-05-05T02:00:00Z,8,18.3,30.0,4.0,237.0,0.0,15.0
WX-CYZU,2030-05-04T18:00:00Z,2030-05-05T03:00:00Z,9,16.3,31.0,3.0,230.0,0.0,15.0
WX-CYZU,2030-05-04T18:00:00Z,2030-05-05T04:00:00Z,10,14.7,33.0,3.0,232.0,0.0,15.0
WX-CYZU,2030-05-04T18:00:00Z,2030-05-05T05:00:00Z,11,11.9,38.0,3.0,233.0,0.0,15.0
WX-CYZU,2030-05-04T18:00:00Z,2030-05-05T06:00:00Z,12,10.6,43.0,4.0,232.0,0.0,15.0
WX-CYZU,2030-05-04T18:00:00Z,2030-05-05T07:00:00Z,13,8.7,54.0,4.0,233.0,0.0,15.0
WX-CYZU,2030-05-04T18:00:00Z,2030-05-05T08:00:00Z,14,7.7,56.0,4.0,223.0,0.0,15.0
WX-CYZU,2030-05-04T18:00:00Z,2030-05-05T09:00:00Z,15,8.6,54.0,4.0,228.0,0.0,15.0
WX-CYZU,2030-05-04T18:00:00Z,2030-05-05T10:00:00Z,16,8.3,56.0,4.0,229.0,0.0,15.0
WX-CYZU,2030-05-04T18:00:00Z,2030-05-05T11:00:00Z,17,7.2,50.0,4.0,228.0,0.0,15.0
WX-CYZU,2030-05-04T18:00:00Z,2030-05-05T12:00:00Z,18,9.2,52.0,4.0,228.0,0.0,15.0
WX-CYZU,2030-05-04T18:00:00Z,2030-05-05T13:00:00Z,19,11.2,45.0,4.0,224.0,0.0,15.0
WX-CYZU,2030-05-04T18:00:00Z,2030-05-05T14:00:00Z,20,13.6,47.0,5.0,223.0,0.0,15.0
WX-CYZU,2030-05-04T18:00:00Z,2030-05-05T15:00:00Z,21,14.6,32.0,7.0,229.0,0.0,15.0
WX-CYZU,2030-05-04T18:00:00Z,2030-05-05T16:00:00Z,22,18.6,26.0,9.0,215.0,0.0,15.0
WX-CYZU,2030-05-04T18:00:00Z,2030-05-05T17:00:00Z,23,21.4,22.0,10.0,227.0,0.0,15.0
WX-CYZU,2030-05-04T18:00:00Z,2030-05-05T18:00:00Z,24,22.8,14.0,10.0,225.0,0.0,15.0
WX-CYZU,2030-05-04T18:00:00Z,2030-05-05T19:00:00Z,25,25.4,18.0,13.0,234.0,0.0,15.0
WX-CYZU,2030-05-04T18:00:00Z,2030-05-05T20:00:00Z,26,27.4,12.0,12.0,231.0,0.0,15.0
WX-CYZU,2030-05-04T18:00:00Z,2030-05-05T21:00:00Z,27,27.0,14.0,13.0,223.0,0.0,15.0
WX-CYZU,2030-05-04T18:00:00Z,2030-05-05T22:00:00Z,28,27.3,19.0,11.0,226.0,0.0,15.0
WX-CYZU,2030-05-04T18:00:00Z,2030-05-05T23:00:00Z,29,27.1,17.0,10.0,226.0,0.0,15.0
WX-CYZU,2030-05-04T18:00:00Z,2030-05-06T00:00:00Z,30,25.0,17.0,8.0,221.0,0.0,15.0
WX-CYZU,2030-05-04T18:00:00Z,2030-05-06T01:00:00Z,31,23.2,22.0,7.0,216.0,0.0,15.0
WX-CYZU,2030-05-04T18:00:00Z,2030-05-06T02:00:00Z,32,21.3,17.0,6.0,233.0,0.0,15.0
WX-CYZU,2030-05-04T18:00:00Z,2030-05-06T03:00:00Z,33,17.4,25.0,4.0,233.0,0.0,15.0
WX-CYZU,2030-05-04T18:00:00Z,2030-05-06T04:00:00Z,34,14.3,35.0,4.0,218.0,0.0,15.0
WX-CYZU,2030-05-04T18:00:00Z,2030-05-06T05:00:00Z,35,13.7,37.0,4.0,216.0,0.0,15.0
WX-CYZU,2030-05-04T18:00:00Z,2030-05-06T06:00:00Z,36,13.0,41.0,4.0,221.0,0.0,15.0
WX-CYZU,2030-05-04T18:00:00Z,2030-05-06T07:00:00Z,37,11.3,47.0,4.0,228.0,0.0,15.0
WX-CYZU,2030-05-04T18:00:00Z,2030-05-06T08:00:00Z,38,9.9,54.0,4.0,215.0,0.0,15.0
WX-CYZU,2030-05-04T18:00:00Z,2030-05-06T09:00:00Z,39,10.3,55.0,5.0,226.0,0.0,15.0
WX-CYZU,2030-05-04T18:00:00Z,2030-05-06T10:00:00Z,40,10.0,57.0,4.0,226.0,0.0,15.0
WX-CYZU,2030-05-04T18:00:00Z,2030-05-06T11:00:00Z,41,10.3,51.0,4.0,230.0,0.0,15.0
WX-CYZU,2030-05-04T18:00:00Z,2030-05-06T12:00:00Z,42,12.1,38.0,4.0,216.0,0.0,15.0
WX-CYZU,2030-05-04T18:00:00Z,2030-05-06T13:00:00Z,43,12.6,40.0,4.0,222.0,0.0,15.0
WX-CYZU,2030-05-04T18:00:00Z,2030-05-06T14:00:00Z,44,14.3,26.0,5.0,222.0,0.0,15.0
WX-CYZU,2030-05-04T18:00:00Z,2030-05-06T15:00:00Z,45,18.5,25.0,8.0,222.0,0.0,15.0
WX-CYZU,2030-05-04T18:00:00Z,2030-05-06T16:00:00Z,46,18.8,23.0,8.0,220.0,0.0,15.0
WX-CYZU,2030-05-04T18:00:00Z,2030-05-06T17:00:00Z,47,22.2,21.0,13.0,235.0,0.0,15.0
WX-CYZU,2030-05-04T18:00:00Z,2030-05-06T18:00:00Z,48,23.5,17.0,13.0,224.0,0.0,15.0
WX-CYZU,2030-05-04T18:00:00Z,2030-05-06T19:00:00Z,49,26.6,14.0,15.0,218.0,0.0,15.0
WX-CYZU,2030-05-04T18:00:00Z,2030-05-06T20:00:00Z,50,28.8,9.0,15.0,234.0,0.0,15.0
WX-CYZU,2030-05-04T18:00:00Z,2030-05-06T21:00:00Z,51,28.7,5.0,15.0,238.0,0.0,15.0
WX-CYZU,2030-05-04T18:00:00Z,2030-05-06T22:00:00Z,52,28.0,14.0,14.0,212.0,0.0,15.0
WX-CYZU,2030-05-04T18:00:00Z,2030-05-06T23:00:00Z,53,27.9,14.0,12.0,219.0,0.0,15.0
WX-CYZU,2030-05-04T18:00:00Z,2030-05-07T00:00:00Z,54,26.3,22.0,11.0,228.0,0.0,15.0
WX-CYZU,2030-05-04T18:00:00Z,2030-05-07T01:00:00Z,55,26.6,18.0,10.0,224.0,0.0,15.0
WX-CYZU,2030-05-04T18:00:00Z,2030-05-07T02:00:00Z,56,23.7,5.0,6.0,215.0,0.0,15.0
WX-CYZU,2030-05-04T18:00:00Z,2030-05-07T03:00:00Z,57,20.1,22.0,4.0,228.0,0.0,15.0
WX-CYZU,2030-05-04T18:00:00Z,2030-05-07T04:00:00Z,58,18.8,39.0,4.0,224.0,0.0,15.0
WX-CYZU,2030-05-04T18:00:00Z,2030-05-07T05:00:00Z,59,15.8,36.0,3.0,233.0,0.0,15.0
WX-CYZU,2030-05-04T18:00:00Z,2030-05-07T06:00:00Z,60,16.6,31.0,6.0,235.0,0.0,15.0
WX-CYZU,2030-05-04T18:00:00Z,2030-05-07T07:00:00Z,61,13.8,38.0,6.0,225.0,0.0,15.0
WX-CYZU,2030-05-04T18:00:00Z,2030-05-07T08:00:00Z,62,13.8,36.0,7.0,212.0,0.0,15.0
WX-CYZU,2030-05-04T18:00:00Z,2030-05-07T09:00:00Z,63,12.5,54.0,7.0,208.0,0.0,15.0
WX-CYZU,2030-05-04T18:00:00Z,2030-05-07T10:00:00Z,64,11.9,41.0,7.0,212.0,0.0,15.0
WX-CYZU,2030-05-04T18:00:00Z,2030-05-07T11:00:00Z,65,12.8,45.0,7.0,197.0,0.0,15.0
WX-CYZU,2030-05-04T18:00:00Z,2030-05-07T12:00:00Z,66,13.6,44.0,5.0,201.0,0.0,15.0
WX-CYZU,2030-05-04T18:00:00Z,2030-05-07T13:00:00Z,67,14.8,32.0,6.0,204.0,0.0,15.0
WX-CYZU,2030-05-04T18:00:00Z,2030-05-07T14:00:00Z,68,17.8,29.0,8.0,237.0,0.0,15.0
WX-CYZU,2030-05-04T18:00:00Z,2030-05-07T15:00:00Z,69,21.7,24.0,12.0,211.0,0.0,15.0
WX-CYZU,2030-05-04T18:00:00Z,2030-05-07T16:00:00Z,70,23.8,18.0,15.0,228.0,0.0,15.0
WX-CYZU,2030-05-04T18:00:00Z,2030-05-07T17:00:00Z,71,28.2,13.0,18.0,229.0,0.0,15.0
WX-CYZU,2030-05-04T18:00:00Z,2030-05-07T18:00:00Z,72,28.8,19.0,20.0,215.0,0.0,15.0
WX-CZHP,2030-05-04T18:00:00Z,2030-05-04T19:00:00Z,1,19.6,26.0,11.0,217.0,0.0,22.0
WX-CZHP,2030-05-04T18:00:00Z,2030-05-04T20:00:00Z,2,20.9,21.0,11.0,211.0,0.0,22.0
WX-CZHP,2030-05-04T18:00:00Z,2030-05-04T21:00:00Z,3,20.7,26.0,11.0,208.0,0.0,22.0
WX-CZHP,2030-05-04T18:00:00Z,2030-05-04T22:00:00Z,4,21.8,21.0,10.0,215.0,0.0,22.0
WX-CZHP,2030-05-04T18:00:00Z,2030-05-04T23:00:00Z,5,20.0,26.0,10.0,214.0,0.0,22.0
WX-CZHP,2030-05-04T18:00:00Z,2030-05-05T00:00:00Z,6,19.3,27.0,7.0,206.0,0.0,22.0
WX-CZHP,2030-05-04T18:00:00Z,2030-05-05T01:00:00Z,7,17.9,31.0,7.0,211.0,0.0,22.0
WX-CZHP,2030-05-04T18:00:00Z,2030-05-05T02:00:00Z,8,14.8,31.0,5.0,197.0,0.0,22.0
WX-CZHP,2030-05-04T18:00:00Z,2030-05-05T03:00:00Z,9,13.7,34.0,3.0,211.0,0.0,22.0
WX-CZHP,2030-05-04T18:00:00Z,2030-05-05T04:00:00Z,10,10.2,49.0,4.0,220.0,0.0,22.0
WX-CZHP,2030-05-04T18:00:00Z,2030-05-05T05:00:00Z,11,8.1,55.0,4.0,213.0,0.0,22.0
WX-CZHP,2030-05-04T18:00:00Z,2030-05-05T06:00:00Z,12,8.8,62.0,4.0,205.0,0.0,22.0
WX-CZHP,2030-05-04T18:00:00Z,2030-05-05T07:00:00Z,13,7.5,73.0,4.0,211.0,0.0,22.0
WX-CZHP,2030-05-04T18:00:00Z,2030-05-05T08:00:00Z,14,4.0,72.0,5.0,196.0,0.0,22.0
WX-CZHP,2030-05-04T18:00:00Z,2030-05-05T09:00:00Z,15,3.8,77.0,5.0,217.0,0.0,22.0
WX-CZHP,2030-05-04T18:00:00Z,2030-05-05T10:00:00Z,16,3.3,75.0,4.0,212.0,0.0,22.0
WX-CZHP,2030-05-04T18:00:00Z,2030-05-05T11:00:00Z,17,5.1,82.0,5.0,214.0,0.0,22.0
WX-CZHP,2030-05-04T18:00:00Z,2030-05-05T12:00:00Z,18,6.8,70.0,4.0,196.0,0.0,22.0
WX-CZHP,2030-05-04T18:00:00Z,2030-05-05T13:00:00Z,19,8.3,64.0,4.0,199.0,0.0,22.0
WX-CZHP,2030-05-04T18:00:00Z,2030-05-05T14:00:00Z,20,12.0,48.0,5.0,204.0,0.0,22.0
WX-CZHP,2030-05-04T18:00:00Z,2030-05-05T15:00:00Z,21,12.3,39.0,8.0,196.0,0.0,22.0
WX-CZHP,2030-05-04T18:00:00Z,2030-05-05T16:00:00Z,22,14.7,37.0,10.0,212.0,0.0,22.0
WX-CZHP,2030-05-04T18:00:00Z,2030-05-05T17:00:00Z,23,18.2,34.0,10.0,204.0,0.0,22.0
WX-CZHP,2030-05-04T18:00:00Z,2030-05-05T18:00:00Z,24,21.0,27.0,11.0,194.0,0.0,22.0
WX-CZHP,2030-05-04T18:00:00Z,2030-05-05T19:00:00Z,25,21.2,23.0,13.0,209.0,0.0,22.0
WX-CZHP,2030-05-04T18:00:00Z,2030-05-05T20:00:00Z,26,22.6,28.0,14.0,207.0,0.0,22.0
WX-CZHP,2030-05-04T18:00:00Z,2030-05-05T21:00:00Z,27,24.3,17.0,14.0,205.0,0.0,22.0
WX-CZHP,2030-05-04T18:00:00Z,2030-05-05T22:00:00Z,28,24.5,29.0,12.0,200.0,0.0,22.0
WX-CZHP,2030-05-04T18:00:00Z,2030-05-05T23:00:00Z,29,23.3,16.0,13.0,207.0,0.0,22.0
WX-CZHP,2030-05-04T18:00:00Z,2030-05-06T00:00:00Z,30,22.3,19.0,10.0,206.0,0.0,22.0
WX-CZHP,2030-05-04T18:00:00Z,2030-05-06T01:00:00Z,31,20.8,26.0,8.0,199.0,0.0,22.0
WX-CZHP,2030-05-04T18:00:00Z,2030-05-06T02:00:00Z,32,16.4,30.0,6.0,213.0,0.0,22.0
WX-CZHP,2030-05-04T18:00:00Z,2030-05-06T03:00:00Z,33,17.0,40.0,4.0,205.0,0.0,22.0
WX-CZHP,2030-05-04T18:00:00Z,2030-05-06T04:00:00Z,34,13.7,41.0,4.0,207.0,0.0,22.0
WX-CZHP,2030-05-04T18:00:00Z,2030-05-06T05:00:00Z,35,10.6,47.0,4.0,206.0,0.0,22.0
WX-CZHP,2030-05-04T18:00:00Z,2030-05-06T06:00:00Z,36,10.6,53.0,4.0,199.0,0.0,22.0
WX-CZHP,2030-05-04T18:00:00Z,2030-05-06T07:00:00Z,37,7.8,63.0,5.0,195.0,0.0,22.0
WX-CZHP,2030-05-04T18:00:00Z,2030-05-06T08:00:00Z,38,6.8,72.0,5.0,200.0,0.0,22.0
WX-CZHP,2030-05-04T18:00:00Z,2030-05-06T09:00:00Z,39,5.8,65.0,4.0,191.0,0.0,22.0
WX-CZHP,2030-05-04T18:00:00Z,2030-05-06T10:00:00Z,40,6.2,69.0,5.0,205.0,0.0,22.0
WX-CZHP,2030-05-04T18:00:00Z,2030-05-06T11:00:00Z,41,6.8,71.0,4.0,199.0,0.0,22.0
WX-CZHP,2030-05-04T18:00:00Z,2030-05-06T12:00:00Z,42,8.4,67.0,4.0,202.0,0.0,22.0
WX-CZHP,2030-05-04T18:00:00Z,2030-05-06T13:00:00Z,43,11.2,54.0,4.0,205.0,0.0,22.0
WX-CZHP,2030-05-04T18:00:00Z,2030-05-06T14:00:00Z,44,13.1,44.0,5.0,203.0,0.0,22.0
WX-CZHP,2030-05-04T18:00:00Z,2030-05-06T15:00:00Z,45,15.7,33.0,11.0,201.0,0.0,22.0
WX-CZHP,2030-05-04T18:00:00Z,2030-05-06T16:00:00Z,46,17.5,40.0,10.0,190.0,0.0,22.0
WX-CZHP,2030-05-04T18:00:00Z,2030-05-06T17:00:00Z,47,18.9,19.0,12.0,214.0,0.0,22.0
WX-CZHP,2030-05-04T18:00:00Z,2030-05-06T18:00:00Z,48,23.9,27.0,15.0,193.0,0.0,22.0
WX-CZHP,2030-05-04T18:00:00Z,2030-05-06T19:00:00Z,49,24.1,21.0,13.0,186.0,0.0,22.0
WX-CZHP,2030-05-04T18:00:00Z,2030-05-06T20:00:00Z,50,26.3,17.0,17.0,203.0,0.0,22.0
WX-CZHP,2030-05-04T18:00:00Z,2030-05-06T21:00:00Z,51,26.4,21.0,17.0,196.0,0.0,22.0
WX-CZHP,2030-05-04T18:00:00Z,2030-05-06T22:00:00Z,52,26.2,13.0,16.0,190.0,0.0,22.0
WX-CZHP,2030-05-04T18:00:00Z,2030-05-06T23:00:00Z,53,25.7,21.0,12.0,195.0,0.0,22.0
WX-CZHP,2030-05-04T18:00:00Z,2030-05-07T00:00:00Z,54,24.7,23.0,11.0,184.0,0.0,22.0
WX-CZHP,2030-05-04T18:00:00Z,2030-05-07T01:00:00Z,55,22.3,34.0,9.0,194.0,0.0,22.0
WX-CZHP,2030-05-04T18:00:00Z,2030-05-07T02:00:00Z,56,18.9,30.0,8.0,201.0,0.0,22.0
WX-CZHP,2030-05-04T18:00:00Z,2030-05-07T03:00:00Z,57,16.9,34.0,5.0,219.0,0.0,22.0
WX-CZHP,2030-05-04T18:00:00Z,2030-05-07T04:00:00Z,58,15.8,38.0,4.0,210.0,0.0,22.0
WX-CZHP,2030-05-04T18:00:00Z,2030-05-07T05:00:00Z,59,12.8,51.0,4.0,214.0,0.0,22.0
WX-CZHP,2030-05-04T18:00:00Z,2030-05-07T06:00:00Z,60,13.5,43.0,7.0,191.0,0.0,22.0
WX-CZHP,2030-05-04T18:00:00Z,2030-05-07T07:00:00Z,61,12.9,51.0,7.0,193.0,0.0,22.0
WX-CZHP,2030-05-04T18:00:00Z,2030-05-07T08:00:00Z,62,11.1,60.0,6.0,196.0,0.0,22.0
WX-CZHP,2030-05-04T18:00:00Z,2030-05-07T09:00:00Z,63,8.5,53.0,7.0,183.0,0.0,22.0
WX-CZHP,2030-05-04T18:00:00Z,2030-05-07T10:00:00Z,64,9.4,52.0,8.0,188.0,0.0,22.0
WX-CZHP,2030-05-04T18:00:00Z,2030-05-07T11:00:00Z,65,9.4,46.0,7.0,201.0,0.0,22.0
WX-CZHP,2030-05-04T18:00:00Z,2030-05-07T12:00:00Z,66,10.5,57.0,7.0,192.0,0.0,22.0
WX-CZHP,2030-05-04T18:00:00Z,2030-05-07T13:00:00Z,67,13.7,50.0,7.0,174.0,0.0,22.0
WX-CZHP,2030-05-04T18:00:00Z,2030-05-07T14:00:00Z,68,14.2,39.0,8.0,194.0,0.0,22.0
WX-CZHP,2030-05-04T18:00:00Z,2030-05-07T15:00:00Z,69,19.6,40.0,12.0,179.0,0.0,22.0
WX-CZHP,2030-05-04T18:00:00Z,2030-05-07T16:00:00Z,70,22.8,34.0,16.0,206.0,0.0,22.0
WX-CZHP,2030-05-04T18:00:00Z,2030-05-07T17:00:00Z,71,23.3,20.0,16.0,213.0,0.0,22.0
WX-CZHP,2030-05-04T18:00:00Z,2030-05-07T18:00:00Z,72,25.6,20.0,19.0,191.0,0.0,22.0
WX-CET2,2030-05-04T18:00:00Z,2030-05-04T19:00:00Z,1,15.7,32.0,12.0,220.0,0.0,10.0
WX-CET2,2030-05-04T18:00:00Z,2030-05-04T20:00:00Z,2,16.2,26.0,12.0,220.0,0.0,10.0
WX-CET2,2030-05-04T18:00:00Z,2030-05-04T21:00:00Z,3,17.0,26.0,12.0,220.0,0.0,10.0
WX-CET2,2030-05-04T18:00:00Z,2030-05-04T22:00:00Z,4,17.2,29.0,11.0,225.0,0.0,10.0
WX-CET2,2030-05-04T18:00:00Z,2030-05-04T23:00:00Z,5,16.6,30.0,9.0,228.0,0.0,10.0
WX-CET2,2030-05-04T18:00:00Z,2030-05-05T00:00:00Z,6,15.2,23.0,8.0,217.0,0.0,10.0
WX-CET2,2030-05-04T18:00:00Z,2030-05-05T01:00:00Z,7,13.7,27.0,7.0,213.0,0.0,10.0
WX-CET2,2030-05-04T18:00:00Z,2030-05-05T02:00:00Z,8,11.4,35.0,6.0,223.0,0.0,10.0
WX-CET2,2030-05-04T18:00:00Z,2030-05-05T03:00:00Z,9,9.8,47.0,4.0,224.0,0.0,10.0
WX-CET2,2030-05-04T18:00:00Z,2030-05-05T04:00:00Z,10,7.1,55.0,4.0,222.0,0.0,10.0
WX-CET2,2030-05-04T18:00:00Z,2030-05-05T05:00:00Z,11,5.8,68.0,4.0,226.0,0.0,10.0
WX-CET2,2030-05-04T18:00:00Z,2030-05-05T06:00:00Z,12,3.9,72.0,5.0,217.0,0.0,10.0
WX-CET2,2030-05-04T18:00:00Z,2030-05-05T07:00:00Z,13,2.8,85.0,5.0,219.0,0.0,10.0
WX-CET2,2030-05-04T18:00:00Z,2030-05-05T08:00:00Z,14,1.2,94.0,5.0,220.0,0.0,10.0
WX-CET2,2030-05-04T18:00:00Z,2030-05-05T09:00:00Z,15,0.3,96.0,5.0,214.0,0.0,10.0
WX-CET2,2030-05-04T18:00:00Z,2030-05-05T10:00:00Z,16,1.6,92.0,5.0,216.0,0.0,10.0
WX-CET2,2030-05-04T18:00:00Z,2030-05-05T11:00:00Z,17,2.1,92.0,5.0,218.0,0.0,10.0
WX-CET2,2030-05-04T18:00:00Z,2030-05-05T12:00:00Z,18,2.2,77.0,5.0,212.0,0.0,10.0
WX-CET2,2030-05-04T18:00:00Z,2030-05-05T13:00:00Z,19,5.4,71.0,5.0,227.0,0.0,10.0
WX-CET2,2030-05-04T18:00:00Z,2030-05-05T14:00:00Z,20,5.6,65.0,6.0,218.0,0.0,10.0
WX-CET2,2030-05-04T18:00:00Z,2030-05-05T15:00:00Z,21,8.7,48.0,9.0,215.0,0.0,10.0
WX-CET2,2030-05-04T18:00:00Z,2030-05-05T16:00:00Z,22,10.8,39.0,11.0,213.0,0.0,10.0
WX-CET2,2030-05-04T18:00:00Z,2030-05-05T17:00:00Z,23,14.0,42.0,11.0,226.0,0.0,10.0
WX-CET2,2030-05-04T18:00:00Z,2030-05-05T18:00:00Z,24,16.7,34.0,14.0,224.0,0.0,10.0
WX-CET2,2030-05-04T18:00:00Z,2030-05-05T19:00:00Z,25,18.1,29.0,14.0,213.0,0.0,10.0
WX-CET2,2030-05-04T18:00:00Z,2030-05-05T20:00:00Z,26,19.6,34.0,14.0,209.0,0.0,10.0
WX-CET2,2030-05-04T18:00:00Z,2030-05-05T21:00:00Z,27,21.7,25.0,17.0,223.0,0.0,10.0
WX-CET2,2030-05-04T18:00:00Z,2030-05-05T22:00:00Z,28,20.2,22.0,13.0,229.0,0.0,10.0
WX-CET2,2030-05-04T18:00:00Z,2030-05-05T23:00:00Z,29,19.1,26.0,11.0,215.0,0.0,10.0
WX-CET2,2030-05-04T18:00:00Z,2030-05-06T00:00:00Z,30,19.0,30.0,12.0,222.0,0.0,10.0
WX-CET2,2030-05-04T18:00:00Z,2030-05-06T01:00:00Z,31,16.3,29.0,10.0,221.0,0.0,10.0
WX-CET2,2030-05-04T18:00:00Z,2030-05-06T02:00:00Z,32,14.1,35.0,7.0,219.0,0.0,10.0
WX-CET2,2030-05-04T18:00:00Z,2030-05-06T03:00:00Z,33,10.7,49.0,5.0,228.0,0.0,10.0
WX-CET2,2030-05-04T18:00:00Z,2030-05-06T04:00:00Z,34,8.6,55.0,5.0,224.0,0.0,10.0
WX-CET2,2030-05-04T18:00:00Z,2030-05-06T05:00:00Z,35,6.8,65.0,5.0,210.0,0.0,10.0
WX-CET2,2030-05-04T18:00:00Z,2030-05-06T06:00:00Z,36,5.2,63.0,5.0,214.0,0.0,10.0
WX-CET2,2030-05-04T18:00:00Z,2030-05-06T07:00:00Z,37,4.6,70.0,5.0,202.0,0.0,10.0
WX-CET2,2030-05-04T18:00:00Z,2030-05-06T08:00:00Z,38,2.9,86.0,5.0,205.0,0.0,10.0
WX-CET2,2030-05-04T18:00:00Z,2030-05-06T09:00:00Z,39,1.5,78.0,4.0,207.0,0.0,10.0
WX-CET2,2030-05-04T18:00:00Z,2030-05-06T10:00:00Z,40,2.1,89.0,5.0,209.0,0.0,10.0
WX-CET2,2030-05-04T18:00:00Z,2030-05-06T11:00:00Z,41,2.2,84.0,5.0,208.0,0.0,10.0
WX-CET2,2030-05-04T18:00:00Z,2030-05-06T12:00:00Z,42,5.3,63.0,5.0,214.0,0.0,10.0
WX-CET2,2030-05-04T18:00:00Z,2030-05-06T13:00:00Z,43,5.3,71.0,6.0,215.0,0.0,10.0
WX-CET2,2030-05-04T18:00:00Z,2030-05-06T14:00:00Z,44,9.2,54.0,7.0,214.0,0.0,10.0
WX-CET2,2030-05-04T18:00:00Z,2030-05-06T15:00:00Z,45,11.3,45.0,9.0,208.0,0.0,10.0
WX-CET2,2030-05-04T18:00:00Z,2030-05-06T16:00:00Z,46,14.3,33.0,11.0,214.0,0.0,10.0
WX-CET2,2030-05-04T18:00:00Z,2030-05-06T17:00:00Z,47,16.7,30.0,13.0,217.0,0.0,10.0
WX-CET2,2030-05-04T18:00:00Z,2030-05-06T18:00:00Z,48,18.5,31.0,14.0,226.0,0.0,10.0
WX-CET2,2030-05-04T18:00:00Z,2030-05-06T19:00:00Z,49,21.1,19.0,17.0,214.0,0.0,10.0
WX-CET2,2030-05-04T18:00:00Z,2030-05-06T20:00:00Z,50,21.7,18.0,17.0,219.0,0.0,10.0
WX-CET2,2030-05-04T18:00:00Z,2030-05-06T21:00:00Z,51,22.0,23.0,20.0,213.0,0.0,10.0
WX-CET2,2030-05-04T18:00:00Z,2030-05-06T22:00:00Z,52,22.4,19.0,17.0,188.0,0.0,10.0
WX-CET2,2030-05-04T18:00:00Z,2030-05-06T23:00:00Z,53,22.1,19.0,17.0,195.0,0.0,10.0
WX-CET2,2030-05-04T18:00:00Z,2030-05-07T00:00:00Z,54,18.6,25.0,11.0,219.0,0.0,10.0
WX-CET2,2030-05-04T18:00:00Z,2030-05-07T01:00:00Z,55,19.0,28.0,10.0,219.0,0.0,10.0
WX-CET2,2030-05-04T18:00:00Z,2030-05-07T02:00:00Z,56,16.6,38.0,8.0,206.0,0.0,10.0
WX-CET2,2030-05-04T18:00:00Z,2030-05-07T03:00:00Z,57,13.6,37.0,5.0,200.0,0.0,10.0
WX-CET2,2030-05-04T18:00:00Z,2030-05-07T04:00:00Z,58,10.3,47.0,6.0,219.0,0.0,10.0
WX-CET2,2030-05-04T18:00:00Z,2030-05-07T05:00:00Z,59,9.8,47.0,5.0,219.0,0.0,10.0
WX-CET2,2030-05-04T18:00:00Z,2030-05-07T06:00:00Z,60,9.6,54.0,8.0,180.0,0.0,10.0
WX-CET2,2030-05-04T18:00:00Z,2030-05-07T07:00:00Z,61,8.4,56.0,7.0,191.0,0.0,10.0
WX-CET2,2030-05-04T18:00:00Z,2030-05-07T08:00:00Z,62,7.8,58.0,8.0,203.0,0.0,10.0
WX-CET2,2030-05-04T18:00:00Z,2030-05-07T09:00:00Z,63,3.4,52.0,7.0,212.0,0.0,10.0
WX-CET2,2030-05-04T18:00:00Z,2030-05-07T10:00:00Z,64,3.7,69.0,8.0,199.0,0.0,10.0
WX-CET2,2030-05-04T18:00:00Z,2030-05-07T11:00:00Z,65,7.4,62.0,8.0,203.0,0.0,10.0
WX-CET2,2030-05-04T18:00:00Z,2030-05-07T12:00:00Z,66,6.1,60.0,8.0,215.0,0.0,10.0
WX-CET2,2030-05-04T18:00:00Z,2030-05-07T13:00:00Z,67,7.6,47.0,6.0,205.0,0.0,10.0
WX-CET2,2030-05-04T18:00:00Z,2030-05-07T14:00:00Z,68,13.0,43.0,11.0,211.0,0.0,10.0
WX-CET2,2030-05-04T18:00:00Z,2030-05-07T15:00:00Z,69,15.3,41.0,13.0,204.0,0.0,10.0
WX-CET2,2030-05-04T18:00:00Z,2030-05-07T16:00:00Z,70,17.7,27.0,19.0,215.0,0.0,10.0
WX-CET2,2030-05-04T18:00:00Z,2030-05-07T17:00:00Z,71,20.0,36.0,22.0,202.0,0.0,10.0
WX-CET2,2030-05-04T18:00:00Z,2030-05-07T18:00:00Z,72,22.0,17.0,25.0,205.0,0.0,10.0
WX-CFN5,2030-05-04T18:00:00Z,2030-05-04T19:00:00Z,1,17.2,35.0,12.0,233.0,0.0,16.0
WX-CFN5,2030-05-04T18:00:00Z,2030-05-04T20:00:00Z,2,18.3,25.0,12.0,236.0,0.0,16.0
WX-CFN5,2030-05-04T18:00:00Z,2030-05-04T21:00:00Z,3,19.0,26.0,11.0,237.0,0.0,16.0
WX-CFN5,2030-05-04T18:00:00Z,2030-05-04T22:00:00Z,4,19.1,32.0,11.0,237.0,0.0,16.0
WX-CFN5,2030-05-04T18:00:00Z,2030-05-04T23:00:00Z,5,18.2,28.0,10.0,241.0,0.0,16.0
WX-CFN5,2030-05-04T18:00:00Z,2030-05-05T00:00:00Z,6,16.8,36.0,9.0,239.0,0.0,16.0
WX-CFN5,2030-05-04T18:00:00Z,2030-05-05T01:00:00Z,7,16.0,32.0,7.0,234.0,0.0,16.0
WX-CFN5,2030-05-04T18:00:00Z,2030-05-05T02:00:00Z,8,13.3,41.0,6.0,235.0,0.0,16.0
WX-CFN5,2030-05-04T18:00:00Z,2030-05-05T03:00:00Z,9,11.1,48.0,4.0,241.0,0.0,16.0
WX-CFN5,2030-05-04T18:00:00Z,2030-05-05T04:00:00Z,10,7.9,62.0,4.0,234.0,0.0,16.0
WX-CFN5,2030-05-04T18:00:00Z,2030-05-05T05:00:00Z,11,6.1,68.0,4.0,235.0,0.0,16.0
WX-CFN5,2030-05-04T18:00:00Z,2030-05-05T06:00:00Z,12,5.0,64.0,5.0,237.0,0.0,16.0
WX-CFN5,2030-05-04T18:00:00Z,2030-05-05T07:00:00Z,13,4.1,87.0,5.0,236.0,0.0,16.0
WX-CFN5,2030-05-04T18:00:00Z,2030-05-05T08:00:00Z,14,2.3,92.0,5.0,237.0,0.0,16.0
WX-CFN5,2030-05-04T18:00:00Z,2030-05-05T09:00:00Z,15,1.3,90.0,5.0,226.0,0.0,16.0
WX-CFN5,2030-05-04T18:00:00Z,2030-05-05T10:00:00Z,16,2.5,97.0,5.0,234.0,0.0,16.0
WX-CFN5,2030-05-04T18:00:00Z,2030-05-05T11:00:00Z,17,2.6,87.0,5.0,226.0,0.0,16.0
WX-CFN5,2030-05-04T18:00:00Z,2030-05-05T12:00:00Z,18,3.7,90.0,5.0,237.0,0.0,16.0
WX-CFN5,2030-05-04T18:00:00Z,2030-05-05T13:00:00Z,19,7.1,69.0,6.0,238.0,0.0,16.0
WX-CFN5,2030-05-04T18:00:00Z,2030-05-05T14:00:00Z,20,8.2,63.0,6.0,219.0,0.0,16.0
WX-CFN5,2030-05-04T18:00:00Z,2030-05-05T15:00:00Z,21,9.1,59.0,9.0,235.0,0.0,16.0
WX-CFN5,2030-05-04T18:00:00Z,2030-05-05T16:00:00Z,22,14.0,47.0,11.0,238.0,0.0,16.0
WX-CFN5,2030-05-04T18:00:00Z,2030-05-05T17:00:00Z,23,15.9,43.0,13.0,242.0,0.0,16.0
WX-CFN5,2030-05-04T18:00:00Z,2030-05-05T18:00:00Z,24,19.5,32.0,15.0,234.0,0.0,16.0
WX-CFN5,2030-05-04T18:00:00Z,2030-05-05T19:00:00Z,25,20.9,31.0,14.0,224.0,0.0,16.0
WX-CFN5,2030-05-04T18:00:00Z,2030-05-05T20:00:00Z,26,20.5,33.0,15.0,224.0,0.0,16.0
WX-CFN5,2030-05-04T18:00:00Z,2030-05-05T21:00:00Z,27,22.1,19.0,14.0,239.0,0.0,16.0
WX-CFN5,2030-05-04T18:00:00Z,2030-05-05T22:00:00Z,28,20.7,18.0,14.0,234.0,0.0,16.0
WX-CFN5,2030-05-04T18:00:00Z,2030-05-05T23:00:00Z,29,21.1,24.0,14.0,245.0,0.0,16.0
WX-CFN5,2030-05-04T18:00:00Z,2030-05-06T00:00:00Z,30,18.9,22.0,13.0,247.0,0.0,16.0
WX-CFN5,2030-05-04T18:00:00Z,2030-05-06T01:00:00Z,31,17.9,27.0,10.0,238.0,0.0,16.0
WX-CFN5,2030-05-04T18:00:00Z,2030-05-06T02:00:00Z,32,15.8,40.0,8.0,231.0,0.0,16.0
WX-CFN5,2030-05-04T18:00:00Z,2030-05-06T03:00:00Z,33,13.9,44.0,5.0,242.0,0.0,16.0
WX-CFN5,2030-05-04T18:00:00Z,2030-05-06T04:00:00Z,34,10.2,56.0,5.0,243.0,0.0,16.0
WX-CFN5,2030-05-04T18:00:00Z,2030-05-06T05:00:00Z,35,9.2,69.0,5.0,238.0,0.0,16.0
WX-CFN5,2030-05-04T18:00:00Z,2030-05-06T06:00:00Z,36,6.4,69.0,6.0,228.0,0.0,16.0
WX-CFN5,2030-05-04T18:00:00Z,2030-05-06T07:00:00Z,37,5.1,75.0,6.0,231.0,0.0,16.0
WX-CFN5,2030-05-04T18:00:00Z,2030-05-06T08:00:00Z,38,4.6,86.0,5.0,236.0,0.0,16.0
WX-CFN5,2030-05-04T18:00:00Z,2030-05-06T09:00:00Z,39,3.8,87.0,5.0,222.0,0.0,16.0
WX-CFN5,2030-05-04T18:00:00Z,2030-05-06T10:00:00Z,40,2.7,94.0,5.0,241.0,0.0,16.0
WX-CFN5,2030-05-04T18:00:00Z,2030-05-06T11:00:00Z,41,5.7,78.0,5.0,221.0,0.0,16.0
WX-CFN5,2030-05-04T18:00:00Z,2030-05-06T12:00:00Z,42,6.0,68.0,5.0,224.0,0.0,16.0
WX-CFN5,2030-05-04T18:00:00Z,2030-05-06T13:00:00Z,43,7.1,62.0,5.0,220.0,0.0,16.0
WX-CFN5,2030-05-04T18:00:00Z,2030-05-06T14:00:00Z,44,9.7,51.0,6.0,213.0,0.0,16.0
WX-CFN5,2030-05-04T18:00:00Z,2030-05-06T15:00:00Z,45,12.7,44.0,9.0,229.0,0.0,16.0
WX-CFN5,2030-05-04T18:00:00Z,2030-05-06T16:00:00Z,46,15.1,32.0,13.0,232.0,0.0,16.0
WX-CFN5,2030-05-04T18:00:00Z,2030-05-06T17:00:00Z,47,16.8,39.0,17.0,218.0,0.0,16.0
WX-CFN5,2030-05-04T18:00:00Z,2030-05-06T18:00:00Z,48,20.0,35.0,15.0,222.0,0.0,16.0
WX-CFN5,2030-05-04T18:00:00Z,2030-05-06T19:00:00Z,49,22.6,21.0,16.0,227.0,0.0,16.0
WX-CFN5,2030-05-04T18:00:00Z,2030-05-06T20:00:00Z,50,22.3,23.0,16.0,233.0,0.0,16.0
WX-CFN5,2030-05-04T18:00:00Z,2030-05-06T21:00:00Z,51,23.8,24.0,19.0,221.0,0.0,16.0
WX-CFN5,2030-05-04T18:00:00Z,2030-05-06T22:00:00Z,52,23.5,22.0,19.0,222.0,0.0,16.0
WX-CFN5,2030-05-04T18:00:00Z,2030-05-06T23:00:00Z,53,23.0,40.0,16.0,234.0,0.0,16.0
WX-CFN5,2030-05-04T18:00:00Z,2030-05-07T00:00:00Z,54,22.5,31.0,14.0,218.0,0.0,16.0
WX-CFN5,2030-05-04T18:00:00Z,2030-05-07T01:00:00Z,55,18.7,31.0,10.0,228.0,0.0,16.0
WX-CFN5,2030-05-04T18:00:00Z,2030-05-07T02:00:00Z,56,16.7,34.0,8.0,230.0,0.0,16.0
WX-CFN5,2030-05-04T18:00:00Z,2030-05-07T03:00:00Z,57,14.9,33.0,5.0,219.0,0.0,16.0
WX-CFN5,2030-05-04T18:00:00Z,2030-05-07T04:00:00Z,58,13.6,45.0,5.0,234.0,0.0,16.0
WX-CFN5,2030-05-04T18:00:00Z,2030-05-07T05:00:00Z,59,11.2,54.0,5.0,216.0,0.0,16.0
WX-CFN5,2030-05-04T18:00:00Z,2030-05-07T06:00:00Z,60,10.9,56.0,8.0,221.0,0.0,16.0
WX-CFN5,2030-05-04T18:00:00Z,2030-05-07T07:00:00Z,61,9.0,63.0,9.0,233.0,0.0,16.0
WX-CFN5,2030-05-04T18:00:00Z,2030-05-07T08:00:00Z,62,7.2,70.0,8.0,229.0,0.0,16.0
WX-CFN5,2030-05-04T18:00:00Z,2030-05-07T09:00:00Z,63,6.0,69.0,8.0,231.0,0.0,16.0
WX-CFN5,2030-05-04T18:00:00Z,2030-05-07T10:00:00Z,64,7.6,69.0,8.0,215.0,0.0,16.0
WX-CFN5,2030-05-04T18:00:00Z,2030-05-07T11:00:00Z,65,8.2,53.0,8.0,231.0,0.0,16.0
WX-CFN5,2030-05-04T18:00:00Z,2030-05-07T12:00:00Z,66,9.2,67.0,8.0,240.0,0.0,16.0
WX-CFN5,2030-05-04T18:00:00Z,2030-05-07T13:00:00Z,67,10.8,63.0,8.0,219.0,0.0,17.0
WX-CFN5,2030-05-04T18:00:00Z,2030-05-07T14:00:00Z,68,13.7,33.0,13.0,223.0,0.0,17.0
WX-CFN5,2030-05-04T18:00:00Z,2030-05-07T15:00:00Z,69,15.3,35.0,15.0,215.0,0.0,17.0
WX-CFN5,2030-05-04T18:00:00Z,2030-05-07T16:00:00Z,70,18.8,25.0,23.0,239.0,0.0,18.0
WX-CFN5,2030-05-04T18:00:00Z,2030-05-07T17:00:00Z,71,20.3,29.0,21.0,216.0,0.0,20.0
WX-CFN5,2030-05-04T18:00:00Z,2030-05-07T18:00:00Z,72,24.0,26.0,25.0,239.0,0.0,23.0
WX-CEM5,2030-05-04T18:00:00Z,2030-05-04T19:00:00Z,1,22.2,23.0,9.0,234.0,0.0,21.0
WX-CEM5,2030-05-04T18:00:00Z,2030-05-04T20:00:00Z,2,24.3,19.0,10.0,232.0,0.0,21.0
WX-CEM5,2030-05-04T18:00:00Z,2030-05-04T21:00:00Z,3,23.1,18.0,9.0,231.0,0.0,21.0
WX-CEM5,2030-05-04T18:00:00Z,2030-05-04T22:00:00Z,4,24.4,19.0,9.0,232.0,0.0,21.0
WX-CEM5,2030-05-04T18:00:00Z,2030-05-04T23:00:00Z,5,22.7,25.0,8.0,230.0,0.0,21.0
WX-CEM5,2030-05-04T18:00:00Z,2030-05-05T00:00:00Z,6,23.2,23.0,7.0,237.0,0.0,21.0
WX-CEM5,2030-05-04T18:00:00Z,2030-05-05T01:00:00Z,7,20.0,26.0,6.0,239.0,0.0,21.0
WX-CEM5,2030-05-04T18:00:00Z,2030-05-05T02:00:00Z,8,16.6,26.0,5.0,234.0,0.0,21.0
WX-CEM5,2030-05-04T18:00:00Z,2030-05-05T03:00:00Z,9,16.1,27.0,3.0,238.0,0.0,21.0
WX-CEM5,2030-05-04T18:00:00Z,2030-05-05T04:00:00Z,10,13.3,43.0,4.0,235.0,0.0,21.0
WX-CEM5,2030-05-04T18:00:00Z,2030-05-05T05:00:00Z,11,13.1,40.0,3.0,234.0,0.0,21.0
WX-CEM5,2030-05-04T18:00:00Z,2030-05-05T06:00:00Z,12,11.6,45.0,4.0,224.0,0.0,21.0
WX-CEM5,2030-05-04T18:00:00Z,2030-05-05T07:00:00Z,13,9.5,53.0,4.0,232.0,0.0,21.0
WX-CEM5,2030-05-04T18:00:00Z,2030-05-05T08:00:00Z,14,7.7,56.0,4.0,231.0,0.0,21.0
WX-CEM5,2030-05-04T18:00:00Z,2030-05-05T09:00:00Z,15,7.8,58.0,4.0,236.0,0.0,21.0
WX-CEM5,2030-05-04T18:00:00Z,2030-05-05T10:00:00Z,16,6.7,61.0,3.0,236.0,0.0,21.0
WX-CEM5,2030-05-04T18:00:00Z,2030-05-05T11:00:00Z,17,7.8,61.0,4.0,225.0,0.0,21.0
WX-CEM5,2030-05-04T18:00:00Z,2030-05-05T12:00:00Z,18,9.2,53.0,4.0,227.0,0.0,21.0
WX-CEM5,2030-05-04T18:00:00Z,2030-05-05T13:00:00Z,19,11.5,53.0,4.0,232.0,0.0,21.0
WX-CEM5,2030-05-04T18:00:00Z,2030-05-05T14:00:00Z,20,13.2,39.0,4.0,224.0,0.0,21.0
WX-CEM5,2030-05-04T18:00:00Z,2030-05-05T15:00:00Z,21,15.5,32.0,7.0,233.0,0.0,21.0
WX-CEM5,2030-05-04T18:00:00Z,2030-05-05T16:00:00Z,22,18.1,32.0,9.0,226.0,0.0,21.0
WX-CEM5,2030-05-04T18:00:00Z,2030-05-05T17:00:00Z,23,21.6,26.0,11.0,231.0,0.0,21.0
WX-CEM5,2030-05-04T18:00:00Z,2030-05-05T18:00:00Z,24,22.9,23.0,11.0,238.0,0.0,21.0
WX-CEM5,2030-05-04T18:00:00Z,2030-05-05T19:00:00Z,25,25.3,27.0,10.0,228.0,0.0,21.0
WX-CEM5,2030-05-04T18:00:00Z,2030-05-05T20:00:00Z,26,26.5,15.0,12.0,224.0,0.0,21.0
WX-CEM5,2030-05-04T18:00:00Z,2030-05-05T21:00:00Z,27,25.5,20.0,12.0,233.0,0.0,21.0
WX-CEM5,2030-05-04T18:00:00Z,2030-05-05T22:00:00Z,28,27.5,21.0,10.0,232.0,0.0,21.0
WX-CEM5,2030-05-04T18:00:00Z,2030-05-05T23:00:00Z,29,26.6,19.0,10.0,235.0,0.0,21.0
WX-CEM5,2030-05-04T18:00:00Z,2030-05-06T00:00:00Z,30,24.8,17.0,9.0,226.0,0.0,21.0
WX-CEM5,2030-05-04T18:00:00Z,2030-05-06T01:00:00Z,31,23.6,9.0,7.0,228.0,0.0,21.0
WX-CEM5,2030-05-04T18:00:00Z,2030-05-06T02:00:00Z,32,20.8,23.0,6.0,225.0,0.0,21.0
WX-CEM5,2030-05-04T18:00:00Z,2030-05-06T03:00:00Z,33,18.4,29.0,4.0,242.0,0.0,21.0
WX-CEM5,2030-05-04T18:00:00Z,2030-05-06T04:00:00Z,34,16.2,33.0,4.0,224.0,0.0,21.0
WX-CEM5,2030-05-04T18:00:00Z,2030-05-06T05:00:00Z,35,13.2,49.0,4.0,238.0,0.0,21.0
WX-CEM5,2030-05-04T18:00:00Z,2030-05-06T06:00:00Z,36,12.2,44.0,4.0,219.0,0.0,21.0
WX-CEM5,2030-05-04T18:00:00Z,2030-05-06T07:00:00Z,37,11.3,44.0,4.0,223.0,0.0,21.0
WX-CEM5,2030-05-04T18:00:00Z,2030-05-06T08:00:00Z,38,10.5,48.0,4.0,220.0,0.0,21.0
WX-CEM5,2030-05-04T18:00:00Z,2030-05-06T09:00:00Z,39,10.5,54.0,4.0,233.0,0.0,21.0
WX-CEM5,2030-05-04T18:00:00Z,2030-05-06T10:00:00Z,40,9.7,53.0,4.0,225.0,0.0,21.0
WX-CEM5,2030-05-04T18:00:00Z,2030-05-06T11:00:00Z,41,10.7,49.0,4.0,224.0,0.0,21.0
WX-CEM5,2030-05-04T18:00:00Z,2030-05-06T12:00:00Z,42,10.5,49.0,5.0,226.0,0.0,21.0
WX-CEM5,2030-05-04T18:00:00Z,2030-05-06T13:00:00Z,43,13.5,40.0,4.0,213.0,0.0,21.0
WX-CEM5,2030-05-04T18:00:00Z,2030-05-06T14:00:00Z,44,14.4,30.0,5.0,220.0,0.0,21.0
WX-CEM5,2030-05-04T18:00:00Z,2030-05-06T15:00:00Z,45,18.8,33.0,8.0,226.0,0.0,21.0
WX-CEM5,2030-05-04T18:00:00Z,2030-05-06T16:00:00Z,46,20.4,25.0,9.0,212.0,0.0,21.0
WX-CEM5,2030-05-04T18:00:00Z,2030-05-06T17:00:00Z,47,23.0,23.0,14.0,236.0,0.0,21.0
WX-CEM5,2030-05-04T18:00:00Z,2030-05-06T18:00:00Z,48,24.1,20.0,14.0,225.0,0.0,21.0
WX-CEM5,2030-05-04T18:00:00Z,2030-05-06T19:00:00Z,49,27.8,11.0,13.0,238.0,0.0,21.0
WX-CEM5,2030-05-04T18:00:00Z,2030-05-06T20:00:00Z,50,26.5,10.0,14.0,228.0,0.0,21.0
WX-CEM5,2030-05-04T18:00:00Z,2030-05-06T21:00:00Z,51,30.1,11.0,15.0,229.0,0.0,21.0
WX-CEM5,2030-05-04T18:00:00Z,2030-05-06T22:00:00Z,52,29.1,12.0,14.0,237.0,0.0,21.0
WX-CEM5,2030-05-04T18:00:00Z,2030-05-06T23:00:00Z,53,28.8,5.0,12.0,225.0,0.0,21.0
WX-CEM5,2030-05-04T18:00:00Z,2030-05-07T00:00:00Z,54,28.5,17.0,11.0,215.0,0.0,21.0
WX-CEM5,2030-05-04T18:00:00Z,2030-05-07T01:00:00Z,55,24.6,15.0,9.0,223.0,0.0,21.0
WX-CEM5,2030-05-04T18:00:00Z,2030-05-07T02:00:00Z,56,24.1,21.0,5.0,224.0,0.0,21.0
WX-CEM5,2030-05-04T18:00:00Z,2030-05-07T03:00:00Z,57,20.3,24.0,4.0,213.0,0.0,21.0
WX-CEM5,2030-05-04T18:00:00Z,2030-05-07T04:00:00Z,58,18.2,22.0,4.0,218.0,0.0,21.0
WX-CEM5,2030-05-04T18:00:00Z,2030-05-07T05:00:00Z,59,15.7,34.0,4.0,224.0,0.0,21.0
WX-CEM5,2030-05-04T18:00:00Z,2030-05-07T06:00:00Z,60,17.8,33.0,6.0,222.0,0.0,21.0
WX-CEM5,2030-05-04T18:00:00Z,2030-05-07T07:00:00Z,61,12.3,38.0,7.0,215.0,0.0,21.0
WX-CEM5,2030-05-04T18:00:00Z,2030-05-07T08:00:00Z,62,12.4,39.0,6.0,216.0,0.0,21.0
WX-CEM5,2030-05-04T18:00:00Z,2030-05-07T09:00:00Z,63,12.0,57.0,6.0,243.0,0.0,21.0
WX-CEM5,2030-05-04T18:00:00Z,2030-05-07T10:00:00Z,64,11.5,42.0,6.0,214.0,0.0,21.0
WX-CEM5,2030-05-04T18:00:00Z,2030-05-07T11:00:00Z,65,13.1,45.0,5.0,220.0,0.0,21.0
WX-CEM5,2030-05-04T18:00:00Z,2030-05-07T12:00:00Z,66,13.7,28.0,6.0,225.0,0.0,21.0
WX-CEM5,2030-05-04T18:00:00Z,2030-05-07T13:00:00Z,67,16.3,37.0,6.0,215.0,0.0,21.0
WX-CEM5,2030-05-04T18:00:00Z,2030-05-07T14:00:00Z,68,17.6,28.0,9.0,230.0,0.0,21.0
WX-CEM5,2030-05-04T18:00:00Z,2030-05-07T15:00:00Z,69,20.0,31.0,14.0,175.0,0.0,21.0
WX-CEM5,2030-05-04T18:00:00Z,2030-05-07T16:00:00Z,70,22.9,18.0,14.0,214.0,0.0,21.0
WX-CEM5,2030-05-04T18:00:00Z,2030-05-07T17:00:00Z,71,26.9,10.0,15.0,213.0,0.0,21.0
WX-CEM5,2030-05-04T18:00:00Z,2030-05-07T18:00:00Z,72,29.0,5.0,22.0,215.0,0.0,21.0
WX-CYMM,2030-05-05T18:00:00Z,2030-05-05T19:00:00Z,1,21.1,17.0,12.0,215.0,0.0,2.0
WX-CYMM,2030-05-05T18:00:00Z,2030-05-05T20:00:00Z,2,23.4,23.0,12.0,215.0,0.0,2.0
WX-CYMM,2030-05-05T18:00:00Z,2030-05-05T21:00:00Z,3,23.0,16.0,12.0,227.0,0.0,2.0
WX-CYMM,2030-05-05T18:00:00Z,2030-05-05T22:00:00Z,4,24.6,15.0,11.0,208.0,0.0,2.0
WX-CYMM,2030-05-05T18:00:00Z,2030-05-05T23:00:00Z,5,22.5,19.0,11.0,211.0,0.0,2.0
WX-CYMM,2030-05-05T18:00:00Z,2030-05-06T00:00:00Z,6,22.4,27.0,9.0,230.0,0.0,2.0
WX-CYMM,2030-05-05T18:00:00Z,2030-05-06T01:00:00Z,7,19.3,18.0,7.0,212.0,0.0,2.0
WX-CYMM,2030-05-05T18:00:00Z,2030-05-06T02:00:00Z,8,17.7,32.0,5.0,230.0,0.0,2.0
WX-CYMM,2030-05-05T18:00:00Z,2030-05-06T03:00:00Z,9,14.7,38.0,4.0,217.0,0.0,2.0
WX-CYMM,2030-05-05T18:00:00Z,2030-05-06T04:00:00Z,10,12.3,43.0,4.0,225.0,0.0,2.0
WX-CYMM,2030-05-05T18:00:00Z,2030-05-06T05:00:00Z,11,11.0,58.0,4.0,224.0,0.0,2.0
WX-CYMM,2030-05-05T18:00:00Z,2030-05-06T06:00:00Z,12,9.8,50.0,4.0,213.0,0.0,2.0
WX-CYMM,2030-05-05T18:00:00Z,2030-05-06T07:00:00Z,13,7.0,56.0,4.0,206.0,0.0,2.0
WX-CYMM,2030-05-05T18:00:00Z,2030-05-06T08:00:00Z,14,6.0,57.0,4.0,209.0,0.0,2.0
WX-CYMM,2030-05-05T18:00:00Z,2030-05-06T09:00:00Z,15,5.6,59.0,4.0,212.0,0.0,2.0
WX-CYMM,2030-05-05T18:00:00Z,2030-05-06T10:00:00Z,16,6.7,66.0,4.0,216.0,0.0,2.0
WX-CYMM,2030-05-05T18:00:00Z,2030-05-06T11:00:00Z,17,7.7,59.0,4.0,203.0,0.0,2.0
WX-CYMM,2030-05-05T18:00:00Z,2030-05-06T12:00:00Z,18,7.5,53.0,4.0,209.0,0.0,2.0
WX-CYMM,2030-05-05T18:00:00Z,2030-05-06T13:00:00Z,19,8.5,46.0,4.0,202.0,0.0,2.0
WX-CYMM,2030-05-05T18:00:00Z,2030-05-06T14:00:00Z,20,12.0,47.0,5.0,214.0,0.0,2.0
WX-CYMM,2030-05-05T18:00:00Z,2030-05-06T15:00:00Z,21,14.8,35.0,7.0,218.0,0.0,2.0
WX-CYMM,2030-05-05T18:00:00Z,2030-05-06T16:00:00Z,22,17.9,28.0,11.0,207.0,0.0,2.0
WX-CYMM,2030-05-05T18:00:00Z,2030-05-06T17:00:00Z,23,20.5,27.0,12.0,202.0,0.0,2.0
WX-CYMM,2030-05-05T18:00:00Z,2030-05-06T18:00:00Z,24,22.4,15.0,14.0,215.0,0.0,2.0
WX-CYMM,2030-05-05T18:00:00Z,2030-05-06T19:00:00Z,25,23.8,21.0,15.0,202.0,0.0,2.0
WX-CYMM,2030-05-05T18:00:00Z,2030-05-06T20:00:00Z,26,26.1,22.0,13.0,207.0,0.0,2.0
WX-CYMM,2030-05-05T18:00:00Z,2030-05-06T21:00:00Z,27,27.0,25.0,15.0,215.0,0.0,2.0
WX-CYMM,2030-05-05T18:00:00Z,2030-05-06T22:00:00Z,28,25.5,13.0,14.0,210.0,0.0,2.0
WX-CYMM,2030-05-05T18:00:00Z,2030-05-06T23:00:00Z,29,25.8,19.0,12.0,218.0,0.0,2.0
WX-CYMM,2030-05-05T18:00:00Z,2030-05-07T00:00:00Z,30,23.4,20.0,11.0,203.0,0.0,2.0
WX-CYMM,2030-05-05T18:00:00Z,2030-05-07T01:00:00Z,31,21.6,27.0,9.0,214.0,0.0,2.0
WX-CYMM,2030-05-05T18:00:00Z,2030-05-07T02:00:00Z,32,20.6,29.0,6.0,215.0,0.0,2.0
WX-CYMM,2030-05-05T18:00:00Z,2030-05-07T03:00:00Z,33,17.6,36.0,4.0,217.0,0.0,2.0
WX-CYMM,2030-05-05T18:00:00Z,2030-05-07T04:00:00Z,34,14.4,27.0,4.0,217.0,0.0,2.0
WX-CYMM,2030-05-05T18:00:00Z,2030-05-07T05:00:00Z,35,12.6,49.0,4.0,209.0,0.0,2.0
WX-CYMM,2030-05-05T18:00:00Z,2030-05-07T06:00:00Z,36,13.1,38.0,5.0,197.0,0.0,2.0
WX-CYMM,2030-05-05T18:00:00Z,2030-05-07T07:00:00Z,37,9.9,46.0,6.0,202.0,0.0,2.0
WX-CYMM,2030-05-05T18:00:00Z,2030-05-07T08:00:00Z,38,10.6,52.0,6.0,204.0,0.0,2.0
WX-CYMM,2030-05-05T18:00:00Z,2030-05-07T09:00:00Z,39,9.5,47.0,5.0,192.0,0.0,2.0
WX-CYMM,2030-05-05T18:00:00Z,2030-05-07T10:00:00Z,40,10.4,53.0,6.0,213.0,0.0,2.0
WX-CYMM,2030-05-05T18:00:00Z,2030-05-07T11:00:00Z,41,10.2,50.0,6.0,200.0,0.0,2.0
WX-CYMM,2030-05-05T18:00:00Z,2030-05-07T12:00:00Z,42,10.0,47.0,6.0,205.0,0.0,2.0
WX-CYMM,2030-05-05T18:00:00Z,2030-05-07T13:00:00Z,43,12.6,28.0,5.0,187.0,0.0,2.0
WX-CYMM,2030-05-05T18:00:00Z,2030-05-07T14:00:00Z,44,15.6,36.0,9.0,195.0,0.0,2.0
WX-CYMM,2030-05-05T18:00:00Z,2030-05-07T15:00:00Z,45,19.2,28.0,13.0,217.0,0.0,2.0
WX-CYMM,2030-05-05T18:00:00Z,2030-05-07T16:00:00Z,46,21.0,30.0,14.0,205.0,0.0,2.0
WX-CYMM,2030-05-05T18:00:00Z,2030-05-07T17:00:00Z,47,23.9,12.0,19.0,201.0,0.0,2.0
WX-CYMM,2030-05-05T18:00:00Z,2030-05-07T18:00:00Z,48,25.2,21.0,19.0,205.0,0.0,2.0
WX-CYMM,2030-05-05T18:00:00Z,2030-05-07T19:00:00Z,49,28.2,14.0,20.0,209.0,0.0,2.0
WX-CYMM,2030-05-05T18:00:00Z,2030-05-07T20:00:00Z,50,27.7,20.0,23.0,219.0,0.0,2.0
WX-CYMM,2030-05-05T18:00:00Z,2030-05-07T21:00:00Z,51,30.7,18.0,20.0,204.0,0.0,2.0
WX-CYMM,2030-05-05T18:00:00Z,2030-05-07T22:00:00Z,52,29.3,16.0,19.0,211.0,0.0,2.0
WX-CYMM,2030-05-05T18:00:00Z,2030-05-07T23:00:00Z,53,29.7,19.0,18.0,196.0,0.0,3.0
WX-CYMM,2030-05-05T18:00:00Z,2030-05-08T00:00:00Z,54,27.2,18.0,18.0,182.0,0.0,3.0
WX-CYMM,2030-05-05T18:00:00Z,2030-05-08T01:00:00Z,55,26.0,23.0,12.0,207.0,0.0,5.0
WX-CYMM,2030-05-05T18:00:00Z,2030-05-08T02:00:00Z,56,23.7,18.0,10.0,187.0,0.0,7.0
WX-CYMM,2030-05-05T18:00:00Z,2030-05-08T03:00:00Z,57,19.9,24.0,6.0,204.0,0.0,10.0
WX-CYMM,2030-05-05T18:00:00Z,2030-05-08T04:00:00Z,58,19.7,27.0,7.0,200.0,0.0,15.0
WX-CYMM,2030-05-05T18:00:00Z,2030-05-08T05:00:00Z,59,15.8,24.0,6.0,203.0,0.0,21.0
WX-CYMM,2030-05-05T18:00:00Z,2030-05-08T06:00:00Z,60,12.3,32.0,7.0,199.0,0.0,29.0
WX-CYMM,2030-05-05T18:00:00Z,2030-05-08T07:00:00Z,61,8.4,51.0,10.0,219.0,0.0,39.0
WX-CYMM,2030-05-05T18:00:00Z,2030-05-08T08:00:00Z,62,7.1,79.0,15.0,277.0,0.0,49.0
WX-CYMM,2030-05-05T18:00:00Z,2030-05-08T09:00:00Z,63,4.9,84.0,17.0,313.0,0.0,58.0
WX-CYMM,2030-05-05T18:00:00Z,2030-05-08T10:00:00Z,64,5.2,89.0,15.0,315.0,0.0,66.0
WX-CYMM,2030-05-05T18:00:00Z,2030-05-08T11:00:00Z,65,4.1,86.0,13.0,316.0,0.1,100.0
WX-CYMM,2030-05-05T18:00:00Z,2030-05-08T12:00:00Z,66,4.7,83.0,10.0,317.0,0.1,100.0
WX-CYMM,2030-05-05T18:00:00Z,2030-05-08T13:00:00Z,67,5.5,72.0,9.0,298.0,0.1,100.0
WX-CYMM,2030-05-05T18:00:00Z,2030-05-08T14:00:00Z,68,8.9,70.0,10.0,299.0,0.1,100.0
WX-CYMM,2030-05-05T18:00:00Z,2030-05-08T15:00:00Z,69,9.2,53.0,15.0,312.0,0.1,100.0
WX-CYMM,2030-05-05T18:00:00Z,2030-05-08T16:00:00Z,70,11.7,49.0,19.0,328.0,0.0,45.0
WX-CYMM,2030-05-05T18:00:00Z,2030-05-08T17:00:00Z,71,14.3,47.0,17.0,328.0,0.0,35.0
WX-CYMM,2030-05-05T18:00:00Z,2030-05-08T18:00:00Z,72,15.9,34.0,19.0,310.0,0.0,26.0
WX-CYZH,2030-05-05T18:00:00Z,2030-05-05T19:00:00Z,1,23.4,21.0,13.0,236.0,0.0,28.0
WX-CYZH,2030-05-05T18:00:00Z,2030-05-05T20:00:00Z,2,24.9,19.0,13.0,235.0,0.0,28.0
WX-CYZH,2030-05-05T18:00:00Z,2030-05-05T21:00:00Z,3,24.7,18.0,14.0,229.0,0.0,28.0
WX-CYZH,2030-05-05T18:00:00Z,2030-05-05T22:00:00Z,4,24.6,20.0,12.0,240.0,0.0,28.0
WX-CYZH,2030-05-05T18:00:00Z,2030-05-05T23:00:00Z,5,25.3,13.0,11.0,238.0,0.0,28.0
WX-CYZH,2030-05-05T18:00:00Z,2030-05-06T00:00:00Z,6,22.9,18.0,9.0,246.0,0.0,28.0
WX-CYZH,2030-05-05T18:00:00Z,2030-05-06T01:00:00Z,7,21.5,20.0,8.0,228.0,0.0,28.0
WX-CYZH,2030-05-05T18:00:00Z,2030-05-06T02:00:00Z,8,18.3,27.0,6.0,235.0,0.0,28.0
WX-CYZH,2030-05-05T18:00:00Z,2030-05-06T03:00:00Z,9,16.4,28.0,5.0,227.0,0.0,28.0
WX-CYZH,2030-05-05T18:00:00Z,2030-05-06T04:00:00Z,10,13.5,32.0,4.0,234.0,0.0,28.0
WX-CYZH,2030-05-05T18:00:00Z,2030-05-06T05:00:00Z,11,10.9,46.0,4.0,235.0,0.0,28.0
WX-CYZH,2030-05-05T18:00:00Z,2030-05-06T06:00:00Z,12,11.1,42.0,4.0,240.0,0.0,28.0
WX-CYZH,2030-05-05T18:00:00Z,2030-05-06T07:00:00Z,13,9.9,51.0,4.0,233.0,0.0,28.0
WX-CYZH,2030-05-05T18:00:00Z,2030-05-06T08:00:00Z,14,8.0,51.0,4.0,224.0,0.0,28.0
WX-CYZH,2030-05-05T18:00:00Z,2030-05-06T09:00:00Z,15,7.4,57.0,4.0,240.0,0.0,28.0
WX-CYZH,2030-05-05T18:00:00Z,2030-05-06T10:00:00Z,16,7.8,61.0,4.0,239.0,0.0,28.0
WX-CYZH,2030-05-05T18:00:00Z,2030-05-06T11:00:00Z,17,8.8,52.0,4.0,252.0,0.0,28.0
WX-CYZH,2030-05-05T18:00:00Z,2030-05-06T12:00:00Z,18,9.7,48.0,4.0,225.0,0.0,28.0
WX-CYZH,2030-05-05T18:00:00Z,2030-05-06T13:00:00Z,19,10.9,46.0,5.0,244.0,0.0,28.0
WX-CYZH,2030-05-05T18:00:00Z,2030-05-06T14:00:00Z,20,12.1,42.0,5.0,239.0,0.0,28.0
WX-CYZH,2030-05-05T18:00:00Z,2030-05-06T15:00:00Z,21,16.4,35.0,8.0,228.0,0.0,28.0
WX-CYZH,2030-05-05T18:00:00Z,2030-05-06T16:00:00Z,22,18.7,24.0,11.0,233.0,0.0,28.0
WX-CYZH,2030-05-05T18:00:00Z,2030-05-06T17:00:00Z,23,21.0,21.0,12.0,234.0,0.0,28.0
WX-CYZH,2030-05-05T18:00:00Z,2030-05-06T18:00:00Z,24,22.6,12.0,14.0,227.0,0.0,28.0
WX-CYZH,2030-05-05T18:00:00Z,2030-05-06T19:00:00Z,25,25.6,22.0,15.0,219.0,0.0,28.0
WX-CYZH,2030-05-05T18:00:00Z,2030-05-06T20:00:00Z,26,26.0,16.0,15.0,236.0,0.0,28.0
WX-CYZH,2030-05-05T18:00:00Z,2030-05-06T21:00:00Z,27,26.3,18.0,14.0,233.0,0.0,28.0
WX-CYZH,2030-05-05T18:00:00Z,2030-05-06T22:00:00Z,28,26.9,19.0,15.0,233.0,0.0,28.0
WX-CYZH,2030-05-05T18:00:00Z,2030-05-06T23:00:00Z,29,25.7,14.0,13.0,216.0,0.0,28.0
WX-CYZH,2030-05-05T18:00:00Z,2030-05-07T00:00:00Z,30,25.7,12.0,11.0,234.0,0.0,28.0
WX-CYZH,2030-05-05T18:00:00Z,2030-05-07T01:00:00Z,31,22.4,27.0,9.0,221.0,0.0,28.0
WX-CYZH,2030-05-05T18:00:00Z,2030-05-07T02:00:00Z,32,20.7,17.0,7.0,239.0,0.0,28.0
WX-CYZH,2030-05-05T18:00:00Z,2030-05-07T03:00:00Z,33,17.3,28.0,4.0,238.0,0.0,28.0
WX-CYZH,2030-05-05T18:00:00Z,2030-05-07T04:00:00Z,34,15.5,31.0,4.0,229.0,0.0,28.0
WX-CYZH,2030-05-05T18:00:00Z,2030-05-07T05:00:00Z,35,13.1,40.0,4.0,223.0,0.0,28.0
WX-CYZH,2030-05-05T18:00:00Z,2030-05-07T06:00:00Z,36,14.0,35.0,7.0,234.0,0.0,28.0
WX-CYZH,2030-05-05T18:00:00Z,2030-05-07T07:00:00Z,37,11.5,35.0,7.0,224.0,0.0,28.0
WX-CYZH,2030-05-05T18:00:00Z,2030-05-07T08:00:00Z,38,11.2,44.0,5.0,220.0,0.0,28.0
WX-CYZH,2030-05-05T18:00:00Z,2030-05-07T09:00:00Z,39,10.4,45.0,7.0,220.0,0.0,28.0
WX-CYZH,2030-05-05T18:00:00Z,2030-05-07T10:00:00Z,40,10.2,42.0,7.0,214.0,0.0,28.0
WX-CYZH,2030-05-05T18:00:00Z,2030-05-07T11:00:00Z,41,11.3,42.0,7.0,225.0,0.0,28.0
WX-CYZH,2030-05-05T18:00:00Z,2030-05-07T12:00:00Z,42,12.1,35.0,6.0,222.0,0.0,28.0
WX-CYZH,2030-05-05T18:00:00Z,2030-05-07T13:00:00Z,43,13.9,34.0,6.0,225.0,0.0,28.0
WX-CYZH,2030-05-05T18:00:00Z,2030-05-07T14:00:00Z,44,16.3,34.0,10.0,227.0,0.0,28.0
WX-CYZH,2030-05-05T18:00:00Z,2030-05-07T15:00:00Z,45,20.0,22.0,14.0,210.0,0.0,28.0
WX-CYZH,2030-05-05T18:00:00Z,2030-05-07T16:00:00Z,46,22.2,16.0,15.0,218.0,0.0,28.0
WX-CYZH,2030-05-05T18:00:00Z,2030-05-07T17:00:00Z,47,24.4,20.0,18.0,215.0,0.0,28.0
WX-CYZH,2030-05-05T18:00:00Z,2030-05-07T18:00:00Z,48,27.9,26.0,20.0,241.0,0.0,28.0
WX-CYZH,2030-05-05T18:00:00Z,2030-05-07T19:00:00Z,49,28.4,16.0,24.0,219.0,0.0,28.0
WX-CYZH,2030-05-05T18:00:00Z,2030-05-07T20:00:00Z,50,30.2,17.0,20.0,224.0,0.0,28.0
WX-CYZH,2030-05-05T18:00:00Z,2030-05-07T21:00:00Z,51,31.1,5.0,22.0,220.0,0.0,29.0
WX-CYZH,2030-05-05T18:00:00Z,2030-05-07T22:00:00Z,52,32.1,5.0,22.0,229.0,0.0,30.0
WX-CYZH,2030-05-05T18:00:00Z,2030-05-07T23:00:00Z,53,31.1,21.0,16.0,212.0,0.0,31.0
WX-CYZH,2030-05-05T18:00:00Z,2030-05-08T00:00:00Z,54,30.3,13.0,15.0,211.0,0.0,33.0
WX-CYZH,2030-05-05T18:00:00Z,2030-05-08T01:00:00Z,55,26.8,5.0,15.0,206.0,0.0,37.0
WX-CYZH,2030-05-05T18:00:00Z,2030-05-08T02:00:00Z,56,24.6,26.0,12.0,223.0,0.0,42.0
WX-CYZH,2030-05-05T18:00:00Z,2030-05-08T03:00:00Z,57,22.3,14.0,8.0,206.0,0.0,49.0
WX-CYZH,2030-05-05T18:00:00Z,2030-05-08T04:00:00Z,58,19.2,25.0,9.0,212.0,0.0,57.0
WX-CYZH,2030-05-05T18:00:00Z,2030-05-08T05:00:00Z,59,15.2,27.0,11.0,230.0,0.0,67.0
WX-CYZH,2030-05-05T18:00:00Z,2030-05-08T06:00:00Z,60,9.0,43.0,16.0,301.0,0.0,77.0
WX-CYZH,2030-05-05T18:00:00Z,2030-05-08T07:00:00Z,61,5.8,67.0,15.0,323.0,0.0,86.0
WX-CYZH,2030-05-05T18:00:00Z,2030-05-08T08:00:00Z,62,4.8,71.0,18.0,346.0,0.0,93.0
WX-CYZH,2030-05-05T18:00:00Z,2030-05-08T09:00:00Z,63,4.6,67.0,12.0,326.0,0.1,100.0
WX-CYZH,2030-05-05T18:00:00Z,2030-05-08T10:00:00Z,64,5.7,77.0,12.0,343.0,0.1,100.0
WX-CYZH,2030-05-05T18:00:00Z,2030-05-08T11:00:00Z,65,4.4,65.0,10.0,318.0,0.1,100.0
WX-CYZH,2030-05-05T18:00:00Z,2030-05-08T12:00:00Z,66,5.5,71.0,8.0,328.0,0.1,100.0
WX-CYZH,2030-05-05T18:00:00Z,2030-05-08T13:00:00Z,67,7.4,55.0,7.0,340.0,0.0,79.0
WX-CYZH,2030-05-05T18:00:00Z,2030-05-08T14:00:00Z,68,9.3,52.0,12.0,329.0,0.0,69.0
WX-CYZH,2030-05-05T18:00:00Z,2030-05-08T15:00:00Z,69,9.9,47.0,15.0,332.0,0.0,59.0
WX-CYZH,2030-05-05T18:00:00Z,2030-05-08T16:00:00Z,70,13.1,38.0,16.0,335.0,0.0,51.0
WX-CYZH,2030-05-05T18:00:00Z,2030-05-08T17:00:00Z,71,14.3,44.0,21.0,333.0,0.0,43.0
WX-CYZH,2030-05-05T18:00:00Z,2030-05-08T18:00:00Z,72,16.5,34.0,27.0,332.0,0.0,38.0
WX-CYOJ,2030-05-05T18:00:00Z,2030-05-05T19:00:00Z,1,21.4,21.0,15.0,227.0,0.0,9.0
WX-CYOJ,2030-05-05T18:00:00Z,2030-05-05T20:00:00Z,2,22.4,23.0,16.0,237.0,0.0,9.0
WX-CYOJ,2030-05-05T18:00:00Z,2030-05-05T21:00:00Z,3,23.1,18.0,16.0,234.0,0.0,9.0
WX-CYOJ,2030-05-05T18:00:00Z,2030-05-05T22:00:00Z,4,23.2,19.0,16.0,231.0,0.0,9.0
WX-CYOJ,2030-05-05T18:00:00Z,2030-05-05T23:00:00Z,5,22.2,19.0,13.0,227.0,0.0,9.0
WX-CYOJ,2030-05-05T18:00:00Z,2030-05-06T00:00:00Z,6,21.4,17.0,12.0,231.0,0.0,9.0
WX-CYOJ,2030-05-05T18:00:00Z,2030-05-06T01:00:00Z,7,20.0,20.0,9.0,227.0,0.0,9.0
WX-CYOJ,2030-05-05T18:00:00Z,2030-05-06T02:00:00Z,8,18.3,24.0,8.0,229.0,0.0,9.0
WX-CYOJ,2030-05-05T18:00:00Z,2030-05-06T03:00:00Z,9,15.4,30.0,5.0,227.0,0.0,9.0
WX-CYOJ,2030-05-05T18:00:00Z,2030-05-06T04:00:00Z,10,12.2,39.0,6.0,228.0,0.0,9.0
WX-CYOJ,2030-05-05T18:00:00Z,2030-05-06T05:00:00Z,11,10.0,47.0,5.0,232.0,0.0,9.0
WX-CYOJ,2030-05-05T18:00:00Z,2030-05-06T06:00:00Z,12,8.4,52.0,5.0,219.0,0.0,9.0
WX-CYOJ,2030-05-05T18:00:00Z,2030-05-06T07:00:00Z,13,8.1,62.0,5.0,234.0,0.0,9.0
WX-CYOJ,2030-05-05T18:00:00Z,2030-05-06T08:00:00Z,14,6.2,59.0,5.0,216.0,0.0,9.0
WX-CYOJ,2030-05-05T18:00:00Z,2030-05-06T09:00:00Z,15,5.8,65.0,5.0,228.0,0.0,9.0
WX-CYOJ,2030-05-05T18:00:00Z,2030-05-06T10:00:00Z,16,6.2,55.0,6.0,228.0,0.0,9.0
WX-CYOJ,2030-05-05T18:00:00Z,2030-05-06T11:00:00Z,17,5.7,61.0,5.0,224.0,0.0,9.0
WX-CYOJ,2030-05-05T18:00:00Z,2030-05-06T12:00:00Z,18,7.9,51.0,5.0,222.0,0.0,9.0
WX-CYOJ,2030-05-05T18:00:00Z,2030-05-06T13:00:00Z,19,9.0,53.0,6.0,240.0,0.0,9.0
WX-CYOJ,2030-05-05T18:00:00Z,2030-05-06T14:00:00Z,20,12.6,42.0,8.0,224.0,0.0,9.0
WX-CYOJ,2030-05-05T18:00:00Z,2030-05-06T15:00:00Z,21,14.8,39.0,10.0,224.0,0.0,9.0
WX-CYOJ,2030-05-05T18:00:00Z,2030-05-06T16:00:00Z,22,16.1,33.0,12.0,227.0,0.0,9.0
WX-CYOJ,2030-05-05T18:00:00Z,2030-05-06T17:00:00Z,23,19.6,19.0,15.0,227.0,0.0,9.0
WX-CYOJ,2030-05-05T18:00:00Z,2030-05-06T18:00:00Z,24,21.3,15.0,18.0,229.0,0.0,9.0
WX-CYOJ,2030-05-05T18:00:00Z,2030-05-06T19:00:00Z,25,23.4,16.0,18.0,226.0,0.0,9.0
WX-CYOJ,2030-05-05T18:00:00Z,2030-05-06T20:00:00Z,26,24.6,26.0,18.0,231.0,0.0,9.0
WX-CYOJ,2030-05-05T18:00:00Z,2030-05-06T21:00:00Z,27,25.1,19.0,19.0,224.0,0.0,9.0
WX-CYOJ,2030-05-05T18:00:00Z,2030-05-06T22:00:00Z,28,25.4,20.0,16.0,231.0,0.0,9.0
WX-CYOJ,2030-05-05T18:00:00Z,2030-05-06T23:00:00Z,29,25.4,10.0,14.0,232.0,0.0,9.0
WX-CYOJ,2030-05-05T18:00:00Z,2030-05-07T00:00:00Z,30,23.3,15.0,12.0,241.0,0.0,9.0
WX-CYOJ,2030-05-05T18:00:00Z,2030-05-07T01:00:00Z,31,23.2,23.0,12.0,229.0,0.0,9.0
WX-CYOJ,2030-05-05T18:00:00Z,2030-05-07T02:00:00Z,32,20.1,28.0,8.0,215.0,0.0,9.0
WX-CYOJ,2030-05-05T18:00:00Z,2030-05-07T03:00:00Z,33,17.2,35.0,5.0,225.0,0.0,9.0
WX-CYOJ,2030-05-05T18:00:00Z,2030-05-07T04:00:00Z,34,13.8,39.0,5.0,226.0,0.0,9.0
WX-CYOJ,2030-05-05T18:00:00Z,2030-05-07T05:00:00Z,35,13.2,43.0,5.0,225.0,0.0,9.0
WX-CYOJ,2030-05-05T18:00:00Z,2030-05-07T06:00:00Z,36,12.4,37.0,9.0,221.0,0.0,9.0
WX-CYOJ,2030-05-05T18:00:00Z,2030-05-07T07:00:00Z,37,10.9,45.0,8.0,212.0,0.0,9.0
WX-CYOJ,2030-05-05T18:00:00Z,2030-05-07T08:00:00Z,38,9.4,44.0,9.0,211.0,0.0,9.0
WX-CYOJ,2030-05-05T18:00:00Z,2030-05-07T09:00:00Z,39,8.0,51.0,8.0,219.0,0.0,9.0
WX-CYOJ,2030-05-05T18:00:00Z,2030-05-07T10:00:00Z,40,8.8,45.0,8.0,214.0,0.0,9.0
WX-CYOJ,2030-05-05T18:00:00Z,2030-05-07T11:00:00Z,41,9.0,50.0,9.0,222.0,0.0,10.0
WX-CYOJ,2030-05-05T18:00:00Z,2030-05-07T12:00:00Z,42,10.5,38.0,8.0,221.0,0.0,11.0
WX-CYOJ,2030-05-05T18:00:00Z,2030-05-07T13:00:00Z,43,12.5,36.0,8.0,210.0,0.0,12.0
WX-CYOJ,2030-05-05T18:00:00Z,2030-05-07T14:00:00Z,44,15.4,33.0,11.0,210.0,0.0,15.0
WX-CYOJ,2030-05-05T18:00:00Z,2030-05-07T15:00:00Z,45,17.5,32.0,16.0,193.0,0.0,19.0
WX-CYOJ,2030-05-05T18:00:00Z,2030-05-07T16:00:00Z,46,19.4,27.0,19.0,202.0,0.0,25.0
WX-CYOJ,2030-05-05T18:00:00Z,2030-05-07T17:00:00Z,47,22.9,17.0,22.0,222.0,0.0,33.0
WX-CYOJ,2030-05-05T18:00:00Z,2030-05-07T18:00:00Z,48,25.7,9.0,36.0,232.0,0.0,42.0
WX-CYOJ,2030-05-05T18:00:00Z,2030-05-07T19:00:00Z,49,25.0,25.0,39.0,250.0,0.0,52.0
WX-CYOJ,2030-05-05T18:00:00Z,2030-05-07T20:00:00Z,50,20.6,26.0,54.0,300.0,0.0,61.0
WX-CYOJ,2030-05-05T18:00:00Z,2030-05-07T21:00:00Z,51,18.8,28.0,65.0,338.0,0.0,70.0
WX-CYOJ,2030-05-05T18:00:00Z,2030-05-07T22:00:00Z,52,19.8,27.0,57.0,320.0,0.0,76.0
WX-CYOJ,2030-05-05T18:00:00Z,2030-05-07T23:00:00Z,53,20.1,35.0,38.0,319.0,0.0,79.0
WX-CYOJ,2030-05-05T18:00:00Z,2030-05-08T00:00:00Z,54,18.6,28.0,30.0,306.0,0.0,77.0
WX-CYOJ,2030-05-05T18:00:00Z,2030-05-08T01:00:00Z,55,16.9,24.0,31.0,326.0,0.0,73.0
WX-CYOJ,2030-05-05T18:00:00Z,2030-05-08T02:00:00Z,56,15.5,34.0,21.0,305.0,0.0,65.0
WX-CYOJ,2030-05-05T18:00:00Z,2030-05-08T03:00:00Z,57,15.0,43.0,16.0,316.0,0.0,55.0
WX-CYOJ,2030-05-05T18:00:00Z,2030-05-08T04:00:00Z,58,12.2,51.0,17.0,324.0,0.0,45.0
WX-CYOJ,2030-05-05T18:00:00Z,2030-05-08T05:00:00Z,59,11.2,53.0,14.0,302.0,0.0,36.0
WX-CYOJ,2030-05-05T18:00:00Z,2030-05-08T06:00:00Z,60,4.8,67.0,9.0,344.0,0.0,28.0
WX-CYOJ,2030-05-05T18:00:00Z,2030-05-08T07:00:00Z,61,4.7,75.0,11.0,325.0,0.0,21.0
WX-CYOJ,2030-05-05T18:00:00Z,2030-05-08T08:00:00Z,62,5.0,90.0,10.0,333.0,0.0,17.0
WX-CYOJ,2030-05-05T18:00:00Z,2030-05-08T09:00:00Z,63,2.1,75.0,10.0,334.0,0.0,13.0
WX-CYOJ,2030-05-05T18:00:00Z,2030-05-08T10:00:00Z,64,2.1,81.0,10.0,320.0,0.0,11.0
WX-CYOJ,2030-05-05T18:00:00Z,2030-05-08T11:00:00Z,65,2.5,85.0,12.0,310.0,0.0,10.0
WX-CYOJ,2030-05-05T18:00:00Z,2030-05-08T12:00:00Z,66,4.6,73.0,10.0,319.0,0.0,9.0
WX-CYOJ,2030-05-05T18:00:00Z,2030-05-08T13:00:00Z,67,6.0,65.0,12.0,340.0,0.0,9.0
WX-CYOJ,2030-05-05T18:00:00Z,2030-05-08T14:00:00Z,68,7.5,61.0,13.0,330.0,0.0,9.0
WX-CYOJ,2030-05-05T18:00:00Z,2030-05-08T15:00:00Z,69,8.8,44.0,19.0,318.0,0.0,9.0
WX-CYOJ,2030-05-05T18:00:00Z,2030-05-08T16:00:00Z,70,10.9,44.0,21.0,326.0,0.0,9.0
WX-CYOJ,2030-05-05T18:00:00Z,2030-05-08T17:00:00Z,71,13.3,36.0,24.0,325.0,0.0,9.0
WX-CYOJ,2030-05-05T18:00:00Z,2030-05-08T18:00:00Z,72,13.0,35.0,26.0,342.0,0.0,9.0
WX-CYPE,2030-05-05T18:00:00Z,2030-05-05T19:00:00Z,1,21.4,21.0,10.0,208.0,0.0,0.0
WX-CYPE,2030-05-05T18:00:00Z,2030-05-05T20:00:00Z,2,23.2,19.0,11.0,203.0,0.0,0.0
WX-CYPE,2030-05-05T18:00:00Z,2030-05-05T21:00:00Z,3,23.6,13.0,11.0,201.0,0.0,0.0
WX-CYPE,2030-05-05T18:00:00Z,2030-05-05T22:00:00Z,4,23.4,18.0,10.0,209.0,0.0,0.0
WX-CYPE,2030-05-05T18:00:00Z,2030-05-05T23:00:00Z,5,22.1,14.0,10.0,198.0,0.0,0.0
WX-CYPE,2030-05-05T18:00:00Z,2030-05-06T00:00:00Z,6,21.2,19.0,8.0,205.0,0.0,0.0
WX-CYPE,2030-05-05T18:00:00Z,2030-05-06T01:00:00Z,7,20.0,19.0,7.0,200.0,0.0,0.0
WX-CYPE,2030-05-05T18:00:00Z,2030-05-06T02:00:00Z,8,17.9,26.0,6.0,208.0,0.0,0.0
WX-CYPE,2030-05-05T18:00:00Z,2030-05-06T03:00:00Z,9,16.2,36.0,4.0,204.0,0.0,0.0
WX-CYPE,2030-05-05T18:00:00Z,2030-05-06T04:00:00Z,10,13.3,36.0,3.0,212.0,0.0,0.0
WX-CYPE,2030-05-05T18:00:00Z,2030-05-06T05:00:00Z,11,10.5,49.0,4.0,207.0,0.0,0.0
WX-CYPE,2030-05-05T18:00:00Z,2030-05-06T06:00:00Z,12,9.9,43.0,4.0,199.0,0.0,0.0
WX-CYPE,2030-05-05T18:00:00Z,2030-05-06T07:00:00Z,13,8.4,56.0,4.0,196.0,0.0,0.0
WX-CYPE,2030-05-05T18:00:00Z,2030-05-06T08:00:00Z,14,7.0,57.0,4.0,189.0,0.0,0.0
WX-CYPE,2030-05-05T18:00:00Z,2030-05-06T09:00:00Z,15,6.6,61.0,4.0,205.0,0.0,0.0
WX-CYPE,2030-05-05T18:00:00Z,2030-05-06T10:00:00Z,16,6.2,60.0,4.0,203.0,0.0,0.0
WX-CYPE,2030-05-05T18:00:00Z,2030-05-06T11:00:00Z,17,7.6,58.0,4.0,194.0,0.0,0.0
WX-CYPE,2030-05-05T18:00:00Z,2030-05-06T12:00:00Z,18,7.7,56.0,3.0,195.0,0.0,0.0
WX-CYPE,2030-05-05T18:00:00Z,2030-05-06T13:00:00Z,19,9.5,46.0,4.0,198.0,0.0,0.0
WX-CYPE,2030-05-05T18:00:00Z,2030-05-06T14:00:00Z,20,10.9,42.0,5.0,201.0,0.0,0.0
WX-CYPE,2030-05-05T18:00:00Z,2030-05-06T15:00:00Z,21,15.1,31.0,7.0,205.0,0.0,0.0
WX-CYPE,2030-05-05T18:00:00Z,2030-05-06T16:00:00Z,22,16.1,29.0,9.0,191.0,0.0,0.0
WX-CYPE,2030-05-05T18:00:00Z,2030-05-06T17:00:00Z,23,19.5,26.0,11.0,200.0,0.0,0.0
WX-CYPE,2030-05-05T18:00:00Z,2030-05-06T18:00:00Z,24,21.5,24.0,13.0,206.0,0.0,0.0
WX-CYPE,2030-05-05T18:00:00Z,2030-05-06T19:00:00Z,25,23.0,14.0,12.0,212.0,0.0,0.0
WX-CYPE,2030-05-05T18:00:00Z,2030-05-06T20:00:00Z,26,24.2,14.0,13.0,201.0,0.0,0.0
WX-CYPE,2030-05-05T18:00:00Z,2030-05-06T21:00:00Z,27,25.1,12.0,14.0,190.0,0.0,0.0
WX-CYPE,2030-05-05T18:00:00Z,2030-05-06T22:00:00Z,28,25.9,20.0,14.0,201.0,0.0,0.0
WX-CYPE,2030-05-05T18:00:00Z,2030-05-06T23:00:00Z,29,24.6,12.0,13.0,197.0,0.0,0.0
WX-CYPE,2030-05-05T18:00:00Z,2030-05-07T00:00:00Z,30,24.0,21.0,10.0,194.0,0.0,0.0
WX-CYPE,2030-05-05T18:00:00Z,2030-05-07T01:00:00Z,31,22.3,24.0,8.0,196.0,0.0,0.0
WX-CYPE,2030-05-05T18:00:00Z,2030-05-07T02:00:00Z,32,18.7,32.0,5.0,202.0,0.0,0.0
WX-CYPE,2030-05-05T18:00:00Z,2030-05-07T03:00:00Z,33,16.7,35.0,4.0,204.0,0.0,0.0
WX-CYPE,2030-05-05T18:00:00Z,2030-05-07T04:00:00Z,34,14.0,37.0,4.0,190.0,0.0,0.0
WX-CYPE,2030-05-05T18:00:00Z,2030-05-07T05:00:00Z,35,11.0,45.0,4.0,201.0,0.0,0.0
WX-CYPE,2030-05-05T18:00:00Z,2030-05-07T06:00:00Z,36,11.3,38.0,6.0,195.0,0.0,0.0
WX-CYPE,2030-05-05T18:00:00Z,2030-05-07T07:00:00Z,37,10.5,43.0,6.0,183.0,0.0,0.0
WX-CYPE,2030-05-05T18:00:00Z,2030-05-07T08:00:00Z,38,8.1,45.0,6.0,175.0,0.0,0.0
WX-CYPE,2030-05-05T18:00:00Z,2030-05-07T09:00:00Z,39,7.6,46.0,5.0,181.0,0.0,0.0
WX-CYPE,2030-05-05T18:00:00Z,2030-05-07T10:00:00Z,40,7.3,52.0,6.0,191.0,0.0,0.0
WX-CYPE,2030-05-05T18:00:00Z,2030-05-07T11:00:00Z,41,8.8,50.0,4.0,168.0,0.0,0.0
WX-CYPE,2030-05-05T18:00:00Z,2030-05-07T12:00:00Z,42,11.7,40.0,7.0,188.0,0.0,0.0
WX-CYPE,2030-05-05T18:00:00Z,2030-05-07T13:00:00Z,43,13.2,38.0,6.0,182.0,0.0,0.0
WX-CYPE,2030-05-05T18:00:00Z,2030-05-07T14:00:00Z,44,15.0,27.0,8.0,176.0,0.0,1.0
WX-CYPE,2030-05-05T18:00:00Z,2030-05-07T15:00:00Z,45,17.2,27.0,11.0,196.0,0.0,1.0
WX-CYPE,2030-05-05T18:00:00Z,2030-05-07T16:00:00Z,46,20.6,23.0,13.0,189.0,0.0,2.0
WX-CYPE,2030-05-05T18:00:00Z,2030-05-07T17:00:00Z,47,23.3,13.0,18.0,177.0,0.0,3.0
WX-CYPE,2030-05-05T18:00:00Z,2030-05-07T18:00:00Z,48,25.4,18.0,22.0,182.0,0.0,6.0
WX-CYPE,2030-05-05T18:00:00Z,2030-05-07T19:00:00Z,49,26.5,11.0,19.0,186.0,0.0,9.0
WX-CYPE,2030-05-05T18:00:00Z,2030-05-07T20:00:00Z,50,28.7,7.0,20.0,189.0,0.0,14.0
WX-CYPE,2030-05-05T18:00:00Z,2030-05-07T21:00:00Z,51,29.3,12.0,20.0,176.0,0.0,21.0
WX-CYPE,2030-05-05T18:00:00Z,2030-05-07T22:00:00Z,52,29.9,11.0,21.0,197.0,0.0,29.0
WX-CYPE,2030-05-05T18:00:00Z,2030-05-07T23:00:00Z,53,28.2,20.0,25.0,211.0,0.0,39.0
WX-CYPE,2030-05-05T18:00:00Z,2030-05-08T00:00:00Z,54,21.9,29.0,32.0,266.0,0.0,49.0
WX-CYPE,2030-05-05T18:00:00Z,2030-05-08T01:00:00Z,55,18.8,31.0,24.0,282.0,0.0,58.0
WX-CYPE,2030-05-05T18:00:00Z,2030-05-08T02:00:00Z,56,16.7,41.0,22.0,299.0,0.0,65.0
WX-CYPE,2030-05-05T18:00:00Z,2030-05-08T03:00:00Z,57,15.4,44.0,15.0,291.0,0.0,70.0
WX-CYPE,2030-05-05T18:00:00Z,2030-05-08T04:00:00Z,58,14.0,46.0,12.0,311.0,0.0,70.0
WX-CYPE,2030-05-05T18:00:00Z,2030-05-08T05:00:00Z,59,12.6,53.0,12.0,304.0,0.0,67.0
WX-CYPE,2030-05-05T18:00:00Z,2030-05-08T06:00:00Z,60,7.3,68.0,6.0,297.0,0.0,60.0
WX-CYPE,2030-05-05T18:00:00Z,2030-05-08T07:00:00Z,61,5.2,69.0,7.0,305.0,0.0,51.0
WX-CYPE,2030-05-05T18:00:00Z,2030-05-08T08:00:00Z,62,5.0,87.0,8.0,295.0,0.0,41.0
WX-CYPE,2030-05-05T18:00:00Z,2030-05-08T09:00:00Z,63,5.2,95.0,8.0,294.0,0.0,32.0
WX-CYPE,2030-05-05T18:00:00Z,2030-05-08T10:00:00Z,64,4.1,84.0,7.0,304.0,0.0,23.0
WX-CYPE,2030-05-05T18:00:00Z,2030-05-08T11:00:00Z,65,3.8,85.0,7.0,313.0,0.0,16.0
WX-CYPE,2030-05-05T18:00:00Z,2030-05-08T12:00:00Z,66,5.9,79.0,8.0,301.0,0.0,10.0
WX-CYPE,2030-05-05T18:00:00Z,2030-05-08T13:00:00Z,67,6.8,64.0,8.0,299.0,0.0,6.0
WX-CYPE,2030-05-05T18:00:00Z,2030-05-08T14:00:00Z,68,8.2,53.0,8.0,315.0,0.0,4.0
WX-CYPE,2030-05-05T18:00:00Z,2030-05-08T15:00:00Z,69,9.4,50.0,12.0,306.0,0.0,2.0
WX-CYPE,2030-05-05T18:00:00Z,2030-05-08T16:00:00Z,70,12.4,39.0,17.0,317.0,0.0,1.0
WX-CYPE,2030-05-05T18:00:00Z,2030-05-08T17:00:00Z,71,11.3,34.0,19.0,297.0,0.0,1.0
WX-CYPE,2030-05-05T18:00:00Z,2030-05-08T18:00:00Z,72,14.1,33.0,20.0,294.0,0.0,1.0
WX-CYQU,2030-05-05T18:00:00Z,2030-05-05T19:00:00Z,1,22.1,20.0,15.0,231.0,0.0,5.0
WX-CYQU,2030-05-05T18:00:00Z,2030-05-05T20:00:00Z,2,23.1,23.0,15.0,220.0,0.0,5.0
WX-CYQU,2030-05-05T18:00:00Z,2030-05-05T21:00:00Z,3,24.5,19.0,16.0,226.0,0.0,5.0
WX-CYQU,2030-05-05T18:00:00Z,2030-05-05T22:00:00Z,4,23.6,14.0,15.0,228.0,0.0,5.0
WX-CYQU,2030-05-05T18:00:00Z,2030-05-05T23:00:00Z,5,23.7,23.0,15.0,222.0,0.0,5.0
WX-CYQU,2030-05-05T18:00:00Z,2030-05-06T00:00:00Z,6,21.9,26.0,12.0,227.0,0.0,5.0
WX-CYQU,2030-05-05T18:00:00Z,2030-05-06T01:00:00Z,7,20.3,27.0,9.0,228.0,0.0,5.0
WX-CYQU,2030-05-05T18:00:00Z,2030-05-06T02:00:00Z,8,16.5,28.0,8.0,227.0,0.0,5.0
WX-CYQU,2030-05-05T18:00:00Z,2030-05-06T03:00:00Z,9,14.9,32.0,5.0,221.0,0.0,5.0
WX-CYQU,2030-05-05T18:00:00Z,2030-05-06T04:00:00Z,10,12.1,43.0,5.0,237.0,0.0,5.0
WX-CYQU,2030-05-05T18:00:00Z,2030-05-06T05:00:00Z,11,11.0,42.0,6.0,224.0,0.0,5.0
WX-CYQU,2030-05-05T18:00:00Z,2030-05-06T06:00:00Z,12,10.5,54.0,5.0,223.0,0.0,5.0
WX-CYQU,2030-05-05T18:00:00Z,2030-05-06T07:00:00Z,13,8.3,54.0,5.0,221.0,0.0,5.0
WX-CYQU,2030-05-05T18:00:00Z,2030-05-06T08:00:00Z,14,7.2,57.0,5.0,224.0,0.0,5.0
WX-CYQU,2030-05-05T18:00:00Z,2030-05-06T09:00:00Z,15,6.8,62.0,5.0,218.0,0.0,5.0
WX-CYQU,2030-05-05T18:00:00Z,2030-05-06T10:00:00Z,16,5.5,61.0,5.0,213.0,0.0,5.0
WX-CYQU,2030-05-05T18:00:00Z,2030-05-06T11:00:00Z,17,6.2,63.0,5.0,227.0,0.0,5.0
WX-CYQU,2030-05-05T18:00:00Z,2030-05-06T12:00:00Z,18,7.8,58.0,5.0,225.0,0.0,5.0
WX-CYQU,2030-05-05T18:00:00Z,2030-05-06T13:00:00Z,19,9.7,50.0,5.0,215.0,0.0,5.0
WX-CYQU,2030-05-05T18:00:00Z,2030-05-06T14:00:00Z,20,13.0,43.0,6.0,219.0,0.0,5.0
WX-CYQU,2030-05-05T18:00:00Z,2030-05-06T15:00:00Z,21,14.6,39.0,9.0,216.0,0.0,5.0
WX-CYQU,2030-05-05T18:00:00Z,2030-05-06T16:00:00Z,22,16.1,32.0,11.0,219.0,0.0,5.0
WX-CYQU,2030-05-05T18:00:00Z,2030-05-06T17:00:00Z,23,19.8,30.0,16.0,221.0,0.0,5.0
WX-CYQU,2030-05-05T18:00:00Z,2030-05-06T18:00:00Z,24,21.3,20.0,18.0,221.0,0.0,5.0
WX-CYQU,2030-05-05T18:00:00Z,2030-05-06T19:00:00Z,25,23.6,21.0,17.0,224.0,0.0,5.0
WX-CYQU,2030-05-05T18:00:00Z,2030-05-06T20:00:00Z,26,25.3,18.0,18.0,231.0,0.0,5.0
WX-CYQU,2030-05-05T18:00:00Z,2030-05-06T21:00:00Z,27,26.2,20.0,20.0,207.0,0.0,5.0
WX-CYQU,2030-05-05T18:00:00Z,2030-05-06T22:00:00Z,28,26.3,11.0,18.0,221.0,0.0,5.0
WX-CYQU,2030-05-05T18:00:00Z,2030-05-06T23:00:00Z,29,26.0,9.0,15.0,215.0,0.0,5.0
WX-CYQU,2030-05-05T18:00:00Z,2030-05-07T00:00:00Z,30,24.0,15.0,14.0,224.0,0.0,5.0
WX-CYQU,2030-05-05T18:00:00Z,2030-05-07T01:00:00Z,31,21.4,21.0,11.0,238.0,0.0,5.0
WX-CYQU,2030-05-05T18:00:00Z,2030-05-07T02:00:00Z,32,20.0,25.0,9.0,221.0,0.0,5.0
WX-CYQU,2030-05-05T18:00:00Z,2030-05-07T03:00:00Z,33,18.3,33.0,5.0,232.0,0.0,5.0
WX-CYQU,2030-05-05T18:00:00Z,2030-05-07T04:00:00Z,34,14.3,38.0,5.0,220.0,0.0,5.0
WX-CYQU,2030-05-05T18:00:00Z,2030-05-07T05:00:00Z,35,12.5,41.0,5.0,227.0,0.0,5.0
WX-CYQU,2030-05-05T18:00:00Z,2030-05-07T06:00:00Z,36,13.5,32.0,8.0,225.0,0.0,5.0
WX-CYQU,2030-05-05T18:00:00Z,2030-05-07T07:00:00Z,37,10.8,37.0,8.0,194.0,0.0,5.0
WX-CYQU,2030-05-05T18:00:00Z,2030-05-07T08:00:00Z,38,9.9,48.0,8.0,203.0,0.0,5.0
WX-CYQU,2030-05-05T18:00:00Z,2030-05-07T09:00:00Z,39,8.8,51.0,9.0,212.0,0.0,5.0
WX-CYQU,2030-05-05T18:00:00Z,2030-05-07T10:00:00Z,40,10.4,41.0,8.0,219.0,0.0,5.0
WX-CYQU,2030-05-05T18:00:00Z,2030-05-07T11:00:00Z,41,8.8,43.0,8.0,218.0,0.0,5.0
WX-CYQU,2030-05-05T18:00:00Z,2030-05-07T12:00:00Z,42,12.2,45.0,10.0,218.0,0.0,5.0
WX-CYQU,2030-05-05T18:00:00Z,2030-05-07T13:00:00Z,43,12.7,43.0,8.0,216.0,0.0,5.0
WX-CYQU,2030-05-05T18:00:00Z,2030-05-07T14:00:00Z,44,14.8,32.0,11.0,216.0,0.0,6.0
WX-CYQU,2030-05-05T18:00:00Z,2030-05-07T15:00:00Z,45,17.5,30.0,16.0,202.0,0.0,6.0
WX-CYQU,2030-05-05T18:00:00Z,2030-05-07T16:00:00Z,46,20.8,32.0,17.0,202.0,0.0,7.0
WX-CYQU,2030-05-05T18:00:00Z,2030-05-07T17:00:00Z,47,24.9,21.0,23.0,203.0,0.0,8.0
WX-CYQU,2030-05-05T18:00:00Z,2030-05-07T18:00:00Z,48,26.0,12.0,22.0,215.0,0.0,11.0
WX-CYQU,2030-05-05T18:00:00Z,2030-05-07T19:00:00Z,49,28.3,14.0,32.0,206.0,0.0,15.0
WX-CYQU,2030-05-05T18:00:00Z,2030-05-07T20:00:00Z,50,29.7,17.0,26.0,203.0,0.0,20.0
WX-CYQU,2030-05-05T18:00:00Z,2030-05-07T21:00:00Z,51,29.5,8.0,32.0,203.0,0.0,27.0
WX-CYQU,2030-05-05T18:00:00Z,2030-05-07T22:00:00Z,52,29.3,5.0,30.0,203.0,0.0,36.0
WX-CYQU,2030-05-05T18:00:00Z,2030-05-07T23:00:00Z,53,26.2,15.0,32.0,227.0,0.0,45.0
WX-CYQU,2030-05-05T18:00:00Z,2030-05-08T00:00:00Z,54,21.0,31.0,43.0,292.0,0.0,55.0
WX-CYQU,2030-05-05T18:00:00Z,2030-05-08T01:00:00Z,55,18.4,29.0,35.0,323.0,0.0,64.0
WX-CYQU,2030-05-05T18:00:00Z,2030-05-08T02:00:00Z,56,15.2,39.0,29.0,313.0,0.1,100.0
WX-CYQU,2030-05-05T18:00:00Z,2030-05-08T03:00:00Z,57,16.8,48.0,21.0,296.0,0.1,100.0
WX-CYQU,2030-05-05T18:00:00Z,2030-05-08T04:00:00Z,58,13.5,40.0,15.0,305.0,0.1,100.0
WX-CYQU,2030-05-05T18:00:00Z,2030-05-08T05:00:00Z,59,10.1,49.0,16.0,329.0,0.1,100.0
WX-CYQU,2030-05-05T18:00:00Z,2030-05-08T06:00:00Z,60,5.1,71.0,12.0,313.0,0.1,100.0
WX-CYQU,2030-05-05T18:00:00Z,2030-05-08T07:00:00Z,61,6.8,84.0,10.0,323.0,0.1,100.0
WX-CYQU,2030-05-05T18:00:00Z,2030-05-08T08:00:00Z,62,3.9,81.0,9.0,322.0,0.0,45.0
WX-CYQU,2030-05-05T18:00:00Z,2030-05-08T09:00:00Z,63,5.4,76.0,11.0,319.0,0.0,35.0
WX-CYQU,2030-05-05T18:00:00Z,2030-05-08T10:00:00Z,64,3.3,74.0,10.0,328.0,0.0,26.0
WX-CYQU,2030-05-05T18:00:00Z,2030-05-08T11:00:00Z,65,4.3,74.0,10.0,324.0,0.0,20.0
WX-CYQU,2030-05-05T18:00:00Z,2030-05-08T12:00:00Z,66,4.9,75.0,11.0,315.0,0.0,14.0
WX-CYQU,2030-05-05T18:00:00Z,2030-05-08T13:00:00Z,67,5.9,67.0,11.0,337.0,0.0,11.0
WX-CYQU,2030-05-05T18:00:00Z,2030-05-08T14:00:00Z,68,6.6,64.0,10.0,322.0,0.0,8.0
WX-CYQU,2030-05-05T18:00:00Z,2030-05-08T15:00:00Z,69,10.2,39.0,17.0,314.0,0.0,7.0
WX-CYQU,2030-05-05T18:00:00Z,2030-05-08T16:00:00Z,70,12.0,39.0,21.0,315.0,0.0,6.0
WX-CYQU,2030-05-05T18:00:00Z,2030-05-08T17:00:00Z,71,14.3,47.0,27.0,310.0,0.0,6.0
WX-CYQU,2030-05-05T18:00:00Z,2030-05-08T18:00:00Z,72,15.5,33.0,29.0,331.0,0.0,5.0
WX-CYLB,2030-05-05T18:00:00Z,2030-05-05T19:00:00Z,1,20.5,18.0,15.0,215.0,0.0,41.0
WX-CYLB,2030-05-05T18:00:00Z,2030-05-05T20:00:00Z,2,22.5,18.0,16.0,226.0,0.0,41.0
WX-CYLB,2030-05-05T18:00:00Z,2030-05-05T21:00:00Z,3,22.9,28.0,15.0,216.0,0.0,41.0
WX-CYLB,2030-05-05T18:00:00Z,2030-05-05T22:00:00Z,4,23.4,15.0,15.0,221.0,0.0,41.0
WX-CYLB,2030-05-05T18:00:00Z,2030-05-05T23:00:00Z,5,23.2,17.0,13.0,219.0,0.0,41.0
WX-CYLB,2030-05-05T18:00:00Z,2030-05-06T00:00:00Z,6,21.5,21.0,12.0,222.0,0.0,41.0
WX-CYLB,2030-05-05T18:00:00Z,2030-05-06T01:00:00Z,7,19.7,23.0,9.0,214.0,0.0,41.0
WX-CYLB,2030-05-05T18:00:00Z,2030-05-06T02:00:00Z,8,17.6,27.0,8.0,212.0,0.0,41.0
WX-CYLB,2030-05-05T18:00:00Z,2030-05-06T03:00:00Z,9,14.3,30.0,6.0,222.0,0.0,41.0
WX-CYLB,2030-05-05T18:00:00Z,2030-05-06T04:00:00Z,10,12.0,37.0,5.0,222.0,0.0,41.0
WX-CYLB,2030-05-05T18:00:00Z,2030-05-06T05:00:00Z,11,9.4,47.0,5.0,220.0,0.0,41.0
WX-CYLB,2030-05-05T18:00:00Z,2030-05-06T06:00:00Z,12,9.7,40.0,5.0,214.0,0.0,41.0
WX-CYLB,2030-05-05T18:00:00Z,2030-05-06T07:00:00Z,13,6.4,49.0,5.0,212.0,0.0,41.0
WX-CYLB,2030-05-05T18:00:00Z,2030-05-06T08:00:00Z,14,5.4,59.0,5.0,216.0,0.0,41.0
WX-CYLB,2030-05-05T18:00:00Z,2030-05-06T09:00:00Z,15,6.4,50.0,5.0,220.0,0.0,41.0
WX-CYLB,2030-05-05T18:00:00Z,2030-05-06T10:00:00Z,16,5.3,52.0,6.0,207.0,0.0,41.0
WX-CYLB,2030-05-05T18:00:00Z,2030-05-06T11:00:00Z,17,5.6,50.0,6.0,221.0,0.0,41.0
WX-CYLB,2030-05-05T18:00:00Z,2030-05-06T12:00:00Z,18,7.0,44.0,5.0,203.0,0.0,41.0
WX-CYLB,2030-05-05T18:00:00Z,2030-05-06T13:00:00Z,19,8.2,43.0,5.0,209.0,0.0,41.0
WX-CYLB,2030-05-05T18:00:00Z,2030-05-06T14:00:00Z,20,13.2,35.0,7.0,208.0,0.0,41.0
WX-CYLB,2030-05-05T18:00:00Z,2030-05-06T15:00:00Z,21,13.8,28.0,10.0,218.0,0.0,41.0
WX-CYLB,2030-05-05T18:00:00Z,2030-05-06T16:00:00Z,22,16.4,36.0,12.0,214.0,0.0,41.0
WX-CYLB,2030-05-05T18:00:00Z,2030-05-06T17:00:00Z,23,19.4,13.0,16.0,216.0,0.0,41.0
WX-CYLB,2030-05-05T18:00:00Z,2030-05-06T18:00:00Z,24,20.6,16.0,18.0,207.0,0.0,41.0
WX-CYLB,2030-05-05T18:00:00Z,2030-05-06T19:00:00Z,25,22.9,20.0,18.0,203.0,0.0,41.0
WX-CYLB,2030-05-05T18:00:00Z,2030-05-06T20:00:00Z,26,24.7,19.0,19.0,216.0,0.0,41.0
WX-CYLB,2030-05-05T18:00:00Z,2030-05-06T21:00:00Z,27,25.8,20.0,18.0,215.0,0.0,41.0
WX-CYLB,2030-05-05T18:00:00Z,2030-05-06T22:00:00Z,28,24.5,14.0,19.0,212.0,0.0,41.0
WX-CYLB,2030-05-05T18:00:00Z,2030-05-06T23:00:00Z,29,23.8,10.0,14.0,219.0,0.0,41.0
WX-CYLB,2030-05-05T18:00:00Z,2030-05-07T00:00:00Z,30,25.1,12.0,14.0,205.0,0.0,41.0
WX-CYLB,2030-05-05T18:00:00Z,2030-05-07T01:00:00Z,31,21.4,25.0,10.0,220.0,0.0,41.0
WX-CYLB,2030-05-05T18:00:00Z,2030-05-07T02:00:00Z,32,18.2,22.0,9.0,204.0,0.0,41.0
WX-CYLB,2030-05-05T18:00:00Z,2030-05-07T03:00:00Z,33,17.2,30.0,5.0,210.0,0.0,41.0
WX-CYLB,2030-05-05T18:00:00Z,2030-05-07T04:00:00Z,34,13.2,30.0,6.0,204.0,0.0,41.0
WX-CYLB,2030-05-05T18:00:00Z,2030-05-07T05:00:00Z,35,11.6,39.0,5.0,206.0,0.0,41.0
WX-CYLB,2030-05-05T18:00:00Z,2030-05-07T06:00:00Z,36,12.2,25.0,9.0,211.0,0.0,41.0
WX-CYLB,2030-05-05T18:00:00Z,2030-05-07T07:00:00Z,37,9.9,34.0,9.0,217.0,0.0,41.0
WX-CYLB,2030-05-05T18:00:00Z,2030-05-07T08:00:00Z,38,9.7,41.0,10.0,199.0,0.0,41.0
WX-CYLB,2030-05-05T18:00:00Z,2030-05-07T09:00:00Z,39,8.4,42.0,8.0,216.0,0.0,41.0
WX-CYLB,2030-05-05T18:00:00Z,2030-05-07T10:00:00Z,40,8.0,52.0,8.0,208.0,0.0,41.0
WX-CYLB,2030-05-05T18:00:00Z,2030-05-07T11:00:00Z,41,9.1,42.0,8.0,203.0,0.0,41.0
WX-CYLB,2030-05-05T18:00:00Z,2030-05-07T12:00:00Z,42,11.5,53.0,10.0,203.0,0.0,41.0
WX-CYLB,2030-05-05T18:00:00Z,2030-05-07T13:00:00Z,43,12.7,37.0,8.0,209.0,0.0,41.0
WX-CYLB,2030-05-05T18:00:00Z,2030-05-07T14:00:00Z,44,14.9,29.0,10.0,213.0,0.0,41.0
WX-CYLB,2030-05-05T18:00:00Z,2030-05-07T15:00:00Z,45,17.9,39.0,15.0,207.0,0.0,41.0
WX-CYLB,2030-05-05T18:00:00Z,2030-05-07T16:00:00Z,46,19.0,15.0,19.0,199.0,0.0,41.0
WX-CYLB,2030-05-05T18:00:00Z,2030-05-07T17:00:00Z,47,22.6,9.0,22.0,192.0,0.0,41.0
WX-CYLB,2030-05-05T18:00:00Z,2030-05-07T18:00:00Z,48,24.0,11.0,22.0,188.0,0.0,41.0
WX-CYLB,2030-05-05T18:00:00Z,2030-05-07T19:00:00Z,49,26.8,11.0,30.0,209.0,0.0,41.0
WX-CYLB,2030-05-05T18:00:00Z,2030-05-07T20:00:00Z,50,27.9,14.0,27.0,202.0,0.0,41.0
WX-CYLB,2030-05-05T18:00:00Z,2030-05-07T21:00:00Z,51,28.8,10.0,29.0,201.0,0.0,41.0
WX-CYLB,2030-05-05T18:00:00Z,2030-05-07T22:00:00Z,52,28.8,14.0,28.0,226.0,0.0,41.0
WX-CYLB,2030-05-05T18:00:00Z,2030-05-07T23:00:00Z,53,28.6,11.0,25.0,188.0,0.0,41.0
WX-CYLB,2030-05-05T18:00:00Z,2030-05-08T00:00:00Z,54,27.9,23.0,21.0,197.0,0.0,41.0
WX-CYLB,2030-05-05T18:00:00Z,2030-05-08T01:00:00Z,55,24.8,16.0,17.0,210.0,0.0,41.0
WX-CYLB,2030-05-05T18:00:00Z,2030-05-08T02:00:00Z,56,24.0,19.0,14.0,211.0,0.0,42.0
WX-CYLB,2030-05-05T18:00:00Z,2030-05-08T03:00:00Z,57,20.3,32.0,8.0,205.0,0.0,42.0
WX-CYLB,2030-05-05T18:00:00Z,2030-05-08T04:00:00Z,58,17.7,23.0,9.0,200.0,0.0,43.0
WX-CYLB,2030-05-05T18:00:00Z,2030-05-08T05:00:00Z,59,13.6,21.0,9.0,198.0,0.0,45.0
WX-CYLB,2030-05-05T18:00:00Z,2030-05-08T06:00:00Z,60,11.0,34.0,10.0,199.0,0.0,49.0
WX-CYLB,2030-05-05T18:00:00Z,2030-05-08T07:00:00Z,61,10.7,44.0,8.0,216.0,0.0,53.0
WX-CYLB,2030-05-05T18:00:00Z,2030-05-08T08:00:00Z,62,7.7,50.0,10.0,206.0,0.0,60.0
WX-CYLB,2030-05-05T18:00:00Z,2030-05-08T09:00:00Z,63,8.5,52.0,12.0,218.0,0.0,68.0
WX-CYLB,2030-05-05T18:00:00Z,2030-05-08T10:00:00Z,64,7.7,43.0,13.0,189.0,0.0,77.0
WX-CYLB,2030-05-05T18:00:00Z,2030-05-08T11:00:00Z,65,6.3,61.0,19.0,253.0,0.0,87.0
WX-CYLB,2030-05-05T18:00:00Z,2030-05-08T12:00:00Z,66,5.3,72.0,21.0,304.0,0.0,96.0
WX-CYLB,2030-05-05T18:00:00Z,2030-05-08T13:00:00Z,67,5.9,51.0,20.0,323.0,0.1,100.0
WX-CYLB,2030-05-05T18:00:00Z,2030-05-08T14:00:00Z,68,7.8,61.0,21.0,309.0,0.1,100.0
WX-CYLB,2030-05-05T18:00:00Z,2030-05-08T15:00:00Z,69,9.1,99.0,21.0,319.0,0.2,100.0
WX-CYLB,2030-05-05T18:00:00Z,2030-05-08T16:00:00Z,70,11.9,100.0,28.0,313.0,0.2,100.0
WX-CYLB,2030-05-05T18:00:00Z,2030-05-08T17:00:00Z,71,12.6,36.0,30.0,313.0,0.2,100.0
WX-CYLB,2030-05-05T18:00:00Z,2030-05-08T18:00:00Z,72,14.9,45.0,30.0,314.0,0.1,100.0
WX-CYOD,2030-05-05T18:00:00Z,2030-05-05T19:00:00Z,1,22.0,17.0,13.0,216.0,0.0,0.0
WX-CYOD,2030-05-05T18:00:00Z,2030-05-05T20:00:00Z,2,23.6,16.0,14.0,215.0,0.0,0.0
WX-CYOD,2030-05-05T18:00:00Z,2030-05-05T21:00:00Z,3,25.2,19.0,14.0,217.0,0.0,0.0
WX-CYOD,2030-05-05T18:00:00Z,2030-05-05T22:00:00Z,4,24.3,9.0,11.0,223.0,0.0,0.0
WX-CYOD,2030-05-05T18:00:00Z,2030-05-05T23:00:00Z,5,23.9,18.0,10.0,210.0,0.0,0.0
WX-CYOD,2030-05-05T18:00:00Z,2030-05-06T00:00:00Z,6,21.8,17.0,9.0,208.0,0.0,0.0
WX-CYOD,2030-05-05T18:00:00Z,2030-05-06T01:00:00Z,7,20.2,21.0,8.0,213.0,0.0,0.0
WX-CYOD,2030-05-05T18:00:00Z,2030-05-06T02:00:00Z,8,18.8,25.0,6.0,210.0,0.0,0.0
WX-CYOD,2030-05-05T18:00:00Z,2030-05-06T03:00:00Z,9,15.5,29.0,4.0,217.0,0.0,0.0
WX-CYOD,2030-05-05T18:00:00Z,2030-05-06T04:00:00Z,10,13.6,33.0,4.0,217.0,0.0,0.0
WX-CYOD,2030-05-05T18:00:00Z,2030-05-06T05:00:00Z,11,11.1,49.0,4.0,230.0,0.0,0.0
WX-CYOD,2030-05-05T18:00:00Z,2030-05-06T06:00:00Z,12,10.9,41.0,4.0,202.0,0.0,0.0
WX-CYOD,2030-05-05T18:00:00Z,2030-05-06T07:00:00Z,13,7.1,45.0,4.0,214.0,0.0,0.0
WX-CYOD,2030-05-05T18:00:00Z,2030-05-06T08:00:00Z,14,6.7,46.0,4.0,211.0,0.0,0.0
WX-CYOD,2030-05-05T18:00:00Z,2030-05-06T09:00:00Z,15,6.8,49.0,4.0,218.0,0.0,0.0
WX-CYOD,2030-05-05T18:00:00Z,2030-05-06T10:00:00Z,16,5.5,54.0,4.0,202.0,0.0,0.0
WX-CYOD,2030-05-05T18:00:00Z,2030-05-06T11:00:00Z,17,7.0,55.0,4.0,221.0,0.0,0.0
WX-CYOD,2030-05-05T18:00:00Z,2030-05-06T12:00:00Z,18,9.0,45.0,4.0,206.0,0.0,0.0
WX-CYOD,2030-05-05T18:00:00Z,2030-05-06T13:00:00Z,19,10.4,41.0,4.0,211.0,0.0,0.0
WX-CYOD,2030-05-05T18:00:00Z,2030-05-06T14:00:00Z,20,12.3,36.0,5.0,209.0,0.0,0.0
WX-CYOD,2030-05-05T18:00:00Z,2030-05-06T15:00:00Z,21,14.6,34.0,8.0,220.0,0.0,0.0
WX-CYOD,2030-05-05T18:00:00Z,2030-05-06T16:00:00Z,22,18.4,26.0,11.0,211.0,0.0,0.0
WX-CYOD,2030-05-05T18:00:00Z,2030-05-06T17:00:00Z,23,20.0,20.0,13.0,204.0,0.0,0.0
WX-CYOD,2030-05-05T18:00:00Z,2030-05-06T18:00:00Z,24,21.6,26.0,12.0,214.0,0.0,0.0
WX-CYOD,2030-05-05T18:00:00Z,2030-05-06T19:00:00Z,25,24.8,17.0,15.0,205.0,0.0,0.0
WX-CYOD,2030-05-05T18:00:00Z,2030-05-06T20:00:00Z,26,27.0,16.0,15.0,204.0,0.0,0.0
WX-CYOD,2030-05-05T18:00:00Z,2030-05-06T21:00:00Z,27,25.5,8.0,15.0,210.0,0.0,0.0
WX-CYOD,2030-05-05T18:00:00Z,2030-05-06T22:00:00Z,28,27.1,22.0,15.0,222.0,0.0,0.0
WX-CYOD,2030-05-05T18:00:00Z,2030-05-06T23:00:00Z,29,25.4,22.0,14.0,201.0,0.0,0.0
WX-CYOD,2030-05-05T18:00:00Z,2030-05-07T00:00:00Z,30,24.0,17.0,9.0,208.0,0.0,0.0
WX-CYOD,2030-05-05T18:00:00Z,2030-05-07T01:00:00Z,31,23.0,14.0,9.0,210.0,0.0,0.0
WX-CYOD,2030-05-05T18:00:00Z,2030-05-07T02:00:00Z,32,20.2,17.0,6.0,214.0,0.0,0.0
WX-CYOD,2030-05-05T18:00:00Z,2030-05-07T03:00:00Z,33,18.6,23.0,4.0,219.0,0.0,0.0
WX-CYOD,2030-05-05T18:00:00Z,2030-05-07T04:00:00Z,34,14.9,27.0,4.0,202.0,0.0,0.0
WX-CYOD,2030-05-05T18:00:00Z,2030-05-07T05:00:00Z,35,12.8,36.0,5.0,206.0,0.0,0.0
WX-CYOD,2030-05-05T18:00:00Z,2030-05-07T06:00:00Z,36,12.6,32.0,7.0,205.0,0.0,0.0
WX-CYOD,2030-05-05T18:00:00Z,2030-05-07T07:00:00Z,37,11.8,34.0,7.0,216.0,0.0,0.0
WX-CYOD,2030-05-05T18:00:00Z,2030-05-07T08:00:00Z,38,9.9,38.0,6.0,208.0,0.0,0.0
WX-CYOD,2030-05-05T18:00:00Z,2030-05-07T09:00:00Z,39,9.0,47.0,7.0,199.0,0.0,0.0
WX-CYOD,2030-05-05T18:00:00Z,2030-05-07T10:00:00Z,40,8.6,37.0,7.0,204.0,0.0,0.0
WX-CYOD,2030-05-05T18:00:00Z,2030-05-07T11:00:00Z,41,9.4,46.0,7.0,191.0,0.0,0.0
WX-CYOD,2030-05-05T18:00:00Z,2030-05-07T12:00:00Z,42,10.9,42.0,6.0,202.0,0.0,0.0
WX-CYOD,2030-05-05T18:00:00Z,2030-05-07T13:00:00Z,43,13.4,31.0,7.0,196.0,0.0,0.0
WX-CYOD,2030-05-05T18:00:00Z,2030-05-07T14:00:00Z,44,16.1,34.0,8.0,213.0,0.0,0.0
WX-CYOD,2030-05-05T18:00:00Z,2030-05-07T15:00:00Z,45,19.2,31.0,13.0,206.0,0.0,0.0
WX-CYOD,2030-05-05T18:00:00Z,2030-05-07T16:00:00Z,46,20.8,15.0,16.0,201.0,0.0,0.0
WX-CYOD,2030-05-05T18:00:00Z,2030-05-07T17:00:00Z,47,22.8,16.0,18.0,199.0,0.0,0.0
WX-CYOD,2030-05-05T18:00:00Z,2030-05-07T18:00:00Z,48,26.2,17.0,23.0,193.0,0.0,0.0
WX-CYOD,2030-05-05T18:00:00Z,2030-05-07T19:00:00Z,49,27.1,14.0,21.0,204.0,0.0,0.0
WX-CYOD,2030-05-05T18:00:00Z,2030-05-07T20:00:00Z,50,29.9,14.0,23.0,205.0,0.0,0.0
WX-CYOD,2030-05-05T18:00:00Z,2030-05-07T21:00:00Z,51,30.5,8.0,21.0,210.0,0.0,0.0
WX-CYOD,2030-05-05T18:00:00Z,2030-05-07T22:00:00Z,52,30.7,11.0,24.0,185.0,0.0,0.0
WX-CYOD,2030-05-05T18:00:00Z,2030-05-07T23:00:00Z,53,29.7,17.0,19.0,200.0,0.0,0.0
WX-CYOD,2030-05-05T18:00:00Z,2030-05-08T00:00:00Z,54,27.8,12.0,18.0,199.0,0.0,0.0
WX-CYOD,2030-05-05T18:00:00Z,2030-05-08T01:00:00Z,55,26.6,19.0,15.0,204.0,0.0,0.0
WX-CYOD,2030-05-05T18:00:00Z,2030-05-08T02:00:00Z,56,23.9,15.0,10.0,202.0,0.0,0.0
WX-CYOD,2030-05-05T18:00:00Z,2030-05-08T03:00:00Z,57,23.3,14.0,7.0,180.0,0.0,0.0
WX-CYOD,2030-05-05T18:00:00Z,2030-05-08T04:00:00Z,58,16.5,24.0,8.0,202.0,0.0,0.0
WX-CYOD,2030-05-05T18:00:00Z,2030-05-08T05:00:00Z,59,16.1,26.0,7.0,199.0,0.0,0.0
WX-CYOD,2030-05-05T18:00:00Z,2030-05-08T06:00:00Z,60,15.8,25.0,6.0,197.0,0.0,0.0
WX-CYOD,2030-05-05T18:00:00Z,2030-05-08T07:00:00Z,61,12.6,45.0,7.0,224.0,0.0,0.0
WX-CYOD,2030-05-05T18:00:00Z,2030-05-08T08:00:00Z,62,11.8,41.0,6.0,199.0,0.0,0.0
WX-CYOD,2030-05-05T18:00:00Z,2030-05-08T09:00:00Z,63,9.6,41.0,6.0,200.0,0.0,0.0
WX-CYOD,2030-05-05T18:00:00Z,2030-05-08T10:00:00Z,64,9.2,44.0,6.0,220.0,0.0,2.0
WX-CYOD,2030-05-05T18:00:00Z,2030-05-08T11:00:00Z,65,9.0,47.0,8.0,205.0,0.0,7.0
WX-CYOD,2030-05-05T18:00:00Z,2030-05-08T12:00:00Z,66,11.4,47.0,7.0,200.0,0.0,15.0
WX-CYOD,2030-05-05T18:00:00Z,2030-05-08T13:00:00Z,67,15.1,36.0,9.0,212.0,0.0,23.0
WX-CYOD,2030-05-05T18:00:00Z,2030-05-08T14:00:00Z,68,14.9,32.0,15.0,232.0,0.0,33.0
WX-CYOD,2030-05-05T18:00:00Z,2030-05-08T15:00:00Z,69,10.5,46.0,18.0,293.0,0.0,43.0
WX-CYOD,2030-05-05T18:00:00Z,2030-05-08T16:00:00Z,70,12.6,36.0,28.0,308.0,0.0,52.0
WX-CYOD,2030-05-05T18:00:00Z,2030-05-08T17:00:00Z,71,14.2,29.0,23.0,291.0,0.1,100.0
WX-CYOD,2030-05-05T18:00:00Z,2030-05-08T18:00:00Z,72,14.8,31.0,26.0,299.0,0.1,100.0
WX-CYPY,2030-05-05T18:00:00Z,2030-05-05T19:00:00Z,1,21.6,20.0,13.0,231.0,0.0,0.0
WX-CYPY,2030-05-05T18:00:00Z,2030-05-05T20:00:00Z,2,22.7,23.0,14.0,228.0,0.0,0.0
WX-CYPY,2030-05-05T18:00:00Z,2030-05-05T21:00:00Z,3,23.0,21.0,15.0,228.0,0.0,0.0
WX-CYPY,2030-05-05T18:00:00Z,2030-05-05T22:00:00Z,4,22.1,19.0,12.0,234.0,0.0,0.0
WX-CYPY,2030-05-05T18:00:00Z,2030-05-05T23:00:00Z,5,22.5,21.0,11.0,239.0,0.0,0.0
WX-CYPY,2030-05-05T18:00:00Z,2030-05-06T00:00:00Z,6,21.0,19.0,10.0,228.0,0.0,0.0
WX-CYPY,2030-05-05T18:00:00Z,2030-05-06T01:00:00Z,7,19.0,25.0,9.0,227.0,0.0,0.0
WX-CYPY,2030-05-05T18:00:00Z,2030-05-06T02:00:00Z,8,17.2,31.0,8.0,227.0,0.0,0.0
WX-CYPY,2030-05-05T18:00:00Z,2030-05-06T03:00:00Z,9,14.1,27.0,5.0,233.0,0.0,0.0
WX-CYPY,2030-05-05T18:00:00Z,2030-05-06T04:00:00Z,10,10.5,43.0,5.0,223.0,0.0,0.0
WX-CYPY,2030-05-05T18:00:00Z,2030-05-06T05:00:00Z,11,8.1,46.0,5.0,234.0,0.0,0.0
WX-CYPY,2030-05-05T18:00:00Z,2030-05-06T06:00:00Z,12,9.7,51.0,4.0,224.0,0.0,0.0
WX-CYPY,2030-05-05T18:00:00Z,2030-05-06T07:00:00Z,13,6.3,59.0,4.0,238.0,0.0,0.0
WX-CYPY,2030-05-05T18:00:00Z,2030-05-06T08:00:00Z,14,5.1,59.0,4.0,227.0,0.0,0.0
WX-CYPY,2030-05-05T18:00:00Z,2030-05-06T09:00:00Z,15,5.0,64.0,4.0,223.0,0.0,0.0
WX-CYPY,2030-05-05T18:00:00Z,2030-05-06T10:00:00Z,16,5.4,53.0,5.0,238.0,0.0,0.0
WX-CYPY,2030-05-05T18:00:00Z,2030-05-06T11:00:00Z,17,5.4,57.0,4.0,232.0,0.0,0.0
WX-CYPY,2030-05-05T18:00:00Z,2030-05-06T12:00:00Z,18,6.2,57.0,4.0,226.0,0.0,0.0
WX-CYPY,2030-05-05T18:00:00Z,2030-05-06T13:00:00Z,19,8.9,49.0,5.0,221.0,0.0,0.0
WX-CYPY,2030-05-05T18:00:00Z,2030-05-06T14:00:00Z,20,10.8,41.0,6.0,228.0,0.0,0.0
WX-CYPY,2030-05-05T18:00:00Z,2030-05-06T15:00:00Z,21,13.9,37.0,9.0,220.0,0.0,0.0
WX-CYPY,2030-05-05T18:00:00Z,2030-05-06T16:00:00Z,22,15.2,27.0,12.0,236.0,0.0,0.0
WX-CYPY,2030-05-05T18:00:00Z,2030-05-06T17:00:00Z,23,18.1,24.0,13.0,222.0,0.0,0.0
WX-CYPY,2030-05-05T18:00:00Z,2030-05-06T18:00:00Z,24,20.1,17.0,15.0,223.0,0.0,0.0
WX-CYPY,2030-05-05T18:00:00Z,2030-05-06T19:00:00Z,25,22.4,22.0,15.0,209.0,0.0,0.0
WX-CYPY,2030-05-05T18:00:00Z,2030-05-06T20:00:00Z,26,24.0,9.0,17.0,238.0,0.0,0.0
WX-CYPY,2030-05-05T18:00:00Z,2030-05-06T21:00:00Z,27,24.2,10.0,16.0,236.0,0.0,0.0
WX-CYPY,2030-05-05T18:00:00Z,2030-05-06T22:00:00Z,28,25.8,13.0,16.0,238.0,0.0,0.0
WX-CYPY,2030-05-05T18:00:00Z,2030-05-06T23:00:00Z,29,23.6,19.0,15.0,214.0,0.0,0.0
WX-CYPY,2030-05-05T18:00:00Z,2030-05-07T00:00:00Z,30,22.3,16.0,12.0,230.0,0.0,0.0
WX-CYPY,2030-05-05T18:00:00Z,2030-05-07T01:00:00Z,31,21.7,21.0,11.0,241.0,0.0,0.0
WX-CYPY,2030-05-05T18:00:00Z,2030-05-07T02:00:00Z,32,17.0,22.0,9.0,230.0,0.0,0.0
WX-CYPY,2030-05-05T18:00:00Z,2030-05-07T03:00:00Z,33,17.0,34.0,4.0,227.0,0.0,0.0
WX-CYPY,2030-05-05T18:00:00Z,2030-05-07T04:00:00Z,34,14.1,42.0,5.0,221.0,0.0,0.0
WX-CYPY,2030-05-05T18:00:00Z,2030-05-07T05:00:00Z,35,12.1,42.0,5.0,235.0,0.0,0.0
WX-CYPY,2030-05-05T18:00:00Z,2030-05-07T06:00:00Z,36,10.8,40.0,7.0,206.0,0.0,0.0
WX-CYPY,2030-05-05T18:00:00Z,2030-05-07T07:00:00Z,37,9.6,48.0,7.0,219.0,0.0,0.0
WX-CYPY,2030-05-05T18:00:00Z,2030-05-07T08:00:00Z,38,10.1,51.0,8.0,209.0,0.0,0.0
WX-CYPY,2030-05-05T18:00:00Z,2030-05-07T09:00:00Z,39,9.1,51.0,7.0,213.0,0.0,0.0
WX-CYPY,2030-05-05T18:00:00Z,2030-05-07T10:00:00Z,40,7.8,52.0,7.0,209.0,0.0,0.0
WX-CYPY,2030-05-05T18:00:00Z,2030-05-07T11:00:00Z,41,9.3,49.0,7.0,220.0,0.0,0.0
WX-CYPY,2030-05-05T18:00:00Z,2030-05-07T12:00:00Z,42,10.7,41.0,6.0,210.0,0.0,0.0
WX-CYPY,2030-05-05T18:00:00Z,2030-05-07T13:00:00Z,43,11.0,39.0,8.0,215.0,0.0,0.0
WX-CYPY,2030-05-05T18:00:00Z,2030-05-07T14:00:00Z,44,13.8,40.0,10.0,214.0,0.0,0.0
WX-CYPY,2030-05-05T18:00:00Z,2030-05-07T15:00:00Z,45,17.6,28.0,15.0,226.0,0.0,0.0
WX-CYPY,2030-05-05T18:00:00Z,2030-05-07T16:00:00Z,46,19.6,26.0,20.0,211.0,0.0,0.0
WX-CYPY,2030-05-05T18:00:00Z,2030-05-07T17:00:00Z,47,22.5,13.0,20.0,222.0,0.0,0.0
WX-CYPY,2030-05-05T18:00:00Z,2030-05-07T18:00:00Z,48,24.3,15.0,21.0,233.0,0.0,0.0
WX-CYPY,2030-05-05T18:00:00Z,2030-05-07T19:00:00Z,49,26.0,15.0,21.0,200.0,0.0,0.0
WX-CYPY,2030-05-05T18:00:00Z,2030-05-07T20:00:00Z,50,25.8,18.0,21.0,212.0,0.0,0.0
WX-CYPY,2030-05-05T18:00:00Z,2030-05-07T21:00:00Z,51,28.2,20.0,24.0,230.0,0.0,0.0
WX-CYPY,2030-05-05T18:00:00Z,2030-05-07T22:00:00Z,52,27.9,5.0,26.0,212.0,0.0,0.0
WX-CYPY,2030-05-05T18:00:00Z,2030-05-07T23:00:00Z,53,26.2,11.0,20.0,202.0,0.0,1.0
WX-CYPY,2030-05-05T18:00:00Z,2030-05-08T00:00:00Z,54,26.5,16.0,19.0,228.0,0.0,7.0
WX-CYPY,2030-05-05T18:00:00Z,2030-05-08T01:00:00Z,55,25.2,17.0,16.0,227.0,0.0,14.0
WX-CYPY,2030-05-05T18:00:00Z,2030-05-08T02:00:00Z,56,22.0,22.0,15.0,230.0,0.0,23.0
WX-CYPY,2030-05-05T18:00:00Z,2030-05-08T03:00:00Z,57,16.0,28.0,17.0,262.0,0.0,33.0
WX-CYPY,2030-05-05T18:00:00Z,2030-05-08T04:00:00Z,58,11.5,53.0,26.0,313.0,0.0,43.0
WX-CYPY,2030-05-05T18:00:00Z,2030-05-08T05:00:00Z,59,10.2,57.0,20.0,322.0,0.0,51.0
WX-CYPY,2030-05-05T18:00:00Z,2030-05-08T06:00:00Z,60,5.9,71.0,17.0,324.0,0.0,57.0
WX-CYPY,2030-05-05T18:00:00Z,2030-05-08T07:00:00Z,61,3.3,74.0,12.0,333.0,0.1,100.0
WX-CYPY,2030-05-05T18:00:00Z,2030-05-08T08:00:00Z,62,2.4,87.0,12.0,308.0,0.1,100.0
WX-CYPY,2030-05-05T18:00:00Z,2030-05-08T09:00:00Z,63,5.6,87.0,10.0,309.0,0.1,100.0
WX-CYPY,2030-05-05T18:00:00Z,2030-05-08T10:00:00Z,64,2.3,84.0,9.0,339.0,0.0,45.0
WX-CYPY,2030-05-05T18:00:00Z,2030-05-08T11:00:00Z,65,4.1,75.0,9.0,326.0,0.0,36.0
WX-CYPY,2030-05-05T18:00:00Z,2030-05-08T12:00:00Z,66,4.7,75.0,10.0,323.0,0.0,26.0
WX-CYPY,2030-05-05T18:00:00Z,2030-05-08T13:00:00Z,67,5.6,71.0,9.0,330.0,0.0,16.0
WX-CYPY,2030-05-05T18:00:00Z,2030-05-08T14:00:00Z,68,5.9,65.0,11.0,314.0,0.0,8.0
WX-CYPY,2030-05-05T18:00:00Z,2030-05-08T15:00:00Z,69,7.2,52.0,16.0,321.0,0.0,2.0
WX-CYPY,2030-05-05T18:00:00Z,2030-05-08T16:00:00Z,70,11.6,60.0,20.0,323.0,0.0,0.0
WX-CYPY,2030-05-05T18:00:00Z,2030-05-08T17:00:00Z,71,12.8,40.0,26.0,328.0,0.0,0.0
WX-CYPY,2030-05-05T18:00:00Z,2030-05-08T18:00:00Z,72,14.6,51.0,26.0,312.0,0.0,0.0
WX-CYEG,2030-05-05T18:00:00Z,2030-05-05T19:00:00Z,1,19.9,24.0,14.0,219.0,0.0,12.0
WX-CYEG,2030-05-05T18:00:00Z,2030-05-05T20:00:00Z,2,21.1,25.0,16.0,215.0,0.0,12.0
WX-CYEG,2030-05-05T18:00:00Z,2030-05-05T21:00:00Z,3,22.1,21.0,14.0,220.0,0.0,12.0
WX-CYEG,2030-05-05T18:00:00Z,2030-05-05T22:00:00Z,4,21.8,24.0,14.0,212.0,0.0,12.0
WX-CYEG,2030-05-05T18:00:00Z,2030-05-05T23:00:00Z,5,21.3,22.0,13.0,218.0,0.0,12.0
WX-CYEG,2030-05-05T18:00:00Z,2030-05-06T00:00:00Z,6,20.0,29.0,11.0,217.0,0.0,12.0
WX-CYEG,2030-05-05T18:00:00Z,2030-05-06T01:00:00Z,7,17.7,23.0,8.0,222.0,0.0,12.0
WX-CYEG,2030-05-05T18:00:00Z,2030-05-06T02:00:00Z,8,15.7,37.0,7.0,216.0,0.0,12.0
WX-CYEG,2030-05-05T18:00:00Z,2030-05-06T03:00:00Z,9,12.3,42.0,5.0,216.0,0.0,12.0
WX-CYEG,2030-05-05T18:00:00Z,2030-05-06T04:00:00Z,10,10.4,46.0,5.0,220.0,0.0,12.0
WX-CYEG,2030-05-05T18:00:00Z,2030-05-06T05:00:00Z,11,8.6,53.0,5.0,213.0,0.0,12.0
WX-CYEG,2030-05-05T18:00:00Z,2030-05-06T06:00:00Z,12,8.7,56.0,5.0,214.0,0.0,12.0
WX-CYEG,2030-05-05T18:00:00Z,2030-05-06T07:00:00Z,13,5.0,71.0,5.0,214.0,0.0,12.0
WX-CYEG,2030-05-05T18:00:00Z,2030-05-06T08:00:00Z,14,5.8,67.0,5.0,207.0,0.0,12.0
WX-CYEG,2030-05-05T18:00:00Z,2030-05-06T09:00:00Z,15,4.7,73.0,5.0,220.0,0.0,12.0
WX-CYEG,2030-05-05T18:00:00Z,2030-05-06T10:00:00Z,16,4.3,77.0,4.0,218.0,0.0,12.0
WX-CYEG,2030-05-05T18:00:00Z,2030-05-06T11:00:00Z,17,5.4,67.0,5.0,212.0,0.0,12.0
WX-CYEG,2030-05-05T18:00:00Z,2030-05-06T12:00:00Z,18,6.3,61.0,5.0,197.0,0.0,12.0
WX-CYEG,2030-05-05T18:00:00Z,2030-05-06T13:00:00Z,19,8.0,55.0,5.0,204.0,0.0,12.0
WX-CYEG,2030-05-05T18:00:00Z,2030-05-06T14:00:00Z,20,8.5,53.0,6.0,214.0,0.0,12.0
WX-CYEG,2030-05-05T18:00:00Z,2030-05-06T15:00:00Z,21,13.7,45.0,9.0,210.0,0.0,12.0
WX-CYEG,2030-05-05T18:00:00Z,2030-05-06T16:00:00Z,22,15.8,25.0,11.0,216.0,0.0,12.0
WX-CYEG,2030-05-05T18:00:00Z,2030-05-06T17:00:00Z,23,17.4,23.0,16.0,210.0,0.0,12.0
WX-CYEG,2030-05-05T18:00:00Z,2030-05-06T18:00:00Z,24,19.6,20.0,17.0,219.0,0.0,12.0
WX-CYEG,2030-05-05T18:00:00Z,2030-05-06T19:00:00Z,25,21.2,18.0,18.0,218.0,0.0,12.0
WX-CYEG,2030-05-05T18:00:00Z,2030-05-06T20:00:00Z,26,23.8,21.0,17.0,210.0,0.0,12.0
WX-CYEG,2030-05-05T18:00:00Z,2030-05-06T21:00:00Z,27,23.1,15.0,18.0,204.0,0.0,12.0
WX-CYEG,2030-05-05T18:00:00Z,2030-05-06T22:00:00Z,28,23.8,11.0,17.0,212.0,0.0,12.0
WX-CYEG,2030-05-05T18:00:00Z,2030-05-06T23:00:00Z,29,22.1,23.0,16.0,217.0,0.0,12.0
WX-CYEG,2030-05-05T18:00:00Z,2030-05-07T00:00:00Z,30,21.9,9.0,12.0,223.0,0.0,12.0
WX-CYEG,2030-05-05T18:00:00Z,2030-05-07T01:00:00Z,31,20.0,26.0,10.0,205.0,0.0,12.0
WX-CYEG,2030-05-05T18:00:00Z,2030-05-07T02:00:00Z,32,18.2,26.0,8.0,224.0,0.0,12.0
WX-CYEG,2030-05-05T18:00:00Z,2030-05-07T03:00:00Z,33,15.0,31.0,5.0,214.0,0.0,12.0
WX-CYEG,2030-05-05T18:00:00Z,2030-05-07T04:00:00Z,34,13.0,42.0,5.0,217.0,0.0,12.0
WX-CYEG,2030-05-05T18:00:00Z,2030-05-07T05:00:00Z,35,9.6,48.0,4.0,199.0,0.0,12.0
WX-CYEG,2030-05-05T18:00:00Z,2030-05-07T06:00:00Z,36,10.7,47.0,8.0,197.0,0.0,12.0
WX-CYEG,2030-05-05T18:00:00Z,2030-05-07T07:00:00Z,37,8.5,51.0,8.0,226.0,0.0,12.0
WX-CYEG,2030-05-05T18:00:00Z,2030-05-07T08:00:00Z,38,7.6,56.0,8.0,203.0,0.0,12.0
WX-CYEG,2030-05-05T18:00:00Z,2030-05-07T09:00:00Z,39,6.6,62.0,9.0,204.0,0.0,12.0
WX-CYEG,2030-05-05T18:00:00Z,2030-05-07T10:00:00Z,40,6.8,60.0,9.0,207.0,0.0,12.0
WX-CYEG,2030-05-05T18:00:00Z,2030-05-07T11:00:00Z,41,7.8,52.0,8.0,212.0,0.0,12.0
WX-CYEG,2030-05-05T18:00:00Z,2030-05-07T12:00:00Z,42,9.8,48.0,7.0,199.0,0.0,12.0
WX-CYEG,2030-05-05T18:00:00Z,2030-05-07T13:00:00Z,43,9.8,43.0,8.0,217.0,0.0,12.0
WX-CYEG,2030-05-05T18:00:00Z,2030-05-07T14:00:00Z,44,15.3,35.0,10.0,190.0,0.0,12.0
WX-CYEG,2030-05-05T18:00:00Z,2030-05-07T15:00:00Z,45,17.0,30.0,12.0,205.0,0.0,12.0
WX-CYEG,2030-05-05T18:00:00Z,2030-05-07T16:00:00Z,46,19.9,28.0,19.0,197.0,0.0,12.0
WX-CYEG,2030-05-05T18:00:00Z,2030-05-07T17:00:00Z,47,22.4,19.0,20.0,195.0,0.0,12.0
WX-CYEG,2030-05-05T18:00:00Z,2030-05-07T18:00:00Z,48,23.8,27.0,22.0,197.0,0.0,12.0
WX-CYEG,2030-05-05T18:00:00Z,2030-05-07T19:00:00Z,49,25.8,18.0,25.0,206.0,0.0,12.0
WX-CYEG,2030-05-05T18:00:00Z,2030-05-07T20:00:00Z,50,26.3,11.0,23.0,220.0,0.0,12.0
WX-CYEG,2030-05-05T18:00:00Z,2030-05-07T21:00:00Z,51,28.6,12.0,24.0,198.0,0.0,12.0
WX-CYEG,2030-05-05T18:00:00Z,2030-05-07T22:00:00Z,52,28.6,16.0,28.0,208.0,0.0,12.0
WX-CYEG,2030-05-05T18:00:00Z,2030-05-07T23:00:00Z,53,28.2,9.0,27.0,212.0,0.0,12.0
WX-CYEG,2030-05-05T18:00:00Z,2030-05-08T00:00:00Z,54,26.5,17.0,19.0,195.0,0.0,12.0
WX-CYEG,2030-05-05T18:00:00Z,2030-05-08T01:00:00Z,55,23.9,19.0,17.0,204.0,0.0,12.0
WX-CYEG,2030-05-05T18:00:00Z,2030-05-08T02:00:00Z,56,20.8,33.0,12.0,199.0,0.0,13.0
WX-CYEG,2030-05-05T18:00:00Z,2030-05-08T03:00:00Z,57,20.8,25.0,8.0,207.0,0.0,13.0
WX-CYEG,2030-05-05T18:00:00Z,2030-05-08T04:00:00Z,58,16.2,36.0,7.0,195.0,0.0,14.0
WX-CYEG,2030-05-05T18:00:00Z,2030-05-08T05:00:00Z,59,13.2,35.0,9.0,206.0,0.0,15.0
WX-CYEG,2030-05-05T18:00:00Z,2030-05-08T06:00:00Z,60,8.4,56.0,9.0,208.0,0.0,17.0
WX-CYEG,2030-05-05T18:00:00Z,2030-05-08T07:00:00Z,61,8.1,49.0,8.0,196.0,0.0,20.0
WX-CYEG,2030-05-05T18:00:00Z,2030-05-08T08:00:00Z,62,6.8,58.0,8.0,194.0,0.0,25.0
WX-CYEG,2030-05-05T18:00:00Z,2030-05-08T09:00:00Z,63,6.9,57.0,8.0,216.0,0.0,32.0
WX-CYEG,2030-05-05T18:00:00Z,2030-05-08T10:00:00Z,64,7.4,48.0,8.0,194.0,0.0,40.0
WX-CYEG,2030-05-05T18:00:00Z,2030-05-08T11:00:00Z,65,6.8,51.0,15.0,230.0,0.0,49.0
WX-CYEG,2030-05-05T18:00:00Z,2030-05-08T12:00:00Z,66,6.2,64.0,13.0,277.0,0.0,59.0
WX-CYEG,2030-05-05T18:00:00Z,2030-05-08T13:00:00Z,67,4.9,81.0,17.0,313.0,0.0,69.0
WX-CYEG,2030-05-05T18:00:00Z,2030-05-08T14:00:00Z,68,5.7,75.0,24.0,299.0,0.0,76.0
WX-CYEG,2030-05-05T18:00:00Z,2030-05-08T15:00:00Z,69,7.2,62.0,22.0,317.0,0.0,81.0
WX-CYEG,2030-05-05T18:00:00Z,2030-05-08T16:00:00Z,70,9.7,40.0,27.0,325.0,0.0,82.0
WX-CYEG,2030-05-05T18:00:00Z,2030-05-08T17:00:00Z,71,12.0,48.0,24.0,310.0,0.0,79.0
WX-CYEG,2030-05-05T18:00:00Z,2030-05-08T18:00:00Z,72,12.7,39.0,30.0,290.0,0.0,73.0
WX-CYWM,2030-05-05T18:00:00Z,2030-05-05T19:00:00Z,1,22.0,25.0,12.0,206.0,0.0,29.0
WX-CYWM,2030-05-05T18:00:00Z,2030-05-05T20:00:00Z,2,23.7,21.0,11.0,216.0,0.0,29.0
WX-CYWM,2030-05-05T18:00:00Z,2030-05-05T21:00:00Z,3,23.8,27.0,11.0,203.0,0.0,29.0
WX-CYWM,2030-05-05T18:00:00Z,2030-05-05T22:00:00Z,4,22.8,16.0,12.0,206.0,0.0,29.0
WX-CYWM,2030-05-05T18:00:00Z,2030-05-05T23:00:00Z,5,23.6,24.0,10.0,211.0,0.0,29.0
WX-CYWM,2030-05-05T18:00:00Z,2030-05-06T00:00:00Z,6,21.6,24.0,9.0,206.0,0.0,29.0
WX-CYWM,2030-05-05T18:00:00Z,2030-05-06T01:00:00Z,7,19.5,29.0,7.0,207.0,0.0,29.0
WX-CYWM,2030-05-05T18:00:00Z,2030-05-06T02:00:00Z,8,18.0,30.0,5.0,215.0,0.0,29.0
WX-CYWM,2030-05-05T18:00:00Z,2030-05-06T03:00:00Z,9,15.1,42.0,4.0,201.0,0.0,29.0
WX-CYWM,2030-05-05T18:00:00Z,2030-05-06T04:00:00Z,10,12.3,49.0,4.0,217.0,0.0,29.0
WX-CYWM,2030-05-05T18:00:00Z,2030-05-06T05:00:00Z,11,10.3,53.0,4.0,203.0,0.0,29.0
WX-CYWM,2030-05-05T18:00:00Z,2030-05-06T06:00:00Z,12,10.6,57.0,4.0,211.0,0.0,29.0
WX-CYWM,2030-05-05T18:00:00Z,2030-05-06T07:00:00Z,13,7.3,61.0,4.0,213.0,0.0,29.0
WX-CYWM,2030-05-05T18:00:00Z,2030-05-06T08:00:00Z,14,6.5,72.0,4.0,216.0,0.0,29.0
WX-CYWM,2030-05-05T18:00:00Z,2030-05-06T09:00:00Z,15,5.5,70.0,4.0,208.0,0.0,29.0
WX-CYWM,2030-05-05T18:00:00Z,2030-05-06T10:00:00Z,16,5.9,61.0,4.0,208.0,0.0,29.0
WX-CYWM,2030-05-05T18:00:00Z,2030-05-06T11:00:00Z,17,5.3,67.0,4.0,199.0,0.0,29.0
WX-CYWM,2030-05-05T18:00:00Z,2030-05-06T12:00:00Z,18,7.0,57.0,4.0,207.0,0.0,29.0
WX-CYWM,2030-05-05T18:00:00Z,2030-05-06T13:00:00Z,19,8.8,48.0,4.0,208.0,0.0,29.0
WX-CYWM,2030-05-05T18:00:00Z,2030-05-06T14:00:00Z,20,12.3,45.0,5.0,204.0,0.0,29.0
WX-CYWM,2030-05-05T18:00:00Z,2030-05-06T15:00:00Z,21,14.4,36.0,7.0,212.0,0.0,29.0
WX-CYWM,2030-05-05T18:00:00Z,2030-05-06T16:00:00Z,22,16.5,37.0,10.0,198.0,0.0,29.0
WX-CYWM,2030-05-05T18:00:00Z,2030-05-06T17:00:00Z,23,19.1,35.0,11.0,215.0,0.0,29.0
WX-CYWM,2030-05-05T18:00:00Z,2030-05-06T18:00:00Z,24,22.8,23.0,13.0,214.0,0.0,29.0
WX-CYWM,2030-05-05T18:00:00Z,2030-05-06T19:00:00Z,25,23.0,23.0,14.0,205.0,0.0,29.0
WX-CYWM,2030-05-05T18:00:00Z,2030-05-06T20:00:00Z,26,25.6,19.0,12.0,213.0,0.0,29.0
WX-CYWM,2030-05-05T18:00:00Z,2030-05-06T21:00:00Z,27,26.3,8.0,15.0,203.0,0.0,29.0
WX-CYWM,2030-05-05T18:00:00Z,2030-05-06T22:00:00Z,28,26.5,19.0,12.0,193.0,0.0,29.0
WX-CYWM,2030-05-05T18:00:00Z,2030-05-06T23:00:00Z,29,25.2,27.0,12.0,206.0,0.0,29.0
WX-CYWM,2030-05-05T18:00:00Z,2030-05-07T00:00:00Z,30,24.2,14.0,10.0,205.0,0.0,29.0
WX-CYWM,2030-05-05T18:00:00Z,2030-05-07T01:00:00Z,31,22.6,21.0,8.0,221.0,0.0,29.0
WX-CYWM,2030-05-05T18:00:00Z,2030-05-07T02:00:00Z,32,20.0,25.0,6.0,206.0,0.0,29.0
WX-CYWM,2030-05-05T18:00:00Z,2030-05-07T03:00:00Z,33,16.9,29.0,4.0,212.0,0.0,29.0
WX-CYWM,2030-05-05T18:00:00Z,2030-05-07T04:00:00Z,34,14.2,40.0,4.0,200.0,0.0,29.0
WX-CYWM,2030-05-05T18:00:00Z,2030-05-07T05:00:00Z,35,11.1,40.0,4.0,205.0,0.0,29.0
WX-CYWM,2030-05-05T18:00:00Z,2030-05-07T06:00:00Z,36,13.9,53.0,6.0,188.0,0.0,29.0
WX-CYWM,2030-05-05T18:00:00Z,2030-05-07T07:00:00Z,37,12.1,49.0,6.0,198.0,0.0,29.0
WX-CYWM,2030-05-05T18:00:00Z,2030-05-07T08:00:00Z,38,8.7,48.0,6.0,202.0,0.0,29.0
WX-CYWM,2030-05-05T18:00:00Z,2030-05-07T09:00:00Z,39,7.2,65.0,6.0,191.0,0.0,29.0
WX-CYWM,2030-05-05T18:00:00Z,2030-05-07T10:00:00Z,40,8.9,47.0,6.0,194.0,0.0,29.0
WX-CYWM,2030-05-05T18:00:00Z,2030-05-07T11:00:00Z,41,8.3,52.0,6.0,193.0,0.0,29.0
WX-CYWM,2030-05-05T18:00:00Z,2030-05-07T12:00:00Z,42,12.2,57.0,6.0,204.0,0.0,29.0
WX-CYWM,2030-05-05T18:00:00Z,2030-05-07T13:00:00Z,43,13.0,38.0,7.0,178.0,0.0,29.0
WX-CYWM,2030-05-05T18:00:00Z,2030-05-07T14:00:00Z,44,14.6,47.0,8.0,204.0,0.0,29.0
WX-CYWM,2030-05-05T18:00:00Z,2030-05-07T15:00:00Z,45,18.0,26.0,11.0,204.0,0.0,29.0
WX-CYWM,2030-05-05T18:00:00Z,2030-05-07T16:00:00Z,46,20.5,24.0,15.0,196.0,0.0,29.0
WX-CYWM,2030-05-05T18:00:00Z,2030-05-07T17:00:00Z,47,24.1,25.0,18.0,205.0,0.0,29.0
WX-CYWM,2030-05-05T18:00:00Z,2030-05-07T18:00:00Z,48,26.3,21.0,21.0,209.0,0.0,29.0
WX-CYWM,2030-05-05T18:00:00Z,2030-05-07T19:00:00Z,49,28.2,28.0,22.0,200.0,0.0,29.0
WX-CYWM,2030-05-05T18:00:00Z,2030-05-07T20:00:00Z,50,28.7,20.0,16.0,190.0,0.0,29.0
WX-CYWM,2030-05-05T18:00:00Z,2030-05-07T21:00:00Z,51,30.1,21.0,21.0,188.0,0.0,29.0
WX-CYWM,2030-05-05T18:00:00Z,2030-05-07T22:00:00Z,52,29.0,18.0,18.0,196.0,0.0,29.0
WX-CYWM,2030-05-05T18:00:00Z,2030-05-07T23:00:00Z,53,30.3,11.0,17.0,205.0,0.0,29.0
WX-CYWM,2030-05-05T18:00:00Z,2030-05-08T00:00:00Z,54,27.2,25.0,15.0,194.0,0.0,29.0
WX-CYWM,2030-05-05T18:00:00Z,2030-05-08T01:00:00Z,55,27.8,17.0,11.0,190.0,0.0,30.0
WX-CYWM,2030-05-05T18:00:00Z,2030-05-08T02:00:00Z,56,23.1,22.0,9.0,204.0,0.0,31.0
WX-CYWM,2030-05-05T18:00:00Z,2030-05-08T03:00:00Z,57,22.0,25.0,6.0,193.0,0.0,33.0
WX-CYWM,2030-05-05T18:00:00Z,2030-05-08T04:00:00Z,58,18.0,27.0,6.0,194.0,0.0,35.0
WX-CYWM,2030-05-05T18:00:00Z,2030-05-08T05:00:00Z,59,14.7,38.0,7.0,182.0,0.0,40.0
WX-CYWM,2030-05-05T18:00:00Z,2030-05-08T06:00:00Z,60,12.5,40.0,7.0,205.0,0.0,45.0
WX-CYWM,2030-05-05T18:00:00Z,2030-05-08T07:00:00Z,61,9.3,52.0,8.0,193.0,0.0,53.0
WX-CYWM,2030-05-05T18:00:00Z,2030-05-08T08:00:00Z,62,9.5,49.0,9.0,218.0,0.0,62.0
WX-CYWM,2030-05-05T18:00:00Z,2030-05-08T09:00:00Z,63,6.7,76.0,12.0,240.0,0.0,72.0
WX-CYWM,2030-05-05T18:00:00Z,2030-05-08T10:00:00Z,64,3.3,90.0,14.0,295.0,0.0,81.0
WX-CYWM,2030-05-05T18:00:00Z,2030-05-08T11:00:00Z,65,4.1,92.0,14.0,312.0,0.0,90.0
WX-CYWM,2030-05-05T18:00:00Z,2030-05-08T12:00:00Z,66,4.7,100.0,13.0,315.0,0.1,100.0
WX-CYWM,2030-05-05T18:00:00Z,2030-05-08T13:00:00Z,67,7.7,86.0,12.0,293.0,0.1,100.0
WX-CYWM,2030-05-05T18:00:00Z,2030-05-08T14:00:00Z,68,7.8,65.0,12.0,298.0,0.2,100.0
WX-CYWM,2030-05-05T18:00:00Z,2030-05-08T15:00:00Z,69,10.3,72.0,12.0,298.0,0.1,100.0
WX-CYWM,2030-05-05T18:00:00Z,2030-05-08T16:00:00Z,70,12.3,61.0,16.0,279.0,0.1,100.0
WX-CYWM,2030-05-05T18:00:00Z,2030-05-08T17:00:00Z,71,13.3,46.0,15.0,321.0,0.0,76.0
WX-CYWM,2030-05-05T18:00:00Z,2030-05-08T18:00:00Z,72,14.8,38.0,19.0,303.0,0.0,66.0
WX-CEE5,2030-05-05T18:00:00Z,2030-05-05T19:00:00Z,1,20.7,22.0,13.0,209.0,0.0,23.0
WX-CEE5,2030-05-05T18:00:00Z,2030-05-05T20:00:00Z,2,20.4,23.0,12.0,220.0,0.0,23.0
WX-CEE5,2030-05-05T18:00:00Z,2030-05-05T21:00:00Z,3,21.9,21.0,11.0,209.0,0.0,23.0
WX-CEE5,2030-05-05T18:00:00Z,2030-05-05T22:00:00Z,4,21.9,18.0,11.0,213.0,0.0,23.0
WX-CEE5,2030-05-05T18:00:00Z,2030-05-05T23:00:00Z,5,21.8,17.0,11.0,220.0,0.0,23.0
WX-CEE5,2030-05-05T18:00:00Z,2030-05-06T00:00:00Z,6,21.3,17.0,9.0,227.0,0.0,23.0
WX-CEE5,2030-05-05T18:00:00Z,2030-05-06T01:00:00Z,7,18.0,20.0,8.0,221.0,0.0,23.0
WX-CEE5,2030-05-05T18:00:00Z,2030-05-06T02:00:00Z,8,15.6,25.0,6.0,222.0,0.0,23.0
WX-CEE5,2030-05-05T18:00:00Z,2030-05-06T03:00:00Z,9,13.8,31.0,4.0,228.0,0.0,23.0
WX-CEE5,2030-05-05T18:00:00Z,2030-05-06T04:00:00Z,10,12.0,37.0,3.0,209.0,0.0,23.0
WX-CEE5,2030-05-05T18:00:00Z,2030-05-06T05:00:00Z,11,8.7,53.0,4.0,218.0,0.0,23.0
WX-CEE5,2030-05-05T18:00:00Z,2030-05-06T06:00:00Z,12,8.7,50.0,4.0,223.0,0.0,23.0
WX-CEE5,2030-05-05T18:00:00Z,2030-05-06T07:00:00Z,13,5.5,51.0,4.0,216.0,0.0,23.0
WX-CEE5,2030-05-05T18:00:00Z,2030-05-06T08:00:00Z,14,3.6,61.0,4.0,216.0,0.0,23.0
WX-CEE5,2030-05-05T18:00:00Z,2030-05-06T09:00:00Z,15,5.5,65.0,4.0,210.0,0.0,23.0
WX-CEE5,2030-05-05T18:00:00Z,2030-05-06T10:00:00Z,16,4.4,68.0,4.0,213.0,0.0,23.0
WX-CEE5,2030-05-05T18:00:00Z,2030-05-06T11:00:00Z,17,5.1,64.0,4.0,219.0,0.0,23.0
WX-CEE5,2030-05-05T18:00:00Z,2030-05-06T12:00:00Z,18,5.9,57.0,4.0,216.0,0.0,23.0
WX-CEE5,2030-05-05T18:00:00Z,2030-05-06T13:00:00Z,19,9.2,49.0,4.0,208.0,0.0,23.0
WX-CEE5,2030-05-05T18:00:00Z,2030-05-06T14:00:00Z,20,10.9,42.0,5.0,224.0,0.0,23.0
WX-CEE5,2030-05-05T18:00:00Z,2030-05-06T15:00:00Z,21,14.5,43.0,8.0,214.0,0.0,23.0
WX-CEE5,2030-05-05T18:00:00Z,2030-05-06T16:00:00Z,22,16.4,29.0,9.0,214.0,0.0,23.0
WX-CEE5,2030-05-05T18:00:00Z,2030-05-06T17:00:00Z,23,18.3,31.0,11.0,216.0,0.0,23.0
WX-CEE5,2030-05-05T18:00:00Z,2030-05-06T18:00:00Z,24,19.9,21.0,14.0,206.0,0.0,23.0
WX-CEE5,2030-05-05T18:00:00Z,2030-05-06T19:00:00Z,25,22.2,22.0,13.0,217.0,0.0,23.0
WX-CEE5,2030-05-05T18:00:00Z,2030-05-06T20:00:00Z,26,24.1,20.0,14.0,217.0,0.0,23.0
WX-CEE5,2030-05-05T18:00:00Z,2030-05-06T21:00:00Z,27,25.5,21.0,14.0,213.0,0.0,23.0
WX-CEE5,2030-05-05T18:00:00Z,2030-05-06T22:00:00Z,28,25.0,15.0,13.0,219.0,0.0,23.0
WX-CEE5,2030-05-05T18:00:00Z,2030-05-06T23:00:00Z,29,23.8,15.0,13.0,218.0,0.0,23.0
WX-CEE5,2030-05-05T18:00:00Z,2030-05-07T00:00:00Z,30,23.1,22.0,11.0,207.0,0.0,23.0
WX-CEE5,2030-05-05T18:00:00Z,2030-05-07T01:00:00Z,31,19.8,20.0,9.0,219.0,0.0,23.0
WX-CEE5,2030-05-05T18:00:00Z,2030-05-07T02:00:00Z,32,19.0,20.0,7.0,210.0,0.0,23.0
WX-CEE5,2030-05-05T18:00:00Z,2030-05-07T03:00:00Z,33,16.7,24.0,4.0,216.0,0.0,23.0
WX-CEE5,2030-05-05T18:00:00Z,2030-05-07T04:00:00Z,34,14.3,41.0,4.0,213.0,0.0,23.0
WX-CEE5,2030-05-05T18:00:00Z,2030-05-07T05:00:00Z,35,10.8,51.0,4.0,210.0,0.0,23.0
WX-CEE5,2030-05-05T18:00:00Z,2030-05-07T06:00:00Z,36,12.1,44.0,6.0,207.0,0.0,23.0
WX-CEE5,2030-05-05T18:00:00Z,2030-05-07T07:00:00Z,37,9.9,35.0,7.0,208.0,0.0,23.0
WX-CEE5,2030-05-05T18:00:00Z,2030-05-07T08:00:00Z,38,9.0,47.0,6.0,218.0,0.0,23.0
WX-CEE5,2030-05-05T18:00:00Z,2030-05-07T09:00:00Z,39,7.2,53.0,6.0,203.0,0.0,23.0
WX-CEE5,2030-05-05T18:00:00Z,2030-05-07T10:00:00Z,40,9.2,61.0,7.0,197.0,0.0,23.0
WX-CEE5,2030-05-05T18:00:00Z,2030-05-07T11:00:00Z,41,9.0,45.0,7.0,206.0,0.0,23.0
WX-CEE5,2030-05-05T18:00:00Z,2030-05-07T12:00:00Z,42,9.9,51.0,6.0,198.0,0.0,23.0
WX-CEE5,2030-05-05T18:00:00Z,2030-05-07T13:00:00Z,43,11.7,44.0,7.0,202.0,0.0,23.0
WX-CEE5,2030-05-05T18:00:00Z,2030-05-07T14:00:00Z,44,13.9,38.0,8.0,195.0,0.0,23.0
WX-CEE5,2030-05-05T18:00:00Z,2030-05-07T15:00:00Z,45,14.8,23.0,11.0,203.0,0.0,23.0
WX-CEE5,2030-05-05T18:00:00Z,2030-05-07T16:00:00Z,46,19.2,27.0,13.0,201.0,0.0,23.0
WX-CEE5,2030-05-05T18:00:00Z,2030-05-07T17:00:00Z,47,21.8,22.0,18.0,222.0,0.0,23.0
WX-CEE5,2030-05-05T18:00:00Z,2030-05-07T18:00:00Z,48,24.4,10.0,20.0,209.0,0.0,23.0
WX-CEE5,2030-05-05T18:00:00Z,2030-05-07T19:00:00Z,49,27.3,16.0,17.0,200.0,0.0,23.0
WX-CEE5,2030-05-05T18:00:00Z,2030-05-07T20:00:00Z,50,28.1,17.0,20.0,198.0,0.0,23.0
WX-CEE5,2030-05-05T18:00:00Z,2030-05-07T21:00:00Z,51,27.8,14.0,21.0,210.0,0.0,24.0
WX-CEE5,2030-05-05T18:00:00Z,2030-05-07T22:00:00Z,52,29.7,12.0,20.0,202.0,0.0,25.0
WX-CEE5,2030-05-05T18:00:00Z,2030-05-07T23:00:00Z,53,28.6,8.0,17.0,200.0,0.0,26.0
WX-CEE5,2030-05-05T18:00:00Z,2030-05-08T00:00:00Z,54,25.5,19.0,20.0,208.0,0.0,28.0
WX-CEE5,2030-05-05T18:00:00Z,2030-05-08T01:00:00Z,55,25.4,20.0,12.0,197.0,0.0,32.0
WX-CEE5,2030-05-05T18:00:00Z,2030-05-08T02:00:00Z,56,21.5,20.0,10.0,209.0,0.0,37.0
WX-CEE5,2030-05-05T18:00:00Z,2030-05-08T03:00:00Z,57,20.1,25.0,6.0,193.0,0.0,44.0
WX-CEE5,2030-05-05T18:00:00Z,2030-05-08T04:00:00Z,58,18.0,33.0,8.0,204.0,0.0,52.0
WX-CEE5,2030-05-05T18:00:00Z,2030-05-08T05:00:00Z,59,13.6,30.0,11.0,214.0,0.0,62.0
WX-CEE5,2030-05-05T18:00:00Z,2030-05-08T06:00:00Z,60,7.2,72.0,13.0,291.0,0.0,72.0
WX-CEE5,2030-05-05T18:00:00Z,2030-05-08T07:00:00Z,61,4.7,79.0,17.0,325.0,0.0,81.0
WX-CEE5,2030-05-05T18:00:00Z,2030-05-08T08:00:00Z,62,4.0,86.0,16.0,299.0,0.0,88.0
WX-CEE5,2030-05-05T18:00:00Z,2030-05-08T09:00:00Z,63,4.3,89.0,12.0,331.0,0.0,92.0
WX-CEE5,2030-05-05T18:00:00Z,2030-05-08T10:00:00Z,64,0.7,85.0,11.0,305.0,0.1,100.0
WX-CEE5,2030-05-05T18:00:00Z,2030-05-08T11:00:00Z,65,1.0,81.0,9.0,307.0,0.1,100.0
WX-CEE5,2030-05-05T18:00:00Z,2030-05-08T12:00:00Z,66,5.4,86.0,7.0,325.0,0.0,83.0
WX-CEE5,2030-05-05T18:00:00Z,2030-05-08T13:00:00Z,67,5.4,79.0,9.0,315.0,0.0,74.0
WX-CEE5,2030-05-05T18:00:00Z,2030-05-08T14:00:00Z,68,7.6,62.0,9.0,289.0,0.0,64.0
WX-CEE5,2030-05-05T18:00:00Z,2030-05-08T15:00:00Z,69,10.1,50.0,13.0,309.0,0.0,54.0
WX-CEE5,2030-05-05T18:00:00Z,2030-05-08T16:00:00Z,70,9.6,52.0,16.0,314.0,0.0,46.0
WX-CEE5,2030-05-05T18:00:00Z,2030-05-08T17:00:00Z,71,13.1,42.0,19.0,339.0,0.0,38.0
WX-CEE5,2030-05-05T18:00:00Z,2030-05-08T18:00:00Z,72,14.4,35.0,25.0,303.0,0.0,33.0
WX-CEH5,2030-05-05T18:00:00Z,2030-05-05T19:00:00Z,1,23.0,12.0,12.0,204.0,0.0,14.0
WX-CEH5,2030-05-05T18:00:00Z,2030-05-05T20:00:00Z,2,24.3,13.0,14.0,208.0,0.0,14.0
WX-CEH5,2030-05-05T18:00:00Z,2030-05-05T21:00:00Z,3,25.2,12.0,13.0,214.0,0.0,14.0
WX-CEH5,2030-05-05T18:00:00Z,2030-05-05T22:00:00Z,4,24.8,21.0,12.0,213.0,0.0,14.0
WX-CEH5,2030-05-05T18:00:00Z,2030-05-05T23:00:00Z,5,25.2,17.0,13.0,208.0,0.0,14.0
WX-CEH5,2030-05-05T18:00:00Z,2030-05-06T00:00:00Z,6,22.7,12.0,10.0,214.0,0.0,14.0
WX-CEH5,2030-05-05T18:00:00Z,2030-05-06T01:00:00Z,7,21.6,13.0,8.0,203.0,0.0,14.0
WX-CEH5,2030-05-05T18:00:00Z,2030-05-06T02:00:00Z,8,19.6,18.0,7.0,210.0,0.0,14.0
WX-CEH5,2030-05-05T18:00:00Z,2030-05-06T03:00:00Z,9,17.8,23.0,4.0,213.0,0.0,14.0
WX-CEH5,2030-05-05T18:00:00Z,2030-05-06T04:00:00Z,10,13.7,29.0,4.0,226.0,0.0,14.0
WX-CEH5,2030-05-05T18:00:00Z,2030-05-06T05:00:00Z,11,12.4,36.0,4.0,209.0,0.0,14.0
WX-CEH5,2030-05-05T18:00:00Z,2030-05-06T06:00:00Z,12,11.0,36.0,4.0,218.0,0.0,14.0
WX-CEH5,2030-05-05T18:00:00Z,2030-05-06T07:00:00Z,13,9.1,36.0,4.0,194.0,0.0,14.0
WX-CEH5,2030-05-05T18:00:00Z,2030-05-06T08:00:00Z,14,8.2,41.0,4.0,204.0,0.0,14.0
WX-CEH5,2030-05-05T18:00:00Z,2030-05-06T09:00:00Z,15,7.0,44.0,4.0,204.0,0.0,14.0
WX-CEH5,2030-05-05T18:00:00Z,2030-05-06T10:00:00Z,16,7.8,54.0,4.0,213.0,0.0,14.0
WX-CEH5,2030-05-05T18:00:00Z,2030-05-06T11:00:00Z,17,9.0,49.0,4.0,208.0,0.0,14.0
WX-CEH5,2030-05-05T18:00:00Z,2030-05-06T12:00:00Z,18,10.4,51.0,4.0,207.0,0.0,14.0
WX-CEH5,2030-05-05T18:00:00Z,2030-05-06T13:00:00Z,19,10.7,33.0,5.0,212.0,0.0,14.0
WX-CEH5,2030-05-05T18:00:00Z,2030-05-06T14:00:00Z,20,13.3,36.0,5.0,204.0,0.0,14.0
WX-CEH5,2030-05-05T18:00:00Z,2030-05-06T15:00:00Z,21,17.3,20.0,7.0,200.0,0.0,14.0
WX-CEH5,2030-05-05T18:00:00Z,2030-05-06T16:00:00Z,22,19.6,26.0,11.0,203.0,0.0,14.0
WX-CEH5,2030-05-05T18:00:00Z,2030-05-06T17:00:00Z,23,21.6,17.0,14.0,204.0,0.0,14.0
WX-CEH5,2030-05-05T18:00:00Z,2030-05-06T18:00:00Z,24,23.7,19.0,15.0,205.0,0.0,14.0
WX-CEH5,2030-05-05T18:00:00Z,2030-05-06T19:00:00Z,25,24.9,13.0,15.0,201.0,0.0,14.0
WX-CEH5,2030-05-05T18:00:00Z,2030-05-06T20:00:00Z,26,27.1,18.0,16.0,202.0,0.0,14.0
WX-CEH5,2030-05-05T18:00:00Z,2030-05-06T21:00:00Z,27,27.9,12.0,17.0,209.0,0.0,14.0
WX-CEH5,2030-05-05T18:00:00Z,2030-05-06T22:00:00Z,28,27.1,16.0,14.0,203.0,0.0,14.0
WX-CEH5,2030-05-05T18:00:00Z,2030-05-06T23:00:00Z,29,27.3,19.0,13.0,213.0,0.0,14.0
WX-CEH5,2030-05-05T18:00:00Z,2030-05-07T00:00:00Z,30,25.0,18.0,11.0,213.0,0.0,14.0
WX-CEH5,2030-05-05T18:00:00Z,2030-05-07T01:00:00Z,31,23.6,14.0,10.0,212.0,0.0,14.0
WX-CEH5,2030-05-05T18:00:00Z,2030-05-07T02:00:00Z,32,22.0,24.0,6.0,202.0,0.0,14.0
WX-CEH5,2030-05-05T18:00:00Z,2030-05-07T03:00:00Z,33,18.5,22.0,4.0,191.0,0.0,14.0
WX-CEH5,2030-05-05T18:00:00Z,2030-05-07T04:00:00Z,34,17.6,23.0,5.0,199.0,0.0,14.0
WX-CEH5,2030-05-05T18:00:00Z,2030-05-07T05:00:00Z,35,14.6,23.0,4.0,214.0,0.0,14.0
WX-CEH5,2030-05-05T18:00:00Z,2030-05-07T06:00:00Z,36,15.3,32.0,7.0,176.0,0.0,14.0
WX-CEH5,2030-05-05T18:00:00Z,2030-05-07T07:00:00Z,37,12.6,37.0,7.0,200.0,0.0,14.0
WX-CEH5,2030-05-05T18:00:00Z,2030-05-07T08:00:00Z,38,11.1,38.0,6.0,207.0,0.0,14.0
WX-CEH5,2030-05-05T18:00:00Z,2030-05-07T09:00:00Z,39,11.9,41.0,7.0,192.0,0.0,14.0
WX-CEH5,2030-05-05T18:00:00Z,2030-05-07T10:00:00Z,40,13.0,38.0,7.0,211.0,0.0,14.0
WX-CEH5,2030-05-05T18:00:00Z,2030-05-07T11:00:00Z,41,11.7,37.0,7.0,199.0,0.0,14.0
WX-CEH5,2030-05-05T18:00:00Z,2030-05-07T12:00:00Z,42,11.5,41.0,6.0,196.0,0.0,14.0
WX-CEH5,2030-05-05T18:00:00Z,2030-05-07T13:00:00Z,43,14.3,30.0,7.0,190.0,0.0,14.0
WX-CEH5,2030-05-05T18:00:00Z,2030-05-07T14:00:00Z,44,16.8,28.0,8.0,198.0,0.0,14.0
WX-CEH5,2030-05-05T18:00:00Z,2030-05-07T15:00:00Z,45,21.3,24.0,13.0,207.0,0.0,14.0
WX-CEH5,2030-05-05T18:00:00Z,2030-05-07T16:00:00Z,46,23.2,20.0,17.0,193.0,0.0,14.0
WX-CEH5,2030-05-05T18:00:00Z,2030-05-07T17:00:00Z,47,24.8,20.0,21.0,187.0,0.0,14.0
WX-CEH5,2030-05-05T18:00:00Z,2030-05-07T18:00:00Z,48,28.7,22.0,22.0,185.0,0.0,15.0
WX-CEH5,2030-05-05T18:00:00Z,2030-05-07T19:00:00Z,49,29.6,8.0,20.0,184.0,0.0,16.0
WX-CEH5,2030-05-05T18:00:00Z,2030-05-07T20:00:00Z,50,30.1,10.0,22.0,209.0,0.0,17.0
WX-CEH5,2030-05-05T18:00:00Z,2030-05-07T21:00:00Z,51,33.1,10.0,23.0,196.0,0.0,20.0
WX-CEH5,2030-05-05T18:00:00Z,2030-05-07T22:00:00Z,52,31.5,12.0,25.0,197.0,0.0,24.0
WX-CEH5,2030-05-05T18:00:00Z,2030-05-07T23:00:00Z,53,32.1,9.0,20.0,206.0,0.0,30.0
WX-CEH5,2030-05-05T18:00:00Z,2030-05-08T00:00:00Z,54,29.5,17.0,20.0,203.0,0.0,38.0
WX-CEH5,2030-05-05T18:00:00Z,2030-05-08T01:00:00Z,55,26.3,16.0,16.0,193.0,0.0,46.0
WX-CEH5,2030-05-05T18:00:00Z,2030-05-08T02:00:00Z,56,22.6,29.0,18.0,241.0,0.0,56.0
WX-CEH5,2030-05-05T18:00:00Z,2030-05-08T03:00:00Z,57,14.9,29.0,19.0,272.0,0.0,66.0
WX-CEH5,2030-05-05T18:00:00Z,2030-05-08T04:00:00Z,58,15.6,32.0,22.0,301.0,0.0,75.0
WX-CEH5,2030-05-05T18:00:00Z,2030-05-08T05:00:00Z,59,11.5,46.0,19.0,301.0,0.1,100.0
WX-CEH5,2030-05-05T18:00:00Z,2030-05-08T06:00:00Z,60,10.7,59.0,11.0,307.0,0.1,100.0
WX-CEH5,2030-05-05T18:00:00Z,2030-05-08T07:00:00Z,61,7.0,69.0,11.0,316.0,0.2,100.0
WX-CEH5,2030-05-05T18:00:00Z,2030-05-08T08:00:00Z,62,7.3,60.0,9.0,306.0,0.2,100.0
WX-CEH5,2030-05-05T18:00:00Z,2030-05-08T09:00:00Z,63,5.5,64.0,10.0,304.0,0.1,100.0
WX-CEH5,2030-05-05T18:00:00Z,2030-05-08T10:00:00Z,64,6.1,54.0,7.0,308.0,0.0,61.0
WX-CEH5,2030-05-05T18:00:00Z,2030-05-08T11:00:00Z,65,6.1,72.0,7.0,304.0,0.0,51.0
WX-CEH5,2030-05-05T18:00:00Z,2030-05-08T12:00:00Z,66,6.5,57.0,9.0,301.0,0.0,41.0
WX-CEH5,2030-05-05T18:00:00Z,2030-05-08T13:00:00Z,67,7.8,45.0,8.0,310.0,0.0,33.0
WX-CEH5,2030-05-05T18:00:00Z,2030-05-08T14:00:00Z,68,11.4,43.0,12.0,301.0,0.0,27.0
WX-CEH5,2030-05-05T18:00:00Z,2030-05-08T15:00:00Z,69,11.0,40.0,13.0,311.0,0.0,22.0
WX-CEH5,2030-05-05T18:00:00Z,2030-05-08T16:00:00Z,70,14.8,43.0,18.0,313.0,0.0,19.0
WX-CEH5,2030-05-05T18:00:00Z,2030-05-08T17:00:00Z,71,15.1,35.0,20.0,314.0,0.0,16.0
WX-CEH5,2030-05-05T18:00:00Z,2030-05-08T18:00:00Z,72,16.7,23.0,24.0,300.0,0.0,15.0
WX-CFX4,2030-05-05T18:00:00Z,2030-05-05T19:00:00Z,1,20.6,26.0,11.0,225.0,0.0,7.0
WX-CFX4,2030-05-05T18:00:00Z,2030-05-05T20:00:00Z,2,22.0,23.0,10.0,228.0,0.0,7.0
WX-CFX4,2030-05-05T18:00:00Z,2030-05-05T21:00:00Z,3,23.3,22.0,11.0,221.0,0.0,7.0
WX-CFX4,2030-05-05T18:00:00Z,2030-05-05T22:00:00Z,4,23.6,19.0,9.0,225.0,0.0,7.0
WX-CFX4,2030-05-05T18:00:00Z,2030-05-05T23:00:00Z,5,21.9,16.0,10.0,223.0,0.0,7.0
WX-CFX4,2030-05-05T18:00:00Z,2030-05-06T00:00:00Z,6,21.4,24.0,8.0,214.0,0.0,7.0
WX-CFX4,2030-05-05T18:00:00Z,2030-05-06T01:00:00Z,7,20.0,28.0,7.0,222.0,0.0,7.0
WX-CFX4,2030-05-05T18:00:00Z,2030-05-06T02:00:00Z,8,17.5,29.0,5.0,222.0,0.0,7.0
WX-CFX4,2030-05-05T18:00:00Z,2030-05-06T03:00:00Z,9,14.2,38.0,4.0,222.0,0.0,7.0
WX-CFX4,2030-05-05T18:00:00Z,2030-05-06T04:00:00Z,10,12.8,38.0,4.0,224.0,0.0,7.0
WX-CFX4,2030-05-05T18:00:00Z,2030-05-06T05:00:00Z,11,9.9,51.0,4.0,230.0,0.0,7.0
WX-CFX4,2030-05-05T18:00:00Z,2030-05-06T06:00:00Z,12,9.3,45.0,4.0,221.0,0.0,7.0
WX-CFX4,2030-05-05T18:00:00Z,2030-05-06T07:00:00Z,13,7.2,60.0,4.0,215.0,0.0,7.0
WX-CFX4,2030-05-05T18:00:00Z,2030-05-06T08:00:00Z,14,6.0,63.0,3.0,219.0,0.0,7.0
WX-CFX4,2030-05-05T18:00:00Z,2030-05-06T09:00:00Z,15,5.1,58.0,4.0,210.0,0.0,7.0
WX-CFX4,2030-05-05T18:00:00Z,2030-05-06T10:00:00Z,16,5.3,64.0,3.0,209.0,0.0,7.0
WX-CFX4,2030-05-05T18:00:00Z,2030-05-06T11:00:00Z,17,6.6,63.0,4.0,225.0,0.0,7.0
WX-CFX4,2030-05-05T18:00:00Z,2030-05-06T12:00:00Z,18,7.5,59.0,4.0,213.0,0.0,7.0
WX-CFX4,2030-05-05T18:00:00Z,2030-05-06T13:00:00Z,19,8.5,49.0,4.0,219.0,0.0,7.0
WX-CFX4,2030-05-05T18:00:00Z,2030-05-06T14:00:00Z,20,12.1,33.0,5.0,213.0,0.0,7.0
WX-CFX4,2030-05-05T18:00:00Z,2030-05-06T15:00:00Z,21,15.1,30.0,7.0,220.0,0.0,7.0
WX-CFX4,2030-05-05T18:00:00Z,2030-05-06T16:00:00Z,22,16.7,30.0,9.0,215.0,0.0,7.0
WX-CFX4,2030-05-05T18:00:00Z,2030-05-06T17:00:00Z,23,19.7,26.0,9.0,216.0,0.0,7.0
WX-CFX4,2030-05-05T18:00:00Z,2030-05-06T18:00:00Z,24,21.8,28.0,10.0,212.0,0.0,7.0
WX-CFX4,2030-05-05T18:00:00Z,2030-05-06T19:00:00Z,25,23.4,22.0,11.0,216.0,0.0,7.0
WX-CFX4,2030-05-05T18:00:00Z,2030-05-06T20:00:00Z,26,24.3,19.0,13.0,213.0,0.0,7.0
WX-CFX4,2030-05-05T18:00:00Z,2030-05-06T21:00:00Z,27,25.7,18.0,14.0,217.0,0.0,7.0
WX-CFX4,2030-05-05T18:00:00Z,2030-05-06T22:00:00Z,28,26.1,12.0,10.0,222.0,0.0,7.0
WX-CFX4,2030-05-05T18:00:00Z,2030-05-06T23:00:00Z,29,24.0,22.0,11.0,219.0,0.0,7.0
WX-CFX4,2030-05-05T18:00:00Z,2030-05-07T00:00:00Z,30,23.0,18.0,9.0,222.0,0.0,7.0
WX-CFX4,2030-05-05T18:00:00Z,2030-05-07T01:00:00Z,31,22.0,26.0,7.0,207.0,0.0,7.0
WX-CFX4,2030-05-05T18:00:00Z,2030-05-07T02:00:00Z,32,18.8,26.0,5.0,206.0,0.0,7.0
WX-CFX4,2030-05-05T18:00:00Z,2030-05-07T03:00:00Z,33,16.0,21.0,4.0,219.0,0.0,7.0
WX-CFX4,2030-05-05T18:00:00Z,2030-05-07T04:00:00Z,34,15.0,26.0,4.0,212.0,0.0,7.0
WX-CFX4,2030-05-05T18:00:00Z,2030-05-07T05:00:00Z,35,11.9,47.0,3.0,228.0,0.0,7.0
WX-CFX4,2030-05-05T18:00:00Z,2030-05-07T06:00:00Z,36,11.9,40.0,5.0,219.0,0.0,7.0
WX-CFX4,2030-05-05T18:00:00Z,2030-05-07T07:00:00Z,37,10.2,46.0,6.0,211.0,0.0,7.0
WX-CFX4,2030-05-05T18:00:00Z,2030-05-07T08:00:00Z,38,9.0,41.0,6.0,210.0,0.0,7.0
WX-CFX4,2030-05-05T18:00:00Z,2030-05-07T09:00:00Z,39,7.4,52.0,5.0,212.0,0.0,7.0
WX-CFX4,2030-05-05T18:00:00Z,2030-05-07T10:00:00Z,40,8.7,59.0,6.0,207.0,0.0,7.0
WX-CFX4,2030-05-05T18:00:00Z,2030-05-07T11:00:00Z,41,9.3,45.0,6.0,221.0,0.0,8.0
WX-CFX4,2030-05-05T18:00:00Z,2030-05-07T12:00:00Z,42,11.9,43.0,5.0,204.0,0.0,8.0
WX-CFX4,2030-05-05T18:00:00Z,2030-05-07T13:00:00Z,43,12.9,32.0,6.0,209.0,0.0,8.0
WX-CFX4,2030-05-05T18:00:00Z,2030-05-07T14:00:00Z,44,14.9,35.0,7.0,208.0,0.0,9.0
WX-CFX4,2030-05-05T18:00:00Z,2030-05-07T15:00:00Z,45,16.6,26.0,11.0,207.0,0.0,10.0
WX-CFX4,2030-05-05T18:00:00Z,2030-05-07T16:00:00Z,46,20.3,30.0,12.0,217.0,0.0,12.0
WX-CFX4,2030-05-05T18:00:00Z,2030-05-07T17:00:00Z,47,22.7,19.0,16.0,191.0,0.0,15.0
WX-CFX4,2030-05-05T18:00:00Z,2030-05-07T18:00:00Z,48,24.7,18.0,17.0,206.0,0.0,20.0
WX-CFX4,2030-05-05T18:00:00Z,2030-05-07T19:00:00Z,49,27.5,13.0,20.0,207.0,0.0,26.0
WX-CFX4,2030-05-05T18:00:00Z,2030-05-07T20:00:00Z,50,28.2,15.0,23.0,214.0,0.0,34.0
WX-CFX4,2030-05-05T18:00:00Z,2030-05-07T21:00:00Z,51,30.2,12.0,27.0,214.0,0.0,44.0
WX-CFX4,2030-05-05T18:00:00Z,2030-05-07T22:00:00Z,52,24.2,27.0,31.0,275.0,0.0,54.0
WX-CFX4,2030-05-05T18:00:00Z,2030-05-07T23:00:00Z,53,19.6,36.0,35.0,308.0,0.0,63.0
WX-CFX4,2030-05-05T18:00:00Z,2030-05-08T00:00:00Z,54,18.3,33.0,27.0,303.0,0.0,71.0
WX-CFX4,2030-05-05T18:00:00Z,2030-05-08T01:00:00Z,55,17.3,31.0,23.0,324.0,0.0,76.0
WX-CFX4,2030-05-05T18:00:00Z,2030-05-08T02:00:00Z,56,16.9,28.0,15.0,319.0,0.0,77.0
WX-CFX4,2030-05-05T18:00:00Z,2030-05-08T03:00:00Z,57,13.8,34.0,12.0,312.0,0.0,75.0
WX-CFX4,2030-05-05T18:00:00Z,2030-05-08T04:00:00Z,58,12.3,47.0,11.0,303.0,0.0,69.0
WX-CFX4,2030-05-05T18:00:00Z,2030-05-08T05:00:00Z,59,10.8,51.0,10.0,310.0,0.0,61.0
WX-CFX4,2030-05-05T18:00:00Z,2030-05-08T06:00:00Z,60,5.1,72.0,5.0,304.0,0.0,51.0
WX-CFX4,2030-05-05T18:00:00Z,2030-05-08T07:00:00Z,61,5.3,83.0,7.0,316.0,0.0,41.0
WX-CFX4,2030-05-05T18:00:00Z,2030-05-08T08:00:00Z,62,5.0,87.0,7.0,317.0,0.0,32.0
WX-CFX4,2030-05-05T18:00:00Z,2030-05-08T09:00:00Z,63,2.6,87.0,7.0,328.0,0.0,24.0
WX-CFX4,2030-05-05T18:00:00Z,2030-05-08T10:00:00Z,64,3.3,78.0,8.0,315.0,0.0,19.0
WX-CFX4,2030-05-05T18:00:00Z,2030-05-08T11:00:00Z,65,2.9,82.0,7.0,325.0,0.0,14.0
WX-CFX4,2030-05-05T18:00:00Z,2030-05-08T12:00:00Z,66,4.9,79.0,7.0,311.0,0.0,11.0
WX-CFX4,2030-05-05T18:00:00Z,2030-05-08T13:00:00Z,67,6.7,75.0,8.0,319.0,0.0,10.0
WX-CFX4,2030-05-05T18:00:00Z,2030-05-08T14:00:00Z,68,8.8,66.0,9.0,315.0,0.0,9.0
WX-CFX4,2030-05-05T18:00:00Z,2030-05-08T15:00:00Z,69,10.8,58.0,13.0,321.0,0.0,8.0
WX-CFX4,2030-05-05T18:00:00Z,2030-05-08T16:00:00Z,70,8.5,50.0,15.0,309.0,0.0,8.0
WX-CFX4,2030-05-05T18:00:00Z,2030-05-08T17:00:00Z,71,13.5,30.0,14.0,315.0,0.0,8.0
WX-CFX4,2030-05-05T18:00:00Z,2030-05-08T18:00:00Z,72,14.2,33.0,20.0,325.0,0.0,7.0
WX-CYZU,2030-05-05T18:00:00Z,2030-05-05T19:00:00Z,1,24.8,16.0,11.0,227.0,0.0,15.0
WX-CYZU,2030-05-05T18:00:00Z,2030-05-05T20:00:00Z,2,26.4,12.0,11.0,227.0,0.0,15.0
WX-CYZU,2030-05-05T18:00:00Z,2030-05-05T21:00:00Z,3,26.2,18.0,13.0,227.0,0.0,15.0
WX-CYZU,2030-05-05T18:00:00Z,2030-05-05T22:00:00Z,4,27.0,12.0,12.0,229.0,0.0,15.0
WX-CYZU,2030-05-05T18:00:00Z,2030-05-05T23:00:00Z,5,26.0,15.0,10.0,230.0,0.0,15.0
WX-CYZU,2030-05-05T18:00:00Z,2030-05-06T00:00:00Z,6,25.2,17.0,10.0,226.0,0.0,15.0
WX-CYZU,2030-05-05T18:00:00Z,2030-05-06T01:00:00Z,7,23.0,16.0,8.0,229.0,0.0,15.0
WX-CYZU,2030-05-05T18:00:00Z,2030-05-06T02:00:00Z,8,21.2,17.0,6.0,233.0,0.0,15.0
WX-CYZU,2030-05-05T18:00:00Z,2030-05-06T03:00:00Z,9,19.4,25.0,4.0,226.0,0.0,15.0
WX-CYZU,2030-05-05T18:00:00Z,2030-05-06T04:00:00Z,10,15.6,33.0,4.0,231.0,0.0,15.0
WX-CYZU,2030-05-05T18:00:00Z,2030-05-06T05:00:00Z,11,12.9,31.0,4.0,241.0,0.0,15.0
WX-CYZU,2030-05-05T18:00:00Z,2030-05-06T06:00:00Z,12,12.9,30.0,5.0,231.0,0.0,15.0
WX-CYZU,2030-05-05T18:00:00Z,2030-05-06T07:00:00Z,13,12.1,37.0,4.0,230.0,0.0,15.0
WX-CYZU,2030-05-05T18:00:00Z,2030-05-06T08:00:00Z,14,9.4,46.0,4.0,232.0,0.0,15.0
WX-CYZU,2030-05-05T18:00:00Z,2030-05-06T09:00:00Z,15,8.8,49.0,4.0,225.0,0.0,15.0
WX-CYZU,2030-05-05T18:00:00Z,2030-05-06T10:00:00Z,16,10.7,43.0,4.0,229.0,0.0,15.0
WX-CYZU,2030-05-05T18:00:00Z,2030-05-06T11:00:00Z,17,9.7,42.0,4.0,235.0,0.0,15.0
WX-CYZU,2030-05-05T18:00:00Z,2030-05-06T12:00:00Z,18,11.0,38.0,4.0,229.0,0.0,15.0
WX-CYZU,2030-05-05T18:00:00Z,2030-05-06T13:00:00Z,19,12.4,37.0,4.0,226.0,0.0,15.0
WX-CYZU,2030-05-05T18:00:00Z,2030-05-06T14:00:00Z,20,15.3,32.0,5.0,232.0,0.0,15.0
WX-CYZU,2030-05-05T18:00:00Z,2030-05-06T15:00:00Z,21,17.8,28.0,8.0,227.0,0.0,15.0
WX-CYZU,2030-05-05T18:00:00Z,2030-05-06T16:00:00Z,22,20.0,24.0,10.0,219.0,0.0,15.0
WX-CYZU,2030-05-05T18:00:00Z,2030-05-06T17:00:00Z,23,22.9,16.0,13.0,224.0,0.0,15.0
WX-CYZU,2030-05-05T18:00:00Z,2030-05-06T18:00:00Z,24,25.5,13.0,13.0,236.0,0.0,15.0
WX-CYZU,2030-05-05T18:00:00Z,2030-05-06T19:00:00Z,25,26.3,22.0,14.0,236.0,0.0,15.0
WX-CYZU,2030-05-05T18:00:00Z,2030-05-06T20:00:00Z,26,28.3,17.0,15.0,228.0,0.0,15.0
WX-CYZU,2030-05-05T18:00:00Z,2030-05-06T21:00:00Z,27,29.3,5.0,16.0,245.0,0.0,15.0
WX-CYZU,2030-05-05T18:00:00Z,2030-05-06T22:00:00Z,28,29.5,14.0,14.0,229.0,0.0,15.0
WX-CYZU,2030-05-05T18:00:00Z,2030-05-06T23:00:00Z,29,28.1,17.0,13.0,232.0,0.0,15.0
WX-CYZU,2030-05-05T18:00:00Z,2030-05-07T00:00:00Z,30,27.3,10.0,10.0,224.0,0.0,15.0
WX-CYZU,2030-05-05T18:00:00Z,2030-05-07T01:00:00Z,31,25.6,14.0,8.0,234.0,0.0,15.0
WX-CYZU,2030-05-05T18:00:00Z,2030-05-07T02:00:00Z,32,22.9,28.0,7.0,225.0,0.0,15.0
WX-CYZU,2030-05-05T18:00:00Z,2030-05-07T03:00:00Z,33,20.5,22.0,5.0,232.0,0.0,15.0
WX-CYZU,2030-05-05T18:00:00Z,2030-05-07T04:00:00Z,34,17.6,29.0,4.0,228.0,0.0,15.0
WX-CYZU,2030-05-05T18:00:00Z,2030-05-07T05:00:00Z,35,15.4,34.0,4.0,233.0,0.0,15.0
WX-CYZU,2030-05-05T18:00:00Z,2030-05-07T06:00:00Z,36,16.9,36.0,7.0,219.0,0.0,15.0
WX-CYZU,2030-05-05T18:00:00Z,2030-05-07T07:00:00Z,37,15.5,27.0,7.0,209.0,0.0,15.0
WX-CYZU,2030-05-05T18:00:00Z,2030-05-07T08:00:00Z,38,13.4,37.0,6.0,216.0,0.0,15.0
WX-CYZU,2030-05-05T18:00:00Z,2030-05-07T09:00:00Z,39,11.1,39.0,6.0,224.0,0.0,15.0
WX-CYZU,2030-05-05T18:00:00Z,2030-05-07T10:00:00Z,40,11.0,36.0,6.0,205.0,0.0,15.0
WX-CYZU,2030-05-05T18:00:00Z,2030-05-07T11:00:00Z,41,12.5,40.0,7.0,214.0,0.0,15.0
WX-CYZU,2030-05-05T18:00:00Z,2030-05-07T12:00:00Z,42,15.6,30.0,7.0,208.0,0.0,15.0
WX-CYZU,2030-05-05T18:00:00Z,2030-05-07T13:00:00Z,43,16.6,35.0,6.0,220.0,0.0,15.0
WX-CYZU,2030-05-05T18:00:00Z,2030-05-07T14:00:00Z,44,17.8,24.0,8.0,216.0,0.0,15.0
WX-CYZU,2030-05-05T18:00:00Z,2030-05-07T15:00:00Z,45,21.5,20.0,12.0,227.0,0.0,15.0
WX-CYZU,2030-05-05T18:00:00Z,2030-05-07T16:00:00Z,46,26.3,12.0,15.0,210.0,0.0,15.0
WX-CYZU,2030-05-05T18:00:00Z,2030-05-07T17:00:00Z,47,28.4,14.0,19.0,211.0,0.0,15.0
WX-CYZU,2030-05-05T18:00:00Z,2030-05-07T18:00:00Z,48,28.1,17.0,23.0,215.0,0.0,15.0
WX-CYZU,2030-05-05T18:00:00Z,2030-05-07T19:00:00Z,49,29.0,5.0,23.0,214.0,0.0,15.0
WX-CYZU,2030-05-05T18:00:00Z,2030-05-07T20:00:00Z,50,30.5,15.0,23.0,211.0,0.0,15.0
WX-CYZU,2030-05-05T18:00:00Z,2030-05-07T21:00:00Z,51,32.6,5.0,21.0,215.0,0.0,15.0
WX-CYZU,2030-05-05T18:00:00Z,2030-05-07T22:00:00Z,52,32.0,7.0,21.0,218.0,0.0,16.0
WX-CYZU,2030-05-05T18:00:00Z,2030-05-07T23:00:00Z,53,31.9,11.0,19.0,234.0,0.0,16.0
WX-CYZU,2030-05-05T18:00:00Z,2030-05-08T00:00:00Z,54,32.1,11.0,17.0,224.0,0.0,18.0
WX-CYZU,2030-05-05T18:00:00Z,2030-05-08T01:00:00Z,55,29.0,13.0,14.0,214.0,0.0,20.0
WX-CYZU,2030-05-05T18:00:00Z,2030-05-08T02:00:00Z,56,26.8,19.0,11.0,210.0,0.0,24.0
WX-CYZU,2030-05-05T18:00:00Z,2030-05-08T03:00:00Z,57,23.6,18.0,7.0,210.0,0.0,29.0
WX-CYZU,2030-05-05T18:00:00Z,2030-05-08T04:00:00Z,58,21.1,20.0,7.0,213.0,0.0,36.0
WX-CYZU,2030-05-05T18:00:00Z,2030-05-08T05:00:00Z,59,18.4,25.0,9.0,209.0,0.0,45.0
WX-CYZU,2030-05-05T18:00:00Z,2030-05-08T06:00:00Z,60,15.4,31.0,11.0,247.0,0.0,55.0
WX-CYZU,2030-05-05T18:00:00Z,2030-05-08T07:00:00Z,61,11.3,48.0,13.0,296.0,0.0,65.0
WX-CYZU,2030-05-05T18:00:00Z,2030-05-08T08:00:00Z,62,8.5,69.0,13.0,323.0,0.0,74.0
WX-CYZU,2030-05-05T18:00:00Z,2030-05-08T09:00:00Z,63,6.9,73.0,15.0,326.0,0.0,80.0
WX-CYZU,2030-05-05T18:00:00Z,2030-05-08T10:00:00Z,64,6.9,54.0,12.0,325.0,0.0,84.0
WX-CYZU,2030-05-05T18:00:00Z,2030-05-08T11:00:00Z,65,5.9,64.0,10.0,317.0,0.1,100.0
WX-CYZU,2030-05-05T18:00:00Z,2030-05-08T12:00:00Z,66,7.6,56.0,10.0,341.0,0.1,100.0
WX-CYZU,2030-05-05T18:00:00Z,2030-05-08T13:00:00Z,67,11.0,56.0,8.0,326.0,0.0,73.0
WX-CYZU,2030-05-05T18:00:00Z,2030-05-08T14:00:00Z,68,11.5,47.0,9.0,330.0,0.0,64.0
WX-CYZU,2030-05-05T18:00:00Z,2030-05-08T15:00:00Z,69,13.1,38.0,14.0,334.0,0.0,55.0
WX-CYZU,2030-05-05T18:00:00Z,2030-05-08T16:00:00Z,70,14.7,40.0,19.0,346.0,0.0,45.0
WX-CYZU,2030-05-05T18:00:00Z,2030-05-08T17:00:00Z,71,15.9,26.0,17.0,347.0,0.0,36.0
WX-CYZU,2030-05-05T18:00:00Z,2030-05-08T18:00:00Z,72,19.9,20.0,22.0,340.0,0.0,29.0
WX-CZHP,2030-05-05T18:00:00Z,2030-05-05T19:00:00Z,1,21.2,22.0,14.0,213.0,0.0,22.0
WX-CZHP,2030-05-05T18:00:00Z,2030-05-05T20:00:00Z,2,23.7,14.0,13.0,213.0,0.0,22.0
WX-CZHP,2030-05-05T18:00:00Z,2030-05-05T21:00:00Z,3,23.9,16.0,14.0,214.0,0.0,22.0
WX-CZHP,2030-05-05T18:00:00Z,2030-05-05T22:00:00Z,4,24.2,14.0,13.0,209.0,0.0,22.0
WX-CZHP,2030-05-05T18:00:00Z,2030-05-05T23:00:00Z,5,23.5,21.0,12.0,214.0,0.0,22.0
WX-CZHP,2030-05-05T18:00:00Z,2030-05-06T00:00:00Z,6,22.1,19.0,11.0,209.0,0.0,22.0
WX-CZHP,2030-05-05T18:00:00Z,2030-05-06T01:00:00Z,7,20.7,27.0,8.0,212.0,0.0,22.0
WX-CZHP,2030-05-05T18:00:00Z,2030-05-06T02:00:00Z,8,18.2,31.0,6.0,201.0,0.0,22.0
WX-CZHP,2030-05-05T18:00:00Z,2030-05-06T03:00:00Z,9,16.0,35.0,4.0,214.0,0.0,22.0
WX-CZHP,2030-05-05T18:00:00Z,2030-05-06T04:00:00Z,10,12.7,39.0,5.0,208.0,0.0,22.0
WX-CZHP,2030-05-05T18:00:00Z,2030-05-06T05:00:00Z,11,9.8,51.0,5.0,210.0,0.0,22.0
WX-CZHP,2030-05-05T18:00:00Z,2030-05-06T06:00:00Z,12,10.4,51.0,5.0,201.0,0.0,22.0
WX-CZHP,2030-05-05T18:00:00Z,2030-05-06T07:00:00Z,13,8.9,54.0,4.0,199.0,0.0,22.0
WX-CZHP,2030-05-05T18:00:00Z,2030-05-06T08:00:00Z,14,7.6,58.0,5.0,204.0,0.0,22.0
WX-CZHP,2030-05-05T18:00:00Z,2030-05-06T09:00:00Z,15,5.9,66.0,5.0,222.0,0.0,22.0
WX-CZHP,2030-05-05T18:00:00Z,2030-05-06T10:00:00Z,16,6.1,61.0,5.0,200.0,0.0,22.0
WX-CZHP,2030-05-05T18:00:00Z,2030-05-06T11:00:00Z,17,7.5,63.0,4.0,215.0,0.0,22.0
WX-CZHP,2030-05-05T18:00:00Z,2030-05-06T12:00:00Z,18,8.1,51.0,5.0,202.0,0.0,22.0
WX-CZHP,2030-05-05T18:00:00Z,2030-05-06T13:00:00Z,19,10.1,48.0,5.0,206.0,0.0,22.0
WX-CZHP,2030-05-05T18:00:00Z,2030-05-06T14:00:00Z,20,12.9,42.0,5.0,204.0,0.0,22.0
WX-CZHP,2030-05-05T18:00:00Z,2030-05-06T15:00:00Z,21,15.2,37.0,8.0,205.0,0.0,22.0
WX-CZHP,2030-05-05T18:00:00Z,2030-05-06T16:00:00Z,22,18.5,33.0,12.0,215.0,0.0,22.0
WX-CZHP,2030-05-05T18:00:00Z,2030-05-06T17:00:00Z,23,19.3,23.0,14.0,203.0,0.0,22.0
WX-CZHP,2030-05-05T18:00:00Z,2030-05-06T18:00:00Z,24,22.2,29.0,15.0,203.0,0.0,22.0
WX-CZHP,2030-05-05T18:00:00Z,2030-05-06T19:00:00Z,25,23.3,14.0,13.0,200.0,0.0,22.0
WX-CZHP,2030-05-05T18:00:00Z,2030-05-06T20:00:00Z,26,25.9,19.0,16.0,215.0,0.0,22.0
WX-CZHP,2030-05-05T18:00:00Z,2030-05-06T21:00:00Z,27,27.2,19.0,16.0,197.0,0.0,22.0
WX-CZHP,2030-05-05T18:00:00Z,2030-05-06T22:00:00Z,28,25.8,8.0,14.0,206.0,0.0,22.0
WX-CZHP,2030-05-05T18:00:00Z,2030-05-06T23:00:00Z,29,24.9,16.0,14.0,197.0,0.0,22.0
WX-CZHP,2030-05-05T18:00:00Z,2030-05-07T00:00:00Z,30,24.9,9.0,11.0,204.0,0.0,22.0
WX-CZHP,2030-05-05T18:00:00Z,2030-05-07T01:00:00Z,31,22.4,24.0,10.0,201.0,0.0,22.0
WX-CZHP,2030-05-05T18:00:00Z,2030-05-07T02:00:00Z,32,20.3,27.0,8.0,200.0,0.0,22.0
WX-CZHP,2030-05-05T18:00:00Z,2030-05-07T03:00:00Z,33,18.1,36.0,5.0,212.0,0.0,22.0
WX-CZHP,2030-05-05T18:00:00Z,2030-05-07T04:00:00Z,34,15.2,39.0,5.0,197.0,0.0,22.0
WX-CZHP,2030-05-05T18:00:00Z,2030-05-07T05:00:00Z,35,11.4,47.0,4.0,204.0,0.0,22.0
WX-CZHP,2030-05-05T18:00:00Z,2030-05-07T06:00:00Z,36,13.1,35.0,7.0,195.0,0.0,22.0
WX-CZHP,2030-05-05T18:00:00Z,2030-05-07T07:00:00Z,37,11.0,55.0,7.0,190.0,0.0,22.0
WX-CZHP,2030-05-05T18:00:00Z,2030-05-07T08:00:00Z,38,9.0,48.0,7.0,208.0,0.0,22.0
WX-CZHP,2030-05-05T18:00:00Z,2030-05-07T09:00:00Z,39,7.5,50.0,7.0,186.0,0.0,22.0
WX-CZHP,2030-05-05T18:00:00Z,2030-05-07T10:00:00Z,40,9.7,51.0,7.0,202.0,0.0,22.0
WX-CZHP,2030-05-05T18:00:00Z,2030-05-07T11:00:00Z,41,11.3,48.0,8.0,193.0,0.0,22.0
WX-CZHP,2030-05-05T18:00:00Z,2030-05-07T12:00:00Z,42,10.9,47.0,7.0,199.0,0.0,22.0
WX-CZHP,2030-05-05T18:00:00Z,2030-05-07T13:00:00Z,43,13.8,44.0,8.0,190.0,0.0,22.0
WX-CZHP,2030-05-05T18:00:00Z,2030-05-07T14:00:00Z,44,16.6,33.0,9.0,199.0,0.0,22.0
WX-CZHP,2030-05-05T18:00:00Z,2030-05-07T15:00:00Z,45,18.4,32.0,15.0,200.0,0.0,22.0
WX-CZHP,2030-05-05T18:00:00Z,2030-05-07T16:00:00Z,46,20.7,28.0,19.0,191.0,0.0,22.0
WX-CZHP,2030-05-05T18:00:00Z,2030-05-07T17:00:00Z,47,22.9,20.0,20.0,206.0,0.0,22.0
WX-CZHP,2030-05-05T18:00:00Z,2030-05-07T18:00:00Z,48,24.1,16.0,21.0,181.0,0.0,23.0
WX-CZHP,2030-05-05T18:00:00Z,2030-05-07T19:00:00Z,49,28.4,17.0,21.0,195.0,0.0,23.0
WX-CZHP,2030-05-05T18:00:00Z,2030-05-07T20:00:00Z,50,29.6,11.0,23.0,196.0,0.0,25.0
WX-CZHP,2030-05-05T18:00:00Z,2030-05-07T21:00:00Z,51,31.0,22.0,23.0,213.0,0.0,27.0
WX-CZHP,2030-05-05T18:00:00Z,2030-05-07T22:00:00Z,52,31.3,22.0,24.0,202.0,0.0,30.0
WX-CZHP,2030-05-05T18:00:00Z,2030-05-07T23:00:00Z,53,27.0,18.0,23.0,183.0,0.0,35.0
WX-CZHP,2030-05-05T18:00:00Z,2030-05-08T00:00:00Z,54,28.1,23.0,19.0,208.0,0.0,41.0
WX-CZHP,2030-05-05T18:00:00Z,2030-05-08T01:00:00Z,55,25.2,17.0,16.0,197.0,0.0,49.0
WX-CZHP,2030-05-05T18:00:00Z,2030-05-08T02:00:00Z,56,23.7,25.0,17.0,207.0,0.0,59.0
WX-CZHP,2030-05-05T18:00:00Z,2030-05-08T03:00:00Z,57,17.2,40.0,17.0,268.0,0.0,69.0
WX-CZHP,2030-05-05T18:00:00Z,2030-05-08T04:00:00Z,58,13.9,58.0,23.0,295.0,0.0,78.0
WX-CZHP,2030-05-05T18:00:00Z,2030-05-08T05:00:00Z,59,11.4,61.0,22.0,313.0,0.1,100.0
WX-CZHP,2030-05-05T18:00:00Z,2030-05-08T06:00:00Z,60,5.6,73.0,11.0,316.0,0.1,100.0
WX-CZHP,2030-05-05T18:00:00Z,2030-05-08T07:00:00Z,61,5.0,80.0,13.0,309.0,0.2,100.0
WX-CZHP,2030-05-05T18:00:00Z,2030-05-08T08:00:00Z,62,4.1,80.0,11.0,318.0,0.2,100.0
WX-CZHP,2030-05-05T18:00:00Z,2030-05-08T09:00:00Z,63,3.9,90.0,9.0,300.0,0.2,100.0
WX-CZHP,2030-05-05T18:00:00Z,2030-05-08T10:00:00Z,64,3.3,79.0,8.0,322.0,0.1,100.0
WX-CZHP,2030-05-05T18:00:00Z,2030-05-08T11:00:00Z,65,5.8,86.0,10.0,312.0,0.0,65.0
WX-CZHP,2030-05-05T18:00:00Z,2030-05-08T12:00:00Z,66,4.4,79.0,10.0,313.0,0.0,55.0
WX-CZHP,2030-05-05T18:00:00Z,2030-05-08T13:00:00Z,67,6.0,75.0,9.0,318.0,0.0,46.0
WX-CZHP,2030-05-05T18:00:00Z,2030-05-08T14:00:00Z,68,9.5,75.0,13.0,312.0,0.0,39.0
WX-CZHP,2030-05-05T18:00:00Z,2030-05-08T15:00:00Z,69,11.2,53.0,14.0,314.0,0.0,33.0
WX-CZHP,2030-05-05T18:00:00Z,2030-05-08T16:00:00Z,70,11.9,37.0,21.0,289.0,0.0,29.0
WX-CZHP,2030-05-05T18:00:00Z,2030-05-08T17:00:00Z,71,14.7,44.0,23.0,307.0,0.0,26.0
WX-CZHP,2030-05-05T18:00:00Z,2030-05-08T18:00:00Z,72,12.9,29.0,25.0,294.0,0.0,24.0
WX-CET2,2030-05-05T18:00:00Z,2030-05-05T19:00:00Z,1,18.4,21.0,15.0,214.0,0.0,10.0
WX-CET2,2030-05-05T18:00:00Z,2030-05-05T20:00:00Z,2,20.0,17.0,16.0,221.0,0.0,10.0
WX-CET2,2030-05-05T18:00:00Z,2030-05-05T21:00:00Z,3,20.6,25.0,14.0,224.0,0.0,10.0
WX-CET2,2030-05-05T18:00:00Z,2030-05-05T22:00:00Z,4,20.5,24.0,14.0,216.0,0.0,10.0
WX-CET2,2030-05-05T18:00:00Z,2030-05-05T23:00:00Z,5,18.6,33.0,14.0,219.0,0.0,10.0
WX-CET2,2030-05-05T18:00:00Z,2030-05-06T00:00:00Z,6,18.2,23.0,11.0,213.0,0.0,10.0
WX-CET2,2030-05-05T18:00:00Z,2030-05-06T01:00:00Z,7,16.0,31.0,10.0,226.0,0.0,10.0
WX-CET2,2030-05-05T18:00:00Z,2030-05-06T02:00:00Z,8,14.9,32.0,8.0,212.0,0.0,10.0
WX-CET2,2030-05-05T18:00:00Z,2030-05-06T03:00:00Z,9,11.4,40.0,5.0,220.0,0.0,10.0
WX-CET2,2030-05-05T18:00:00Z,2030-05-06T04:00:00Z,10,9.6,50.0,5.0,222.0,0.0,10.0
WX-CET2,2030-05-05T18:00:00Z,2030-05-06T05:00:00Z,11,6.9,56.0,6.0,216.0,0.0,10.0
WX-CET2,2030-05-05T18:00:00Z,2030-05-06T06:00:00Z,12,6.7,60.0,6.0,214.0,0.0,10.0
WX-CET2,2030-05-05T18:00:00Z,2030-05-06T07:00:00Z,13,4.7,68.0,5.0,228.0,0.0,10.0
WX-CET2,2030-05-05T18:00:00Z,2030-05-06T08:00:00Z,14,2.5,74.0,5.0,222.0,0.0,10.0
WX-CET2,2030-05-05T18:00:00Z,2030-05-06T09:00:00Z,15,3.0,73.0,5.0,215.0,0.0,10.0
WX-CET2,2030-05-05T18:00:00Z,2030-05-06T10:00:00Z,16,2.5,73.0,6.0,223.0,0.0,10.0
WX-CET2,2030-05-05T18:00:00Z,2030-05-06T11:00:00Z,17,2.8,74.0,5.0,217.0,0.0,10.0
WX-CET2,2030-05-05T18:00:00Z,2030-05-06T12:00:00Z,18,4.9,67.0,5.0,218.0,0.0,10.0
WX-CET2,2030-05-05T18:00:00Z,2030-05-06T13:00:00Z,19,4.7,60.0,4.0,213.0,0.0,10.0
WX-CET2,2030-05-05T18:00:00Z,2030-05-06T14:00:00Z,20,10.0,51.0,7.0,222.0,0.0,10.0
WX-CET2,2030-05-05T18:00:00Z,2030-05-06T15:00:00Z,21,10.0,47.0,10.0,217.0,0.0,10.0
WX-CET2,2030-05-05T18:00:00Z,2030-05-06T16:00:00Z,22,15.0,38.0,13.0,210.0,0.0,10.0
WX-CET2,2030-05-05T18:00:00Z,2030-05-06T17:00:00Z,23,15.7,32.0,15.0,200.0,0.0,10.0
WX-CET2,2030-05-05T18:00:00Z,2030-05-06T18:00:00Z,24,19.3,27.0,16.0,210.0,0.0,10.0
WX-CET2,2030-05-05T18:00:00Z,2030-05-06T19:00:00Z,25,20.6,22.0,17.0,207.0,0.0,10.0
WX-CET2,2030-05-05T18:00:00Z,2030-05-06T20:00:00Z,26,20.5,19.0,18.0,221.0,0.0,10.0
WX-CET2,2030-05-05T18:00:00Z,2030-05-06T21:00:00Z,27,23.1,18.0,19.0,213.0,0.0,10.0
WX-CET2,2030-05-05T18:00:00Z,2030-05-06T22:00:00Z,28,22.5,20.0,17.0,221.0,0.0,10.0
WX-CET2,2030-05-05T18:00:00Z,2030-05-06T23:00:00Z,29,20.8,26.0,15.0,213.0,0.0,10.0
WX-CET2,2030-05-05T18:00:00Z,2030-05-07T00:00:00Z,30,21.6,24.0,14.0,220.0,0.0,10.0
WX-CET2,2030-05-05T18:00:00Z,2030-05-07T01:00:00Z,31,18.4,27.0,10.0,222.0,0.0,10.0
WX-CET2,2030-05-05T18:00:00Z,2030-05-07T02:00:00Z,32,16.0,33.0,8.0,232.0,0.0,10.0
WX-CET2,2030-05-05T18:00:00Z,2030-05-07T03:00:00Z,33,13.5,41.0,5.0,210.0,0.0,10.0
WX-CET2,2030-05-05T18:00:00Z,2030-05-07T04:00:00Z,34,11.2,46.0,5.0,210.0,0.0,10.0
WX-CET2,2030-05-05T18:00:00Z,2030-05-07T05:00:00Z,35,9.4,54.0,5.0,207.0,0.0,10.0
WX-CET2,2030-05-05T18:00:00Z,2030-05-07T06:00:00Z,36,10.6,40.0,7.0,191.0,0.0,10.0
WX-CET2,2030-05-05T18:00:00Z,2030-05-07T07:00:00Z,37,7.4,58.0,9.0,218.0,0.0,10.0
WX-CET2,2030-05-05T18:00:00Z,2030-05-07T08:00:00Z,38,4.5,62.0,8.0,199.0,0.0,10.0
WX-CET2,2030-05-05T18:00:00Z,2030-05-07T09:00:00Z,39,5.7,63.0,8.0,214.0,0.0,10.0
WX-CET2,2030-05-05T18:00:00Z,2030-05-07T10:00:00Z,40,5.9,64.0,10.0,203.0,0.0,10.0
WX-CET2,2030-05-05T18:00:00Z,2030-05-07T11:00:00Z,41,6.3,59.0,9.0,198.0,0.0,10.0
WX-CET2,2030-05-05T18:00:00Z,2030-05-07T12:00:00Z,42,6.9,55.0,8.0,213.0,0.0,10.0
WX-CET2,2030-05-05T18:00:00Z,2030-05-07T13:00:00Z,43,9.9,42.0,7.0,211.0,0.0,10.0
WX-CET2,2030-05-05T18:00:00Z,2030-05-07T14:00:00Z,44,11.0,40.0,10.0,212.0,0.0,10.0
WX-CET2,2030-05-05T18:00:00Z,2030-05-07T15:00:00Z,45,12.8,30.0,14.0,189.0,0.0,10.0
WX-CET2,2030-05-05T18:00:00Z,2030-05-07T16:00:00Z,46,16.4,24.0,17.0,215.0,0.0,10.0
WX-CET2,2030-05-05T18:00:00Z,2030-05-07T17:00:00Z,47,19.8,24.0,21.0,215.0,0.0,10.0
WX-CET2,2030-05-05T18:00:00Z,2030-05-07T18:00:00Z,48,23.1,19.0,27.0,208.0,0.0,10.0
WX-CET2,2030-05-05T18:00:00Z,2030-05-07T19:00:00Z,49,24.2,28.0,27.0,205.0,0.0,10.0
WX-CET2,2030-05-05T18:00:00Z,2030-05-07T20:00:00Z,50,26.0,28.0,26.0,221.0,0.0,10.0
WX-CET2,2030-05-05T18:00:00Z,2030-05-07T21:00:00Z,51,25.7,12.0,27.0,220.0,0.0,10.0
WX-CET2,2030-05-05T18:00:00Z,2030-05-07T22:00:00Z,52,27.3,20.0,24.0,206.0,0.0,10.0
WX-CET2,2030-05-05T18:00:00Z,2030-05-07T23:00:00Z,53,25.9,22.0,24.0,216.0,0.0,10.0
WX-CET2,2030-05-05T18:00:00Z,2030-05-08T00:00:00Z,54,24.0,12.0,23.0,205.0,0.0,10.0
WX-CET2,2030-05-05T18:00:00Z,2030-05-08T01:00:00Z,55,22.4,6.0,17.0,192.0,0.0,11.0
WX-CET2,2030-05-05T18:00:00Z,2030-05-08T02:00:00Z,56,19.7,26.0,12.0,206.0,0.0,11.0
WX-CET2,2030-05-05T18:00:00Z,2030-05-08T03:00:00Z,57,16.7,26.0,8.0,219.0,0.0,12.0
WX-CET2,2030-05-05T18:00:00Z,2030-05-08T04:00:00Z,58,16.4,36.0,8.0,213.0,0.0,14.0
WX-CET2,2030-05-05T18:00:00Z,2030-05-08T05:00:00Z,59,10.1,39.0,8.0,215.0,0.0,18.0
WX-CET2,2030-05-05T18:00:00Z,2030-05-08T06:00:00Z,60,7.3,56.0,8.0,191.0,0.0,22.0
WX-CET2,2030-05-05T18:00:00Z,2030-05-08T07:00:00Z,61,6.6,60.0,8.0,210.0,0.0,29.0
WX-CET2,2030-05-05T18:00:00Z,2030-05-08T08:00:00Z,62,6.9,57.0,9.0,216.0,0.0,37.0
WX-CET2,2030-05-05T18:00:00Z,2030-05-08T09:00:00Z,63,4.2,57.0,12.0,217.0,0.0,46.0
WX-CET2,2030-05-05T18:00:00Z,2030-05-08T10:00:00Z,64,2.4,75.0,17.0,266.0,0.0,56.0
WX-CET2,2030-05-05T18:00:00Z,2030-05-08T11:00:00Z,65,-0.8,91.0,21.0,315.0,0.0,65.0
WX-CET2,2030-05-05T18:00:00Z,2030-05-08T12:00:00Z,66,3.3,80.0,19.0,328.0,0.0,73.0
WX-CET2,2030-05-05T18:00:00Z,2030-05-08T13:00:00Z,67,1.7,80.0,16.0,318.0,0.1,100.0
WX-CET2,2030-05-05T18:00:00Z,2030-05-08T14:00:00Z,68,6.4,84.0,16.0,331.0,0.2,100.0
WX-CET2,2030-05-05T18:00:00Z,2030-05-08T15:00:00Z,69,6.8,74.0,21.0,314.0,0.2,100.0
WX-CET2,2030-05-05T18:00:00Z,2030-05-08T16:00:00Z,70,7.5,62.0,23.0,318.0,0.1,100.0
WX-CET2,2030-05-05T18:00:00Z,2030-05-08T17:00:00Z,71,9.2,47.0,27.0,321.0,0.1,100.0
WX-CET2,2030-05-05T18:00:00Z,2030-05-08T18:00:00Z,72,11.0,49.0,31.0,318.0,0.0,54.0
WX-CFN5,2030-05-05T18:00:00Z,2030-05-05T19:00:00Z,1,19.8,26.0,16.0,234.0,0.0,16.0
WX-CFN5,2030-05-05T18:00:00Z,2030-05-05T20:00:00Z,2,21.2,20.0,15.0,238.0,0.0,16.0
WX-CFN5,2030-05-05T18:00:00Z,2030-05-05T21:00:00Z,3,21.2,23.0,17.0,226.0,0.0,16.0
WX-CFN5,2030-05-05T18:00:00Z,2030-05-05T22:00:00Z,4,20.8,28.0,15.0,239.0,0.0,16.0
WX-CFN5,2030-05-05T18:00:00Z,2030-05-05T23:00:00Z,5,20.4,28.0,14.0,241.0,0.0,16.0
WX-CFN5,2030-05-05T18:00:00Z,2030-05-06T00:00:00Z,6,19.4,28.0,11.0,236.0,0.0,16.0
WX-CFN5,2030-05-05T18:00:00Z,2030-05-06T01:00:00Z,7,18.5,31.0,10.0,233.0,0.0,16.0
WX-CFN5,2030-05-05T18:00:00Z,2030-05-06T02:00:00Z,8,15.1,33.0,8.0,239.0,0.0,16.0
WX-CFN5,2030-05-05T18:00:00Z,2030-05-06T03:00:00Z,9,13.0,48.0,5.0,242.0,0.0,16.0
WX-CFN5,2030-05-05T18:00:00Z,2030-05-06T04:00:00Z,10,10.6,53.0,5.0,236.0,0.0,16.0
WX-CFN5,2030-05-05T18:00:00Z,2030-05-06T05:00:00Z,11,7.4,62.0,6.0,242.0,0.0,16.0
WX-CFN5,2030-05-05T18:00:00Z,2030-05-06T06:00:00Z,12,7.6,58.0,5.0,226.0,0.0,16.0
WX-CFN5,2030-05-05T18:00:00Z,2030-05-06T07:00:00Z,13,4.8,71.0,6.0,238.0,0.0,16.0
WX-CFN5,2030-05-05T18:00:00Z,2030-05-06T08:00:00Z,14,4.4,76.0,5.0,232.0,0.0,16.0
WX-CFN5,2030-05-05T18:00:00Z,2030-05-06T09:00:00Z,15,4.0,75.0,5.0,234.0,0.0,16.0
WX-CFN5,2030-05-05T18:00:00Z,2030-05-06T10:00:00Z,16,5.1,78.0,5.0,233.0,0.0,16.0
WX-CFN5,2030-05-05T18:00:00Z,2030-05-06T11:00:00Z,17,4.2,77.0,5.0,221.0,0.0,16.0
WX-CFN5,2030-05-05T18:00:00Z,2030-05-06T12:00:00Z,18,5.4,70.0,5.0,227.0,0.0,16.0
WX-CFN5,2030-05-05T18:00:00Z,2030-05-06T13:00:00Z,19,6.3,67.0,5.0,239.0,0.0,16.0
WX-CFN5,2030-05-05T18:00:00Z,2030-05-06T14:00:00Z,20,8.9,58.0,7.0,234.0,0.0,16.0
WX-CFN5,2030-05-05T18:00:00Z,2030-05-06T15:00:00Z,21,11.6,46.0,10.0,225.0,0.0,16.0
WX-CFN5,2030-05-05T18:00:00Z,2030-05-06T16:00:00Z,22,14.2,41.0,12.0,222.0,0.0,16.0
WX-CFN5,2030-05-05T18:00:00Z,2030-05-06T17:00:00Z,23,17.4,29.0,14.0,246.0,0.0,16.0
WX-CFN5,2030-05-05T18:00:00Z,2030-05-06T18:00:00Z,24,19.6,29.0,18.0,240.0,0.0,16.0
WX-CFN5,2030-05-05T18:00:00Z,2030-05-06T19:00:00Z,25,22.5,34.0,19.0,223.0,0.0,16.0
WX-CFN5,2030-05-05T18:00:00Z,2030-05-06T20:00:00Z,26,23.2,24.0,18.0,228.0,0.0,16.0
WX-CFN5,2030-05-05T18:00:00Z,2030-05-06T21:00:00Z,27,24.1,20.0,20.0,231.0,0.0,16.0
WX-CFN5,2030-05-05T18:00:00Z,2030-05-06T22:00:00Z,28,23.9,18.0,22.0,242.0,0.0,16.0
WX-CFN5,2030-05-05T18:00:00Z,2030-05-06T23:00:00Z,29,23.5,26.0,17.0,234.0,0.0,16.0
WX-CFN5,2030-05-05T18:00:00Z,2030-05-07T00:00:00Z,30,21.1,24.0,13.0,235.0,0.0,16.0
WX-CFN5,2030-05-05T18:00:00Z,2030-05-07T01:00:00Z,31,20.7,28.0,11.0,232.0,0.0,16.0
WX-CFN5,2030-05-05T18:00:00Z,2030-05-07T02:00:00Z,32,16.9,30.0,8.0,247.0,0.0,16.0
WX-CFN5,2030-05-05T18:00:00Z,2030-05-07T03:00:00Z,33,14.5,41.0,5.0,243.0,0.0,16.0
WX-CFN5,2030-05-05T18:00:00Z,2030-05-07T04:00:00Z,34,11.6,40.0,5.0,235.0,0.0,16.0
WX-CFN5,2030-05-05T18:00:00Z,2030-05-07T05:00:00Z,35,10.9,53.0,5.0,227.0,0.0,16.0
WX-CFN5,2030-05-05T18:00:00Z,2030-05-07T06:00:00Z,36,9.8,49.0,9.0,239.0,0.0,16.0
WX-CFN5,2030-05-05T18:00:00Z,2030-05-07T07:00:00Z,37,8.5,55.0,8.0,231.0,0.0,16.0
WX-CFN5,2030-05-05T18:00:00Z,2030-05-07T08:00:00Z,38,6.7,65.0,8.0,226.0,0.0,16.0
WX-CFN5,2030-05-05T18:00:00Z,2030-05-07T09:00:00Z,39,6.5,70.0,9.0,216.0,0.0,16.0
WX-CFN5,2030-05-05T18:00:00Z,2030-05-07T10:00:00Z,40,7.2,66.0,9.0,222.0,0.0,16.0
WX-CFN5,2030-05-05T18:00:00Z,2030-05-07T11:00:00Z,41,7.6,54.0,9.0,223.0,0.0,17.0
WX-CFN5,2030-05-05T18:00:00Z,2030-05-07T12:00:00Z,42,7.8,57.0,8.0,224.0,0.0,17.0
WX-CFN5,2030-05-05T18:00:00Z,2030-05-07T13:00:00Z,43,10.2,53.0,8.0,220.0,0.0,17.0
WX-CFN5,2030-05-05T18:00:00Z,2030-05-07T14:00:00Z,44,12.6,34.0,10.0,217.0,0.0,18.0
WX-CFN5,2030-05-05T18:00:00Z,2030-05-07T15:00:00Z,45,15.9,29.0,16.0,227.0,0.0,20.0
WX-CFN5,2030-05-05T18:00:00Z,2030-05-07T16:00:00Z,46,18.4,34.0,19.0,224.0,0.0,23.0
WX-CFN5,2030-05-05T18:00:00Z,2030-05-07T17:00:00Z,47,20.7,13.0,26.0,229.0,0.0,27.0
WX-CFN5,2030-05-05T18:00:00Z,2030-05-07T18:00:00Z,48,23.2,15.0,27.0,231.0,0.0,32.0
WX-CFN5,2030-05-05T18:00:00Z,2030-05-07T19:00:00Z,49,25.6,17.0,26.0,211.0,0.0,40.0
WX-CFN5,2030-05-05T18:00:00Z,2030-05-07T20:00:00Z,50,27.2,17.0,37.0,221.0,0.0,49.0
WX-CFN5,2030-05-05T18:00:00Z,2030-05-07T21:00:00Z,51,25.4,18.0,41.0,262.0,0.0,58.0
WX-CFN5,2030-05-05T18:00:00Z,2030-05-07T22:00:00Z,52,19.2,37.0,54.0,313.0,0.0,68.0
WX-CFN5,2030-05-05T18:00:00Z,2030-05-07T23:00:00Z,53,18.1,38.0,57.0,323.0,0.0,77.0
WX-CFN5,2030-05-05T18:00:00Z,2030-05-08T00:00:00Z,54,17.8,42.0,46.0,328.0,0.0,83.0
WX-CFN5,2030-05-05T18:00:00Z,2030-05-08T01:00:00Z,55,15.3,47.0,29.0,334.0,0.0,86.0
WX-CFN5,2030-05-05T18:00:00Z,2030-05-08T02:00:00Z,56,15.1,48.0,19.0,328.0,0.0,85.0
WX-CFN5,2030-05-05T18:00:00Z,2030-05-08T03:00:00Z,57,11.6,57.0,13.0,327.0,0.0,81.0
WX-CFN5,2030-05-05T18:00:00Z,2030-05-08T04:00:00Z,58,10.8,63.0,15.0,316.0,0.0,73.0
WX-CFN5,2030-05-05T18:00:00Z,2030-05-08T05:00:00Z,59,8.3,67.0,14.0,323.0,0.0,64.0
WX-CFN5,2030-05-05T18:00:00Z,2030-05-08T06:00:00Z,60,5.8,81.0,13.0,348.0,0.0,54.0
WX-CFN5,2030-05-05T18:00:00Z,2030-05-08T07:00:00Z,61,4.6,81.0,10.0,339.0,0.0,45.0
WX-CFN5,2030-05-05T18:00:00Z,2030-05-08T08:00:00Z,62,1.1,98.0,9.0,346.0,0.0,36.0
WX-CFN5,2030-05-05T18:00:00Z,2030-05-08T09:00:00Z,63,3.8,99.0,12.0,325.0,0.0,30.0
WX-CFN5,2030-05-05T18:00:00Z,2030-05-08T10:00:00Z,64,1.4,98.0,10.0,338.0,0.0,25.0
WX-CFN5,2030-05-05T18:00:00Z,2030-05-08T11:00:00Z,65,1.3,100.0,10.0,312.0,0.0,21.0
WX-CFN5,2030-05-05T18:00:00Z,2030-05-08T12:00:00Z,66,2.4,97.0,11.0,327.0,0.0,19.0
WX-CFN5,2030-05-05T18:00:00Z,2030-05-08T13:00:00Z,67,5.6,88.0,12.0,328.0,0.0,18.0
WX-CFN5,2030-05-05T18:00:00Z,2030-05-08T14:00:00Z,68,4.1,90.0,12.0,337.0,0.0,17.0
WX-CFN5,2030-05-05T18:00:00Z,2030-05-08T15:00:00Z,69,7.7,68.0,18.0,350.0,0.0,17.0
WX-CFN5,2030-05-05T18:00:00Z,2030-05-08T16:00:00Z,70,9.9,62.0,27.0,326.0,0.0,17.0
WX-CFN5,2030-05-05T18:00:00Z,2030-05-08T17:00:00Z,71,11.4,64.0,24.0,345.0,0.0,16.0
WX-CFN5,2030-05-05T18:00:00Z,2030-05-08T18:00:00Z,72,10.7,39.0,27.0,337.0,0.0,16.0
WX-CEM5,2030-05-05T18:00:00Z,2030-05-05T19:00:00Z,1,24.2,24.0,12.0,234.0,0.0,21.0
WX-CEM5,2030-05-05T18:00:00Z,2030-05-05T20:00:00Z,2,25.7,17.0,13.0,228.0,0.0,21.0
WX-CEM5,2030-05-05T18:00:00Z,2030-05-05T21:00:00Z,3,28.0,12.0,12.0,223.0,0.0,21.0
WX-CEM5,2030-05-05T18:00:00Z,2030-05-05T22:00:00Z,4,26.5,12.0,11.0,232.0,0.0,21.0
WX-CEM5,2030-05-05T18:00:00Z,2030-05-05T23:00:00Z,5,26.6,16.0,11.0,235.0,0.0,21.0
WX-CEM5,2030-05-05T18:00:00Z,2030-05-06T00:00:00Z,6,25.0,17.0,9.0,224.0,0.0,21.0
WX-CEM5,2030-05-05T18:00:00Z,2030-05-06T01:00:00Z,7,23.1,16.0,7.0,237.0,0.0,21.0
WX-CEM5,2030-05-05T18:00:00Z,2030-05-06T02:00:00Z,8,21.3,19.0,6.0,222.0,0.0,21.0
WX-CEM5,2030-05-05T18:00:00Z,2030-05-06T03:00:00Z,9,17.5,30.0,4.0,226.0,0.0,21.0
WX-CEM5,2030-05-05T18:00:00Z,2030-05-06T04:00:00Z,10,16.0,28.0,4.0,226.0,0.0,21.0
WX-CEM5,2030-05-05T18:00:00Z,2030-05-06T05:00:00Z,11,13.3,38.0,5.0,239.0,0.0,21.0
WX-CEM5,2030-05-05T18:00:00Z,2030-05-06T06:00:00Z,12,13.4,39.0,4.0,225.0,0.0,21.0
WX-CEM5,2030-05-05T18:00:00Z,2030-05-06T07:00:00Z,13,11.6,46.0,5.0,224.0,0.0,21.0
WX-CEM5,2030-05-05T18:00:00Z,2030-05-06T08:00:00Z,14,10.2,46.0,4.0,233.0,0.0,21.0
WX-CEM5,2030-05-05T18:00:00Z,2030-05-06T09:00:00Z,15,9.3,44.0,4.0,232.0,0.0,21.0
WX-CEM5,2030-05-05T18:00:00Z,2030-05-06T10:00:00Z,16,9.4,50.0,4.0,220.0,0.0,21.0
WX-CEM5,2030-05-05T18:00:00Z,2030-05-06T11:00:00Z,17,10.2,43.0,4.0,239.0,0.0,21.0
WX-CEM5,2030-05-05T18:00:00Z,2030-05-06T12:00:00Z,18,11.4,47.0,4.0,222.0,0.0,21.0
WX-CEM5,2030-05-05T18:00:00Z,2030-05-06T13:00:00Z,19,13.1,39.0,4.0,215.0,0.0,21.0
WX-CEM5,2030-05-05T18:00:00Z,2030-05-06T14:00:00Z,20,15.7,26.0,5.0,217.0,0.0,21.0
WX-CEM5,2030-05-05T18:00:00Z,2030-05-06T15:00:00Z,21,16.8,31.0,7.0,214.0,0.0,21.0
WX-CEM5,2030-05-05T18:00:00Z,2030-05-06T16:00:00Z,22,20.0,23.0,10.0,234.0,0.0,21.0
WX-CEM5,2030-05-05T18:00:00Z,2030-05-06T17:00:00Z,23,22.5,18.0,11.0,216.0,0.0,21.0
WX-CEM5,2030-05-05T18:00:00Z,2030-05-06T18:00:00Z,24,25.1,19.0,13.0,223.0,0.0,21.0
WX-CEM5,2030-05-05T18:00:00Z,2030-05-06T19:00:00Z,25,27.2,16.0,15.0,242.0,0.0,21.0
WX-CEM5,2030-05-05T18:00:00Z,2030-05-06T20:00:00Z,26,28.8,20.0,17.0,210.0,0.0,21.0
WX-CEM5,2030-05-05T18:00:00Z,2030-05-06T21:00:00Z,27,28.7,9.0,13.0,225.0,0.0,21.0
WX-CEM5,2030-05-05T18:00:00Z,2030-05-06T22:00:00Z,28,29.4,9.0,14.0,240.0,0.0,21.0
WX-CEM5,2030-05-05T18:00:00Z,2030-05-06T23:00:00Z,29,27.2,13.0,14.0,233.0,0.0,21.0
WX-CEM5,2030-05-05T18:00:00Z,2030-05-07T00:00:00Z,30,26.1,17.0,11.0,223.0,0.0,21.0
WX-CEM5,2030-05-05T18:00:00Z,2030-05-07T01:00:00Z,31,23.8,20.0,9.0,209.0,0.0,21.0
WX-CEM5,2030-05-05T18:00:00Z,2030-05-07T02:00:00Z,32,21.3,24.0,6.0,227.0,0.0,21.0
WX-CEM5,2030-05-05T18:00:00Z,2030-05-07T03:00:00Z,33,20.8,13.0,4.0,234.0,0.0,21.0
WX-CEM5,2030-05-05T18:00:00Z,2030-05-07T04:00:00Z,34,17.3,26.0,4.0,219.0,0.0,21.0
WX-CEM5,2030-05-05T18:00:00Z,2030-05-07T05:00:00Z,35,14.7,33.0,4.0,214.0,0.0,21.0
WX-CEM5,2030-05-05T18:00:00Z,2030-05-07T06:00:00Z,36,15.9,29.0,7.0,216.0,0.0,21.0
WX-CEM5,2030-05-05T18:00:00Z,2030-05-07T07:00:00Z,37,14.3,31.0,6.0,213.0,0.0,21.0
WX-CEM5,2030-05-05T18:00:00Z,2030-05-07T08:00:00Z,38,11.2,32.0,8.0,218.0,0.0,21.0
WX-CEM5,2030-05-05T18:00:00Z,2030-05-07T09:00:00Z,39,11.6,32.0,6.0,213.0,0.0,21.0
WX-CEM5,2030-05-05T18:00:00Z,2030-05-07T10:00:00Z,40,12.8,44.0,7.0,216.0,0.0,21.0
WX-CEM5,2030-05-05T18:00:00Z,2030-05-07T11:00:00Z,41,12.6,37.0,6.0,223.0,0.0,21.0
WX-CEM5,2030-05-05T18:00:00Z,2030-05-07T12:00:00Z,42,14.4,37.0,6.0,223.0,0.0,21.0
WX-CEM5,2030-05-05T18:00:00Z,2030-05-07T13:00:00Z,43,16.7,34.0,7.0,212.0,0.0,21.0
WX-CEM5,2030-05-05T18:00:00Z,2030-05-07T14:00:00Z,44,17.5,26.0,8.0,234.0,0.0,21.0
WX-CEM5,2030-05-05T18:00:00Z,2030-05-07T15:00:00Z,45,22.9,24.0,12.0,229.0,0.0,21.0
WX-CEM5,2030-05-05T18:00:00Z,2030-05-07T16:00:00Z,46,25.2,15.0,16.0,225.0,0.0,21.0
WX-CEM5,2030-05-05T18:00:00Z,2030-05-07T17:00:00Z,47,27.3,14.0,19.0,215.0,0.0,21.0
WX-CEM5,2030-05-05T18:00:00Z,2030-05-07T18:00:00Z,48,27.5,12.0,18.0,209.0,0.0,22.0
WX-CEM5,2030-05-05T18:00:00Z,2030-05-07T19:00:00Z,49,31.9,14.0,19.0,221.0,0.0,22.0
WX-CEM5,2030-05-05T18:00:00Z,2030-05-07T20:00:00Z,50,32.6,16.0,20.0,224.0,0.0,22.0
WX-CEM5,2030-05-05T18:00:00Z,2030-05-07T21:00:00Z,51,33.9,11.0,22.0,224.0,0.0,22.0
WX-CEM5,2030-05-05T18:00:00Z,2030-05-07T22:00:00Z,52,31.9,5.0,18.0,201.0,0.0,23.0
WX-CEM5,2030-05-05T18:00:00Z,2030-05-07T23:00:00Z,53,29.8,19.0,17.0,211.0,0.0,24.0
WX-CEM5,2030-05-05T18:00:00Z,2030-05-08T00:00:00Z,54,31.0,5.0,18.0,220.0,0.0,26.0
WX-CEM5,2030-05-05T18:00:00Z,2030-05-08T01:00:00Z,55,30.9,6.0,14.0,217.0,0.0,29.0
WX-CEM5,2030-05-05T18:00:00Z,2030-05-08T02:00:00Z,56,23.9,13.0,11.0,206.0,0.0,33.0
WX-CEM5,2030-05-05T18:00:00Z,2030-05-08T03:00:00Z,57,24.2,26.0,6.0,225.0,0.0,40.0
WX-CEM5,2030-05-05T18:00:00Z,2030-05-08T04:00:00Z,58,20.9,33.0,7.0,222.0,0.0,47.0
WX-CEM5,2030-05-05T18:00:00Z,2030-05-08T05:00:00Z,59,18.2,23.0,9.0,231.0,0.0,57.0
WX-CEM5,2030-05-05T18:00:00Z,2030-05-08T06:00:00Z,60,12.8,38.0,13.0,281.0,0.0,67.0
WX-CEM5,2030-05-05T18:00:00Z,2030-05-08T07:00:00Z,61,8.9,60.0,16.0,313.0,0.0,76.0
WX-CEM5,2030-05-05T18:00:00Z,2030-05-08T08:00:00Z,62,8.1,72.0,16.0,352.0,0.0,84.0
WX-CEM5,2030-05-05T18:00:00Z,2030-05-08T09:00:00Z,63,5.9,74.0,14.0,325.0,0.0,90.0
WX-CEM5,2030-05-05T18:00:00Z,2030-05-08T10:00:00Z,64,6.5,66.0,10.0,339.0,0.0,91.0
WX-CEM5,2030-05-05T18:00:00Z,2030-05-08T11:00:00Z,65,8.0,58.0,9.0,324.0,0.1,100.0
WX-CEM5,2030-05-05T18:00:00Z,2030-05-08T12:00:00Z,66,8.5,49.0,8.0,310.0,0.0,84.0
WX-CEM5,2030-05-05T18:00:00Z,2030-05-08T13:00:00Z,67,10.2,52.0,9.0,313.0,0.0,76.0
WX-CEM5,2030-05-05T18:00:00Z,2030-05-08T14:00:00Z,68,10.1,44.0,11.0,327.0,0.0,66.0
WX-CEM5,2030-05-05T18:00:00Z,2030-05-08T15:00:00Z,69,13.0,41.0,11.0,307.0,0.0,56.0
WX-CEM5,2030-05-05T18:00:00Z,2030-05-08T16:00:00Z,70,13.6,42.0,16.0,344.0,0.0,47.0
WX-CEM5,2030-05-05T18:00:00Z,2030-05-08T17:00:00Z,71,17.7,32.0,20.0,318.0,0.0,39.0
WX-CEM5,2030-05-05T18:00:00Z,2030-05-08T18:00:00Z,72,17.7,26.0,20.0,320.0,0.0,33.0
WX-CYMM,2030-05-06T18:00:00Z,2030-05-06T19:00:00Z,1,24.8,23.0,13.0,224.0,0.0,2.0
WX-CYMM,2030-05-06T18:00:00Z,2030-05-06T20:00:00Z,2,25.5,12.0,14.0,217.0,0.0,2.0
WX-CYMM,2030-05-06T18:00:00Z,2030-05-06T21:00:00Z,3,26.6,9.0,14.0,213.0,0.0,2.0
WX-CYMM,2030-05-06T18:00:00Z,2030-05-06T22:00:00Z,4,26.8,15.0,13.0,208.0,0.0,2.0
WX-CYMM,2030-05-06T18:00:00Z,2030-05-06T23:00:00Z,5,24.6,15.0,11.0,227.0,0.0,2.0
WX-CYMM,2030-05-06T18:00:00Z,2030-05-07T00:00:00Z,6,23.9,14.0,10.0,215.0,0.0,2.0
WX-CYMM,2030-05-06T18:00:00Z,2030-05-07T01:00:00Z,7,22.7,26.0,8.0,213.0,0.0,2.0
WX-CYMM,2030-05-06T18:00:00Z,2030-05-07T02:00:00Z,8,20.3,22.0,6.0,212.0,0.0,2.0
WX-CYMM,2030-05-06T18:00:00Z,2030-05-07T03:00:00Z,9,19.2,23.0,4.0,218.0,0.0,2.0
WX-CYMM,2030-05-06T18:00:00Z,2030-05-07T04:00:00Z,10,13.9,28.0,4.0,223.0,0.0,2.0
WX-CYMM,2030-05-06T18:00:00Z,2030-05-07T05:00:00Z,11,13.2,37.0,4.0,220.0,0.0,2.0
WX-CYMM,2030-05-06T18:00:00Z,2030-05-07T06:00:00Z,12,13.3,32.0,6.0,204.0,0.0,2.0
WX-CYMM,2030-05-06T18:00:00Z,2030-05-07T07:00:00Z,13,11.4,43.0,6.0,197.0,0.0,2.0
WX-CYMM,2030-05-06T18:00:00Z,2030-05-07T08:00:00Z,14,10.8,39.0,6.0,204.0,0.0,2.0
WX-CYMM,2030-05-06T18:00:00Z,2030-05-07T09:00:00Z,15,9.8,45.0,6.0,209.0,0.0,2.0
WX-CYMM,2030-05-06T18:00:00Z,2030-05-07T10:00:00Z,16,10.2,54.0,7.0,208.0,0.0,2.0
WX-CYMM,2030-05-06T18:00:00Z,2030-05-07T11:00:00Z,17,10.7,43.0,6.0,203.0,0.0,2.0
WX-CYMM,2030-05-06T18:00:00Z,2030-05-07T12:00:00Z,18,12.3,31.0,6.0,208.0,0.0,2.0
WX-CYMM,2030-05-06T18:00:00Z,2030-05-07T13:00:00Z,19,12.8,44.0,6.0,207.0,0.0,2.0
WX-CYMM,2030-05-06T18:00:00Z,2030-05-07T14:00:00Z,20,16.2,33.0,7.0,205.0,0.0,2.0
WX-CYMM,2030-05-06T18:00:00Z,2030-05-07T15:00:00Z,21,18.9,28.0,12.0,214.0,0.0,2.0
WX-CYMM,2030-05-06T18:00:00Z,2030-05-07T16:00:00Z,22,22.7,23.0,14.0,195.0,0.0,2.0
WX-CYMM,2030-05-06T18:00:00Z,2030-05-07T17:00:00Z,23,23.8,17.0,14.0,209.0,0.0,2.0
WX-CYMM,2030-05-06T18:00:00Z,2030-05-07T18:00:00Z,24,26.5,23.0,19.0,199.0,0.0,2.0
WX-CYMM,2030-05-06T18:00:00Z,2030-05-07T19:00:00Z,25,29.5,18.0,19.0,214.0,0.0,2.0
WX-CYMM,2030-05-06T18:00:00Z,2030-05-07T20:00:00Z,26,29.9,13.0,20.0,201.0,0.0,2.0
WX-CYMM,2030-05-06T18:00:00Z,2030-05-07T21:00:00Z,27,31.0,9.0,22.0,195.0,0.0,2.0
WX-CYMM,2030-05-06T18:00:00Z,2030-05-07T22:00:00Z,28,30.0,17.0,21.0,204.0,0.0,3.0
WX-CYMM,2030-05-06T18:00:00Z,2030-05-07T23:00:00Z,29,30.0,6.0,18.0,210.0,0.0,4.0
WX-CYMM,2030-05-06T18:00:00Z,2030-05-08T00:00:00Z,30,30.0,13.0,15.0,212.0,0.0,6.0
WX-CYMM,2030-05-06T18:00:00Z,2030-05-08T01:00:00Z,31,27.5,18.0,14.0,188.0,0.0,8.0
WX-CYMM,2030-05-06T18:00:00Z,2030-05-08T02:00:00Z,32,24.3,19.0,10.0,209.0,0.0,12.0
WX-CYMM,2030-05-06T18:00:00Z,2030-05-08T03:00:00Z,33,23.3,27.0,6.0,203.0,0.0,18.0
WX-CYMM,2030-05-06T18:00:00Z,2030-05-08T04:00:00Z,34,20.2,25.0,8.0,207.0,0.0,25.0
WX-CYMM,2030-05-06T18:00:00Z,2030-05-08T05:00:00Z,35,15.7,35.0,9.0,213.0,0.0,34.0
WX-CYMM,2030-05-06T18:00:00Z,2030-05-08T06:00:00Z,36,11.6,39.0,10.0,239.0,0.0,44.0
WX-CYMM,2030-05-06T18:00:00Z,2030-05-08T07:00:00Z,37,6.5,67.0,13.0,296.0,0.0,54.0
WX-CYMM,2030-05-06T18:00:00Z,2030-05-08T08:00:00Z,38,4.3,78.0,16.0,317.0,0.0,62.0
WX-CYMM,2030-05-06T18:00:00Z,2030-05-08T09:00:00Z,39,5.0,78.0,13.0,311.0,0.1,100.0
WX-CYMM,2030-05-06T18:00:00Z,2030-05-08T10:00:00Z,40,6.0,80.0,10.0,312.0,0.1,100.0
WX-CYMM,2030-05-06T18:00:00Z,2030-05-08T11:00:00Z,41,5.1,80.0,8.0,312.0,0.1,100.0
WX-CYMM,2030-05-06T18:00:00Z,2030-05-08T12:00:00Z,42,6.4,65.0,8.0,314.0,0.1,100.0
WX-CYMM,2030-05-06T18:00:00Z,2030-05-08T13:00:00Z,43,5.9,74.0,8.0,311.0,0.1,100.0
WX-CYMM,2030-05-06T18:00:00Z,2030-05-08T14:00:00Z,44,8.4,64.0,10.0,328.0,0.0,50.0
WX-CYMM,2030-05-06T18:00:00Z,2030-05-08T15:00:00Z,45,10.3,53.0,13.0,312.0,0.0,40.0
WX-CYMM,2030-05-06T18:00:00Z,2030-05-08T16:00:00Z,46,12.2,35.0,18.0,324.0,0.0,30.0
WX-CYMM,2030-05-06T18:00:00Z,2030-05-08T17:00:00Z,47,15.9,41.0,18.0,329.0,0.0,22.0
WX-CYMM,2030-05-06T18:00:00Z,2030-05-08T18:00:00Z,48,16.1,26.0,21.0,315.0,0.0,15.0
WX-CYMM,2030-05-06T18:00:00Z,2030-05-08T19:00:00Z,49,17.3,30.0,22.0,331.0,0.0,10.0
WX-CYMM,2030-05-06T18:00:00Z,2030-05-08T20:00:00Z,50,18.4,38.0,24.0,323.0,0.0,7.0
WX-CYMM,2030-05-06T18:00:00Z,2030-05-08T21:00:00Z,51,20.0,22.0,23.0,330.0,0.0,5.0
WX-CYMM,2030-05-06T18:00:00Z,2030-05-08T22:00:00Z,52,19.4,35.0,22.0,308.0,0.0,3.0
WX-CYMM,2030-05-06T18:00:00Z,2030-05-08T23:00:00Z,53,18.8,27.0,17.0,301.0,0.0,3.0
WX-CYMM,2030-05-06T18:00:00Z,2030-05-09T00:00:00Z,54,17.0,20.0,16.0,314.0,0.0,2.0
WX-CYMM,2030-05-06T18:00:00Z,2030-05-09T01:00:00Z,55,15.1,40.0,14.0,323.0,0.0,2.0
WX-CYMM,2030-05-06T18:00:00Z,2030-05-09T02:00:00Z,56,14.2,36.0,11.0,298.0,0.0,2.0
WX-CYMM,2030-05-06T18:00:00Z,2030-05-09T03:00:00Z,57,11.3,43.0,8.0,306.0,0.0,2.0
WX-CYMM,2030-05-06T18:00:00Z,2030-05-09T04:00:00Z,58,9.8,49.0,8.0,301.0,0.0,2.0
WX-CYMM,2030-05-06T18:00:00Z,2030-05-09T05:00:00Z,59,10.1,61.0,9.0,316.0,0.0,2.0
WX-CYMM,2030-05-06T18:00:00Z,2030-05-09T06:00:00Z,60,6.5,59.0,5.0,289.0,0.0,2.0
WX-CYMM,2030-05-06T18:00:00Z,2030-05-09T07:00:00Z,61,6.0,63.0,6.0,288.0,0.0,2.0
WX-CYMM,2030-05-06T18:00:00Z,2030-05-09T08:00:00Z,62,5.2,69.0,5.0,289.0,0.0,2.0
WX-CYMM,2030-05-06T18:00:00Z,2030-05-09T09:00:00Z,63,6.5,67.0,6.0,302.0,0.0,2.0
WX-CYMM,2030-05-06T18:00:00Z,2030-05-09T10:00:00Z,64,5.2,68.0,5.0,298.0,0.0,2.0
WX-CYMM,2030-05-06T18:00:00Z,2030-05-09T11:00:00Z,65,5.9,74.0,6.0,289.0,0.1,62.0
WX-CYMM,2030-05-06T18:00:00Z,2030-05-09T12:00:00Z,66,6.5,82.0,5.0,305.0,0.3,62.0
WX-CYMM,2030-05-06T18:00:00Z,2030-05-09T13:00:00Z,67,7.5,80.0,5.0,297.0,0.5,62.0
WX-CYMM,2030-05-06T18:00:00Z,2030-05-09T14:00:00Z,68,7.3,80.0,6.0,284.0,0.6,62.0
WX-CYMM,2030-05-06T18:00:00Z,2030-05-09T15:00:00Z,69,9.3,84.0,8.0,296.0,0.7,62.0
WX-CYMM,2030-05-06T18:00:00Z,2030-05-09T16:00:00Z,70,13.2,86.0,12.0,291.0,0.6,62.0
WX-CYMM,2030-05-06T18:00:00Z,2030-05-09T17:00:00Z,71,15.4,89.0,12.0,295.0,0.5,62.0
WX-CYMM,2030-05-06T18:00:00Z,2030-05-09T18:00:00Z,72,17.9,94.0,12.0,290.0,0.3,62.0
WX-CYZH,2030-05-06T18:00:00Z,2030-05-06T19:00:00Z,1,26.0,21.0,14.0,228.0,0.0,28.0
WX-CYZH,2030-05-06T18:00:00Z,2030-05-06T20:00:00Z,2,27.3,15.0,14.0,229.0,0.0,28.0
WX-CYZH,2030-05-06T18:00:00Z,2030-05-06T21:00:00Z,3,27.8,11.0,14.0,245.0,0.0,28.0
WX-CYZH,2030-05-06T18:00:00Z,2030-05-06T22:00:00Z,4,28.0,6.0,13.0,244.0,0.0,28.0
WX-CYZH,2030-05-06T18:00:00Z,2030-05-06T23:00:00Z,5,27.1,15.0,12.0,233.0,0.0,28.0
WX-CYZH,2030-05-06T18:00:00Z,2030-05-07T00:00:00Z,6,26.0,14.0,12.0,237.0,0.0,28.0
WX-CYZH,2030-05-06T18:00:00Z,2030-05-07T01:00:00Z,7,24.5,19.0,9.0,230.0,0.0,28.0
WX-CYZH,2030-05-06T18:00:00Z,2030-05-07T02:00:00Z,8,21.4,17.0,6.0,238.0,0.0,28.0
WX-CYZH,2030-05-06T18:00:00Z,2030-05-07T03:00:00Z,9,19.9,22.0,4.0,228.0,0.0,28.0
WX-CYZH,2030-05-06T18:00:00Z,2030-05-07T04:00:00Z,10,16.2,34.0,4.0,238.0,0.0,28.0
WX-CYZH,2030-05-06T18:00:00Z,2030-05-07T05:00:00Z,11,14.3,34.0,4.0,232.0,0.0,28.0
WX-CYZH,2030-05-06T18:00:00Z,2030-05-07T06:00:00Z,12,15.6,32.0,7.0,226.0,0.0,28.0
WX-CYZH,2030-05-06T18:00:00Z,2030-05-07T07:00:00Z,13,12.9,38.0,6.0,227.0,0.0,28.0
WX-CYZH,2030-05-06T18:00:00Z,2030-05-07T08:00:00Z,14,11.3,41.0,7.0,228.0,0.0,28.0
WX-CYZH,2030-05-06T18:00:00Z,2030-05-07T09:00:00Z,15,11.2,45.0,6.0,229.0,0.0,28.0
WX-CYZH,2030-05-06T18:00:00Z,2030-05-07T10:00:00Z,16,10.6,38.0,7.0,237.0,0.0,28.0
WX-CYZH,2030-05-06T18:00:00Z,2030-05-07T11:00:00Z,17,11.9,38.0,7.0,231.0,0.0,28.0
WX-CYZH,2030-05-06T18:00:00Z,2030-05-07T12:00:00Z,18,14.0,32.0,6.0,227.0,0.0,28.0
WX-CYZH,2030-05-06T18:00:00Z,2030-05-07T13:00:00Z,19,15.2,32.0,7.0,224.0,0.0,28.0
WX-CYZH,2030-05-06T18:00:00Z,2030-05-07T14:00:00Z,20,18.1,33.0,8.0,225.0,0.0,28.0
WX-CYZH,2030-05-06T18:00:00Z,2030-05-07T15:00:00Z,21,19.8,21.0,11.0,221.0,0.0,28.0
WX-CYZH,2030-05-06T18:00:00Z,2030-05-07T16:00:00Z,22,23.2,21.0,16.0,213.0,0.0,28.0
WX-CYZH,2030-05-06T18:00:00Z,2030-05-07T17:00:00Z,23,24.7,13.0,16.0,225.0,0.0,28.0
WX-CYZH,2030-05-06T18:00:00Z,2030-05-07T18:00:00Z,24,27.1,10.0,17.0,233.0,0.0,28.0
WX-CYZH,2030-05-06T18:00:00Z,2030-05-07T19:00:00Z,25,29.8,13.0,22.0,219.0,0.0,29.0
WX-CYZH,2030-05-06T18:00:00Z,2030-05-07T20:00:00Z,26,32.4,12.0,21.0,229.0,0.0,29.0
WX-CYZH,2030-05-06T18:00:00Z,2030-05-07T21:00:00Z,27,31.9,10.0,20.0,224.0,0.0,30.0
WX-CYZH,2030-05-06T18:00:00Z,2030-05-07T22:00:00Z,28,32.6,8.0,24.0,229.0,0.0,32.0
WX-CYZH,2030-05-06T18:00:00Z,2030-05-07T23:00:00Z,29,31.7,9.0,16.0,231.0,0.0,35.0
WX-CYZH,2030-05-06T18:00:00Z,2030-05-08T00:00:00Z,30,31.0,8.0,16.0,234.0,0.0,39.0
WX-CYZH,2030-05-06T18:00:00Z,2030-05-08T01:00:00Z,31,28.1,21.0,12.0,232.0,0.0,45.0
WX-CYZH,2030-05-06T18:00:00Z,2030-05-08T02:00:00Z,32,24.9,14.0,11.0,233.0,0.0,53.0
WX-CYZH,2030-05-06T18:00:00Z,2030-05-08T03:00:00Z,33,23.4,19.0,8.0,241.0,0.0,62.0
WX-CYZH,2030-05-06T18:00:00Z,2030-05-08T04:00:00Z,34,17.8,26.0,13.0,266.0,0.0,72.0
WX-CYZH,2030-05-06T18:00:00Z,2030-05-08T05:00:00Z,35,14.7,32.0,17.0,322.0,0.0,81.0
WX-CYZH,2030-05-06T18:00:00Z,2030-05-08T06:00:00Z,36,10.5,53.0,17.0,335.0,0.0,90.0
WX-CYZH,2030-05-06T18:00:00Z,2030-05-08T07:00:00Z,37,8.1,49.0,14.0,329.0,0.0,96.0
WX-CYZH,2030-05-06T18:00:00Z,2030-05-08T08:00:00Z,38,5.2,60.0,10.0,338.0,0.1,100.0
WX-CYZH,2030-05-06T18:00:00Z,2030-05-08T09:00:00Z,39,6.4,70.0,9.0,332.0,0.1,100.0
WX-CYZH,2030-05-06T18:00:00Z,2030-05-08T10:00:00Z,40,7.3,62.0,8.0,342.0,0.1,100.0
WX-CYZH,2030-05-06T18:00:00Z,2030-05-08T11:00:00Z,41,8.6,58.0,9.0,328.0,0.1,100.0
WX-CYZH,2030-05-06T18:00:00Z,2030-05-08T12:00:00Z,42,6.6,64.0,7.0,329.0,0.0,74.0
WX-CYZH,2030-05-06T18:00:00Z,2030-05-08T13:00:00Z,43,8.3,50.0,8.0,336.0,0.0,64.0
WX-CYZH,2030-05-06T18:00:00Z,2030-05-08T14:00:00Z,44,9.9,45.0,10.0,333.0,0.0,55.0
WX-CYZH,2030-05-06T18:00:00Z,2030-05-08T15:00:00Z,45,11.3,47.0,14.0,340.0,0.0,47.0
WX-CYZH,2030-05-06T18:00:00Z,2030-05-08T16:00:00Z,46,13.4,37.0,18.0,348.0,0.0,40.0
WX-CYZH,2030-05-06T18:00:00Z,2030-05-08T17:00:00Z,47,15.4,37.0,19.0,344.0,0.0,36.0
WX-CYZH,2030-05-06T18:00:00Z,2030-05-08T18:00:00Z,48,17.1,29.0,20.0,335.0,0.0,33.0
WX-CYZH,2030-05-06T18:00:00Z,2030-05-08T19:00:00Z,49,18.3,27.0,25.0,334.0,0.0,31.0
WX-CYZH,2030-05-06T18:00:00Z,2030-05-08T20:00:00Z,50,19.8,25.0,27.0,335.0,0.0,29.0
WX-CYZH,2030-05-06T18:00:00Z,2030-05-08T21:00:00Z,51,20.1,20.0,25.0,320.0,0.0,29.0
WX-CYZH,2030-05-06T18:00:00Z,2030-05-08T22:00:00Z,52,19.9,15.0,27.0,327.0,0.0,28.0
WX-CYZH,2030-05-06T18:00:00Z,2030-05-08T23:00:00Z,53,18.3,15.0,21.0,341.0,0.0,28.0
WX-CYZH,2030-05-06T18:00:00Z,2030-05-09T00:00:00Z,54,18.2,36.0,18.0,323.0,0.0,28.0
WX-CYZH,2030-05-06T18:00:00Z,2030-05-09T01:00:00Z,55,17.2,28.0,15.0,336.0,0.0,28.0
WX-CYZH,2030-05-06T18:00:00Z,2030-05-09T02:00:00Z,56,16.0,29.0,11.0,341.0,0.0,28.0
WX-CYZH,2030-05-06T18:00:00Z,2030-05-09T03:00:00Z,57,13.9,37.0,7.0,350.0,0.0,28.0
WX-CYZH,2030-05-06T18:00:00Z,2030-05-09T04:00:00Z,58,10.0,51.0,8.0,333.0,0.0,28.0
WX-CYZH,2030-05-06T18:00:00Z,2030-05-09T05:00:00Z,59,11.0,44.0,8.0,320.0,0.0,28.0
WX-CYZH,2030-05-06T18:00:00Z,2030-05-09T06:00:00Z,60,8.3,45.0,6.0,303.0,0.0,28.0
WX-CYZH,2030-05-06T18:00:00Z,2030-05-09T07:00:00Z,61,6.9,61.0,6.0,338.0,0.0,28.0
WX-CYZH,2030-05-06T18:00:00Z,2030-05-09T08:00:00Z,62,7.1,63.0,6.0,314.0,0.0,28.0
WX-CYZH,2030-05-06T18:00:00Z,2030-05-09T09:00:00Z,63,6.2,69.0,6.0,307.0,0.0,28.0
WX-CYZH,2030-05-06T18:00:00Z,2030-05-09T10:00:00Z,64,7.3,63.0,5.0,302.0,0.0,28.0
WX-CYZH,2030-05-06T18:00:00Z,2030-05-09T11:00:00Z,65,7.3,42.0,6.0,320.0,0.1,88.0
WX-CYZH,2030-05-06T18:00:00Z,2030-05-09T12:00:00Z,66,8.1,57.0,6.0,327.0,0.2,88.0
WX-CYZH,2030-05-06T18:00:00Z,2030-05-09T13:00:00Z,67,8.8,78.0,6.0,310.0,0.3,88.0
WX-CYZH,2030-05-06T18:00:00Z,2030-05-09T14:00:00Z,68,10.7,96.0,7.0,303.0,0.5,88.0
WX-CYZH,2030-05-06T18:00:00Z,2030-05-09T15:00:00Z,69,11.1,85.0,11.0,307.0,0.5,88.0
WX-CYZH,2030-05-06T18:00:00Z,2030-05-09T16:00:00Z,70,13.2,85.0,13.0,321.0,0.5,88.0
WX-CYZH,2030-05-06T18:00:00Z,2030-05-09T17:00:00Z,71,15.8,82.0,13.0,311.0,0.3,88.0
WX-CYZH,2030-05-06T18:00:00Z,2030-05-09T18:00:00Z,72,16.0,32.0,17.0,321.0,0.2,88.0
WX-CYOJ,2030-05-06T18:00:00Z,2030-05-06T19:00:00Z,1,24.9,15.0,19.0,229.0,0.0,9.0
WX-CYOJ,2030-05-06T18:00:00Z,2030-05-06T20:00:00Z,2,25.4,18.0,17.0,237.0,0.0,9.0
WX-CYOJ,2030-05-06T18:00:00Z,2030-05-06T21:00:00Z,3,26.6,19.0,19.0,224.0,0.0,9.0
WX-CYOJ,2030-05-06T18:00:00Z,2030-05-06T22:00:00Z,4,26.0,19.0,17.0,236.0,0.0,9.0
WX-CYOJ,2030-05-06T18:00:00Z,2030-05-06T23:00:00Z,5,25.4,15.0,16.0,225.0,0.0,9.0
WX-CYOJ,2030-05-06T18:00:00Z,2030-05-07T00:00:00Z,6,24.2,18.0,13.0,223.0,0.0,9.0
WX-CYOJ,2030-05-06T18:00:00Z,2030-05-07T01:00:00Z,7,23.2,18.0,10.0,240.0,0.0,9.0
WX-CYOJ,2030-05-06T18:00:00Z,2030-05-07T02:00:00Z,8,20.4,25.0,7.0,234.0,0.0,9.0
WX-CYOJ,2030-05-06T18:00:00Z,2030-05-07T03:00:00Z,9,18.6,24.0,5.0,223.0,0.0,9.0
WX-CYOJ,2030-05-06T18:00:00Z,2030-05-07T04:00:00Z,10,14.7,25.0,5.0,240.0,0.0,9.0
WX-CYOJ,2030-05-06T18:00:00Z,2030-05-07T05:00:00Z,11,12.3,40.0,6.0,223.0,0.0,9.0
WX-CYOJ,2030-05-06T18:00:00Z,2030-05-07T06:00:00Z,12,13.8,32.0,9.0,229.0,0.0,9.0
WX-CYOJ,2030-05-06T18:00:00Z,2030-05-07T07:00:00Z,13,11.9,39.0,8.0,221.0,0.0,9.0
WX-CYOJ,2030-05-06T18:00:00Z,2030-05-07T08:00:00Z,14,10.8,37.0,8.0,212.0,0.0,9.0
WX-CYOJ,2030-05-06T18:00:00Z,2030-05-07T09:00:00Z,15,9.0,43.0,8.0,220.0,0.0,9.0
WX-CYOJ,2030-05-06T18:00:00Z,2030-05-07T10:00:00Z,16,8.4,46.0,8.0,226.0,0.0,10.0
WX-CYOJ,2030-05-06T18:00:00Z,2030-05-07T11:00:00Z,17,10.5,39.0,8.0,221.0,0.0,12.0
WX-CYOJ,2030-05-06T18:00:00Z,2030-05-07T12:00:00Z,18,11.3,37.0,8.0,212.0,0.0,14.0
WX-CYOJ,2030-05-06T18:00:00Z,2030-05-07T13:00:00Z,19,14.1,33.0,8.0,217.0,0.0,17.0
WX-CYOJ,2030-05-06T18:00:00Z,2030-05-07T14:00:00Z,20,16.1,33.0,11.0,227.0,0.0,22.0
WX-CYOJ,2030-05-06T18:00:00Z,2030-05-07T15:00:00Z,21,18.4,32.0,16.0,212.0,0.0,29.0
WX-CYOJ,2030-05-06T18:00:00Z,2030-05-07T16:00:00Z,22,22.0,20.0,19.0,215.0,0.0,37.0
WX-CYOJ,2030-05-06T18:00:00Z,2030-05-07T17:00:00Z,23,24.0,21.0,31.0,235.0,0.0,47.0
WX-CYOJ,2030-05-06T18:00:00Z,2030-05-07T18:00:00Z,24,22.0,22.0,41.0,300.0,0.0,56.0
WX-CYOJ,2030-05-06T18:00:00Z,2030-05-07T19:00:00Z,25,20.1,28.0,53.0,322.0,0.0,66.0
WX-CYOJ,2030-05-06T18:00:00Z,2030-05-07T20:00:00Z,26,21.8,16.0,51.0,328.0,0.0,73.0
WX-CYOJ,2030-05-06T18:00:00Z,2030-05-07T21:00:00Z,27,21.2,21.0,47.0,344.0,0.0,78.0
WX-CYOJ,2030-05-06T18:00:00Z,2030-05-07T22:00:00Z,28,22.5,21.0,39.0,335.0,0.0,78.0
WX-CYOJ,2030-05-06T18:00:00Z,2030-05-07T23:00:00Z,29,20.7,28.0,33.0,325.0,0.0,75.0
WX-CYOJ,2030-05-06T18:00:00Z,2030-05-08T00:00:00Z,30,18.4,22.0,29.0,323.0,0.0,69.0
WX-CYOJ,2030-05-06T18:00:00Z,2030-05-08T01:00:00Z,31,19.1,28.0,25.0,320.0,0.0,60.0
WX-CYOJ,2030-05-06T18:00:00Z,2030-05-08T02:00:00Z,32,16.7,35.0,20.0,315.0,0.0,50.0
WX-CYOJ,2030-05-06T18:00:00Z,2030-05-08T03:00:00Z,33,15.8,29.0,15.0,326.0,0.0,41.0
WX-CYOJ,2030-05-06T18:00:00Z,2030-05-08T04:00:00Z,34,14.1,53.0,13.0,335.0,0.0,32.0
WX-CYOJ,2030-05-06T18:00:00Z,2030-05-08T05:00:00Z,35,11.6,54.0,13.0,323.0,0.0,25.0
WX-CYOJ,2030-05-06T18:00:00Z,2030-05-08T06:00:00Z,36,7.6,61.0,11.0,329.0,0.0,19.0
WX-CYOJ,2030-05-06T18:00:00Z,2030-05-08T07:00:00Z,37,6.2,66.0,9.0,323.0,0.0,15.0
WX-CYOJ,2030-05-06T18:00:00Z,2030-05-08T08:00:00Z,38,5.2,67.0,10.0,317.0,0.0,12.0
WX-CYOJ,2030-05-06T18:00:00Z,2030-05-08T09:00:00Z,39,4.2,74.0,10.0,336.0,0.0,11.0
WX-CYOJ,2030-05-06T18:00:00Z,2030-05-08T10:00:00Z,40,5.0,63.0,9.0,329.0,0.0,10.0
WX-CYOJ,2030-05-06T18:00:00Z,2030-05-08T11:00:00Z,41,5.3,73.0,10.0,330.0,0.0,9.0
WX-CYOJ,2030-05-06T18:00:00Z,2030-05-08T12:00:00Z,42,5.7,59.0,10.0,324.0,0.0,9.0
WX-CYOJ,2030-05-06T18:00:00Z,2030-05-08T13:00:00Z,43,8.2,68.0,10.0,318.0,0.0,9.0
WX-CYOJ,2030-05-06T18:00:00Z,2030-05-08T14:00:00Z,44,9.4,62.0,11.0,319.0,0.0,9.0
WX-CYOJ,2030-05-06T18:00:00Z,2030-05-08T15:00:00Z,45,10.2,51.0,17.0,334.0,0.0,9.0
WX-CYOJ,2030-05-06T18:00:00Z,2030-05-08T16:00:00Z,46,12.9,45.0,20.0,320.0,0.0,9.0
WX-CYOJ,2030-05-06T18:00:00Z,2030-05-08T17:00:00Z,47,13.2,31.0,25.0,341.0,0.0,9.0
WX-CYOJ,2030-05-06T18:00:00Z,2030-05-08T18:00:00Z,48,14.8,38.0,26.0,334.0,0.0,9.0
WX-CYOJ,2030-05-06T18:00:00Z,2030-05-08T19:00:00Z,49,17.0,28.0,31.0,349.0,0.0,9.0
WX-CYOJ,2030-05-06T18:00:00Z,2030-05-08T20:00:00Z,50,18.8,28.0,30.0,334.0,0.0,9.0
WX-CYOJ,2030-05-06T18:00:00Z,2030-05-08T21:00:00Z,51,18.3,27.0,25.0,344.0,0.0,9.0
WX-CYOJ,2030-05-06T18:00:00Z,2030-05-08T22:00:00Z,52,18.3,34.0,26.0,331.0,0.0,9.0
WX-CYOJ,2030-05-06T18:00:00Z,2030-05-08T23:00:00Z,53,18.0,29.0,25.0,344.0,0.0,9.0
WX-CYOJ,2030-05-06T18:00:00Z,2030-05-09T00:00:00Z,54,16.2,41.0,21.0,330.0,0.0,9.0
WX-CYOJ,2030-05-06T18:00:00Z,2030-05-09T01:00:00Z,55,15.2,34.0,18.0,326.0,0.0,9.0
WX-CYOJ,2030-05-06T18:00:00Z,2030-05-09T02:00:00Z,56,12.8,33.0,15.0,334.0,0.0,9.0
WX-CYOJ,2030-05-06T18:00:00Z,2030-05-09T03:00:00Z,57,12.1,43.0,11.0,340.0,0.0,9.0
WX-CYOJ,2030-05-06T18:00:00Z,2030-05-09T04:00:00Z,58,10.1,47.0,9.0,328.0,0.0,9.0
WX-CYOJ,2030-05-06T18:00:00Z,2030-05-09T05:00:00Z,59,8.9,53.0,10.0,323.0,0.0,9.0
WX-CYOJ,2030-05-06T18:00:00Z,2030-05-09T06:00:00Z,60,6.3,60.0,7.0,299.0,0.0,9.0
WX-CYOJ,2030-05-06T18:00:00Z,2030-05-09T07:00:00Z,61,6.8,57.0,6.0,304.0,0.0,9.0
WX-CYOJ,2030-05-06T18:00:00Z,2030-05-09T08:00:00Z,62,4.4,69.0,8.0,292.0,0.0,9.0
WX-CYOJ,2030-05-06T18:00:00Z,2030-05-09T09:00:00Z,63,6.7,68.0,7.0,296.0,0.0,9.0
WX-CYOJ,2030-05-06T18:00:00Z,2030-05-09T10:00:00Z,64,4.7,70.0,6.0,306.0,0.0,9.0
WX-CYOJ,2030-05-06T18:00:00Z,2030-05-09T11:00:00Z,65,4.9,62.0,7.0,303.0,0.0,9.0
WX-CYOJ,2030-05-06T18:00:00Z,2030-05-09T12:00:00Z,66,5.5,65.0,8.0,305.0,0.0,9.0
WX-CYOJ,2030-05-06T18:00:00Z,2030-05-09T13:00:00Z,67,6.9,52.0,6.0,314.0,0.0,9.0
WX-CYOJ,2030-05-06T18:00:00Z,2030-05-09T14:00:00Z,68,9.2,58.0,10.0,325.0,0.0,9.0
WX-CYOJ,2030-05-06T18:00:00Z,2030-05-09T15:00:00Z,69,10.7,42.0,14.0,287.0,0.0,9.0
WX-CYOJ,2030-05-06T18:00:00Z,2030-05-09T16:00:00Z,70,12.7,41.0,19.0,310.0,0.0,9.0
WX-CYOJ,2030-05-06T18:00:00Z,2030-05-09T17:00:00Z,71,15.6,35.0,18.0,324.0,0.0,9.0
WX-CYOJ,2030-05-06T18:00:00Z,2030-05-09T18:00:00Z,72,16.9,27.0,22.0,313.0,0.0,9.0
WX-CYPE,2030-05-06T18:00:00Z,2030-05-06T19:00:00Z,1,24.3,18.0,12.0,211.0,0.0,0.0
WX-CYPE,2030-05-06T18:00:00Z,2030-05-06T20:00:00Z,2,25.4,15.0,13.0,195.0,0.0,0.0
WX-CYPE,2030-05-06T18:00:00Z,2030-05-06T21:00:00Z,3,27.5,16.0,13.0,212.0,0.0,0.0
WX-CYPE,2030-05-06T18:00:00Z,2030-05-06T22:00:00Z,4,26.2,17.0,12.0,200.0,0.0,0.0
WX-CYPE,2030-05-06T18:00:00Z,2030-05-06T23:00:00Z,5,25.6,19.0,11.0,205.0,0.0,0.0
WX-CYPE,2030-05-06T18:00:00Z,2030-05-07T00:00:00Z,6,24.7,14.0,8.0,198.0,0.0,0.0
WX-CYPE,2030-05-06T18:00:00Z,2030-05-07T01:00:00Z,7,22.1,23.0,8.0,206.0,0.0,0.0
WX-CYPE,2030-05-06T18:00:00Z,2030-05-07T02:00:00Z,8,21.3,20.0,5.0,209.0,0.0,0.0
WX-CYPE,2030-05-06T18:00:00Z,2030-05-07T03:00:00Z,9,18.0,27.0,3.0,198.0,0.0,0.0
WX-CYPE,2030-05-06T18:00:00Z,2030-05-07T04:00:00Z,10,16.7,29.0,4.0,203.0,0.0,0.0
WX-CYPE,2030-05-06T18:00:00Z,2030-05-07T05:00:00Z,11,12.8,42.0,4.0,208.0,0.0,0.0
WX-CYPE,2030-05-06T18:00:00Z,2030-05-07T06:00:00Z,12,12.9,35.0,6.0,194.0,0.0,0.0
WX-CYPE,2030-05-06T18:00:00Z,2030-05-07T07:00:00Z,13,13.2,36.0,6.0,195.0,0.0,0.0
WX-CYPE,2030-05-06T18:00:00Z,2030-05-07T08:00:00Z,14,10.1,45.0,6.0,202.0,0.0,0.0
WX-CYPE,2030-05-06T18:00:00Z,2030-05-07T09:00:00Z,15,9.6,46.0,5.0,194.0,0.0,0.0
WX-CYPE,2030-05-06T18:00:00Z,2030-05-07T10:00:00Z,16,9.9,43.0,6.0,195.0,0.0,0.0
WX-CYPE,2030-05-06T18:00:00Z,2030-05-07T11:00:00Z,17,10.2,42.0,6.0,189.0,0.0,0.0
WX-CYPE,2030-05-06T18:00:00Z,2030-05-07T12:00:00Z,18,11.0,51.0,6.0,186.0,0.0,1.0
WX-CYPE,2030-05-06T18:00:00Z,2030-05-07T13:00:00Z,19,12.6,35.0,5.0,201.0,0.0,1.0
WX-CYPE,2030-05-06T18:00:00Z,2030-05-07T14:00:00Z,20,15.9,25.0,7.0,198.0,0.0,1.0
WX-CYPE,2030-05-06T18:00:00Z,2030-05-07T15:00:00Z,21,18.5,23.0,10.0,194.0,0.0,3.0
WX-CYPE,2030-05-06T18:00:00Z,2030-05-07T16:00:00Z,22,22.0,17.0,13.0,190.0,0.0,4.0
WX-CYPE,2030-05-06T18:00:00Z,2030-05-07T17:00:00Z,23,25.0,14.0,17.0,192.0,0.0,7.0
WX-CYPE,2030-05-06T18:00:00Z,2030-05-07T18:00:00Z,24,27.0,12.0,17.0,206.0,0.0,12.0
WX-CYPE,2030-05-06T18:00:00Z,2030-05-07T19:00:00Z,25,28.2,10.0,17.0,199.0,0.0,17.0
WX-CYPE,2030-05-06T18:00:00Z,2030-05-07T20:00:00Z,26,30.1,14.0,22.0,191.0,0.0,25.0
WX-CYPE,2030-05-06T18:00:00Z,2030-05-07T21:00:00Z,27,29.6,13.0,24.0,201.0,0.0,34.0
WX-CYPE,2030-05-06T18:00:00Z,2030-05-07T22:00:00Z,28,26.3,22.0,28.0,234.0,0.0,44.0
WX-CYPE,2030-05-06T18:00:00Z,2030-05-07T23:00:00Z,29,22.1,30.0,33.0,295.0,0.0,54.0
WX-CYPE,2030-05-06T18:00:00Z,2030-05-08T00:00:00Z,30,20.4,29.0,33.0,305.0,0.0,62.0
WX-CYPE,2030-05-06T18:00:00Z,2030-05-08T01:00:00Z,31,19.0,29.0,24.0,299.0,0.0,68.0
WX-CYPE,2030-05-06T18:00:00Z,2030-05-08T02:00:00Z,32,17.5,32.0,18.0,298.0,0.0,70.0
WX-CYPE,2030-05-06T18:00:00Z,2030-05-08T03:00:00Z,33,15.2,45.0,11.0,303.0,0.0,69.0
WX-CYPE,2030-05-06T18:00:00Z,2030-05-08T04:00:00Z,34,12.7,40.0,9.0,299.0,0.0,64.0
WX-CYPE,2030-05-06T18:00:00Z,2030-05-08T05:00:00Z,35,11.4,44.0,10.0,296.0,0.0,56.0
WX-CYPE,2030-05-06T18:00:00Z,2030-05-08T06:00:00Z,36,6.9,63.0,8.0,296.0,0.0,46.0
WX-CYPE,2030-05-06T18:00:00Z,2030-05-08T07:00:00Z,37,6.0,67.0,8.0,305.0,0.0,36.0
WX-CYPE,2030-05-06T18:00:00Z,2030-05-08T08:00:00Z,38,4.9,69.0,7.0,302.0,0.0,27.0
WX-CYPE,2030-05-06T18:00:00Z,2030-05-08T09:00:00Z,39,5.3,71.0,7.0,305.0,0.0,19.0
WX-CYPE,2030-05-06T18:00:00Z,2030-05-08T10:00:00Z,40,4.4,72.0,7.0,316.0,0.0,13.0
WX-CYPE,2030-05-06T18:00:00Z,2030-05-08T11:00:00Z,41,5.3,59.0,8.0,303.0,0.0,8.0
WX-CYPE,2030-05-06T18:00:00Z,2030-05-08T12:00:00Z,42,4.8,63.0,8.0,309.0,0.0,5.0
WX-CYPE,2030-05-06T18:00:00Z,2030-05-08T13:00:00Z,43,6.3,54.0,7.0,311.0,0.0,3.0
WX-CYPE,2030-05-06T18:00:00Z,2030-05-08T14:00:00Z,44,8.8,53.0,8.0,307.0,0.0,2.0
WX-CYPE,2030-05-06T18:00:00Z,2030-05-08T15:00:00Z,45,10.3,52.0,14.0,300.0,0.0,1.0
WX-CYPE,2030-05-06T18:00:00Z,2030-05-08T16:00:00Z,46,12.0,41.0,14.0,301.0,0.0,1.0
WX-CYPE,2030-05-06T18:00:00Z,2030-05-08T17:00:00Z,47,13.6,38.0,16.0,306.0,0.0,0.0
WX-CYPE,2030-05-06T18:00:00Z,2030-05-08T18:00:00Z,48,15.8,47.0,21.0,301.0,0.0,0.0
WX-CYPE,2030-05-06T18:00:00Z,2030-05-08T19:00:00Z,49,16.5,29.0,20.0,325.0,0.0,0.0
WX-CYPE,2030-05-06T18:00:00Z,2030-05-08T20:00:00Z,50,18.1,33.0,22.0,302.0,0.0,0.0
WX-CYPE,2030-05-06T18:00:00Z,2030-05-08T21:00:00Z,51,18.6,28.0,20.0,305.0,0.0,0.0
WX-CYPE,2030-05-06T18:00:00Z,2030-05-08T22:00:00Z,52,18.9,17.0,21.0,311.0,0.0,0.0
WX-CYPE,2030-05-06T18:00:00Z,2030-05-08T23:00:00Z,53,18.0,30.0,17.0,335.0,0.0,0.0
WX-CYPE,2030-05-06T18:00:00Z,2030-05-09T00:00:00Z,54,17.4,39.0,19.0,303.0,0.0,0.0
WX-CYPE,2030-05-06T18:00:00Z,2030-05-09T01:00:00Z,55,15.6,41.0,12.0,311.0,0.0,0.0
WX-CYPE,2030-05-06T18:00:00Z,2030-05-09T02:00:00Z,56,13.7,37.0,11.0,290.0,0.0,0.0
WX-CYPE,2030-05-06T18:00:00Z,2030-05-09T03:00:00Z,57,12.9,52.0,7.0,286.0,0.0,0.0
WX-CYPE,2030-05-06T18:00:00Z,2030-05-09T04:00:00Z,58,11.5,35.0,7.0,286.0,0.0,0.0
WX-CYPE,2030-05-06T18:00:00Z,2030-05-09T05:00:00Z,59,8.6,55.0,7.0,309.0,0.0,0.0
WX-CYPE,2030-05-06T18:00:00Z,2030-05-09T06:00:00Z,60,7.5,58.0,5.0,281.0,0.0,0.0
WX-CYPE,2030-05-06T18:00:00Z,2030-05-09T07:00:00Z,61,5.1,75.0,5.0,271.0,0.0,0.0
WX-CYPE,2030-05-06T18:00:00Z,2030-05-09T08:00:00Z,62,4.6,75.0,5.0,274.0,0.0,0.0
WX-CYPE,2030-05-06T18:00:00Z,2030-05-09T09:00:00Z,63,3.0,69.0,5.0,286.0,0.0,0.0
WX-CYPE,2030-05-06T18:00:00Z,2030-05-09T10:00:00Z,64,6.5,73.0,6.0,273.0,0.0,0.0
WX-CYPE,2030-05-06T18:00:00Z,2030-05-09T11:00:00Z,65,5.4,72.0,5.0,292.0,0.0,0.0
WX-CYPE,2030-05-06T18:00:00Z,2030-05-09T12:00:00Z,66,6.8,61.0,5.0,288.0,0.0,0.0
WX-CYPE,2030-05-06T18:00:00Z,2030-05-09T13:00:00Z,67,8.4,64.0,4.0,260.0,0.0,0.0
WX-CYPE,2030-05-06T18:00:00Z,2030-05-09T14:00:00Z,68,12.1,50.0,6.0,275.0,0.0,0.0
WX-CYPE,2030-05-06T18:00:00Z,2030-05-09T15:00:00Z,69,9.9,36.0,9.0,270.0,0.0,0.0
WX-CYPE,2030-05-06T18:00:00Z,2030-05-09T16:00:00Z,70,13.2,39.0,12.0,271.0,0.0,0.0
WX-CYPE,2030-05-06T18:00:00Z,2030-05-09T17:00:00Z,71,16.1,30.0,15.0,274.0,0.0,0.0
WX-CYPE,2030-05-06T18:00:00Z,2030-05-09T18:00:00Z,72,15.7,38.0,14.0,276.0,0.0,0.0
WX-CYQU,2030-05-06T18:00:00Z,2030-05-06T19:00:00Z,1,25.3,20.0,18.0,226.0,0.0,5.0
WX-CYQU,2030-05-06T18:00:00Z,2030-05-06T20:00:00Z,2,26.2,17.0,17.0,220.0,0.0,5.0
WX-CYQU,2030-05-06T18:00:00Z,2030-05-06T21:00:00Z,3,25.9,10.0,19.0,223.0,0.0,5.0
WX-CYQU,2030-05-06T18:00:00Z,2030-05-06T22:00:00Z,4,26.9,23.0,15.0,225.0,0.0,5.0
WX-CYQU,2030-05-06T18:00:00Z,2030-05-06T23:00:00Z,5,26.8,18.0,15.0,225.0,0.0,5.0
WX-CYQU,2030-05-06T18:00:00Z,2030-05-07T00:00:00Z,6,23.8,17.0,13.0,226.0,0.0,5.0
WX-CYQU,2030-05-06T18:00:00Z,2030-05-07T01:00:00Z,7,23.1,14.0,12.0,224.0,0.0,5.0
WX-CYQU,2030-05-06T18:00:00Z,2030-05-07T02:00:00Z,8,20.3,24.0,8.0,223.0,0.0,5.0
WX-CYQU,2030-05-06T18:00:00Z,2030-05-07T03:00:00Z,9,18.8,27.0,5.0,229.0,0.0,5.0
WX-CYQU,2030-05-06T18:00:00Z,2030-05-07T04:00:00Z,10,15.9,30.0,5.0,222.0,0.0,5.0
WX-CYQU,2030-05-06T18:00:00Z,2030-05-07T05:00:00Z,11,12.4,38.0,5.0,219.0,0.0,5.0
WX-CYQU,2030-05-06T18:00:00Z,2030-05-07T06:00:00Z,12,14.1,35.0,7.0,213.0,0.0,5.0
WX-CYQU,2030-05-06T18:00:00Z,2030-05-07T07:00:00Z,13,11.9,40.0,8.0,224.0,0.0,5.0
WX-CYQU,2030-05-06T18:00:00Z,2030-05-07T08:00:00Z,14,10.8,41.0,7.0,225.0,0.0,5.0
WX-CYQU,2030-05-06T18:00:00Z,2030-05-07T09:00:00Z,15,9.5,40.0,8.0,215.0,0.0,5.0
WX-CYQU,2030-05-06T18:00:00Z,2030-05-07T10:00:00Z,16,9.1,42.0,8.0,216.0,0.0,5.0
WX-CYQU,2030-05-06T18:00:00Z,2030-05-07T11:00:00Z,17,11.5,44.0,8.0,215.0,0.0,5.0
WX-CYQU,2030-05-06T18:00:00Z,2030-05-07T12:00:00Z,18,12.6,35.0,9.0,216.0,0.0,5.0
WX-CYQU,2030-05-06T18:00:00Z,2030-05-07T13:00:00Z,19,14.0,43.0,8.0,221.0,0.0,6.0
WX-CYQU,2030-05-06T18:00:00Z,2030-05-07T14:00:00Z,20,16.5,32.0,9.0,196.0,0.0,6.0
WX-CYQU,2030-05-06T18:00:00Z,2030-05-07T15:00:00Z,21,17.6,24.0,15.0,213.0,0.0,8.0
WX-CYQU,2030-05-06T18:00:00Z,2030-05-07T16:00:00Z,22,20.8,20.0,19.0,218.0,0.0,10.0
WX-CYQU,2030-05-06T18:00:00Z,2030-05-07T17:00:00Z,23,25.2,17.0,21.0,208.0,0.0,13.0
WX-CYQU,2030-05-06T18:00:00Z,2030-05-07T18:00:00Z,24,25.6,17.0,25.0,222.0,0.0,17.0
WX-CYQU,2030-05-06T18:00:00Z,2030-05-07T19:00:00Z,25,27.8,21.0,25.0,218.0,0.0,23.0
WX-CYQU,2030-05-06T18:00:00Z,2030-05-07T20:00:00Z,26,29.9,7.0,24.0,218.0,0.0,31.0
WX-CYQU,2030-05-06T18:00:00Z,2030-05-07T21:00:00Z,27,29.7,17.0,35.0,222.0,0.0,40.0
WX-CYQU,2030-05-06T18:00:00Z,2030-05-07T22:00:00Z,28,26.1,19.0,43.0,269.0,0.0,50.0
WX-CYQU,2030-05-06T18:00:00Z,2030-05-07T23:00:00Z,29,20.5,27.0,50.0,303.0,0.0,60.0
WX-CYQU,2030-05-06T18:00:00Z,2030-05-08T00:00:00Z,30,19.2,30.0,33.0,319.0,0.0,68.0
WX-CYQU,2030-05-06T18:00:00Z,2030-05-08T01:00:00Z,31,20.1,30.0,31.0,323.0,0.1,100.0
WX-CYQU,2030-05-06T18:00:00Z,2030-05-08T02:00:00Z,32,18.1,33.0,25.0,320.0,0.1,100.0
WX-CYQU,2030-05-06T18:00:00Z,2030-05-08T03:00:00Z,33,16.0,38.0,17.0,320.0,0.1,100.0
WX-CYQU,2030-05-06T18:00:00Z,2030-05-08T04:00:00Z,34,15.5,45.0,17.0,326.0,0.1,100.0
WX-CYQU,2030-05-06T18:00:00Z,2030-05-08T05:00:00Z,35,11.1,47.0,15.0,319.0,0.1,100.0
WX-CYQU,2030-05-06T18:00:00Z,2030-05-08T06:00:00Z,36,6.6,69.0,10.0,324.0,0.0,50.0
WX-CYQU,2030-05-06T18:00:00Z,2030-05-08T07:00:00Z,37,5.1,57.0,10.0,327.0,0.0,40.0
WX-CYQU,2030-05-06T18:00:00Z,2030-05-08T08:00:00Z,38,7.1,70.0,10.0,328.0,0.0,31.0
WX-CYQU,2030-05-06T18:00:00Z,2030-05-08T09:00:00Z,39,4.2,66.0,10.0,335.0,0.0,23.0
WX-CYQU,2030-05-06T18:00:00Z,2030-05-08T10:00:00Z,40,3.8,65.0,11.0,332.0,0.0,17.0
WX-CYQU,2030-05-06T18:00:00Z,2030-05-08T11:00:00Z,41,5.8,75.0,11.0,336.0,0.0,12.0
WX-CYQU,2030-05-06T18:00:00Z,2030-05-08T12:00:00Z,42,6.6,73.0,11.0,322.0,0.0,9.0
WX-CYQU,2030-05-06T18:00:00Z,2030-05-08T13:00:00Z,43,7.3,59.0,11.0,335.0,0.0,7.0
WX-CYQU,2030-05-06T18:00:00Z,2030-05-08T14:00:00Z,44,9.5,44.0,11.0,314.0,0.0,6.0
WX-CYQU,2030-05-06T18:00:00Z,2030-05-08T15:00:00Z,45,12.4,44.0,19.0,336.0,0.0,6.0
WX-CYQU,2030-05-06T18:00:00Z,2030-05-08T16:00:00Z,46,12.7,34.0,18.0,318.0,0.0,5.0
WX-CYQU,2030-05-06T18:00:00Z,2030-05-08T17:00:00Z,47,15.7,38.0,24.0,330.0,0.0,5.0
WX-CYQU,2030-05-06T18:00:00Z,2030-05-08T18:00:00Z,48,17.0,32.0,29.0,317.0,0.0,5.0
WX-CYQU,2030-05-06T18:00:00Z,2030-05-08T19:00:00Z,49,16.5,33.0,23.0,316.0,0.0,5.0
WX-CYQU,2030-05-06T18:00:00Z,2030-05-08T20:00:00Z,50,17.0,32.0,30.0,319.0,0.0,5.0
WX-CYQU,2030-05-06T18:00:00Z,2030-05-08T21:00:00Z,51,21.8,34.0,33.0,325.0,0.0,5.0
WX-CYQU,2030-05-06T18:00:00Z,2030-05-08T22:00:00Z,52,17.9,39.0,25.0,318.0,0.0,5.0
WX-CYQU,2030-05-06T18:00:00Z,2030-05-08T23:00:00Z,53,19.3,33.0,28.0,332.0,0.0,5.0
WX-CYQU,2030-05-06T18:00:00Z,2030-05-09T00:00:00Z,54,17.1,33.0,22.0,315.0,0.0,5.0
WX-CYQU,2030-05-06T18:00:00Z,2030-05-09T01:00:00Z,55,15.0,26.0,24.0,319.0,0.0,5.0
WX-CYQU,2030-05-06T18:00:00Z,2030-05-09T02:00:00Z,56,13.8,36.0,15.0,307.0,0.0,5.0
WX-CYQU,2030-05-06T18:00:00Z,2030-05-09T03:00:00Z,57,13.7,55.0,11.0,313.0,0.0,5.0
WX-CYQU,2030-05-06T18:00:00Z,2030-05-09T04:00:00Z,58,10.4,47.0,10.0,329.0,0.0,5.0
WX-CYQU,2030-05-06T18:00:00Z,2030-05-09T05:00:00Z,59,9.2,61.0,12.0,336.0,0.0,5.0
WX-CYQU,2030-05-06T18:00:00Z,2030-05-09T06:00:00Z,60,7.8,56.0,6.0,307.0,0.0,5.0
WX-CYQU,2030-05-06T18:00:00Z,2030-05-09T07:00:00Z,61,5.5,61.0,7.0,319.0,0.0,5.0
WX-CYQU,2030-05-06T18:00:00Z,2030-05-09T08:00:00Z,62,5.9,64.0,6.0,292.0,0.0,5.0
WX-CYQU,2030-05-06T18:00:00Z,2030-05-09T09:00:00Z,63,6.5,68.0,7.0,306.0,0.0,5.0
WX-CYQU,2030-05-06T18:00:00Z,2030-05-09T10:00:00Z,64,4.6,63.0,8.0,305.0,0.0,5.0
WX-CYQU,2030-05-06T18:00:00Z,2030-05-09T11:00:00Z,65,6.8,59.0,7.0,309.0,0.1,65.0
WX-CYQU,2030-05-06T18:00:00Z,2030-05-09T12:00:00Z,66,6.1,85.0,7.0,303.0,0.3,65.0
WX-CYQU,2030-05-06T18:00:00Z,2030-05-09T13:00:00Z,67,6.4,77.0,7.0,312.0,0.5,65.0
WX-CYQU,2030-05-06T18:00:00Z,2030-05-09T14:00:00Z,68,10.4,90.0,8.0,313.0,0.7,65.0
WX-CYQU,2030-05-06T18:00:00Z,2030-05-09T15:00:00Z,69,12.0,94.0,11.0,293.0,0.8,65.0
WX-CYQU,2030-05-06T18:00:00Z,2030-05-09T16:00:00Z,70,13.4,96.0,15.0,310.0,0.7,65.0
WX-CYQU,2030-05-06T18:00:00Z,2030-05-09T17:00:00Z,71,15.5,88.0,18.0,288.0,0.5,65.0
WX-CYQU,2030-05-06T18:00:00Z,2030-05-09T18:00:00Z,72,18.0,92.0,20.0,295.0,0.3,65.0
WX-CYLB,2030-05-06T18:00:00Z,2030-05-06T19:00:00Z,1,24.8,18.0,17.0,222.0,0.0,41.0
WX-CYLB,2030-05-06T18:00:00Z,2030-05-06T20:00:00Z,2,25.6,17.0,18.0,216.0,0.0,41.0
WX-CYLB,2030-05-06T18:00:00Z,2030-05-06T21:00:00Z,3,26.9,14.0,21.0,215.0,0.0,41.0
WX-CYLB,2030-05-06T18:00:00Z,2030-05-06T22:00:00Z,4,26.2,13.0,17.0,218.0,0.0,41.0
WX-CYLB,2030-05-06T18:00:00Z,2030-05-06T23:00:00Z,5,26.0,10.0,14.0,225.0,0.0,41.0
WX-CYLB,2030-05-06T18:00:00Z,2030-05-07T00:00:00Z,6,23.5,12.0,14.0,219.0,0.0,41.0
WX-CYLB,2030-05-06T18:00:00Z,2030-05-07T01:00:00Z,7,23.1,17.0,11.0,212.0,0.0,41.0
WX-CYLB,2030-05-06T18:00:00Z,2030-05-07T02:00:00Z,8,20.3,19.0,8.0,218.0,0.0,41.0
WX-CYLB,2030-05-06T18:00:00Z,2030-05-07T03:00:00Z,9,17.7,20.0,5.0,213.0,0.0,41.0
WX-CYLB,2030-05-06T18:00:00Z,2030-05-07T04:00:00Z,10,16.6,32.0,5.0,219.0,0.0,41.0
WX-CYLB,2030-05-06T18:00:00Z,2030-05-07T05:00:00Z,11,13.3,31.0,5.0,223.0,0.0,41.0
WX-CYLB,2030-05-06T18:00:00Z,2030-05-07T06:00:00Z,12,13.0,29.0,8.0,205.0,0.0,41.0
WX-CYLB,2030-05-06T18:00:00Z,2030-05-07T07:00:00Z,13,11.7,28.0,8.0,202.0,0.0,41.0
WX-CYLB,2030-05-06T18:00:00Z,2030-05-07T08:00:00Z,14,10.6,41.0,8.0,215.0,0.0,41.0
WX-CYLB,2030-05-06T18:00:00Z,2030-05-07T09:00:00Z,15,8.7,38.0,8.0,201.0,0.0,41.0
WX-CYLB,2030-05-06T18:00:00Z,2030-05-07T10:00:00Z,16,9.3,47.0,8.0,210.0,0.0,41.0
WX-CYLB,2030-05-06T18:00:00Z,2030-05-07T11:00:00Z,17,9.8,39.0,8.0,209.0,0.0,41.0
WX-CYLB,2030-05-06T18:00:00Z,2030-05-07T12:00:00Z,18,11.3,31.0,9.0,209.0,0.0,41.0
WX-CYLB,2030-05-06T18:00:00Z,2030-05-07T13:00:00Z,19,14.0,41.0,7.0,212.0,0.0,41.0
WX-CYLB,2030-05-06T18:00:00Z,2030-05-07T14:00:00Z,20,16.5,29.0,11.0,203.0,0.0,41.0
WX-CYLB,2030-05-06T18:00:00Z,2030-05-07T15:00:00Z,21,17.6,18.0,15.0,211.0,0.0,41.0
WX-CYLB,2030-05-06T18:00:00Z,2030-05-07T16:00:00Z,22,21.3,18.0,17.0,212.0,0.0,41.0
WX-CYLB,2030-05-06T18:00:00Z,2030-05-07T17:00:00Z,23,23.1,20.0,21.0,207.0,0.0,41.0
WX-CYLB,2030-05-06T18:00:00Z,2030-05-07T18:00:00Z,24,25.5,14.0,26.0,211.0,0.0,41.0
WX-CYLB,2030-05-06T18:00:00Z,2030-05-07T19:00:00Z,25,28.0,10.0,27.0,204.0,0.0,41.0
WX-CYLB,2030-05-06T18:00:00Z,2030-05-07T20:00:00Z,26,29.1,11.0,27.0,202.0,0.0,41.0
WX-CYLB,2030-05-06T18:00:00Z,2030-05-07T21:00:00Z,27,30.2,12.0,28.0,215.0,0.0,41.0
WX-CYLB,2030-05-06T18:00:00Z,2030-05-07T22:00:00Z,28,30.7,22.0,24.0,207.0,0.0,41.0
WX-CYLB,2030-05-06T18:00:00Z,2030-05-07T23:00:00Z,29,29.1,8.0,25.0,210.0,0.0,41.0
WX-CYLB,2030-05-06T18:00:00Z,2030-05-08T00:00:00Z,30,28.8,11.0,21.0,204.0,0.0,41.0
WX-CYLB,2030-05-06T18:00:00Z,2030-05-08T01:00:00Z,31,26.1,10.0,16.0,199.0,0.0,42.0
WX-CYLB,2030-05-06T18:00:00Z,2030-05-08T02:00:00Z,32,22.9,6.0,12.0,202.0,0.0,43.0
WX-CYLB,2030-05-06T18:00:00Z,2030-05-08T03:00:00Z,33,19.8,22.0,8.0,195.0,0.0,44.0
WX-CYLB,2030-05-06T18:00:00Z,2030-05-08T04:00:00Z,34,18.1,25.0,8.0,207.0,0.0,47.0
WX-CYLB,2030-05-06T18:00:00Z,2030-05-08T05:00:00Z,35,14.2,28.0,8.0,216.0,0.0,51.0
WX-CYLB,2030-05-06T18:00:00Z,2030-05-08T06:00:00Z,36,12.4,30.0,8.0,207.0,0.0,56.0
WX-CYLB,2030-05-06T18:00:00Z,2030-05-08T07:00:00Z,37,12.3,35.0,8.0,202.0,0.0,63.0
WX-CYLB,2030-05-06T18:00:00Z,2030-05-08T08:00:00Z,38,9.4,40.0,11.0,221.0,0.0,72.0
WX-CYLB,2030-05-06T18:00:00Z,2030-05-08T09:00:00Z,39,7.7,53.0,13.0,230.0,0.0,82.0
WX-CYLB,2030-05-06T18:00:00Z,2030-05-08T10:00:00Z,40,5.6,59.0,16.0,287.0,0.0,92.0
WX-CYLB,2030-05-06T18:00:00Z,2030-05-08T11:00:00Z,41,6.2,65.0,20.0,323.0,0.0,100.0
WX-CYLB,2030-05-06T18:00:00Z,2030-05-08T12:00:00Z,42,5.7,68.0,19.0,322.0,0.1,100.0
WX-CYLB,2030-05-06T18:00:00Z,2030-05-08T13:00:00Z,43,6.4,54.0,16.0,315.0,0.2,100.0
WX-CYLB,2030-05-06T18:00:00Z,2030-05-08T14:00:00Z,44,8.7,81.0,12.0,305.0,0.2,100.0
WX-CYLB,2030-05-06T18:00:00Z,2030-05-08T15:00:00Z,45,11.2,84.0,19.0,310.0,0.2,100.0
WX-CYLB,2030-05-06T18:00:00Z,2030-05-08T16:00:00Z,46,13.2,34.0,23.0,314.0,0.1,100.0
WX-CYLB,2030-05-06T18:00:00Z,2030-05-08T17:00:00Z,47,13.7,35.0,24.0,329.0,0.1,100.0
WX-CYLB,2030-05-06T18:00:00Z,2030-05-08T18:00:00Z,48,15.6,21.0,31.0,308.0,0.0,80.0
WX-CYLB,2030-05-06T18:00:00Z,2030-05-08T19:00:00Z,49,16.1,26.0,32.0,310.0,0.0,70.0
WX-CYLB,2030-05-06T18:00:00Z,2030-05-08T20:00:00Z,50,17.6,26.0,29.0,319.0,0.0,62.0
WX-CYLB,2030-05-06T18:00:00Z,2030-05-08T21:00:00Z,51,17.0,33.0,31.0,315.0,0.0,55.0
WX-CYLB,2030-05-06T18:00:00Z,2030-05-08T22:00:00Z,52,18.8,28.0,34.0,330.0,0.0,50.0
WX-CYLB,2030-05-06T18:00:00Z,2030-05-08T23:00:00Z,53,17.8,33.0,23.0,319.0,0.0,46.0
WX-CYLB,2030-05-06T18:00:00Z,2030-05-09T00:00:00Z,54,17.3,19.0,25.0,317.0,0.0,44.0
WX-CYLB,2030-05-06T18:00:00Z,2030-05-09T01:00:00Z,55,15.6,38.0,19.0,324.0,0.0,43.0
WX-CYLB,2030-05-06T18:00:00Z,2030-05-09T02:00:00Z,56,14.9,40.0,15.0,312.0,0.0,42.0
WX-CYLB,2030-05-06T18:00:00Z,2030-05-09T03:00:00Z,57,10.9,36.0,9.0,337.0,0.0,41.0
WX-CYLB,2030-05-06T18:00:00Z,2030-05-09T04:00:00Z,58,11.5,41.0,9.0,313.0,0.0,41.0
WX-CYLB,2030-05-06T18:00:00Z,2030-05-09T05:00:00Z,59,9.3,47.0,11.0,331.0,0.0,41.0
WX-CYLB,2030-05-06T18:00:00Z,2030-05-09T06:00:00Z,60,9.1,53.0,6.0,290.0,0.0,41.0
WX-CYLB,2030-05-06T18:00:00Z,2030-05-09T07:00:00Z,61,6.4,59.0,8.0,292.0,0.0,41.0
WX-CYLB,2030-05-06T18:00:00Z,2030-05-09T08:00:00Z,62,6.0,63.0,7.0,300.0,0.0,41.0
WX-CYLB,2030-05-06T18:00:00Z,2030-05-09T09:00:00Z,63,2.4,67.0,7.0,292.0,0.0,41.0
WX-CYLB,2030-05-06T18:00:00Z,2030-05-09T10:00:00Z,64,5.3,60.0,7.0,305.0,0.1,100.0
WX-CYLB,2030-05-06T18:00:00Z,2030-05-09T11:00:00Z,65,4.1,82.0,7.0,290.0,0.2,100.0
WX-CYLB,2030-05-06T18:00:00Z,2030-05-09T12:00:00Z,66,5.6,73.0,8.0,300.0,0.5,100.0
WX-CYLB,2030-05-06T18:00:00Z,2030-05-09T13:00:00Z,67,6.7,85.0,7.0,280.0,0.8,100.0
WX-CYLB,2030-05-06T18:00:00Z,2030-05-09T14:00:00Z,68,8.1,86.0,8.0,286.0,1.1,100.0
WX-CYLB,2030-05-06T18:00:00Z,2030-05-09T15:00:00Z,69,11.1,84.0,12.0,280.0,1.3,100.0
WX-CYLB,2030-05-06T18:00:00Z,2030-05-09T16:00:00Z,70,14.9,81.0,15.0,280.0,1.1,100.0
WX-CYLB,2030-05-06T18:00:00Z,2030-05-09T17:00:00Z,71,14.8,78.0,19.0,291.0,0.8,100.0
WX-CYLB,2030-05-06T18:00:00Z,2030-05-09T18:00:00Z,72,15.6,83.0,19.0,275.0,0.5,100.0
WX-CYOD,2030-05-06T18:00:00Z,2030-05-06T19:00:00Z,1,25.4,9.0,14.0,223.0,0.0,0.0
WX-CYOD,2030-05-06T18:00:00Z,2030-05-06T20:00:00Z,2,26.2,21.0,14.0,207.0,0.0,0.0
WX-CYOD,2030-05-06T18:00:00Z,2030-05-06T21:00:00Z,3,27.5,6.0,15.0,222.0,0.0,0.0
WX-CYOD,2030-05-06T18:00:00Z,2030-05-06T22:00:00Z,4,27.0,10.0,13.0,220.0,0.0,0.0
WX-CYOD,2030-05-06T18:00:00Z,2030-05-06T23:00:00Z,5,27.7,14.0,12.0,216.0,0.0,0.0
WX-CYOD,2030-05-06T18:00:00Z,2030-05-07T00:00:00Z,6,25.1,15.0,11.0,211.0,0.0,0.0
WX-CYOD,2030-05-06T18:00:00Z,2030-05-07T01:00:00Z,7,23.9,17.0,8.0,218.0,0.0,0.0
WX-CYOD,2030-05-06T18:00:00Z,2030-05-07T02:00:00Z,8,21.0,16.0,6.0,204.0,0.0,0.0
WX-CYOD,2030-05-06T18:00:00Z,2030-05-07T03:00:00Z,9,18.2,18.0,4.0,216.0,0.0,0.0
WX-CYOD,2030-05-06T18:00:00Z,2030-05-07T04:00:00Z,10,15.3,29.0,4.0,213.0,0.0,0.0
WX-CYOD,2030-05-06T18:00:00Z,2030-05-07T05:00:00Z,11,13.4,31.0,4.0,206.0,0.0,0.0
WX-CYOD,2030-05-06T18:00:00Z,2030-05-07T06:00:00Z,12,14.2,24.0,6.0,205.0,0.0,0.0
WX-CYOD,2030-05-06T18:00:00Z,2030-05-07T07:00:00Z,13,13.4,40.0,6.0,208.0,0.0,0.0
WX-CYOD,2030-05-06T18:00:00Z,2030-05-07T08:00:00Z,14,11.1,33.0,6.0,207.0,0.0,0.0
WX-CYOD,2030-05-06T18:00:00Z,2030-05-07T09:00:00Z,15,10.3,28.0,6.0,203.0,0.0,0.0
WX-CYOD,2030-05-06T18:00:00Z,2030-05-07T10:00:00Z,16,10.5,30.0,6.0,211.0,0.0,0.0
WX-CYOD,2030-05-06T18:00:00Z,2030-05-07T11:00:00Z,17,12.0,44.0,7.0,205.0,0.0,0.0
WX-CYOD,2030-05-06T18:00:00Z,2030-05-07T12:00:00Z,18,13.1,34.0,6.0,205.0,0.0,0.0
WX-CYOD,2030-05-06T18:00:00Z,2030-05-07T13:00:00Z,19,14.2,22.0,6.0,205.0,0.0,0.0
WX-CYOD,2030-05-06T18:00:00Z,2030-05-07T14:00:00Z,20,16.5,22.0,8.0,222.0,0.0,0.0
WX-CYOD,2030-05-06T18:00:00Z,2030-05-07T15:00:00Z,21,19.5,27.0,12.0,213.0,0.0,0.0
WX-CYOD,2030-05-06T18:00:00Z,2030-05-07T16:00:00Z,22,21.8,18.0,16.0,209.0,0.0,0.0
WX-CYOD,2030-05-06T18:00:00Z,2030-05-07T17:00:00Z,23,24.5,9.0,16.0,187.0,0.0,0.0
WX-CYOD,2030-05-06T18:00:00Z,2030-05-07T18:00:00Z,24,27.1,8.0,18.0,203.0,0.0,0.0
WX-CYOD,2030-05-06T18:00:00Z,2030-05-07T19:00:00Z,25,29.9,13.0,21.0,198.0,0.0,0.0
WX-CYOD,2030-05-06T18:00:00Z,2030-05-07T20:00:00Z,26,31.7,6.0,24.0,209.0,0.0,0.0
WX-CYOD,2030-05-06T18:00:00Z,2030-05-07T21:00:00Z,27,31.2,10.0,22.0,211.0,0.0,0.0
WX-CYOD,2030-05-06T18:00:00Z,2030-05-07T22:00:00Z,28,29.7,15.0,22.0,220.0,0.0,0.0
WX-CYOD,2030-05-06T18:00:00Z,2030-05-07T23:00:00Z,29,30.6,6.0,17.0,204.0,0.0,0.0
WX-CYOD,2030-05-06T18:00:00Z,2030-05-08T00:00:00Z,30,27.9,13.0,15.0,213.0,0.0,0.0
WX-CYOD,2030-05-06T18:00:00Z,2030-05-08T01:00:00Z,31,27.5,15.0,14.0,206.0,0.0,0.0
WX-CYOD,2030-05-06T18:00:00Z,2030-05-08T02:00:00Z,32,24.7,10.0,9.0,199.0,0.0,0.0
WX-CYOD,2030-05-06T18:00:00Z,2030-05-08T03:00:00Z,33,22.3,15.0,6.0,202.0,0.0,0.0
WX-CYOD,2030-05-06T18:00:00Z,2030-05-08T04:00:00Z,34,19.8,27.0,7.0,197.0,0.0,0.0
WX-CYOD,2030-05-06T18:00:00Z,2030-05-08T05:00:00Z,35,17.2,21.0,6.0,203.0,0.0,0.0
WX-CYOD,2030-05-06T18:00:00Z,2030-05-08T06:00:00Z,36,14.0,30.0,6.0,197.0,0.0,0.0
WX-CYOD,2030-05-06T18:00:00Z,2030-05-08T07:00:00Z,37,12.0,32.0,6.0,200.0,0.0,0.0
WX-CYOD,2030-05-06T18:00:00Z,2030-05-08T08:00:00Z,38,10.8,38.0,6.0,200.0,0.0,0.0
WX-CYOD,2030-05-06T18:00:00Z,2030-05-08T09:00:00Z,39,10.2,31.0,6.0,195.0,0.0,4.0
WX-CYOD,2030-05-06T18:00:00Z,2030-05-08T10:00:00Z,40,11.2,42.0,7.0,210.0,0.0,11.0
WX-CYOD,2030-05-06T18:00:00Z,2030-05-08T11:00:00Z,41,11.1,41.0,9.0,205.0,0.0,19.0
WX-CYOD,2030-05-06T18:00:00Z,2030-05-08T12:00:00Z,42,11.5,35.0,10.0,224.0,0.0,28.0
WX-CYOD,2030-05-06T18:00:00Z,2030-05-08T13:00:00Z,43,10.7,40.0,13.0,285.0,0.0,38.0
WX-CYOD,2030-05-06T18:00:00Z,2030-05-08T14:00:00Z,44,10.4,48.0,17.0,301.0,0.0,48.0
WX-CYOD,2030-05-06T18:00:00Z,2030-05-08T15:00:00Z,45,13.4,41.0,22.0,324.0,0.1,100.0
WX-CYOD,2030-05-06T18:00:00Z,2030-05-08T16:00:00Z,46,13.3,36.0,22.0,316.0,0.1,100.0
WX-CYOD,2030-05-06T18:00:00Z,2030-05-08T17:00:00Z,47,16.4,37.0,24.0,303.0,0.2,100.0
WX-CYOD,2030-05-06T18:00:00Z,2030-05-08T18:00:00Z,48,16.7,32.0,23.0,308.0,0.2,100.0
WX-CYOD,2030-05-06T18:00:00Z,2030-05-08T19:00:00Z,49,16.8,22.0,19.0,313.0,0.1,100.0
WX-CYOD,2030-05-06T18:00:00Z,2030-05-08T20:00:00Z,50,19.5,26.0,24.0,308.0,0.1,100.0
WX-CYOD,2030-05-06T18:00:00Z,2030-05-08T21:00:00Z,51,18.8,22.0,23.0,320.0,0.0,34.0
WX-CYOD,2030-05-06T18:00:00Z,2030-05-08T22:00:00Z,52,20.6,24.0,25.0,305.0,0.0,25.0
WX-CYOD,2030-05-06T18:00:00Z,2030-05-08T23:00:00Z,53,20.0,18.0,22.0,315.0,0.0,16.0
WX-CYOD,2030-05-06T18:00:00Z,2030-05-09T00:00:00Z,54,18.0,29.0,17.0,318.0,0.0,8.0
WX-CYOD,2030-05-06T18:00:00Z,2030-05-09T01:00:00Z,55,16.0,34.0,14.0,300.0,0.0,2.0
WX-CYOD,2030-05-06T18:00:00Z,2030-05-09T02:00:00Z,56,14.7,31.0,13.0,305.0,0.0,0.0
WX-CYOD,2030-05-06T18:00:00Z,2030-05-09T03:00:00Z,57,14.0,35.0,7.0,309.0,0.0,0.0
WX-CYOD,2030-05-06T18:00:00Z,2030-05-09T04:00:00Z,58,10.9,42.0,9.0,321.0,0.0,0.0
WX-CYOD,2030-05-06T18:00:00Z,2030-05-09T05:00:00Z,59,8.8,46.0,8.0,302.0,0.0,0.0
WX-CYOD,2030-05-06T18:00:00Z,2030-05-09T06:00:00Z,60,8.3,47.0,6.0,292.0,0.0,0.0
WX-CYOD,2030-05-06T18:00:00Z,2030-05-09T07:00:00Z,61,7.2,36.0,5.0,289.0,0.0,0.0
WX-CYOD,2030-05-06T18:00:00Z,2030-05-09T08:00:00Z,62,4.9,66.0,5.0,290.0,0.0,0.0
WX-CYOD,2030-05-06T18:00:00Z,2030-05-09T09:00:00Z,63,7.2,62.0,6.0,295.0,0.0,0.0
WX-CYOD,2030-05-06T18:00:00Z,2030-05-09T10:00:00Z,64,3.3,55.0,5.0,294.0,0.1,51.0
WX-CYOD,2030-05-06T18:00:00Z,2030-05-09T11:00:00Z,65,7.3,58.0,6.0,280.0,0.2,51.0
WX-CYOD,2030-05-06T18:00:00Z,2030-05-09T12:00:00Z,66,8.3,87.0,5.0,283.0,0.4,51.0
WX-CYOD,2030-05-06T18:00:00Z,2030-05-09T13:00:00Z,67,8.2,72.0,5.0,303.0,0.6,51.0
WX-CYOD,2030-05-06T18:00:00Z,2030-05-09T14:00:00Z,68,9.6,85.0,7.0,281.0,0.9,51.0
WX-CYOD,2030-05-06T18:00:00Z,2030-05-09T15:00:00Z,69,11.9,88.0,8.0,278.0,1.0,51.0
WX-CYOD,2030-05-06T18:00:00Z,2030-05-09T16:00:00Z,70,13.8,95.0,14.0,293.0,0.9,51.0
WX-CYOD,2030-05-06T18:00:00Z,2030-05-09T17:00:00Z,71,17.6,90.0,15.0,275.0,0.6,51.0
WX-CYOD,2030-05-06T18:00:00Z,2030-05-09T18:00:00Z,72,18.5,77.0,20.0,292.0,0.4,51.0
WX-CYPY,2030-05-06T18:00:00Z,2030-05-06T19:00:00Z,1,23.4,18.0,16.0,234.0,0.0,0.0
WX-CYPY,2030-05-06T18:00:00Z,2030-05-06T20:00:00Z,2,25.2,16.0,14.0,231.0,0.0,0.0
WX-CYPY,2030-05-06T18:00:00Z,2030-05-06T21:00:00Z,3,25.8,13.0,15.0,229.0,0.0,0.0
WX-CYPY,2030-05-06T18:00:00Z,2030-05-06T22:00:00Z,4,26.4,19.0,13.0,227.0,0.0,0.0
WX-CYPY,2030-05-06T18:00:00Z,2030-05-06T23:00:00Z,5,25.6,14.0,13.0,218.0,0.0,0.0
WX-CYPY,2030-05-06T18:00:00Z,2030-05-07T00:00:00Z,6,23.5,13.0,11.0,224.0,0.0,0.0
WX-CYPY,2030-05-06T18:00:00Z,2030-05-07T01:00:00Z,7,21.5,22.0,10.0,230.0,0.0,0.0
WX-CYPY,2030-05-06T18:00:00Z,2030-05-07T02:00:00Z,8,20.4,18.0,7.0,229.0,0.0,0.0
WX-CYPY,2030-05-06T18:00:00Z,2030-05-07T03:00:00Z,9,16.3,28.0,4.0,234.0,0.0,0.0
WX-CYPY,2030-05-06T18:00:00Z,2030-05-07T04:00:00Z,10,14.2,31.0,4.0,224.0,0.0,0.0
WX-CYPY,2030-05-06T18:00:00Z,2030-05-07T05:00:00Z,11,11.9,36.0,5.0,220.0,0.0,0.0
WX-CYPY,2030-05-06T18:00:00Z,2030-05-07T06:00:00Z,12,12.4,33.0,7.0,209.0,0.0,0.0
WX-CYPY,2030-05-06T18:00:00Z,2030-05-07T07:00:00Z,13,11.0,38.0,7.0,219.0,0.0,0.0
WX-CYPY,2030-05-06T18:00:00Z,2030-05-07T08:00:00Z,14,9.6,40.0,7.0,223.0,0.0,0.0
WX-CYPY,2030-05-06T18:00:00Z,2030-05-07T09:00:00Z,15,8.4,53.0,7.0,212.0,0.0,0.0
WX-CYPY,2030-05-06T18:00:00Z,2030-05-07T10:00:00Z,16,9.1,43.0,8.0,229.0,0.0,0.0
WX-CYPY,2030-05-06T18:00:00Z,2030-05-07T11:00:00Z,17,10.0,51.0,7.0,222.0,0.0,0.0
WX-CYPY,2030-05-06T18:00:00Z,2030-05-07T12:00:00Z,18,10.2,38.0,7.0,218.0,0.0,0.0
WX-CYPY,2030-05-06T18:00:00Z,2030-05-07T13:00:00Z,19,13.0,37.0,7.0,214.0,0.0,0.0
WX-CYPY,2030-05-06T18:00:00Z,2030-05-07T14:00:00Z,20,15.5,26.0,8.0,213.0,0.0,0.0
WX-CYPY,2030-05-06T18:00:00Z,2030-05-07T15:00:00Z,21,17.0,26.0,13.0,224.0,0.0,0.0
WX-CYPY,2030-05-06T18:00:00Z,2030-05-07T16:00:00Z,22,19.6,25.0,16.0,225.0,0.0,0.0
WX-CYPY,2030-05-06T18:00:00Z,2030-05-07T17:00:00Z,23,24.6,23.0,19.0,228.0,0.0,0.0
WX-CYPY,2030-05-06T18:00:00Z,2030-05-07T18:00:00Z,24,25.2,15.0,21.0,215.0,0.0,0.0
WX-CYPY,2030-05-06T18:00:00Z,2030-05-07T19:00:00Z,25,28.1,18.0,25.0,221.0,0.0,0.0
WX-CYPY,2030-05-06T18:00:00Z,2030-05-07T20:00:00Z,26,29.7,7.0,23.0,227.0,0.0,0.0
WX-CYPY,2030-05-06T18:00:00Z,2030-05-07T21:00:00Z,27,29.8,21.0,22.0,216.0,0.0,0.0
WX-CYPY,2030-05-06T18:00:00Z,2030-05-07T22:00:00Z,28,30.2,6.0,23.0,217.0,0.0,3.0
WX-CYPY,2030-05-06T18:00:00Z,2030-05-07T23:00:00Z,29,28.5,5.0,24.0,210.0,0.0,10.0
WX-CYPY,2030-05-06T18:00:00Z,2030-05-08T00:00:00Z,30,28.0,21.0,22.0,229.0,0.0,19.0
WX-CYPY,2030-05-06T18:00:00Z,2030-05-08T01:00:00Z,31,24.6,16.0,23.0,236.0,0.0,28.0
WX-CYPY,2030-05-06T18:00:00Z,2030-05-08T02:00:00Z,32,18.1,19.0,23.0,288.0,0.0,38.0
WX-CYPY,2030-05-06T18:00:00Z,2030-05-08T03:00:00Z,33,15.1,40.0,20.0,309.0,0.0,47.0
WX-CYPY,2030-05-06T18:00:00Z,2030-05-08T04:00:00Z,34,14.0,45.0,20.0,340.0,0.0,55.0
WX-CYPY,2030-05-06T18:00:00Z,2030-05-08T05:00:00Z,35,10.8,45.0,17.0,335.0,0.0,59.0
WX-CYPY,2030-05-06T18:00:00Z,2030-05-08T06:00:00Z,36,6.6,61.0,11.0,333.0,0.1,100.0
WX-CYPY,2030-05-06T18:00:00Z,2030-05-08T07:00:00Z,37,3.9,66.0,11.0,328.0,0.1,100.0
WX-CYPY,2030-05-06T18:00:00Z,2030-05-08T08:00:00Z,38,3.7,72.0,9.0,332.0,0.1,100.0
WX-CYPY,2030-05-06T18:00:00Z,2030-05-08T09:00:00Z,39,3.5,74.0,9.0,335.0,0.0,41.0
WX-CYPY,2030-05-06T18:00:00Z,2030-05-08T10:00:00Z,40,3.3,70.0,9.0,325.0,0.0,31.0
WX-CYPY,2030-05-06T18:00:00Z,2030-05-08T11:00:00Z,41,5.0,68.0,10.0,322.0,0.0,21.0
WX-CYPY,2030-05-06T18:00:00Z,2030-05-08T12:00:00Z,42,6.3,63.0,8.0,329.0,0.0,12.0
WX-CYPY,2030-05-06T18:00:00Z,2030-05-08T13:00:00Z,43,6.3,61.0,10.0,339.0,0.0,5.0
WX-CYPY,2030-05-06T18:00:00Z,2030-05-08T14:00:00Z,44,8.7,57.0,11.0,323.0,0.0,0.0
WX-CYPY,2030-05-06T18:00:00Z,2030-05-08T15:00:00Z,45,10.7,41.0,14.0,335.0,0.0,0.0
WX-CYPY,2030-05-06T18:00:00Z,2030-05-08T16:00:00Z,46,13.2,49.0,19.0,329.0,0.0,0.0
WX-CYPY,2030-05-06T18:00:00Z,2030-05-08T17:00:00Z,47,14.7,39.0,22.0,316.0,0.0,0.0
WX-CYPY,2030-05-06T18:00:00Z,2030-05-08T18:00:00Z,48,13.2,34.0,29.0,329.0,0.0,0.0
WX-CYPY,2030-05-06T18:00:00Z,2030-05-08T19:00:00Z,49,17.2,34.0,26.0,328.0,0.0,0.0
WX-CYPY,2030-05-06T18:00:00Z,2030-05-08T20:00:00Z,50,17.5,33.0,27.0,335.0,0.0,0.0
WX-CYPY,2030-05-06T18:00:00Z,2030-05-08T21:00:00Z,51,16.5,34.0,26.0,349.0,0.0,0.0
WX-CYPY,2030-05-06T18:00:00Z,2030-05-08T22:00:00Z,52,17.8,30.0,23.0,328.0,0.0,0.0
WX-CYPY,2030-05-06T18:00:00Z,2030-05-08T23:00:00Z,53,16.0,32.0,24.0,328.0,0.0,0.0
WX-CYPY,2030-05-06T18:00:00Z,2030-05-09T00:00:00Z,54,16.1,29.0,22.0,342.0,0.0,0.0
WX-CYPY,2030-05-06T18:00:00Z,2030-05-09T01:00:00Z,55,13.7,31.0,19.0,340.0,0.0,0.0
WX-CYPY,2030-05-06T18:00:00Z,2030-05-09T02:00:00Z,56,14.3,37.0,12.0,333.0,0.0,0.0
WX-CYPY,2030-05-06T18:00:00Z,2030-05-09T03:00:00Z,57,11.7,48.0,8.0,329.0,0.0,0.0
WX-CYPY,2030-05-06T18:00:00Z,2030-05-09T04:00:00Z,58,9.4,48.0,10.0,323.0,0.0,0.0
WX-CYPY,2030-05-06T18:00:00Z,2030-05-09T05:00:00Z,59,9.4,61.0,10.0,353.0,0.0,0.0
WX-CYPY,2030-05-06T18:00:00Z,2030-05-09T06:00:00Z,60,6.3,57.0,5.0,306.0,0.0,0.0
WX-CYPY,2030-05-06T18:00:00Z,2030-05-09T07:00:00Z,61,5.1,69.0,6.0,302.0,0.0,0.0
WX-CYPY,2030-05-06T18:00:00Z,2030-05-09T08:00:00Z,62,5.5,59.0,6.0,305.0,0.0,0.0
WX-CYPY,2030-05-06T18:00:00Z,2030-05-09T09:00:00Z,63,4.6,68.0,6.0,311.0,0.0,0.0
WX-CYPY,2030-05-06T18:00:00Z,2030-05-09T10:00:00Z,64,4.0,64.0,7.0,306.0,0.0,0.0
WX-CYPY,2030-05-06T18:00:00Z,2030-05-09T11:00:00Z,65,3.7,63.0,6.0,315.0,0.1,49.0
WX-CYPY,2030-05-06T18:00:00Z,2030-05-09T12:00:00Z,66,5.6,65.0,5.0,308.0,0.1,49.0
WX-CYPY,2030-05-06T18:00:00Z,2030-05-09T13:00:00Z,67,7.5,85.0,6.0,299.0,0.2,49.0
WX-CYPY,2030-05-06T18:00:00Z,2030-05-09T14:00:00Z,68,8.0,81.0,8.0,313.0,0.3,49.0
WX-CYPY,2030-05-06T18:00:00Z,2030-05-09T15:00:00Z,69,10.0,95.0,13.0,318.0,0.3,49.0
WX-CYPY,2030-05-06T18:00:00Z,2030-05-09T16:00:00Z,70,11.0,81.0,16.0,309.0,0.3,49.0
WX-CYPY,2030-05-06T18:00:00Z,2030-05-09T17:00:00Z,71,15.3,82.0,16.0,300.0,0.2,49.0
WX-CYPY,2030-05-06T18:00:00Z,2030-05-09T18:00:00Z,72,17.1,24.0,19.0,305.0,0.1,49.0
WX-CYEG,2030-05-06T18:00:00Z,2030-05-06T19:00:00Z,1,23.4,18.0,18.0,226.0,0.0,12.0
WX-CYEG,2030-05-06T18:00:00Z,2030-05-06T20:00:00Z,2,24.3,19.0,16.0,220.0,0.0,12.0
WX-CYEG,2030-05-06T18:00:00Z,2030-05-06T21:00:00Z,3,25.0,16.0,17.0,220.0,0.0,12.0
WX-CYEG,2030-05-06T18:00:00Z,2030-05-06T22:00:00Z,4,24.8,16.0,15.0,215.0,0.0,12.0
WX-CYEG,2030-05-06T18:00:00Z,2030-05-06T23:00:00Z,5,23.9,17.0,15.0,218.0,0.0,12.0
WX-CYEG,2030-05-06T18:00:00Z,2030-05-07T00:00:00Z,6,22.8,16.0,13.0,214.0,0.0,12.0
WX-CYEG,2030-05-06T18:00:00Z,2030-05-07T01:00:00Z,7,22.1,21.0,10.0,216.0,0.0,12.0
WX-CYEG,2030-05-06T18:00:00Z,2030-05-07T02:00:00Z,8,18.3,26.0,8.0,213.0,0.0,12.0
WX-CYEG,2030-05-06T18:00:00Z,2030-05-07T03:00:00Z,9,16.0,32.0,5.0,222.0,0.0,12.0
WX-CYEG,2030-05-06T18:00:00Z,2030-05-07T04:00:00Z,10,12.9,31.0,4.0,217.0,0.0,12.0
WX-CYEG,2030-05-06T18:00:00Z,2030-05-07T05:00:00Z,11,11.3,38.0,5.0,214.0,0.0,12.0
WX-CYEG,2030-05-06T18:00:00Z,2030-05-07T06:00:00Z,12,12.1,36.0,7.0,212.0,0.0,12.0
WX-CYEG,2030-05-06T18:00:00Z,2030-05-07T07:00:00Z,13,10.9,38.0,7.0,211.0,0.0,12.0
WX-CYEG,2030-05-06T18:00:00Z,2030-05-07T08:00:00Z,14,8.2,47.0,8.0,204.0,0.0,12.0
WX-CYEG,2030-05-06T18:00:00Z,2030-05-07T09:00:00Z,15,7.9,59.0,8.0,202.0,0.0,12.0
WX-CYEG,2030-05-06T18:00:00Z,2030-05-07T10:00:00Z,16,7.0,50.0,8.0,211.0,0.0,12.0
WX-CYEG,2030-05-06T18:00:00Z,2030-05-07T11:00:00Z,17,7.7,47.0,7.0,202.0,0.0,12.0
WX-CYEG,2030-05-06T18:00:00Z,2030-05-07T12:00:00Z,18,9.8,47.0,7.0,206.0,0.0,12.0
WX-CYEG,2030-05-06T18:00:00Z,2030-05-07T13:00:00Z,19,11.9,36.0,7.0,213.0,0.0,12.0
WX-CYEG,2030-05-06T18:00:00Z,2030-05-07T14:00:00Z,20,14.5,33.0,9.0,195.0,0.0,12.0
WX-CYEG,2030-05-06T18:00:00Z,2030-05-07T15:00:00Z,21,17.0,33.0,12.0,193.0,0.0,12.0
WX-CYEG,2030-05-06T18:00:00Z,2030-05-07T16:00:00Z,22,20.5,28.0,18.0,222.0,0.0,12.0
WX-CYEG,2030-05-06T18:00:00Z,2030-05-07T17:00:00Z,23,21.9,16.0,18.0,205.0,0.0,12.0
WX-CYEG,2030-05-06T18:00:00Z,2030-05-07T18:00:00Z,24,24.1,20.0,22.0,207.0,0.0,12.0
WX-CYEG,2030-05-06T18:00:00Z,2030-05-07T19:00:00Z,25,26.2,12.0,26.0,207.0,0.0,12.0
WX-CYEG,2030-05-06T18:00:00Z,2030-05-07T20:00:00Z,26,27.7,6.0,28.0,225.0,0.0,12.0
WX-CYEG,2030-05-06T18:00:00Z,2030-05-07T21:00:00Z,27,27.9,20.0,26.0,213.0,0.0,12.0
WX-CYEG,2030-05-06T18:00:00Z,2030-05-07T22:00:00Z,28,27.9,9.0,24.0,208.0,0.0,12.0
WX-CYEG,2030-05-06T18:00:00Z,2030-05-07T23:00:00Z,29,27.7,21.0,24.0,217.0,0.0,12.0
WX-CYEG,2030-05-06T18:00:00Z,2030-05-08T00:00:00Z,30,26.5,9.0,18.0,210.0,0.0,12.0
WX-CYEG,2030-05-06T18:00:00Z,2030-05-08T01:00:00Z,31,26.4,21.0,16.0,206.0,0.0,13.0
WX-CYEG,2030-05-06T18:00:00Z,2030-05-08T02:00:00Z,32,21.8,19.0,11.0,204.0,0.0,13.0
WX-CYEG,2030-05-06T18:00:00Z,2030-05-08T03:00:00Z,33,20.7,27.0,8.0,209.0,0.0,14.0
WX-CYEG,2030-05-06T18:00:00Z,2030-05-08T04:00:00Z,34,17.3,33.0,8.0,210.0,0.0,16.0
WX-CYEG,2030-05-06T18:00:00Z,2030-05-08T05:00:00Z,35,14.1,31.0,8.0,208.0,0.0,19.0
WX-CYEG,2030-05-06T18:00:00Z,2030-05-08T06:00:00Z,36,11.0,34.0,7.0,195.0,0.0,23.0
WX-CYEG,2030-05-06T18:00:00Z,2030-05-08T07:00:00Z,37,10.0,45.0,7.0,213.0,0.0,28.0
WX-CYEG,2030-05-06T18:00:00Z,2030-05-08T08:00:00Z,38,9.4,48.0,9.0,202.0,0.0,36.0
WX-CYEG,2030-05-06T18:00:00Z,2030-05-08T09:00:00Z,39,8.1,53.0,8.0,210.0,0.0,44.0
WX-CYEG,2030-05-06T18:00:00Z,2030-05-08T10:00:00Z,40,8.1,55.0,13.0,244.0,0.0,54.0
WX-CYEG,2030-05-06T18:00:00Z,2030-05-08T11:00:00Z,41,4.0,76.0,19.0,299.0,0.0,64.0
WX-CYEG,2030-05-06T18:00:00Z,2030-05-08T12:00:00Z,42,4.4,75.0,19.0,321.0,0.0,73.0
WX-CYEG,2030-05-06T18:00:00Z,2030-05-08T13:00:00Z,43,5.4,65.0,14.0,331.0,0.0,79.0
WX-CYEG,2030-05-06T18:00:00Z,2030-05-08T14:00:00Z,44,6.8,62.0,15.0,323.0,0.0,82.0
WX-CYEG,2030-05-06T18:00:00Z,2030-05-08T15:00:00Z,45,9.7,50.0,21.0,312.0,0.0,81.0
WX-CYEG,2030-05-06T18:00:00Z,2030-05-08T16:00:00Z,46,11.2,44.0,21.0,312.0,0.0,77.0
WX-CYEG,2030-05-06T18:00:00Z,2030-05-08T17:00:00Z,47,13.0,46.0,21.0,323.0,0.0,69.0
WX-CYEG,2030-05-06T18:00:00Z,2030-05-08T18:00:00Z,48,14.5,44.0,26.0,307.0,0.0,60.0
WX-CYEG,2030-05-06T18:00:00Z,2030-05-08T19:00:00Z,49,16.7,33.0,27.0,324.0,0.0,50.0
WX-CYEG,2030-05-06T18:00:00Z,2030-05-08T20:00:00Z,50,17.2,42.0,27.0,303.0,0.0,40.0
WX-CYEG,2030-05-06T18:00:00Z,2030-05-08T21:00:00Z,51,15.5,34.0,31.0,317.0,0.0,32.0
WX-CYEG,2030-05-06T18:00:00Z,2030-05-08T22:00:00Z,52,17.5,32.0,28.0,319.0,0.0,26.0
WX-CYEG,2030-05-06T18:00:00Z,2030-05-08T23:00:00Z,53,16.1,26.0,25.0,322.0,0.0,21.0
WX-CYEG,2030-05-06T18:00:00Z,2030-05-09T00:00:00Z,54,16.6,42.0,24.0,330.0,0.0,17.0
WX-CYEG,2030-05-06T18:00:00Z,2030-05-09T01:00:00Z,55,13.4,33.0,17.0,318.0,0.0,15.0
WX-CYEG,2030-05-06T18:00:00Z,2030-05-09T02:00:00Z,56,11.8,35.0,14.0,316.0,0.0,14.0
WX-CYEG,2030-05-06T18:00:00Z,2030-05-09T03:00:00Z,57,10.4,56.0,10.0,321.0,0.0,13.0
WX-CYEG,2030-05-06T18:00:00Z,2030-05-09T04:00:00Z,58,9.1,60.0,10.0,314.0,0.0,13.0
WX-CYEG,2030-05-06T18:00:00Z,2030-05-09T05:00:00Z,59,9.5,57.0,10.0,323.0,0.0,12.0
WX-CYEG,2030-05-06T18:00:00Z,2030-05-09T06:00:00Z,60,5.2,67.0,6.0,295.0,0.0,12.0
WX-CYEG,2030-05-06T18:00:00Z,2030-05-09T07:00:00Z,61,5.8,69.0,7.0,285.0,0.0,12.0
WX-CYEG,2030-05-06T18:00:00Z,2030-05-09T08:00:00Z,62,3.2,88.0,6.0,288.0,0.0,12.0
WX-CYEG,2030-05-06T18:00:00Z,2030-05-09T09:00:00Z,63,4.3,75.0,6.0,292.0,0.0,12.0
WX-CYEG,2030-05-06T18:00:00Z,2030-05-09T10:00:00Z,64,3.8,76.0,7.0,285.0,0.0,12.0
WX-CYEG,2030-05-06T18:00:00Z,2030-05-09T11:00:00Z,65,3.5,77.0,6.0,293.0,0.0,12.0
WX-CYEG,2030-05-06T18:00:00Z,2030-05-09T12:00:00Z,66,4.1,63.0,6.0,293.0,0.0,12.0
WX-CYEG,2030-05-06T18:00:00Z,2030-05-09T13:00:00Z,67,6.3,65.0,7.0,305.0,0.0,12.0
WX-CYEG,2030-05-06T18:00:00Z,2030-05-09T14:00:00Z,68,8.1,65.0,9.0,299.0,0.0,12.0
WX-CYEG,2030-05-06T18:00:00Z,2030-05-09T15:00:00Z,69,10.3,46.0,9.0,297.0,0.0,12.0
WX-CYEG,2030-05-06T18:00:00Z,2030-05-09T16:00:00Z,70,12.1,46.0,14.0,302.0,0.0,12.0
WX-CYEG,2030-05-06T18:00:00Z,2030-05-09T17:00:00Z,71,11.8,48.0,16.0,291.0,0.0,12.0
WX-CYEG,2030-05-06T18:00:00Z,2030-05-09T18:00:00Z,72,15.8,31.0,16.0,294.0,0.0,12.0
WX-CYWM,2030-05-06T18:00:00Z,2030-05-06T19:00:00Z,1,25.4,17.0,13.0,210.0,0.0,29.0
WX-CYWM,2030-05-06T18:00:00Z,2030-05-06T20:00:00Z,2,25.4,17.0,12.0,208.0,0.0,29.0
WX-CYWM,2030-05-06T18:00:00Z,2030-05-06T21:00:00Z,3,26.1,12.0,14.0,210.0,0.0,29.0
WX-CYWM,2030-05-06T18:00:00Z,2030-05-06T22:00:00Z,4,26.8,17.0,12.0,211.0,0.0,29.0
WX-CYWM,2030-05-06T18:00:00Z,2030-05-06T23:00:00Z,5,26.2,17.0,11.0,212.0,0.0,29.0
WX-CYWM,2030-05-06T18:00:00Z,2030-05-07T00:00:00Z,6,24.7,21.0,9.0,214.0,0.0,29.0
WX-CYWM,2030-05-06T18:00:00Z,2030-05-07T01:00:00Z,7,22.4,23.0,8.0,210.0,0.0,29.0
WX-CYWM,2030-05-06T18:00:00Z,2030-05-07T02:00:00Z,8,20.4,27.0,5.0,213.0,0.0,29.0
WX-CYWM,2030-05-06T18:00:00Z,2030-05-07T03:00:00Z,9,17.7,34.0,4.0,215.0,0.0,29.0
WX-CYWM,2030-05-06T18:00:00Z,2030-05-07T04:00:00Z,10,16.4,30.0,4.0,208.0,0.0,29.0
WX-CYWM,2030-05-06T18:00:00Z,2030-05-07T05:00:00Z,11,13.8,43.0,4.0,211.0,0.0,29.0
WX-CYWM,2030-05-06T18:00:00Z,2030-05-07T06:00:00Z,12,14.1,34.0,6.0,192.0,0.0,29.0
WX-CYWM,2030-05-06T18:00:00Z,2030-05-07T07:00:00Z,13,11.9,45.0,6.0,190.0,0.0,29.0
WX-CYWM,2030-05-06T18:00:00Z,2030-05-07T08:00:00Z,14,10.8,50.0,5.0,207.0,0.0,29.0
WX-CYWM,2030-05-06T18:00:00Z,2030-05-07T09:00:00Z,15,9.4,51.0,6.0,199.0,0.0,29.0
WX-CYWM,2030-05-06T18:00:00Z,2030-05-07T10:00:00Z,16,9.8,52.0,6.0,209.0,0.0,29.0
WX-CYWM,2030-05-06T18:00:00Z,2030-05-07T11:00:00Z,17,10.5,52.0,6.0,186.0,0.0,29.0
WX-CYWM,2030-05-06T18:00:00Z,2030-05-07T12:00:00Z,18,11.6,41.0,6.0,206.0,0.0,29.0
WX-CYWM,2030-05-06T18:00:00Z,2030-05-07T13:00:00Z,19,13.0,42.0,6.0,197.0,0.0,29.0
WX-CYWM,2030-05-06T18:00:00Z,2030-05-07T14:00:00Z,20,16.1,39.0,8.0,202.0,0.0,29.0
WX-CYWM,2030-05-06T18:00:00Z,2030-05-07T15:00:00Z,21,18.5,22.0,12.0,203.0,0.0,29.0
WX-CYWM,2030-05-06T18:00:00Z,2030-05-07T16:00:00Z,22,21.0,22.0,14.0,202.0,0.0,29.0
WX-CYWM,2030-05-06T18:00:00Z,2030-05-07T17:00:00Z,23,23.6,25.0,16.0,212.0,0.0,29.0
WX-CYWM,2030-05-06T18:00:00Z,2030-05-07T18:00:00Z,24,27.0,13.0,18.0,189.0,0.0,29.0
WX-CYWM,2030-05-06T18:00:00Z,2030-05-07T19:00:00Z,25,28.3,24.0,17.0,201.0,0.0,29.0
WX-CYWM,2030-05-06T18:00:00Z,2030-05-07T20:00:00Z,26,30.2,13.0,20.0,205.0,0.0,29.0
WX-CYWM,2030-05-06T18:00:00Z,2030-05-07T21:00:00Z,27,30.0,7.0,18.0,191.0,0.0,29.0
WX-CYWM,2030-05-06T18:00:00Z,2030-05-07T22:00:00Z,28,31.6,16.0,18.0,185.0,0.0,29.0
WX-CYWM,2030-05-06T18:00:00Z,2030-05-07T23:00:00Z,29,29.1,11.0,18.0,197.0,0.0,30.0
WX-CYWM,2030-05-06T18:00:00Z,2030-05-08T00:00:00Z,30,26.9,13.0,14.0,211.0,0.0,30.0
WX-CYWM,2030-05-06T18:00:00Z,2030-05-08T01:00:00Z,31,27.7,25.0,12.0,194.0,0.0,32.0
WX-CYWM,2030-05-06T18:00:00Z,2030-05-08T02:00:00Z,32,22.9,17.0,8.0,192.0,0.0,34.0
WX-CYWM,2030-05-06T18:00:00Z,2030-05-08T03:00:00Z,33,22.2,25.0,6.0,206.0,0.0,37.0
WX-CYWM,2030-05-06T18:00:00Z,2030-05-08T04:00:00Z,34,18.8,21.0,6.0,201.0,0.0,42.0
WX-CYWM,2030-05-06T18:00:00Z,2030-05-08T05:00:00Z,35,15.5,27.0,6.0,204.0,0.0,49.0
WX-CYWM,2030-05-06T18:00:00Z,2030-05-08T06:00:00Z,36,14.7,44.0,7.0,197.0,0.0,57.0
WX-CYWM,2030-05-06T18:00:00Z,2030-05-08T07:00:00Z,37,11.9,52.0,9.0,220.0,0.0,67.0
WX-CYWM,2030-05-06T18:00:00Z,2030-05-08T08:00:00Z,38,8.4,81.0,14.0,284.0,0.0,77.0
WX-CYWM,2030-05-06T18:00:00Z,2030-05-08T09:00:00Z,39,6.6,71.0,16.0,293.0,0.0,86.0
WX-CYWM,2030-05-06T18:00:00Z,2030-05-08T10:00:00Z,40,5.0,82.0,14.0,302.0,0.0,93.0
WX-CYWM,2030-05-06T18:00:00Z,2030-05-08T11:00:00Z,41,6.4,82.0,12.0,301.0,0.1,100.0
WX-CYWM,2030-05-06T18:00:00Z,2030-05-08T12:00:00Z,42,7.2,75.0,10.0,315.0,0.1,100.0
WX-CYWM,2030-05-06T18:00:00Z,2030-05-08T13:00:00Z,43,7.4,74.0,8.0,306.0,0.1,100.0
WX-CYWM,2030-05-06T18:00:00Z,2030-05-08T14:00:00Z,44,8.5,63.0,10.0,306.0,0.1,100.0
WX-CYWM,2030-05-06T18:00:00Z,2030-05-08T15:00:00Z,45,10.7,55.0,14.0,296.0,0.1,100.0
WX-CYWM,2030-05-06T18:00:00Z,2030-05-08T16:00:00Z,46,12.5,50.0,14.0,309.0,0.0,71.0
WX-CYWM,2030-05-06T18:00:00Z,2030-05-08T17:00:00Z,47,14.7,43.0,20.0,322.0,0.0,61.0
WX-CYWM,2030-05-06T18:00:00Z,2030-05-08T18:00:00Z,48,13.8,46.0,20.0,304.0,0.0,52.0
WX-CYWM,2030-05-06T18:00:00Z,2030-05-08T19:00:00Z,49,17.2,34.0,20.0,301.0,0.0,45.0
WX-CYWM,2030-05-06T18:00:00Z,2030-05-08T20:00:00Z,50,18.1,31.0,22.0,305.0,0.0,39.0
WX-CYWM,2030-05-06T18:00:00Z,2030-05-08T21:00:00Z,51,19.3,33.0,21.0,313.0,0.0,35.0
WX-CYWM,2030-05-06T18:00:00Z,2030-05-08T22:00:00Z,52,18.1,25.0,21.0,322.0,0.0,32.0
WX-CYWM,2030-05-06T18:00:00Z,2030-05-08T23:00:00Z,53,18.4,25.0,16.0,289.0,0.0,31.0
WX-CYWM,2030-05-06T18:00:00Z,2030-05-09T00:00:00Z,54,15.7,36.0,17.0,310.0,0.0,30.0
WX-CYWM,2030-05-06T18:00:00Z,2030-05-09T01:00:00Z,55,16.0,52.0,14.0,315.0,0.0,29.0
WX-CYWM,2030-05-06T18:00:00Z,2030-05-09T02:00:00Z,56,13.8,37.0,10.0,315.0,0.0,29.0
WX-CYWM,2030-05-06T18:00:00Z,2030-05-09T03:00:00Z,57,13.0,51.0,6.0,305.0,0.0,29.0
WX-CYWM,2030-05-06T18:00:00Z,2030-05-09T04:00:00Z,58,10.9,57.0,8.0,306.0,0.0,29.0
WX-CYWM,2030-05-06T18:00:00Z,2030-05-09T05:00:00Z,59,9.9,60.0,6.0,296.0,0.0,29.0
WX-CYWM,2030-05-06T18:00:00Z,2030-05-09T06:00:00Z,60,8.5,74.0,5.0,305.0,0.0,29.0
WX-CYWM,2030-05-06T18:00:00Z,2030-05-09T07:00:00Z,61,6.0,73.0,5.0,285.0,0.0,29.0
WX-CYWM,2030-05-06T18:00:00Z,2030-05-09T08:00:00Z,62,5.3,76.0,5.0,281.0,0.0,29.0
WX-CYWM,2030-05-06T18:00:00Z,2030-05-09T09:00:00Z,63,6.5,75.0,6.0,302.0,0.0,29.0
WX-CYWM,2030-05-06T18:00:00Z,2030-05-09T10:00:00Z,64,4.8,71.0,5.0,299.0,0.0,29.0
WX-CYWM,2030-05-06T18:00:00Z,2030-05-09T11:00:00Z,65,6.9,80.0,5.0,279.0,0.1,89.0
WX-CYWM,2030-05-06T18:00:00Z,2030-05-09T12:00:00Z,66,6.3,82.0,6.0,273.0,0.3,89.0
WX-CYWM,2030-05-06T18:00:00Z,2030-05-09T13:00:00Z,67,7.9,82.0,6.0,278.0,0.5,89.0
WX-CYWM,2030-05-06T18:00:00Z,2030-05-09T14:00:00Z,68,9.7,82.0,7.0,281.0,0.7,89.0
WX-CYWM,2030-05-06T18:00:00Z,2030-05-09T15:00:00Z,69,11.3,90.0,7.0,294.0,0.8,89.0
WX-CYWM,2030-05-06T18:00:00Z,2030-05-09T16:00:00Z,70,14.5,94.0,10.0,260.0,0.7,89.0
WX-CYWM,2030-05-06T18:00:00Z,2030-05-09T17:00:00Z,71,14.5,81.0,14.0,294.0,0.5,89.0
WX-CYWM,2030-05-06T18:00:00Z,2030-05-09T18:00:00Z,72,16.8,96.0,16.0,258.0,0.3,89.0
WX-CEE5,2030-05-06T18:00:00Z,2030-05-06T19:00:00Z,1,23.9,22.0,14.0,220.0,0.0,23.0
WX-CEE5,2030-05-06T18:00:00Z,2030-05-06T20:00:00Z,2,24.4,17.0,14.0,209.0,0.0,23.0
WX-CEE5,2030-05-06T18:00:00Z,2030-05-06T21:00:00Z,3,26.1,12.0,13.0,210.0,0.0,23.0
WX-CEE5,2030-05-06T18:00:00Z,2030-05-06T22:00:00Z,4,25.3,16.0,13.0,220.0,0.0,23.0
WX-CEE5,2030-05-06T18:00:00Z,2030-05-06T23:00:00Z,5,25.1,17.0,12.0,215.0,0.0,23.0
WX-CEE5,2030-05-06T18:00:00Z,2030-05-07T00:00:00Z,6,23.6,19.0,11.0,221.0,0.0,23.0
WX-CEE5,2030-05-06T18:00:00Z,2030-05-07T01:00:00Z,7,21.7,21.0,8.0,222.0,0.0,23.0
WX-CEE5,2030-05-06T18:00:00Z,2030-05-07T02:00:00Z,8,18.3,25.0,6.0,212.0,0.0,23.0
WX-CEE5,2030-05-06T18:00:00Z,2030-05-07T03:00:00Z,9,16.1,22.0,4.0,218.0,0.0,23.0
WX-CEE5,2030-05-06T18:00:00Z,2030-05-07T04:00:00Z,10,14.2,33.0,4.0,223.0,0.0,23.0
WX-CEE5,2030-05-06T18:00:00Z,2030-05-07T05:00:00Z,11,11.1,41.0,4.0,208.0,0.0,23.0
WX-CEE5,2030-05-06T18:00:00Z,2030-05-07T06:00:00Z,12,12.1,37.0,6.0,208.0,0.0,23.0
WX-CEE5,2030-05-06T18:00:00Z,2030-05-07T07:00:00Z,13,11.0,38.0,6.0,209.0,0.0,23.0
WX-CEE5,2030-05-06T18:00:00Z,2030-05-07T08:00:00Z,14,10.2,46.0,6.0,203.0,0.0,23.0
WX-CEE5,2030-05-06T18:00:00Z,2030-05-07T09:00:00Z,15,8.9,49.0,7.0,207.0,0.0,23.0
WX-CEE5,2030-05-06T18:00:00Z,2030-05-07T10:00:00Z,16,9.0,44.0,6.0,203.0,0.0,23.0
WX-CEE5,2030-05-06T18:00:00Z,2030-05-07T11:00:00Z,17,9.7,38.0,6.0,206.0,0.0,23.0
WX-CEE5,2030-05-06T18:00:00Z,2030-05-07T12:00:00Z,18,10.7,41.0,6.0,218.0,0.0,23.0
WX-CEE5,2030-05-06T18:00:00Z,2030-05-07T13:00:00Z,19,11.9,40.0,6.0,213.0,0.0,23.0
WX-CEE5,2030-05-06T18:00:00Z,2030-05-07T14:00:00Z,20,14.2,31.0,8.0,200.0,0.0,23.0
WX-CEE5,2030-05-06T18:00:00Z,2030-05-07T15:00:00Z,21,16.3,21.0,10.0,212.0,0.0,23.0
WX-CEE5,2030-05-06T18:00:00Z,2030-05-07T16:00:00Z,22,20.9,24.0,14.0,222.0,0.0,23.0
WX-CEE5,2030-05-06T18:00:00Z,2030-05-07T17:00:00Z,23,21.9,19.0,16.0,196.0,0.0,23.0
WX-CEE5,2030-05-06T18:00:00Z,2030-05-07T18:00:00Z,24,25.2,14.0,17.0,201.0,0.0,23.0
WX-CEE5,2030-05-06T18:00:00Z,2030-05-07T19:00:00Z,25,28.1,11.0,20.0,207.0,0.0,24.0
WX-CEE5,2030-05-06T18:00:00Z,2030-05-07T20:00:00Z,26,28.4,10.0,19.0,208.0,0.0,24.0
WX-CEE5,2030-05-06T18:00:00Z,2030-05-07T21:00:00Z,27,29.8,8.0,22.0,200.0,0.0,25.0
WX-CEE5,2030-05-06T18:00:00Z,2030-05-07T22:00:00Z,28,29.9,12.0,18.0,209.0,0.0,27.0
WX-CEE5,2030-05-06T18:00:00Z,2030-05-07T23:00:00Z,29,30.0,6.0,19.0,215.0,0.0,30.0
WX-CEE5,2030-05-06T18:00:00Z,2030-05-08T00:00:00Z,30,27.1,16.0,15.0,199.0,0.0,34.0
WX-CEE5,2030-05-06T18:00:00Z,2030-05-08T01:00:00Z,31,24.6,5.0,13.0,199.0,0.0,40.0
WX-CEE5,2030-05-06T18:00:00Z,2030-05-08T02:00:00Z,32,22.8,19.0,10.0,206.0,0.0,48.0
WX-CEE5,2030-05-06T18:00:00Z,2030-05-08T03:00:00Z,33,19.8,19.0,9.0,203.0,0.0,57.0
WX-CEE5,2030-05-06T18:00:00Z,2030-05-08T04:00:00Z,34,14.2,32.0,12.0,238.0,0.0,67.0
WX-CEE5,2030-05-06T18:00:00Z,2030-05-08T05:00:00Z,35,10.2,52.0,19.0,305.0,0.0,77.0
WX-CEE5,2030-05-06T18:00:00Z,2030-05-08T06:00:00Z,36,4.9,68.0,16.0,335.0,0.0,85.0
WX-CEE5,2030-05-06T18:00:00Z,2030-05-08T07:00:00Z,37,5.2,66.0,13.0,327.0,0.0,91.0
WX-CEE5,2030-05-06T18:00:00Z,2030-05-08T08:00:00Z,38,4.0,67.0,11.0,326.0,0.1,100.0
WX-CEE5,2030-05-06T18:00:00Z,2030-05-08T09:00:00Z,39,3.4,75.0,7.0,316.0,0.1,100.0
WX-CEE5,2030-05-06T18:00:00Z,2030-05-08T10:00:00Z,40,3.2,83.0,9.0,306.0,0.1,100.0
WX-CEE5,2030-05-06T18:00:00Z,2030-05-08T11:00:00Z,41,4.5,79.0,7.0,326.0,0.0,79.0
WX-CEE5,2030-05-06T18:00:00Z,2030-05-08T12:00:00Z,42,4.3,78.0,6.0,300.0,0.0,69.0
WX-CEE5,2030-05-06T18:00:00Z,2030-05-08T13:00:00Z,43,6.2,63.0,9.0,319.0,0.0,59.0
WX-CEE5,2030-05-06T18:00:00Z,2030-05-08T14:00:00Z,44,6.7,52.0,10.0,315.0,0.0,50.0
WX-CEE5,2030-05-06T18:00:00Z,2030-05-08T15:00:00Z,45,9.6,51.0,13.0,315.0,0.0,42.0
WX-CEE5,2030-05-06T18:00:00Z,2030-05-08T16:00:00Z,46,10.2,43.0,17.0,316.0,0.0,36.0
WX-CEE5,2030-05-06T18:00:00Z,2030-05-08T17:00:00Z,47,14.9,52.0,19.0,315.0,0.0,31.0
WX-CEE5,2030-05-06T18:00:00Z,2030-05-08T18:00:00Z,48,14.9,29.0,22.0,317.0,0.0,28.0
WX-CEE5,2030-05-06T18:00:00Z,2030-05-08T19:00:00Z,49,16.4,35.0,26.0,322.0,0.0,26.0
WX-CEE5,2030-05-06T18:00:00Z,2030-05-08T20:00:00Z,50,16.7,34.0,25.0,325.0,0.0,24.0
WX-CEE5,2030-05-06T18:00:00Z,2030-05-08T21:00:00Z,51,18.1,28.0,22.0,317.0,0.0,24.0
WX-CEE5,2030-05-06T18:00:00Z,2030-05-08T22:00:00Z,52,19.1,30.0,21.0,325.0,0.0,23.0
WX-CEE5,2030-05-06T18:00:00Z,2030-05-08T23:00:00Z,53,17.2,33.0,22.0,310.0,0.0,23.0
WX-CEE5,2030-05-06T18:00:00Z,2030-05-09T00:00:00Z,54,16.9,25.0,17.0,309.0,0.0,23.0
WX-CEE5,2030-05-06T18:00:00Z,2030-05-09T01:00:00Z,55,14.0,36.0,15.0,319.0,0.0,23.0
WX-CEE5,2030-05-06T18:00:00Z,2030-05-09T02:00:00Z,56,14.7,33.0,10.0,302.0,0.0,23.0
WX-CEE5,2030-05-06T18:00:00Z,2030-05-09T03:00:00Z,57,12.8,45.0,8.0,329.0,0.0,23.0
WX-CEE5,2030-05-06T18:00:00Z,2030-05-09T04:00:00Z,58,9.9,48.0,8.0,325.0,0.0,23.0
WX-CEE5,2030-05-06T18:00:00Z,2030-05-09T05:00:00Z,59,8.0,55.0,7.0,311.0,0.0,23.0
WX-CEE5,2030-05-06T18:00:00Z,2030-05-09T06:00:00Z,60,5.8,55.0,5.0,301.0,0.0,23.0
WX-CEE5,2030-05-06T18:00:00Z,2030-05-09T07:00:00Z,61,4.5,71.0,6.0,307.0,0.0,23.0
WX-CEE5,2030-05-06T18:00:00Z,2030-05-09T08:00:00Z,62,5.3,78.0,5.0,302.0,0.0,23.0
WX-CEE5,2030-05-06T18:00:00Z,2030-05-09T09:00:00Z,63,3.0,63.0,5.0,287.0,0.0,23.0
WX-CEE5,2030-05-06T18:00:00Z,2030-05-09T10:00:00Z,64,4.9,78.0,6.0,301.0,0.0,23.0
WX-CEE5,2030-05-06T18:00:00Z,2030-05-09T11:00:00Z,65,5.2,69.0,5.0,299.0,0.0,23.0
WX-CEE5,2030-05-06T18:00:00Z,2030-05-09T12:00:00Z,66,5.6,71.0,6.0,291.0,0.1,83.0
WX-CEE5,2030-05-06T18:00:00Z,2030-05-09T13:00:00Z,67,7.5,52.0,5.0,292.0,0.2,83.0
WX-CEE5,2030-05-06T18:00:00Z,2030-05-09T14:00:00Z,68,7.7,80.0,7.0,278.0,0.2,83.0
WX-CEE5,2030-05-06T18:00:00Z,2030-05-09T15:00:00Z,69,8.6,88.0,9.0,284.0,0.3,83.0
WX-CEE5,2030-05-06T18:00:00Z,2030-05-09T16:00:00Z,70,10.4,86.0,12.0,302.0,0.2,83.0
WX-CEE5,2030-05-06T18:00:00Z,2030-05-09T17:00:00Z,71,14.4,29.0,14.0,299.0,0.2,83.0
WX-CEE5,2030-05-06T18:00:00Z,2030-05-09T18:00:00Z,72,15.7,29.0,16.0,288.0,0.1,83.0
WX-CEH5,2030-05-06T18:00:00Z,2030-05-06T19:00:00Z,1,27.0,10.0,14.0,219.0,0.0,14.0
WX-CEH5,2030-05-06T18:00:00Z,2030-05-06T20:00:00Z,2,27.6,13.0,15.0,211.0,0.0,14.0
WX-CEH5,2030-05-06T18:00:00Z,2030-05-06T21:00:00Z,3,28.0,16.0,16.0,212.0,0.0,14.0
WX-CEH5,2030-05-06T18:00:00Z,2030-05-06T22:00:00Z,4,29.1,12.0,13.0,212.0,0.0,14.0
WX-CEH5,2030-05-06T18:00:00Z,2030-05-06T23:00:00Z,5,27.9,12.0,13.0,221.0,0.0,14.0
WX-CEH5,2030-05-06T18:00:00Z,2030-05-07T00:00:00Z,6,26.2,9.0,11.0,221.0,0.0,14.0
WX-CEH5,2030-05-06T18:00:00Z,2030-05-07T01:00:00Z,7,25.2,10.0,8.0,224.0,0.0,14.0
WX-CEH5,2030-05-06T18:00:00Z,2030-05-07T02:00:00Z,8,22.5,14.0,7.0,198.0,0.0,14.0
WX-CEH5,2030-05-06T18:00:00Z,2030-05-07T03:00:00Z,9,19.2,20.0,4.0,206.0,0.0,14.0
WX-CEH5,2030-05-06T18:00:00Z,2030-05-07T04:00:00Z,10,16.7,22.0,4.0,207.0,0.0,14.0
WX-CEH5,2030-05-06T18:00:00Z,2030-05-07T05:00:00Z,11,14.3,27.0,4.0,206.0,0.0,14.0
WX-CEH5,2030-05-06T18:00:00Z,2030-05-07T06:00:00Z,12,16.6,25.0,7.0,203.0,0.0,14.0
WX-CEH5,2030-05-06T18:00:00Z,2030-05-07T07:00:00Z,13,13.7,31.0,7.0,206.0,0.0,14.0
WX-CEH5,2030-05-06T18:00:00Z,2030-05-07T08:00:00Z,14,12.8,30.0,7.0,204.0,0.0,14.0
WX-CEH5,2030-05-06T18:00:00Z,2030-05-07T09:00:00Z,15,11.8,38.0,7.0,202.0,0.0,14.0
WX-CEH5,2030-05-06T18:00:00Z,2030-05-07T10:00:00Z,16,11.4,36.0,7.0,187.0,0.0,14.0
WX-CEH5,2030-05-06T18:00:00Z,2030-05-07T11:00:00Z,17,12.1,33.0,7.0,211.0,0.0,14.0
WX-CEH5,2030-05-06T18:00:00Z,2030-05-07T12:00:00Z,18,13.7,34.0,7.0,199.0,0.0,14.0
WX-CEH5,2030-05-06T18:00:00Z,2030-05-07T13:00:00Z,19,15.9,26.0,7.0,199.0,0.0,14.0
WX-CEH5,2030-05-06T18:00:00Z,2030-05-07T14:00:00Z,20,18.4,29.0,8.0,184.0,0.0,14.0
WX-CEH5,2030-05-06T18:00:00Z,2030-05-07T15:00:00Z,21,21.0,16.0,12.0,193.0,0.0,14.0
WX-CEH5,2030-05-06T18:00:00Z,2030-05-07T16:00:00Z,22,23.9,18.0,17.0,197.0,0.0,14.0
WX-CEH5,2030-05-06T18:00:00Z,2030-05-07T17:00:00Z,23,25.5,14.0,19.0,190.0,0.0,15.0
WX-CEH5,2030-05-06T18:00:00Z,2030-05-07T18:00:00Z,24,28.3,19.0,20.0,191.0,0.0,16.0
WX-CEH5,2030-05-06T18:00:00Z,2030-05-07T19:00:00Z,25,30.7,6.0,22.0,208.0,0.0,19.0
WX-CEH5,2030-05-06T18:00:00Z,2030-05-07T20:00:00Z,26,32.1,8.0,23.0,199.0,0.0,22.0
WX-CEH5,2030-05-06T18:00:00Z,2030-05-07T21:00:00Z,27,32.7,15.0,21.0,201.0,0.0,27.0
WX-CEH5,2030-05-06T18:00:00Z,2030-05-07T22:00:00Z,28,33.3,12.0,22.0,204.0,0.0,34.0
WX-CEH5,2030-05-06T18:00:00Z,2030-05-07T23:00:00Z,29,32.0,5.0,22.0,201.0,0.0,42.0
WX-CEH5,2030-05-06T18:00:00Z,2030-05-08T00:00:00Z,30,28.6,12.0,19.0,193.0,0.0,51.0
WX-CEH5,2030-05-06T18:00:00Z,2030-05-08T01:00:00Z,31,22.7,17.0,27.0,272.0,0.0,61.0
WX-CEH5,2030-05-06T18:00:00Z,2030-05-08T02:00:00Z,32,18.7,26.0,27.0,313.0,0.0,71.0
WX-CEH5,2030-05-06T18:00:00Z,2030-05-08T03:00:00Z,33,18.0,27.0,20.0,307.0,0.0,78.0
WX-CEH5,2030-05-06T18:00:00Z,2030-05-08T04:00:00Z,34,15.5,28.0,16.0,293.0,0.1,100.0
WX-CEH5,2030-05-06T18:00:00Z,2030-05-08T05:00:00Z,35,13.0,38.0,15.0,313.0,0.1,100.0
WX-CEH5,2030-05-06T18:00:00Z,2030-05-08T06:00:00Z,36,8.4,47.0,8.0,312.0,0.2,100.0
WX-CEH5,2030-05-06T18:00:00Z,2030-05-08T07:00:00Z,37,8.5,54.0,8.0,309.0,0.1,100.0
WX-CEH5,2030-05-06T18:00:00Z,2030-05-08T08:00:00Z,38,7.5,54.0,8.0,306.0,0.1,100.0
WX-CEH5,2030-05-06T18:00:00Z,2030-05-08T09:00:00Z,39,8.2,51.0,8.0,312.0,0.0,56.0
WX-CEH5,2030-05-06T18:00:00Z,2030-05-08T10:00:00Z,40,7.3,55.0,9.0,295.0,0.0,46.0
WX-CEH5,2030-05-06T18:00:00Z,2030-05-08T11:00:00Z,41,6.6,58.0,8.0,300.0,0.0,37.0
WX-CEH5,2030-05-06T18:00:00Z,2030-05-08T12:00:00Z,42,8.0,49.0,9.0,314.0,0.0,30.0
WX-CEH5,2030-05-06T18:00:00Z,2030-05-08T13:00:00Z,43,10.9,50.0,7.0,310.0,0.0,24.0
WX-CEH5,2030-05-06T18:00:00Z,2030-05-08T14:00:00Z,44,10.4,47.0,10.0,315.0,0.0,20.0
WX-CEH5,2030-05-06T18:00:00Z,2030-05-08T15:00:00Z,45,13.1,39.0,13.0,319.0,0.0,17.0
WX-CEH5,2030-05-06T18:00:00Z,2030-05-08T16:00:00Z,46,15.7,37.0,17.0,306.0,0.0,16.0
WX-CEH5,2030-05-06T18:00:00Z,2030-05-08T17:00:00Z,47,15.4,37.0,19.0,305.0,0.0,15.0
WX-CEH5,2030-05-06T18:00:00Z,2030-05-08T18:00:00Z,48,18.5,23.0,20.0,305.0,0.0,14.0
WX-CEH5,2030-05-06T18:00:00Z,2030-05-08T19:00:00Z,49,19.5,24.0,23.0,314.0,0.0,14.0
WX-CEH5,2030-05-06T18:00:00Z,2030-05-08T20:00:00Z,50,18.9,21.0,25.0,300.0,0.0,14.0
WX-CEH5,2030-05-06T18:00:00Z,2030-05-08T21:00:00Z,51,22.6,15.0,24.0,322.0,0.0,14.0
WX-CEH5,2030-05-06T18:00:00Z,2030-05-08T22:00:00Z,52,19.3,19.0,24.0,319.0,0.0,14.0
WX-CEH5,2030-05-06T18:00:00Z,2030-05-08T23:00:00Z,53,19.6,17.0,22.0,308.0,0.0,14.0
WX-CEH5,2030-05-06T18:00:00Z,2030-05-09T00:00:00Z,54,18.5,24.0,20.0,321.0,0.0,14.0
WX-CEH5,2030-05-06T18:00:00Z,2030-05-09T01:00:00Z,55,16.8,20.0,17.0,320.0,0.0,14.0
WX-CEH5,2030-05-06T18:00:00Z,2030-05-09T02:00:00Z,56,18.8,34.0,12.0,323.0,0.0,14.0
WX-CEH5,2030-05-06T18:00:00Z,2030-05-09T03:00:00Z,57,14.1,38.0,9.0,300.0,0.0,14.0
WX-CEH5,2030-05-06T18:00:00Z,2030-05-09T04:00:00Z,58,12.6,33.0,8.0,321.0,0.0,14.0
WX-CEH5,2030-05-06T18:00:00Z,2030-05-09T05:00:00Z,59,10.8,46.0,9.0,308.0,0.0,14.0
WX-CEH5,2030-05-06T18:00:00Z,2030-05-09T06:00:00Z,60,11.1,44.0,6.0,285.0,0.0,14.0
WX-CEH5,2030-05-06T18:00:00Z,2030-05-09T07:00:00Z,61,8.5,53.0,6.0,284.0,0.0,14.0
WX-CEH5,2030-05-06T18:00:00Z,2030-05-09T08:00:00Z,62,6.9,52.0,6.0,274.0,0.0,14.0
WX-CEH5,2030-05-06T18:00:00Z,2030-05-09T09:00:00Z,63,6.8,53.0,5.0,295.0,0.0,14.0
WX-CEH5,2030-05-06T18:00:00Z,2030-05-09T10:00:00Z,64,5.9,49.0,6.0,302.0,0.1,74.0
WX-CEH5,2030-05-06T18:00:00Z,2030-05-09T11:00:00Z,65,7.2,57.0,4.0,281.0,0.1,74.0
WX-CEH5,2030-05-06T18:00:00Z,2030-05-09T12:00:00Z,66,7.6,77.0,5.0,296.0,0.3,74.0
WX-CEH5,2030-05-06T18:00:00Z,2030-05-09T13:00:00Z,67,8.3,86.0,7.0,279.0,0.6,74.0
WX-CEH5,2030-05-06T18:00:00Z,2030-05-09T14:00:00Z,68,11.8,82.0,8.0,293.0,0.8,74.0
WX-CEH5,2030-05-06T18:00:00Z,2030-05-09T15:00:00Z,69,14.1,86.0,11.0,284.0,0.9,74.0
WX-CEH5,2030-05-06T18:00:00Z,2030-05-09T16:00:00Z,70,14.9,81.0,13.0,277.0,0.8,74.0
WX-CEH5,2030-05-06T18:00:00Z,2030-05-09T17:00:00Z,71,16.9,86.0,15.0,286.0,0.6,74.0
WX-CEH5,2030-05-06T18:00:00Z,2030-05-09T18:00:00Z,72,20.3,89.0,19.0,301.0,0.3,74.0
WX-CFX4,2030-05-06T18:00:00Z,2030-05-06T19:00:00Z,1,24.3,16.0,11.0,228.0,0.0,7.0
WX-CFX4,2030-05-06T18:00:00Z,2030-05-06T20:00:00Z,2,25.3,10.0,13.0,234.0,0.0,7.0
WX-CFX4,2030-05-06T18:00:00Z,2030-05-06T21:00:00Z,3,25.4,17.0,13.0,221.0,0.0,7.0
WX-CFX4,2030-05-06T18:00:00Z,2030-05-06T22:00:00Z,4,26.5,12.0,10.0,233.0,0.0,7.0
WX-CFX4,2030-05-06T18:00:00Z,2030-05-06T23:00:00Z,5,25.3,15.0,10.0,224.0,0.0,7.0
WX-CFX4,2030-05-06T18:00:00Z,2030-05-07T00:00:00Z,6,25.0,17.0,9.0,226.0,0.0,7.0
WX-CFX4,2030-05-06T18:00:00Z,2030-05-07T01:00:00Z,7,22.8,24.0,7.0,223.0,0.0,7.0
WX-CFX4,2030-05-06T18:00:00Z,2030-05-07T02:00:00Z,8,20.0,22.0,5.0,227.0,0.0,7.0
WX-CFX4,2030-05-06T18:00:00Z,2030-05-07T03:00:00Z,9,17.5,31.0,3.0,218.0,0.0,7.0
WX-CFX4,2030-05-06T18:00:00Z,2030-05-07T04:00:00Z,10,15.0,32.0,3.0,225.0,0.0,7.0
WX-CFX4,2030-05-06T18:00:00Z,2030-05-07T05:00:00Z,11,12.3,41.0,3.0,209.0,0.0,7.0
WX-CFX4,2030-05-06T18:00:00Z,2030-05-07T06:00:00Z,12,13.3,33.0,5.0,213.0,0.0,7.0
WX-CFX4,2030-05-06T18:00:00Z,2030-05-07T07:00:00Z,13,13.5,42.0,5.0,206.0,0.0,7.0
WX-CFX4,2030-05-06T18:00:00Z,2030-05-07T08:00:00Z,14,10.3,41.0,6.0,217.0,0.0,7.0
WX-CFX4,2030-05-06T18:00:00Z,2030-05-07T09:00:00Z,15,10.0,44.0,6.0,211.0,0.0,7.0
WX-CFX4,2030-05-06T18:00:00Z,2030-05-07T10:00:00Z,16,10.8,49.0,6.0,201.0,0.0,8.0
WX-CFX4,2030-05-06T18:00:00Z,2030-05-07T11:00:00Z,17,10.3,51.0,6.0,214.0,0.0,8.0
WX-CFX4,2030-05-06T18:00:00Z,2030-05-07T12:00:00Z,18,11.3,37.0,6.0,212.0,0.0,8.0
WX-CFX4,2030-05-06T18:00:00Z,2030-05-07T13:00:00Z,19,13.7,36.0,6.0,218.0,0.0,9.0
WX-CFX4,2030-05-06T18:00:00Z,2030-05-07T14:00:00Z,20,16.3,29.0,6.0,212.0,0.0,11.0
WX-CFX4,2030-05-06T18:00:00Z,2030-05-07T15:00:00Z,21,19.8,24.0,11.0,201.0,0.0,14.0
WX-CFX4,2030-05-06T18:00:00Z,2030-05-07T16:00:00Z,22,21.5,22.0,13.0,219.0,0.0,17.0
WX-CFX4,2030-05-06T18:00:00Z,2030-05-07T17:00:00Z,23,23.7,15.0,15.0,216.0,0.0,23.0
WX-CFX4,2030-05-06T18:00:00Z,2030-05-07T18:00:00Z,24,26.6,16.0,19.0,209.0,0.0,30.0
WX-CFX4,2030-05-06T18:00:00Z,2030-05-07T19:00:00Z,25,28.5,15.0,19.0,215.0,0.0,39.0
WX-CFX4,2030-05-06T18:00:00Z,2030-05-07T20:00:00Z,26,27.9,10.0,28.0,254.0,0.0,49.0
WX-CFX4,2030-05-06T18:00:00Z,2030-05-07T21:00:00Z,27,23.3,17.0,34.0,308.0,0.0,58.0
WX-CFX4,2030-05-06T18:00:00Z,2030-05-07T22:00:00Z,28,21.1,22.0,35.0,307.0,0.0,67.0
WX-CFX4,2030-05-06T18:00:00Z,2030-05-07T23:00:00Z,29,19.5,24.0,28.0,318.0,0.0,74.0
WX-CFX4,2030-05-06T18:00:00Z,2030-05-08T00:00:00Z,30,19.8,31.0,30.0,319.0,0.0,77.0
WX-CFX4,2030-05-06T18:00:00Z,2030-05-08T01:00:00Z,31,18.9,29.0,18.0,315.0,0.0,77.0
WX-CFX4,2030-05-06T18:00:00Z,2030-05-08T02:00:00Z,32,16.5,30.0,14.0,302.0,0.0,72.0
WX-CFX4,2030-05-06T18:00:00Z,2030-05-08T03:00:00Z,33,14.0,36.0,9.0,319.0,0.0,65.0
WX-CFX4,2030-05-06T18:00:00Z,2030-05-08T04:00:00Z,34,13.8,50.0,9.0,314.0,0.0,56.0
WX-CFX4,2030-05-06T18:00:00Z,2030-05-08T05:00:00Z,35,12.8,47.0,10.0,338.0,0.0,46.0
WX-CFX4,2030-05-06T18:00:00Z,2030-05-08T06:00:00Z,36,6.8,59.0,7.0,336.0,0.0,36.0
WX-CFX4,2030-05-06T18:00:00Z,2030-05-08T07:00:00Z,37,6.7,66.0,7.0,326.0,0.0,28.0
WX-CFX4,2030-05-06T18:00:00Z,2030-05-08T08:00:00Z,38,2.9,74.0,7.0,328.0,0.0,21.0
WX-CFX4,2030-05-06T18:00:00Z,2030-05-08T09:00:00Z,39,4.7,77.0,7.0,318.0,0.0,16.0
WX-CFX4,2030-05-06T18:00:00Z,2030-05-08T10:00:00Z,40,3.4,69.0,7.0,316.0,0.0,13.0
WX-CFX4,2030-05-06T18:00:00Z,2030-05-08T11:00:00Z,41,5.3,73.0,7.0,329.0,0.0,10.0
WX-CFX4,2030-05-06T18:00:00Z,2030-05-08T12:00:00Z,42,4.3,66.0,8.0,339.0,0.0,9.0
WX-CFX4,2030-05-06T18:00:00Z,2030-05-08T13:00:00Z,43,7.3,67.0,7.0,325.0,0.0,8.0
WX-CFX4,2030-05-06T18:00:00Z,2030-05-08T14:00:00Z,44,8.5,48.0,7.0,330.0,0.0,8.0
WX-CFX4,2030-05-06T18:00:00Z,2030-05-08T15:00:00Z,45,10.8,55.0,11.0,320.0,0.0,8.0
WX-CFX4,2030-05-06T18:00:00Z,2030-05-08T16:00:00Z,46,14.5,40.0,16.0,327.0,0.0,7.0
WX-CFX4,2030-05-06T18:00:00Z,2030-05-08T17:00:00Z,47,14.7,38.0,15.0,330.0,0.0,7.0
WX-CFX4,2030-05-06T18:00:00Z,2030-05-08T18:00:00Z,48,16.2,30.0,20.0,333.0,0.0,7.0
WX-CFX4,2030-05-06T18:00:00Z,2030-05-08T19:00:00Z,49,16.9,27.0,20.0,312.0,0.0,7.0
WX-CFX4,2030-05-06T18:00:00Z,2030-05-08T20:00:00Z,50,19.2,31.0,21.0,321.0,0.0,7.0
WX-CFX4,2030-05-06T18:00:00Z,2030-05-08T21:00:00Z,51,18.5,21.0,19.0,326.0,0.0,7.0
WX-CFX4,2030-05-06T18:00:00Z,2030-05-08T22:00:00Z,52,19.8,28.0,20.0,326.0,0.0,7.0
WX-CFX4,2030-05-06T18:00:00Z,2030-05-08T23:00:00Z,53,16.9,20.0,17.0,322.0,0.0,7.0
WX-CFX4,2030-05-06T18:00:00Z,2030-05-09T00:00:00Z,54,17.2,23.0,14.0,296.0,0.0,7.0
WX-CFX4,2030-05-06T18:00:00Z,2030-05-09T01:00:00Z,55,17.2,31.0,14.0,323.0,0.0,7.0
WX-CFX4,2030-05-06T18:00:00Z,2030-05-09T02:00:00Z,56,13.3,38.0,10.0,322.0,0.0,7.0
WX-CFX4,2030-05-06T18:00:00Z,2030-05-09T03:00:00Z,57,11.9,56.0,8.0,320.0,0.0,7.0
WX-CFX4,2030-05-06T18:00:00Z,2030-05-09T04:00:00Z,58,10.7,45.0,7.0,313.0,0.0,7.0
WX-CFX4,2030-05-06T18:00:00Z,2030-05-09T05:00:00Z,59,8.7,53.0,7.0,309.0,0.0,7.0
WX-CFX4,2030-05-06T18:00:00Z,2030-05-09T06:00:00Z,60,8.4,48.0,4.0,278.0,0.0,7.0
WX-CFX4,2030-05-06T18:00:00Z,2030-05-09T07:00:00Z,61,4.4,57.0,5.0,299.0,0.0,7.0
WX-CFX4,2030-05-06T18:00:00Z,2030-05-09T08:00:00Z,62,5.2,64.0,5.0,286.0,0.0,7.0
WX-CFX4,2030-05-06T18:00:00Z,2030-05-09T09:00:00Z,63,4.6,76.0,5.0,296.0,0.0,7.0
WX-CFX4,2030-05-06T18:00:00Z,2030-05-09T10:00:00Z,64,3.1,76.0,5.0,294.0,0.0,7.0
WX-CFX4,2030-05-06T18:00:00Z,2030-05-09T11:00:00Z,65,4.0,63.0,5.0,304.0,0.0,7.0
WX-CFX4,2030-05-06T18:00:00Z,2030-05-09T12:00:00Z,66,5.7,63.0,5.0,291.0,0.0,7.0
WX-CFX4,2030-05-06T18:00:00Z,2030-05-09T13:00:00Z,67,8.4,53.0,5.0,304.0,0.0,7.0
WX-CFX4,2030-05-06T18:00:00Z,2030-05-09T14:00:00Z,68,9.2,45.0,6.0,304.0,0.0,7.0
WX-CFX4,2030-05-06T18:00:00Z,2030-05-09T15:00:00Z,69,11.5,41.0,8.0,290.0,0.0,7.0
WX-CFX4,2030-05-06T18:00:00Z,2030-05-09T16:00:00Z,70,12.2,29.0,10.0,315.0,0.0,7.0
WX-CFX4,2030-05-06T18:00:00Z,2030-05-09T17:00:00Z,71,14.2,36.0,13.0,315.0,0.0,7.0
WX-CFX4,2030-05-06T18:00:00Z,2030-05-09T18:00:00Z,72,17.0,30.0,13.0,287.0,0.0,7.0
WX-CYZU,2030-05-06T18:00:00Z,2030-05-06T19:00:00Z,1,28.5,12.0,14.0,233.0,0.0,15.0
WX-CYZU,2030-05-06T18:00:00Z,2030-05-06T20:00:00Z,2,29.2,6.0,14.0,233.0,0.0,15.0
WX-CYZU,2030-05-06T18:00:00Z,2030-05-06T21:00:00Z,3,29.5,14.0,14.0,235.0,0.0,15.0
WX-CYZU,2030-05-06T18:00:00Z,2030-05-06T22:00:00Z,4,29.5,11.0,13.0,230.0,0.0,15.0
WX-CYZU,2030-05-06T18:00:00Z,2030-05-06T23:00:00Z,5,30.2,6.0,12.0,233.0,0.0,15.0
WX-CYZU,2030-05-06T18:00:00Z,2030-05-07T00:00:00Z,6,27.3,12.0,10.0,233.0,0.0,15.0
WX-CYZU,2030-05-06T18:00:00Z,2030-05-07T01:00:00Z,7,25.6,16.0,9.0,226.0,0.0,15.0
WX-CYZU,2030-05-06T18:00:00Z,2030-05-07T02:00:00Z,8,23.6,21.0,7.0,238.0,0.0,15.0
WX-CYZU,2030-05-06T18:00:00Z,2030-05-07T03:00:00Z,9,21.0,21.0,4.0,231.0,0.0,15.0
WX-CYZU,2030-05-06T18:00:00Z,2030-05-07T04:00:00Z,10,17.6,21.0,4.0,234.0,0.0,15.0
WX-CYZU,2030-05-06T18:00:00Z,2030-05-07T05:00:00Z,11,15.1,21.0,4.0,229.0,0.0,15.0
WX-CYZU,2030-05-06T18:00:00Z,2030-05-07T06:00:00Z,12,16.6,25.0,7.0,221.0,0.0,15.0
WX-CYZU,2030-05-06T18:00:00Z,2030-05-07T07:00:00Z,13,15.9,33.0,6.0,227.0,0.0,15.0
WX-CYZU,2030-05-06T18:00:00Z,2030-05-07T08:00:00Z,14,13.7,33.0,6.0,219.0,0.0,15.0
WX-CYZU,2030-05-06T18:00:00Z,2030-05-07T09:00:00Z,15,13.1,41.0,7.0,224.0,0.0,15.0
WX-CYZU,2030-05-06T18:00:00Z,2030-05-07T10:00:00Z,16,13.9,34.0,6.0,210.0,0.0,15.0
WX-CYZU,2030-05-06T18:00:00Z,2030-05-07T11:00:00Z,17,13.4,30.0,6.0,227.0,0.0,15.0
WX-CYZU,2030-05-06T18:00:00Z,2030-05-07T12:00:00Z,18,15.8,31.0,7.0,221.0,0.0,15.0
WX-CYZU,2030-05-06T18:00:00Z,2030-05-07T13:00:00Z,19,18.6,26.0,7.0,219.0,0.0,15.0
WX-CYZU,2030-05-06T18:00:00Z,2030-05-07T14:00:00Z,20,19.6,21.0,7.0,221.0,0.0,15.0
WX-CYZU,2030-05-06T18:00:00Z,2030-05-07T15:00:00Z,21,22.2,13.0,12.0,231.0,0.0,15.0
WX-CYZU,2030-05-06T18:00:00Z,2030-05-07T16:00:00Z,22,25.8,16.0,14.0,221.0,0.0,15.0
WX-CYZU,2030-05-06T18:00:00Z,2030-05-07T17:00:00Z,23,28.1,20.0,18.0,218.0,0.0,15.0
WX-CYZU,2030-05-06T18:00:00Z,2030-05-07T18:00:00Z,24,30.8,11.0,20.0,218.0,0.0,15.0
WX-CYZU,2030-05-06T18:00:00Z,2030-05-07T19:00:00Z,25,30.9,5.0,21.0,222.0,0.0,15.0
WX-CYZU,2030-05-06T18:00:00Z,2030-05-07T20:00:00Z,26,33.7,10.0,21.0,225.0,0.0,15.0
WX-CYZU,2030-05-06T18:00:00Z,2030-05-07T21:00:00Z,27,34.7,12.0,22.0,223.0,0.0,16.0
WX-CYZU,2030-05-06T18:00:00Z,2030-05-07T22:00:00Z,28,34.7,12.0,19.0,226.0,0.0,17.0
WX-CYZU,2030-05-06T18:00:00Z,2030-05-07T23:00:00Z,29,32.8,8.0,16.0,220.0,0.0,19.0
WX-CYZU,2030-05-06T18:00:00Z,2030-05-08T00:00:00Z,30,32.3,10.0,16.0,218.0,0.0,22.0
WX-CYZU,2030-05-06T18:00:00Z,2030-05-08T01:00:00Z,31,28.3,21.0,15.0,223.0,0.0,27.0
WX-CYZU,2030-05-06T18:00:00Z,2030-05-08T02:00:00Z,32,28.3,8.0,11.0,225.0,0.0,33.0
WX-CYZU,2030-05-06T18:00:00Z,2030-05-08T03:00:00Z,33,23.3,8.0,7.0,218.0,0.0,40.0
WX-CYZU,2030-05-06T18:00:00Z,2030-05-08T04:00:00Z,34,23.2,21.0,9.0,230.0,0.0,50.0
WX-CYZU,2030-05-06T18:00:00Z,2030-05-08T05:00:00Z,35,17.9,36.0,14.0,268.0,0.0,60.0
WX-CYZU,2030-05-06T18:00:00Z,2030-05-08T06:00:00Z,36,11.1,40.0,15.0,342.0,0.0,69.0
WX-CYZU,2030-05-06T18:00:00Z,2030-05-08T07:00:00Z,37,8.9,51.0,13.0,312.0,0.0,77.0
WX-CYZU,2030-05-06T18:00:00Z,2030-05-08T08:00:00Z,38,9.4,53.0,15.0,344.0,0.0,83.0
WX-CYZU,2030-05-06T18:00:00Z,2030-05-08T09:00:00Z,39,8.2,55.0,10.0,323.0,0.0,85.0
WX-CYZU,2030-05-06T18:00:00Z,2030-05-08T10:00:00Z,40,7.4,51.0,9.0,319.0,0.0,83.0
WX-CYZU,2030-05-06T18:00:00Z,2030-05-08T11:00:00Z,41,8.6,52.0,8.0,335.0,0.0,77.0
WX-CYZU,2030-05-06T18:00:00Z,2030-05-08T12:00:00Z,42,9.0,53.0,7.0,337.0,0.0,69.0
WX-CYZU,2030-05-06T18:00:00Z,2030-05-08T13:00:00Z,43,10.2,57.0,7.0,333.0,0.0,60.0
WX-CYZU,2030-05-06T18:00:00Z,2030-05-08T14:00:00Z,44,12.8,42.0,10.0,328.0,0.0,50.0
WX-CYZU,2030-05-06T18:00:00Z,2030-05-08T15:00:00Z,45,14.8,42.0,13.0,318.0,0.0,40.0
WX-CYZU,2030-05-06T18:00:00Z,2030-05-08T16:00:00Z,46,16.2,24.0,16.0,328.0,0.0,33.0
WX-CYZU,2030-05-06T18:00:00Z,2030-05-08T17:00:00Z,47,16.7,25.0,21.0,333.0,0.0,26.0
WX-CYZU,2030-05-06T18:00:00Z,2030-05-08T18:00:00Z,48,17.9,19.0,22.0,332.0,0.0,22.0
WX-CYZU,2030-05-06T18:00:00Z,2030-05-08T19:00:00Z,49,21.1,16.0,22.0,326.0,0.0,19.0
WX-CYZU,2030-05-06T18:00:00Z,2030-05-08T20:00:00Z,50,20.8,30.0,26.0,327.0,0.0,17.0
WX-CYZU,2030-05-06T18:00:00Z,2030-05-08T21:00:00Z,51,23.1,23.0,26.0,326.0,0.0,16.0
WX-CYZU,2030-05-06T18:00:00Z,2030-05-08T22:00:00Z,52,21.3,11.0,23.0,328.0,0.0,15.0
WX-CYZU,2030-05-06T18:00:00Z,2030-05-08T23:00:00Z,53,21.5,21.0,21.0,325.0,0.0,15.0
WX-CYZU,2030-05-06T18:00:00Z,2030-05-09T00:00:00Z,54,20.3,20.0,16.0,322.0,0.0,15.0
WX-CYZU,2030-05-06T18:00:00Z,2030-05-09T01:00:00Z,55,19.0,18.0,15.0,331.0,0.0,15.0
WX-CYZU,2030-05-06T18:00:00Z,2030-05-09T02:00:00Z,56,18.0,35.0,13.0,327.0,0.0,15.0
WX-CYZU,2030-05-06T18:00:00Z,2030-05-09T03:00:00Z,57,16.8,33.0,8.0,329.0,0.0,15.0
WX-CYZU,2030-05-06T18:00:00Z,2030-05-09T04:00:00Z,58,13.7,41.0,9.0,331.0,0.0,15.0
WX-CYZU,2030-05-06T18:00:00Z,2030-05-09T05:00:00Z,59,12.9,43.0,8.0,341.0,0.0,15.0
WX-CYZU,2030-05-06T18:00:00Z,2030-05-09T06:00:00Z,60,10.3,40.0,5.0,296.0,0.0,15.0
WX-CYZU,2030-05-06T18:00:00Z,2030-05-09T07:00:00Z,61,9.7,54.0,4.0,311.0,0.0,15.0
WX-CYZU,2030-05-06T18:00:00Z,2030-05-09T08:00:00Z,62,9.0,42.0,6.0,289.0,0.0,15.0
WX-CYZU,2030-05-06T18:00:00Z,2030-05-09T09:00:00Z,63,8.6,35.0,6.0,306.0,0.0,15.0
WX-CYZU,2030-05-06T18:00:00Z,2030-05-09T10:00:00Z,64,8.0,48.0,5.0,288.0,0.0,15.0
WX-CYZU,2030-05-06T18:00:00Z,2030-05-09T11:00:00Z,65,9.5,54.0,5.0,308.0,0.0,15.0
WX-CYZU,2030-05-06T18:00:00Z,2030-05-09T12:00:00Z,66,9.6,61.0,6.0,311.0,0.1,75.0
WX-CYZU,2030-05-06T18:00:00Z,2030-05-09T13:00:00Z,67,10.2,46.0,5.0,311.0,0.1,75.0
WX-CYZU,2030-05-06T18:00:00Z,2030-05-09T14:00:00Z,68,13.4,35.0,6.0,295.0,0.2,75.0
WX-CYZU,2030-05-06T18:00:00Z,2030-05-09T15:00:00Z,69,15.0,25.0,9.0,296.0,0.2,75.0
WX-CYZU,2030-05-06T18:00:00Z,2030-05-09T16:00:00Z,70,17.4,21.0,12.0,320.0,0.2,75.0
WX-CYZU,2030-05-06T18:00:00Z,2030-05-09T17:00:00Z,71,18.4,24.0,15.0,320.0,0.1,75.0
WX-CYZU,2030-05-06T18:00:00Z,2030-05-09T18:00:00Z,72,20.2,11.0,14.0,293.0,0.1,75.0
WX-CZHP,2030-05-06T18:00:00Z,2030-05-06T19:00:00Z,1,24.7,17.0,15.0,207.0,0.0,22.0
WX-CZHP,2030-05-06T18:00:00Z,2030-05-06T20:00:00Z,2,26.3,17.0,16.0,214.0,0.0,22.0
WX-CZHP,2030-05-06T18:00:00Z,2030-05-06T21:00:00Z,3,26.6,12.0,16.0,215.0,0.0,22.0
WX-CZHP,2030-05-06T18:00:00Z,2030-05-06T22:00:00Z,4,26.4,11.0,15.0,212.0,0.0,22.0
WX-CZHP,2030-05-06T18:00:00Z,2030-05-06T23:00:00Z,5,27.1,15.0,13.0,219.0,0.0,22.0
WX-CZHP,2030-05-06T18:00:00Z,2030-05-07T00:00:00Z,6,25.4,16.0,13.0,205.0,0.0,22.0
WX-CZHP,2030-05-06T18:00:00Z,2030-05-07T01:00:00Z,7,23.1,18.0,10.0,218.0,0.0,22.0
WX-CZHP,2030-05-06T18:00:00Z,2030-05-07T02:00:00Z,8,21.0,19.0,7.0,208.0,0.0,22.0
WX-CZHP,2030-05-06T18:00:00Z,2030-05-07T03:00:00Z,9,18.9,30.0,5.0,219.0,0.0,22.0
WX-CZHP,2030-05-06T18:00:00Z,2030-05-07T04:00:00Z,10,15.7,33.0,4.0,213.0,0.0,22.0
WX-CZHP,2030-05-06T18:00:00Z,2030-05-07T05:00:00Z,11,12.9,36.0,5.0,212.0,0.0,22.0
WX-CZHP,2030-05-06T18:00:00Z,2030-05-07T06:00:00Z,12,15.6,36.0,8.0,190.0,0.0,22.0
WX-CZHP,2030-05-06T18:00:00Z,2030-05-07T07:00:00Z,13,11.8,46.0,7.0,206.0,0.0,22.0
WX-CZHP,2030-05-06T18:00:00Z,2030-05-07T08:00:00Z,14,10.7,48.0,7.0,201.0,0.0,22.0
WX-CZHP,2030-05-06T18:00:00Z,2030-05-07T09:00:00Z,15,10.4,42.0,7.0,212.0,0.0,22.0
WX-CZHP,2030-05-06T18:00:00Z,2030-05-07T10:00:00Z,16,10.3,47.0,6.0,195.0,0.0,22.0
WX-CZHP,2030-05-06T18:00:00Z,2030-05-07T11:00:00Z,17,10.2,45.0,7.0,199.0,0.0,22.0
WX-CZHP,2030-05-06T18:00:00Z,2030-05-07T12:00:00Z,18,11.4,44.0,7.0,194.0,0.0,22.0
WX-CZHP,2030-05-06T18:00:00Z,2030-05-07T13:00:00Z,19,13.2,35.0,8.0,212.0,0.0,22.0
WX-CZHP,2030-05-06T18:00:00Z,2030-05-07T14:00:00Z,20,16.6,38.0,9.0,208.0,0.0,22.0
WX-CZHP,2030-05-06T18:00:00Z,2030-05-07T15:00:00Z,21,19.2,23.0,13.0,203.0,0.0,22.0
WX-CZHP,2030-05-06T18:00:00Z,2030-05-07T16:00:00Z,22,22.9,19.0,15.0,200.0,0.0,22.0
WX-CZHP,2030-05-06T18:00:00Z,2030-05-07T17:00:00Z,23,24.6,21.0,20.0,196.0,0.0,23.0
WX-CZHP,2030-05-06T18:00:00Z,2030-05-07T18:00:00Z,24,27.2,13.0,21.0,207.0,0.0,24.0
WX-CZHP,2030-05-06T18:00:00Z,2030-05-07T19:00:00Z,25,28.9,19.0,23.0,197.0,0.0,26.0
WX-CZHP,2030-05-06T18:00:00Z,2030-05-07T20:00:00Z,26,29.1,20.0,22.0,199.0,0.0,28.0
WX-CZHP,2030-05-06T18:00:00Z,2030-05-07T21:00:00Z,27,30.4,12.0,23.0,192.0,0.0,32.0
WX-CZHP,2030-05-06T18:00:00Z,2030-05-07T22:00:00Z,28,32.2,12.0,23.0,206.0,0.0,38.0
WX-CZHP,2030-05-06T18:00:00Z,2030-05-07T23:00:00Z,29,30.1,14.0,20.0,199.0,0.0,45.0
WX-CZHP,2030-05-06T18:00:00Z,2030-05-08T00:00:00Z,30,28.8,13.0,22.0,207.0,0.0,54.0
WX-CZHP,2030-05-06T18:00:00Z,2030-05-08T01:00:00Z,31,25.2,21.0,24.0,225.0,0.0,64.0
WX-CZHP,2030-05-06T18:00:00Z,2030-05-08T02:00:00Z,32,17.9,36.0,24.0,292.0,0.0,73.0
WX-CZHP,2030-05-06T18:00:00Z,2030-05-08T03:00:00Z,33,16.9,29.0,21.0,295.0,0.0,82.0
WX-CZHP,2030-05-06T18:00:00Z,2030-05-08T04:00:00Z,34,14.6,49.0,19.0,303.0,0.1,100.0
WX-CZHP,2030-05-06T18:00:00Z,2030-05-08T05:00:00Z,35,11.2,52.0,16.0,305.0,0.1,100.0
WX-CZHP,2030-05-06T18:00:00Z,2030-05-08T06:00:00Z,36,8.8,63.0,9.0,304.0,0.2,100.0
WX-CZHP,2030-05-06T18:00:00Z,2030-05-08T07:00:00Z,37,5.8,64.0,9.0,315.0,0.2,100.0
WX-CZHP,2030-05-06T18:00:00Z,2030-05-08T08:00:00Z,38,7.1,74.0,8.0,313.0,0.1,100.0
WX-CZHP,2030-05-06T18:00:00Z,2030-05-08T09:00:00Z,39,5.5,84.0,8.0,299.0,0.1,100.0
WX-CZHP,2030-05-06T18:00:00Z,2030-05-08T10:00:00Z,40,4.1,78.0,9.0,310.0,0.0,60.0
WX-CZHP,2030-05-06T18:00:00Z,2030-05-08T11:00:00Z,41,3.7,85.0,10.0,322.0,0.0,50.0
WX-CZHP,2030-05-06T18:00:00Z,2030-05-08T12:00:00Z,42,7.0,74.0,8.0,316.0,0.0,42.0
WX-CZHP,2030-05-06T18:00:00Z,2030-05-08T13:00:00Z,43,6.8,63.0,9.0,314.0,0.0,35.0
WX-CZHP,2030-05-06T18:00:00Z,2030-05-08T14:00:00Z,44,8.9,55.0,12.0,314.0,0.0,30.0
WX-CZHP,2030-05-06T18:00:00Z,2030-05-08T15:00:00Z,45,11.9,55.0,13.0,316.0,0.0,27.0
WX-CZHP,2030-05-06T18:00:00Z,2030-05-08T16:00:00Z,46,11.9,42.0,21.0,312.0,0.0,25.0
WX-CZHP,2030-05-06T18:00:00Z,2030-05-08T17:00:00Z,47,13.8,38.0,18.0,330.0,0.0,23.0
WX-CZHP,2030-05-06T18:00:00Z,2030-05-08T18:00:00Z,48,16.5,39.0,22.0,323.0,0.0,23.0
WX-CZHP,2030-05-06T18:00:00Z,2030-05-08T19:00:00Z,49,17.8,35.0,27.0,306.0,0.0,22.0
WX-CZHP,2030-05-06T18:00:00Z,2030-05-08T20:00:00Z,50,19.1,22.0,24.0,316.0,0.0,22.0
WX-CZHP,2030-05-06T18:00:00Z,2030-05-08T21:00:00Z,51,20.1,34.0,27.0,290.0,0.0,22.0
WX-CZHP,2030-05-06T18:00:00Z,2030-05-08T22:00:00Z,52,19.6,32.0,23.0,307.0,0.0,22.0
WX-CZHP,2030-05-06T18:00:00Z,2030-05-08T23:00:00Z,53,19.9,27.0,21.0,310.0,0.0,22.0
WX-CZHP,2030-05-06T18:00:00Z,2030-05-09T00:00:00Z,54,18.5,34.0,21.0,326.0,0.0,22.0
WX-CZHP,2030-05-06T18:00:00Z,2030-05-09T01:00:00Z,55,16.7,37.0,16.0,314.0,0.0,22.0
WX-CZHP,2030-05-06T18:00:00Z,2030-05-09T02:00:00Z,56,16.4,44.0,12.0,303.0,0.0,22.0
WX-CZHP,2030-05-06T18:00:00Z,2030-05-09T03:00:00Z,57,13.0,48.0,8.0,312.0,0.0,22.0
WX-CZHP,2030-05-06T18:00:00Z,2030-05-09T04:00:00Z,58,12.3,53.0,9.0,316.0,0.0,22.0
WX-CZHP,2030-05-06T18:00:00Z,2030-05-09T05:00:00Z,59,11.2,59.0,8.0,300.0,0.0,22.0
WX-CZHP,2030-05-06T18:00:00Z,2030-05-09T06:00:00Z,60,8.9,56.0,7.0,271.0,0.0,22.0
WX-CZHP,2030-05-06T18:00:00Z,2030-05-09T07:00:00Z,61,8.4,72.0,6.0,291.0,0.0,22.0
WX-CZHP,2030-05-06T18:00:00Z,2030-05-09T08:00:00Z,62,4.9,69.0,5.0,294.0,0.0,22.0
WX-CZHP,2030-05-06T18:00:00Z,2030-05-09T09:00:00Z,63,4.7,76.0,6.0,272.0,0.0,22.0
WX-CZHP,2030-05-06T18:00:00Z,2030-05-09T10:00:00Z,64,4.8,70.0,7.0,275.0,0.1,82.0
WX-CZHP,2030-05-06T18:00:00Z,2030-05-09T11:00:00Z,65,6.5,81.0,5.0,282.0,0.2,82.0
WX-CZHP,2030-05-06T18:00:00Z,2030-05-09T12:00:00Z,66,7.2,74.0,6.0,287.0,0.4,82.0
WX-CZHP,2030-05-06T18:00:00Z,2030-05-09T13:00:00Z,67,7.9,83.0,6.0,270.0,0.6,82.0
WX-CZHP,2030-05-06T18:00:00Z,2030-05-09T14:00:00Z,68,8.3,77.0,7.0,288.0,0.9,82.0
WX-CZHP,2030-05-06T18:00:00Z,2030-05-09T15:00:00Z,69,11.0,97.0,13.0,271.0,1.0,82.0
WX-CZHP,2030-05-06T18:00:00Z,2030-05-09T16:00:00Z,70,15.1,88.0,10.0,283.0,0.9,82.0
WX-CZHP,2030-05-06T18:00:00Z,2030-05-09T17:00:00Z,71,17.4,82.0,17.0,279.0,0.6,82.0
WX-CZHP,2030-05-06T18:00:00Z,2030-05-09T18:00:00Z,72,16.7,81.0,17.0,292.0,0.4,82.0
WX-CET2,2030-05-06T18:00:00Z,2030-05-06T19:00:00Z,1,21.2,22.0,16.0,216.0,0.0,10.0
WX-CET2,2030-05-06T18:00:00Z,2030-05-06T20:00:00Z,2,23.2,15.0,16.0,223.0,0.0,10.0
WX-CET2,2030-05-06T18:00:00Z,2030-05-06T21:00:00Z,3,24.4,16.0,17.0,219.0,0.0,10.0
WX-CET2,2030-05-06T18:00:00Z,2030-05-06T22:00:00Z,4,23.4,17.0,18.0,212.0,0.0,10.0
WX-CET2,2030-05-06T18:00:00Z,2030-05-06T23:00:00Z,5,22.4,21.0,15.0,219.0,0.0,10.0
WX-CET2,2030-05-06T18:00:00Z,2030-05-07T00:00:00Z,6,21.3,18.0,12.0,226.0,0.0,10.0
WX-CET2,2030-05-06T18:00:00Z,2030-05-07T01:00:00Z,7,18.8,25.0,10.0,216.0,0.0,10.0
WX-CET2,2030-05-06T18:00:00Z,2030-05-07T02:00:00Z,8,17.7,23.0,8.0,221.0,0.0,10.0
WX-CET2,2030-05-06T18:00:00Z,2030-05-07T03:00:00Z,9,15.0,33.0,5.0,225.0,0.0,10.0
WX-CET2,2030-05-06T18:00:00Z,2030-05-07T04:00:00Z,10,12.6,36.0,4.0,223.0,0.0,10.0
WX-CET2,2030-05-06T18:00:00Z,2030-05-07T05:00:00Z,11,10.3,47.0,5.0,227.0,0.0,10.0
WX-CET2,2030-05-06T18:00:00Z,2030-05-07T06:00:00Z,12,10.7,46.0,8.0,209.0,0.0,10.0
WX-CET2,2030-05-06T18:00:00Z,2030-05-07T07:00:00Z,13,9.3,50.0,7.0,207.0,0.0,10.0
WX-CET2,2030-05-06T18:00:00Z,2030-05-07T08:00:00Z,14,7.3,55.0,8.0,204.0,0.0,10.0
WX-CET2,2030-05-06T18:00:00Z,2030-05-07T09:00:00Z,15,6.2,53.0,8.0,207.0,0.0,10.0
WX-CET2,2030-05-06T18:00:00Z,2030-05-07T10:00:00Z,16,5.8,62.0,8.0,220.0,0.0,10.0
WX-CET2,2030-05-06T18:00:00Z,2030-05-07T11:00:00Z,17,7.8,49.0,8.0,226.0,0.0,10.0
WX-CET2,2030-05-06T18:00:00Z,2030-05-07T12:00:00Z,18,9.0,43.0,7.0,207.0,0.0,10.0
WX-CET2,2030-05-06T18:00:00Z,2030-05-07T13:00:00Z,19,10.6,44.0,8.0,207.0,0.0,10.0
WX-CET2,2030-05-06T18:00:00Z,2030-05-07T14:00:00Z,20,12.1,41.0,10.0,211.0,0.0,10.0
WX-CET2,2030-05-06T18:00:00Z,2030-05-07T15:00:00Z,21,15.1,32.0,15.0,211.0,0.0,10.0
WX-CET2,2030-05-06T18:00:00Z,2030-05-07T16:00:00Z,22,17.7,23.0,19.0,205.0,0.0,10.0
WX-CET2,2030-05-06T18:00:00Z,2030-05-07T17:00:00Z,23,21.0,17.0,18.0,218.0,0.0,10.0
WX-CET2,2030-05-06T18:00:00Z,2030-05-07T18:00:00Z,24,23.2,16.0,26.0,221.0,0.0,10.0
WX-CET2,2030-05-06T18:00:00Z,2030-05-07T19:00:00Z,25,25.9,13.0,24.0,202.0,0.0,10.0
WX-CET2,2030-05-06T18:00:00Z,2030-05-07T20:00:00Z,26,26.1,14.0,23.0,211.0,0.0,10.0
WX-CET2,2030-05-06T18:00:00Z,2030-05-07T21:00:00Z,27,26.7,21.0,26.0,220.0,0.0,10.0
WX-CET2,2030-05-06T18:00:00Z,2030-05-07T22:00:00Z,28,27.0,15.0,24.0,211.0,0.0,10.0
WX-CET2,2030-05-06T18:00:00Z,2030-05-07T23:00:00Z,29,27.0,7.0,24.0,203.0,0.0,10.0
WX-CET2,2030-05-06T18:00:00Z,2030-05-08T00:00:00Z,30,26.0,14.0,18.0,204.0,0.0,11.0
WX-CET2,2030-05-06T18:00:00Z,2030-05-08T01:00:00Z,31,23.6,19.0,13.0,216.0,0.0,12.0
WX-CET2,2030-05-06T18:00:00Z,2030-05-08T02:00:00Z,32,21.7,25.0,13.0,224.0,0.0,13.0
WX-CET2,2030-05-06T18:00:00Z,2030-05-08T03:00:00Z,33,18.4,27.0,8.0,216.0,0.0,16.0
WX-CET2,2030-05-06T18:00:00Z,2030-05-08T04:00:00Z,34,16.2,38.0,9.0,206.0,0.0,20.0
WX-CET2,2030-05-06T18:00:00Z,2030-05-08T05:00:00Z,35,12.4,38.0,8.0,221.0,0.0,25.0
WX-CET2,2030-05-06T18:00:00Z,2030-05-08T06:00:00Z,36,8.8,41.0,8.0,208.0,0.0,32.0
WX-CET2,2030-05-06T18:00:00Z,2030-05-08T07:00:00Z,37,7.9,49.0,11.0,207.0,0.0,41.0
WX-CET2,2030-05-06T18:00:00Z,2030-05-08T08:00:00Z,38,6.7,56.0,12.0,236.0,0.0,51.0
WX-CET2,2030-05-06T18:00:00Z,2030-05-08T09:00:00Z,39,3.2,86.0,17.0,296.0,0.0,61.0
WX-CET2,2030-05-06T18:00:00Z,2030-05-08T10:00:00Z,40,1.4,94.0,19.0,335.0,0.0,70.0
WX-CET2,2030-05-06T18:00:00Z,2030-05-08T11:00:00Z,41,0.8,89.0,18.0,314.0,0.1,100.0
WX-CET2,2030-05-06T18:00:00Z,2030-05-08T12:00:00Z,42,1.9,92.0,14.0,320.0,0.1,100.0
WX-CET2,2030-05-06T18:00:00Z,2030-05-08T13:00:00Z,43,3.6,75.0,10.0,316.0,0.2,100.0
WX-CET2,2030-05-06T18:00:00Z,2030-05-08T14:00:00Z,44,6.7,60.0,12.0,332.0,0.2,100.0
WX-CET2,2030-05-06T18:00:00Z,2030-05-08T15:00:00Z,45,7.4,52.0,19.0,320.0,0.1,100.0
WX-CET2,2030-05-06T18:00:00Z,2030-05-08T16:00:00Z,46,8.4,50.0,18.0,329.0,0.1,100.0
WX-CET2,2030-05-06T18:00:00Z,2030-05-08T17:00:00Z,47,11.4,45.0,23.0,320.0,0.0,49.0
WX-CET2,2030-05-06T18:00:00Z,2030-05-08T18:00:00Z,48,12.9,39.0,25.0,329.0,0.0,39.0
WX-CET2,2030-05-06T18:00:00Z,2030-05-08T19:00:00Z,49,14.4,39.0,27.0,319.0,0.0,31.0
WX-CET2,2030-05-06T18:00:00Z,2030-05-08T20:00:00Z,50,15.3,35.0,30.0,323.0,0.0,24.0
WX-CET2,2030-05-06T18:00:00Z,2030-05-08T21:00:00Z,51,15.9,33.0,26.0,316.0,0.0,19.0
WX-CET2,2030-05-06T18:00:00Z,2030-05-08T22:00:00Z,52,15.9,33.0,32.0,329.0,0.0,15.0
WX-CET2,2030-05-06T18:00:00Z,2030-05-08T23:00:00Z,53,14.5,32.0,23.0,303.0,0.0,13.0
WX-CET2,2030-05-06T18:00:00Z,2030-05-09T00:00:00Z,54,14.0,37.0,21.0,319.0,0.0,12.0
WX-CET2,2030-05-06T18:00:00Z,2030-05-09T01:00:00Z,55,12.3,43.0,21.0,313.0,0.0,11.0
WX-CET2,2030-05-06T18:00:00Z,2030-05-09T02:00:00Z,56,11.0,43.0,15.0,322.0,0.0,10.0
WX-CET2,2030-05-06T18:00:00Z,2030-05-09T03:00:00Z,57,9.8,57.0,10.0,299.0,0.0,10.0
WX-CET2,2030-05-06T18:00:00Z,2030-05-09T04:00:00Z,58,7.1,58.0,8.0,336.0,0.0,10.0
WX-CET2,2030-05-06T18:00:00Z,2030-05-09T05:00:00Z,59,6.5,63.0,10.0,319.0,0.0,10.0
WX-CET2,2030-05-06T18:00:00Z,2030-05-09T06:00:00Z,60,4.3,71.0,6.0,305.0,0.0,10.0
WX-CET2,2030-05-06T18:00:00Z,2030-05-09T07:00:00Z,61,4.4,77.0,7.0,293.0,0.0,10.0
WX-CET2,2030-05-06T18:00:00Z,2030-05-09T08:00:00Z,62,2.5,84.0,7.0,285.0,0.0,10.0
WX-CET2,2030-05-06T18:00:00Z,2030-05-09T09:00:00Z,63,1.8,86.0,8.0,301.0,0.0,10.0
WX-CET2,2030-05-06T18:00:00Z,2030-05-09T10:00:00Z,64,-0.4,91.0,6.0,275.0,0.1,70.0
WX-CET2,2030-05-06T18:00:00Z,2030-05-09T11:00:00Z,65,3.0,90.0,7.0,288.0,0.1,70.0
WX-CET2,2030-05-06T18:00:00Z,2030-05-09T12:00:00Z,66,5.5,80.0,6.0,282.0,0.3,70.0
WX-CET2,2030-05-06T18:00:00Z,2030-05-09T13:00:00Z,67,4.8,73.0,6.0,295.0,0.6,70.0
WX-CET2,2030-05-06T18:00:00Z,2030-05-09T14:00:00Z,68,5.1,84.0,8.0,286.0,0.8,70.0
WX-CET2,2030-05-06T18:00:00Z,2030-05-09T15:00:00Z,69,6.3,84.0,12.0,295.0,0.9,70.0
WX-CET2,2030-05-06T18:00:00Z,2030-05-09T16:00:00Z,70,11.1,81.0,18.0,291.0,0.8,70.0
WX-CET2,2030-05-06T18:00:00Z,2030-05-09T17:00:00Z,71,10.7,85.0,19.0,312.0,0.6,70.0
WX-CET2,2030-05-06T18:00:00Z,2030-05-09T18:00:00Z,72,13.5,97.0,16.0,300.0,0.3,70.0
WX-CFN5,2030-05-06T18:00:00Z,2030-05-06T19:00:00Z,1,22.0,18.0,17.0,236.0,0.0,16.0
WX-CFN5,2030-05-06T18:00:00Z,2030-05-06T20:00:00Z,2,23.7,14.0,18.0,235.0,0.0,16.0
WX-CFN5,2030-05-06T18:00:00Z,2030-05-06T21:00:00Z,3,24.3,22.0,17.0,232.0,0.0,16.0
WX-CFN5,2030-05-06T18:00:00Z,2030-05-06T22:00:00Z,4,23.9,20.0,19.0,234.0,0.0,16.0
WX-CFN5,2030-05-06T18:00:00Z,2030-05-06T23:00:00Z,5,23.9,14.0,15.0,240.0,0.0,16.0
WX-CFN5,2030-05-06T18:00:00Z,2030-05-07T00:00:00Z,6,22.2,22.0,13.0,240.0,0.0,16.0
WX-CFN5,2030-05-06T18:00:00Z,2030-05-07T01:00:00Z,7,20.7,23.0,11.0,248.0,0.0,16.0
WX-CFN5,2030-05-06T18:00:00Z,2030-05-07T02:00:00Z,8,18.3,28.0,9.0,241.0,0.0,16.0
WX-CFN5,2030-05-06T18:00:00Z,2030-05-07T03:00:00Z,9,15.2,34.0,5.0,237.0,0.0,16.0
WX-CFN5,2030-05-06T18:00:00Z,2030-05-07T04:00:00Z,10,12.3,39.0,5.0,244.0,0.0,16.0
WX-CFN5,2030-05-06T18:00:00Z,2030-05-07T05:00:00Z,11,11.5,47.0,5.0,246.0,0.0,16.0
WX-CFN5,2030-05-06T18:00:00Z,2030-05-07T06:00:00Z,12,12.4,44.0,8.0,225.0,0.0,16.0
WX-CFN5,2030-05-06T18:00:00Z,2030-05-07T07:00:00Z,13,10.0,54.0,8.0,228.0,0.0,16.0
WX-CFN5,2030-05-06T18:00:00Z,2030-05-07T08:00:00Z,14,8.3,54.0,8.0,229.0,0.0,16.0
WX-CFN5,2030-05-06T18:00:00Z,2030-05-07T09:00:00Z,15,8.2,60.0,8.0,223.0,0.0,16.0
WX-CFN5,2030-05-06T18:00:00Z,2030-05-07T10:00:00Z,16,7.4,59.0,8.0,232.0,0.0,17.0
WX-CFN5,2030-05-06T18:00:00Z,2030-05-07T11:00:00Z,17,8.1,47.0,7.0,218.0,0.0,17.0
WX-CFN5,2030-05-06T18:00:00Z,2030-05-07T12:00:00Z,18,9.7,46.0,8.0,237.0,0.0,18.0
WX-CFN5,2030-05-06T18:00:00Z,2030-05-07T13:00:00Z,19,12.1,46.0,9.0,232.0,0.0,19.0
WX-CFN5,2030-05-06T18:00:00Z,2030-05-07T14:00:00Z,20,13.5,39.0,11.0,240.0,0.0,21.0
WX-CFN5,2030-05-06T18:00:00Z,2030-05-07T15:00:00Z,21,17.0,33.0,15.0,225.0,0.0,25.0
WX-CFN5,2030-05-06T18:00:00Z,2030-05-07T16:00:00Z,22,19.5,27.0,22.0,229.0,0.0,29.0
WX-CFN5,2030-05-06T18:00:00Z,2030-05-07T17:00:00Z,23,22.5,24.0,21.0,229.0,0.0,36.0
WX-CFN5,2030-05-06T18:00:00Z,2030-05-07T18:00:00Z,24,23.7,16.0,28.0,234.0,0.0,44.0
WX-CFN5,2030-05-06T18:00:00Z,2030-05-07T19:00:00Z,25,26.3,15.0,37.0,235.0,0.0,53.0
WX-CFN5,2030-05-06T18:00:00Z,2030-05-07T20:00:00Z,26,23.4,25.0,45.0,288.0,0.0,63.0
WX-CFN5,2030-05-06T18:00:00Z,2030-05-07T21:00:00Z,27,20.4,26.0,54.0,328.0,0.0,73.0
WX-CFN5,2030-05-06T18:00:00Z,2030-05-07T22:00:00Z,28,19.8,32.0,48.0,337.0,0.0,80.0
WX-CFN5,2030-05-06T18:00:00Z,2030-05-07T23:00:00Z,29,20.1,29.0,42.0,330.0,0.0,85.0
WX-CFN5,2030-05-06T18:00:00Z,2030-05-08T00:00:00Z,30,18.6,35.0,32.0,332.0,0.0,86.0
WX-CFN5,2030-05-06T18:00:00Z,2030-05-08T01:00:00Z,31,17.5,47.0,26.0,340.0,0.0,84.0
WX-CFN5,2030-05-06T18:00:00Z,2030-05-08T02:00:00Z,32,15.1,46.0,19.0,331.0,0.0,77.0
WX-CFN5,2030-05-06T18:00:00Z,2030-05-08T03:00:00Z,33,12.9,50.0,13.0,338.0,0.0,69.0
WX-CFN5,2030-05-06T18:00:00Z,2030-05-08T04:00:00Z,34,13.1,55.0,15.0,337.0,0.0,59.0
WX-CFN5,2030-05-06T18:00:00Z,2030-05-08T05:00:00Z,35,10.5,57.0,14.0,345.0,0.0,49.0
WX-CFN5,2030-05-06T18:00:00Z,2030-05-08T06:00:00Z,36,4.4,82.0,9.0,336.0,0.0,40.0
WX-CFN5,2030-05-06T18:00:00Z,2030-05-08T07:00:00Z,37,3.9,86.0,10.0,328.0,0.0,33.0
WX-CFN5,2030-05-06T18:00:00Z,2030-05-08T08:00:00Z,38,3.0,88.0,11.0,343.0,0.0,27.0
WX-CFN5,2030-05-06T18:00:00Z,2030-05-08T09:00:00Z,39,3.4,96.0,10.0,337.0,0.0,23.0
WX-CFN5,2030-05-06T18:00:00Z,2030-05-08T10:00:00Z,40,2.8,87.0,11.0,343.0,0.0,20.0
WX-CFN5,2030-05-06T18:00:00Z,2030-05-08T11:00:00Z,41,3.0,99.0,11.0,330.0,0.0,18.0
WX-CFN5,2030-05-06T18:00:00Z,2030-05-08T12:00:00Z,42,2.5,91.0,9.0,345.0,0.0,17.0
WX-CFN5,2030-05-06T18:00:00Z,2030-05-08T13:00:00Z,43,3.7,74.0,9.0,350.0,0.0,17.0
WX-CFN5,2030-05-06T18:00:00Z,2030-05-08T14:00:00Z,44,7.0,70.0,13.0,334.0,0.0,17.0
WX-CFN5,2030-05-06T18:00:00Z,2030-05-08T15:00:00Z,45,8.9,57.0,16.0,337.0,0.0,16.0
WX-CFN5,2030-05-06T18:00:00Z,2030-05-08T16:00:00Z,46,11.3,60.0,19.0,329.0,0.0,16.0
WX-CFN5,2030-05-06T18:00:00Z,2030-05-08T17:00:00Z,47,13.3,45.0,25.0,330.0,0.0,16.0
WX-CFN5,2030-05-06T18:00:00Z,2030-05-08T18:00:00Z,48,14.5,42.0,29.0,335.0,0.0,16.0
WX-CFN5,2030-05-06T18:00:00Z,2030-05-08T19:00:00Z,49,14.0,36.0,31.0,336.0,0.0,16.0
WX-CFN5,2030-05-06T18:00:00Z,2030-05-08T20:00:00Z,50,15.4,38.0,28.0,326.0,0.0,16.0
WX-CFN5,2030-05-06T18:00:00Z,2030-05-08T21:00:00Z,51,16.9,36.0,32.0,336.0,0.0,16.0
WX-CFN5,2030-05-06T18:00:00Z,2030-05-08T22:00:00Z,52,16.2,41.0,30.0,341.0,0.0,16.0
WX-CFN5,2030-05-06T18:00:00Z,2030-05-08T23:00:00Z,53,16.5,25.0,27.0,346.0,0.0,16.0
WX-CFN5,2030-05-06T18:00:00Z,2030-05-09T00:00:00Z,54,15.0,46.0,25.0,355.0,0.0,16.0
WX-CFN5,2030-05-06T18:00:00Z,2030-05-09T01:00:00Z,55,13.3,43.0,19.0,317.0,0.0,16.0
WX-CFN5,2030-05-06T18:00:00Z,2030-05-09T02:00:00Z,56,12.3,34.0,15.0,332.0,0.0,16.0
WX-CFN5,2030-05-06T18:00:00Z,2030-05-09T03:00:00Z,57,10.6,54.0,10.0,336.0,0.0,16.0
WX-CFN5,2030-05-06T18:00:00Z,2030-05-09T04:00:00Z,58,9.7,66.0,11.0,330.0,0.0,16.0
WX-CFN5,2030-05-06T18:00:00Z,2030-05-09T05:00:00Z,59,7.4,77.0,11.0,321.0,0.0,16.0
WX-CFN5,2030-05-06T18:00:00Z,2030-05-09T06:00:00Z,60,4.9,65.0,6.0,318.0,0.0,16.0
WX-CFN5,2030-05-06T18:00:00Z,2030-05-09T07:00:00Z,61,3.9,76.0,7.0,308.0,0.0,16.0
WX-CFN5,2030-05-06T18:00:00Z,2030-05-09T08:00:00Z,62,2.7,77.0,6.0,301.0,0.0,16.0
WX-CFN5,2030-05-06T18:00:00Z,2030-05-09T09:00:00Z,63,2.0,93.0,6.0,313.0,0.0,16.0
WX-CFN5,2030-05-06T18:00:00Z,2030-05-09T10:00:00Z,64,2.5,95.0,7.0,310.0,0.0,16.0
WX-CFN5,2030-05-06T18:00:00Z,2030-05-09T11:00:00Z,65,3.8,94.0,7.0,320.0,0.0,16.0
WX-CFN5,2030-05-06T18:00:00Z,2030-05-09T12:00:00Z,66,5.7,83.0,7.0,306.0,0.0,16.0
WX-CFN5,2030-05-06T18:00:00Z,2030-05-09T13:00:00Z,67,4.8,72.0,7.0,306.0,0.0,16.0
WX-CFN5,2030-05-06T18:00:00Z,2030-05-09T14:00:00Z,68,7.3,78.0,8.0,320.0,0.0,16.0
WX-CFN5,2030-05-06T18:00:00Z,2030-05-09T15:00:00Z,69,7.9,55.0,12.0,313.0,0.0,16.0
WX-CFN5,2030-05-06T18:00:00Z,2030-05-09T16:00:00Z,70,9.0,65.0,16.0,314.0,0.0,16.0
WX-CFN5,2030-05-06T18:00:00Z,2030-05-09T17:00:00Z,71,11.6,41.0,15.0,294.0,0.0,16.0
WX-CFN5,2030-05-06T18:00:00Z,2030-05-09T18:00:00Z,72,14.7,32.0,17.0,293.0,0.0,16.0
WX-CEM5,2030-05-06T18:00:00Z,2030-05-06T19:00:00Z,1,27.8,14.0,13.0,234.0,0.0,21.0
WX-CEM5,2030-05-06T18:00:00Z,2030-05-06T20:00:00Z,2,29.0,11.0,14.0,232.0,0.0,21.0
WX-CEM5,2030-05-06T18:00:00Z,2030-05-06T21:00:00Z,3,28.9,13.0,15.0,226.0,0.0,21.0
WX-CEM5,2030-05-06T18:00:00Z,2030-05-06T22:00:00Z,4,30.5,14.0,13.0,237.0,0.0,21.0
WX-CEM5,2030-05-06T18:00:00Z,2030-05-06T23:00:00Z,5,30.3,14.0,12.0,224.0,0.0,21.0
WX-CEM5,2030-05-06T18:00:00Z,2030-05-07T00:00:00Z,6,27.6,11.0,11.0,236.0,0.0,21.0
WX-CEM5,2030-05-06T18:00:00Z,2030-05-07T01:00:00Z,7,26.0,12.0,8.0,234.0,0.0,21.0
WX-CEM5,2030-05-06T18:00:00Z,2030-05-07T02:00:00Z,8,22.9,18.0,6.0,235.0,0.0,21.0
WX-CEM5,2030-05-06T18:00:00Z,2030-05-07T03:00:00Z,9,22.2,21.0,4.0,228.0,0.0,21.0
WX-CEM5,2030-05-06T18:00:00Z,2030-05-07T04:00:00Z,10,18.1,23.0,4.0,239.0,0.0,21.0
WX-CEM5,2030-05-06T18:00:00Z,2030-05-07T05:00:00Z,11,15.8,30.0,4.0,219.0,0.0,21.0
WX-CEM5,2030-05-06T18:00:00Z,2030-05-07T06:00:00Z,12,16.4,25.0,5.0,219.0,0.0,21.0
WX-CEM5,2030-05-06T18:00:00Z,2030-05-07T07:00:00Z,13,15.3,30.0,6.0,223.0,0.0,21.0
WX-CEM5,2030-05-06T18:00:00Z,2030-05-07T08:00:00Z,14,13.1,28.0,6.0,232.0,0.0,21.0
WX-CEM5,2030-05-06T18:00:00Z,2030-05-07T09:00:00Z,15,12.2,31.0,6.0,226.0,0.0,21.0
WX-CEM5,2030-05-06T18:00:00Z,2030-05-07T10:00:00Z,16,14.0,32.0,7.0,229.0,0.0,21.0
WX-CEM5,2030-05-06T18:00:00Z,2030-05-07T11:00:00Z,17,13.9,36.0,6.0,215.0,0.0,21.0
WX-CEM5,2030-05-06T18:00:00Z,2030-05-07T12:00:00Z,18,14.8,28.0,7.0,220.0,0.0,21.0
WX-CEM5,2030-05-06T18:00:00Z,2030-05-07T13:00:00Z,19,17.3,33.0,7.0,216.0,0.0,21.0
WX-CEM5,2030-05-06T18:00:00Z,2030-05-07T14:00:00Z,20,18.4,25.0,9.0,233.0,0.0,21.0
WX-CEM5,2030-05-06T18:00:00Z,2030-05-07T15:00:00Z,21,22.5,21.0,12.0,228.0,0.0,21.0
WX-CEM5,2030-05-06T18:00:00Z,2030-05-07T16:00:00Z,22,24.9,25.0,13.0,230.0,0.0,22.0
WX-CEM5,2030-05-06T18:00:00Z,2030-05-07T17:00:00Z,23,26.0,14.0,17.0,226.0,0.0,22.0
WX-CEM5,2030-05-06T18:00:00Z,2030-05-07T18:00:00Z,24,29.9,9.0,21.0,224.0,0.0,22.0
WX-CEM5,2030-05-06T18:00:00Z,2030-05-07T19:00:00Z,25,31.3,11.0,18.0,228.0,0.0,22.0
WX-CEM5,2030-05-06T18:00:00Z,2030-05-07T20:00:00Z,26,34.3,8.0,18.0,231.0,0.0,22.0
WX-CEM5,2030-05-06T18:00:00Z,2030-05-07T21:00:00Z,27,33.8,7.0,22.0,213.0,0.0,23.0
WX-CEM5,2030-05-06T18:00:00Z,2030-05-07T22:00:00Z,28,34.2,12.0,19.0,223.0,0.0,25.0
WX-CEM5,2030-05-06T18:00:00Z,2030-05-07T23:00:00Z,29,32.6,11.0,17.0,229.0,0.0,27.0
WX-CEM5,2030-05-06T18:00:00Z,2030-05-08T00:00:00Z,30,31.8,13.0,15.0,218.0,0.0,31.0
WX-CEM5,2030-05-06T18:00:00Z,2030-05-08T01:00:00Z,31,30.4,8.0,13.0,229.0,0.0,36.0
WX-CEM5,2030-05-06T18:00:00Z,2030-05-08T02:00:00Z,32,28.8,22.0,10.0,222.0,0.0,43.0
WX-CEM5,2030-05-06T18:00:00Z,2030-05-08T03:00:00Z,33,25.0,18.0,7.0,232.0,0.0,52.0
WX-CEM5,2030-05-06T18:00:00Z,2030-05-08T04:00:00Z,34,20.2,25.0,12.0,256.0,0.0,62.0
WX-CEM5,2030-05-06T18:00:00Z,2030-05-08T05:00:00Z,35,17.5,38.0,16.0,317.0,0.0,72.0
WX-CEM5,2030-05-06T18:00:00Z,2030-05-08T06:00:00Z,36,11.7,44.0,14.0,321.0,0.0,81.0
WX-CEM5,2030-05-06T18:00:00Z,2030-05-08T07:00:00Z,37,9.3,55.0,14.0,322.0,0.0,87.0
WX-CEM5,2030-05-06T18:00:00Z,2030-05-08T08:00:00Z,38,9.4,53.0,11.0,334.0,0.0,91.0
WX-CEM5,2030-05-06T18:00:00Z,2030-05-08T09:00:00Z,39,7.8,50.0,9.0,321.0,0.0,91.0
WX-CEM5,2030-05-06T18:00:00Z,2030-05-08T10:00:00Z,40,8.2,49.0,9.0,345.0,0.0,87.0
WX-CEM5,2030-05-06T18:00:00Z,2030-05-08T11:00:00Z,41,9.8,56.0,8.0,329.0,0.0,80.0
WX-CEM5,2030-05-06T18:00:00Z,2030-05-08T12:00:00Z,42,9.7,56.0,7.0,330.0,0.0,71.0
WX-CEM5,2030-05-06T18:00:00Z,2030-05-08T13:00:00Z,43,10.6,49.0,8.0,344.0,0.0,61.0
WX-CEM5,2030-05-06T18:00:00Z,2030-05-08T14:00:00Z,44,11.3,49.0,9.0,334.0,0.0,51.0
WX-CEM5,2030-05-06T18:00:00Z,2030-05-08T15:00:00Z,45,11.4,35.0,13.0,326.0,0.0,43.0
WX-CEM5,2030-05-06T18:00:00Z,2030-05-08T16:00:00Z,46,15.3,37.0,17.0,337.0,0.0,36.0
WX-CEM5,2030-05-06T18:00:00Z,2030-05-08T17:00:00Z,47,17.9,35.0,19.0,355.0,0.0,31.0
WX-CEM5,2030-05-06T18:00:00Z,2030-05-08T18:00:00Z,48,19.2,27.0,20.0,313.0,0.0,27.0
WX-CEM5,2030-05-06T18:00:00Z,2030-05-08T19:00:00Z,49,19.6,24.0,19.0,329.0,0.0,25.0
WX-CEM5,2030-05-06T18:00:00Z,2030-05-08T20:00:00Z,50,21.4,19.0,22.0,356.0,0.0,23.0
WX-CEM5,2030-05-06T18:00:00Z,2030-05-08T21:00:00Z,51,20.9,31.0,26.0,337.0,0.0,22.0
WX-CEM5,2030-05-06T18:00:00Z,2030-05-08T22:00:00Z,52,22.0,27.0,23.0,328.0,0.0,22.0
WX-CEM5,2030-05-06T18:00:00Z,2030-05-08T23:00:00Z,53,20.7,15.0,22.0,330.0,0.0,22.0
WX-CEM5,2030-05-06T18:00:00Z,2030-05-09T00:00:00Z,54,20.6,34.0,21.0,322.0,0.0,22.0
WX-CEM5,2030-05-06T18:00:00Z,2030-05-09T01:00:00Z,55,19.1,24.0,14.0,351.0,0.0,22.0
WX-CEM5,2030-05-06T18:00:00Z,2030-05-09T02:00:00Z,56,17.2,24.0,12.0,346.0,0.0,21.0
WX-CEM5,2030-05-06T18:00:00Z,2030-05-09T03:00:00Z,57,16.5,42.0,9.0,331.0,0.0,21.0
WX-CEM5,2030-05-06T18:00:00Z,2030-05-09T04:00:00Z,58,15.0,42.0,8.0,338.0,0.0,21.0
WX-CEM5,2030-05-06T18:00:00Z,2030-05-09T05:00:00Z,59,12.7,39.0,7.0,341.0,0.0,21.0
WX-CEM5,2030-05-06T18:00:00Z,2030-05-09T06:00:00Z,60,11.8,41.0,6.0,310.0,0.0,21.0
WX-CEM5,2030-05-06T18:00:00Z,2030-05-09T07:00:00Z,61,9.4,56.0,6.0,296.0,0.0,21.0
WX-CEM5,2030-05-06T18:00:00Z,2030-05-09T08:00:00Z,62,7.7,59.0,6.0,301.0,0.0,21.0
WX-CEM5,2030-05-06T18:00:00Z,2030-05-09T09:00:00Z,63,7.6,50.0,6.0,298.0,0.0,21.0
WX-CEM5,2030-05-06T18:00:00Z,2030-05-09T10:00:00Z,64,8.0,66.0,5.0,305.0,0.0,21.0
WX-CEM5,2030-05-06T18:00:00Z,2030-05-09T11:00:00Z,65,8.0,52.0,5.0,315.0,0.0,21.0
WX-CEM5,2030-05-06T18:00:00Z,2030-05-09T12:00:00Z,66,9.8,49.0,4.0,305.0,0.1,81.0
WX-CEM5,2030-05-06T18:00:00Z,2030-05-09T13:00:00Z,67,11.9,41.0,6.0,315.0,0.1,81.0
WX-CEM5,2030-05-06T18:00:00Z,2030-05-09T14:00:00Z,68,12.4,39.0,6.0,299.0,0.2,81.0
WX-CEM5,2030-05-06T18:00:00Z,2030-05-09T15:00:00Z,69,13.8,33.0,10.0,314.0,0.2,81.0
WX-CEM5,2030-05-06T18:00:00Z,2030-05-09T16:00:00Z,70,15.3,24.0,11.0,302.0,0.2,81.0
WX-CEM5,2030-05-06T18:00:00Z,2030-05-09T17:00:00Z,71,17.3,28.0,13.0,317.0,0.1,81.0
WX-CEM5,2030-05-06T18:00:00Z,2030-05-09T18:00:00Z,72,18.8,16.0,15.0,298.0,0.1,81.0
WX-CYMM,2030-05-07T18:00:00Z,2030-05-07T19:00:00Z,1,26.7,12.0,20.0,201.0,0.0,2.0
WX-CYMM,2030-05-07T18:00:00Z,2030-05-07T20:00:00Z,2,28.6,20.0,20.0,204.0,0.0,3.0
WX-CYMM,2030-05-07T18:00:00Z,2030-05-07T21:00:00Z,3,29.7,14.0,23.0,205.0,0.0,4.0
WX-CYMM,2030-05-07T18:00:00Z,2030-05-07T22:00:00Z,4,29.5,13.0,19.0,208.0,0.0,6.0
WX-CYMM,2030-05-07T18:00:00Z,2030-05-07T23:00:00Z,5,28.5,10.0,19.0,212.0,0.0,8.0
WX-CYMM,2030-05-07T18:00:00Z,2030-05-08T00:00:00Z,6,27.2,18.0,16.0,216.0,0.0,12.0
WX-CYMM,2030-05-07T18:00:00Z,2030-05-08T01:00:00Z,7,24.8,18.0,13.0,207.0,0.0,18.0
WX-CYMM,2030-05-07T18:00:00Z,2030-05-08T02:00:00Z,8,22.0,23.0,10.0,205.0,0.0,25.0
WX-CYMM,2030-05-07T18:00:00Z,2030-05-08T03:00:00Z,9,19.5,27.0,8.0,199.0,0.0,34.0
WX-CYMM,2030-05-07T18:00:00Z,2030-05-08T04:00:00Z,10,15.7,31.0,13.0,242.0,0.0,44.0
WX-CYMM,2030-05-07T18:00:00Z,2030-05-08T05:00:00Z,11,9.9,55.0,18.0,301.0,0.0,54.0
WX-CYMM,2030-05-07T18:00:00Z,2030-05-08T06:00:00Z,12,5.9,67.0,16.0,314.0,0.0,62.0
WX-CYMM,2030-05-07T18:00:00Z,2030-05-08T07:00:00Z,13,4.3,74.0,14.0,319.0,0.0,69.0
WX-CYMM,2030-05-07T18:00:00Z,2030-05-08T08:00:00Z,14,3.7,83.0,11.0,327.0,0.1,100.0
WX-CYMM,2030-05-07T18:00:00Z,2030-05-08T09:00:00Z,15,3.4,82.0,9.0,314.0,0.1,100.0
WX-CYMM,2030-05-07T18:00:00Z,2030-05-08T10:00:00Z,16,2.1,84.0,8.0,310.0,0.1,100.0
WX-CYMM,2030-05-07T18:00:00Z,2030-05-08T11:00:00Z,17,4.6,81.0,8.0,325.0,0.1,100.0
WX-CYMM,2030-05-07T18:00:00Z,2030-05-08T12:00:00Z,18,4.0,74.0,8.0,315.0,0.0,50.0
WX-CYMM,2030-05-07T18:00:00Z,2030-05-08T13:00:00Z,19,6.5,66.0,9.0,317.0,0.0,40.0
WX-CYMM,2030-05-07T18:00:00Z,2030-05-08T14:00:00Z,20,7.2,58.0,10.0,326.0,0.0,30.0
WX-CYMM,2030-05-07T18:00:00Z,2030-05-08T15:00:00Z,21,8.4,57.0,13.0,325.0,0.0,22.0
WX-CYMM,2030-05-07T18:00:00Z,2030-05-08T16:00:00Z,22,9.7,48.0,15.0,321.0,0.0,15.0
WX-CYMM,2030-05-07T18:00:00Z,2030-05-08T17:00:00Z,23,12.4,40.0,20.0,307.0,0.0,10.0
WX-CYMM,2030-05-07T18:00:00Z,2030-05-08T18:00:00Z,24,14.2,46.0,20.0,310.0,0.0,7.0
WX-CYMM,2030-05-07T18:00:00Z,2030-05-08T19:00:00Z,25,16.1,30.0,24.0,313.0,0.0,5.0
WX-CYMM,2030-05-07T18:00:00Z,2030-05-08T20:00:00Z,26,17.7,29.0,24.0,319.0,0.0,3.0
WX-CYMM,2030-05-07T18:00:00Z,2030-05-08T21:00:00Z,27,17.1,30.0,25.0,314.0,0.0,3.0
WX-CYMM,2030-05-07T18:00:00Z,2030-05-08T22:00:00Z,28,16.7,35.0,21.0,302.0,0.0,2.0
WX-CYMM,2030-05-07T18:00:00Z,2030-05-08T23:00:00Z,29,16.2,27.0,19.0,305.0,0.0,2.0
WX-CYMM,2030-05-07T18:00:00Z,2030-05-09T00:00:00Z,30,15.1,29.0,17.0,324.0,0.0,2.0
WX-CYMM,2030-05-07T18:00:00Z,2030-05-09T01:00:00Z,31,14.8,36.0,14.0,318.0,0.0,2.0
WX-CYMM,2030-05-07T18:00:00Z,2030-05-09T02:00:00Z,32,11.6,43.0,12.0,319.0,0.0,2.0
WX-CYMM,2030-05-07T18:00:00Z,2030-05-09T03:00:00Z,33,10.1,44.0,8.0,322.0,0.0,2.0
WX-CYMM,2030-05-07T18:00:00Z,2030-05-09T04:00:00Z,34,8.5,55.0,7.0,319.0,0.0,2.0
WX-CYMM,2030-05-07T18:00:00Z,2030-05-09T05:00:00Z,35,6.3,65.0,9.0,319.0,0.0,2.0
WX-CYMM,2030-05-07T18:00:00Z,2030-05-09T06:00:00Z,36,5.3,67.0,5.0,294.0,0.0,2.0
WX-CYMM,2030-05-07T18:00:00Z,2030-05-09T07:00:00Z,37,4.5,73.0,5.0,286.0,0.0,2.0
WX-CYMM,2030-05-07T18:00:00Z,2030-05-09T08:00:00Z,38,3.7,77.0,5.0,292.0,0.0,2.0
WX-CYMM,2030-05-07T18:00:00Z,2030-05-09T09:00:00Z,39,3.1,76.0,5.0,295.0,0.0,2.0
WX-CYMM,2030-05-07T18:00:00Z,2030-05-09T10:00:00Z,40,2.7,77.0,6.0,296.0,0.0,2.0
WX-CYMM,2030-05-07T18:00:00Z,2030-05-09T11:00:00Z,41,2.8,77.0,6.0,290.0,0.1,62.0
WX-CYMM,2030-05-07T18:00:00Z,2030-05-09T12:00:00Z,42,5.0,77.0,5.0,285.0,0.2,62.0
WX-CYMM,2030-05-07T18:00:00Z,2030-05-09T13:00:00Z,43,7.1,86.0,6.0,289.0,0.4,62.0
WX-CYMM,2030-05-07T18:00:00Z,2030-05-09T14:00:00Z,44,8.2,87.0,7.0,301.0,0.5,62.0
WX-CYMM,2030-05-07T18:00:00Z,2030-05-09T15:00:00Z,45,8.8,95.0,10.0,280.0,0.6,62.0
WX-CYMM,2030-05-07T18:00:00Z,2030-05-09T16:00:00Z,46,11.2,76.0,12.0,292.0,0.5,62.0
WX-CYMM,2030-05-07T18:00:00Z,2030-05-09T17:00:00Z,47,13.0,85.0,14.0,307.0,0.4,62.0
WX-CYMM,2030-05-07T18:00:00Z,2030-05-09T18:00:00Z,48,16.0,87.0,16.0,289.0,0.2,62.0
WX-CYMM,2030-05-07T18:00:00Z,2030-05-09T19:00:00Z,49,16.5,30.0,16.0,294.0,0.1,62.0
WX-CYMM,2030-05-07T18:00:00Z,2030-05-09T20:00:00Z,50,17.7,21.0,19.0,282.0,0.0,2.0
WX-CYMM,2030-05-07T18:00:00Z,2030-05-09T21:00:00Z,51,19.0,22.0,18.0,290.0,0.0,2.0
WX-CYMM,2030-05-07T18:00:00Z,2030-05-09T22:00:00Z,52,17.2,30.0,18.0,292.0,0.0,2.0
WX-CYMM,2030-05-07T18:00:00Z,2030-05-09T23:00:00Z,53,17.7,36.0,15.0,296.0,0.0,2.0
WX-CYMM,2030-05-07T18:00:00Z,2030-05-10T00:00:00Z,54,16.2,29.0,13.0,294.0,0.0,2.0
WX-CYMM,2030-05-07T18:00:00Z,2030-05-10T01:00:00Z,55,14.7,34.0,11.0,278.0,0.0,2.0
WX-CYMM,2030-05-07T18:00:00Z,2030-05-10T02:00:00Z,56,13.0,54.0,8.0,288.0,0.0,2.0
WX-CYMM,2030-05-07T18:00:00Z,2030-05-10T03:00:00Z,57,13.0,42.0,4.0,286.0,0.0,2.0
WX-CYMM,2030-05-07T18:00:00Z,2030-05-10T04:00:00Z,58,10.0,62.0,5.0,301.0,0.0,2.0
WX-CYMM,2030-05-07T18:00:00Z,2030-05-10T05:00:00Z,59,8.0,61.0,5.0,299.0,0.0,2.0
WX-CYMM,2030-05-07T18:00:00Z,2030-05-10T06:00:00Z,60,6.3,64.0,5.0,270.0,0.0,2.0
WX-CYMM,2030-05-07T18:00:00Z,2030-05-10T07:00:00Z,61,5.4,78.0,4.0,269.0,0.0,2.0
WX-CYMM,2030-05-07T18:00:00Z,2030-05-10T08:00:00Z,62,6.6,79.0,5.0,267.0,0.0,2.0
WX-CYMM,2030-05-07T18:00:00Z,2030-05-10T09:00:00Z,63,5.0,81.0,5.0,266.0,0.0,2.0
WX-CYMM,2030-05-07T18:00:00Z,2030-05-10T10:00:00Z,64,3.9,73.0,4.0,250.0,0.0,2.0
WX-CYMM,2030-05-07T18:00:00Z,2030-05-10T11:00:00Z,65,5.5,78.0,5.0,263.0,0.0,2.0
WX-CYMM,2030-05-07T18:00:00Z,2030-05-10T12:00:00Z,66,4.5,72.0,4.0,285.0,0.0,2.0
WX-CYMM,2030-05-07T18:00:00Z,2030-05-10T13:00:00Z,67,6.4,64.0,5.0,263.0,0.0,2.0
WX-CYMM,2030-05-07T18:00:00Z,2030-05-10T14:00:00Z,68,8.8,54.0,5.0,264.0,0.0,2.0
WX-CYMM,2030-05-07T18:00:00Z,2030-05-10T15:00:00Z,69,12.3,51.0,8.0,277.0,0.0,2.0
WX-CYMM,2030-05-07T18:00:00Z,2030-05-10T16:00:00Z,70,12.4,34.0,10.0,263.0,0.0,2.0
WX-CYMM,2030-05-07T18:00:00Z,2030-05-10T17:00:00Z,71,12.8,40.0,11.0,280.0,0.0,2.0
WX-CYMM,2030-05-07T18:00:00Z,2030-05-10T18:00:00Z,72,18.1,24.0,10.0,253.0,0.0,2.0
WX-CYZH,2030-05-07T18:00:00Z,2030-05-07T19:00:00Z,1,28.3,11.0,25.0,225.0,0.0,30.0
WX-CYZH,2030-05-07T18:00:00Z,2030-05-07T20:00:00Z,2,29.4,13.0,26.0,225.0,0.0,32.0
WX-CYZH,2030-05-07T18:00:00Z,2030-05-07T21:00:00Z,3,29.7,9.0,23.0,223.0,0.0,35.0
WX-CYZH,2030-05-07T18:00:00Z,2030-05-07T22:00:00Z,4,29.5,19.0,22.0,238.0,0.0,39.0
WX-CYZH,2030-05-07T18:00:00Z,2030-05-07T23:00:00Z,5,30.6,10.0,20.0,228.0,0.0,45.0
WX-CYZH,2030-05-07T18:00:00Z,2030-05-08T00:00:00Z,6,27.9,10.0,18.0,225.0,0.0,53.0
WX-CYZH,2030-05-07T18:00:00Z,2030-05-08T01:00:00Z,7,26.3,12.0,17.0,226.0,0.0,62.0
WX-CYZH,2030-05-07T18:00:00Z,2030-05-08T02:00:00Z,8,21.9,23.0,19.0,265.0,0.0,72.0
WX-CYZH,2030-05-07T18:00:00Z,2030-05-08T03:00:00Z,9,15.0,34.0,19.0,326.0,0.0,81.0
WX-CYZH,2030-05-07T18:00:00Z,2030-05-08T04:00:00Z,10,15.0,41.0,20.0,328.0,0.0,90.0
WX-CYZH,2030-05-07T18:00:00Z,2030-05-08T05:00:00Z,11,11.1,47.0,17.0,332.0,0.0,96.0
WX-CYZH,2030-05-07T18:00:00Z,2030-05-08T06:00:00Z,12,6.7,64.0,11.0,335.0,0.1,100.0
WX-CYZH,2030-05-07T18:00:00Z,2030-05-08T07:00:00Z,13,5.1,66.0,9.0,329.0,0.1,100.0
WX-CYZH,2030-05-07T18:00:00Z,2030-05-08T08:00:00Z,14,5.5,62.0,9.0,330.0,0.1,100.0
WX-CYZH,2030-05-07T18:00:00Z,2030-05-08T09:00:00Z,15,3.7,72.0,8.0,333.0,0.0,84.0
WX-CYZH,2030-05-07T18:00:00Z,2030-05-08T10:00:00Z,16,4.3,73.0,9.0,331.0,0.0,74.0
WX-CYZH,2030-05-07T18:00:00Z,2030-05-08T11:00:00Z,17,4.5,60.0,8.0,340.0,0.0,64.0
WX-CYZH,2030-05-07T18:00:00Z,2030-05-08T12:00:00Z,18,6.1,63.0,9.0,336.0,0.0,55.0
WX-CYZH,2030-05-07T18:00:00Z,2030-05-08T13:00:00Z,19,6.2,54.0,8.0,341.0,0.0,47.0
WX-CYZH,2030-05-07T18:00:00Z,2030-05-08T14:00:00Z,20,8.7,57.0,12.0,333.0,0.0,40.0
WX-CYZH,2030-05-07T18:00:00Z,2030-05-08T15:00:00Z,21,10.5,43.0,13.0,334.0,0.0,36.0
WX-CYZH,2030-05-07T18:00:00Z,2030-05-08T16:00:00Z,22,12.3,40.0,16.0,339.0,0.0,33.0
WX-CYZH,2030-05-07T18:00:00Z,2030-05-08T17:00:00Z,23,14.6,40.0,21.0,344.0,0.0,31.0
WX-CYZH,2030-05-07T18:00:00Z,2030-05-08T18:00:00Z,24,15.6,35.0,24.0,339.0,0.0,29.0
WX-CYZH,2030-05-07T18:00:00Z,2030-05-08T19:00:00Z,25,16.1,26.0,25.0,343.0,0.0,29.0
WX-CYZH,2030-05-07T18:00:00Z,2030-05-08T20:00:00Z,26,17.3,30.0,24.0,338.0,0.0,28.0
WX-CYZH,2030-05-07T18:00:00Z,2030-05-08T21:00:00Z,27,19.1,31.0,25.0,320.0,0.0,28.0
WX-CYZH,2030-05-07T18:00:00Z,2030-05-08T22:00:00Z,28,17.4,31.0,22.0,347.0,0.0,28.0
WX-CYZH,2030-05-07T18:00:00Z,2030-05-08T23:00:00Z,29,18.5,29.0,22.0,335.0,0.0,28.0
WX-CYZH,2030-05-07T18:00:00Z,2030-05-09T00:00:00Z,30,17.7,25.0,19.0,343.0,0.0,28.0
WX-CYZH,2030-05-07T18:00:00Z,2030-05-09T01:00:00Z,31,17.4,35.0,16.0,332.0,0.0,28.0
WX-CYZH,2030-05-07T18:00:00Z,2030-05-09T02:00:00Z,32,13.0,36.0,13.0,328.0,0.0,28.0
WX-CYZH,2030-05-07T18:00:00Z,2030-05-09T03:00:00Z,33,12.4,42.0,9.0,333.0,0.0,28.0
WX-CYZH,2030-05-07T18:00:00Z,2030-05-09T04:00:00Z,34,9.2,45.0,9.0,350.0,0.0,28.0
WX-CYZH,2030-05-07T18:00:00Z,2030-05-09T05:00:00Z,35,9.4,58.0,9.0,339.0,0.0,28.0
WX-CYZH,2030-05-07T18:00:00Z,2030-05-09T06:00:00Z,36,7.3,61.0,6.0,309.0,0.0,28.0
WX-CYZH,2030-05-07T18:00:00Z,2030-05-09T07:00:00Z,37,5.4,54.0,6.0,312.0,0.0,28.0
WX-CYZH,2030-05-07T18:00:00Z,2030-05-09T08:00:00Z,38,4.6,69.0,5.0,320.0,0.0,28.0
WX-CYZH,2030-05-07T18:00:00Z,2030-05-09T09:00:00Z,39,3.6,79.0,6.0,309.0,0.0,28.0
WX-CYZH,2030-05-07T18:00:00Z,2030-05-09T10:00:00Z,40,5.6,68.0,6.0,305.0,0.0,28.0
WX-CYZH,2030-05-07T18:00:00Z,2030-05-09T11:00:00Z,41,4.6,68.0,6.0,316.0,0.1,88.0
WX-CYZH,2030-05-07T18:00:00Z,2030-05-09T12:00:00Z,42,6.0,48.0,5.0,311.0,0.2,88.0
WX-CYZH,2030-05-07T18:00:00Z,2030-05-09T13:00:00Z,43,7.3,84.0,6.0,321.0,0.3,88.0
WX-CYZH,2030-05-07T18:00:00Z,2030-05-09T14:00:00Z,44,9.2,81.0,8.0,314.0,0.4,88.0
WX-CYZH,2030-05-07T18:00:00Z,2030-05-09T15:00:00Z,45,10.3,81.0,9.0,308.0,0.4,88.0
WX-CYZH,2030-05-07T18:00:00Z,2030-05-09T16:00:00Z,46,12.8,92.0,14.0,319.0,0.4,88.0
WX-CYZH,2030-05-07T18:00:00Z,2030-05-09T17:00:00Z,47,13.9,89.0,15.0,296.0,0.3,88.0
WX-CYZH,2030-05-07T18:00:00Z,2030-05-09T18:00:00Z,48,17.0,17.0,17.0,312.0,0.2,88.0
WX-CYZH,2030-05-07T18:00:00Z,2030-05-09T19:00:00Z,49,17.0,22.0,17.0,329.0,0.1,88.0
WX-CYZH,2030-05-07T18:00:00Z,2030-05-09T20:00:00Z,50,18.4,23.0,18.0,300.0,0.0,28.0
WX-CYZH,2030-05-07T18:00:00Z,2030-05-09T21:00:00Z,51,19.0,20.0,20.0,322.0,0.0,28.0
WX-CYZH,2030-05-07T18:00:00Z,2030-05-09T22:00:00Z,52,20.4,29.0,18.0,323.0,0.0,28.0
WX-CYZH,2030-05-07T18:00:00Z,2030-05-09T23:00:00Z,53,18.7,32.0,16.0,316.0,0.0,28.0
WX-CYZH,2030-05-07T18:00:00Z,2030-05-10T00:00:00Z,54,18.5,30.0,15.0,316.0,0.0,28.0
WX-CYZH,2030-05-07T18:00:00Z,2030-05-10T01:00:00Z,55,17.5,43.0,11.0,311.0,0.0,28.0
WX-CYZH,2030-05-07T18:00:00Z,2030-05-10T02:00:00Z,56,14.7,38.0,8.0,320.0,0.0,28.0
WX-CYZH,2030-05-07T18:00:00Z,2030-05-10T03:00:00Z,57,13.5,34.0,7.0,315.0,0.0,28.0
WX-CYZH,2030-05-07T18:00:00Z,2030-05-10T04:00:00Z,58,11.5,37.0,5.0,304.0,0.0,28.0
WX-CYZH,2030-05-07T18:00:00Z,2030-05-10T05:00:00Z,59,9.0,49.0,6.0,300.0,0.0,28.0
WX-CYZH,2030-05-07T18:00:00Z,2030-05-10T06:00:00Z,60,7.9,62.0,5.0,304.0,0.0,28.0
WX-CYZH,2030-05-07T18:00:00Z,2030-05-10T07:00:00Z,61,7.2,69.0,5.0,296.0,0.0,28.0
WX-CYZH,2030-05-07T18:00:00Z,2030-05-10T08:00:00Z,62,7.0,67.0,5.0,291.0,0.0,28.0
WX-CYZH,2030-05-07T18:00:00Z,2030-05-10T09:00:00Z,63,5.0,60.0,5.0,292.0,0.0,28.0
WX-CYZH,2030-05-07T18:00:00Z,2030-05-10T10:00:00Z,64,4.2,62.0,5.0,292.0,0.0,28.0
WX-CYZH,2030-05-07T18:00:00Z,2030-05-10T11:00:00Z,65,6.1,70.0,5.0,296.0,0.0,28.0
WX-CYZH,2030-05-07T18:00:00Z,2030-05-10T12:00:00Z,66,6.9,60.0,5.0,271.0,0.0,28.0
WX-CYZH,2030-05-07T18:00:00Z,2030-05-10T13:00:00Z,67,8.0,51.0,5.0,300.0,0.0,28.0
WX-CYZH,2030-05-07T18:00:00Z,2030-05-10T14:00:00Z,68,10.6,48.0,5.0,293.0,0.0,28.0
WX-CYZH,2030-05-07T18:00:00Z,2030-05-10T15:00:00Z,69,13.0,45.0,8.0,288.0,0.0,28.0
WX-CYZH,2030-05-07T18:00:00Z,2030-05-10T16:00:00Z,70,12.4,41.0,9.0,295.0,0.0,28.0
WX-CYZH,2030-05-07T18:00:00Z,2030-05-10T17:00:00Z,71,15.2,32.0,10.0,275.0,0.0,28.0
WX-CYZH,2030-05-07T18:00:00Z,2030-05-10T18:00:00Z,72,17.9,20.0,12.0,294.0,0.0,28.0
WX-CYOJ,2030-05-07T18:00:00Z,2030-05-07T19:00:00Z,1,19.0,27.0,51.0,329.0,0.0,78.0
WX-CYOJ,2030-05-07T18:00:00Z,2030-05-07T20:00:00Z,2,19.0,27.0,41.0,326.0,0.0,78.0
WX-CYOJ,2030-05-07T18:00:00Z,2030-05-07T21:00:00Z,3,18.9,26.0,44.0,323.0,0.0,75.0
WX-CYOJ,2030-05-07T18:00:00Z,2030-05-07T22:00:00Z,4,20.9,28.0,33.0,321.0,0.0,69.0
WX-CYOJ,2030-05-07T18:00:00Z,2030-05-07T23:00:00Z,5,19.7,31.0,36.0,329.0,0.0,60.0
WX-CYOJ,2030-05-07T18:00:00Z,2030-05-08T00:00:00Z,6,17.6,32.0,30.0,321.0,0.0,50.0
WX-CYOJ,2030-05-07T18:00:00Z,2030-05-08T01:00:00Z,7,17.2,34.0,26.0,332.0,0.0,41.0
WX-CYOJ,2030-05-07T18:00:00Z,2030-05-08T02:00:00Z,8,15.9,34.0,19.0,322.0,0.0,32.0
WX-CYOJ,2030-05-07T18:00:00Z,2030-05-08T03:00:00Z,9,13.2,42.0,14.0,320.0,0.0,25.0
WX-CYOJ,2030-05-07T18:00:00Z,2030-05-08T04:00:00Z,10,11.9,45.0,14.0,318.0,0.0,19.0
WX-CYOJ,2030-05-07T18:00:00Z,2030-05-08T05:00:00Z,11,10.7,53.0,14.0,322.0,0.0,15.0
WX-CYOJ,2030-05-07T18:00:00Z,2030-05-08T06:00:00Z,12,4.4,72.0,10.0,338.0,0.0,12.0
WX-CYOJ,2030-05-07T18:00:00Z,2030-05-08T07:00:00Z,13,4.5,73.0,11.0,329.0,0.0,11.0
WX-CYOJ,2030-05-07T18:00:00Z,2030-05-08T08:00:00Z,14,3.0,78.0,10.0,323.0,0.0,10.0
WX-CYOJ,2030-05-07T18:00:00Z,2030-05-08T09:00:00Z,15,3.9,83.0,9.0,329.0,0.0,9.0
WX-CYOJ,2030-05-07T18:00:00Z,2030-05-08T10:00:00Z,16,3.4,83.0,10.0,330.0,0.0,9.0
WX-CYOJ,2030-05-07T18:00:00Z,2030-05-08T11:00:00Z,17,4.5,79.0,10.0,328.0,0.0,9.0
WX-CYOJ,2030-05-07T18:00:00Z,2030-05-08T12:00:00Z,18,4.2,71.0,10.0,324.0,0.0,9.0
WX-CYOJ,2030-05-07T18:00:00Z,2030-05-08T13:00:00Z,19,5.1,73.0,10.0,324.0,0.0,9.0
WX-CYOJ,2030-05-07T18:00:00Z,2030-05-08T14:00:00Z,20,7.3,57.0,13.0,320.0,0.0,9.0
WX-CYOJ,2030-05-07T18:00:00Z,2030-05-08T15:00:00Z,21,9.5,47.0,16.0,340.0,0.0,9.0
WX-CYOJ,2030-05-07T18:00:00Z,2030-05-08T16:00:00Z,22,10.3,46.0,21.0,328.0,0.0,9.0
WX-CYOJ,2030-05-07T18:00:00Z,2030-05-08T17:00:00Z,23,14.0,40.0,24.0,336.0,0.0,9.0
WX-CYOJ,2030-05-07T18:00:00Z,2030-05-08T18:00:00Z,24,12.9,32.0,28.0,328.0,0.0,9.0
WX-CYOJ,2030-05-07T18:00:00Z,2030-05-08T19:00:00Z,25,14.9,28.0,32.0,332.0,0.0,9.0
WX-CYOJ,2030-05-07T18:00:00Z,2030-05-08T20:00:00Z,26,15.7,38.0,30.0,339.0,0.0,9.0
WX-CYOJ,2030-05-07T18:00:00Z,2030-05-08T21:00:00Z,27,15.9,28.0,32.0,333.0,0.0,9.0
WX-CYOJ,2030-05-07T18:00:00Z,2030-05-08T22:00:00Z,28,18.4,30.0,29.0,330.0,0.0,9.0
WX-CYOJ,2030-05-07T18:00:00Z,2030-05-08T23:00:00Z,29,15.0,39.0,27.0,321.0,0.0,9.0
WX-CYOJ,2030-05-07T18:00:00Z,2030-05-09T00:00:00Z,30,15.3,36.0,24.0,336.0,0.0,9.0
WX-CYOJ,2030-05-07T18:00:00Z,2030-05-09T01:00:00Z,31,13.7,41.0,17.0,324.0,0.0,9.0
WX-CYOJ,2030-05-07T18:00:00Z,2030-05-09T02:00:00Z,32,12.2,47.0,14.0,327.0,0.0,9.0
WX-CYOJ,2030-05-07T18:00:00Z,2030-05-09T03:00:00Z,33,11.5,48.0,9.0,326.0,0.0,9.0
WX-CYOJ,2030-05-07T18:00:00Z,2030-05-09T04:00:00Z,34,8.9,58.0,11.0,333.0,0.0,9.0
WX-CYOJ,2030-05-07T18:00:00Z,2030-05-09T05:00:00Z,35,7.0,60.0,11.0,342.0,0.0,9.0
WX-CYOJ,2030-05-07T18:00:00Z,2030-05-09T06:00:00Z,36,6.7,70.0,7.0,314.0,0.0,9.0
WX-CYOJ,2030-05-07T18:00:00Z,2030-05-09T07:00:00Z,37,2.5,65.0,7.0,306.0,0.0,9.0
WX-CYOJ,2030-05-07T18:00:00Z,2030-05-09T08:00:00Z,38,4.4,74.0,7.0,310.0,0.0,9.0
WX-CYOJ,2030-05-07T18:00:00Z,2030-05-09T09:00:00Z,39,4.0,77.0,6.0,305.0,0.0,9.0
WX-CYOJ,2030-05-07T18:00:00Z,2030-05-09T10:00:00Z,40,3.8,76.0,8.0,309.0,0.0,9.0
WX-CYOJ,2030-05-07T18:00:00Z,2030-05-09T11:00:00Z,41,3.9,76.0,8.0,304.0,0.0,9.0
WX-CYOJ,2030-05-07T18:00:00Z,2030-05-09T12:00:00Z,42,3.1,76.0,7.0,297.0,0.0,9.0
WX-CYOJ,2030-05-07T18:00:00Z,2030-05-09T13:00:00Z,43,5.4,56.0,7.0,294.0,0.0,9.0
WX-CYOJ,2030-05-07T18:00:00Z,2030-05-09T14:00:00Z,44,6.6,55.0,8.0,312.0,0.0,9.0
WX-CYOJ,2030-05-07T18:00:00Z,2030-05-09T15:00:00Z,45,9.2,41.0,14.0,306.0,0.0,9.0
WX-CYOJ,2030-05-07T18:00:00Z,2030-05-09T16:00:00Z,46,11.5,36.0,16.0,310.0,0.0,9.0
WX-CYOJ,2030-05-07T18:00:00Z,2030-05-09T17:00:00Z,47,12.7,42.0,19.0,306.0,0.0,9.0
WX-CYOJ,2030-05-07T18:00:00Z,2030-05-09T18:00:00Z,48,15.3,36.0,20.0,304.0,0.0,9.0
WX-CYOJ,2030-05-07T18:00:00Z,2030-05-09T19:00:00Z,49,15.4,37.0,21.0,287.0,0.0,9.0
WX-CYOJ,2030-05-07T18:00:00Z,2030-05-09T20:00:00Z,50,16.8,30.0,24.0,300.0,0.0,9.0
WX-CYOJ,2030-05-07T18:00:00Z,2030-05-09T21:00:00Z,51,18.4,23.0,26.0,314.0,0.0,9.0
WX-CYOJ,2030-05-07T18:00:00Z,2030-05-09T22:00:00Z,52,17.9,28.0,22.0,315.0,0.0,9.0
WX-CYOJ,2030-05-07T18:00:00Z,2030-05-09T23:00:00Z,53,17.3,25.0,20.0,298.0,0.0,9.0
WX-CYOJ,2030-05-07T18:00:00Z,2030-05-10T00:00:00Z,54,15.9,38.0,18.0,323.0,0.0,9.0
WX-CYOJ,2030-05-07T18:00:00Z,2030-05-10T01:00:00Z,55,14.5,36.0,13.0,307.0,0.0,9.0
WX-CYOJ,2030-05-07T18:00:00Z,2030-05-10T02:00:00Z,56,13.3,38.0,10.0,300.0,0.0,9.0
WX-CYOJ,2030-05-07T18:00:00Z,2030-05-10T03:00:00Z,57,12.0,26.0,7.0,311.0,0.0,9.0
WX-CYOJ,2030-05-07T18:00:00Z,2030-05-10T04:00:00Z,58,9.6,53.0,8.0,315.0,0.0,9.0
WX-CYOJ,2030-05-07T18:00:00Z,2030-05-10T05:00:00Z,59,7.8,51.0,7.0,288.0,0.0,9.0
WX-CYOJ,2030-05-07T18:00:00Z,2030-05-10T06:00:00Z,60,7.5,56.0,7.0,283.0,0.0,9.0
WX-CYOJ,2030-05-07T18:00:00Z,2030-05-10T07:00:00Z,61,6.6,67.0,7.0,289.0,0.0,9.0
WX-CYOJ,2030-05-07T18:00:00Z,2030-05-10T08:00:00Z,62,6.5,74.0,6.0,287.0,0.0,9.0
WX-CYOJ,2030-05-07T18:00:00Z,2030-05-10T09:00:00Z,63,4.3,83.0,6.0,291.0,0.0,9.0
WX-CYOJ,2030-05-07T18:00:00Z,2030-05-10T10:00:00Z,64,4.2,59.0,6.0,273.0,0.0,9.0
WX-CYOJ,2030-05-07T18:00:00Z,2030-05-10T11:00:00Z,65,4.9,70.0,5.0,286.0,0.0,9.0
WX-CYOJ,2030-05-07T18:00:00Z,2030-05-10T12:00:00Z,66,6.8,76.0,6.0,281.0,0.0,9.0
WX-CYOJ,2030-05-07T18:00:00Z,2030-05-10T13:00:00Z,67,6.4,55.0,6.0,275.0,0.0,9.0
WX-CYOJ,2030-05-07T18:00:00Z,2030-05-10T14:00:00Z,68,9.7,54.0,8.0,284.0,0.0,9.0
WX-CYOJ,2030-05-07T18:00:00Z,2030-05-10T15:00:00Z,69,10.5,50.0,10.0,282.0,0.0,9.0
WX-CYOJ,2030-05-07T18:00:00Z,2030-05-10T16:00:00Z,70,14.5,37.0,12.0,279.0,0.0,9.0
WX-CYOJ,2030-05-07T18:00:00Z,2030-05-10T17:00:00Z,71,15.3,31.0,13.0,291.0,0.0,9.0
WX-CYOJ,2030-05-07T18:00:00Z,2030-05-10T18:00:00Z,72,17.8,35.0,15.0,298.0,0.0,9.0
WX-CYPE,2030-05-07T18:00:00Z,2030-05-07T19:00:00Z,1,26.6,14.0,23.0,191.0,0.0,34.0
WX-CYPE,2030-05-07T18:00:00Z,2030-05-07T20:00:00Z,2,25.0,12.0,31.0,240.0,0.0,44.0
WX-CYPE,2030-05-07T18:00:00Z,2030-05-07T21:00:00Z,3,21.2,27.0,38.0,294.0,0.0,54.0
WX-CYPE,2030-05-07T18:00:00Z,2030-05-07T22:00:00Z,4,20.4,27.0,39.0,309.0,0.0,62.0
WX-CYPE,2030-05-07T18:00:00Z,2030-05-07T23:00:00Z,5,19.6,30.0,32.0,297.0,0.0,68.0
WX-CYPE,2030-05-07T18:00:00Z,2030-05-08T00:00:00Z,6,17.9,23.0,24.0,302.0,0.0,70.0
WX-CYPE,2030-05-07T18:00:00Z,2030-05-08T01:00:00Z,7,17.4,35.0,19.0,296.0,0.0,69.0
WX-CYPE,2030-05-07T18:00:00Z,2030-05-08T02:00:00Z,8,15.0,40.0,14.0,296.0,0.0,64.0
WX-CYPE,2030-05-07T18:00:00Z,2030-05-08T03:00:00Z,9,14.4,38.0,11.0,301.0,0.0,56.0
WX-CYPE,2030-05-07T18:00:00Z,2030-05-08T04:00:00Z,10,11.5,43.0,10.0,300.0,0.0,46.0
WX-CYPE,2030-05-07T18:00:00Z,2030-05-08T05:00:00Z,11,10.0,47.0,10.0,290.0,0.0,36.0
WX-CYPE,2030-05-07T18:00:00Z,2030-05-08T06:00:00Z,12,5.3,69.0,7.0,308.0,0.0,27.0
WX-CYPE,2030-05-07T18:00:00Z,2030-05-08T07:00:00Z,13,3.5,75.0,7.0,307.0,0.0,19.0
WX-CYPE,2030-05-07T18:00:00Z,2030-05-08T08:00:00Z,14,3.4,82.0,7.0,321.0,0.0,13.0
WX-CYPE,2030-05-07T18:00:00Z,2030-05-08T09:00:00Z,15,4.5,82.0,7.0,308.0,0.0,8.0
WX-CYPE,2030-05-07T18:00:00Z,2030-05-08T10:00:00Z,16,3.2,81.0,7.0,317.0,0.0,5.0
WX-CYPE,2030-05-07T18:00:00Z,2030-05-08T11:00:00Z,17,2.2,80.0,8.0,310.0,0.0,3.0
WX-CYPE,2030-05-07T18:00:00Z,2030-05-08T12:00:00Z,18,3.9,75.0,7.0,313.0,0.0,2.0
WX-CYPE,2030-05-07T18:00:00Z,2030-05-08T13:00:00Z,19,5.7,63.0,8.0,308.0,0.0,1.0
WX-CYPE,2030-05-07T18:00:00Z,2030-05-08T14:00:00Z,20,6.7,56.0,8.0,308.0,0.0,1.0
WX-CYPE,2030-05-07T18:00:00Z,2030-05-08T15:00:00Z,21,8.5,49.0,11.0,306.0,0.0,0.0
WX-CYPE,2030-05-07T18:00:00Z,2030-05-08T16:00:00Z,22,9.8,46.0,15.0,308.0,0.0,0.0
WX-CYPE,2030-05-07T18:00:00Z,2030-05-08T17:00:00Z,23,12.8,51.0,19.0,309.0,0.0,0.0
WX-CYPE,2030-05-07T18:00:00Z,2030-05-08T18:00:00Z,24,14.4,39.0,21.0,300.0,0.0,0.0
WX-CYPE,2030-05-07T18:00:00Z,2030-05-08T19:00:00Z,25,14.7,29.0,22.0,308.0,0.0,0.0
WX-CYPE,2030-05-07T18:00:00Z,2030-05-08T20:00:00Z,26,15.6,29.0,21.0,315.0,0.0,0.0
WX-CYPE,2030-05-07T18:00:00Z,2030-05-08T21:00:00Z,27,15.6,29.0,23.0,304.0,0.0,0.0
WX-CYPE,2030-05-07T18:00:00Z,2030-05-08T22:00:00Z,28,16.5,28.0,22.0,304.0,0.0,0.0
WX-CYPE,2030-05-07T18:00:00Z,2030-05-08T23:00:00Z,29,15.7,25.0,18.0,307.0,0.0,0.0
WX-CYPE,2030-05-07T18:00:00Z,2030-05-09T00:00:00Z,30,16.3,33.0,18.0,292.0,0.0,0.0
WX-CYPE,2030-05-07T18:00:00Z,2030-05-09T01:00:00Z,31,14.8,33.0,14.0,291.0,0.0,0.0
WX-CYPE,2030-05-07T18:00:00Z,2030-05-09T02:00:00Z,32,12.3,43.0,11.0,288.0,0.0,0.0
WX-CYPE,2030-05-07T18:00:00Z,2030-05-09T03:00:00Z,33,11.3,52.0,8.0,294.0,0.0,0.0
WX-CYPE,2030-05-07T18:00:00Z,2030-05-09T04:00:00Z,34,11.0,50.0,6.0,306.0,0.0,0.0
WX-CYPE,2030-05-07T18:00:00Z,2030-05-09T05:00:00Z,35,6.6,64.0,7.0,300.0,0.0,0.0
WX-CYPE,2030-05-07T18:00:00Z,2030-05-09T06:00:00Z,36,7.1,52.0,5.0,286.0,0.0,0.0
WX-CYPE,2030-05-07T18:00:00Z,2030-05-09T07:00:00Z,37,3.3,69.0,5.0,286.0,0.0,0.0
WX-CYPE,2030-05-07T18:00:00Z,2030-05-09T08:00:00Z,38,4.1,73.0,6.0,276.0,0.0,0.0
WX-CYPE,2030-05-07T18:00:00Z,2030-05-09T09:00:00Z,39,2.4,73.0,5.0,279.0,0.0,0.0
WX-CYPE,2030-05-07T18:00:00Z,2030-05-09T10:00:00Z,40,3.2,74.0,5.0,283.0,0.0,0.0
WX-CYPE,2030-05-07T18:00:00Z,2030-05-09T11:00:00Z,41,3.1,80.0,5.0,273.0,0.0,0.0
WX-CYPE,2030-05-07T18:00:00Z,2030-05-09T12:00:00Z,42,6.3,63.0,6.0,289.0,0.0,0.0
WX-CYPE,2030-05-07T18:00:00Z,2030-05-09T13:00:00Z,43,5.1,60.0,5.0,280.0,0.0,0.0
WX-CYPE,2030-05-07T18:00:00Z,2030-05-09T14:00:00Z,44,8.4,56.0,7.0,280.0,0.0,0.0
WX-CYPE,2030-05-07T18:00:00Z,2030-05-09T15:00:00Z,45,10.1,38.0,9.0,269.0,0.0,0.0
WX-CYPE,2030-05-07T18:00:00Z,2030-05-09T16:00:00Z,46,11.3,39.0,11.0,267.0,0.0,0.0
WX-CYPE,2030-05-07T18:00:00Z,2030-05-09T17:00:00Z,47,12.2,36.0,14.0,281.0,0.0,0.0
WX-CYPE,2030-05-07T18:00:00Z,2030-05-09T18:00:00Z,48,14.2,40.0,14.0,281.0,0.0,0.0
WX-CYPE,2030-05-07T18:00:00Z,2030-05-09T19:00:00Z,49,17.2,39.0,15.0,282.0,0.0,0.0
WX-CYPE,2030-05-07T18:00:00Z,2030-05-09T20:00:00Z,50,16.9,18.0,17.0,294.0,0.0,0.0
WX-CYPE,2030-05-07T18:00:00Z,2030-05-09T21:00:00Z,51,16.3,21.0,15.0,282.0,0.0,0.0
WX-CYPE,2030-05-07T18:00:00Z,2030-05-09T22:00:00Z,52,18.1,28.0,14.0,272.0,0.0,0.0
WX-CYPE,2030-05-07T18:00:00Z,2030-05-09T23:00:00Z,53,15.9,23.0,12.0,285.0,0.0,0.0
WX-CYPE,2030-05-07T18:00:00Z,2030-05-10T00:00:00Z,54,16.2,32.0,13.0,272.0,0.0,0.0
WX-CYPE,2030-05-07T18:00:00Z,2030-05-10T01:00:00Z,55,14.5,30.0,10.0,283.0,0.0,0.0
WX-CYPE,2030-05-07T18:00:00Z,2030-05-10T02:00:00Z,56,14.2,37.0,8.0,299.0,0.0,0.0
WX-CYPE,2030-05-07T18:00:00Z,2030-05-10T03:00:00Z,57,10.6,42.0,5.0,281.0,0.0,0.0
WX-CYPE,2030-05-07T18:00:00Z,2030-05-10T04:00:00Z,58,7.7,53.0,4.0,268.0,0.0,0.0
WX-CYPE,2030-05-07T18:00:00Z,2030-05-10T05:00:00Z,59,7.6,48.0,5.0,284.0,0.0,0.0
WX-CYPE,2030-05-07T18:00:00Z,2030-05-10T06:00:00Z,60,6.2,65.0,4.0,256.0,0.0,0.0
WX-CYPE,2030-05-07T18:00:00Z,2030-05-10T07:00:00Z,61,5.6,61.0,4.0,256.0,0.0,0.0
WX-CYPE,2030-05-07T18:00:00Z,2030-05-10T08:00:00Z,62,4.1,75.0,5.0,257.0,0.0,0.0
WX-CYPE,2030-05-07T18:00:00Z,2030-05-10T09:00:00Z,63,5.8,65.0,5.0,265.0,0.0,0.0
WX-CYPE,2030-05-07T18:00:00Z,2030-05-10T10:00:00Z,64,4.6,62.0,4.0,258.0,0.0,0.0
WX-CYPE,2030-05-07T18:00:00Z,2030-05-10T11:00:00Z,65,3.9,74.0,4.0,258.0,0.0,0.0
WX-CYPE,2030-05-07T18:00:00Z,2030-05-10T12:00:00Z,66,4.3,72.0,4.0,279.0,0.0,0.0
WX-CYPE,2030-05-07T18:00:00Z,2030-05-10T13:00:00Z,67,5.4,57.0,5.0,253.0,0.0,0.0
WX-CYPE,2030-05-07T18:00:00Z,2030-05-10T14:00:00Z,68,9.0,53.0,5.0,256.0,0.0,0.0
WX-CYPE,2030-05-07T18:00:00Z,2030-05-10T15:00:00Z,69,10.6,56.0,6.0,276.0,0.0,0.0
WX-CYPE,2030-05-07T18:00:00Z,2030-05-10T16:00:00Z,70,15.4,48.0,8.0,252.0,0.0,0.0
WX-CYPE,2030-05-07T18:00:00Z,2030-05-10T17:00:00Z,71,14.8,28.0,9.0,254.0,0.0,0.0
WX-CYPE,2030-05-07T18:00:00Z,2030-05-10T18:00:00Z,72,18.1,24.0,10.0,248.0,0.0,0.0
WX-CYQU,2030-05-07T18:00:00Z,2030-05-07T19:00:00Z,1,26.1,14.0,33.0,216.0,0.0,40.0
WX-CYQU,2030-05-07T18:00:00Z,2030-05-07T20:00:00Z,2,23.2,23.0,44.0,269.0,0.0,50.0
WX-CYQU,2030-05-07T18:00:00Z,2030-05-07T21:00:00Z,3,19.7,26.0,51.0,315.0,0.0,60.0
WX-CYQU,2030-05-07T18:00:00Z,2030-05-07T22:00:00Z,4,19.6,23.0,52.0,319.0,0.0,68.0
WX-CYQU,2030-05-07T18:00:00Z,2030-05-07T23:00:00Z,5,19.5,28.0,42.0,319.0,0.1,100.0
WX-CYQU,2030-05-07T18:00:00Z,2030-05-08T00:00:00Z,6,18.0,37.0,35.0,321.0,0.1,100.0
WX-CYQU,2030-05-07T18:00:00Z,2030-05-08T01:00:00Z,7,17.0,34.0,27.0,322.0,0.1,100.0
WX-CYQU,2030-05-07T18:00:00Z,2030-05-08T02:00:00Z,8,16.8,42.0,20.0,318.0,0.1,100.0
WX-CYQU,2030-05-07T18:00:00Z,2030-05-08T03:00:00Z,9,14.4,40.0,12.0,317.0,0.1,100.0
WX-CYQU,2030-05-07T18:00:00Z,2030-05-08T04:00:00Z,10,12.1,39.0,14.0,329.0,0.0,50.0
WX-CYQU,2030-05-07T18:00:00Z,2030-05-08T05:00:00Z,11,11.3,53.0,16.0,321.0,0.0,40.0
WX-CYQU,2030-05-07T18:00:00Z,2030-05-08T06:00:00Z,12,5.4,70.0,11.0,321.0,0.0,31.0
WX-CYQU,2030-05-07T18:00:00Z,2030-05-08T07:00:00Z,13,4.9,78.0,11.0,321.0,0.0,23.0
WX-CYQU,2030-05-07T18:00:00Z,2030-05-08T08:00:00Z,14,3.3,80.0,10.0,329.0,0.0,17.0
WX-CYQU,2030-05-07T18:00:00Z,2030-05-08T09:00:00Z,15,4.6,82.0,10.0,323.0,0.0,12.0
WX-CYQU,2030-05-07T18:00:00Z,2030-05-08T10:00:00Z,16,2.9,89.0,10.0,326.0,0.0,9.0
WX-CYQU,2030-05-07T18:00:00Z,2030-05-08T11:00:00Z,17,4.2,72.0,11.0,311.0,0.0,7.0
WX-CYQU,2030-05-07T18:00:00Z,2030-05-08T12:00:00Z,18,4.8,77.0,9.0,319.0,0.0,6.0
WX-CYQU,2030-05-07T18:00:00Z,2030-05-08T13:00:00Z,19,6.0,64.0,11.0,315.0,0.0,6.0
WX-CYQU,2030-05-07T18:00:00Z,2030-05-08T14:00:00Z,20,8.0,54.0,13.0,327.0,0.0,5.0
WX-CYQU,2030-05-07T18:00:00Z,2030-05-08T15:00:00Z,21,8.1,52.0,16.0,324.0,0.0,5.0
WX-CYQU,2030-05-07T18:00:00Z,2030-05-08T16:00:00Z,22,11.3,44.0,23.0,326.0,0.0,5.0
WX-CYQU,2030-05-07T18:00:00Z,2030-05-08T17:00:00Z,23,13.0,48.0,26.0,327.0,0.0,5.0
WX-CYQU,2030-05-07T18:00:00Z,2030-05-08T18:00:00Z,24,14.3,37.0,29.0,325.0,0.0,5.0
WX-CYQU,2030-05-07T18:00:00Z,2030-05-08T19:00:00Z,25,15.6,33.0,28.0,318.0,0.0,5.0
WX-CYQU,2030-05-07T18:00:00Z,2030-05-08T20:00:00Z,26,16.1,29.0,30.0,330.0,0.0,5.0
WX-CYQU,2030-05-07T18:00:00Z,2030-05-08T21:00:00Z,27,16.6,37.0,26.0,318.0,0.0,5.0
WX-CYQU,2030-05-07T18:00:00Z,2030-05-08T22:00:00Z,28,16.5,28.0,27.0,316.0,0.0,5.0
WX-CYQU,2030-05-07T18:00:00Z,2030-05-08T23:00:00Z,29,16.9,31.0,28.0,318.0,0.0,5.0
WX-CYQU,2030-05-07T18:00:00Z,2030-05-09T00:00:00Z,30,16.3,24.0,21.0,320.0,0.0,5.0
WX-CYQU,2030-05-07T18:00:00Z,2030-05-09T01:00:00Z,31,14.8,32.0,18.0,332.0,0.0,5.0
WX-CYQU,2030-05-07T18:00:00Z,2030-05-09T02:00:00Z,32,13.7,46.0,13.0,320.0,0.0,5.0
WX-CYQU,2030-05-07T18:00:00Z,2030-05-09T03:00:00Z,33,12.3,44.0,10.0,332.0,0.0,5.0
WX-CYQU,2030-05-07T18:00:00Z,2030-05-09T04:00:00Z,34,9.4,47.0,10.0,321.0,0.0,5.0
WX-CYQU,2030-05-07T18:00:00Z,2030-05-09T05:00:00Z,35,6.4,54.0,10.0,332.0,0.0,5.0
WX-CYQU,2030-05-07T18:00:00Z,2030-05-09T06:00:00Z,36,7.4,65.0,7.0,297.0,0.0,5.0
WX-CYQU,2030-05-07T18:00:00Z,2030-05-09T07:00:00Z,37,5.4,58.0,7.0,302.0,0.0,5.0
WX-CYQU,2030-05-07T18:00:00Z,2030-05-09T08:00:00Z,38,3.3,77.0,8.0,289.0,0.0,5.0
WX-CYQU,2030-05-07T18:00:00Z,2030-05-09T09:00:00Z,39,3.1,79.0,7.0,300.0,0.0,5.0
WX-CYQU,2030-05-07T18:00:00Z,2030-05-09T10:00:00Z,40,3.8,75.0,7.0,303.0,0.0,5.0
WX-CYQU,2030-05-07T18:00:00Z,2030-05-09T11:00:00Z,41,3.0,68.0,6.0,295.0,0.1,65.0
WX-CYQU,2030-05-07T18:00:00Z,2030-05-09T12:00:00Z,42,6.5,80.0,7.0,307.0,0.2,65.0
WX-CYQU,2030-05-07T18:00:00Z,2030-05-09T13:00:00Z,43,5.4,82.0,7.0,305.0,0.4,65.0
WX-CYQU,2030-05-07T18:00:00Z,2030-05-09T14:00:00Z,44,7.8,84.0,10.0,294.0,0.5,65.0
WX-CYQU,2030-05-07T18:00:00Z,2030-05-09T15:00:00Z,45,10.5,93.0,11.0,303.0,0.6,65.0
WX-CYQU,2030-05-07T18:00:00Z,2030-05-09T16:00:00Z,46,12.6,88.0,15.0,297.0,0.5,65.0
WX-CYQU,2030-05-07T18:00:00Z,2030-05-09T17:00:00Z,47,13.0,92.0,18.0,292.0,0.4,65.0
WX-CYQU,2030-05-07T18:00:00Z,2030-05-09T18:00:00Z,48,15.2,93.0,20.0,295.0,0.2,65.0
WX-CYQU,2030-05-07T18:00:00Z,2030-05-09T19:00:00Z,49,16.2,27.0,20.0,309.0,0.1,65.0
WX-CYQU,2030-05-07T18:00:00Z,2030-05-09T20:00:00Z,50,18.0,29.0,22.0,311.0,0.0,5.0
WX-CYQU,2030-05-07T18:00:00Z,2030-05-09T21:00:00Z,51,19.1,32.0,21.0,293.0,0.0,5.0
WX-CYQU,2030-05-07T18:00:00Z,2030-05-09T22:00:00Z,52,19.3,31.0,23.0,304.0,0.0,5.0
WX-CYQU,2030-05-07T18:00:00Z,2030-05-09T23:00:00Z,53,16.5,24.0,20.0,282.0,0.0,5.0
WX-CYQU,2030-05-07T18:00:00Z,2030-05-10T00:00:00Z,54,14.8,39.0,17.0,300.0,0.0,5.0
WX-CYQU,2030-05-07T18:00:00Z,2030-05-10T01:00:00Z,55,14.9,28.0,12.0,306.0,0.0,5.0
WX-CYQU,2030-05-07T18:00:00Z,2030-05-10T02:00:00Z,56,14.2,31.0,11.0,309.0,0.0,5.0
WX-CYQU,2030-05-07T18:00:00Z,2030-05-10T03:00:00Z,57,13.8,43.0,6.0,295.0,0.0,5.0
WX-CYQU,2030-05-07T18:00:00Z,2030-05-10T04:00:00Z,58,9.4,49.0,7.0,321.0,0.0,5.0
WX-CYQU,2030-05-07T18:00:00Z,2030-05-10T05:00:00Z,59,9.1,57.0,8.0,307.0,0.0,5.0
WX-CYQU,2030-05-07T18:00:00Z,2030-05-10T06:00:00Z,60,7.9,64.0,6.0,293.0,0.0,5.0
WX-CYQU,2030-05-07T18:00:00Z,2030-05-10T07:00:00Z,61,7.0,67.0,6.0,282.0,0.0,5.0
WX-CYQU,2030-05-07T18:00:00Z,2030-05-10T08:00:00Z,62,4.5,74.0,6.0,270.0,0.0,5.0
WX-CYQU,2030-05-07T18:00:00Z,2030-05-10T09:00:00Z,63,4.3,75.0,6.0,277.0,0.0,5.0
WX-CYQU,2030-05-07T18:00:00Z,2030-05-10T10:00:00Z,64,3.6,76.0,6.0,258.0,0.0,5.0
WX-CYQU,2030-05-07T18:00:00Z,2030-05-10T11:00:00Z,65,5.6,73.0,6.0,263.0,0.0,5.0
WX-CYQU,2030-05-07T18:00:00Z,2030-05-10T12:00:00Z,66,5.6,68.0,7.0,270.0,0.0,5.0
WX-CYQU,2030-05-07T18:00:00Z,2030-05-10T13:00:00Z,67,8.3,55.0,6.0,269.0,0.0,5.0
WX-CYQU,2030-05-07T18:00:00Z,2030-05-10T14:00:00Z,68,10.2,52.0,7.0,288.0,0.0,5.0
WX-CYQU,2030-05-07T18:00:00Z,2030-05-10T15:00:00Z,69,11.2,50.0,9.0,286.0,0.0,5.0
WX-CYQU,2030-05-07T18:00:00Z,2030-05-10T16:00:00Z,70,14.5,40.0,12.0,273.0,0.0,5.0
WX-CYQU,2030-05-07T18:00:00Z,2030-05-10T17:00:00Z,71,15.4,47.0,13.0,267.0,0.0,5.0
WX-CYQU,2030-05-07T18:00:00Z,2030-05-10T18:00:00Z,72,16.8,34.0,13.0,286.0,0.0,5.0
WX-CYLB,2030-05-07T18:00:00Z,2030-05-07T19:00:00Z,1,26.4,11.0,26.0,211.0,0.0,41.0
WX-CYLB,2030-05-07T18:00:00Z,2030-05-07T20:00:00Z,2,27.9,15.0,26.0,207.0,0.0,41.0
WX-CYLB,2030-05-07T18:00:00Z,2030-05-07T21:00:00Z,3,29.1,11.0,27.0,208.0,0.0,41.0
WX-CYLB,2030-05-07T18:00:00Z,2030-05-07T22:00:00Z,4,28.7,16.0,26.0,207.0,0.0,41.0
WX-CYLB,2030-05-07T18:00:00Z,2030-05-07T23:00:00Z,5,27.0,11.0,25.0,202.0,0.0,42.0
WX-CYLB,2030-05-07T18:00:00Z,2030-05-08T00:00:00Z,6,26.4,9.0,21.0,198.0,0.0,43.0
WX-CYLB,2030-05-07T18:00:00Z,2030-05-08T01:00:00Z,7,24.9,16.0,16.0,214.0,0.0,44.0
WX-CYLB,2030-05-07T18:00:00Z,2030-05-08T02:00:00Z,8,21.5,16.0,13.0,196.0,0.0,47.0
WX-CYLB,2030-05-07T18:00:00Z,2030-05-08T03:00:00Z,9,18.8,17.0,8.0,199.0,0.0,51.0
WX-CYLB,2030-05-07T18:00:00Z,2030-05-08T04:00:00Z,10,17.1,23.0,8.0,203.0,0.0,56.0
WX-CYLB,2030-05-07T18:00:00Z,2030-05-08T05:00:00Z,11,13.7,30.0,9.0,205.0,0.0,63.0
WX-CYLB,2030-05-07T18:00:00Z,2030-05-08T06:00:00Z,12,11.1,38.0,10.0,217.0,0.0,72.0
WX-CYLB,2030-05-07T18:00:00Z,2030-05-08T07:00:00Z,13,8.2,42.0,15.0,235.0,0.0,82.0
WX-CYLB,2030-05-07T18:00:00Z,2030-05-08T08:00:00Z,14,3.9,67.0,20.0,301.0,0.0,92.0
WX-CYLB,2030-05-07T18:00:00Z,2030-05-08T09:00:00Z,15,3.0,71.0,20.0,318.0,0.0,100.0
WX-CYLB,2030-05-07T18:00:00Z,2030-05-08T10:00:00Z,16,3.1,69.0,18.0,318.0,0.1,100.0
WX-CYLB,2030-05-07T18:00:00Z,2030-05-08T11:00:00Z,17,3.4,71.0,16.0,319.0,0.1,100.0
WX-CYLB,2030-05-07T18:00:00Z,2030-05-08T12:00:00Z,18,5.7,68.0,13.0,313.0,0.2,100.0
WX-CYLB,2030-05-07T18:00:00Z,2030-05-08T13:00:00Z,19,5.3,63.0,11.0,316.0,0.2,100.0
WX-CYLB,2030-05-07T18:00:00Z,2030-05-08T14:00:00Z,20,6.3,51.0,14.0,317.0,0.1,100.0
WX-CYLB,2030-05-07T18:00:00Z,2030-05-08T15:00:00Z,21,8.7,43.0,16.0,324.0,0.1,100.0
WX-CYLB,2030-05-07T18:00:00Z,2030-05-08T16:00:00Z,22,10.3,40.0,17.0,316.0,0.0,80.0
WX-CYLB,2030-05-07T18:00:00Z,2030-05-08T17:00:00Z,23,11.3,40.0,28.0,316.0,0.0,70.0
WX-CYLB,2030-05-07T18:00:00Z,2030-05-08T18:00:00Z,24,13.8,32.0,29.0,317.0,0.0,62.0
WX-CYLB,2030-05-07T18:00:00Z,2030-05-08T19:00:00Z,25,14.9,29.0,29.0,316.0,0.0,55.0
WX-CYLB,2030-05-07T18:00:00Z,2030-05-08T20:00:00Z,26,16.4,27.0,33.0,308.0,0.0,50.0
WX-CYLB,2030-05-07T18:00:00Z,2030-05-08T21:00:00Z,27,15.9,25.0,27.0,326.0,0.0,46.0
WX-CYLB,2030-05-07T18:00:00Z,2030-05-08T22:00:00Z,28,16.1,29.0,34.0,318.0,0.0,44.0
WX-CYLB,2030-05-07T18:00:00Z,2030-05-08T23:00:00Z,29,16.3,34.0,25.0,318.0,0.0,43.0
WX-CYLB,2030-05-07T18:00:00Z,2030-05-09T00:00:00Z,30,15.0,32.0,20.0,323.0,0.0,42.0
WX-CYLB,2030-05-07T18:00:00Z,2030-05-09T01:00:00Z,31,13.3,34.0,18.0,318.0,0.0,41.0
WX-CYLB,2030-05-07T18:00:00Z,2030-05-09T02:00:00Z,32,11.5,44.0,16.0,309.0,0.0,41.0
WX-CYLB,2030-05-07T18:00:00Z,2030-05-09T03:00:00Z,33,10.1,49.0,11.0,317.0,0.0,41.0
WX-CYLB,2030-05-07T18:00:00Z,2030-05-09T04:00:00Z,34,8.3,43.0,11.0,321.0,0.0,41.0
WX-CYLB,2030-05-07T18:00:00Z,2030-05-09T05:00:00Z,35,5.9,56.0,10.0,315.0,0.0,41.0
WX-CYLB,2030-05-07T18:00:00Z,2030-05-09T06:00:00Z,36,6.0,54.0,7.0,291.0,0.0,41.0
WX-CYLB,2030-05-07T18:00:00Z,2030-05-09T07:00:00Z,37,4.3,54.0,7.0,288.0,0.0,41.0
WX-CYLB,2030-05-07T18:00:00Z,2030-05-09T08:00:00Z,38,2.3,70.0,7.0,311.0,0.0,41.0
WX-CYLB,2030-05-07T18:00:00Z,2030-05-09T09:00:00Z,39,4.0,63.0,7.0,278.0,0.0,41.0
WX-CYLB,2030-05-07T18:00:00Z,2030-05-09T10:00:00Z,40,2.9,79.0,7.0,291.0,0.1,100.0
WX-CYLB,2030-05-07T18:00:00Z,2030-05-09T11:00:00Z,41,3.3,73.0,7.0,289.0,0.2,100.0
WX-CYLB,2030-05-07T18:00:00Z,2030-05-09T12:00:00Z,42,4.8,87.0,8.0,302.0,0.4,100.0
WX-CYLB,2030-05-07T18:00:00Z,2030-05-09T13:00:00Z,43,4.6,83.0,7.0,285.0,0.6,100.0
WX-CYLB,2030-05-07T18:00:00Z,2030-05-09T14:00:00Z,44,6.5,84.0,10.0,281.0,0.9,100.0
WX-CYLB,2030-05-07T18:00:00Z,2030-05-09T15:00:00Z,45,9.2,83.0,12.0,289.0,1.0,100.0
WX-CYLB,2030-05-07T18:00:00Z,2030-05-09T16:00:00Z,46,10.4,82.0,16.0,297.0,0.9,100.0
WX-CYLB,2030-05-07T18:00:00Z,2030-05-09T17:00:00Z,47,11.3,80.0,19.0,302.0,0.6,100.0
WX-CYLB,2030-05-07T18:00:00Z,2030-05-09T18:00:00Z,48,14.8,85.0,20.0,290.0,0.4,100.0
WX-CYLB,2030-05-07T18:00:00Z,2030-05-09T19:00:00Z,49,16.0,29.0,22.0,299.0,0.2,100.0
WX-CYLB,2030-05-07T18:00:00Z,2030-05-09T20:00:00Z,50,17.8,28.0,21.0,288.0,0.1,100.0
WX-CYLB,2030-05-07T18:00:00Z,2030-05-09T21:00:00Z,51,15.4,27.0,21.0,296.0,0.0,41.0
WX-CYLB,2030-05-07T18:00:00Z,2030-05-09T22:00:00Z,52,17.0,18.0,18.0,279.0,0.0,41.0
WX-CYLB,2030-05-07T18:00:00Z,2030-05-09T23:00:00Z,53,16.7,28.0,17.0,301.0,0.0,41.0
WX-CYLB,2030-05-07T18:00:00Z,2030-05-10T00:00:00Z,54,14.7,29.0,18.0,300.0,0.0,41.0
WX-CYLB,2030-05-07T18:00:00Z,2030-05-10T01:00:00Z,55,14.6,38.0,15.0,298.0,0.0,41.0
WX-CYLB,2030-05-07T18:00:00Z,2030-05-10T02:00:00Z,56,12.7,27.0,10.0,281.0,0.0,41.0
WX-CYLB,2030-05-07T18:00:00Z,2030-05-10T03:00:00Z,57,10.2,39.0,7.0,283.0,0.0,41.0
WX-CYLB,2030-05-07T18:00:00Z,2030-05-10T04:00:00Z,58,9.1,42.0,7.0,292.0,0.0,41.0
WX-CYLB,2030-05-07T18:00:00Z,2030-05-10T05:00:00Z,59,7.4,41.0,7.0,291.0,0.0,41.0
WX-CYLB,2030-05-07T18:00:00Z,2030-05-10T06:00:00Z,60,6.9,50.0,7.0,272.0,0.0,41.0
WX-CYLB,2030-05-07T18:00:00Z,2030-05-10T07:00:00Z,61,5.4,53.0,6.0,259.0,0.0,41.0
WX-CYLB,2030-05-07T18:00:00Z,2030-05-10T08:00:00Z,62,4.1,65.0,5.0,277.0,0.0,41.0
WX-CYLB,2030-05-07T18:00:00Z,2030-05-10T09:00:00Z,63,2.2,72.0,6.0,278.0,0.0,41.0
WX-CYLB,2030-05-07T18:00:00Z,2030-05-10T10:00:00Z,64,2.3,79.0,6.0,275.0,0.0,41.0
WX-CYLB,2030-05-07T18:00:00Z,2030-05-10T11:00:00Z,65,3.8,74.0,6.0,270.0,0.0,41.0
WX-CYLB,2030-05-07T18:00:00Z,2030-05-10T12:00:00Z,66,5.0,66.0,7.0,263.0,0.0,41.0
WX-CYLB,2030-05-07T18:00:00Z,2030-05-10T13:00:00Z,67,3.9,62.0,7.0,285.0,0.0,41.0
WX-CYLB,2030-05-07T18:00:00Z,2030-05-10T14:00:00Z,68,7.7,50.0,7.0,296.0,0.0,41.0
WX-CYLB,2030-05-07T18:00:00Z,2030-05-10T15:00:00Z,69,10.1,34.0,9.0,265.0,0.0,41.0
WX-CYLB,2030-05-07T18:00:00Z,2030-05-10T16:00:00Z,70,11.9,30.0,12.0,253.0,0.0,41.0
WX-CYLB,2030-05-07T18:00:00Z,2030-05-10T17:00:00Z,71,14.7,24.0,14.0,259.0,0.0,41.0
WX-CYLB,2030-05-07T18:00:00Z,2030-05-10T18:00:00Z,72,18.1,27.0,14.0,281.0,0.0,41.0
WX-CYOD,2030-05-07T18:00:00Z,2030-05-07T19:00:00Z,1,26.9,11.0,23.0,207.0,0.0,0.0
WX-CYOD,2030-05-07T18:00:00Z,2030-05-07T20:00:00Z,2,27.8,11.0,23.0,207.0,0.0,0.0
WX-CYOD,2030-05-07T18:00:00Z,2030-05-07T21:00:00Z,3,29.8,11.0,21.0,211.0,0.0,0.0
WX-CYOD,2030-05-07T18:00:00Z,2030-05-07T22:00:00Z,4,30.0,7.0,21.0,205.0,0.0,0.0
WX-CYOD,2030-05-07T18:00:00Z,2030-05-07T23:00:00Z,5,28.3,12.0,18.0,198.0,0.0,0.0
WX-CYOD,2030-05-07T18:00:00Z,2030-05-08T00:00:00Z,6,28.5,11.0,16.0,208.0,0.0,0.0
WX-CYOD,2030-05-07T18:00:00Z,2030-05-08T01:00:00Z,7,26.2,16.0,12.0,214.0,0.0,0.0
WX-CYOD,2030-05-07T18:00:00Z,2030-05-08T02:00:00Z,8,22.9,21.0,10.0,199.0,0.0,0.0
WX-CYOD,2030-05-07T18:00:00Z,2030-05-08T03:00:00Z,9,21.0,20.0,6.0,208.0,0.0,0.0
WX-CYOD,2030-05-07T18:00:00Z,2030-05-08T04:00:00Z,10,17.8,18.0,6.0,198.0,0.0,0.0
WX-CYOD,2030-05-07T18:00:00Z,2030-05-08T05:00:00Z,11,15.3,25.0,6.0,203.0,0.0,0.0
WX-CYOD,2030-05-07T18:00:00Z,2030-05-08T06:00:00Z,12,13.0,27.0,7.0,208.0,0.0,0.0
WX-CYOD,2030-05-07T18:00:00Z,2030-05-08T07:00:00Z,13,11.3,40.0,6.0,208.0,0.0,4.0
WX-CYOD,2030-05-07T18:00:00Z,2030-05-08T08:00:00Z,14,9.7,36.0,7.0,205.0,0.0,11.0
WX-CYOD,2030-05-07T18:00:00Z,2030-05-08T09:00:00Z,15,9.1,42.0,7.0,206.0,0.0,19.0
WX-CYOD,2030-05-07T18:00:00Z,2030-05-08T10:00:00Z,16,8.3,43.0,10.0,219.0,0.0,28.0
WX-CYOD,2030-05-07T18:00:00Z,2030-05-08T11:00:00Z,17,6.1,53.0,13.0,281.0,0.0,38.0
WX-CYOD,2030-05-07T18:00:00Z,2030-05-08T12:00:00Z,18,5.3,59.0,17.0,314.0,0.0,48.0
WX-CYOD,2030-05-07T18:00:00Z,2030-05-08T13:00:00Z,19,6.6,51.0,15.0,327.0,0.0,55.0
WX-CYOD,2030-05-07T18:00:00Z,2030-05-08T14:00:00Z,20,6.6,46.0,15.0,302.0,0.1,100.0
WX-CYOD,2030-05-07T18:00:00Z,2030-05-08T15:00:00Z,21,9.5,46.0,17.0,297.0,0.1,100.0
WX-CYOD,2030-05-07T18:00:00Z,2030-05-08T16:00:00Z,22,12.3,41.0,19.0,307.0,0.1,100.0
WX-CYOD,2030-05-07T18:00:00Z,2030-05-08T17:00:00Z,23,13.1,30.0,20.0,311.0,0.1,100.0
WX-CYOD,2030-05-07T18:00:00Z,2030-05-08T18:00:00Z,24,16.4,26.0,21.0,317.0,0.1,100.0
WX-CYOD,2030-05-07T18:00:00Z,2030-05-08T19:00:00Z,25,16.8,25.0,22.0,304.0,0.0,34.0
WX-CYOD,2030-05-07T18:00:00Z,2030-05-08T20:00:00Z,26,16.7,26.0,23.0,315.0,0.0,25.0
WX-CYOD,2030-05-07T18:00:00Z,2030-05-08T21:00:00Z,27,18.2,24.0,24.0,321.0,0.0,16.0
WX-CYOD,2030-05-07T18:00:00Z,2030-05-08T22:00:00Z,28,18.0,20.0,22.0,316.0,0.0,8.0
WX-CYOD,2030-05-07T18:00:00Z,2030-05-08T23:00:00Z,29,17.0,22.0,20.0,316.0,0.0,2.0
WX-CYOD,2030-05-07T18:00:00Z,2030-05-09T00:00:00Z,30,16.7,20.0,20.0,318.0,0.0,0.0
WX-CYOD,2030-05-07T18:00:00Z,2030-05-09T01:00:00Z,31,15.9,28.0,17.0,304.0,0.0,0.0
WX-CYOD,2030-05-07T18:00:00Z,2030-05-09T02:00:00Z,32,13.0,31.0,11.0,318.0,0.0,0.0
WX-CYOD,2030-05-07T18:00:00Z,2030-05-09T03:00:00Z,33,12.4,27.0,8.0,312.0,0.0,0.0
WX-CYOD,2030-05-07T18:00:00Z,2030-05-09T04:00:00Z,34,9.3,52.0,9.0,307.0,0.0,0.0
WX-CYOD,2030-05-07T18:00:00Z,2030-05-09T05:00:00Z,35,8.2,58.0,8.0,318.0,0.0,0.0
WX-CYOD,2030-05-07T18:00:00Z,2030-05-09T06:00:00Z,36,6.9,52.0,5.0,280.0,0.0,0.0
WX-CYOD,2030-05-07T18:00:00Z,2030-05-09T07:00:00Z,37,6.1,47.0,6.0,285.0,0.0,0.0
WX-CYOD,2030-05-07T18:00:00Z,2030-05-09T08:00:00Z,38,3.7,59.0,5.0,295.0,0.0,0.0
WX-CYOD,2030-05-07T18:00:00Z,2030-05-09T09:00:00Z,39,3.6,70.0,5.0,284.0,0.0,0.0
WX-CYOD,2030-05-07T18:00:00Z,2030-05-09T10:00:00Z,40,4.3,57.0,5.0,285.0,0.0,0.0
WX-CYOD,2030-05-07T18:00:00Z,2030-05-09T11:00:00Z,41,4.9,68.0,6.0,299.0,0.1,51.0
WX-CYOD,2030-05-07T18:00:00Z,2030-05-09T12:00:00Z,42,5.6,88.0,5.0,298.0,0.3,51.0
WX-CYOD,2030-05-07T18:00:00Z,2030-05-09T13:00:00Z,43,6.7,72.0,7.0,283.0,0.5,51.0
WX-CYOD,2030-05-07T18:00:00Z,2030-05-09T14:00:00Z,44,9.1,90.0,6.0,293.0,0.7,51.0
WX-CYOD,2030-05-07T18:00:00Z,2030-05-09T15:00:00Z,45,10.9,83.0,10.0,281.0,0.8,51.0
WX-CYOD,2030-05-07T18:00:00Z,2030-05-09T16:00:00Z,46,12.3,90.0,11.0,288.0,0.7,51.0
WX-CYOD,2030-05-07T18:00:00Z,2030-05-09T17:00:00Z,47,13.2,83.0,13.0,301.0,0.5,51.0
WX-CYOD,2030-05-07T18:00:00Z,2030-05-09T18:00:00Z,48,16.3,84.0,15.0,299.0,0.3,51.0
WX-CYOD,2030-05-07T18:00:00Z,2030-05-09T19:00:00Z,49,15.6,24.0,17.0,289.0,0.1,51.0
WX-CYOD,2030-05-07T18:00:00Z,2030-05-09T20:00:00Z,50,18.3,24.0,18.0,295.0,0.0,0.0
WX-CYOD,2030-05-07T18:00:00Z,2030-05-09T21:00:00Z,51,18.4,20.0,14.0,280.0,0.0,0.0
WX-CYOD,2030-05-07T18:00:00Z,2030-05-09T22:00:00Z,52,19.6,26.0,16.0,285.0,0.0,0.0
WX-CYOD,2030-05-07T18:00:00Z,2030-05-09T23:00:00Z,53,19.8,11.0,13.0,289.0,0.0,0.0
WX-CYOD,2030-05-07T18:00:00Z,2030-05-10T00:00:00Z,54,18.1,21.0,13.0,286.0,0.0,0.0
WX-CYOD,2030-05-07T18:00:00Z,2030-05-10T01:00:00Z,55,15.6,31.0,12.0,299.0,0.0,0.0
WX-CYOD,2030-05-07T18:00:00Z,2030-05-10T02:00:00Z,56,14.6,43.0,8.0,295.0,0.0,0.0
WX-CYOD,2030-05-07T18:00:00Z,2030-05-10T03:00:00Z,57,11.6,36.0,6.0,289.0,0.0,0.0
WX-CYOD,2030-05-07T18:00:00Z,2030-05-10T04:00:00Z,58,10.7,39.0,6.0,290.0,0.0,0.0
WX-CYOD,2030-05-07T18:00:00Z,2030-05-10T05:00:00Z,59,6.6,53.0,5.0,292.0,0.0,0.0
WX-CYOD,2030-05-07T18:00:00Z,2030-05-10T06:00:00Z,60,7.7,53.0,6.0,282.0,0.0,0.0
WX-CYOD,2030-05-07T18:00:00Z,2030-05-10T07:00:00Z,61,6.3,59.0,6.0,277.0,0.0,0.0
WX-CYOD,2030-05-07T18:00:00Z,2030-05-10T08:00:00Z,62,5.0,58.0,5.0,251.0,0.0,0.0
WX-CYOD,2030-05-07T18:00:00Z,2030-05-10T09:00:00Z,63,5.0,55.0,5.0,274.0,0.0,0.0
WX-CYOD,2030-05-07T18:00:00Z,2030-05-10T10:00:00Z,64,5.2,59.0,6.0,255.0,0.0,0.0
WX-CYOD,2030-05-07T18:00:00Z,2030-05-10T11:00:00Z,65,5.7,67.0,5.0,275.0,0.0,0.0
WX-CYOD,2030-05-07T18:00:00Z,2030-05-10T12:00:00Z,66,7.0,54.0,5.0,265.0,0.0,0.0
WX-CYOD,2030-05-07T18:00:00Z,2030-05-10T13:00:00Z,67,7.6,55.0,4.0,274.0,0.0,0.0
WX-CYOD,2030-05-07T18:00:00Z,2030-05-10T14:00:00Z,68,8.8,45.0,6.0,284.0,0.0,0.0
WX-CYOD,2030-05-07T18:00:00Z,2030-05-10T15:00:00Z,69,11.0,32.0,8.0,259.0,0.0,0.0
WX-CYOD,2030-05-07T18:00:00Z,2030-05-10T16:00:00Z,70,15.2,47.0,7.0,272.0,0.0,0.0
WX-CYOD,2030-05-07T18:00:00Z,2030-05-10T17:00:00Z,71,16.7,21.0,11.0,262.0,0.0,0.0
WX-CYOD,2030-05-07T18:00:00Z,2030-05-10T18:00:00Z,72,18.4,12.0,12.0,287.0,0.0,0.0
WX-CYPY,2030-05-07T18:00:00Z,2030-05-07T19:00:00Z,1,25.4,16.0,23.0,220.0,0.0,0.0
WX-CYPY,2030-05-07T18:00:00Z,2030-05-07T20:00:00Z,2,26.8,12.0,24.0,225.0,0.0,3.0
WX-CYPY,2030-05-07T18:00:00Z,2030-05-07T21:00:00Z,3,28.5,15.0,26.0,218.0,0.0,10.0
WX-CYPY,2030-05-07T18:00:00Z,2030-05-07T22:00:00Z,4,28.6,18.0,27.0,225.0,0.0,19.0
WX-CYPY,2030-05-07T18:00:00Z,2030-05-07T23:00:00Z,5,25.2,12.0,29.0,229.0,0.0,28.0
WX-CYPY,2030-05-07T18:00:00Z,2030-05-08T00:00:00Z,6,20.0,24.0,37.0,286.0,0.0,38.0
WX-CYPY,2030-05-07T18:00:00Z,2030-05-08T01:00:00Z,7,15.9,34.0,35.0,324.0,0.0,47.0
WX-CYPY,2030-05-07T18:00:00Z,2030-05-08T02:00:00Z,8,14.1,41.0,24.0,325.0,0.0,55.0
WX-CYPY,2030-05-07T18:00:00Z,2030-05-08T03:00:00Z,9,12.9,44.0,16.0,325.0,0.0,59.0
WX-CYPY,2030-05-07T18:00:00Z,2030-05-08T04:00:00Z,10,9.7,47.0,16.0,328.0,0.1,100.0
WX-CYPY,2030-05-07T18:00:00Z,2030-05-08T05:00:00Z,11,9.1,47.0,14.0,324.0,0.1,100.0
WX-CYPY,2030-05-07T18:00:00Z,2030-05-08T06:00:00Z,12,5.1,74.0,9.0,327.0,0.0,49.0
WX-CYPY,2030-05-07T18:00:00Z,2030-05-08T07:00:00Z,13,3.6,78.0,9.0,332.0,0.0,41.0
WX-CYPY,2030-05-07T18:00:00Z,2030-05-08T08:00:00Z,14,2.3,84.0,9.0,331.0,0.0,31.0
WX-CYPY,2030-05-07T18:00:00Z,2030-05-08T09:00:00Z,15,1.6,79.0,9.0,322.0,0.0,21.0
WX-CYPY,2030-05-07T18:00:00Z,2030-05-08T10:00:00Z,16,2.3,79.0,9.0,317.0,0.0,12.0
WX-CYPY,2030-05-07T18:00:00Z,2030-05-08T11:00:00Z,17,2.7,86.0,8.0,331.0,0.0,5.0
WX-CYPY,2030-05-07T18:00:00Z,2030-05-08T12:00:00Z,18,3.4,84.0,9.0,328.0,0.0,0.0
WX-CYPY,2030-05-07T18:00:00Z,2030-05-08T13:00:00Z,19,3.6,66.0,9.0,344.0,0.0,0.0
WX-CYPY,2030-05-07T18:00:00Z,2030-05-08T14:00:00Z,20,6.2,52.0,11.0,327.0,0.0,0.0
WX-CYPY,2030-05-07T18:00:00Z,2030-05-08T15:00:00Z,21,9.3,53.0,16.0,339.0,0.0,0.0
WX-CYPY,2030-05-07T18:00:00Z,2030-05-08T16:00:00Z,22,10.4,46.0,22.0,327.0,0.0,0.0
WX-CYPY,2030-05-07T18:00:00Z,2030-05-08T17:00:00Z,23,12.9,34.0,25.0,329.0,0.0,0.0
WX-CYPY,2030-05-07T18:00:00Z,2030-05-08T18:00:00Z,24,13.1,36.0,26.0,328.0,0.0,0.0
WX-CYPY,2030-05-07T18:00:00Z,2030-05-08T19:00:00Z,25,14.9,34.0,33.0,328.0,0.0,0.0
WX-CYPY,2030-05-07T18:00:00Z,2030-05-08T20:00:00Z,26,14.9,35.0,29.0,325.0,0.0,0.0
WX-CYPY,2030-05-07T18:00:00Z,2030-05-08T21:00:00Z,27,16.6,29.0,28.0,345.0,0.0,0.0
WX-CYPY,2030-05-07T18:00:00Z,2030-05-08T22:00:00Z,28,15.7,31.0,27.0,333.0,0.0,0.0
WX-CYPY,2030-05-07T18:00:00Z,2030-05-08T23:00:00Z,29,15.2,33.0,24.0,333.0,0.0,0.0
WX-CYPY,2030-05-07T18:00:00Z,2030-05-09T00:00:00Z,30,16.1,33.0,20.0,343.0,0.0,0.0
WX-CYPY,2030-05-07T18:00:00Z,2030-05-09T01:00:00Z,31,13.4,37.0,18.0,328.0,0.0,0.0
WX-CYPY,2030-05-07T18:00:00Z,2030-05-09T02:00:00Z,32,12.0,42.0,14.0,323.0,0.0,0.0
WX-CYPY,2030-05-07T18:00:00Z,2030-05-09T03:00:00Z,33,10.3,48.0,9.0,341.0,0.0,0.0
WX-CYPY,2030-05-07T18:00:00Z,2030-05-09T04:00:00Z,34,8.0,56.0,9.0,337.0,0.0,0.0
WX-CYPY,2030-05-07T18:00:00Z,2030-05-09T05:00:00Z,35,5.3,64.0,9.0,331.0,0.0,0.0
WX-CYPY,2030-05-07T18:00:00Z,2030-05-09T06:00:00Z,36,5.0,66.0,6.0,315.0,0.0,0.0
WX-CYPY,2030-05-07T18:00:00Z,2030-05-09T07:00:00Z,37,2.8,67.0,6.0,303.0,0.0,0.0
WX-CYPY,2030-05-07T18:00:00Z,2030-05-09T08:00:00Z,38,2.6,66.0,6.0,308.0,0.0,0.0
WX-CYPY,2030-05-07T18:00:00Z,2030-05-09T09:00:00Z,39,2.0,72.0,6.0,308.0,0.0,0.0
WX-CYPY,2030-05-07T18:00:00Z,2030-05-09T10:00:00Z,40,3.4,73.0,6.0,302.0,0.0,0.0
WX-CYPY,2030-05-07T18:00:00Z,2030-05-09T11:00:00Z,41,2.1,80.0,6.0,304.0,0.0,0.0
WX-CYPY,2030-05-07T18:00:00Z,2030-05-09T12:00:00Z,42,5.0,65.0,7.0,308.0,0.1,49.0
WX-CYPY,2030-05-07T18:00:00Z,2030-05-09T13:00:00Z,43,4.1,61.0,7.0,305.0,0.2,49.0
WX-CYPY,2030-05-07T18:00:00Z,2030-05-09T14:00:00Z,44,7.7,91.0,9.0,313.0,0.2,49.0
WX-CYPY,2030-05-07T18:00:00Z,2030-05-09T15:00:00Z,45,9.2,89.0,12.0,306.0,0.3,49.0
WX-CYPY,2030-05-07T18:00:00Z,2030-05-09T16:00:00Z,46,11.2,79.0,15.0,314.0,0.2,49.0
WX-CYPY,2030-05-07T18:00:00Z,2030-05-09T17:00:00Z,47,11.1,40.0,15.0,303.0,0.2,49.0
WX-CYPY,2030-05-07T18:00:00Z,2030-05-09T18:00:00Z,48,12.9,36.0,21.0,282.0,0.1,49.0
WX-CYPY,2030-05-07T18:00:00Z,2030-05-09T19:00:00Z,49,14.8,23.0,19.0,319.0,0.0,0.0
WX-CYPY,2030-05-07T18:00:00Z,2030-05-09T20:00:00Z,50,16.1,27.0,22.0,304.0,0.0,0.0
WX-CYPY,2030-05-07T18:00:00Z,2030-05-09T21:00:00Z,51,17.1,30.0,22.0,294.0,0.0,0.0
WX-CYPY,2030-05-07T18:00:00Z,2030-05-09T22:00:00Z,52,16.1,23.0,14.0,302.0,0.0,0.0
WX-CYPY,2030-05-07T18:00:00Z,2030-05-09T23:00:00Z,53,17.4,27.0,19.0,309.0,0.0,0.0
WX-CYPY,2030-05-07T18:00:00Z,2030-05-10T00:00:00Z,54,15.3,30.0,17.0,303.0,0.0,0.0
WX-CYPY,2030-05-07T18:00:00Z,2030-05-10T01:00:00Z,55,13.6,30.0,13.0,302.0,0.0,0.0
WX-CYPY,2030-05-07T18:00:00Z,2030-05-10T02:00:00Z,56,12.1,39.0,9.0,293.0,0.0,0.0
WX-CYPY,2030-05-07T18:00:00Z,2030-05-10T03:00:00Z,57,11.4,41.0,6.0,301.0,0.0,0.0
WX-CYPY,2030-05-07T18:00:00Z,2030-05-10T04:00:00Z,58,9.1,39.0,7.0,319.0,0.0,0.0
WX-CYPY,2030-05-07T18:00:00Z,2030-05-10T05:00:00Z,59,6.3,56.0,6.0,293.0,0.0,0.0
WX-CYPY,2030-05-07T18:00:00Z,2030-05-10T06:00:00Z,60,6.0,67.0,6.0,291.0,0.0,0.0
WX-CYPY,2030-05-07T18:00:00Z,2030-05-10T07:00:00Z,61,5.6,76.0,5.0,298.0,0.0,0.0
WX-CYPY,2030-05-07T18:00:00Z,2030-05-10T08:00:00Z,62,3.3,65.0,6.0,283.0,0.0,0.0
WX-CYPY,2030-05-07T18:00:00Z,2030-05-10T09:00:00Z,63,2.4,82.0,5.0,267.0,0.0,0.0
WX-CYPY,2030-05-07T18:00:00Z,2030-05-10T10:00:00Z,64,3.7,81.0,5.0,274.0,0.0,0.0
WX-CYPY,2030-05-07T18:00:00Z,2030-05-10T11:00:00Z,65,3.1,69.0,6.0,282.0,0.0,0.0
WX-CYPY,2030-05-07T18:00:00Z,2030-05-10T12:00:00Z,66,5.2,66.0,6.0,279.0,0.0,0.0
WX-CYPY,2030-05-07T18:00:00Z,2030-05-10T13:00:00Z,67,3.9,72.0,5.0,298.0,0.0,0.0
WX-CYPY,2030-05-07T18:00:00Z,2030-05-10T14:00:00Z,68,9.3,53.0,6.0,287.0,0.0,0.0
WX-CYPY,2030-05-07T18:00:00Z,2030-05-10T15:00:00Z,69,8.7,50.0,8.0,295.0,0.0,0.0
WX-CYPY,2030-05-07T18:00:00Z,2030-05-10T16:00:00Z,70,11.8,40.0,12.0,292.0,0.0,0.0
WX-CYPY,2030-05-07T18:00:00Z,2030-05-10T17:00:00Z,71,13.1,47.0,9.0,277.0,0.0,0.0
WX-CYPY,2030-05-07T18:00:00Z,2030-05-10T18:00:00Z,72,17.1,33.0,14.0,297.0,0.0,0.0
WX-CYEG,2030-05-07T18:00:00Z,2030-05-07T19:00:00Z,1,24.4,18.0,23.0,209.0,0.0,12.0
WX-CYEG,2030-05-07T18:00:00Z,2030-05-07T20:00:00Z,2,26.8,14.0,26.0,214.0,0.0,12.0
WX-CYEG,2030-05-07T18:00:00Z,2030-05-07T21:00:00Z,3,26.8,9.0,28.0,208.0,0.0,12.0
WX-CYEG,2030-05-07T18:00:00Z,2030-05-07T22:00:00Z,4,28.2,15.0,26.0,207.0,0.0,12.0
WX-CYEG,2030-05-07T18:00:00Z,2030-05-07T23:00:00Z,5,27.4,15.0,22.0,211.0,0.0,13.0
WX-CYEG,2030-05-07T18:00:00Z,2030-05-08T00:00:00Z,6,25.4,14.0,18.0,209.0,0.0,13.0
WX-CYEG,2030-05-07T18:00:00Z,2030-05-08T01:00:00Z,7,23.0,23.0,15.0,209.0,0.0,14.0
WX-CYEG,2030-05-07T18:00:00Z,2030-05-08T02:00:00Z,8,21.4,31.0,14.0,210.0,0.0,16.0
WX-CYEG,2030-05-07T18:00:00Z,2030-05-08T03:00:00Z,9,19.4,28.0,7.0,202.0,0.0,19.0
WX-CYEG,2030-05-07T18:00:00Z,2030-05-08T04:00:00Z,10,15.7,27.0,8.0,210.0,0.0,23.0
WX-CYEG,2030-05-07T18:00:00Z,2030-05-08T05:00:00Z,11,14.0,37.0,7.0,202.0,0.0,28.0
WX-CYEG,2030-05-07T18:00:00Z,2030-05-08T06:00:00Z,12,10.9,45.0,9.0,211.0,0.0,36.0
WX-CYEG,2030-05-07T18:00:00Z,2030-05-08T07:00:00Z,13,8.3,44.0,10.0,210.0,0.0,44.0
WX-CYEG,2030-05-07T18:00:00Z,2030-05-08T08:00:00Z,14,5.8,63.0,15.0,241.0,0.0,54.0
WX-CYEG,2030-05-07T18:00:00Z,2030-05-08T09:00:00Z,15,1.7,87.0,17.0,308.0,0.0,64.0
WX-CYEG,2030-05-07T18:00:00Z,2030-05-08T10:00:00Z,16,1.2,86.0,16.0,318.0,0.0,73.0
WX-CYEG,2030-05-07T18:00:00Z,2030-05-08T11:00:00Z,17,1.3,90.0,17.0,309.0,0.0,79.0
WX-CYEG,2030-05-07T18:00:00Z,2030-05-08T12:00:00Z,18,2.7,82.0,15.0,309.0,0.0,82.0
WX-CYEG,2030-05-07T18:00:00Z,2030-05-08T13:00:00Z,19,4.0,73.0,11.0,329.0,0.0,81.0
WX-CYEG,2030-05-07T18:00:00Z,2030-05-08T14:00:00Z,20,4.9,69.0,13.0,327.0,0.0,77.0
WX-CYEG,2030-05-07T18:00:00Z,2030-05-08T15:00:00Z,21,5.1,66.0,16.0,317.0,0.0,69.0
WX-CYEG,2030-05-07T18:00:00Z,2030-05-08T16:00:00Z,22,8.8,52.0,19.0,323.0,0.0,60.0
WX-CYEG,2030-05-07T18:00:00Z,2030-05-08T17:00:00Z,23,11.0,53.0,23.0,309.0,0.0,50.0
WX-CYEG,2030-05-07T18:00:00Z,2030-05-08T18:00:00Z,24,11.4,39.0,27.0,326.0,0.0,40.0
WX-CYEG,2030-05-07T18:00:00Z,2030-05-08T19:00:00Z,25,13.9,35.0,30.0,315.0,0.0,32.0
WX-CYEG,2030-05-07T18:00:00Z,2030-05-08T20:00:00Z,26,14.3,27.0,25.0,318.0,0.0,26.0
WX-CYEG,2030-05-07T18:00:00Z,2030-05-08T21:00:00Z,27,15.3,32.0,29.0,315.0,0.0,21.0
WX-CYEG,2030-05-07T18:00:00Z,2030-05-08T22:00:00Z,28,16.6,37.0,29.0,316.0,0.0,17.0
WX-CYEG,2030-05-07T18:00:00Z,2030-05-08T23:00:00Z,29,13.9,33.0,25.0,330.0,0.0,15.0
WX-CYEG,2030-05-07T18:00:00Z,2030-05-09T00:00:00Z,30,14.2,36.0,23.0,309.0,0.0,14.0
WX-CYEG,2030-05-07T18:00:00Z,2030-05-09T01:00:00Z,31,12.3,45.0,19.0,321.0,0.0,13.0
WX-CYEG,2030-05-07T18:00:00Z,2030-05-09T02:00:00Z,32,11.0,43.0,14.0,322.0,0.0,13.0
WX-CYEG,2030-05-07T18:00:00Z,2030-05-09T03:00:00Z,33,8.1,53.0,9.0,328.0,0.0,12.0
WX-CYEG,2030-05-07T18:00:00Z,2030-05-09T04:00:00Z,34,7.1,61.0,10.0,319.0,0.0,12.0
WX-CYEG,2030-05-07T18:00:00Z,2030-05-09T05:00:00Z,35,6.1,64.0,8.0,316.0,0.0,12.0
WX-CYEG,2030-05-07T18:00:00Z,2030-05-09T06:00:00Z,36,3.7,75.0,8.0,305.0,0.0,12.0
WX-CYEG,2030-05-07T18:00:00Z,2030-05-09T07:00:00Z,37,1.8,72.0,7.0,295.0,0.0,12.0
WX-CYEG,2030-05-07T18:00:00Z,2030-05-09T08:00:00Z,38,2.3,86.0,7.0,286.0,0.0,12.0
WX-CYEG,2030-05-07T18:00:00Z,2030-05-09T09:00:00Z,39,0.0,84.0,7.0,293.0,0.0,12.0
WX-CYEG,2030-05-07T18:00:00Z,2030-05-09T10:00:00Z,40,1.1,84.0,7.0,296.0,0.0,12.0
WX-CYEG,2030-05-07T18:00:00Z,2030-05-09T11:00:00Z,41,2.1,85.0,7.0,311.0,0.0,12.0
WX-CYEG,2030-05-07T18:00:00Z,2030-05-09T12:00:00Z,42,3.2,80.0,6.0,288.0,0.0,12.0
WX-CYEG,2030-05-07T18:00:00Z,2030-05-09T13:00:00Z,43,4.7,67.0,6.0,289.0,0.0,12.0
WX-CYEG,2030-05-07T18:00:00Z,2030-05-09T14:00:00Z,44,7.2,61.0,8.0,283.0,0.0,12.0
WX-CYEG,2030-05-07T18:00:00Z,2030-05-09T15:00:00Z,45,7.6,47.0,13.0,295.0,0.0,12.0
WX-CYEG,2030-05-07T18:00:00Z,2030-05-09T16:00:00Z,46,9.2,43.0,14.0,296.0,0.0,12.0
WX-CYEG,2030-05-07T18:00:00Z,2030-05-09T17:00:00Z,47,11.3,44.0,17.0,291.0,0.0,12.0
WX-CYEG,2030-05-07T18:00:00Z,2030-05-09T18:00:00Z,48,14.7,40.0,20.0,279.0,0.0,12.0
WX-CYEG,2030-05-07T18:00:00Z,2030-05-09T19:00:00Z,49,14.7,32.0,20.0,286.0,0.0,12.0
WX-CYEG,2030-05-07T18:00:00Z,2030-05-09T20:00:00Z,50,16.3,39.0,20.0,306.0,0.0,12.0
WX-CYEG,2030-05-07T18:00:00Z,2030-05-09T21:00:00Z,51,15.9,29.0,20.0,294.0,0.0,12.0
WX-CYEG,2030-05-07T18:00:00Z,2030-05-09T22:00:00Z,52,16.5,31.0,21.0,315.0,0.0,12.0
WX-CYEG,2030-05-07T18:00:00Z,2030-05-09T23:00:00Z,53,14.7,33.0,17.0,282.0,0.0,12.0
WX-CYEG,2030-05-07T18:00:00Z,2030-05-10T00:00:00Z,54,13.8,35.0,15.0,289.0,0.0,12.0
WX-CYEG,2030-05-07T18:00:00Z,2030-05-10T01:00:00Z,55,14.5,37.0,14.0,302.0,0.0,12.0
WX-CYEG,2030-05-07T18:00:00Z,2030-05-10T02:00:00Z,56,12.4,32.0,10.0,299.0,0.0,12.0
WX-CYEG,2030-05-07T18:00:00Z,2030-05-10T03:00:00Z,57,10.2,51.0,6.0,302.0,0.0,12.0
WX-CYEG,2030-05-07T18:00:00Z,2030-05-10T04:00:00Z,58,7.8,52.0,8.0,291.0,0.0,12.0
WX-CYEG,2030-05-07T18:00:00Z,2030-05-10T05:00:00Z,59,6.2,54.0,7.0,292.0,0.0,12.0
WX-CYEG,2030-05-07T18:00:00Z,2030-05-10T06:00:00Z,60,4.7,72.0,6.0,264.0,0.0,12.0
WX-CYEG,2030-05-07T18:00:00Z,2030-05-10T07:00:00Z,61,4.3,64.0,6.0,278.0,0.0,12.0
WX-CYEG,2030-05-07T18:00:00Z,2030-05-10T08:00:00Z,62,2.9,82.0,6.0,284.0,0.0,12.0
WX-CYEG,2030-05-07T18:00:00Z,2030-05-10T09:00:00Z,63,2.0,87.0,6.0,286.0,0.0,12.0
WX-CYEG,2030-05-07T18:00:00Z,2030-05-10T10:00:00Z,64,2.8,94.0,6.0,253.0,0.0,12.0
WX-CYEG,2030-05-07T18:00:00Z,2030-05-10T11:00:00Z,65,2.5,84.0,5.0,279.0,0.0,12.0
WX-CYEG,2030-05-07T18:00:00Z,2030-05-10T12:00:00Z,66,5.6,73.0,7.0,272.0,0.0,12.0
WX-CYEG,2030-05-07T18:00:00Z,2030-05-10T13:00:00Z,67,5.7,61.0,6.0,268.0,0.0,12.0
WX-CYEG,2030-05-07T18:00:00Z,2030-05-10T14:00:00Z,68,9.5,71.0,7.0,272.0,0.0,12.0
WX-CYEG,2030-05-07T18:00:00Z,2030-05-10T15:00:00Z,69,8.9,52.0,10.0,264.0,0.0,12.0
WX-CYEG,2030-05-07T18:00:00Z,2030-05-10T16:00:00Z,70,9.6,35.0,12.0,275.0,0.0,12.0
WX-CYEG,2030-05-07T18:00:00Z,2030-05-10T17:00:00Z,71,12.6,40.0,11.0,273.0,0.0,12.0
WX-CYEG,2030-05-07T18:00:00Z,2030-05-10T18:00:00Z,72,15.2,35.0,12.0,282.0,0.0,12.0
WX-CYWM,2030-05-07T18:00:00Z,2030-05-07T19:00:00Z,1,27.4,17.0,17.0,202.0,0.0,29.0
WX-CYWM,2030-05-07T18:00:00Z,2030-05-07T20:00:00Z,2,28.0,16.0,20.0,196.0,0.0,29.0
WX-CYWM,2030-05-07T18:00:00Z,2030-05-07T21:00:00Z,3,28.9,15.0,20.0,209.0,0.0,30.0
WX-CYWM,2030-05-07T18:00:00Z,2030-05-07T22:00:00Z,4,28.4,15.0,20.0,203.0,0.0,30.0
WX-CYWM,2030-05-07T18:00:00Z,2030-05-07T23:00:00Z,5,28.4,15.0,18.0,195.0,0.0,32.0
WX-CYWM,2030-05-07T18:00:00Z,2030-05-08T00:00:00Z,6,26.1,18.0,15.0,205.0,0.0,34.0
WX-CYWM,2030-05-07T18:00:00Z,2030-05-08T01:00:00Z,7,25.2,23.0,12.0,205.0,0.0,37.0
WX-CYWM,2030-05-07T18:00:00Z,2030-05-08T02:00:00Z,8,21.9,22.0,10.0,204.0,0.0,42.0
WX-CYWM,2030-05-07T18:00:00Z,2030-05-08T03:00:00Z,9,20.2,26.0,7.0,197.0,0.0,49.0
WX-CYWM,2030-05-07T18:00:00Z,2030-05-08T04:00:00Z,10,16.8,29.0,8.0,199.0,0.0,57.0
WX-CYWM,2030-05-07T18:00:00Z,2030-05-08T05:00:00Z,11,14.4,44.0,10.0,217.0,0.0,67.0
WX-CYWM,2030-05-07T18:00:00Z,2030-05-08T06:00:00Z,12,7.7,67.0,14.0,278.0,0.0,77.0
WX-CYWM,2030-05-07T18:00:00Z,2030-05-08T07:00:00Z,13,4.1,85.0,14.0,308.0,0.0,86.0
WX-CYWM,2030-05-07T18:00:00Z,2030-05-08T08:00:00Z,14,3.1,88.0,13.0,317.0,0.0,93.0
WX-CYWM,2030-05-07T18:00:00Z,2030-05-08T09:00:00Z,15,4.0,88.0,13.0,309.0,0.1,100.0
WX-CYWM,2030-05-07T18:00:00Z,2030-05-08T10:00:00Z,16,2.4,96.0,10.0,303.0,0.1,100.0
WX-CYWM,2030-05-07T18:00:00Z,2030-05-08T11:00:00Z,17,3.2,86.0,8.0,300.0,0.1,100.0
WX-CYWM,2030-05-07T18:00:00Z,2030-05-08T12:00:00Z,18,3.7,84.0,8.0,300.0,0.1,100.0
WX-CYWM,2030-05-07T18:00:00Z,2030-05-08T13:00:00Z,19,5.8,77.0,8.0,300.0,0.0,80.0
WX-CYWM,2030-05-07T18:00:00Z,2030-05-08T14:00:00Z,20,7.5,73.0,9.0,314.0,0.0,71.0
WX-CYWM,2030-05-07T18:00:00Z,2030-05-08T15:00:00Z,21,9.0,61.0,11.0,302.0,0.0,61.0
WX-CYWM,2030-05-07T18:00:00Z,2030-05-08T16:00:00Z,22,8.6,63.0,14.0,311.0,0.0,52.0
WX-CYWM,2030-05-07T18:00:00Z,2030-05-08T17:00:00Z,23,12.4,46.0,19.0,324.0,0.0,45.0
WX-CYWM,2030-05-07T18:00:00Z,2030-05-08T18:00:00Z,24,13.9,36.0,21.0,307.0,0.0,39.0
WX-CYWM,2030-05-07T18:00:00Z,2030-05-08T19:00:00Z,25,14.9,41.0,21.0,321.0,0.0,35.0
WX-CYWM,2030-05-07T18:00:00Z,2030-05-08T20:00:00Z,26,16.3,40.0,25.0,310.0,0.0,32.0
WX-CYWM,2030-05-07T18:00:00Z,2030-05-08T21:00:00Z,27,17.8,38.0,20.0,299.0,0.0,31.0
WX-CYWM,2030-05-07T18:00:00Z,2030-05-08T22:00:00Z,28,17.2,36.0,20.0,320.0,0.0,30.0
WX-CYWM,2030-05-07T18:00:00Z,2030-05-08T23:00:00Z,29,16.4,39.0,20.0,312.0,0.0,29.0
WX-CYWM,2030-05-07T18:00:00Z,2030-05-09T00:00:00Z,30,14.1,34.0,19.0,307.0,0.0,29.0
WX-CYWM,2030-05-07T18:00:00Z,2030-05-09T01:00:00Z,31,13.4,51.0,15.0,298.0,0.0,29.0
WX-CYWM,2030-05-07T18:00:00Z,2030-05-09T02:00:00Z,32,12.8,47.0,10.0,310.0,0.0,29.0
WX-CYWM,2030-05-07T18:00:00Z,2030-05-09T03:00:00Z,33,10.9,54.0,7.0,309.0,0.0,29.0
WX-CYWM,2030-05-07T18:00:00Z,2030-05-09T04:00:00Z,34,9.4,58.0,8.0,301.0,0.0,29.0
WX-CYWM,2030-05-07T18:00:00Z,2030-05-09T05:00:00Z,35,7.8,72.0,6.0,300.0,0.0,29.0
WX-CYWM,2030-05-07T18:00:00Z,2030-05-09T06:00:00Z,36,6.5,72.0,5.0,296.0,0.0,29.0
WX-CYWM,2030-05-07T18:00:00Z,2030-05-09T07:00:00Z,37,3.0,81.0,6.0,278.0,0.0,29.0
WX-CYWM,2030-05-07T18:00:00Z,2030-05-09T08:00:00Z,38,2.4,83.0,6.0,282.0,0.0,29.0
WX-CYWM,2030-05-07T18:00:00Z,2030-05-09T09:00:00Z,39,4.1,85.0,6.0,265.0,0.0,29.0
WX-CYWM,2030-05-07T18:00:00Z,2030-05-09T10:00:00Z,40,2.4,84.0,6.0,279.0,0.0,29.0
WX-CYWM,2030-05-07T18:00:00Z,2030-05-09T11:00:00Z,41,3.6,80.0,6.0,289.0,0.1,89.0
WX-CYWM,2030-05-07T18:00:00Z,2030-05-09T12:00:00Z,42,4.9,83.0,5.0,296.0,0.2,89.0
WX-CYWM,2030-05-07T18:00:00Z,2030-05-09T13:00:00Z,43,7.1,92.0,5.0,265.0,0.4,89.0
WX-CYWM,2030-05-07T18:00:00Z,2030-05-09T14:00:00Z,44,8.5,84.0,7.0,283.0,0.6,89.0
WX-CYWM,2030-05-07T18:00:00Z,2030-05-09T15:00:00Z,45,10.5,75.0,9.0,285.0,0.6,89.0
WX-CYWM,2030-05-07T18:00:00Z,2030-05-09T16:00:00Z,46,12.6,87.0,12.0,273.0,0.6,89.0
WX-CYWM,2030-05-07T18:00:00Z,2030-05-09T17:00:00Z,47,14.0,91.0,16.0,294.0,0.4,89.0
WX-CYWM,2030-05-07T18:00:00Z,2030-05-09T18:00:00Z,48,14.4,90.0,15.0,275.0,0.2,89.0
WX-CYWM,2030-05-07T18:00:00Z,2030-05-09T19:00:00Z,49,16.5,28.0,17.0,288.0,0.1,89.0
WX-CYWM,2030-05-07T18:00:00Z,2030-05-09T20:00:00Z,50,17.1,39.0,18.0,285.0,0.0,29.0
WX-CYWM,2030-05-07T18:00:00Z,2030-05-09T21:00:00Z,51,18.3,36.0,18.0,293.0,0.0,29.0
WX-CYWM,2030-05-07T18:00:00Z,2030-05-09T22:00:00Z,52,19.2,23.0,17.0,283.0,0.0,29.0
WX-CYWM,2030-05-07T18:00:00Z,2030-05-09T23:00:00Z,53,18.0,38.0,16.0,288.0,0.0,29.0
WX-CYWM,2030-05-07T18:00:00Z,2030-05-10T00:00:00Z,54,15.7,36.0,14.0,288.0,0.0,29.0
WX-CYWM,2030-05-07T18:00:00Z,2030-05-10T01:00:00Z,55,14.9,43.0,10.0,288.0,0.0,29.0
WX-CYWM,2030-05-07T18:00:00Z,2030-05-10T02:00:00Z,56,14.0,36.0,8.0,293.0,0.0,29.0
WX-CYWM,2030-05-07T18:00:00Z,2030-05-10T03:00:00Z,57,10.6,54.0,5.0,287.0,0.0,29.0
WX-CYWM,2030-05-07T18:00:00Z,2030-05-10T04:00:00Z,58,7.8,52.0,5.0,281.0,0.0,29.0
WX-CYWM,2030-05-07T18:00:00Z,2030-05-10T05:00:00Z,59,7.1,71.0,5.0,297.0,0.0,29.0
WX-CYWM,2030-05-07T18:00:00Z,2030-05-10T06:00:00Z,60,6.6,69.0,4.0,271.0,0.0,29.0
WX-CYWM,2030-05-07T18:00:00Z,2030-05-10T07:00:00Z,61,6.9,76.0,4.0,251.0,0.0,29.0
WX-CYWM,2030-05-07T18:00:00Z,2030-05-10T08:00:00Z,62,5.3,92.0,5.0,272.0,0.0,29.0
WX-CYWM,2030-05-07T18:00:00Z,2030-05-10T09:00:00Z,63,3.8,86.0,4.0,255.0,0.0,29.0
WX-CYWM,2030-05-07T18:00:00Z,2030-05-10T10:00:00Z,64,2.5,82.0,4.0,273.0,0.0,29.0
WX-CYWM,2030-05-07T18:00:00Z,2030-05-10T11:00:00Z,65,4.3,82.0,4.0,256.0,0.0,29.0
WX-CYWM,2030-05-07T18:00:00Z,2030-05-10T12:00:00Z,66,5.3,83.0,5.0,271.0,0.0,29.0
WX-CYWM,2030-05-07T18:00:00Z,2030-05-10T13:00:00Z,67,8.1,68.0,5.0,249.0,0.0,29.0
WX-CYWM,2030-05-07T18:00:00Z,2030-05-10T14:00:00Z,68,7.6,63.0,5.0,262.0,0.0,29.0
WX-CYWM,2030-05-07T18:00:00Z,2030-05-10T15:00:00Z,69,11.8,61.0,7.0,244.0,0.0,29.0
WX-CYWM,2030-05-07T18:00:00Z,2030-05-10T16:00:00Z,70,12.7,50.0,9.0,284.0,0.0,29.0
WX-CYWM,2030-05-07T18:00:00Z,2030-05-10T17:00:00Z,71,14.6,38.0,11.0,271.0,0.0,29.0
WX-CYWM,2030-05-07T18:00:00Z,2030-05-10T18:00:00Z,72,14.5,32.0,10.0,257.0,0.0,29.0
WX-CEE5,2030-05-07T18:00:00Z,2030-05-07T19:00:00Z,1,25.2,17.0,21.0,201.0,0.0,25.0
WX-CEE5,2030-05-07T18:00:00Z,2030-05-07T20:00:00Z,2,26.1,17.0,23.0,206.0,0.0,27.0
WX-CEE5,2030-05-07T18:00:00Z,2030-05-07T21:00:00Z,3,27.1,8.0,21.0,203.0,0.0,30.0
WX-CEE5,2030-05-07T18:00:00Z,2030-05-07T22:00:00Z,4,28.3,12.0,19.0,213.0,0.0,34.0
WX-CEE5,2030-05-07T18:00:00Z,2030-05-07T23:00:00Z,5,27.5,8.0,16.0,204.0,0.0,40.0
WX-CEE5,2030-05-07T18:00:00Z,2030-05-08T00:00:00Z,6,26.3,14.0,16.0,203.0,0.0,48.0
WX-CEE5,2030-05-07T18:00:00Z,2030-05-08T01:00:00Z,7,23.0,17.0,16.0,207.0,0.0,57.0
WX-CEE5,2030-05-07T18:00:00Z,2030-05-08T02:00:00Z,8,18.5,26.0,18.0,246.0,0.0,67.0
WX-CEE5,2030-05-07T18:00:00Z,2030-05-08T03:00:00Z,9,13.2,39.0,18.0,303.0,0.0,77.0
WX-CEE5,2030-05-07T18:00:00Z,2030-05-08T04:00:00Z,10,10.3,47.0,20.0,308.0,0.0,85.0
WX-CEE5,2030-05-07T18:00:00Z,2030-05-08T05:00:00Z,11,9.1,51.0,16.0,306.0,0.0,91.0
WX-CEE5,2030-05-07T18:00:00Z,2030-05-08T06:00:00Z,12,5.3,69.0,11.0,316.0,0.0,93.0
WX-CEE5,2030-05-07T18:00:00Z,2030-05-08T07:00:00Z,13,3.2,81.0,9.0,316.0,0.0,92.0
WX-CEE5,2030-05-07T18:00:00Z,2030-05-08T08:00:00Z,14,2.0,78.0,9.0,320.0,0.0,86.0
WX-CEE5,2030-05-07T18:00:00Z,2030-05-08T09:00:00Z,15,1.5,82.0,8.0,311.0,0.0,79.0
WX-CEE5,2030-05-07T18:00:00Z,2030-05-08T10:00:00Z,16,1.6,80.0,8.0,314.0,0.0,69.0
WX-CEE5,2030-05-07T18:00:00Z,2030-05-08T11:00:00Z,17,2.4,87.0,7.0,323.0,0.0,59.0
WX-CEE5,2030-05-07T18:00:00Z,2030-05-08T12:00:00Z,18,2.8,77.0,8.0,311.0,0.0,50.0
WX-CEE5,2030-05-07T18:00:00Z,2030-05-08T13:00:00Z,19,4.5,74.0,8.0,323.0,0.0,42.0
WX-CEE5,2030-05-07T18:00:00Z,2030-05-08T14:00:00Z,20,6.1,60.0,10.0,323.0,0.0,36.0
WX-CEE5,2030-05-07T18:00:00Z,2030-05-08T15:00:00Z,21,7.5,52.0,14.0,327.0,0.0,31.0
WX-CEE5,2030-05-07T18:00:00Z,2030-05-08T16:00:00Z,22,8.7,48.0,16.0,313.0,0.0,28.0
WX-CEE5,2030-05-07T18:00:00Z,2030-05-08T17:00:00Z,23,11.3,39.0,20.0,316.0,0.0,26.0
WX-CEE5,2030-05-07T18:00:00Z,2030-05-08T18:00:00Z,24,14.5,42.0,24.0,318.0,0.0,24.0
WX-CEE5,2030-05-07T18:00:00Z,2030-05-08T19:00:00Z,25,13.9,37.0,21.0,312.0,0.0,24.0
WX-CEE5,2030-05-07T18:00:00Z,2030-05-08T20:00:00Z,26,14.1,34.0,22.0,325.0,0.0,23.0
WX-CEE5,2030-05-07T18:00:00Z,2030-05-08T21:00:00Z,27,15.0,35.0,22.0,329.0,0.0,23.0
WX-CEE5,2030-05-07T18:00:00Z,2030-05-08T22:00:00Z,28,16.6,32.0,23.0,320.0,0.0,23.0
WX-CEE5,2030-05-07T18:00:00Z,2030-05-08T23:00:00Z,29,16.1,32.0,19.0,317.0,0.0,23.0
WX-CEE5,2030-05-07T18:00:00Z,2030-05-09T00:00:00Z,30,14.3,34.0,17.0,315.0,0.0,23.0
WX-CEE5,2030-05-07T18:00:00Z,2030-05-09T01:00:00Z,31,13.0,42.0,14.0,303.0,0.0,23.0
WX-CEE5,2030-05-07T18:00:00Z,2030-05-09T02:00:00Z,32,10.7,42.0,11.0,311.0,0.0,23.0
WX-CEE5,2030-05-07T18:00:00Z,2030-05-09T03:00:00Z,33,9.0,45.0,8.0,307.0,0.0,23.0
WX-CEE5,2030-05-07T18:00:00Z,2030-05-09T04:00:00Z,34,9.3,56.0,8.0,306.0,0.0,23.0
WX-CEE5,2030-05-07T18:00:00Z,2030-05-09T05:00:00Z,35,4.9,64.0,7.0,319.0,0.0,23.0
WX-CEE5,2030-05-07T18:00:00Z,2030-05-09T06:00:00Z,36,5.0,72.0,6.0,280.0,0.0,23.0
WX-CEE5,2030-05-07T18:00:00Z,2030-05-09T07:00:00Z,37,2.9,76.0,6.0,298.0,0.0,23.0
WX-CEE5,2030-05-07T18:00:00Z,2030-05-09T08:00:00Z,38,2.5,72.0,5.0,296.0,0.0,23.0
WX-CEE5,2030-05-07T18:00:00Z,2030-05-09T09:00:00Z,39,1.9,82.0,5.0,286.0,0.0,23.0
WX-CEE5,2030-05-07T18:00:00Z,2030-05-09T10:00:00Z,40,2.1,76.0,6.0,292.0,0.0,23.0
WX-CEE5,2030-05-07T18:00:00Z,2030-05-09T11:00:00Z,41,2.4,79.0,5.0,302.0,0.0,23.0
WX-CEE5,2030-05-07T18:00:00Z,2030-05-09T12:00:00Z,42,3.1,65.0,5.0,283.0,0.1,83.0
WX-CEE5,2030-05-07T18:00:00Z,2030-05-09T13:00:00Z,43,6.3,61.0,6.0,286.0,0.1,83.0
WX-CEE5,2030-05-07T18:00:00Z,2030-05-09T14:00:00Z,44,6.5,62.0,6.0,288.0,0.2,83.0
WX-CEE5,2030-05-07T18:00:00Z,2030-05-09T15:00:00Z,45,7.4,84.0,9.0,289.0,0.2,83.0
WX-CEE5,2030-05-07T18:00:00Z,2030-05-09T16:00:00Z,46,9.9,36.0,11.0,295.0,0.2,83.0
WX-CEE5,2030-05-07T18:00:00Z,2030-05-09T17:00:00Z,47,12.5,33.0,14.0,298.0,0.1,83.0
WX-CEE5,2030-05-07T18:00:00Z,2030-05-09T18:00:00Z,48,13.7,33.0,15.0,286.0,0.1,83.0
WX-CEE5,2030-05-07T18:00:00Z,2030-05-09T19:00:00Z,49,14.3,35.0,17.0,282.0,0.0,23.0
WX-CEE5,2030-05-07T18:00:00Z,2030-05-09T20:00:00Z,50,16.4,35.0,18.0,289.0,0.0,23.0
WX-CEE5,2030-05-07T18:00:00Z,2030-05-09T21:00:00Z,51,17.4,23.0,18.0,290.0,0.0,23.0
WX-CEE5,2030-05-07T18:00:00Z,2030-05-09T22:00:00Z,52,16.7,23.0,16.0,296.0,0.0,23.0
WX-CEE5,2030-05-07T18:00:00Z,2030-05-09T23:00:00Z,53,16.3,17.0,20.0,286.0,0.0,23.0
WX-CEE5,2030-05-07T18:00:00Z,2030-05-10T00:00:00Z,54,15.8,34.0,14.0,279.0,0.0,23.0
WX-CEE5,2030-05-07T18:00:00Z,2030-05-10T01:00:00Z,55,13.3,34.0,12.0,280.0,0.0,23.0
WX-CEE5,2030-05-07T18:00:00Z,2030-05-10T02:00:00Z,56,11.2,33.0,8.0,283.0,0.0,23.0
WX-CEE5,2030-05-07T18:00:00Z,2030-05-10T03:00:00Z,57,10.4,52.0,5.0,297.0,0.0,23.0
WX-CEE5,2030-05-07T18:00:00Z,2030-05-10T04:00:00Z,58,9.1,51.0,6.0,308.0,0.0,23.0
WX-CEE5,2030-05-07T18:00:00Z,2030-05-10T05:00:00Z,59,5.4,59.0,6.0,305.0,0.0,23.0
WX-CEE5,2030-05-07T18:00:00Z,2030-05-10T06:00:00Z,60,6.4,61.0,4.0,275.0,0.0,23.0
WX-CEE5,2030-05-07T18:00:00Z,2030-05-10T07:00:00Z,61,4.8,70.0,5.0,281.0,0.0,23.0
WX-CEE5,2030-05-07T18:00:00Z,2030-05-10T08:00:00Z,62,3.2,66.0,5.0,270.0,0.0,23.0
WX-CEE5,2030-05-07T18:00:00Z,2030-05-10T09:00:00Z,63,3.6,75.0,4.0,254.0,0.0,23.0
WX-CEE5,2030-05-07T18:00:00Z,2030-05-10T10:00:00Z,64,2.8,77.0,5.0,266.0,0.0,23.0
WX-CEE5,2030-05-07T18:00:00Z,2030-05-10T11:00:00Z,65,2.7,75.0,5.0,272.0,0.0,23.0
WX-CEE5,2030-05-07T18:00:00Z,2030-05-10T12:00:00Z,66,4.4,69.0,4.0,279.0,0.0,23.0
WX-CEE5,2030-05-07T18:00:00Z,2030-05-10T13:00:00Z,67,4.2,67.0,4.0,277.0,0.0,23.0
WX-CEE5,2030-05-07T18:00:00Z,2030-05-10T14:00:00Z,68,7.0,48.0,5.0,272.0,0.0,23.0
WX-CEE5,2030-05-07T18:00:00Z,2030-05-10T15:00:00Z,69,10.2,51.0,7.0,265.0,0.0,23.0
WX-CEE5,2030-05-07T18:00:00Z,2030-05-10T16:00:00Z,70,11.9,38.0,9.0,243.0,0.0,23.0
WX-CEE5,2030-05-07T18:00:00Z,2030-05-10T17:00:00Z,71,13.5,34.0,10.0,269.0,0.0,23.0
WX-CEE5,2030-05-07T18:00:00Z,2030-05-10T18:00:00Z,72,16.7,32.0,13.0,278.0,0.0,23.0
WX-CEH5,2030-05-07T18:00:00Z,2030-05-07T19:00:00Z,1,28.9,8.0,21.0,197.0,0.0,27.0
WX-CEH5,2030-05-07T18:00:00Z,2030-05-07T20:00:00Z,2,29.8,10.0,25.0,193.0,0.0,34.0
WX-CEH5,2030-05-07T18:00:00Z,2030-05-07T21:00:00Z,3,30.8,10.0,26.0,206.0,0.0,42.0
WX-CEH5,2030-05-07T18:00:00Z,2030-05-07T22:00:00Z,4,29.5,16.0,31.0,210.0,0.0,51.0
WX-CEH5,2030-05-07T18:00:00Z,2030-05-07T23:00:00Z,5,24.0,15.0,36.0,273.0,0.0,61.0
WX-CEH5,2030-05-07T18:00:00Z,2030-05-08T00:00:00Z,6,21.6,28.0,34.0,304.0,0.0,71.0
WX-CEH5,2030-05-07T18:00:00Z,2030-05-08T01:00:00Z,7,18.6,24.0,30.0,300.0,0.0,78.0
WX-CEH5,2030-05-07T18:00:00Z,2030-05-08T02:00:00Z,8,17.8,33.0,22.0,314.0,0.1,100.0
WX-CEH5,2030-05-07T18:00:00Z,2030-05-08T03:00:00Z,9,15.8,35.0,14.0,302.0,0.1,100.0
WX-CEH5,2030-05-07T18:00:00Z,2030-05-08T04:00:00Z,10,14.6,33.0,12.0,308.0,0.1,100.0
WX-CEH5,2030-05-07T18:00:00Z,2030-05-08T05:00:00Z,11,12.2,40.0,11.0,310.0,0.1,100.0
WX-CEH5,2030-05-07T18:00:00Z,2030-05-08T06:00:00Z,12,8.5,48.0,8.0,307.0,0.1,100.0
WX-CEH5,2030-05-07T18:00:00Z,2030-05-08T07:00:00Z,13,7.1,51.0,8.0,306.0,0.0,56.0
WX-CEH5,2030-05-07T18:00:00Z,2030-05-08T08:00:00Z,14,6.0,56.0,8.0,309.0,0.0,46.0
WX-CEH5,2030-05-07T18:00:00Z,2030-05-08T09:00:00Z,15,4.2,66.0,8.0,314.0,0.0,37.0
WX-CEH5,2030-05-07T18:00:00Z,2030-05-08T10:00:00Z,16,4.6,60.0,9.0,308.0,0.0,30.0
WX-CEH5,2030-05-07T18:00:00Z,2030-05-08T11:00:00Z,17,4.5,67.0,9.0,307.0,0.0,24.0
WX-CEH5,2030-05-07T18:00:00Z,2030-05-08T12:00:00Z,18,6.4,60.0,8.0,319.0,0.0,20.0
WX-CEH5,2030-05-07T18:00:00Z,2030-05-08T13:00:00Z,19,7.2,51.0,8.0,317.0,0.0,17.0
WX-CEH5,2030-05-07T18:00:00Z,2030-05-08T14:00:00Z,20,9.2,53.0,9.0,309.0,0.0,16.0
WX-CEH5,2030-05-07T18:00:00Z,2030-05-08T15:00:00Z,21,11.3,42.0,15.0,318.0,0.0,15.0
WX-CEH5,2030-05-07T18:00:00Z,2030-05-08T16:00:00Z,22,12.1,37.0,19.0,309.0,0.0,14.0
WX-CEH5,2030-05-07T18:00:00Z,2030-05-08T17:00:00Z,23,14.1,32.0,23.0,315.0,0.0,14.0
WX-CEH5,2030-05-07T18:00:00Z,2030-05-08T18:00:00Z,24,16.5,17.0,23.0,314.0,0.0,14.0
WX-CEH5,2030-05-07T18:00:00Z,2030-05-08T19:00:00Z,25,16.7,28.0,23.0,314.0,0.0,14.0
WX-CEH5,2030-05-07T18:00:00Z,2030-05-08T20:00:00Z,26,18.9,19.0,26.0,312.0,0.0,14.0
WX-CEH5,2030-05-07T18:00:00Z,2030-05-08T21:00:00Z,27,19.1,23.0,28.0,311.0,0.0,14.0
WX-CEH5,2030-05-07T18:00:00Z,2030-05-08T22:00:00Z,28,18.5,23.0,26.0,305.0,0.0,14.0
WX-CEH5,2030-05-07T18:00:00Z,2030-05-08T23:00:00Z,29,18.8,24.0,22.0,304.0,0.0,14.0
WX-CEH5,2030-05-07T18:00:00Z,2030-05-09T00:00:00Z,30,17.3,22.0,19.0,317.0,0.0,14.0
WX-CEH5,2030-05-07T18:00:00Z,2030-05-09T01:00:00Z,31,15.2,34.0,16.0,315.0,0.0,14.0
WX-CEH5,2030-05-07T18:00:00Z,2030-05-09T02:00:00Z,32,16.5,29.0,12.0,317.0,0.0,14.0
WX-CEH5,2030-05-07T18:00:00Z,2030-05-09T03:00:00Z,33,13.8,42.0,8.0,307.0,0.0,14.0
WX-CEH5,2030-05-07T18:00:00Z,2030-05-09T04:00:00Z,34,11.7,38.0,9.0,302.0,0.0,14.0
WX-CEH5,2030-05-07T18:00:00Z,2030-05-09T05:00:00Z,35,8.9,46.0,9.0,312.0,0.0,14.0
WX-CEH5,2030-05-07T18:00:00Z,2030-05-09T06:00:00Z,36,7.0,53.0,6.0,286.0,0.0,14.0
WX-CEH5,2030-05-07T18:00:00Z,2030-05-09T07:00:00Z,37,6.3,58.0,6.0,297.0,0.0,14.0
WX-CEH5,2030-05-07T18:00:00Z,2030-05-09T08:00:00Z,38,6.0,63.0,6.0,274.0,0.0,14.0
WX-CEH5,2030-05-07T18:00:00Z,2030-05-09T09:00:00Z,39,6.3,62.0,6.0,270.0,0.0,14.0
WX-CEH5,2030-05-07T18:00:00Z,2030-05-09T10:00:00Z,40,5.9,56.0,6.0,287.0,0.0,14.0
WX-CEH5,2030-05-07T18:00:00Z,2030-05-09T11:00:00Z,41,4.4,55.0,6.0,284.0,0.1,74.0
WX-CEH5,2030-05-07T18:00:00Z,2030-05-09T12:00:00Z,42,6.9,84.0,6.0,283.0,0.3,74.0
WX-CEH5,2030-05-07T18:00:00Z,2030-05-09T13:00:00Z,43,7.6,89.0,6.0,292.0,0.4,74.0
WX-CEH5,2030-05-07T18:00:00Z,2030-05-09T14:00:00Z,44,10.7,81.0,5.0,273.0,0.6,74.0
WX-CEH5,2030-05-07T18:00:00Z,2030-05-09T15:00:00Z,45,12.2,85.0,9.0,302.0,0.7,74.0
WX-CEH5,2030-05-07T18:00:00Z,2030-05-09T16:00:00Z,46,13.8,79.0,14.0,283.0,0.6,74.0
WX-CEH5,2030-05-07T18:00:00Z,2030-05-09T17:00:00Z,47,15.3,81.0,15.0,297.0,0.4,74.0
WX-CEH5,2030-05-07T18:00:00Z,2030-05-09T18:00:00Z,48,17.3,86.0,17.0,277.0,0.3,74.0
WX-CEH5,2030-05-07T18:00:00Z,2030-05-09T19:00:00Z,49,18.2,28.0,19.0,266.0,0.1,74.0
WX-CEH5,2030-05-07T18:00:00Z,2030-05-09T20:00:00Z,50,19.8,20.0,18.0,283.0,0.0,14.0
WX-CEH5,2030-05-07T18:00:00Z,2030-05-09T21:00:00Z,51,21.8,22.0,16.0,294.0,0.0,14.0
WX-CEH5,2030-05-07T18:00:00Z,2030-05-09T22:00:00Z,52,20.0,15.0,15.0,280.0,0.0,14.0
WX-CEH5,2030-05-07T18:00:00Z,2030-05-09T23:00:00Z,53,20.5,23.0,17.0,281.0,0.0,14.0
WX-CEH5,2030-05-07T18:00:00Z,2030-05-10T00:00:00Z,54,18.7,19.0,13.0,285.0,0.0,14.0
WX-CEH5,2030-05-07T18:00:00Z,2030-05-10T01:00:00Z,55,17.4,18.0,11.0,295.0,0.0,14.0
WX-CEH5,2030-05-07T18:00:00Z,2030-05-10T02:00:00Z,56,16.0,35.0,9.0,287.0,0.0,14.0
WX-CEH5,2030-05-07T18:00:00Z,2030-05-10T03:00:00Z,57,14.5,30.0,7.0,289.0,0.0,14.0
WX-CEH5,2030-05-07T18:00:00Z,2030-05-10T04:00:00Z,58,11.1,32.0,6.0,287.0,0.0,14.0
WX-CEH5,2030-05-07T18:00:00Z,2030-05-10T05:00:00Z,59,9.9,38.0,7.0,298.0,0.0,14.0
WX-CEH5,2030-05-07T18:00:00Z,2030-05-10T06:00:00Z,60,9.4,55.0,5.0,262.0,0.0,14.0
WX-CEH5,2030-05-07T18:00:00Z,2030-05-10T07:00:00Z,61,8.9,52.0,5.0,267.0,0.0,14.0
WX-CEH5,2030-05-07T18:00:00Z,2030-05-10T08:00:00Z,62,5.6,56.0,5.0,263.0,0.0,14.0
WX-CEH5,2030-05-07T18:00:00Z,2030-05-10T09:00:00Z,63,4.8,54.0,5.0,261.0,0.0,14.0
WX-CEH5,2030-05-07T18:00:00Z,2030-05-10T10:00:00Z,64,7.8,58.0,5.0,266.0,0.0,14.0
WX-CEH5,2030-05-07T18:00:00Z,2030-05-10T11:00:00Z,65,6.1,52.0,5.0,254.0,0.0,14.0
WX-CEH5,2030-05-07T18:00:00Z,2030-05-10T12:00:00Z,66,7.7,53.0,5.0,268.0,0.0,14.0
WX-CEH5,2030-05-07T18:00:00Z,2030-05-10T13:00:00Z,67,10.3,50.0,5.0,274.0,0.0,14.0
WX-CEH5,2030-05-07T18:00:00Z,2030-05-10T14:00:00Z,68,10.0,39.0,6.0,269.0,0.0,14.0
WX-CEH5,2030-05-07T18:00:00Z,2030-05-10T15:00:00Z,69,10.8,38.0,7.0,269.0,0.0,14.0
WX-CEH5,2030-05-07T18:00:00Z,2030-05-10T16:00:00Z,70,15.1,35.0,9.0,260.0,0.0,14.0
WX-CEH5,2030-05-07T18:00:00Z,2030-05-10T17:00:00Z,71,18.2,30.0,12.0,266.0,0.0,14.0
WX-CEH5,2030-05-07T18:00:00Z,2030-05-10T18:00:00Z,72,19.3,27.0,11.0,271.0,0.0,14.0
WX-CFX4,2030-05-07T18:00:00Z,2030-05-07T19:00:00Z,1,18.7,28.0,31.0,302.0,0.0,58.0
WX-CFX4,2030-05-07T18:00:00Z,2030-05-07T20:00:00Z,2,19.5,26.0,35.0,315.0,0.0,67.0
WX-CFX4,2030-05-07T18:00:00Z,2030-05-07T21:00:00Z,3,19.1,26.0,38.0,319.0,0.0,74.0
WX-CFX4,2030-05-07T18:00:00Z,2030-05-07T22:00:00Z,4,19.8,26.0,30.0,311.0,0.0,77.0
WX-CFX4,2030-05-07T18:00:00Z,2030-05-07T23:00:00Z,5,20.0,25.0,22.0,312.0,0.0,77.0
WX-CFX4,2030-05-07T18:00:00Z,2030-05-08T00:00:00Z,6,18.8,31.0,23.0,321.0,0.0,72.0
WX-CFX4,2030-05-07T18:00:00Z,2030-05-08T01:00:00Z,7,16.9,27.0,17.0,323.0,0.0,65.0
WX-CFX4,2030-05-07T18:00:00Z,2030-05-08T02:00:00Z,8,15.7,34.0,13.0,320.0,0.0,56.0
WX-CFX4,2030-05-07T18:00:00Z,2030-05-08T03:00:00Z,9,13.5,41.0,10.0,315.0,0.0,46.0
WX-CFX4,2030-05-07T18:00:00Z,2030-05-08T04:00:00Z,10,12.2,46.0,10.0,311.0,0.0,36.0
WX-CFX4,2030-05-07T18:00:00Z,2030-05-08T05:00:00Z,11,10.1,54.0,11.0,321.0,0.0,28.0
WX-CFX4,2030-05-07T18:00:00Z,2030-05-08T06:00:00Z,12,5.5,68.0,7.0,315.0,0.0,21.0
WX-CFX4,2030-05-07T18:00:00Z,2030-05-08T07:00:00Z,13,4.0,78.0,7.0,329.0,0.0,16.0
WX-CFX4,2030-05-07T18:00:00Z,2030-05-08T08:00:00Z,14,3.9,81.0,7.0,322.0,0.0,13.0
WX-CFX4,2030-05-07T18:00:00Z,2030-05-08T09:00:00Z,15,2.7,84.0,7.0,331.0,0.0,10.0
WX-CFX4,2030-05-07T18:00:00Z,2030-05-08T10:00:00Z,16,2.1,83.0,7.0,318.0,0.0,9.0
WX-CFX4,2030-05-07T18:00:00Z,2030-05-08T11:00:00Z,17,3.8,83.0,7.0,323.0,0.0,8.0
WX-CFX4,2030-05-07T18:00:00Z,2030-05-08T12:00:00Z,18,5.1,74.0,7.0,322.0,0.0,8.0
WX-CFX4,2030-05-07T18:00:00Z,2030-05-08T13:00:00Z,19,6.1,73.0,7.0,321.0,0.0,8.0
WX-CFX4,2030-05-07T18:00:00Z,2030-05-08T14:00:00Z,20,7.4,60.0,8.0,318.0,0.0,7.0
WX-CFX4,2030-05-07T18:00:00Z,2030-05-08T15:00:00Z,21,9.1,54.0,12.0,318.0,0.0,7.0
WX-CFX4,2030-05-07T18:00:00Z,2030-05-08T16:00:00Z,22,11.0,49.0,16.0,323.0,0.0,7.0
WX-CFX4,2030-05-07T18:00:00Z,2030-05-08T17:00:00Z,23,12.0,36.0,18.0,326.0,0.0,7.0
WX-CFX4,2030-05-07T18:00:00Z,2030-05-08T18:00:00Z,24,14.9,35.0,17.0,334.0,0.0,7.0
WX-CFX4,2030-05-07T18:00:00Z,2030-05-08T19:00:00Z,25,15.0,38.0,22.0,331.0,0.0,7.0
WX-CFX4,2030-05-07T18:00:00Z,2030-05-08T20:00:00Z,26,16.9,29.0,20.0,317.0,0.0,7.0
WX-CFX4,2030-05-07T18:00:00Z,2030-05-08T21:00:00Z,27,15.3,33.0,20.0,316.0,0.0,7.0
WX-CFX4,2030-05-07T18:00:00Z,2030-05-08T22:00:00Z,28,16.6,30.0,20.0,322.0,0.0,7.0
WX-CFX4,2030-05-07T18:00:00Z,2030-05-08T23:00:00Z,29,16.7,31.0,18.0,332.0,0.0,7.0
WX-CFX4,2030-05-07T18:00:00Z,2030-05-09T00:00:00Z,30,15.2,31.0,16.0,326.0,0.0,7.0
WX-CFX4,2030-05-07T18:00:00Z,2030-05-09T01:00:00Z,31,13.8,38.0,13.0,326.0,0.0,7.0
WX-CFX4,2030-05-07T18:00:00Z,2030-05-09T02:00:00Z,32,11.9,41.0,9.0,330.0,0.0,7.0
WX-CFX4,2030-05-07T18:00:00Z,2030-05-09T03:00:00Z,33,10.1,46.0,7.0,320.0,0.0,7.0
WX-CFX4,2030-05-07T18:00:00Z,2030-05-09T04:00:00Z,34,7.9,58.0,7.0,324.0,0.0,7.0
WX-CFX4,2030-05-07T18:00:00Z,2030-05-09T05:00:00Z,35,7.6,66.0,6.0,321.0,0.0,7.0
WX-CFX4,2030-05-07T18:00:00Z,2030-05-09T06:00:00Z,36,7.1,60.0,4.0,294.0,0.0,7.0
WX-CFX4,2030-05-07T18:00:00Z,2030-05-09T07:00:00Z,37,3.4,73.0,5.0,302.0,0.0,7.0
WX-CFX4,2030-05-07T18:00:00Z,2030-05-09T08:00:00Z,38,2.0,70.0,5.0,299.0,0.0,7.0
WX-CFX4,2030-05-07T18:00:00Z,2030-05-09T09:00:00Z,39,4.2,76.0,4.0,299.0,0.0,7.0
WX-CFX4,2030-05-07T18:00:00Z,2030-05-09T10:00:00Z,40,3.0,79.0,5.0,284.0,0.0,7.0
WX-CFX4,2030-05-07T18:00:00Z,2030-05-09T11:00:00Z,41,4.8,74.0,6.0,298.0,0.0,7.0
WX-CFX4,2030-05-07T18:00:00Z,2030-05-09T12:00:00Z,42,3.8,69.0,4.0,302.0,0.0,7.0
WX-CFX4,2030-05-07T18:00:00Z,2030-05-09T13:00:00Z,43,5.1,62.0,5.0,306.0,0.0,7.0
WX-CFX4,2030-05-07T18:00:00Z,2030-05-09T14:00:00Z,44,6.4,57.0,7.0,313.0,0.0,7.0
WX-CFX4,2030-05-07T18:00:00Z,2030-05-09T15:00:00Z,45,10.1,46.0,9.0,306.0,0.0,7.0
WX-CFX4,2030-05-07T18:00:00Z,2030-05-09T16:00:00Z,46,12.4,35.0,11.0,299.0,0.0,7.0
WX-CFX4,2030-05-07T18:00:00Z,2030-05-09T17:00:00Z,47,12.8,33.0,12.0,294.0,0.0,7.0
WX-CFX4,2030-05-07T18:00:00Z,2030-05-09T18:00:00Z,48,15.0,28.0,13.0,294.0,0.0,7.0
WX-CFX4,2030-05-07T18:00:00Z,2030-05-09T19:00:00Z,49,16.0,41.0,16.0,303.0,0.0,7.0
WX-CFX4,2030-05-07T18:00:00Z,2030-05-09T20:00:00Z,50,18.2,30.0,17.0,298.0,0.0,7.0
WX-CFX4,2030-05-07T18:00:00Z,2030-05-09T21:00:00Z,51,18.6,30.0,14.0,287.0,0.0,7.0
WX-CFX4,2030-05-07T18:00:00Z,2030-05-09T22:00:00Z,52,17.5,26.0,15.0,300.0,0.0,7.0
WX-CFX4,2030-05-07T18:00:00Z,2030-05-09T23:00:00Z,53,16.6,26.0,14.0,308.0,0.0,7.0
WX-CFX4,2030-05-07T18:00:00Z,2030-05-10T00:00:00Z,54,14.6,22.0,12.0,295.0,0.0,7.0
WX-CFX4,2030-05-07T18:00:00Z,2030-05-10T01:00:00Z,55,14.3,37.0,9.0,293.0,0.0,7.0
WX-CFX4,2030-05-07T18:00:00Z,2030-05-10T02:00:00Z,56,13.6,34.0,8.0,282.0,0.0,7.0
WX-CFX4,2030-05-07T18:00:00Z,2030-05-10T03:00:00Z,57,11.6,46.0,5.0,294.0,0.0,7.0
WX-CFX4,2030-05-07T18:00:00Z,2030-05-10T04:00:00Z,58,8.8,51.0,4.0,297.0,0.0,7.0
WX-CFX4,2030-05-07T18:00:00Z,2030-05-10T05:00:00Z,59,8.3,57.0,6.0,298.0,0.0,7.0
WX-CFX4,2030-05-07T18:00:00Z,2030-05-10T06:00:00Z,60,7.2,71.0,5.0,260.0,0.0,7.0
WX-CFX4,2030-05-07T18:00:00Z,2030-05-10T07:00:00Z,61,5.9,68.0,4.0,267.0,0.0,7.0
WX-CFX4,2030-05-07T18:00:00Z,2030-05-10T08:00:00Z,62,5.9,63.0,4.0,276.0,0.0,7.0
WX-CFX4,2030-05-07T18:00:00Z,2030-05-10T09:00:00Z,63,4.2,75.0,4.0,270.0,0.0,7.0
WX-CFX4,2030-05-07T18:00:00Z,2030-05-10T10:00:00Z,64,2.8,74.0,4.0,284.0,0.0,7.0
WX-CFX4,2030-05-07T18:00:00Z,2030-05-10T11:00:00Z,65,4.8,75.0,5.0,270.0,0.0,7.0
WX-CFX4,2030-05-07T18:00:00Z,2030-05-10T12:00:00Z,66,4.1,72.0,4.0,266.0,0.0,7.0
WX-CFX4,2030-05-07T18:00:00Z,2030-05-10T13:00:00Z,67,7.1,58.0,5.0,273.0,0.0,7.0
WX-CFX4,2030-05-07T18:00:00Z,2030-05-10T14:00:00Z,68,7.6,49.0,5.0,277.0,0.0,7.0
WX-CFX4,2030-05-07T18:00:00Z,2030-05-10T15:00:00Z,69,10.1,50.0,6.0,282.0,0.0,7.0
WX-CFX4,2030-05-07T18:00:00Z,2030-05-10T16:00:00Z,70,13.8,41.0,9.0,263.0,0.0,7.0
WX-CFX4,2030-05-07T18:00:00Z,2030-05-10T17:00:00Z,71,14.8,40.0,10.0,250.0,0.0,7.0
WX-CFX4,2030-05-07T18:00:00Z,2030-05-10T18:00:00Z,72,17.3,26.0,10.0,272.0,0.0,7.0
WX-CYZU,2030-05-07T18:00:00Z,2030-05-07T19:00:00Z,1,30.6,15.0,20.0,221.0,0.0,16.0
WX-CYZU,2030-05-07T18:00:00Z,2030-05-07T20:00:00Z,2,31.4,8.0,20.0,228.0,0.0,17.0
WX-CYZU,2030-05-07T18:00:00Z,2030-05-07T21:00:00Z,3,31.3,14.0,21.0,224.0,0.0,19.0
WX-CYZU,2030-05-07T18:00:00Z,2030-05-07T22:00:00Z,4,32.3,13.0,23.0,226.0,0.0,22.0
WX-CYZU,2030-05-07T18:00:00Z,2030-05-07T23:00:00Z,5,31.2,8.0,19.0,222.0,0.0,27.0
WX-CYZU,2030-05-07T18:00:00Z,2030-05-08T00:00:00Z,6,29.4,22.0,17.0,222.0,0.0,33.0
WX-CYZU,2030-05-07T18:00:00Z,2030-05-08T01:00:00Z,7,27.1,9.0,15.0,216.0,0.0,40.0
WX-CYZU,2030-05-07T18:00:00Z,2030-05-08T02:00:00Z,8,24.9,18.0,14.0,229.0,0.0,50.0
WX-CYZU,2030-05-07T18:00:00Z,2030-05-08T03:00:00Z,9,19.6,15.0,15.0,273.0,0.0,60.0
WX-CYZU,2030-05-07T18:00:00Z,2030-05-08T04:00:00Z,10,16.8,34.0,20.0,320.0,0.0,69.0
WX-CYZU,2030-05-07T18:00:00Z,2030-05-08T05:00:00Z,11,13.2,37.0,19.0,320.0,0.0,77.0
WX-CYZU,2030-05-07T18:00:00Z,2030-05-08T06:00:00Z,12,8.3,50.0,12.0,344.0,0.0,83.0
WX-CYZU,2030-05-07T18:00:00Z,2030-05-08T07:00:00Z,13,7.3,60.0,11.0,331.0,0.0,85.0
WX-CYZU,2030-05-07T18:00:00Z,2030-05-08T08:00:00Z,14,5.6,61.0,9.0,330.0,0.0,83.0
WX-CYZU,2030-05-07T18:00:00Z,2030-05-08T09:00:00Z,15,6.9,68.0,10.0,335.0,0.0,77.0
WX-CYZU,2030-05-07T18:00:00Z,2030-05-08T10:00:00Z,16,6.0,60.0,8.0,335.0,0.0,69.0
WX-CYZU,2030-05-07T18:00:00Z,2030-05-08T11:00:00Z,17,7.1,52.0,9.0,324.0,0.0,60.0
WX-CYZU,2030-05-07T18:00:00Z,2030-05-08T12:00:00Z,18,7.5,58.0,8.0,319.0,0.0,50.0
WX-CYZU,2030-05-07T18:00:00Z,2030-05-08T13:00:00Z,19,9.0,53.0,8.0,322.0,0.0,40.0
WX-CYZU,2030-05-07T18:00:00Z,2030-05-08T14:00:00Z,20,9.9,49.0,9.0,327.0,0.0,33.0
WX-CYZU,2030-05-07T18:00:00Z,2030-05-08T15:00:00Z,21,12.7,35.0,12.0,320.0,0.0,26.0
WX-CYZU,2030-05-07T18:00:00Z,2030-05-08T16:00:00Z,22,15.0,33.0,16.0,338.0,0.0,22.0
WX-CYZU,2030-05-07T18:00:00Z,2030-05-08T17:00:00Z,23,16.5,30.0,20.0,322.0,0.0,19.0
WX-CYZU,2030-05-07T18:00:00Z,2030-05-08T18:00:00Z,24,17.0,31.0,24.0,338.0,0.0,17.0
WX-CYZU,2030-05-07T18:00:00Z,2030-05-08T19:00:00Z,25,18.1,29.0,23.0,313.0,0.0,16.0
WX-CYZU,2030-05-07T18:00:00Z,2030-05-08T20:00:00Z,26,19.2,27.0,27.0,320.0,0.0,15.0
WX-CYZU,2030-05-07T18:00:00Z,2030-05-08T21:00:00Z,27,20.2,26.0,23.0,331.0,0.0,15.0
WX-CYZU,2030-05-07T18:00:00Z,2030-05-08T22:00:00Z,28,20.1,32.0,21.0,334.0,0.0,15.0
WX-CYZU,2030-05-07T18:00:00Z,2030-05-08T23:00:00Z,29,21.3,30.0,20.0,332.0,0.0,15.0
WX-CYZU,2030-05-07T18:00:00Z,2030-05-09T00:00:00Z,30,19.0,29.0,22.0,331.0,0.0,15.0
WX-CYZU,2030-05-07T18:00:00Z,2030-05-09T01:00:00Z,31,17.8,30.0,14.0,348.0,0.0,15.0
WX-CYZU,2030-05-07T18:00:00Z,2030-05-09T02:00:00Z,32,15.1,30.0,12.0,324.0,0.0,15.0
WX-CYZU,2030-05-07T18:00:00Z,2030-05-09T03:00:00Z,33,13.4,31.0,7.0,339.0,0.0,15.0
WX-CYZU,2030-05-07T18:00:00Z,2030-05-09T04:00:00Z,34,12.5,42.0,7.0,331.0,0.0,15.0
WX-CYZU,2030-05-07T18:00:00Z,2030-05-09T05:00:00Z,35,9.4,49.0,8.0,328.0,0.0,15.0
WX-CYZU,2030-05-07T18:00:00Z,2030-05-09T06:00:00Z,36,8.0,45.0,6.0,310.0,0.0,15.0
WX-CYZU,2030-05-07T18:00:00Z,2030-05-09T07:00:00Z,37,6.6,54.0,6.0,296.0,0.0,15.0
WX-CYZU,2030-05-07T18:00:00Z,2030-05-09T08:00:00Z,38,6.9,55.0,6.0,299.0,0.0,15.0
WX-CYZU,2030-05-07T18:00:00Z,2030-05-09T09:00:00Z,39,6.7,55.0,5.0,285.0,0.0,15.0
WX-CYZU,2030-05-07T18:00:00Z,2030-05-09T10:00:00Z,40,6.2,51.0,5.0,311.0,0.0,15.0
WX-CYZU,2030-05-07T18:00:00Z,2030-05-09T11:00:00Z,41,6.9,54.0,6.0,315.0,0.0,15.0
WX-CYZU,2030-05-07T18:00:00Z,2030-05-09T12:00:00Z,42,7.8,60.0,5.0,308.0,0.1,75.0
WX-CYZU,2030-05-07T18:00:00Z,2030-05-09T13:00:00Z,43,8.7,47.0,6.0,303.0,0.1,75.0
WX-CYZU,2030-05-07T18:00:00Z,2030-05-09T14:00:00Z,44,10.5,40.0,7.0,324.0,0.1,75.0
WX-CYZU,2030-05-07T18:00:00Z,2030-05-09T15:00:00Z,45,12.8,27.0,12.0,303.0,0.2,75.0
WX-CYZU,2030-05-07T18:00:00Z,2030-05-09T16:00:00Z,46,14.0,27.0,13.0,306.0,0.1,75.0
WX-CYZU,2030-05-07T18:00:00Z,2030-05-09T17:00:00Z,47,14.6,26.0,14.0,312.0,0.1,75.0
WX-CYZU,2030-05-07T18:00:00Z,2030-05-09T18:00:00Z,48,17.6,27.0,16.0,294.0,0.1,75.0
WX-CYZU,2030-05-07T18:00:00Z,2030-05-09T19:00:00Z,49,20.4,15.0,19.0,300.0,0.0,15.0
WX-CYZU,2030-05-07T18:00:00Z,2030-05-09T20:00:00Z,50,19.5,14.0,18.0,305.0,0.0,15.0
WX-CYZU,2030-05-07T18:00:00Z,2030-05-09T21:00:00Z,51,21.2,21.0,16.0,315.0,0.0,15.0
WX-CYZU,2030-05-07T18:00:00Z,2030-05-09T22:00:00Z,52,22.9,20.0,18.0,299.0,0.0,15.0
WX-CYZU,2030-05-07T18:00:00Z,2030-05-09T23:00:00Z,53,20.5,21.0,16.0,313.0,0.0,15.0
WX-CYZU,2030-05-07T18:00:00Z,2030-05-10T00:00:00Z,54,19.0,29.0,14.0,316.0,0.0,15.0
WX-CYZU,2030-05-07T18:00:00Z,2030-05-10T01:00:00Z,55,18.6,30.0,10.0,314.0,0.0,15.0
WX-CYZU,2030-05-07T18:00:00Z,2030-05-10T02:00:00Z,56,16.7,36.0,9.0,294.0,0.0,15.0
WX-CYZU,2030-05-07T18:00:00Z,2030-05-10T03:00:00Z,57,13.8,31.0,5.0,308.0,0.0,15.0
WX-CYZU,2030-05-07T18:00:00Z,2030-05-10T04:00:00Z,58,11.1,40.0,6.0,310.0,0.0,15.0
WX-CYZU,2030-05-07T18:00:00Z,2030-05-10T05:00:00Z,59,9.8,38.0,6.0,311.0,0.0,15.0
WX-CYZU,2030-05-07T18:00:00Z,2030-05-10T06:00:00Z,60,11.2,47.0,5.0,289.0,0.0,15.0
WX-CYZU,2030-05-07T18:00:00Z,2030-05-10T07:00:00Z,61,10.8,35.0,4.0,268.0,0.0,15.0
WX-CYZU,2030-05-07T18:00:00Z,2030-05-10T08:00:00Z,62,8.6,64.0,5.0,295.0,0.0,15.0
WX-CYZU,2030-05-07T18:00:00Z,2030-05-10T09:00:00Z,63,7.2,57.0,5.0,295.0,0.0,15.0
WX-CYZU,2030-05-07T18:00:00Z,2030-05-10T10:00:00Z,64,7.6,52.0,4.0,279.0,0.0,15.0
WX-CYZU,2030-05-07T18:00:00Z,2030-05-10T11:00:00Z,65,6.5,58.0,5.0,276.0,0.0,15.0
WX-CYZU,2030-05-07T18:00:00Z,2030-05-10T12:00:00Z,66,8.4,54.0,5.0,289.0,0.0,15.0
WX-CYZU,2030-05-07T18:00:00Z,2030-05-10T13:00:00Z,67,10.8,51.0,5.0,279.0,0.0,15.0
WX-CYZU,2030-05-07T18:00:00Z,2030-05-10T14:00:00Z,68,13.7,35.0,5.0,281.0,0.0,15.0
WX-CYZU,2030-05-07T18:00:00Z,2030-05-10T15:00:00Z,69,13.3,35.0,7.0,279.0,0.0,15.0
WX-CYZU,2030-05-07T18:00:00Z,2030-05-10T16:00:00Z,70,14.9,25.0,9.0,294.0,0.0,15.0
WX-CYZU,2030-05-07T18:00:00Z,2030-05-10T17:00:00Z,71,18.5,21.0,11.0,267.0,0.0,15.0
WX-CYZU,2030-05-07T18:00:00Z,2030-05-10T18:00:00Z,72,18.1,31.0,11.0,306.0,0.0,15.0
WX-CZHP,2030-05-07T18:00:00Z,2030-05-07T19:00:00Z,1,27.7,17.0,23.0,207.0,0.0,32.0
WX-CZHP,2030-05-07T18:00:00Z,2030-05-07T20:00:00Z,2,28.9,11.0,24.0,194.0,0.0,38.0
WX-CZHP,2030-05-07T18:00:00Z,2030-05-07T21:00:00Z,3,29.6,12.0,25.0,204.0,0.0,45.0
WX-CZHP,2030-05-07T18:00:00Z,2030-05-07T22:00:00Z,4,29.1,11.0,28.0,204.0,0.0,54.0
WX-CZHP,2030-05-07T18:00:00Z,2030-05-07T23:00:00Z,5,26.1,17.0,33.0,229.0,0.0,64.0
WX-CZHP,2030-05-07T18:00:00Z,2030-05-08T00:00:00Z,6,20.8,28.0,35.0,293.0,0.0,73.0
WX-CZHP,2030-05-07T18:00:00Z,2030-05-08T01:00:00Z,7,17.8,36.0,35.0,310.0,0.0,82.0
WX-CZHP,2030-05-07T18:00:00Z,2030-05-08T02:00:00Z,8,16.9,43.0,27.0,317.0,0.1,100.0
WX-CZHP,2030-05-07T18:00:00Z,2030-05-08T03:00:00Z,9,13.5,43.0,17.0,305.0,0.1,100.0
WX-CZHP,2030-05-07T18:00:00Z,2030-05-08T04:00:00Z,10,12.2,55.0,14.0,309.0,0.1,100.0
WX-CZHP,2030-05-07T18:00:00Z,2030-05-08T05:00:00Z,11,10.1,53.0,13.0,310.0,0.1,100.0
WX-CZHP,2030-05-07T18:00:00Z,2030-05-08T06:00:00Z,12,6.9,69.0,9.0,308.0,0.1,100.0
WX-CZHP,2030-05-07T18:00:00Z,2030-05-08T07:00:00Z,13,5.3,72.0,8.0,311.0,0.0,70.0
WX-CZHP,2030-05-07T18:00:00Z,2030-05-08T08:00:00Z,14,4.5,83.0,9.0,301.0,0.0,60.0
WX-CZHP,2030-05-07T18:00:00Z,2030-05-08T09:00:00Z,15,4.1,85.0,9.0,310.0,0.0,50.0
WX-CZHP,2030-05-07T18:00:00Z,2030-05-08T10:00:00Z,16,3.9,85.0,9.0,317.0,0.0,42.0
WX-CZHP,2030-05-07T18:00:00Z,2030-05-08T11:00:00Z,17,4.3,81.0,9.0,309.0,0.0,35.0
WX-CZHP,2030-05-07T18:00:00Z,2030-05-08T12:00:00Z,18,4.3,81.0,9.0,302.0,0.0,30.0
WX-CZHP,2030-05-07T18:00:00Z,2030-05-08T13:00:00Z,19,6.1,72.0,9.0,319.0,0.0,27.0
WX-CZHP,2030-05-07T18:00:00Z,2030-05-08T14:00:00Z,20,8.2,62.0,12.0,306.0,0.0,25.0
WX-CZHP,2030-05-07T18:00:00Z,2030-05-08T15:00:00Z,21,9.8,52.0,17.0,310.0,0.0,23.0
WX-CZHP,2030-05-07T18:00:00Z,2030-05-08T16:00:00Z,22,10.5,51.0,17.0,300.0,0.0,23.0
WX-CZHP,2030-05-07T18:00:00Z,2030-05-08T17:00:00Z,23,13.1,43.0,22.0,314.0,0.0,22.0
WX-CZHP,2030-05-07T18:00:00Z,2030-05-08T18:00:00Z,24,14.6,35.0,24.0,308.0,0.0,22.0
WX-CZHP,2030-05-07T18:00:00Z,2030-05-08T19:00:00Z,25,15.7,32.0,26.0,309.0,0.0,22.0
WX-CZHP,2030-05-07T18:00:00Z,2030-05-08T20:00:00Z,26,16.2,32.0,26.0,310.0,0.0,22.0
WX-CZHP,2030-05-07T18:00:00Z,2030-05-08T21:00:00Z,27,17.4,33.0,29.0,307.0,0.0,22.0
WX-CZHP,2030-05-07T18:00:00Z,2030-05-08T22:00:00Z,28,18.4,23.0,22.0,298.0,0.0,22.0
WX-CZHP,2030-05-07T18:00:00Z,2030-05-08T23:00:00Z,29,16.8,33.0,21.0,314.0,0.0,22.0
WX-CZHP,2030-05-07T18:00:00Z,2030-05-09T00:00:00Z,30,15.8,40.0,20.0,324.0,0.0,22.0
WX-CZHP,2030-05-07T18:00:00Z,2030-05-09T01:00:00Z,31,16.4,35.0,16.0,320.0,0.0,22.0
WX-CZHP,2030-05-07T18:00:00Z,2030-05-09T02:00:00Z,32,13.6,39.0,14.0,305.0,0.0,22.0
WX-CZHP,2030-05-07T18:00:00Z,2030-05-09T03:00:00Z,33,12.2,54.0,9.0,310.0,0.0,22.0
WX-CZHP,2030-05-07T18:00:00Z,2030-05-09T04:00:00Z,34,10.0,55.0,9.0,310.0,0.0,22.0
WX-CZHP,2030-05-07T18:00:00Z,2030-05-09T05:00:00Z,35,7.5,68.0,9.0,299.0,0.0,22.0
WX-CZHP,2030-05-07T18:00:00Z,2030-05-09T06:00:00Z,36,5.2,58.0,7.0,283.0,0.0,22.0
WX-CZHP,2030-05-07T18:00:00Z,2030-05-09T07:00:00Z,37,4.7,79.0,6.0,286.0,0.0,22.0
WX-CZHP,2030-05-07T18:00:00Z,2030-05-09T08:00:00Z,38,4.0,71.0,6.0,283.0,0.0,22.0
WX-CZHP,2030-05-07T18:00:00Z,2030-05-09T09:00:00Z,39,3.0,79.0,6.0,276.0,0.0,22.0
WX-CZHP,2030-05-07T18:00:00Z,2030-05-09T10:00:00Z,40,3.7,79.0,6.0,293.0,0.0,22.0
WX-CZHP,2030-05-07T18:00:00Z,2030-05-09T11:00:00Z,41,3.8,78.0,6.0,295.0,0.1,82.0
WX-CZHP,2030-05-07T18:00:00Z,2030-05-09T12:00:00Z,42,4.8,87.0,6.0,281.0,0.3,82.0
WX-CZHP,2030-05-07T18:00:00Z,2030-05-09T13:00:00Z,43,6.2,85.0,6.0,293.0,0.5,82.0
WX-CZHP,2030-05-07T18:00:00Z,2030-05-09T14:00:00Z,44,7.9,83.0,8.0,278.0,0.7,82.0
WX-CZHP,2030-05-07T18:00:00Z,2030-05-09T15:00:00Z,45,10.5,92.0,11.0,273.0,0.8,82.0
WX-CZHP,2030-05-07T18:00:00Z,2030-05-09T16:00:00Z,46,12.3,76.0,14.0,282.0,0.7,82.0
WX-CZHP,2030-05-07T18:00:00Z,2030-05-09T17:00:00Z,47,13.8,82.0,15.0,285.0,0.5,82.0
WX-CZHP,2030-05-07T18:00:00Z,2030-05-09T18:00:00Z,48,14.6,84.0,19.0,287.0,0.3,82.0
WX-CZHP,2030-05-07T18:00:00Z,2030-05-09T19:00:00Z,49,17.4,25.0,17.0,277.0,0.1,82.0
WX-CZHP,2030-05-07T18:00:00Z,2030-05-09T20:00:00Z,50,17.9,29.0,20.0,274.0,0.0,22.0
WX-CZHP,2030-05-07T18:00:00Z,2030-05-09T21:00:00Z,51,17.5,22.0,20.0,290.0,0.0,22.0
WX-CZHP,2030-05-07T18:00:00Z,2030-05-09T22:00:00Z,52,17.8,21.0,20.0,286.0,0.0,22.0
WX-CZHP,2030-05-07T18:00:00Z,2030-05-09T23:00:00Z,53,18.8,39.0,18.0,283.0,0.0,22.0
WX-CZHP,2030-05-07T18:00:00Z,2030-05-10T00:00:00Z,54,16.8,38.0,16.0,291.0,0.0,22.0
WX-CZHP,2030-05-07T18:00:00Z,2030-05-10T01:00:00Z,55,16.1,35.0,11.0,291.0,0.0,22.0
WX-CZHP,2030-05-07T18:00:00Z,2030-05-10T02:00:00Z,56,13.2,38.0,10.0,297.0,0.0,22.0
WX-CZHP,2030-05-07T18:00:00Z,2030-05-10T03:00:00Z,57,11.0,41.0,6.0,273.0,0.0,22.0
WX-CZHP,2030-05-07T18:00:00Z,2030-05-10T04:00:00Z,58,10.6,61.0,7.0,287.0,0.0,22.0
WX-CZHP,2030-05-07T18:00:00Z,2030-05-10T05:00:00Z,59,7.6,61.0,5.0,269.0,0.0,22.0
WX-CZHP,2030-05-07T18:00:00Z,2030-05-10T06:00:00Z,60,6.5,58.0,5.0,282.0,0.0,22.0
WX-CZHP,2030-05-07T18:00:00Z,2030-05-10T07:00:00Z,61,5.3,72.0,5.0,276.0,0.0,22.0
WX-CZHP,2030-05-07T18:00:00Z,2030-05-10T08:00:00Z,62,5.0,62.0,5.0,239.0,0.0,22.0
WX-CZHP,2030-05-07T18:00:00Z,2030-05-10T09:00:00Z,63,4.0,76.0,5.0,259.0,0.0,22.0
WX-CZHP,2030-05-07T18:00:00Z,2030-05-10T10:00:00Z,64,4.5,87.0,6.0,267.0,0.0,22.0
WX-CZHP,2030-05-07T18:00:00Z,2030-05-10T11:00:00Z,65,6.6,66.0,6.0,261.0,0.0,22.0
WX-CZHP,2030-05-07T18:00:00Z,2030-05-10T12:00:00Z,66,5.1,66.0,5.0,280.0,0.0,22.0
WX-CZHP,2030-05-07T18:00:00Z,2030-05-10T13:00:00Z,67,7.8,71.0,5.0,256.0,0.0,22.0
WX-CZHP,2030-05-07T18:00:00Z,2030-05-10T14:00:00Z,68,9.7,56.0,7.0,265.0,0.0,22.0
WX-CZHP,2030-05-07T18:00:00Z,2030-05-10T15:00:00Z,69,9.5,52.0,9.0,263.0,0.0,22.0
WX-CZHP,2030-05-07T18:00:00Z,2030-05-10T16:00:00Z,70,13.6,39.0,10.0,278.0,0.0,22.0
WX-CZHP,2030-05-07T18:00:00Z,2030-05-10T17:00:00Z,71,15.2,39.0,12.0,271.0,0.0,22.0
WX-CZHP,2030-05-07T18:00:00Z,2030-05-10T18:00:00Z,72,15.7,36.0,13.0,260.0,0.0,22.0
WX-CET2,2030-05-07T18:00:00Z,2030-05-07T19:00:00Z,1,24.0,19.0,26.0,207.0,0.0,10.0
WX-CET2,2030-05-07T18:00:00Z,2030-05-07T20:00:00Z,2,24.8,9.0,27.0,209.0,0.0,10.0
WX-CET2,2030-05-07T18:00:00Z,2030-05-07T21:00:00Z,3,25.3,13.0,27.0,202.0,0.0,10.0
WX-CET2,2030-05-07T18:00:00Z,2030-05-07T22:00:00Z,4,24.8,7.0,26.0,199.0,0.0,11.0
WX-CET2,2030-05-07T18:00:00Z,2030-05-07T23:00:00Z,5,24.4,14.0,23.0,206.0,0.0,12.0
WX-CET2,2030-05-07T18:00:00Z,2030-05-08T00:00:00Z,6,22.9,15.0,19.0,217.0,0.0,13.0
WX-CET2,2030-05-07T18:00:00Z,2030-05-08T01:00:00Z,7,22.2,17.0,16.0,202.0,0.0,16.0
WX-CET2,2030-05-07T18:00:00Z,2030-05-08T02:00:00Z,8,19.3,25.0,13.0,212.0,0.0,20.0
WX-CET2,2030-05-07T18:00:00Z,2030-05-08T03:00:00Z,9,16.6,30.0,8.0,216.0,0.0,25.0
WX-CET2,2030-05-07T18:00:00Z,2030-05-08T04:00:00Z,10,14.0,29.0,9.0,212.0,0.0,32.0
WX-CET2,2030-05-07T18:00:00Z,2030-05-08T05:00:00Z,11,11.0,39.0,10.0,213.0,0.0,41.0
WX-CET2,2030-05-07T18:00:00Z,2030-05-08T06:00:00Z,12,7.0,50.0,14.0,238.0,0.0,51.0
WX-CET2,2030-05-07T18:00:00Z,2030-05-08T07:00:00Z,13,1.7,86.0,18.0,312.0,0.0,61.0
WX-CET2,2030-05-07T18:00:00Z,2030-05-08T08:00:00Z,14,0.8,96.0,17.0,313.0,0.0,70.0
WX-CET2,2030-05-07T18:00:00Z,2030-05-08T09:00:00Z,15,0.6,94.0,19.0,321.0,0.0,76.0
WX-CET2,2030-05-07T18:00:00Z,2030-05-08T10:00:00Z,16,0.0,95.0,16.0,324.0,0.1,100.0
WX-CET2,2030-05-07T18:00:00Z,2030-05-08T11:00:00Z,17,-0.9,92.0,10.0,331.0,0.1,100.0
WX-CET2,2030-05-07T18:00:00Z,2030-05-08T12:00:00Z,18,2.2,90.0,11.0,306.0,0.1,100.0
WX-CET2,2030-05-07T18:00:00Z,2030-05-08T13:00:00Z,19,2.7,82.0,9.0,319.0,0.1,100.0
WX-CET2,2030-05-07T18:00:00Z,2030-05-08T14:00:00Z,20,3.8,69.0,13.0,322.0,0.0,59.0
WX-CET2,2030-05-07T18:00:00Z,2030-05-08T15:00:00Z,21,5.4,63.0,16.0,320.0,0.0,49.0
WX-CET2,2030-05-07T18:00:00Z,2030-05-08T16:00:00Z,22,7.2,54.0,22.0,320.0,0.0,39.0
WX-CET2,2030-05-07T18:00:00Z,2030-05-08T17:00:00Z,23,10.2,53.0,24.0,328.0,0.0,31.0
WX-CET2,2030-05-07T18:00:00Z,2030-05-08T18:00:00Z,24,11.5,44.0,27.0,312.0,0.0,24.0
WX-CET2,2030-05-07T18:00:00Z,2030-05-08T19:00:00Z,25,11.9,41.0,30.0,309.0,0.0,19.0
WX-CET2,2030-05-07T18:00:00Z,2030-05-08T20:00:00Z,26,12.6,36.0,30.0,320.0,0.0,15.0
WX-CET2,2030-05-07T18:00:00Z,2030-05-08T21:00:00Z,27,12.5,35.0,28.0,328.0,0.0,13.0
WX-CET2,2030-05-07T18:00:00Z,2030-05-08T22:00:00Z,28,14.1,38.0,28.0,320.0,0.0,12.0
WX-CET2,2030-05-07T18:00:00Z,2030-05-08T23:00:00Z,29,13.8,38.0,27.0,334.0,0.0,11.0
WX-CET2,2030-05-07T18:00:00Z,2030-05-09T00:00:00Z,30,12.9,44.0,22.0,321.0,0.0,10.0
WX-CET2,2030-05-07T18:00:00Z,2030-05-09T01:00:00Z,31,11.3,48.0,19.0,323.0,0.0,10.0
WX-CET2,2030-05-07T18:00:00Z,2030-05-09T02:00:00Z,32,8.8,53.0,13.0,312.0,0.0,10.0
WX-CET2,2030-05-07T18:00:00Z,2030-05-09T03:00:00Z,33,6.9,57.0,9.0,324.0,0.0,10.0
WX-CET2,2030-05-07T18:00:00Z,2030-05-09T04:00:00Z,34,5.3,73.0,9.0,309.0,0.0,10.0
WX-CET2,2030-05-07T18:00:00Z,2030-05-09T05:00:00Z,35,3.7,74.0,10.0,319.0,0.0,10.0
WX-CET2,2030-05-07T18:00:00Z,2030-05-09T06:00:00Z,36,2.6,72.0,6.0,293.0,0.0,10.0
WX-CET2,2030-05-07T18:00:00Z,2030-05-09T07:00:00Z,37,1.3,83.0,7.0,287.0,0.0,10.0
WX-CET2,2030-05-07T18:00:00Z,2030-05-09T08:00:00Z,38,0.4,92.0,7.0,300.0,0.0,10.0
WX-CET2,2030-05-07T18:00:00Z,2030-05-09T09:00:00Z,39,0.6,85.0,7.0,277.0,0.0,10.0
WX-CET2,2030-05-07T18:00:00Z,2030-05-09T10:00:00Z,40,-0.9,93.0,7.0,277.0,0.0,10.0
WX-CET2,2030-05-07T18:00:00Z,2030-05-09T11:00:00Z,41,1.8,87.0,7.0,299.0,0.1,70.0
WX-CET2,2030-05-07T18:00:00Z,2030-05-09T12:00:00Z,42,1.0,82.0,8.0,306.0,0.3,70.0
WX-CET2,2030-05-07T18:00:00Z,2030-05-09T13:00:00Z,43,2.9,84.0,7.0,295.0,0.4,70.0
WX-CET2,2030-05-07T18:00:00Z,2030-05-09T14:00:00Z,44,4.8,77.0,9.0,282.0,0.6,70.0
WX-CET2,2030-05-07T18:00:00Z,2030-05-09T15:00:00Z,45,5.4,90.0,14.0,291.0,0.7,70.0
WX-CET2,2030-05-07T18:00:00Z,2030-05-09T16:00:00Z,46,8.2,80.0,15.0,292.0,0.6,70.0
WX-CET2,2030-05-07T18:00:00Z,2030-05-09T17:00:00Z,47,10.1,83.0,16.0,291.0,0.4,70.0
WX-CET2,2030-05-07T18:00:00Z,2030-05-09T18:00:00Z,48,12.0,78.0,18.0,285.0,0.3,70.0
WX-CET2,2030-05-07T18:00:00Z,2030-05-09T19:00:00Z,49,11.4,37.0,20.0,286.0,0.1,70.0
WX-CET2,2030-05-07T18:00:00Z,2030-05-09T20:00:00Z,50,13.7,34.0,20.0,294.0,0.0,10.0
WX-CET2,2030-05-07T18:00:00Z,2030-05-09T21:00:00Z,51,15.1,30.0,22.0,294.0,0.0,10.0
WX-CET2,2030-05-07T18:00:00Z,2030-05-09T22:00:00Z,52,15.2,38.0,21.0,303.0,0.0,10.0
WX-CET2,2030-05-07T18:00:00Z,2030-05-09T23:00:00Z,53,13.5,25.0,19.0,307.0,0.0,10.0
WX-CET2,2030-05-07T18:00:00Z,2030-05-10T00:00:00Z,54,13.1,39.0,14.0,304.0,0.0,10.0
WX-CET2,2030-05-07T18:00:00Z,2030-05-10T01:00:00Z,55,12.6,39.0,14.0,286.0,0.0,10.0
WX-CET2,2030-05-07T18:00:00Z,2030-05-10T02:00:00Z,56,10.8,52.0,10.0,295.0,0.0,10.0
WX-CET2,2030-05-07T18:00:00Z,2030-05-10T03:00:00Z,57,7.6,47.0,7.0,301.0,0.0,10.0
WX-CET2,2030-05-07T18:00:00Z,2030-05-10T04:00:00Z,58,7.0,45.0,7.0,288.0,0.0,10.0
WX-CET2,2030-05-07T18:00:00Z,2030-05-10T05:00:00Z,59,5.8,80.0,6.0,294.0,0.0,10.0
WX-CET2,2030-05-07T18:00:00Z,2030-05-10T06:00:00Z,60,3.3,73.0,6.0,286.0,0.0,10.0
WX-CET2,2030-05-07T18:00:00Z,2030-05-10T07:00:00Z,61,4.4,82.0,5.0,286.0,0.0,10.0
WX-CET2,2030-05-07T18:00:00Z,2030-05-10T08:00:00Z,62,-0.2,79.0,6.0,275.0,0.0,10.0
WX-CET2,2030-05-07T18:00:00Z,2030-05-10T09:00:00Z,63,1.2,94.0,6.0,285.0,0.0,10.0
WX-CET2,2030-05-07T18:00:00Z,2030-05-10T10:00:00Z,64,1.9,95.0,6.0,290.0,0.0,10.0
WX-CET2,2030-05-07T18:00:00Z,2030-05-10T11:00:00Z,65,0.1,90.0,5.0,262.0,0.0,10.0
WX-CET2,2030-05-07T18:00:00Z,2030-05-10T12:00:00Z,66,4.1,80.0,6.0,272.0,0.0,10.0
WX-CET2,2030-05-07T18:00:00Z,2030-05-10T13:00:00Z,67,3.4,77.0,5.0,270.0,0.0,10.0
WX-CET2,2030-05-07T18:00:00Z,2030-05-10T14:00:00Z,68,6.6,62.0,6.0,267.0,0.0,10.0
WX-CET2,2030-05-07T18:00:00Z,2030-05-10T15:00:00Z,69,7.8,52.0,9.0,282.0,0.0,10.0
WX-CET2,2030-05-07T18:00:00Z,2030-05-10T16:00:00Z,70,10.0,52.0,11.0,287.0,0.0,10.0
WX-CET2,2030-05-07T18:00:00Z,2030-05-10T17:00:00Z,71,13.2,42.0,13.0,279.0,0.0,10.0
WX-CET2,2030-05-07T18:00:00Z,2030-05-10T18:00:00Z,72,14.0,43.0,14.0,281.0,0.0,10.0
WX-CFN5,2030-05-07T18:00:00Z,2030-05-07T19:00:00Z,1,16.7,36.0,55.0,329.0,0.0,73.0
WX-CFN5,2030-05-07T18:00:00Z,2030-05-07T20:00:00Z,2,18.6,37.0,50.0,333.0,0.0,80.0
WX-CFN5,2030-05-07T18:00:00Z,2030-05-07T21:00:00Z,3,18.1,35.0,50.0,337.0,0.0,85.0
WX-CFN5,2030-05-07T18:00:00Z,2030-05-07T22:00:00Z,4,18.3,33.0,40.0,328.0,0.0,86.0
WX-CFN5,2030-05-07T18:00:00Z,2030-05-07T23:00:00Z,5,17.2,34.0,36.0,338.0,0.0,84.0
WX-CFN5,2030-05-07T18:00:00Z,2030-05-08T00:00:00Z,6,15.9,38.0,29.0,328.0,0.0,77.0
WX-CFN5,2030-05-07T18:00:00Z,2030-05-08T01:00:00Z,7,14.6,41.0,26.0,333.0,0.0,69.0
WX-CFN5,2030-05-07T18:00:00Z,2030-05-08T02:00:00Z,8,13.7,44.0,23.0,331.0,0.0,59.0
WX-CFN5,2030-05-07T18:00:00Z,2030-05-08T03:00:00Z,9,11.4,50.0,15.0,334.0,0.0,49.0
WX-CFN5,2030-05-07T18:00:00Z,2030-05-08T04:00:00Z,10,10.1,59.0,14.0,331.0,0.0,40.0
WX-CFN5,2030-05-07T18:00:00Z,2030-05-08T05:00:00Z,11,9.4,66.0,14.0,334.0,0.0,33.0
WX-CFN5,2030-05-07T18:00:00Z,2030-05-08T06:00:00Z,12,4.3,90.0,11.0,336.0,0.0,27.0
WX-CFN5,2030-05-07T18:00:00Z,2030-05-08T07:00:00Z,13,2.6,96.0,10.0,341.0,0.0,23.0
WX-CFN5,2030-05-07T18:00:00Z,2030-05-08T08:00:00Z,14,0.9,99.0,11.0,338.0,0.0,20.0
WX-CFN5,2030-05-07T18:00:00Z,2030-05-08T09:00:00Z,15,0.8,100.0,11.0,329.0,0.0,18.0
WX-CFN5,2030-05-07T18:00:00Z,2030-05-08T10:00:00Z,16,0.6,96.0,11.0,348.0,0.0,17.0
WX-CFN5,2030-05-07T18:00:00Z,2030-05-08T11:00:00Z,17,1.1,93.0,10.0,332.0,0.0,17.0
WX-CFN5,2030-05-07T18:00:00Z,2030-05-08T12:00:00Z,18,1.9,96.0,10.0,333.0,0.0,17.0
WX-CFN5,2030-05-07T18:00:00Z,2030-05-08T13:00:00Z,19,4.4,86.0,10.0,329.0,0.0,16.0
WX-CFN5,2030-05-07T18:00:00Z,2030-05-08T14:00:00Z,20,5.1,71.0,12.0,331.0,0.0,16.0
WX-CFN5,2030-05-07T18:00:00Z,2030-05-08T15:00:00Z,21,7.1,78.0,17.0,333.0,0.0,16.0
WX-CFN5,2030-05-07T18:00:00Z,2030-05-08T16:00:00Z,22,7.9,51.0,21.0,330.0,0.0,16.0
WX-CFN5,2030-05-07T18:00:00Z,2030-05-08T17:00:00Z,23,9.4,57.0,27.0,338.0,0.0,16.0
WX-CFN5,2030-05-07T18:00:00Z,2030-05-08T18:00:00Z,24,11.4,45.0,26.0,334.0,0.0,16.0
WX-CFN5,2030-05-07T18:00:00Z,2030-05-08T19:00:00Z,25,14.3,38.0,29.0,337.0,0.0,16.0
WX-CFN5,2030-05-07T18:00:00Z,2030-05-08T20:00:00Z,26,14.4,42.0,28.0,336.0,0.0,16.0
WX-CFN5,2030-05-07T18:00:00Z,2030-05-08T21:00:00Z,27,14.6,39.0,32.0,342.0,0.0,16.0
WX-CFN5,2030-05-07T18:00:00Z,2030-05-08T22:00:00Z,28,14.4,37.0,31.0,347.0,0.0,16.0
WX-CFN5,2030-05-07T18:00:00Z,2030-05-08T23:00:00Z,29,13.5,44.0,27.0,339.0,0.0,16.0
WX-CFN5,2030-05-07T18:00:00Z,2030-05-09T00:00:00Z,30,12.1,31.0,20.0,336.0,0.0,16.0
WX-CFN5,2030-05-07T18:00:00Z,2030-05-09T01:00:00Z,31,11.7,42.0,20.0,335.0,0.0,16.0
WX-CFN5,2030-05-07T18:00:00Z,2030-05-09T02:00:00Z,32,11.1,57.0,14.0,347.0,0.0,16.0
WX-CFN5,2030-05-07T18:00:00Z,2030-05-09T03:00:00Z,33,8.2,62.0,10.0,331.0,0.0,16.0
WX-CFN5,2030-05-07T18:00:00Z,2030-05-09T04:00:00Z,34,7.1,63.0,10.0,335.0,0.0,16.0
WX-CFN5,2030-05-07T18:00:00Z,2030-05-09T05:00:00Z,35,4.4,76.0,11.0,328.0,0.0,16.0
WX-CFN5,2030-05-07T18:00:00Z,2030-05-09T06:00:00Z,36,4.2,82.0,8.0,323.0,0.0,16.0
WX-CFN5,2030-05-07T18:00:00Z,2030-05-09T07:00:00Z,37,1.9,85.0,7.0,298.0,0.0,16.0
WX-CFN5,2030-05-07T18:00:00Z,2030-05-09T08:00:00Z,38,1.0,90.0,6.0,321.0,0.0,16.0
WX-CFN5,2030-05-07T18:00:00Z,2030-05-09T09:00:00Z,39,0.8,99.0,7.0,313.0,0.0,16.0
WX-CFN5,2030-05-07T18:00:00Z,2030-05-09T10:00:00Z,40,1.3,97.0,7.0,315.0,0.0,16.0
WX-CFN5,2030-05-07T18:00:00Z,2030-05-09T11:00:00Z,41,1.5,94.0,8.0,306.0,0.0,16.0
WX-CFN5,2030-05-07T18:00:00Z,2030-05-09T12:00:00Z,42,3.3,86.0,8.0,317.0,0.0,16.0
WX-CFN5,2030-05-07T18:00:00Z,2030-05-09T13:00:00Z,43,3.6,78.0,7.0,321.0,0.0,16.0
WX-CFN5,2030-05-07T18:00:00Z,2030-05-09T14:00:00Z,44,6.1,71.0,7.0,328.0,0.0,16.0
WX-CFN5,2030-05-07T18:00:00Z,2030-05-09T15:00:00Z,45,6.7,55.0,13.0,322.0,0.0,16.0
WX-CFN5,2030-05-07T18:00:00Z,2030-05-09T16:00:00Z,46,8.8,57.0,17.0,309.0,0.0,16.0
WX-CFN5,2030-05-07T18:00:00Z,2030-05-09T17:00:00Z,47,11.5,43.0,20.0,315.0,0.0,16.0
WX-CFN5,2030-05-07T18:00:00Z,2030-05-09T18:00:00Z,48,12.6,38.0,19.0,301.0,0.0,16.0
WX-CFN5,2030-05-07T18:00:00Z,2030-05-09T19:00:00Z,49,13.3,40.0,24.0,312.0,0.0,16.0
WX-CFN5,2030-05-07T18:00:00Z,2030-05-09T20:00:00Z,50,14.9,39.0,23.0,322.0,0.0,16.0
WX-CFN5,2030-05-07T18:00:00Z,2030-05-09T21:00:00Z,51,15.4,37.0,24.0,311.0,0.0,16.0
WX-CFN5,2030-05-07T18:00:00Z,2030-05-09T22:00:00Z,52,16.2,37.0,23.0,311.0,0.0,16.0
WX-CFN5,2030-05-07T18:00:00Z,2030-05-09T23:00:00Z,53,15.4,32.0,18.0,326.0,0.0,16.0
WX-CFN5,2030-05-07T18:00:00Z,2030-05-10T00:00:00Z,54,14.0,29.0,16.0,314.0,0.0,16.0
WX-CFN5,2030-05-07T18:00:00Z,2030-05-10T01:00:00Z,55,12.7,31.0,14.0,304.0,0.0,16.0
WX-CFN5,2030-05-07T18:00:00Z,2030-05-10T02:00:00Z,56,11.9,39.0,10.0,318.0,0.0,16.0
WX-CFN5,2030-05-07T18:00:00Z,2030-05-10T03:00:00Z,57,9.8,51.0,6.0,307.0,0.0,16.0
WX-CFN5,2030-05-07T18:00:00Z,2030-05-10T04:00:00Z,58,9.5,66.0,7.0,309.0,0.0,16.0
WX-CFN5,2030-05-07T18:00:00Z,2030-05-10T05:00:00Z,59,7.6,68.0,7.0,323.0,0.0,16.0
WX-CFN5,2030-05-07T18:00:00Z,2030-05-10T06:00:00Z,60,4.7,78.0,7.0,306.0,0.0,16.0
WX-CFN5,2030-05-07T18:00:00Z,2030-05-10T07:00:00Z,61,4.2,78.0,6.0,309.0,0.0,16.0
WX-CFN5,2030-05-07T18:00:00Z,2030-05-10T08:00:00Z,62,2.2,93.0,5.0,294.0,0.0,16.0
WX-CFN5,2030-05-07T18:00:00Z,2030-05-10T09:00:00Z,63,4.0,100.0,6.0,291.0,0.0,16.0
WX-CFN5,2030-05-07T18:00:00Z,2030-05-10T10:00:00Z,64,2.0,100.0,7.0,301.0,0.0,16.0
WX-CFN5,2030-05-07T18:00:00Z,2030-05-10T11:00:00Z,65,1.7,99.0,6.0,298.0,0.0,16.0
WX-CFN5,2030-05-07T18:00:00Z,2030-05-10T12:00:00Z,66,4.2,89.0,7.0,300.0,0.0,16.0
WX-CFN5,2030-05-07T18:00:00Z,2030-05-10T13:00:00Z,67,3.9,86.0,6.0,299.0,0.0,16.0
WX-CFN5,2030-05-07T18:00:00Z,2030-05-10T14:00:00Z,68,7.9,85.0,8.0,288.0,0.0,16.0
WX-CFN5,2030-05-07T18:00:00Z,2030-05-10T15:00:00Z,69,6.2,63.0,12.0,282.0,0.0,16.0
WX-CFN5,2030-05-07T18:00:00Z,2030-05-10T16:00:00Z,70,10.1,46.0,13.0,295.0,0.0,16.0
WX-CFN5,2030-05-07T18:00:00Z,2030-05-10T17:00:00Z,71,11.7,35.0,12.0,278.0,0.0,16.0
WX-CFN5,2030-05-07T18:00:00Z,2030-05-10T18:00:00Z,72,14.6,40.0,16.0,294.0,0.0,16.0
WX-CEM5,2030-05-07T18:00:00Z,2030-05-07T19:00:00Z,1,30.4,13.0,22.0,211.0,0.0,23.0
WX-CEM5,2030-05-07T18:00:00Z,2030-05-07T20:00:00Z,2,32.0,15.0,23.0,218.0,0.0,25.0
WX-CEM5,2030-05-07T18:00:00Z,2030-05-07T21:00:00Z,3,32.3,7.0,23.0,221.0,0.0,27.0
WX-CEM5,2030-05-07T18:00:00Z,2030-05-07T22:00:00Z,4,31.9,7.0,20.0,218.0,0.0,31.0
WX-CEM5,2030-05-07T18:00:00Z,2030-05-07T23:00:00Z,5,30.8,10.0,19.0,222.0,0.0,36.0
WX-CEM5,2030-05-07T18:00:00Z,2030-05-08T00:00:00Z,6,29.6,8.0,17.0,228.0,0.0,43.0
WX-CEM5,2030-05-07T18:00:00Z,2030-05-08T01:00:00Z,7,28.3,17.0,17.0,219.0,0.0,52.0
WX-CEM5,2030-05-07T18:00:00Z,2030-05-08T02:00:00Z,8,24.6,17.0,16.0,237.0,0.0,62.0
WX-CEM5,2030-05-07T18:00:00Z,2030-05-08T03:00:00Z,9,17.6,28.0,17.0,302.0,0.0,72.0
WX-CEM5,2030-05-07T18:00:00Z,2030-05-08T04:00:00Z,10,15.1,37.0,18.0,332.0,0.0,81.0
WX-CEM5,2030-05-07T18:00:00Z,2030-05-08T05:00:00Z,11,13.9,40.0,18.0,322.0,0.0,87.0
WX-CEM5,2030-05-07T18:00:00Z,2030-05-08T06:00:00Z,12,9.3,57.0,12.0,329.0,0.0,91.0
WX-CEM5,2030-05-07T18:00:00Z,2030-05-08T07:00:00Z,13,7.2,62.0,10.0,335.0,0.0,91.0
WX-CEM5,2030-05-07T18:00:00Z,2030-05-08T08:00:00Z,14,6.5,65.0,9.0,331.0,0.0,87.0
WX-CEM5,2030-05-07T18:00:00Z,2030-05-08T09:00:00Z,15,6.4,62.0,7.0,333.0,0.0,80.0
WX-CEM5,2030-05-07T18:00:00Z,2030-05-08T10:00:00Z,16,6.3,63.0,7.0,318.0,0.0,71.0
WX-CEM5,2030-05-07T18:00:00Z,2030-05-08T11:00:00Z,17,6.7,64.0,8.0,335.0,0.0,61.0
WX-CEM5,2030-05-07T18:00:00Z,2030-05-08T12:00:00Z,18,7.1,57.0,8.0,325.0,0.0,51.0
WX-CEM5,2030-05-07T18:00:00Z,2030-05-08T13:00:00Z,19,9.0,49.0,8.0,320.0,0.0,43.0
WX-CEM5,2030-05-07T18:00:00Z,2030-05-08T14:00:00Z,20,10.3,40.0,9.0,331.0,0.0,36.0
WX-CEM5,2030-05-07T18:00:00Z,2030-05-08T15:00:00Z,21,13.4,47.0,15.0,327.0,0.0,31.0
WX-CEM5,2030-05-07T18:00:00Z,2030-05-08T16:00:00Z,22,14.5,34.0,16.0,333.0,0.0,27.0
WX-CEM5,2030-05-07T18:00:00Z,2030-05-08T17:00:00Z,23,16.1,34.0,20.0,326.0,0.0,25.0
WX-CEM5,2030-05-07T18:00:00Z,2030-05-08T18:00:00Z,24,17.7,30.0,19.0,337.0,0.0,23.0
WX-CEM5,2030-05-07T18:00:00Z,2030-05-08T19:00:00Z,25,17.7,25.0,23.0,330.0,0.0,22.0
WX-CEM5,2030-05-07T18:00:00Z,2030-05-08T20:00:00Z,26,18.6,21.0,22.0,323.0,0.0,22.0
WX-CEM5,2030-05-07T18:00:00Z,2030-05-08T21:00:00Z,27,20.0,23.0,22.0,328.0,0.0,22.0
WX-CEM5,2030-05-07T18:00:00Z,2030-05-08T22:00:00Z,28,19.6,30.0,23.0,336.0,0.0,22.0
WX-CEM5,2030-05-07T18:00:00Z,2030-05-08T23:00:00Z,29,20.8,23.0,20.0,325.0,0.0,22.0
WX-CEM5,2030-05-07T18:00:00Z,2030-05-09T00:00:00Z,30,18.6,22.0,19.0,324.0,0.0,21.0
WX-CEM5,2030-05-07T18:00:00Z,2030-05-09T01:00:00Z,31,17.2,30.0,16.0,331.0,0.0,21.0
WX-CEM5,2030-05-07T18:00:00Z,2030-05-09T02:00:00Z,32,15.2,30.0,12.0,329.0,0.0,21.0
WX-CEM5,2030-05-07T18:00:00Z,2030-05-09T03:00:00Z,33,14.9,31.0,7.0,333.0,0.0,21.0
WX-CEM5,2030-05-07T18:00:00Z,2030-05-09T04:00:00Z,34,12.2,49.0,8.0,332.0,0.0,21.0
WX-CEM5,2030-05-07T18:00:00Z,2030-05-09T05:00:00Z,35,10.8,49.0,7.0,337.0,0.0,21.0
WX-CEM5,2030-05-07T18:00:00Z,2030-05-09T06:00:00Z,36,8.5,44.0,6.0,303.0,0.0,21.0
WX-CEM5,2030-05-07T18:00:00Z,2030-05-09T07:00:00Z,37,7.1,51.0,5.0,307.0,0.0,21.0
WX-CEM5,2030-05-07T18:00:00Z,2030-05-09T08:00:00Z,38,6.0,63.0,6.0,312.0,0.0,21.0
WX-CEM5,2030-05-07T18:00:00Z,2030-05-09T09:00:00Z,39,7.4,61.0,6.0,306.0,0.0,21.0
WX-CEM5,2030-05-07T18:00:00Z,2030-05-09T10:00:00Z,40,5.0,60.0,6.0,319.0,0.0,21.0
WX-CEM5,2030-05-07T18:00:00Z,2030-05-09T11:00:00Z,41,7.4,57.0,4.0,308.0,0.0,21.0
WX-CEM5,2030-05-07T18:00:00Z,2030-05-09T12:00:00Z,42,6.5,54.0,6.0,307.0,0.1,81.0
WX-CEM5,2030-05-07T18:00:00Z,2030-05-09T13:00:00Z,43,10.1,50.0,6.0,311.0,0.1,81.0
WX-CEM5,2030-05-07T18:00:00Z,2030-05-09T14:00:00Z,44,10.9,44.0,6.0,299.0,0.1,81.0
WX-CEM5,2030-05-07T18:00:00Z,2030-05-09T15:00:00Z,45,12.5,44.0,9.0,315.0,0.2,81.0
WX-CEM5,2030-05-07T18:00:00Z,2030-05-09T16:00:00Z,46,14.3,27.0,11.0,299.0,0.1,81.0
WX-CEM5,2030-05-07T18:00:00Z,2030-05-09T17:00:00Z,47,16.6,26.0,13.0,300.0,0.1,81.0
WX-CEM5,2030-05-07T18:00:00Z,2030-05-09T18:00:00Z,48,18.6,20.0,15.0,302.0,0.1,81.0
WX-CEM5,2030-05-07T18:00:00Z,2030-05-09T19:00:00Z,49,19.7,23.0,17.0,297.0,0.0,21.0
WX-CEM5,2030-05-07T18:00:00Z,2030-05-09T20:00:00Z,50,21.2,15.0,18.0,314.0,0.0,21.0
WX-CEM5,2030-05-07T18:00:00Z,2030-05-09T21:00:00Z,51,22.4,15.0,18.0,316.0,0.0,21.0
WX-CEM5,2030-05-07T18:00:00Z,2030-05-09T22:00:00Z,52,19.5,28.0,17.0,302.0,0.0,21.0
WX-CEM5,2030-05-07T18:00:00Z,2030-05-09T23:00:00Z,53,20.7,23.0,16.0,307.0,0.0,21.0
WX-CEM5,2030-05-07T18:00:00Z,2030-05-10T00:00:00Z,54,19.2,27.0,15.0,297.0,0.0,21.0
WX-CEM5,2030-05-07T18:00:00Z,2030-05-10T01:00:00Z,55,16.8,20.0,11.0,313.0,0.0,21.0
WX-CEM5,2030-05-07T18:00:00Z,2030-05-10T02:00:00Z,56,16.9,28.0,8.0,296.0,0.0,21.0
WX-CEM5,2030-05-07T18:00:00Z,2030-05-10T03:00:00Z,57,15.6,39.0,6.0,311.0,0.0,21.0
WX-CEM5,2030-05-07T18:00:00Z,2030-05-10T04:00:00Z,58,14.8,46.0,6.0,319.0,0.0,21.0
WX-CEM5,2030-05-07T18:00:00Z,2030-05-10T05:00:00Z,59,9.1,46.0,6.0,303.0,0.0,21.0
WX-CEM5,2030-05-07T18:00:00Z,2030-05-10T06:00:00Z,60,8.4,58.0,5.0,277.0,0.0,21.0
WX-CEM5,2030-05-07T18:00:00Z,2030-05-10T07:00:00Z,61,10.2,49.0,4.0,267.0,0.0,21.0
WX-CEM5,2030-05-07T18:00:00Z,2030-05-10T08:00:00Z,62,8.0,46.0,5.0,286.0,0.0,21.0
WX-CEM5,2030-05-07T18:00:00Z,2030-05-10T09:00:00Z,63,7.7,52.0,5.0,300.0,0.0,21.0
WX-CEM5,2030-05-07T18:00:00Z,2030-05-10T10:00:00Z,64,9.0,60.0,4.0,281.0,0.0,21.0
WX-CEM5,2030-05-07T18:00:00Z,2030-05-10T11:00:00Z,65,8.4,61.0,5.0,296.0,0.0,21.0
WX-CEM5,2030-05-07T18:00:00Z,2030-05-10T12:00:00Z,66,9.9,48.0,5.0,292.0,0.0,21.0
WX-CEM5,2030-05-07T18:00:00Z,2030-05-10T13:00:00Z,67,9.3,48.0,5.0,294.0,0.0,21.0
WX-CEM5,2030-05-07T18:00:00Z,2030-05-10T14:00:00Z,68,11.2,40.0,5.0,294.0,0.0,21.0
WX-CEM5,2030-05-07T18:00:00Z,2030-05-10T15:00:00Z,69,14.1,33.0,7.0,281.0,0.0,21.0
WX-CEM5,2030-05-07T18:00:00Z,2030-05-10T16:00:00Z,70,16.9,27.0,8.0,294.0,0.0,21.0
WX-CEM5,2030-05-07T18:00:00Z,2030-05-10T17:00:00Z,71,18.0,30.0,11.0,293.0,0.0,21.0
WX-CEM5,2030-05-07T18:00:00Z,2030-05-10T18:00:00Z,72,21.1,25.0,12.0,284.0,0.0,21.0
WX-CYMM,2030-05-08T18:00:00Z,2030-05-08T19:00:00Z,1,17.4,31.0,24.0,323.0,0.0,4.0
WX-CYMM,2030-05-08T18:00:00Z,2030-05-08T20:00:00Z,2,18.5,33.0,23.0,316.0,0.0,3.0
WX-CYMM,2030-05-08T18:00:00Z,2030-05-08T21:00:00Z,3,18.7,32.0,25.0,322.0,0.0,2.0
WX-CYMM,2030-05-08T18:00:00Z,2030-05-08T22:00:00Z,4,18.0,29.0,24.0,315.0,0.0,2.0
WX-CYMM,2030-05-08T18:00:00Z,2030-05-08T23:00:00Z,5,17.5,35.0,21.0,324.0,0.0,2.0
WX-CYMM,2030-05-08T18:00:00Z,2030-05-09T00:00:00Z,6,17.5,31.0,19.0,312.0,0.0,2.0
WX-CYMM,2030-05-08T18:00:00Z,2030-05-09T01:00:00Z,7,14.8,38.0,16.0,327.0,0.0,2.0
WX-CYMM,2030-05-08T18:00:00Z,2030-05-09T02:00:00Z,8,13.6,44.0,11.0,316.0,0.0,2.0
WX-CYMM,2030-05-08T18:00:00Z,2030-05-09T03:00:00Z,9,12.9,51.0,8.0,309.0,0.0,2.0
WX-CYMM,2030-05-08T18:00:00Z,2030-05-09T04:00:00Z,10,10.6,52.0,8.0,313.0,0.0,2.0
WX-CYMM,2030-05-08T18:00:00Z,2030-05-09T05:00:00Z,11,9.1,74.0,8.0,314.0,0.0,2.0
WX-CYMM,2030-05-08T18:00:00Z,2030-05-09T06:00:00Z,12,7.6,64.0,6.0,294.0,0.0,2.0
WX-CYMM,2030-05-08T18:00:00Z,2030-05-09T07:00:00Z,13,6.2,68.0,6.0,300.0,0.0,2.0
WX-CYMM,2030-05-08T18:00:00Z,2030-05-09T08:00:00Z,14,5.4,81.0,5.0,286.0,0.0,2.0
WX-CYMM,2030-05-08T18:00:00Z,2030-05-09T09:00:00Z,15,4.4,76.0,5.0,294.0,0.0,2.0
WX-CYMM,2030-05-08T18:00:00Z,2030-05-09T10:00:00Z,16,4.1,82.0,6.0,296.0,0.0,2.0
WX-CYMM,2030-05-08T18:00:00Z,2030-05-09T11:00:00Z,17,4.4,68.0,6.0,284.0,0.0,2.0
WX-CYMM,2030-05-08T18:00:00Z,2030-05-09T12:00:00Z,18,5.6,70.0,6.0,300.0,0.1,62.0
WX-CYMM,2030-05-08T18:00:00Z,2030-05-09T13:00:00Z,19,7.7,65.0,5.0,289.0,0.1,62.0
WX-CYMM,2030-05-08T18:00:00Z,2030-05-09T14:00:00Z,20,8.4,59.0,7.0,297.0,0.2,62.0
WX-CYMM,2030-05-08T18:00:00Z,2030-05-09T15:00:00Z,21,10.5,55.0,10.0,287.0,0.2,62.0
WX-CYMM,2030-05-08T18:00:00Z,2030-05-09T16:00:00Z,22,13.1,49.0,12.0,302.0,0.2,62.0
WX-CYMM,2030-05-08T18:00:00Z,2030-05-09T17:00:00Z,23,14.5,43.0,14.0,291.0,0.1,62.0
WX-CYMM,2030-05-08T18:00:00Z,2030-05-09T18:00:00Z,24,16.3,37.0,16.0,296.0,0.1,62.0
WX-CYMM,2030-05-08T18:00:00Z,2030-05-09T19:00:00Z,25,18.4,33.0,16.0,287.0,0.0,2.0
WX-CYMM,2030-05-08T18:00:00Z,2030-05-09T20:00:00Z,26,19.0,26.0,18.0,282.0,0.0,2.0
WX-CYMM,2030-05-08T18:00:00Z,2030-05-09T21:00:00Z,27,19.0,31.0,20.0,292.0,0.0,2.0
WX-CYMM,2030-05-08T18:00:00Z,2030-05-09T22:00:00Z,28,18.6,30.0,17.0,290.0,0.0,2.0
WX-CYMM,2030-05-08T18:00:00Z,2030-05-09T23:00:00Z,29,17.9,30.0,16.0,302.0,0.0,2.0
WX-CYMM,2030-05-08T18:00:00Z,2030-05-10T00:00:00Z,30,18.3,34.0,16.0,293.0,0.0,2.0
WX-CYMM,2030-05-08T18:00:00Z,2030-05-10T01:00:00Z,31,16.8,41.0,11.0,288.0,0.0,2.0
WX-CYMM,2030-05-08T18:00:00Z,2030-05-10T02:00:00Z,32,14.4,37.0,8.0,303.0,0.0,2.0
WX-CYMM,2030-05-08T18:00:00Z,2030-05-10T03:00:00Z,33,12.4,46.0,5.0,295.0,0.0,2.0
WX-CYMM,2030-05-08T18:00:00Z,2030-05-10T04:00:00Z,34,10.8,63.0,5.0,297.0,0.0,2.0
WX-CYMM,2030-05-08T18:00:00Z,2030-05-10T05:00:00Z,35,8.3,66.0,6.0,294.0,0.0,2.0
WX-CYMM,2030-05-08T18:00:00Z,2030-05-10T06:00:00Z,36,7.7,64.0,5.0,274.0,0.0,2.0
WX-CYMM,2030-05-08T18:00:00Z,2030-05-10T07:00:00Z,37,6.9,68.0,5.0,266.0,0.0,2.0
WX-CYMM,2030-05-08T18:00:00Z,2030-05-10T08:00:00Z,38,5.6,80.0,5.0,280.0,0.0,2.0
WX-CYMM,2030-05-08T18:00:00Z,2030-05-10T09:00:00Z,39,6.5,79.0,6.0,270.0,0.0,2.0
WX-CYMM,2030-05-08T18:00:00Z,2030-05-10T10:00:00Z,40,5.1,79.0,5.0,259.0,0.0,2.0
WX-CYMM,2030-05-08T18:00:00Z,2030-05-10T11:00:00Z,41,5.0,76.0,4.0,267.0,0.0,2.0
WX-CYMM,2030-05-08T18:00:00Z,2030-05-10T12:00:00Z,42,8.4,70.0,5.0,266.0,0.0,2.0
WX-CYMM,2030-05-08T18:00:00Z,2030-05-10T13:00:00Z,43,9.3,71.0,4.0,277.0,0.0,2.0
WX-CYMM,2030-05-08T18:00:00Z,2030-05-10T14:00:00Z,44,10.2,48.0,6.0,273.0,0.0,2.0
WX-CYMM,2030-05-08T18:00:00Z,2030-05-10T15:00:00Z,45,11.9,51.0,8.0,266.0,0.0,2.0
WX-CYMM,2030-05-08T18:00:00Z,2030-05-10T16:00:00Z,46,14.0,51.0,10.0,263.0,0.0,2.0
WX-CYMM,2030-05-08T18:00:00Z,2030-05-10T17:00:00Z,47,17.0,34.0,9.0,264.0,0.0,2.0
WX-CYMM,2030-05-08T18:00:00Z,2030-05-10T18:00:00Z,48,18.5,29.0,12.0,263.0,0.0,2.0
WX-CYMM,2030-05-08T18:00:00Z,2030-05-10T19:00:00Z,49,20.9,26.0,12.0,268.0,0.0,2.0
WX-CYMM,2030-05-08T18:00:00Z,2030-05-10T20:00:00Z,50,20.3,23.0,12.0,265.0,0.0,2.0
WX-CYMM,2030-05-08T18:00:00Z,2030-05-10T21:00:00Z,51,21.3,29.0,14.0,267.0,0.0,2.0
WX-CYMM,2030-05-08T18:00:00Z,2030-05-10T22:00:00Z,52,19.6,24.0,11.0,283.0,0.0,2.0
WX-CYMM,2030-05-08T18:00:00Z,2030-05-10T23:00:00Z,53,22.1,22.0,12.0,261.0,0.0,2.0
WX-CYMM,2030-05-08T18:00:00Z,2030-05-11T00:00:00Z,54,21.0,30.0,10.0,261.0,0.0,2.0
WX-CYMM,2030-05-08T18:00:00Z,2030-05-11T01:00:00Z,55,19.9,35.0,9.0,282.0,0.0,2.0
WX-CYMM,2030-05-08T18:00:00Z,2030-05-11T02:00:00Z,56,17.2,33.0,7.0,273.0,0.0,2.0
WX-CYMM,2030-05-08T18:00:00Z,2030-05-11T03:00:00Z,57,13.3,49.0,5.0,255.0,0.0,2.0
WX-CYMM,2030-05-08T18:00:00Z,2030-05-11T04:00:00Z,58,11.1,46.0,6.0,248.0,0.0,2.0
WX-CYMM,2030-05-08T18:00:00Z,2030-05-11T05:00:00Z,59,9.2,64.0,5.0,268.0,0.0,2.0
WX-CYMM,2030-05-08T18:00:00Z,2030-05-11T06:00:00Z,60,7.8,59.0,5.0,272.0,0.0,2.0
WX-CYMM,2030-05-08T18:00:00Z,2030-05-11T07:00:00Z,61,7.6,62.0,5.0,278.0,0.0,2.0
WX-CYMM,2030-05-08T18:00:00Z,2030-05-11T08:00:00Z,62,6.1,78.0,5.0,283.0,0.0,2.0
WX-CYMM,2030-05-08T18:00:00Z,2030-05-11T09:00:00Z,63,7.1,75.0,4.0,263.0,0.0,2.0
WX-CYMM,2030-05-08T18:00:00Z,2030-05-11T10:00:00Z,64,4.7,82.0,4.0,271.0,0.0,2.0
WX-CYMM,2030-05-08T18:00:00Z,2030-05-11T11:00:00Z,65,5.9,83.0,5.0,258.0,0.0,2.0
WX-CYMM,2030-05-08T18:00:00Z,2030-05-11T12:00:00Z,66,6.6,85.0,6.0,255.0,0.0,2.0
WX-CYMM,2030-05-08T18:00:00Z,2030-05-11T13:00:00Z,67,9.6,67.0,4.0,258.0,0.0,2.0
WX-CYMM,2030-05-08T18:00:00Z,2030-05-11T14:00:00Z,68,8.9,60.0,5.0,271.0,0.0,2.0
WX-CYMM,2030-05-08T18:00:00Z,2030-05-11T15:00:00Z,69,12.0,44.0,8.0,270.0,0.0,2.0
WX-CYMM,2030-05-08T18:00:00Z,2030-05-11T16:00:00Z,70,12.4,44.0,8.0,280.0,0.0,2.0
WX-CYMM,2030-05-08T18:00:00Z,2030-05-11T17:00:00Z,71,17.2,38.0,12.0,280.0,0.0,2.0
WX-CYMM,2030-05-08T18:00:00Z,2030-05-11T18:00:00Z,72,18.5,29.0,12.0,279.0,0.0,2.0
WX-CYZH,2030-05-08T18:00:00Z,2030-05-08T19:00:00Z,1,19.2,30.0,25.0,339.0,0.0,28.0
WX-CYZH,2030-05-08T18:00:00Z,2030-05-08T20:00:00Z,2,19.5,29.0,25.0,340.0,0.0,28.0
WX-CYZH,2030-05-08T18:00:00Z,2030-05-08T21:00:00Z,3,19.4,29.0,25.0,335.0,0.0,28.0
WX-CYZH,2030-05-08T18:00:00Z,2030-05-08T22:00:00Z,4,19.3,29.0,25.0,334.0,0.0,28.0
WX-CYZH,2030-05-08T18:00:00Z,2030-05-08T23:00:00Z,5,19.2,31.0,23.0,331.0,0.0,28.0
WX-CYZH,2030-05-08T18:00:00Z,2030-05-09T00:00:00Z,6,18.8,32.0,20.0,341.0,0.0,28.0
WX-CYZH,2030-05-08T18:00:00Z,2030-05-09T01:00:00Z,7,17.0,35.0,17.0,338.0,0.0,28.0
WX-CYZH,2030-05-08T18:00:00Z,2030-05-09T02:00:00Z,8,16.4,34.0,13.0,339.0,0.0,28.0
WX-CYZH,2030-05-08T18:00:00Z,2030-05-09T03:00:00Z,9,13.1,35.0,9.0,344.0,0.0,28.0
WX-CYZH,2030-05-08T18:00:00Z,2030-05-09T04:00:00Z,10,12.2,54.0,9.0,342.0,0.0,28.0
WX-CYZH,2030-05-08T18:00:00Z,2030-05-09T05:00:00Z,11,9.4,62.0,9.0,338.0,0.0,28.0
WX-CYZH,2030-05-08T18:00:00Z,2030-05-09T06:00:00Z,12,8.3,54.0,6.0,305.0,0.0,28.0
WX-CYZH,2030-05-08T18:00:00Z,2030-05-09T07:00:00Z,13,8.4,61.0,6.0,304.0,0.0,28.0
WX-CYZH,2030-05-08T18:00:00Z,2030-05-09T08:00:00Z,14,6.8,66.0,6.0,312.0,0.0,28.0
WX-CYZH,2030-05-08T18:00:00Z,2030-05-09T09:00:00Z,15,5.6,67.0,6.0,307.0,0.0,28.0
WX-CYZH,2030-05-08T18:00:00Z,2030-05-09T10:00:00Z,16,5.7,72.0,6.0,312.0,0.0,28.0
WX-CYZH,2030-05-08T18:00:00Z,2030-05-09T11:00:00Z,17,7.4,62.0,6.0,305.0,0.0,28.0
WX-CYZH,2030-05-08T18:00:00Z,2030-05-09T12:00:00Z,18,7.4,61.0,6.0,310.0,0.1,88.0
WX-CYZH,2030-05-08T18:00:00Z,2030-05-09T13:00:00Z,19,8.2,58.0,6.0,317.0,0.1,88.0
WX-CYZH,2030-05-08T18:00:00Z,2030-05-09T14:00:00Z,20,11.4,40.0,7.0,314.0,0.1,88.0
WX-CYZH,2030-05-08T18:00:00Z,2030-05-09T15:00:00Z,21,12.2,46.0,10.0,315.0,0.1,88.0
WX-CYZH,2030-05-08T18:00:00Z,2030-05-09T16:00:00Z,22,13.3,37.0,14.0,313.0,0.1,88.0
WX-CYZH,2030-05-08T18:00:00Z,2030-05-09T17:00:00Z,23,17.4,38.0,16.0,308.0,0.1,88.0
WX-CYZH,2030-05-08T18:00:00Z,2030-05-09T18:00:00Z,24,18.6,30.0,18.0,303.0,0.1,88.0
WX-CYZH,2030-05-08T18:00:00Z,2030-05-09T19:00:00Z,25,19.6,28.0,15.0,306.0,0.0,28.0
WX-CYZH,2030-05-08T18:00:00Z,2030-05-09T20:00:00Z,26,20.5,28.0,16.0,320.0,0.0,28.0
WX-CYZH,2030-05-08T18:00:00Z,2030-05-09T21:00:00Z,27,21.3,28.0,19.0,323.0,0.0,28.0
WX-CYZH,2030-05-08T18:00:00Z,2030-05-09T22:00:00Z,28,20.7,29.0,19.0,314.0,0.0,28.0
WX-CYZH,2030-05-08T18:00:00Z,2030-05-09T23:00:00Z,29,20.4,24.0,17.0,298.0,0.0,28.0
WX-CYZH,2030-05-08T18:00:00Z,2030-05-10T00:00:00Z,30,20.0,26.0,15.0,303.0,0.0,28.0
WX-CYZH,2030-05-08T18:00:00Z,2030-05-10T01:00:00Z,31,17.1,35.0,11.0,304.0,0.0,28.0
WX-CYZH,2030-05-08T18:00:00Z,2030-05-10T02:00:00Z,32,15.7,44.0,10.0,321.0,0.0,28.0
WX-CYZH,2030-05-08T18:00:00Z,2030-05-10T03:00:00Z,33,14.7,40.0,6.0,317.0,0.0,28.0
WX-CYZH,2030-05-08T18:00:00Z,2030-05-10T04:00:00Z,34,14.2,50.0,6.0,310.0,0.0,28.0
WX-CYZH,2030-05-08T18:00:00Z,2030-05-10T05:00:00Z,35,9.5,53.0,6.0,313.0,0.0,28.0
WX-CYZH,2030-05-08T18:00:00Z,2030-05-10T06:00:00Z,36,9.1,54.0,5.0,282.0,0.0,28.0
WX-CYZH,2030-05-08T18:00:00Z,2030-05-10T07:00:00Z,37,7.6,53.0,6.0,291.0,0.0,28.0
WX-CYZH,2030-05-08T18:00:00Z,2030-05-10T08:00:00Z,38,6.5,67.0,5.0,286.0,0.0,28.0
WX-CYZH,2030-05-08T18:00:00Z,2030-05-10T09:00:00Z,39,7.7,76.0,5.0,288.0,0.0,28.0
WX-CYZH,2030-05-08T18:00:00Z,2030-05-10T10:00:00Z,40,7.1,71.0,5.0,298.0,0.0,28.0
WX-CYZH,2030-05-08T18:00:00Z,2030-05-10T11:00:00Z,41,8.4,66.0,5.0,281.0,0.0,28.0
WX-CYZH,2030-05-08T18:00:00Z,2030-05-10T12:00:00Z,42,9.3,62.0,5.0,275.0,0.0,28.0
WX-CYZH,2030-05-08T18:00:00Z,2030-05-10T13:00:00Z,43,9.5,63.0,5.0,298.0,0.0,28.0
WX-CYZH,2030-05-08T18:00:00Z,2030-05-10T14:00:00Z,44,12.3,41.0,5.0,287.0,0.0,28.0
WX-CYZH,2030-05-08T18:00:00Z,2030-05-10T15:00:00Z,45,13.6,44.0,8.0,285.0,0.0,28.0
WX-CYZH,2030-05-08T18:00:00Z,2030-05-10T16:00:00Z,46,15.1,43.0,9.0,297.0,0.0,28.0
WX-CYZH,2030-05-08T18:00:00Z,2030-05-10T17:00:00Z,47,17.2,34.0,13.0,307.0,0.0,28.0
WX-CYZH,2030-05-08T18:00:00Z,2030-05-10T18:00:00Z,48,18.9,36.0,13.0,286.0,0.0,28.0
WX-CYZH,2030-05-08T18:00:00Z,2030-05-10T19:00:00Z,49,20.8,30.0,14.0,292.0,0.0,28.0
WX-CYZH,2030-05-08T18:00:00Z,2030-05-10T20:00:00Z,50,22.8,20.0,14.0,298.0,0.0,28.0
WX-CYZH,2030-05-08T18:00:00Z,2030-05-10T21:00:00Z,51,23.4,19.0,13.0,300.0,0.0,28.0
WX-CYZH,2030-05-08T18:00:00Z,2030-05-10T22:00:00Z,52,23.1,24.0,14.0,298.0,0.0,28.0
WX-CYZH,2030-05-08T18:00:00Z,2030-05-10T23:00:00Z,53,22.0,38.0,12.0,272.0,0.0,28.0
WX-CYZH,2030-05-08T18:00:00Z,2030-05-11T00:00:00Z,54,22.7,23.0,10.0,293.0,0.0,28.0
WX-CYZH,2030-05-08T18:00:00Z,2030-05-11T01:00:00Z,55,20.7,18.0,9.0,300.0,0.0,28.0
WX-CYZH,2030-05-08T18:00:00Z,2030-05-11T02:00:00Z,56,19.8,34.0,7.0,288.0,0.0,28.0
WX-CYZH,2030-05-08T18:00:00Z,2030-05-11T03:00:00Z,57,15.7,33.0,5.0,292.0,0.0,28.0
WX-CYZH,2030-05-08T18:00:00Z,2030-05-11T04:00:00Z,58,15.8,47.0,6.0,280.0,0.0,28.0
WX-CYZH,2030-05-08T18:00:00Z,2030-05-11T05:00:00Z,59,10.6,45.0,5.0,306.0,0.0,28.0
WX-CYZH,2030-05-08T18:00:00Z,2030-05-11T06:00:00Z,60,11.4,66.0,6.0,289.0,0.0,28.0
WX-CYZH,2030-05-08T18:00:00Z,2030-05-11T07:00:00Z,61,7.6,51.0,6.0,296.0,0.0,28.0
WX-CYZH,2030-05-08T18:00:00Z,2030-05-11T08:00:00Z,62,8.2,56.0,6.0,299.0,0.0,28.0
WX-CYZH,2030-05-08T18:00:00Z,2030-05-11T09:00:00Z,63,7.0,69.0,5.0,282.0,0.0,28.0
WX-CYZH,2030-05-08T18:00:00Z,2030-05-11T10:00:00Z,64,5.7,70.0,5.0,281.0,0.0,28.0
WX-CYZH,2030-05-08T18:00:00Z,2030-05-11T11:00:00Z,65,6.6,73.0,5.0,295.0,0.0,28.0
WX-CYZH,2030-05-08T18:00:00Z,2030-05-11T12:00:00Z,66,8.9,68.0,5.0,308.0,0.0,28.0
WX-CYZH,2030-05-08T18:00:00Z,2030-05-11T13:00:00Z,67,10.9,47.0,5.0,303.0,0.0,28.0
WX-CYZH,2030-05-08T18:00:00Z,2030-05-11T14:00:00Z,68,11.1,49.0,6.0,293.0,0.0,28.0
WX-CYZH,2030-05-08T18:00:00Z,2030-05-11T15:00:00Z,69,16.6,35.0,9.0,298.0,0.0,28.0
WX-CYZH,2030-05-08T18:00:00Z,2030-05-11T16:00:00Z,70,16.2,39.0,8.0,291.0,0.0,28.0
WX-CYZH,2030-05-08T18:00:00Z,2030-05-11T17:00:00Z,71,18.7,37.0,12.0,300.0,0.0,28.0
WX-CYZH,2030-05-08T18:00:00Z,2030-05-11T18:00:00Z,72,21.0,28.0,12.0,278.0,0.0,28.0
WX-CYOJ,2030-05-08T18:00:00Z,2030-05-08T19:00:00Z,1,16.6,31.0,34.0,327.0,0.0,9.0
WX-CYOJ,2030-05-08T18:00:00Z,2030-05-08T20:00:00Z,2,17.8,34.0,31.0,322.0,0.0,9.0
WX-CYOJ,2030-05-08T18:00:00Z,2030-05-08T21:00:00Z,3,17.6,32.0,30.0,329.0,0.0,9.0
WX-CYOJ,2030-05-08T18:00:00Z,2030-05-08T22:00:00Z,4,18.2,28.0,29.0,333.0,0.0,9.0
WX-CYOJ,2030-05-08T18:00:00Z,2030-05-08T23:00:00Z,5,17.8,30.0,29.0,319.0,0.0,9.0
WX-CYOJ,2030-05-08T18:00:00Z,2030-05-09T00:00:00Z,6,17.0,36.0,24.0,323.0,0.0,9.0
WX-CYOJ,2030-05-08T18:00:00Z,2030-05-09T01:00:00Z,7,15.1,35.0,21.0,329.0,0.0,9.0
WX-CYOJ,2030-05-08T18:00:00Z,2030-05-09T02:00:00Z,8,14.2,44.0,15.0,329.0,0.0,9.0
WX-CYOJ,2030-05-08T18:00:00Z,2030-05-09T03:00:00Z,9,12.4,48.0,10.0,327.0,0.0,9.0
WX-CYOJ,2030-05-08T18:00:00Z,2030-05-09T04:00:00Z,10,10.5,54.0,10.0,323.0,0.0,9.0
WX-CYOJ,2030-05-08T18:00:00Z,2030-05-09T05:00:00Z,11,9.0,57.0,11.0,328.0,0.0,9.0
WX-CYOJ,2030-05-08T18:00:00Z,2030-05-09T06:00:00Z,12,6.9,63.0,8.0,310.0,0.0,9.0
WX-CYOJ,2030-05-08T18:00:00Z,2030-05-09T07:00:00Z,13,5.8,72.0,8.0,299.0,0.0,9.0
WX-CYOJ,2030-05-08T18:00:00Z,2030-05-09T08:00:00Z,14,5.7,74.0,7.0,321.0,0.0,9.0
WX-CYOJ,2030-05-08T18:00:00Z,2030-05-09T09:00:00Z,15,4.1,79.0,7.0,301.0,0.0,9.0
WX-CYOJ,2030-05-08T18:00:00Z,2030-05-09T10:00:00Z,16,3.9,78.0,8.0,299.0,0.0,9.0
WX-CYOJ,2030-05-08T18:00:00Z,2030-05-09T11:00:00Z,17,4.7,69.0,7.0,299.0,0.0,9.0
WX-CYOJ,2030-05-08T18:00:00Z,2030-05-09T12:00:00Z,18,5.8,64.0,7.0,301.0,0.0,9.0
WX-CYOJ,2030-05-08T18:00:00Z,2030-05-09T13:00:00Z,19,7.3,62.0,9.0,298.0,0.0,9.0
WX-CYOJ,2030-05-08T18:00:00Z,2030-05-09T14:00:00Z,20,8.5,54.0,9.0,306.0,0.0,9.0
WX-CYOJ,2030-05-08T18:00:00Z,2030-05-09T15:00:00Z,21,10.3,44.0,12.0,300.0,0.0,9.0
WX-CYOJ,2030-05-08T18:00:00Z,2030-05-09T16:00:00Z,22,12.4,41.0,17.0,296.0,0.0,9.0
WX-CYOJ,2030-05-08T18:00:00Z,2030-05-09T17:00:00Z,23,14.3,36.0,18.0,304.0,0.0,9.0
WX-CYOJ,2030-05-08T18:00:00Z,2030-05-09T18:00:00Z,24,16.1,35.0,23.0,304.0,0.0,9.0
WX-CYOJ,2030-05-08T18:00:00Z,2030-05-09T19:00:00Z,25,17.0,30.0,21.0,305.0,0.0,9.0
WX-CYOJ,2030-05-08T18:00:00Z,2030-05-09T20:00:00Z,26,17.8,19.0,24.0,307.0,0.0,9.0
WX-CYOJ,2030-05-08T18:00:00Z,2030-05-09T21:00:00Z,27,19.9,28.0,24.0,303.0,0.0,9.0
WX-CYOJ,2030-05-08T18:00:00Z,2030-05-09T22:00:00Z,28,19.7,25.0,23.0,311.0,0.0,9.0
WX-CYOJ,2030-05-08T18:00:00Z,2030-05-09T23:00:00Z,29,19.8,34.0,18.0,314.0,0.0,9.0
WX-CYOJ,2030-05-08T18:00:00Z,2030-05-10T00:00:00Z,30,17.5,21.0,19.0,298.0,0.0,9.0
WX-CYOJ,2030-05-08T18:00:00Z,2030-05-10T01:00:00Z,31,16.3,32.0,13.0,298.0,0.0,9.0
WX-CYOJ,2030-05-08T18:00:00Z,2030-05-10T02:00:00Z,32,13.7,34.0,11.0,309.0,0.0,9.0
WX-CYOJ,2030-05-08T18:00:00Z,2030-05-10T03:00:00Z,33,11.8,42.0,7.0,306.0,0.0,9.0
WX-CYOJ,2030-05-08T18:00:00Z,2030-05-10T04:00:00Z,34,10.7,53.0,7.0,311.0,0.0,9.0
WX-CYOJ,2030-05-08T18:00:00Z,2030-05-10T05:00:00Z,35,9.0,48.0,7.0,309.0,0.0,9.0
WX-CYOJ,2030-05-08T18:00:00Z,2030-05-10T06:00:00Z,36,9.6,49.0,6.0,290.0,0.0,9.0
WX-CYOJ,2030-05-08T18:00:00Z,2030-05-10T07:00:00Z,37,7.7,63.0,6.0,293.0,0.0,9.0
WX-CYOJ,2030-05-08T18:00:00Z,2030-05-10T08:00:00Z,38,6.5,72.0,7.0,277.0,0.0,9.0
WX-CYOJ,2030-05-08T18:00:00Z,2030-05-10T09:00:00Z,39,4.1,81.0,7.0,300.0,0.0,9.0
WX-CYOJ,2030-05-08T18:00:00Z,2030-05-10T10:00:00Z,40,4.8,71.0,6.0,281.0,0.0,9.0
WX-CYOJ,2030-05-08T18:00:00Z,2030-05-10T11:00:00Z,41,7.0,64.0,6.0,286.0,0.0,9.0
WX-CYOJ,2030-05-08T18:00:00Z,2030-05-10T12:00:00Z,42,7.8,63.0,7.0,294.0,0.0,9.0
WX-CYOJ,2030-05-08T18:00:00Z,2030-05-10T13:00:00Z,43,8.6,61.0,7.0,276.0,0.0,9.0
WX-CYOJ,2030-05-08T18:00:00Z,2030-05-10T14:00:00Z,44,11.2,53.0,8.0,282.0,0.0,9.0
WX-CYOJ,2030-05-08T18:00:00Z,2030-05-10T15:00:00Z,45,12.0,54.0,9.0,289.0,0.0,9.0
WX-CYOJ,2030-05-08T18:00:00Z,2030-05-10T16:00:00Z,46,13.0,36.0,11.0,283.0,0.0,9.0
WX-CYOJ,2030-05-08T18:00:00Z,2030-05-10T17:00:00Z,47,16.4,35.0,14.0,292.0,0.0,9.0
WX-CYOJ,2030-05-08T18:00:00Z,2030-05-10T18:00:00Z,48,16.1,29.0,16.0,280.0,0.0,9.0
WX-CYOJ,2030-05-08T18:00:00Z,2030-05-10T19:00:00Z,49,20.7,32.0,17.0,284.0,0.0,9.0
WX-CYOJ,2030-05-08T18:00:00Z,2030-05-10T20:00:00Z,50,20.5,32.0,15.0,267.0,0.0,9.0
WX-CYOJ,2030-05-08T18:00:00Z,2030-05-10T21:00:00Z,51,20.8,25.0,15.0,292.0,0.0,9.0
WX-CYOJ,2030-05-08T18:00:00Z,2030-05-10T22:00:00Z,52,20.5,25.0,17.0,291.0,0.0,9.0
WX-CYOJ,2030-05-08T18:00:00Z,2030-05-10T23:00:00Z,53,21.9,22.0,17.0,291.0,0.0,9.0
WX-CYOJ,2030-05-08T18:00:00Z,2030-05-11T00:00:00Z,54,19.0,26.0,14.0,271.0,0.0,9.0
WX-CYOJ,2030-05-08T18:00:00Z,2030-05-11T01:00:00Z,55,18.6,18.0,10.0,283.0,0.0,9.0
WX-CYOJ,2030-05-08T18:00:00Z,2030-05-11T02:00:00Z,56,14.4,45.0,8.0,283.0,0.0,9.0
WX-CYOJ,2030-05-08T18:00:00Z,2030-05-11T03:00:00Z,57,15.4,54.0,5.0,270.0,0.0,9.0
WX-CYOJ,2030-05-08T18:00:00Z,2030-05-11T04:00:00Z,58,11.5,48.0,5.0,285.0,0.0,9.0
WX-CYOJ,2030-05-08T18:00:00Z,2030-05-11T05:00:00Z,59,9.7,61.0,7.0,289.0,0.0,9.0
WX-CYOJ,2030-05-08T18:00:00Z,2030-05-11T06:00:00Z,60,10.2,60.0,8.0,292.0,0.0,9.0
WX-CYOJ,2030-05-08T18:00:00Z,2030-05-11T07:00:00Z,61,6.4,69.0,6.0,265.0,0.0,9.0
WX-CYOJ,2030-05-08T18:00:00Z,2030-05-11T08:00:00Z,62,6.1,71.0,6.0,294.0,0.0,9.0
WX-CYOJ,2030-05-08T18:00:00Z,2030-05-11T09:00:00Z,63,5.3,71.0,7.0,270.0,0.0,9.0
WX-CYOJ,2030-05-08T18:00:00Z,2030-05-11T10:00:00Z,64,5.7,78.0,6.0,279.0,0.0,9.0
WX-CYOJ,2030-05-08T18:00:00Z,2030-05-11T11:00:00Z,65,7.7,74.0,5.0,275.0,0.0,9.0
WX-CYOJ,2030-05-08T18:00:00Z,2030-05-11T12:00:00Z,66,6.2,79.0,8.0,274.0,0.0,9.0
WX-CYOJ,2030-05-08T18:00:00Z,2030-05-11T13:00:00Z,67,9.4,62.0,6.0,284.0,0.0,9.0
WX-CYOJ,2030-05-08T18:00:00Z,2030-05-11T14:00:00Z,68,9.1,56.0,8.0,294.0,0.0,9.0
WX-CYOJ,2030-05-08T18:00:00Z,2030-05-11T15:00:00Z,69,10.9,49.0,9.0,273.0,0.0,9.0
WX-CYOJ,2030-05-08T18:00:00Z,2030-05-11T16:00:00Z,70,13.9,37.0,12.0,309.0,0.0,9.0
WX-CYOJ,2030-05-08T18:00:00Z,2030-05-11T17:00:00Z,71,15.5,44.0,13.0,290.0,0.0,9.0
WX-CYOJ,2030-05-08T18:00:00Z,2030-05-11T18:00:00Z,72,16.4,22.0,16.0,278.0,0.0,9.0
WX-CYPE,2030-05-08T18:00:00Z,2030-05-08T19:00:00Z,1,17.1,32.0,24.0,305.0,0.0,0.0
WX-CYPE,2030-05-08T18:00:00Z,2030-05-08T20:00:00Z,2,18.4,29.0,24.0,301.0,0.0,0.0
WX-CYPE,2030-05-08T18:00:00Z,2030-05-08T21:00:00Z,3,18.0,33.0,22.0,298.0,0.0,0.0
WX-CYPE,2030-05-08T18:00:00Z,2030-05-08T22:00:00Z,4,18.5,30.0,21.0,310.0,0.0,0.0
WX-CYPE,2030-05-08T18:00:00Z,2030-05-08T23:00:00Z,5,17.8,29.0,21.0,294.0,0.0,0.0
WX-CYPE,2030-05-08T18:00:00Z,2030-05-09T00:00:00Z,6,16.1,33.0,17.0,308.0,0.0,0.0
WX-CYPE,2030-05-08T18:00:00Z,2030-05-09T01:00:00Z,7,15.3,33.0,15.0,299.0,0.0,0.0
WX-CYPE,2030-05-08T18:00:00Z,2030-05-09T02:00:00Z,8,13.7,45.0,11.0,307.0,0.0,0.0
WX-CYPE,2030-05-08T18:00:00Z,2030-05-09T03:00:00Z,9,12.1,49.0,8.0,297.0,0.0,0.0
WX-CYPE,2030-05-08T18:00:00Z,2030-05-09T04:00:00Z,10,10.2,50.0,7.0,304.0,0.0,0.0
WX-CYPE,2030-05-08T18:00:00Z,2030-05-09T05:00:00Z,11,8.3,54.0,7.0,309.0,0.0,0.0
WX-CYPE,2030-05-08T18:00:00Z,2030-05-09T06:00:00Z,12,7.2,61.0,6.0,288.0,0.0,0.0
WX-CYPE,2030-05-08T18:00:00Z,2030-05-09T07:00:00Z,13,6.3,71.0,5.0,297.0,0.0,0.0
WX-CYPE,2030-05-08T18:00:00Z,2030-05-09T08:00:00Z,14,4.6,66.0,6.0,285.0,0.0,0.0
WX-CYPE,2030-05-08T18:00:00Z,2030-05-09T09:00:00Z,15,2.9,81.0,5.0,282.0,0.0,0.0
WX-CYPE,2030-05-08T18:00:00Z,2030-05-09T10:00:00Z,16,4.8,66.0,5.0,279.0,0.0,0.0
WX-CYPE,2030-05-08T18:00:00Z,2030-05-09T11:00:00Z,17,4.4,73.0,5.0,289.0,0.0,0.0
WX-CYPE,2030-05-08T18:00:00Z,2030-05-09T12:00:00Z,18,5.3,61.0,5.0,270.0,0.0,0.0
WX-CYPE,2030-05-08T18:00:00Z,2030-05-09T13:00:00Z,19,8.3,62.0,5.0,287.0,0.0,0.0
WX-CYPE,2030-05-08T18:00:00Z,2030-05-09T14:00:00Z,20,9.5,48.0,6.0,284.0,0.0,0.0
WX-CYPE,2030-05-08T18:00:00Z,2030-05-09T15:00:00Z,21,10.9,47.0,10.0,269.0,0.0,0.0
WX-CYPE,2030-05-08T18:00:00Z,2030-05-09T16:00:00Z,22,13.1,48.0,10.0,286.0,0.0,0.0
WX-CYPE,2030-05-08T18:00:00Z,2030-05-09T17:00:00Z,23,14.9,34.0,12.0,287.0,0.0,0.0
WX-CYPE,2030-05-08T18:00:00Z,2030-05-09T18:00:00Z,24,16.1,27.0,16.0,279.0,0.0,0.0
WX-CYPE,2030-05-08T18:00:00Z,2030-05-09T19:00:00Z,25,18.1,27.0,15.0,276.0,0.0,0.0
WX-CYPE,2030-05-08T18:00:00Z,2030-05-09T20:00:00Z,26,18.8,30.0,15.0,260.0,0.0,0.0
WX-CYPE,2030-05-08T18:00:00Z,2030-05-09T21:00:00Z,27,18.5,32.0,15.0,276.0,0.0,0.0
WX-CYPE,2030-05-08T18:00:00Z,2030-05-09T22:00:00Z,28,19.7,26.0,14.0,291.0,0.0,0.0
WX-CYPE,2030-05-08T18:00:00Z,2030-05-09T23:00:00Z,29,18.6,29.0,13.0,279.0,0.0,0.0
WX-CYPE,2030-05-08T18:00:00Z,2030-05-10T00:00:00Z,30,17.0,36.0,13.0,279.0,0.0,0.0
WX-CYPE,2030-05-08T18:00:00Z,2030-05-10T01:00:00Z,31,16.1,31.0,11.0,270.0,0.0,0.0
WX-CYPE,2030-05-08T18:00:00Z,2030-05-10T02:00:00Z,32,16.2,38.0,7.0,282.0,0.0,0.0
WX-CYPE,2030-05-08T18:00:00Z,2030-05-10T03:00:00Z,33,12.7,48.0,5.0,286.0,0.0,0.0
WX-CYPE,2030-05-08T18:00:00Z,2030-05-10T04:00:00Z,34,11.6,53.0,5.0,279.0,0.0,0.0
WX-CYPE,2030-05-08T18:00:00Z,2030-05-10T05:00:00Z,35,9.9,57.0,6.0,271.0,0.0,0.0
WX-CYPE,2030-05-08T18:00:00Z,2030-05-10T06:00:00Z,36,8.0,61.0,5.0,260.0,0.0,0.0
WX-CYPE,2030-05-08T18:00:00Z,2030-05-10T07:00:00Z,37,5.9,73.0,4.0,247.0,0.0,0.0
WX-CYPE,2030-05-08T18:00:00Z,2030-05-10T08:00:00Z,38,6.2,78.0,5.0,255.0,0.0,0.0
WX-CYPE,2030-05-08T18:00:00Z,2030-05-10T09:00:00Z,39,5.6,76.0,4.0,264.0,0.0,0.0
WX-CYPE,2030-05-08T18:00:00Z,2030-05-10T10:00:00Z,40,5.9,71.0,5.0,260.0,0.0,0.0
WX-CYPE,2030-05-08T18:00:00Z,2030-05-10T11:00:00Z,41,6.5,70.0,5.0,255.0,0.0,0.0
WX-CYPE,2030-05-08T18:00:00Z,2030-05-10T12:00:00Z,42,6.1,73.0,4.0,274.0,0.0,0.0
WX-CYPE,2030-05-08T18:00:00Z,2030-05-10T13:00:00Z,43,9.4,59.0,5.0,256.0,0.0,0.0
WX-CYPE,2030-05-08T18:00:00Z,2030-05-10T14:00:00Z,44,11.9,55.0,6.0,248.0,0.0,0.0
WX-CYPE,2030-05-08T18:00:00Z,2030-05-10T15:00:00Z,45,13.8,36.0,7.0,267.0,0.0,0.0
WX-CYPE,2030-05-08T18:00:00Z,2030-05-10T16:00:00Z,46,14.6,52.0,9.0,265.0,0.0,0.0
WX-CYPE,2030-05-08T18:00:00Z,2030-05-10T17:00:00Z,47,16.5,35.0,10.0,260.0,0.0,0.0
WX-CYPE,2030-05-08T18:00:00Z,2030-05-10T18:00:00Z,48,17.6,41.0,11.0,269.0,0.0,0.0
WX-CYPE,2030-05-08T18:00:00Z,2030-05-10T19:00:00Z,49,19.0,27.0,11.0,242.0,0.0,0.0
WX-CYPE,2030-05-08T18:00:00Z,2030-05-10T20:00:00Z,50,20.8,14.0,11.0,249.0,0.0,0.0
WX-CYPE,2030-05-08T18:00:00Z,2030-05-10T21:00:00Z,51,19.9,19.0,10.0,261.0,0.0,0.0
WX-CYPE,2030-05-08T18:00:00Z,2030-05-10T22:00:00Z,52,21.6,26.0,12.0,254.0,0.0,0.0
WX-CYPE,2030-05-08T18:00:00Z,2030-05-10T23:00:00Z,53,20.5,29.0,11.0,260.0,0.0,0.0
WX-CYPE,2030-05-08T18:00:00Z,2030-05-11T00:00:00Z,54,20.5,30.0,7.0,253.0,0.0,0.0
WX-CYPE,2030-05-08T18:00:00Z,2030-05-11T01:00:00Z,55,18.0,46.0,8.0,271.0,0.0,0.0
WX-CYPE,2030-05-08T18:00:00Z,2030-05-11T02:00:00Z,56,16.1,35.0,7.0,247.0,0.0,0.0
WX-CYPE,2030-05-08T18:00:00Z,2030-05-11T03:00:00Z,57,13.6,39.0,4.0,248.0,0.0,0.0
WX-CYPE,2030-05-08T18:00:00Z,2030-05-11T04:00:00Z,58,13.2,45.0,4.0,272.0,0.0,0.0
WX-CYPE,2030-05-08T18:00:00Z,2030-05-11T05:00:00Z,59,9.6,53.0,5.0,268.0,0.0,0.0
WX-CYPE,2030-05-08T18:00:00Z,2030-05-11T06:00:00Z,60,7.6,57.0,5.0,257.0,0.0,0.0
WX-CYPE,2030-05-08T18:00:00Z,2030-05-11T07:00:00Z,61,6.3,67.0,4.0,254.0,0.0,0.0
WX-CYPE,2030-05-08T18:00:00Z,2030-05-11T08:00:00Z,62,5.7,77.0,5.0,263.0,0.0,0.0
WX-CYPE,2030-05-08T18:00:00Z,2030-05-11T09:00:00Z,63,6.4,79.0,5.0,248.0,0.0,0.0
WX-CYPE,2030-05-08T18:00:00Z,2030-05-11T10:00:00Z,64,5.8,74.0,5.0,253.0,0.0,0.0
WX-CYPE,2030-05-08T18:00:00Z,2030-05-11T11:00:00Z,65,6.2,74.0,5.0,261.0,0.0,0.0
WX-CYPE,2030-05-08T18:00:00Z,2030-05-11T12:00:00Z,66,6.5,70.0,4.0,258.0,0.0,0.0
WX-CYPE,2030-05-08T18:00:00Z,2030-05-11T13:00:00Z,67,6.5,63.0,4.0,250.0,0.0,0.0
WX-CYPE,2030-05-08T18:00:00Z,2030-05-11T14:00:00Z,68,11.5,48.0,5.0,263.0,0.0,0.0
WX-CYPE,2030-05-08T18:00:00Z,2030-05-11T15:00:00Z,69,12.9,45.0,7.0,259.0,0.0,0.0
WX-CYPE,2030-05-08T18:00:00Z,2030-05-11T16:00:00Z,70,14.1,36.0,9.0,250.0,0.0,0.0
WX-CYPE,2030-05-08T18:00:00Z,2030-05-11T17:00:00Z,71,15.7,36.0,10.0,269.0,0.0,0.0
WX-CYPE,2030-05-08T18:00:00Z,2030-05-11T18:00:00Z,72,19.8,34.0,11.0,283.0,0.0,0.0
WX-CYQU,2030-05-08T18:00:00Z,2030-05-08T19:00:00Z,1,17.3,36.0,30.0,320.0,0.0,5.0
WX-CYQU,2030-05-08T18:00:00Z,2030-05-08T20:00:00Z,2,18.1,31.0,31.0,321.0,0.0,5.0
WX-CYQU,2030-05-08T18:00:00Z,2030-05-08T21:00:00Z,3,18.1,29.0,30.0,335.0,0.0,5.0
WX-CYQU,2030-05-08T18:00:00Z,2030-05-08T22:00:00Z,4,18.6,32.0,27.0,325.0,0.0,5.0
WX-CYQU,2030-05-08T18:00:00Z,2030-05-08T23:00:00Z,5,17.6,34.0,29.0,321.0,0.0,5.0
WX-CYQU,2030-05-08T18:00:00Z,2030-05-09T00:00:00Z,6,17.8,35.0,24.0,327.0,0.0,5.0
WX-CYQU,2030-05-08T18:00:00Z,2030-05-09T01:00:00Z,7,16.6,34.0,20.0,319.0,0.0,5.0
WX-CYQU,2030-05-08T18:00:00Z,2030-05-09T02:00:00Z,8,15.5,43.0,14.0,324.0,0.0,5.0
WX-CYQU,2030-05-08T18:00:00Z,2030-05-09T03:00:00Z,9,12.0,48.0,10.0,327.0,0.0,5.0
WX-CYQU,2030-05-08T18:00:00Z,2030-05-09T04:00:00Z,10,10.6,60.0,11.0,329.0,0.0,5.0
WX-CYQU,2030-05-08T18:00:00Z,2030-05-09T05:00:00Z,11,8.9,60.0,11.0,319.0,0.0,5.0
WX-CYQU,2030-05-08T18:00:00Z,2030-05-09T06:00:00Z,12,8.5,57.0,8.0,300.0,0.0,5.0
WX-CYQU,2030-05-08T18:00:00Z,2030-05-09T07:00:00Z,13,6.8,71.0,7.0,296.0,0.0,5.0
WX-CYQU,2030-05-08T18:00:00Z,2030-05-09T08:00:00Z,14,5.0,66.0,8.0,311.0,0.0,5.0
WX-CYQU,2030-05-08T18:00:00Z,2030-05-09T09:00:00Z,15,4.9,73.0,7.0,302.0,0.0,5.0
WX-CYQU,2030-05-08T18:00:00Z,2030-05-09T10:00:00Z,16,3.1,75.0,7.0,284.0,0.0,5.0
WX-CYQU,2030-05-08T18:00:00Z,2030-05-09T11:00:00Z,17,4.8,75.0,8.0,300.0,0.0,5.0
WX-CYQU,2030-05-08T18:00:00Z,2030-05-09T12:00:00Z,18,6.0,63.0,8.0,300.0,0.1,65.0
WX-CYQU,2030-05-08T18:00:00Z,2030-05-09T13:00:00Z,19,7.4,65.0,7.0,284.0,0.1,65.0
WX-CYQU,2030-05-08T18:00:00Z,2030-05-09T14:00:00Z,20,9.6,55.0,9.0,306.0,0.2,65.0
WX-CYQU,2030-05-08T18:00:00Z,2030-05-09T15:00:00Z,21,11.8,86.0,12.0,299.0,0.2,65.0
WX-CYQU,2030-05-08T18:00:00Z,2030-05-09T16:00:00Z,22,12.8,41.0,15.0,296.0,0.2,65.0
WX-CYQU,2030-05-08T18:00:00Z,2030-05-09T17:00:00Z,23,15.1,39.0,19.0,306.0,0.1,65.0
WX-CYQU,2030-05-08T18:00:00Z,2030-05-09T18:00:00Z,24,17.3,29.0,22.0,297.0,0.1,65.0
WX-CYQU,2030-05-08T18:00:00Z,2030-05-09T19:00:00Z,25,18.9,29.0,23.0,307.0,0.0,5.0
WX-CYQU,2030-05-08T18:00:00Z,2030-05-09T20:00:00Z,26,19.3,28.0,23.0,301.0,0.0,5.0
WX-CYQU,2030-05-08T18:00:00Z,2030-05-09T21:00:00Z,27,21.1,30.0,23.0,301.0,0.0,5.0
WX-CYQU,2030-05-08T18:00:00Z,2030-05-09T22:00:00Z,28,19.9,30.0,21.0,308.0,0.0,5.0
WX-CYQU,2030-05-08T18:00:00Z,2030-05-09T23:00:00Z,29,18.9,21.0,22.0,300.0,0.0,5.0
WX-CYQU,2030-05-08T18:00:00Z,2030-05-10T00:00:00Z,30,18.4,44.0,17.0,294.0,0.0,5.0
WX-CYQU,2030-05-08T18:00:00Z,2030-05-10T01:00:00Z,31,16.6,32.0,15.0,293.0,0.0,5.0
WX-CYQU,2030-05-08T18:00:00Z,2030-05-10T02:00:00Z,32,15.7,41.0,12.0,295.0,0.0,5.0
WX-CYQU,2030-05-08T18:00:00Z,2030-05-10T03:00:00Z,33,12.8,42.0,7.0,291.0,0.0,5.0
WX-CYQU,2030-05-08T18:00:00Z,2030-05-10T04:00:00Z,34,10.8,52.0,7.0,313.0,0.0,5.0
WX-CYQU,2030-05-08T18:00:00Z,2030-05-10T05:00:00Z,35,9.8,54.0,6.0,310.0,0.0,5.0
WX-CYQU,2030-05-08T18:00:00Z,2030-05-10T06:00:00Z,36,8.0,64.0,6.0,277.0,0.0,5.0
WX-CYQU,2030-05-08T18:00:00Z,2030-05-10T07:00:00Z,37,7.8,67.0,7.0,280.0,0.0,5.0
WX-CYQU,2030-05-08T18:00:00Z,2030-05-10T08:00:00Z,38,6.1,75.0,6.0,279.0,0.0,5.0
WX-CYQU,2030-05-08T18:00:00Z,2030-05-10T09:00:00Z,39,5.4,76.0,6.0,277.0,0.0,5.0
WX-CYQU,2030-05-08T18:00:00Z,2030-05-10T10:00:00Z,40,4.8,81.0,7.0,286.0,0.0,5.0
WX-CYQU,2030-05-08T18:00:00Z,2030-05-10T11:00:00Z,41,6.9,74.0,6.0,281.0,0.0,5.0
WX-CYQU,2030-05-08T18:00:00Z,2030-05-10T12:00:00Z,42,7.0,73.0,6.0,275.0,0.0,5.0
WX-CYQU,2030-05-08T18:00:00Z,2030-05-10T13:00:00Z,43,9.0,59.0,6.0,287.0,0.0,5.0
WX-CYQU,2030-05-08T18:00:00Z,2030-05-10T14:00:00Z,44,10.7,61.0,8.0,281.0,0.0,5.0
WX-CYQU,2030-05-08T18:00:00Z,2030-05-10T15:00:00Z,45,11.3,55.0,11.0,300.0,0.0,5.0
WX-CYQU,2030-05-08T18:00:00Z,2030-05-10T16:00:00Z,46,14.9,52.0,13.0,273.0,0.0,5.0
WX-CYQU,2030-05-08T18:00:00Z,2030-05-10T17:00:00Z,47,16.4,33.0,14.0,284.0,0.0,5.0
WX-CYQU,2030-05-08T18:00:00Z,2030-05-10T18:00:00Z,48,20.1,30.0,13.0,278.0,0.0,5.0
WX-CYQU,2030-05-08T18:00:00Z,2030-05-10T19:00:00Z,49,19.0,29.0,19.0,291.0,0.0,5.0
WX-CYQU,2030-05-08T18:00:00Z,2030-05-10T20:00:00Z,50,22.4,34.0,17.0,272.0,0.0,5.0
WX-CYQU,2030-05-08T18:00:00Z,2030-05-10T21:00:00Z,51,22.9,29.0,16.0,279.0,0.0,5.0
WX-CYQU,2030-05-08T18:00:00Z,2030-05-10T22:00:00Z,52,21.2,18.0,18.0,294.0,0.0,5.0
WX-CYQU,2030-05-08T18:00:00Z,2030-05-10T23:00:00Z,53,21.1,28.0,14.0,290.0,0.0,5.0
WX-CYQU,2030-05-08T18:00:00Z,2030-05-11T00:00:00Z,54,20.0,37.0,12.0,292.0,0.0,5.0
WX-CYQU,2030-05-08T18:00:00Z,2030-05-11T01:00:00Z,55,18.4,20.0,11.0,280.0,0.0,5.0
WX-CYQU,2030-05-08T18:00:00Z,2030-05-11T02:00:00Z,56,17.6,42.0,10.0,291.0,0.0,5.0
WX-CYQU,2030-05-08T18:00:00Z,2030-05-11T03:00:00Z,57,15.8,42.0,7.0,285.0,0.0,5.0
WX-CYQU,2030-05-08T18:00:00Z,2030-05-11T04:00:00Z,58,14.3,43.0,6.0,274.0,0.0,5.0
WX-CYQU,2030-05-08T18:00:00Z,2030-05-11T05:00:00Z,59,9.9,58.0,6.0,284.0,0.0,5.0
WX-CYQU,2030-05-08T18:00:00Z,2030-05-11T06:00:00Z,60,9.8,62.0,7.0,288.0,0.0,5.0
WX-CYQU,2030-05-08T18:00:00Z,2030-05-11T07:00:00Z,61,8.8,72.0,6.0,277.0,0.0,5.0
WX-CYQU,2030-05-08T18:00:00Z,2030-05-11T08:00:00Z,62,6.2,71.0,6.0,270.0,0.0,5.0
WX-CYQU,2030-05-08T18:00:00Z,2030-05-11T09:00:00Z,63,6.5,71.0,6.0,287.0,0.0,5.0
WX-CYQU,2030-05-08T18:00:00Z,2030-05-11T10:00:00Z,64,6.5,72.0,7.0,274.0,0.0,5.0
WX-CYQU,2030-05-08T18:00:00Z,2030-05-11T11:00:00Z,65,6.8,75.0,6.0,274.0,0.0,5.0
WX-CYQU,2030-05-08T18:00:00Z,2030-05-11T12:00:00Z,66,6.5,74.0,6.0,289.0,0.0,5.0
WX-CYQU,2030-05-08T18:00:00Z,2030-05-11T13:00:00Z,67,7.8,78.0,6.0,282.0,0.0,5.0
WX-CYQU,2030-05-08T18:00:00Z,2030-05-11T14:00:00Z,68,10.6,62.0,6.0,274.0,0.0,5.0
WX-CYQU,2030-05-08T18:00:00Z,2030-05-11T15:00:00Z,69,12.8,54.0,10.0,292.0,0.0,5.0
WX-CYQU,2030-05-08T18:00:00Z,2030-05-11T16:00:00Z,70,16.1,37.0,11.0,303.0,0.0,5.0
WX-CYQU,2030-05-08T18:00:00Z,2030-05-11T17:00:00Z,71,17.8,28.0,14.0,292.0,0.0,5.0
WX-CYQU,2030-05-08T18:00:00Z,2030-05-11T18:00:00Z,72,19.7,27.0,15.0,272.0,0.0,5.0
WX-CYLB,2030-05-08T18:00:00Z,2030-05-08T19:00:00Z,1,16.0,34.0,31.0,319.0,0.0,52.0
WX-CYLB,2030-05-08T18:00:00Z,2030-05-08T20:00:00Z,2,18.1,31.0,32.0,320.0,0.0,48.0
WX-CYLB,2030-05-08T18:00:00Z,2030-05-08T21:00:00Z,3,16.8,30.0,33.0,319.0,0.0,45.0
WX-CYLB,2030-05-08T18:00:00Z,2030-05-08T22:00:00Z,4,18.1,25.0,27.0,325.0,0.0,43.0
WX-CYLB,2030-05-08T18:00:00Z,2030-05-08T23:00:00Z,5,16.9,22.0,28.0,331.0,0.0,42.0
WX-CYLB,2030-05-08T18:00:00Z,2030-05-09T00:00:00Z,6,16.1,30.0,23.0,311.0,0.0,41.0
WX-CYLB,2030-05-08T18:00:00Z,2030-05-09T01:00:00Z,7,16.2,33.0,20.0,317.0,0.0,41.0
WX-CYLB,2030-05-08T18:00:00Z,2030-05-09T02:00:00Z,8,13.3,42.0,17.0,317.0,0.0,41.0
WX-CYLB,2030-05-08T18:00:00Z,2030-05-09T03:00:00Z,9,12.0,34.0,12.0,316.0,0.0,41.0
WX-CYLB,2030-05-08T18:00:00Z,2030-05-09T04:00:00Z,10,10.4,46.0,11.0,322.0,0.0,41.0
WX-CYLB,2030-05-08T18:00:00Z,2030-05-09T05:00:00Z,11,8.7,63.0,11.0,324.0,0.0,41.0
WX-CYLB,2030-05-08T18:00:00Z,2030-05-09T06:00:00Z,12,6.8,60.0,7.0,279.0,0.0,41.0
WX-CYLB,2030-05-08T18:00:00Z,2030-05-09T07:00:00Z,13,5.3,67.0,8.0,297.0,0.0,41.0
WX-CYLB,2030-05-08T18:00:00Z,2030-05-09T08:00:00Z,14,5.8,69.0,8.0,293.0,0.0,41.0
WX-CYLB,2030-05-08T18:00:00Z,2030-05-09T09:00:00Z,15,4.2,73.0,7.0,294.0,0.0,41.0
WX-CYLB,2030-05-08T18:00:00Z,2030-05-09T10:00:00Z,16,3.5,69.0,7.0,301.0,0.0,41.0
WX-CYLB,2030-05-08T18:00:00Z,2030-05-09T11:00:00Z,17,4.3,61.0,7.0,298.0,0.1,100.0
WX-CYLB,2030-05-08T18:00:00Z,2030-05-09T12:00:00Z,18,4.6,57.0,7.0,295.0,0.1,100.0
WX-CYLB,2030-05-08T18:00:00Z,2030-05-09T13:00:00Z,19,6.7,74.0,8.0,297.0,0.2,100.0
WX-CYLB,2030-05-08T18:00:00Z,2030-05-09T14:00:00Z,20,8.8,77.0,10.0,288.0,0.3,100.0
WX-CYLB,2030-05-08T18:00:00Z,2030-05-09T15:00:00Z,21,9.6,83.0,12.0,283.0,0.4,100.0
WX-CYLB,2030-05-08T18:00:00Z,2030-05-09T16:00:00Z,22,13.7,86.0,17.0,309.0,0.3,100.0
WX-CYLB,2030-05-08T18:00:00Z,2030-05-09T17:00:00Z,23,14.4,89.0,19.0,291.0,0.2,100.0
WX-CYLB,2030-05-08T18:00:00Z,2030-05-09T18:00:00Z,24,16.3,27.0,22.0,292.0,0.1,100.0
WX-CYLB,2030-05-08T18:00:00Z,2030-05-09T19:00:00Z,25,16.9,30.0,24.0,293.0,0.1,100.0
WX-CYLB,2030-05-08T18:00:00Z,2030-05-09T20:00:00Z,26,18.9,29.0,24.0,293.0,0.0,41.0
WX-CYLB,2030-05-08T18:00:00Z,2030-05-09T21:00:00Z,27,18.2,21.0,23.0,287.0,0.0,41.0
WX-CYLB,2030-05-08T18:00:00Z,2030-05-09T22:00:00Z,28,18.3,28.0,24.0,292.0,0.0,41.0
WX-CYLB,2030-05-08T18:00:00Z,2030-05-09T23:00:00Z,29,18.5,30.0,18.0,294.0,0.0,41.0
WX-CYLB,2030-05-08T18:00:00Z,2030-05-10T00:00:00Z,30,17.7,22.0,18.0,288.0,0.0,41.0
WX-CYLB,2030-05-08T18:00:00Z,2030-05-10T01:00:00Z,31,16.9,27.0,16.0,287.0,0.0,41.0
WX-CYLB,2030-05-08T18:00:00Z,2030-05-10T02:00:00Z,32,14.2,35.0,11.0,293.0,0.0,41.0
WX-CYLB,2030-05-08T18:00:00Z,2030-05-10T03:00:00Z,33,13.2,42.0,7.0,295.0,0.0,41.0
WX-CYLB,2030-05-08T18:00:00Z,2030-05-10T04:00:00Z,34,10.9,37.0,7.0,284.0,0.0,41.0
WX-CYLB,2030-05-08T18:00:00Z,2030-05-10T05:00:00Z,35,10.2,47.0,7.0,301.0,0.0,41.0
WX-CYLB,2030-05-08T18:00:00Z,2030-05-10T06:00:00Z,36,8.1,53.0,6.0,269.0,0.0,41.0
WX-CYLB,2030-05-08T18:00:00Z,2030-05-10T07:00:00Z,37,6.0,60.0,7.0,262.0,0.0,41.0
WX-CYLB,2030-05-08T18:00:00Z,2030-05-10T08:00:00Z,38,4.4,72.0,6.0,266.0,0.0,41.0
WX-CYLB,2030-05-08T18:00:00Z,2030-05-10T09:00:00Z,39,5.8,77.0,5.0,284.0,0.0,41.0
WX-CYLB,2030-05-08T18:00:00Z,2030-05-10T10:00:00Z,40,4.7,70.0,7.0,267.0,0.0,41.0
WX-CYLB,2030-05-08T18:00:00Z,2030-05-10T11:00:00Z,41,5.2,64.0,7.0,288.0,0.0,41.0
WX-CYLB,2030-05-08T18:00:00Z,2030-05-10T12:00:00Z,42,7.3,64.0,6.0,276.0,0.0,41.0
WX-CYLB,2030-05-08T18:00:00Z,2030-05-10T13:00:00Z,43,8.7,50.0,5.0,268.0,0.0,41.0
WX-CYLB,2030-05-08T18:00:00Z,2030-05-10T14:00:00Z,44,10.1,40.0,8.0,261.0,0.0,41.0
WX-CYLB,2030-05-08T18:00:00Z,2030-05-10T15:00:00Z,45,12.1,45.0,10.0,263.0,0.0,41.0
WX-CYLB,2030-05-08T18:00:00Z,2030-05-10T16:00:00Z,46,14.1,45.0,12.0,268.0,0.0,41.0
WX-CYLB,2030-05-08T18:00:00Z,2030-05-10T17:00:00Z,47,16.1,28.0,14.0,263.0,0.0,41.0
WX-CYLB,2030-05-08T18:00:00Z,2030-05-10T18:00:00Z,48,18.2,21.0,15.0,272.0,0.0,41.0
WX-CYLB,2030-05-08T18:00:00Z,2030-05-10T19:00:00Z,49,19.1,26.0,17.0,277.0,0.0,41.0
WX-CYLB,2030-05-08T18:00:00Z,2030-05-10T20:00:00Z,50,20.8,25.0,18.0,262.0,0.0,41.0
WX-CYLB,2030-05-08T18:00:00Z,2030-05-10T21:00:00Z,51,19.0,30.0,14.0,285.0,0.0,41.0
WX-CYLB,2030-05-08T18:00:00Z,2030-05-10T22:00:00Z,52,20.7,21.0,16.0,276.0,0.0,41.0
WX-CYLB,2030-05-08T18:00:00Z,2030-05-10T23:00:00Z,53,19.3,25.0,15.0,277.0,0.0,41.0
WX-CYLB,2030-05-08T18:00:00Z,2030-05-11T00:00:00Z,54,18.9,32.0,14.0,272.0,0.0,41.0
WX-CYLB,2030-05-08T18:00:00Z,2030-05-11T01:00:00Z,55,18.4,29.0,11.0,287.0,0.0,41.0
WX-CYLB,2030-05-08T18:00:00Z,2030-05-11T02:00:00Z,56,15.9,39.0,8.0,252.0,0.0,41.0
WX-CYLB,2030-05-08T18:00:00Z,2030-05-11T03:00:00Z,57,14.0,31.0,6.0,263.0,0.0,41.0
WX-CYLB,2030-05-08T18:00:00Z,2030-05-11T04:00:00Z,58,12.4,32.0,6.0,274.0,0.0,41.0
WX-CYLB,2030-05-08T18:00:00Z,2030-05-11T05:00:00Z,59,11.4,45.0,7.0,272.0,0.0,41.0
WX-CYLB,2030-05-08T18:00:00Z,2030-05-11T06:00:00Z,60,10.0,62.0,6.0,266.0,0.0,41.0
WX-CYLB,2030-05-08T18:00:00Z,2030-05-11T07:00:00Z,61,8.4,67.0,7.0,279.0,0.0,41.0
WX-CYLB,2030-05-08T18:00:00Z,2030-05-11T08:00:00Z,62,4.8,70.0,7.0,271.0,0.0,41.0
WX-CYLB,2030-05-08T18:00:00Z,2030-05-11T09:00:00Z,63,4.3,70.0,6.0,258.0,0.0,41.0
WX-CYLB,2030-05-08T18:00:00Z,2030-05-11T10:00:00Z,64,5.3,63.0,7.0,270.0,0.0,41.0
WX-CYLB,2030-05-08T18:00:00Z,2030-05-11T11:00:00Z,65,6.2,63.0,6.0,259.0,0.0,41.0
WX-CYLB,2030-05-08T18:00:00Z,2030-05-11T12:00:00Z,66,8.0,71.0,6.0,284.0,0.0,41.0
WX-CYLB,2030-05-08T18:00:00Z,2030-05-11T13:00:00Z,67,7.3,53.0,7.0,268.0,0.0,41.0
WX-CYLB,2030-05-08T18:00:00Z,2030-05-11T14:00:00Z,68,10.4,54.0,7.0,283.0,0.0,41.0
WX-CYLB,2030-05-08T18:00:00Z,2030-05-11T15:00:00Z,69,11.2,47.0,9.0,285.0,0.0,41.0
WX-CYLB,2030-05-08T18:00:00Z,2030-05-11T16:00:00Z,70,14.5,29.0,12.0,245.0,0.0,41.0
WX-CYLB,2030-05-08T18:00:00Z,2030-05-11T17:00:00Z,71,16.4,37.0,16.0,278.0,0.0,41.0
WX-CYLB,2030-05-08T18:00:00Z,2030-05-11T18:00:00Z,72,18.1,34.0,16.0,274.0,0.0,41.0
WX-CYOD,2030-05-08T18:00:00Z,2030-05-08T19:00:00Z,1,18.5,30.0,22.0,313.0,0.0,29.0
WX-CYOD,2030-05-08T18:00:00Z,2030-05-08T20:00:00Z,2,18.2,29.0,24.0,319.0,0.0,20.0
WX-CYOD,2030-05-08T18:00:00Z,2030-05-08T21:00:00Z,3,19.3,27.0,23.0,325.0,0.0,12.0
WX-CYOD,2030-05-08T18:00:00Z,2030-05-08T22:00:00Z,4,19.2,24.0,24.0,313.0,0.0,5.0
WX-CYOD,2030-05-08T18:00:00Z,2030-05-08T23:00:00Z,5,19.1,22.0,22.0,317.0,0.0,0.0
WX-CYOD,2030-05-08T18:00:00Z,2030-05-09T00:00:00Z,6,17.3,23.0,22.0,314.0,0.0,0.0
WX-CYOD,2030-05-08T18:00:00Z,2030-05-09T01:00:00Z,7,17.2,35.0,15.0,311.0,0.0,0.0
WX-CYOD,2030-05-08T18:00:00Z,2030-05-09T02:00:00Z,8,15.1,40.0,13.0,316.0,0.0,0.0
WX-CYOD,2030-05-08T18:00:00Z,2030-05-09T03:00:00Z,9,13.1,38.0,9.0,314.0,0.0,0.0
WX-CYOD,2030-05-08T18:00:00Z,2030-05-09T04:00:00Z,10,10.9,45.0,8.0,315.0,0.0,0.0
WX-CYOD,2030-05-08T18:00:00Z,2030-05-09T05:00:00Z,11,9.0,52.0,9.0,319.0,0.0,0.0
WX-CYOD,2030-05-08T18:00:00Z,2030-05-09T06:00:00Z,12,8.7,51.0,6.0,286.0,0.0,0.0
WX-CYOD,2030-05-08T18:00:00Z,2030-05-09T07:00:00Z,13,6.7,59.0,5.0,288.0,0.0,0.0
WX-CYOD,2030-05-08T18:00:00Z,2030-05-09T08:00:00Z,14,6.4,66.0,6.0,290.0,0.0,0.0
WX-CYOD,2030-05-08T18:00:00Z,2030-05-09T09:00:00Z,15,6.1,64.0,7.0,300.0,0.0,0.0
WX-CYOD,2030-05-08T18:00:00Z,2030-05-09T10:00:00Z,16,5.4,69.0,6.0,291.0,0.0,0.0
WX-CYOD,2030-05-08T18:00:00Z,2030-05-09T11:00:00Z,17,5.5,60.0,6.0,288.0,0.0,0.0
WX-CYOD,2030-05-08T18:00:00Z,2030-05-09T12:00:00Z,18,7.1,56.0,6.0,286.0,0.1,51.0
WX-CYOD,2030-05-08T18:00:00Z,2030-05-09T13:00:00Z,19,9.3,51.0,6.0,282.0,0.2,51.0
WX-CYOD,2030-05-08T18:00:00Z,2030-05-09T14:00:00Z,20,10.4,83.0,8.0,286.0,0.2,51.0
WX-CYOD,2030-05-08T18:00:00Z,2030-05-09T15:00:00Z,21,10.9,86.0,9.0,289.0,0.3,51.0
WX-CYOD,2030-05-08T18:00:00Z,2030-05-09T16:00:00Z,22,13.8,83.0,13.0,292.0,0.2,51.0
WX-CYOD,2030-05-08T18:00:00Z,2030-05-09T17:00:00Z,23,16.2,28.0,15.0,282.0,0.2,51.0
WX-CYOD,2030-05-08T18:00:00Z,2030-05-09T18:00:00Z,24,16.9,32.0,16.0,267.0,0.1,51.0
WX-CYOD,2030-05-08T18:00:00Z,2030-05-09T19:00:00Z,25,19.7,29.0,18.0,296.0,0.0,0.0
WX-CYOD,2030-05-08T18:00:00Z,2030-05-09T20:00:00Z,26,19.3,23.0,19.0,287.0,0.0,0.0
WX-CYOD,2030-05-08T18:00:00Z,2030-05-09T21:00:00Z,27,20.1,27.0,17.0,286.0,0.0,0.0
WX-CYOD,2030-05-08T18:00:00Z,2030-05-09T22:00:00Z,28,20.5,28.0,17.0,294.0,0.0,0.0
WX-CYOD,2030-05-08T18:00:00Z,2030-05-09T23:00:00Z,29,18.9,26.0,15.0,299.0,0.0,0.0
WX-CYOD,2030-05-08T18:00:00Z,2030-05-10T00:00:00Z,30,18.2,37.0,13.0,271.0,0.0,0.0
WX-CYOD,2030-05-08T18:00:00Z,2030-05-10T01:00:00Z,31,16.8,28.0,11.0,288.0,0.0,0.0
WX-CYOD,2030-05-08T18:00:00Z,2030-05-10T02:00:00Z,32,15.2,30.0,9.0,280.0,0.0,0.0
WX-CYOD,2030-05-08T18:00:00Z,2030-05-10T03:00:00Z,33,13.2,36.0,6.0,286.0,0.0,0.0
WX-CYOD,2030-05-08T18:00:00Z,2030-05-10T04:00:00Z,34,11.2,38.0,6.0,299.0,0.0,0.0
WX-CYOD,2030-05-08T18:00:00Z,2030-05-10T05:00:00Z,35,9.8,50.0,6.0,298.0,0.0,0.0
WX-CYOD,2030-05-08T18:00:00Z,2030-05-10T06:00:00Z,36,9.4,55.0,5.0,265.0,0.0,0.0
WX-CYOD,2030-05-08T18:00:00Z,2030-05-10T07:00:00Z,37,7.2,59.0,5.0,261.0,0.0,0.0
WX-CYOD,2030-05-08T18:00:00Z,2030-05-10T08:00:00Z,38,8.0,74.0,6.0,264.0,0.0,0.0
WX-CYOD,2030-05-08T18:00:00Z,2030-05-10T09:00:00Z,39,6.5,63.0,5.0,278.0,0.0,0.0
WX-CYOD,2030-05-08T18:00:00Z,2030-05-10T10:00:00Z,40,6.5,64.0,5.0,284.0,0.0,0.0
WX-CYOD,2030-05-08T18:00:00Z,2030-05-10T11:00:00Z,41,6.0,71.0,5.0,257.0,0.0,0.0
WX-CYOD,2030-05-08T18:00:00Z,2030-05-10T12:00:00Z,42,7.2,66.0,5.0,258.0,0.0,0.0
WX-CYOD,2030-05-08T18:00:00Z,2030-05-10T13:00:00Z,43,9.3,49.0,6.0,257.0,0.0,0.0
WX-CYOD,2030-05-08T18:00:00Z,2030-05-10T14:00:00Z,44,11.3,48.0,6.0,274.0,0.0,0.0
WX-CYOD,2030-05-08T18:00:00Z,2030-05-10T15:00:00Z,45,12.7,37.0,8.0,278.0,0.0,0.0
WX-CYOD,2030-05-08T18:00:00Z,2030-05-10T16:00:00Z,46,15.6,35.0,9.0,271.0,0.0,0.0
WX-CYOD,2030-05-08T18:00:00Z,2030-05-10T17:00:00Z,47,18.3,28.0,12.0,270.0,0.0,0.0
WX-CYOD,2030-05-08T18:00:00Z,2030-05-10T18:00:00Z,48,18.5,36.0,12.0,264.0,0.0,0.0
WX-CYOD,2030-05-08T18:00:00Z,2030-05-10T19:00:00Z,49,19.7,24.0,13.0,261.0,0.0,0.0
WX-CYOD,2030-05-08T18:00:00Z,2030-05-10T20:00:00Z,50,21.7,28.0,12.0,263.0,0.0,0.0
WX-CYOD,2030-05-08T18:00:00Z,2030-05-10T21:00:00Z,51,23.5,30.0,13.0,267.0,0.0,0.0
WX-CYOD,2030-05-08T18:00:00Z,2030-05-10T22:00:00Z,52,21.8,23.0,12.0,275.0,0.0,0.0
WX-CYOD,2030-05-08T18:00:00Z,2030-05-10T23:00:00Z,53,21.3,28.0,10.0,263.0,0.0,0.0
WX-CYOD,2030-05-08T18:00:00Z,2030-05-11T00:00:00Z,54,20.9,23.0,11.0,270.0,0.0,0.0
WX-CYOD,2030-05-08T18:00:00Z,2030-05-11T01:00:00Z,55,18.7,35.0,8.0,276.0,0.0,0.0
WX-CYOD,2030-05-08T18:00:00Z,2030-05-11T02:00:00Z,56,19.2,31.0,7.0,251.0,0.0,0.0
WX-CYOD,2030-05-08T18:00:00Z,2030-05-11T03:00:00Z,57,15.0,48.0,5.0,273.0,0.0,0.0
WX-CYOD,2030-05-08T18:00:00Z,2030-05-11T04:00:00Z,58,13.5,46.0,5.0,275.0,0.0,0.0
WX-CYOD,2030-05-08T18:00:00Z,2030-05-11T05:00:00Z,59,10.1,40.0,5.0,275.0,0.0,0.0
WX-CYOD,2030-05-08T18:00:00Z,2030-05-11T06:00:00Z,60,10.8,67.0,4.0,278.0,0.0,0.0
WX-CYOD,2030-05-08T18:00:00Z,2030-05-11T07:00:00Z,61,8.3,62.0,5.0,263.0,0.0,0.0
WX-CYOD,2030-05-08T18:00:00Z,2030-05-11T08:00:00Z,62,7.3,70.0,5.0,257.0,0.0,0.0
WX-CYOD,2030-05-08T18:00:00Z,2030-05-11T09:00:00Z,63,8.7,66.0,5.0,255.0,0.0,0.0
WX-CYOD,2030-05-08T18:00:00Z,2030-05-11T10:00:00Z,64,7.3,71.0,6.0,267.0,0.0,0.0
WX-CYOD,2030-05-08T18:00:00Z,2030-05-11T11:00:00Z,65,6.6,54.0,5.0,285.0,0.0,0.0
WX-CYOD,2030-05-08T18:00:00Z,2030-05-11T12:00:00Z,66,7.8,57.0,5.0,267.0,0.0,0.0
WX-CYOD,2030-05-08T18:00:00Z,2030-05-11T13:00:00Z,67,11.6,62.0,4.0,288.0,0.0,0.0
WX-CYOD,2030-05-08T18:00:00Z,2030-05-11T14:00:00Z,68,10.2,37.0,5.0,256.0,0.0,0.0
WX-CYOD,2030-05-08T18:00:00Z,2030-05-11T15:00:00Z,69,12.9,43.0,7.0,265.0,0.0,0.0
WX-CYOD,2030-05-08T18:00:00Z,2030-05-11T16:00:00Z,70,13.8,31.0,10.0,284.0,0.0,0.0
WX-CYOD,2030-05-08T18:00:00Z,2030-05-11T17:00:00Z,71,17.5,31.0,11.0,270.0,0.0,0.0
WX-CYOD,2030-05-08T18:00:00Z,2030-05-11T18:00:00Z,72,17.5,20.0,12.0,260.0,0.0,0.0
WX-CYPY,2030-05-08T18:00:00Z,2030-05-08T19:00:00Z,1,14.6,29.0,25.0,328.0,0.0,0.0
WX-CYPY,2030-05-08T18:00:00Z,2030-05-08T20:00:00Z,2,16.9,39.0,28.0,333.0,0.0,0.0
WX-CYPY,2030-05-08T18:00:00Z,2030-05-08T21:00:00Z,3,16.3,33.0,28.0,331.0,0.0,0.0
WX-CYPY,2030-05-08T18:00:00Z,2030-05-08T22:00:00Z,4,19.0,27.0,25.0,332.0,0.0,0.0
WX-CYPY,2030-05-08T18:00:00Z,2030-05-08T23:00:00Z,5,15.8,29.0,24.0,333.0,0.0,0.0
WX-CYPY,2030-05-08T18:00:00Z,2030-05-09T00:00:00Z,6,16.4,36.0,21.0,319.0,0.0,0.0
WX-CYPY,2030-05-08T18:00:00Z,2030-05-09T01:00:00Z,7,15.2,40.0,18.0,330.0,0.0,0.0
WX-CYPY,2030-05-08T18:00:00Z,2030-05-09T02:00:00Z,8,12.6,41.0,15.0,333.0,0.0,0.0
WX-CYPY,2030-05-08T18:00:00Z,2030-05-09T03:00:00Z,9,12.4,45.0,10.0,334.0,0.0,0.0
WX-CYPY,2030-05-08T18:00:00Z,2030-05-09T04:00:00Z,10,9.0,59.0,9.0,332.0,0.0,0.0
WX-CYPY,2030-05-08T18:00:00Z,2030-05-09T05:00:00Z,11,7.5,61.0,10.0,333.0,0.0,0.0
WX-CYPY,2030-05-08T18:00:00Z,2030-05-09T06:00:00Z,12,6.4,65.0,7.0,303.0,0.0,0.0
WX-CYPY,2030-05-08T18:00:00Z,2030-05-09T07:00:00Z,13,4.8,75.0,6.0,294.0,0.0,0.0
WX-CYPY,2030-05-08T18:00:00Z,2030-05-09T08:00:00Z,14,4.2,73.0,7.0,302.0,0.0,0.0
WX-CYPY,2030-05-08T18:00:00Z,2030-05-09T09:00:00Z,15,4.6,70.0,6.0,306.0,0.0,0.0
WX-CYPY,2030-05-08T18:00:00Z,2030-05-09T10:00:00Z,16,3.2,75.0,6.0,305.0,0.0,0.0
WX-CYPY,2030-05-08T18:00:00Z,2030-05-09T11:00:00Z,17,4.8,76.0,7.0,305.0,0.0,0.0
WX-CYPY,2030-05-08T18:00:00Z,2030-05-09T12:00:00Z,18,6.2,75.0,7.0,307.0,0.0,0.0
WX-CYPY,2030-05-08T18:00:00Z,2030-05-09T13:00:00Z,19,7.7,66.0,6.0,320.0,0.1,49.0
WX-CYPY,2030-05-08T18:00:00Z,2030-05-09T14:00:00Z,20,8.7,53.0,10.0,305.0,0.1,49.0
WX-CYPY,2030-05-08T18:00:00Z,2030-05-09T15:00:00Z,21,9.7,48.0,12.0,300.0,0.1,49.0
WX-CYPY,2030-05-08T18:00:00Z,2030-05-09T16:00:00Z,22,12.0,41.0,15.0,308.0,0.1,49.0
WX-CYPY,2030-05-08T18:00:00Z,2030-05-09T17:00:00Z,23,14.7,46.0,17.0,308.0,0.1,49.0
WX-CYPY,2030-05-08T18:00:00Z,2030-05-09T18:00:00Z,24,14.8,34.0,21.0,295.0,0.0,0.0
WX-CYPY,2030-05-08T18:00:00Z,2030-05-09T19:00:00Z,25,16.4,25.0,18.0,314.0,0.0,0.0
WX-CYPY,2030-05-08T18:00:00Z,2030-05-09T20:00:00Z,26,16.8,32.0,20.0,299.0,0.0,0.0
WX-CYPY,2030-05-08T18:00:00Z,2030-05-09T21:00:00Z,27,19.0,27.0,19.0,294.0,0.0,0.0
WX-CYPY,2030-05-08T18:00:00Z,2030-05-09T22:00:00Z,28,19.1,32.0,20.0,307.0,0.0,0.0
WX-CYPY,2030-05-08T18:00:00Z,2030-05-09T23:00:00Z,29,18.4,36.0,17.0,301.0,0.0,0.0
WX-CYPY,2030-05-08T18:00:00Z,2030-05-10T00:00:00Z,30,15.7,30.0,16.0,313.0,0.0,0.0
WX-CYPY,2030-05-08T18:00:00Z,2030-05-10T01:00:00Z,31,16.3,31.0,14.0,321.0,0.0,0.0
WX-CYPY,2030-05-08T18:00:00Z,2030-05-10T02:00:00Z,32,14.5,40.0,10.0,319.0,0.0,0.0
WX-CYPY,2030-05-08T18:00:00Z,2030-05-10T03:00:00Z,33,11.5,42.0,7.0,304.0,0.0,0.0
WX-CYPY,2030-05-08T18:00:00Z,2030-05-10T04:00:00Z,34,8.4,50.0,6.0,292.0,0.0,0.0
WX-CYPY,2030-05-08T18:00:00Z,2030-05-10T05:00:00Z,35,7.6,53.0,6.0,289.0,0.0,0.0
WX-CYPY,2030-05-08T18:00:00Z,2030-05-10T06:00:00Z,36,7.0,69.0,6.0,278.0,0.0,0.0
WX-CYPY,2030-05-08T18:00:00Z,2030-05-10T07:00:00Z,37,5.6,69.0,6.0,273.0,0.0,0.0
WX-CYPY,2030-05-08T18:00:00Z,2030-05-10T08:00:00Z,38,5.1,75.0,5.0,290.0,0.0,0.0
WX-CYPY,2030-05-08T18:00:00Z,2030-05-10T09:00:00Z,39,4.6,85.0,5.0,274.0,0.0,0.0
WX-CYPY,2030-05-08T18:00:00Z,2030-05-10T10:00:00Z,40,4.8,85.0,6.0,290.0,0.0,0.0
WX-CYPY,2030-05-08T18:00:00Z,2030-05-10T11:00:00Z,41,6.8,80.0,6.0,284.0,0.0,0.0
WX-CYPY,2030-05-08T18:00:00Z,2030-05-10T12:00:00Z,42,6.5,67.0,6.0,279.0,0.0,0.0
WX-CYPY,2030-05-08T18:00:00Z,2030-05-10T13:00:00Z,43,6.7,75.0,6.0,285.0,0.0,0.0
WX-CYPY,2030-05-08T18:00:00Z,2030-05-10T14:00:00Z,44,10.1,54.0,7.0,290.0,0.0,0.0
WX-CYPY,2030-05-08T18:00:00Z,2030-05-10T15:00:00Z,45,12.5,47.0,9.0,279.0,0.0,0.0
WX-CYPY,2030-05-08T18:00:00Z,2030-05-10T16:00:00Z,46,14.9,47.0,13.0,283.0,0.0,0.0
WX-CYPY,2030-05-08T18:00:00Z,2030-05-10T17:00:00Z,47,16.1,43.0,13.0,281.0,0.0,0.0
WX-CYPY,2030-05-08T18:00:00Z,2030-05-10T18:00:00Z,48,17.4,26.0,13.0,289.0,0.0,0.0
WX-CYPY,2030-05-08T18:00:00Z,2030-05-10T19:00:00Z,49,19.1,31.0,15.0,268.0,0.0,0.0
WX-CYPY,2030-05-08T18:00:00Z,2030-05-10T20:00:00Z,50,18.3,20.0,15.0,279.0,0.0,0.0
WX-CYPY,2030-05-08T18:00:00Z,2030-05-10T21:00:00Z,51,20.9,29.0,15.0,299.0,0.0,0.0
WX-CYPY,2030-05-08T18:00:00Z,2030-05-10T22:00:00Z,52,21.6,40.0,12.0,293.0,0.0,0.0
WX-CYPY,2030-05-08T18:00:00Z,2030-05-10T23:00:00Z,53,17.7,27.0,13.0,278.0,0.0,0.0
WX-CYPY,2030-05-08T18:00:00Z,2030-05-11T00:00:00Z,54,18.3,28.0,11.0,276.0,0.0,0.0
WX-CYPY,2030-05-08T18:00:00Z,2030-05-11T01:00:00Z,55,17.1,24.0,10.0,279.0,0.0,0.0
WX-CYPY,2030-05-08T18:00:00Z,2030-05-11T02:00:00Z,56,16.5,37.0,7.0,298.0,0.0,0.0
WX-CYPY,2030-05-08T18:00:00Z,2030-05-11T03:00:00Z,57,12.8,41.0,6.0,283.0,0.0,0.0
WX-CYPY,2030-05-08T18:00:00Z,2030-05-11T04:00:00Z,58,11.2,54.0,6.0,285.0,0.0,0.0
WX-CYPY,2030-05-08T18:00:00Z,2030-05-11T05:00:00Z,59,9.0,58.0,6.0,268.0,0.0,0.0
WX-CYPY,2030-05-08T18:00:00Z,2030-05-11T06:00:00Z,60,9.8,68.0,6.0,280.0,0.0,0.0
WX-CYPY,2030-05-08T18:00:00Z,2030-05-11T07:00:00Z,61,6.8,75.0,6.0,264.0,0.0,0.0
WX-CYPY,2030-05-08T18:00:00Z,2030-05-11T08:00:00Z,62,3.7,67.0,6.0,275.0,0.0,0.0
WX-CYPY,2030-05-08T18:00:00Z,2030-05-11T09:00:00Z,63,5.0,76.0,6.0,275.0,0.0,0.0
WX-CYPY,2030-05-08T18:00:00Z,2030-05-11T10:00:00Z,64,5.3,79.0,5.0,278.0,0.0,0.0
WX-CYPY,2030-05-08T18:00:00Z,2030-05-11T11:00:00Z,65,5.0,76.0,6.0,300.0,0.0,0.0
WX-CYPY,2030-05-08T18:00:00Z,2030-05-11T12:00:00Z,66,3.9,68.0,7.0,270.0,0.0,0.0
WX-CYPY,2030-05-08T18:00:00Z,2030-05-11T13:00:00Z,67,6.6,58.0,5.0,296.0,0.0,0.0
WX-CYPY,2030-05-08T18:00:00Z,2030-05-11T14:00:00Z,68,8.0,43.0,7.0,284.0,0.0,0.0
WX-CYPY,2030-05-08T18:00:00Z,2030-05-11T15:00:00Z,69,12.3,46.0,9.0,276.0,0.0,0.0
WX-CYPY,2030-05-08T18:00:00Z,2030-05-11T16:00:00Z,70,14.3,41.0,10.0,284.0,0.0,0.0
WX-CYPY,2030-05-08T18:00:00Z,2030-05-11T17:00:00Z,71,15.8,36.0,12.0,282.0,0.0,0.0
WX-CYPY,2030-05-08T18:00:00Z,2030-05-11T18:00:00Z,72,17.6,31.0,16.0,276.0,0.0,0.0
WX-CYEG,2030-05-08T18:00:00Z,2030-05-08T19:00:00Z,1,15.3,36.0,27.0,315.0,0.0,29.0
WX-CYEG,2030-05-08T18:00:00Z,2030-05-08T20:00:00Z,2,15.9,38.0,29.0,317.0,0.0,23.0
WX-CYEG,2030-05-08T18:00:00Z,2030-05-08T21:00:00Z,3,16.8,32.0,27.0,321.0,0.0,19.0
WX-CYEG,2030-05-08T18:00:00Z,2030-05-08T22:00:00Z,4,17.6,41.0,25.0,317.0,0.0,16.0
WX-CYEG,2030-05-08T18:00:00Z,2030-05-08T23:00:00Z,5,16.1,30.0,26.0,315.0,0.0,14.0
WX-CYEG,2030-05-08T18:00:00Z,2030-05-09T00:00:00Z,6,14.8,36.0,22.0,317.0,0.0,13.0
WX-CYEG,2030-05-08T18:00:00Z,2030-05-09T01:00:00Z,7,14.5,37.0,20.0,322.0,0.0,13.0
WX-CYEG,2030-05-08T18:00:00Z,2030-05-09T02:00:00Z,8,12.4,46.0,15.0,313.0,0.0,12.0
WX-CYEG,2030-05-08T18:00:00Z,2030-05-09T03:00:00Z,9,10.3,56.0,9.0,313.0,0.0,12.0
WX-CYEG,2030-05-08T18:00:00Z,2030-05-09T04:00:00Z,10,7.7,59.0,10.0,312.0,0.0,12.0
WX-CYEG,2030-05-08T18:00:00Z,2030-05-09T05:00:00Z,11,8.4,69.0,11.0,315.0,0.0,12.0
WX-CYEG,2030-05-08T18:00:00Z,2030-05-09T06:00:00Z,12,5.5,71.0,7.0,296.0,0.0,12.0
WX-CYEG,2030-05-08T18:00:00Z,2030-05-09T07:00:00Z,13,4.9,80.0,7.0,294.0,0.0,12.0
WX-CYEG,2030-05-08T18:00:00Z,2030-05-09T08:00:00Z,14,3.7,80.0,7.0,281.0,0.0,12.0
WX-CYEG,2030-05-08T18:00:00Z,2030-05-09T09:00:00Z,15,2.4,79.0,7.0,297.0,0.0,12.0
WX-CYEG,2030-05-08T18:00:00Z,2030-05-09T10:00:00Z,16,2.3,93.0,7.0,292.0,0.0,12.0
WX-CYEG,2030-05-08T18:00:00Z,2030-05-09T11:00:00Z,17,3.8,78.0,7.0,300.0,0.0,12.0
WX-CYEG,2030-05-08T18:00:00Z,2030-05-09T12:00:00Z,18,3.8,78.0,7.0,292.0,0.0,12.0
WX-CYEG,2030-05-08T18:00:00Z,2030-05-09T13:00:00Z,19,6.0,72.0,7.0,304.0,0.0,12.0
WX-CYEG,2030-05-08T18:00:00Z,2030-05-09T14:00:00Z,20,7.3,60.0,9.0,290.0,0.0,12.0
WX-CYEG,2030-05-08T18:00:00Z,2030-05-09T15:00:00Z,21,9.0,58.0,13.0,297.0,0.0,12.0
WX-CYEG,2030-05-08T18:00:00Z,2030-05-09T16:00:00Z,22,10.4,52.0,14.0,293.0,0.0,12.0
WX-CYEG,2030-05-08T18:00:00Z,2030-05-09T17:00:00Z,23,13.1,40.0,19.0,285.0,0.0,12.0
WX-CYEG,2030-05-08T18:00:00Z,2030-05-09T18:00:00Z,24,15.1,32.0,21.0,301.0,0.0,12.0
WX-CYEG,2030-05-08T18:00:00Z,2030-05-09T19:00:00Z,25,14.8,30.0,21.0,301.0,0.0,12.0
WX-CYEG,2030-05-08T18:00:00Z,2030-05-09T20:00:00Z,26,17.2,33.0,21.0,297.0,0.0,12.0
WX-CYEG,2030-05-08T18:00:00Z,2030-05-09T21:00:00Z,27,18.8,27.0,19.0,292.0,0.0,12.0
WX-CYEG,2030-05-08T18:00:00Z,2030-05-09T22:00:00Z,28,19.1,36.0,23.0,298.0,0.0,12.0
WX-CYEG,2030-05-08T18:00:00Z,2030-05-09T23:00:00Z,29,16.2,35.0,15.0,295.0,0.0,12.0
WX-CYEG,2030-05-08T18:00:00Z,2030-05-10T00:00:00Z,30,16.4,32.0,16.0,290.0,0.0,12.0
WX-CYEG,2030-05-08T18:00:00Z,2030-05-10T01:00:00Z,31,14.5,36.0,13.0,295.0,0.0,12.0
WX-CYEG,2030-05-08T18:00:00Z,2030-05-10T02:00:00Z,32,13.1,37.0,10.0,289.0,0.0,12.0
WX-CYEG,2030-05-08T18:00:00Z,2030-05-10T03:00:00Z,33,11.4,53.0,7.0,286.0,0.0,12.0
WX-CYEG,2030-05-08T18:00:00Z,2030-05-10T04:00:00Z,34,9.7,55.0,7.0,284.0,0.0,12.0
WX-CYEG,2030-05-08T18:00:00Z,2030-05-10T05:00:00Z,35,7.0,62.0,7.0,289.0,0.0,12.0
WX-CYEG,2030-05-08T18:00:00Z,2030-05-10T06:00:00Z,36,7.9,75.0,6.0,271.0,0.0,12.0
WX-CYEG,2030-05-08T18:00:00Z,2030-05-10T07:00:00Z,37,5.2,81.0,6.0,274.0,0.0,12.0
WX-CYEG,2030-05-08T18:00:00Z,2030-05-10T08:00:00Z,38,4.7,83.0,6.0,274.0,0.0,12.0
WX-CYEG,2030-05-08T18:00:00Z,2030-05-10T09:00:00Z,39,4.3,87.0,6.0,266.0,0.0,12.0
WX-CYEG,2030-05-08T18:00:00Z,2030-05-10T10:00:00Z,40,3.5,92.0,6.0,284.0,0.0,12.0
WX-CYEG,2030-05-08T18:00:00Z,2030-05-10T11:00:00Z,41,4.6,91.0,6.0,274.0,0.0,12.0
WX-CYEG,2030-05-08T18:00:00Z,2030-05-10T12:00:00Z,42,5.0,79.0,5.0,272.0,0.0,12.0
WX-CYEG,2030-05-08T18:00:00Z,2030-05-10T13:00:00Z,43,5.9,71.0,6.0,271.0,0.0,12.0
WX-CYEG,2030-05-08T18:00:00Z,2030-05-10T14:00:00Z,44,9.2,55.0,7.0,284.0,0.0,12.0
WX-CYEG,2030-05-08T18:00:00Z,2030-05-10T15:00:00Z,45,11.6,56.0,10.0,272.0,0.0,12.0
WX-CYEG,2030-05-08T18:00:00Z,2030-05-10T16:00:00Z,46,12.0,54.0,13.0,263.0,0.0,12.0
WX-CYEG,2030-05-08T18:00:00Z,2030-05-10T17:00:00Z,47,14.3,46.0,13.0,266.0,0.0,12.0
WX-CYEG,2030-05-08T18:00:00Z,2030-05-10T18:00:00Z,48,16.2,48.0,14.0,278.0,0.0,12.0
WX-CYEG,2030-05-08T18:00:00Z,2030-05-10T19:00:00Z,49,18.7,34.0,16.0,272.0,0.0,12.0
WX-CYEG,2030-05-08T18:00:00Z,2030-05-10T20:00:00Z,50,18.6,34.0,15.0,273.0,0.0,12.0
WX-CYEG,2030-05-08T18:00:00Z,2030-05-10T21:00:00Z,51,19.9,41.0,15.0,280.0,0.0,12.0
WX-CYEG,2030-05-08T18:00:00Z,2030-05-10T22:00:00Z,52,18.7,34.0,17.0,272.0,0.0,12.0
WX-CYEG,2030-05-08T18:00:00Z,2030-05-10T23:00:00Z,53,21.0,32.0,14.0,244.0,0.0,12.0
WX-CYEG,2030-05-08T18:00:00Z,2030-05-11T00:00:00Z,54,17.8,28.0,12.0,266.0,0.0,12.0
WX-CYEG,2030-05-08T18:00:00Z,2030-05-11T01:00:00Z,55,16.4,34.0,12.0,258.0,0.0,12.0
WX-CYEG,2030-05-08T18:00:00Z,2030-05-11T02:00:00Z,56,15.5,37.0,9.0,273.0,0.0,12.0
WX-CYEG,2030-05-08T18:00:00Z,2030-05-11T03:00:00Z,57,13.3,48.0,6.0,260.0,0.0,12.0
WX-CYEG,2030-05-08T18:00:00Z,2030-05-11T04:00:00Z,58,9.9,59.0,7.0,287.0,0.0,12.0
WX-CYEG,2030-05-08T18:00:00Z,2030-05-11T05:00:00Z,59,8.8,68.0,5.0,277.0,0.0,12.0
WX-CYEG,2030-05-08T18:00:00Z,2030-05-11T06:00:00Z,60,7.8,59.0,6.0,269.0,0.0,12.0
WX-CYEG,2030-05-08T18:00:00Z,2030-05-11T07:00:00Z,61,5.6,84.0,5.0,266.0,0.0,12.0
WX-CYEG,2030-05-08T18:00:00Z,2030-05-11T08:00:00Z,62,3.4,78.0,7.0,283.0,0.0,12.0
WX-CYEG,2030-05-08T18:00:00Z,2030-05-11T09:00:00Z,63,5.3,96.0,7.0,260.0,0.0,12.0
WX-CYEG,2030-05-08T18:00:00Z,2030-05-11T10:00:00Z,64,3.9,91.0,6.0,261.0,0.0,12.0
WX-CYEG,2030-05-08T18:00:00Z,2030-05-11T11:00:00Z,65,4.5,89.0,6.0,278.0,0.0,12.0
WX-CYEG,2030-05-08T18:00:00Z,2030-05-11T12:00:00Z,66,3.9,72.0,5.0,263.0,0.0,12.0
WX-CYEG,2030-05-08T18:00:00Z,2030-05-11T13:00:00Z,67,7.8,76.0,7.0,280.0,0.0,12.0
WX-CYEG,2030-05-08T18:00:00Z,2030-05-11T14:00:00Z,68,7.7,61.0,7.0,272.0,0.0,12.0
WX-CYEG,2030-05-08T18:00:00Z,2030-05-11T15:00:00Z,69,10.7,62.0,7.0,267.0,0.0,12.0
WX-CYEG,2030-05-08T18:00:00Z,2030-05-11T16:00:00Z,70,12.7,48.0,11.0,258.0,0.0,12.0
WX-CYEG,2030-05-08T18:00:00Z,2030-05-11T17:00:00Z,71,16.2,49.0,13.0,281.0,0.0,12.0
WX-CYEG,2030-05-08T18:00:00Z,2030-05-11T18:00:00Z,72,17.8,35.0,16.0,255.0,0.0,12.0
WX-CYWM,2030-05-08T18:00:00Z,2030-05-08T19:00:00Z,1,17.1,42.0,22.0,303.0,0.0,34.0
WX-CYWM,2030-05-08T18:00:00Z,2030-05-08T20:00:00Z,2,17.9,36.0,23.0,324.0,0.0,31.0
WX-CYWM,2030-05-08T18:00:00Z,2030-05-08T21:00:00Z,3,18.7,39.0,22.0,304.0,0.0,30.0
WX-CYWM,2030-05-08T18:00:00Z,2030-05-08T22:00:00Z,4,17.5,38.0,23.0,300.0,0.0,29.0
WX-CYWM,2030-05-08T18:00:00Z,2030-05-08T23:00:00Z,5,17.9,37.0,20.0,302.0,0.0,29.0
WX-CYWM,2030-05-08T18:00:00Z,2030-05-09T00:00:00Z,6,16.4,37.0,18.0,313.0,0.0,29.0
WX-CYWM,2030-05-08T18:00:00Z,2030-05-09T01:00:00Z,7,15.4,46.0,16.0,302.0,0.0,29.0
WX-CYWM,2030-05-08T18:00:00Z,2030-05-09T02:00:00Z,8,14.8,46.0,11.0,317.0,0.0,29.0
WX-CYWM,2030-05-08T18:00:00Z,2030-05-09T03:00:00Z,9,11.8,56.0,8.0,322.0,0.0,29.0
WX-CYWM,2030-05-08T18:00:00Z,2030-05-09T04:00:00Z,10,10.8,60.0,8.0,314.0,0.0,29.0
WX-CYWM,2030-05-08T18:00:00Z,2030-05-09T05:00:00Z,11,8.2,72.0,8.0,316.0,0.0,29.0
WX-CYWM,2030-05-08T18:00:00Z,2030-05-09T06:00:00Z,12,7.0,73.0,6.0,272.0,0.0,29.0
WX-CYWM,2030-05-08T18:00:00Z,2030-05-09T07:00:00Z,13,6.4,83.0,6.0,288.0,0.0,29.0
WX-CYWM,2030-05-08T18:00:00Z,2030-05-09T08:00:00Z,14,4.1,87.0,5.0,294.0,0.0,29.0
WX-CYWM,2030-05-08T18:00:00Z,2030-05-09T09:00:00Z,15,4.1,91.0,6.0,277.0,0.0,29.0
WX-CYWM,2030-05-08T18:00:00Z,2030-05-09T10:00:00Z,16,4.4,87.0,6.0,295.0,0.0,29.0
WX-CYWM,2030-05-08T18:00:00Z,2030-05-09T11:00:00Z,17,4.8,87.0,6.0,278.0,0.0,29.0
WX-CYWM,2030-05-08T18:00:00Z,2030-05-09T12:00:00Z,18,5.6,86.0,5.0,292.0,0.1,89.0
WX-CYWM,2030-05-08T18:00:00Z,2030-05-09T13:00:00Z,19,7.4,70.0,6.0,287.0,0.1,89.0
WX-CYWM,2030-05-08T18:00:00Z,2030-05-09T14:00:00Z,20,9.1,67.0,7.0,281.0,0.2,89.0
WX-CYWM,2030-05-08T18:00:00Z,2030-05-09T15:00:00Z,21,11.4,85.0,10.0,283.0,0.2,89.0
WX-CYWM,2030-05-08T18:00:00Z,2030-05-09T16:00:00Z,22,12.8,47.0,13.0,270.0,0.2,89.0
WX-CYWM,2030-05-08T18:00:00Z,2030-05-09T17:00:00Z,23,15.0,42.0,12.0,281.0,0.1,89.0
WX-CYWM,2030-05-08T18:00:00Z,2030-05-09T18:00:00Z,24,15.9,42.0,15.0,288.0,0.1,89.0
WX-CYWM,2030-05-08T18:00:00Z,2030-05-09T19:00:00Z,25,17.0,40.0,17.0,297.0,0.0,29.0
WX-CYWM,2030-05-08T18:00:00Z,2030-05-09T20:00:00Z,26,19.3,37.0,19.0,290.0,0.0,29.0
WX-CYWM,2030-05-08T18:00:00Z,2030-05-09T21:00:00Z,27,19.6,32.0,16.0,283.0,0.0,29.0
WX-CYWM,2030-05-08T18:00:00Z,2030-05-09T22:00:00Z,28,17.6,35.0,15.0,287.0,0.0,29.0
WX-CYWM,2030-05-08T18:00:00Z,2030-05-09T23:00:00Z,29,19.0,28.0,16.0,283.0,0.0,29.0
WX-CYWM,2030-05-08T18:00:00Z,2030-05-10T00:00:00Z,30,19.1,39.0,13.0,293.0,0.0,29.0
WX-CYWM,2030-05-08T18:00:00Z,2030-05-10T01:00:00Z,31,16.1,36.0,11.0,286.0,0.0,29.0
WX-CYWM,2030-05-08T18:00:00Z,2030-05-10T02:00:00Z,32,15.6,36.0,9.0,284.0,0.0,29.0
WX-CYWM,2030-05-08T18:00:00Z,2030-05-10T03:00:00Z,33,13.1,44.0,5.0,271.0,0.0,29.0
WX-CYWM,2030-05-08T18:00:00Z,2030-05-10T04:00:00Z,34,10.1,55.0,5.0,271.0,0.0,29.0
WX-CYWM,2030-05-08T18:00:00Z,2030-05-10T05:00:00Z,35,8.1,59.0,5.0,278.0,0.0,29.0
WX-CYWM,2030-05-08T18:00:00Z,2030-05-10T06:00:00Z,36,9.1,76.0,5.0,271.0,0.0,29.0
WX-CYWM,2030-05-08T18:00:00Z,2030-05-10T07:00:00Z,37,6.7,76.0,5.0,262.0,0.0,29.0
WX-CYWM,2030-05-08T18:00:00Z,2030-05-10T08:00:00Z,38,8.0,79.0,4.0,255.0,0.0,29.0
WX-CYWM,2030-05-08T18:00:00Z,2030-05-10T09:00:00Z,39,4.6,89.0,5.0,266.0,0.0,29.0
WX-CYWM,2030-05-08T18:00:00Z,2030-05-10T10:00:00Z,40,5.6,81.0,4.0,269.0,0.0,29.0
WX-CYWM,2030-05-08T18:00:00Z,2030-05-10T11:00:00Z,41,6.9,81.0,5.0,249.0,0.0,29.0
WX-CYWM,2030-05-08T18:00:00Z,2030-05-10T12:00:00Z,42,8.0,82.0,4.0,265.0,0.0,29.0
WX-CYWM,2030-05-08T18:00:00Z,2030-05-10T13:00:00Z,43,7.3,77.0,4.0,265.0,0.0,29.0
WX-CYWM,2030-05-08T18:00:00Z,2030-05-10T14:00:00Z,44,11.3,61.0,6.0,273.0,0.0,29.0
WX-CYWM,2030-05-08T18:00:00Z,2030-05-10T15:00:00Z,45,11.7,54.0,8.0,252.0,0.0,29.0
WX-CYWM,2030-05-08T18:00:00Z,2030-05-10T16:00:00Z,46,14.4,47.0,9.0,275.0,0.0,29.0
WX-CYWM,2030-05-08T18:00:00Z,2030-05-10T17:00:00Z,47,16.3,43.0,12.0,261.0,0.0,29.0
WX-CYWM,2030-05-08T18:00:00Z,2030-05-10T18:00:00Z,48,19.5,39.0,11.0,261.0,0.0,29.0
WX-CYWM,2030-05-08T18:00:00Z,2030-05-10T19:00:00Z,49,19.4,35.0,13.0,255.0,0.0,29.0
WX-CYWM,2030-05-08T18:00:00Z,2030-05-10T20:00:00Z,50,21.7,30.0,13.0,254.0,0.0,29.0
WX-CYWM,2030-05-08T18:00:00Z,2030-05-10T21:00:00Z,51,20.5,46.0,11.0,265.0,0.0,29.0
WX-CYWM,2030-05-08T18:00:00Z,2030-05-10T22:00:00Z,52,21.8,25.0,13.0,266.0,0.0,29.0
WX-CYWM,2030-05-08T18:00:00Z,2030-05-10T23:00:00Z,53,19.7,18.0,10.0,262.0,0.0,29.0
WX-CYWM,2030-05-08T18:00:00Z,2030-05-11T00:00:00Z,54,18.8,37.0,8.0,253.0,0.0,29.0
WX-CYWM,2030-05-08T18:00:00Z,2030-05-11T01:00:00Z,55,17.4,48.0,9.0,255.0,0.0,29.0
WX-CYWM,2030-05-08T18:00:00Z,2030-05-11T02:00:00Z,56,15.7,43.0,5.0,291.0,0.0,29.0
WX-CYWM,2030-05-08T18:00:00Z,2030-05-11T03:00:00Z,57,15.0,52.0,5.0,265.0,0.0,29.0
WX-CYWM,2030-05-08T18:00:00Z,2030-05-11T04:00:00Z,58,12.2,62.0,5.0,272.0,0.0,29.0
WX-CYWM,2030-05-08T18:00:00Z,2030-05-11T05:00:00Z,59,12.2,68.0,4.0,258.0,0.0,29.0
WX-CYWM,2030-05-08T18:00:00Z,2030-05-11T06:00:00Z,60,6.6,75.0,5.0,260.0,0.0,29.0
WX-CYWM,2030-05-08T18:00:00Z,2030-05-11T07:00:00Z,61,8.5,85.0,5.0,252.0,0.0,29.0
WX-CYWM,2030-05-08T18:00:00Z,2030-05-11T08:00:00Z,62,6.1,80.0,4.0,278.0,0.0,29.0
WX-CYWM,2030-05-08T18:00:00Z,2030-05-11T09:00:00Z,63,5.0,88.0,4.0,271.0,0.0,29.0
WX-CYWM,2030-05-08T18:00:00Z,2030-05-11T10:00:00Z,64,4.6,90.0,5.0,258.0,0.0,29.0
WX-CYWM,2030-05-08T18:00:00Z,2030-05-11T11:00:00Z,65,5.1,84.0,5.0,259.0,0.0,29.0
WX-CYWM,2030-05-08T18:00:00Z,2030-05-11T12:00:00Z,66,7.4,87.0,4.0,265.0,0.0,29.0
WX-CYWM,2030-05-08T18:00:00Z,2030-05-11T13:00:00Z,67,9.3,79.0,4.0,261.0,0.0,29.0
WX-CYWM,2030-05-08T18:00:00Z,2030-05-11T14:00:00Z,68,10.3,65.0,5.0,267.0,0.0,29.0
WX-CYWM,2030-05-08T18:00:00Z,2030-05-11T15:00:00Z,69,11.4,50.0,7.0,239.0,0.0,29.0
WX-CYWM,2030-05-08T18:00:00Z,2030-05-11T16:00:00Z,70,14.3,48.0,9.0,270.0,0.0,29.0
WX-CYWM,2030-05-08T18:00:00Z,2030-05-11T17:00:00Z,71,15.1,49.0,11.0,280.0,0.0,29.0
WX-CYWM,2030-05-08T18:00:00Z,2030-05-11T18:00:00Z,72,17.9,39.0,10.0,265.0,0.0,29.0
WX-CEE5,2030-05-08T18:00:00Z,2030-05-08T19:00:00Z,1,15.5,32.0,25.0,306.0,0.0,24.0
WX-CEE5,2030-05-08T18:00:00Z,2030-05-08T20:00:00Z,2,16.4,35.0,25.0,315.0,0.0,23.0
WX-CEE5,2030-05-08T18:00:00Z,2030-05-08T21:00:00Z,3,17.5,33.0,23.0,320.0,0.0,23.0
WX-CEE5,2030-05-08T18:00:00Z,2030-05-08T22:00:00Z,4,17.6,30.0,25.0,320.0,0.0,23.0
WX-CEE5,2030-05-08T18:00:00Z,2030-05-08T23:00:00Z,5,18.1,29.0,21.0,312.0,0.0,23.0
WX-CEE5,2030-05-08T18:00:00Z,2030-05-09T00:00:00Z,6,15.3,36.0,20.0,323.0,0.0,23.0
WX-CEE5,2030-05-08T18:00:00Z,2030-05-09T01:00:00Z,7,14.6,40.0,16.0,323.0,0.0,23.0
WX-CEE5,2030-05-08T18:00:00Z,2030-05-09T02:00:00Z,8,12.6,49.0,12.0,318.0,0.0,23.0
WX-CEE5,2030-05-08T18:00:00Z,2030-05-09T03:00:00Z,9,10.7,45.0,7.0,320.0,0.0,23.0
WX-CEE5,2030-05-08T18:00:00Z,2030-05-09T04:00:00Z,10,10.0,55.0,8.0,316.0,0.0,23.0
WX-CEE5,2030-05-08T18:00:00Z,2030-05-09T05:00:00Z,11,7.8,65.0,8.0,322.0,0.0,23.0
WX-CEE5,2030-05-08T18:00:00Z,2030-05-09T06:00:00Z,12,5.8,58.0,5.0,291.0,0.0,23.0
WX-CEE5,2030-05-08T18:00:00Z,2030-05-09T07:00:00Z,13,4.0,72.0,5.0,286.0,0.0,23.0
WX-CEE5,2030-05-08T18:00:00Z,2030-05-09T08:00:00Z,14,3.8,73.0,5.0,294.0,0.0,23.0
WX-CEE5,2030-05-08T18:00:00Z,2030-05-09T09:00:00Z,15,3.8,87.0,5.0,284.0,0.0,23.0
WX-CEE5,2030-05-08T18:00:00Z,2030-05-09T10:00:00Z,16,3.4,81.0,6.0,291.0,0.0,23.0
WX-CEE5,2030-05-08T18:00:00Z,2030-05-09T11:00:00Z,17,3.4,79.0,6.0,288.0,0.0,23.0
WX-CEE5,2030-05-08T18:00:00Z,2030-05-09T12:00:00Z,18,5.0,69.0,5.0,284.0,0.0,23.0
WX-CEE5,2030-05-08T18:00:00Z,2030-05-09T13:00:00Z,19,5.6,66.0,6.0,293.0,0.0,23.0
WX-CEE5,2030-05-08T18:00:00Z,2030-05-09T14:00:00Z,20,7.0,59.0,7.0,291.0,0.1,83.0
WX-CEE5,2030-05-08T18:00:00Z,2030-05-09T15:00:00Z,21,9.8,46.0,10.0,281.0,0.1,83.0
WX-CEE5,2030-05-08T18:00:00Z,2030-05-09T16:00:00Z,22,12.7,48.0,15.0,291.0,0.1,83.0
WX-CEE5,2030-05-08T18:00:00Z,2030-05-09T17:00:00Z,23,14.1,42.0,15.0,293.0,0.0,23.0
WX-CEE5,2030-05-08T18:00:00Z,2030-05-09T18:00:00Z,24,15.6,23.0,17.0,300.0,0.0,23.0
WX-CEE5,2030-05-08T18:00:00Z,2030-05-09T19:00:00Z,25,16.3,29.0,18.0,295.0,0.0,23.0
WX-CEE5,2030-05-08T18:00:00Z,2030-05-09T20:00:00Z,26,17.0,30.0,19.0,284.0,0.0,23.0
WX-CEE5,2030-05-08T18:00:00Z,2030-05-09T21:00:00Z,27,17.7,28.0,18.0,303.0,0.0,23.0
WX-CEE5,2030-05-08T18:00:00Z,2030-05-09T22:00:00Z,28,18.5,26.0,15.0,290.0,0.0,23.0
WX-CEE5,2030-05-08T18:00:00Z,2030-05-09T23:00:00Z,29,18.3,30.0,15.0,297.0,0.0,23.0
WX-CEE5,2030-05-08T18:00:00Z,2030-05-10T00:00:00Z,30,16.7,32.0,14.0,291.0,0.0,23.0
WX-CEE5,2030-05-08T18:00:00Z,2030-05-10T01:00:00Z,31,15.2,37.0,12.0,286.0,0.0,23.0
WX-CEE5,2030-05-08T18:00:00Z,2030-05-10T02:00:00Z,32,12.8,49.0,9.0,297.0,0.0,23.0
WX-CEE5,2030-05-08T18:00:00Z,2030-05-10T03:00:00Z,33,10.9,51.0,5.0,296.0,0.0,23.0
WX-CEE5,2030-05-08T18:00:00Z,2030-05-10T04:00:00Z,34,9.7,54.0,6.0,285.0,0.0,23.0
WX-CEE5,2030-05-08T18:00:00Z,2030-05-10T05:00:00Z,35,7.7,60.0,6.0,288.0,0.0,23.0
WX-CEE5,2030-05-08T18:00:00Z,2030-05-10T06:00:00Z,36,8.1,69.0,5.0,286.0,0.0,23.0
WX-CEE5,2030-05-08T18:00:00Z,2030-05-10T07:00:00Z,37,4.9,71.0,6.0,268.0,0.0,23.0
WX-CEE5,2030-05-08T18:00:00Z,2030-05-10T08:00:00Z,38,4.9,85.0,5.0,266.0,0.0,23.0
WX-CEE5,2030-05-08T18:00:00Z,2030-05-10T09:00:00Z,39,5.1,77.0,5.0,269.0,0.0,23.0
WX-CEE5,2030-05-08T18:00:00Z,2030-05-10T10:00:00Z,40,2.1,81.0,5.0,260.0,0.0,23.0
WX-CEE5,2030-05-08T18:00:00Z,2030-05-10T11:00:00Z,41,4.1,74.0,4.0,276.0,0.0,23.0
WX-CEE5,2030-05-08T18:00:00Z,2030-05-10T12:00:00Z,42,5.6,68.0,5.0,279.0,0.0,23.0
WX-CEE5,2030-05-08T18:00:00Z,2030-05-10T13:00:00Z,43,8.8,69.0,5.0,280.0,0.0,23.0
WX-CEE5,2030-05-08T18:00:00Z,2030-05-10T14:00:00Z,44,10.6,55.0,5.0,268.0,0.0,23.0
WX-CEE5,2030-05-08T18:00:00Z,2030-05-10T15:00:00Z,45,11.6,47.0,9.0,271.0,0.0,23.0
WX-CEE5,2030-05-08T18:00:00Z,2030-05-10T16:00:00Z,46,13.2,35.0,9.0,273.0,0.0,23.0
WX-CEE5,2030-05-08T18:00:00Z,2030-05-10T17:00:00Z,47,15.1,33.0,10.0,281.0,0.0,23.0
WX-CEE5,2030-05-08T18:00:00Z,2030-05-10T18:00:00Z,48,17.4,31.0,13.0,283.0,0.0,23.0
WX-CEE5,2030-05-08T18:00:00Z,2030-05-10T19:00:00Z,49,19.1,34.0,11.0,267.0,0.0,23.0
WX-CEE5,2030-05-08T18:00:00Z,2030-05-10T20:00:00Z,50,19.5,25.0,12.0,277.0,0.0,23.0
WX-CEE5,2030-05-08T18:00:00Z,2030-05-10T21:00:00Z,51,18.7,34.0,12.0,277.0,0.0,23.0
WX-CEE5,2030-05-08T18:00:00Z,2030-05-10T22:00:00Z,52,19.3,25.0,12.0,272.0,0.0,23.0
WX-CEE5,2030-05-08T18:00:00Z,2030-05-10T23:00:00Z,53,20.8,24.0,11.0,254.0,0.0,23.0
WX-CEE5,2030-05-08T18:00:00Z,2030-05-11T00:00:00Z,54,18.4,36.0,9.0,282.0,0.0,23.0
WX-CEE5,2030-05-08T18:00:00Z,2030-05-11T01:00:00Z,55,17.5,42.0,8.0,273.0,0.0,23.0
WX-CEE5,2030-05-08T18:00:00Z,2030-05-11T02:00:00Z,56,15.9,31.0,7.0,259.0,0.0,23.0
WX-CEE5,2030-05-08T18:00:00Z,2030-05-11T03:00:00Z,57,11.8,38.0,5.0,278.0,0.0,23.0
WX-CEE5,2030-05-08T18:00:00Z,2030-05-11T04:00:00Z,58,11.5,51.0,5.0,263.0,0.0,23.0
WX-CEE5,2030-05-08T18:00:00Z,2030-05-11T05:00:00Z,59,8.2,61.0,5.0,257.0,0.0,23.0
WX-CEE5,2030-05-08T18:00:00Z,2030-05-11T06:00:00Z,60,8.2,53.0,5.0,260.0,0.0,23.0
WX-CEE5,2030-05-08T18:00:00Z,2030-05-11T07:00:00Z,61,5.5,77.0,5.0,287.0,0.0,23.0
WX-CEE5,2030-05-08T18:00:00Z,2030-05-11T08:00:00Z,62,2.9,76.0,5.0,270.0,0.0,23.0
WX-CEE5,2030-05-08T18:00:00Z,2030-05-11T09:00:00Z,63,3.8,77.0,5.0,267.0,0.0,23.0
WX-CEE5,2030-05-08T18:00:00Z,2030-05-11T10:00:00Z,64,5.7,74.0,5.0,257.0,0.0,23.0
WX-CEE5,2030-05-08T18:00:00Z,2030-05-11T11:00:00Z,65,4.1,76.0,5.0,248.0,0.0,23.0
WX-CEE5,2030-05-08T18:00:00Z,2030-05-11T12:00:00Z,66,6.6,60.0,5.0,278.0,0.0,23.0
WX-CEE5,2030-05-08T18:00:00Z,2030-05-11T13:00:00Z,67,6.9,53.0,4.0,281.0,0.0,23.0
WX-CEE5,2030-05-08T18:00:00Z,2030-05-11T14:00:00Z,68,9.4,53.0,5.0,289.0,0.0,23.0
WX-CEE5,2030-05-08T18:00:00Z,2030-05-11T15:00:00Z,69,12.5,34.0,10.0,280.0,0.0,23.0
WX-CEE5,2030-05-08T18:00:00Z,2030-05-11T16:00:00Z,70,14.3,47.0,8.0,266.0,0.0,23.0
WX-CEE5,2030-05-08T18:00:00Z,2030-05-11T17:00:00Z,71,14.5,31.0,11.0,263.0,0.0,23.0
WX-CEE5,2030-05-08T18:00:00Z,2030-05-11T18:00:00Z,72,15.5,40.0,12.0,278.0,0.0,23.0
WX-CEH5,2030-05-08T18:00:00Z,2030-05-08T19:00:00Z,1,19.9,29.0,25.0,302.0,0.0,14.0
WX-CEH5,2030-05-08T18:00:00Z,2030-05-08T20:00:00Z,2,20.4,23.0,25.0,309.0,0.0,14.0
WX-CEH5,2030-05-08T18:00:00Z,2030-05-08T21:00:00Z,3,20.0,28.0,28.0,317.0,0.0,14.0
WX-CEH5,2030-05-08T18:00:00Z,2030-05-08T22:00:00Z,4,20.5,23.0,27.0,318.0,0.0,14.0
WX-CEH5,2030-05-08T18:00:00Z,2030-05-08T23:00:00Z,5,20.4,24.0,23.0,307.0,0.0,14.0
WX-CEH5,2030-05-08T18:00:00Z,2030-05-09T00:00:00Z,6,19.3,24.0,21.0,299.0,0.0,14.0
WX-CEH5,2030-05-08T18:00:00Z,2030-05-09T01:00:00Z,7,18.0,32.0,17.0,312.0,0.0,14.0
WX-CEH5,2030-05-08T18:00:00Z,2030-05-09T02:00:00Z,8,16.6,39.0,12.0,304.0,0.0,14.0
WX-CEH5,2030-05-08T18:00:00Z,2030-05-09T03:00:00Z,9,14.4,42.0,9.0,294.0,0.0,14.0
WX-CEH5,2030-05-08T18:00:00Z,2030-05-09T04:00:00Z,10,11.7,44.0,9.0,311.0,0.0,14.0
WX-CEH5,2030-05-08T18:00:00Z,2030-05-09T05:00:00Z,11,11.2,50.0,8.0,307.0,0.0,14.0
WX-CEH5,2030-05-08T18:00:00Z,2030-05-09T06:00:00Z,12,9.1,50.0,6.0,280.0,0.0,14.0
WX-CEH5,2030-05-08T18:00:00Z,2030-05-09T07:00:00Z,13,8.3,55.0,6.0,286.0,0.0,14.0
WX-CEH5,2030-05-08T18:00:00Z,2030-05-09T08:00:00Z,14,7.6,58.0,6.0,279.0,0.0,14.0
WX-CEH5,2030-05-08T18:00:00Z,2030-05-09T09:00:00Z,15,6.7,61.0,7.0,285.0,0.0,14.0
WX-CEH5,2030-05-08T18:00:00Z,2030-05-09T10:00:00Z,16,7.1,63.0,7.0,293.0,0.0,14.0
WX-CEH5,2030-05-08T18:00:00Z,2030-05-09T11:00:00Z,17,8.2,57.0,6.0,274.0,0.0,14.0
WX-CEH5,2030-05-08T18:00:00Z,2030-05-09T12:00:00Z,18,8.2,56.0,6.0,289.0,0.1,74.0
WX-CEH5,2030-05-08T18:00:00Z,2030-05-09T13:00:00Z,19,8.2,51.0,6.0,277.0,0.2,74.0
WX-CEH5,2030-05-08T18:00:00Z,2030-05-09T14:00:00Z,20,11.2,84.0,7.0,292.0,0.2,74.0
WX-CEH5,2030-05-08T18:00:00Z,2030-05-09T15:00:00Z,21,12.7,83.0,11.0,284.0,0.2,74.0
WX-CEH5,2030-05-08T18:00:00Z,2030-05-09T16:00:00Z,22,14.9,80.0,13.0,280.0,0.2,74.0
WX-CEH5,2030-05-08T18:00:00Z,2030-05-09T17:00:00Z,23,17.2,31.0,17.0,290.0,0.2,74.0
WX-CEH5,2030-05-08T18:00:00Z,2030-05-09T18:00:00Z,24,18.5,31.0,18.0,283.0,0.1,74.0
WX-CEH5,2030-05-08T18:00:00Z,2030-05-09T19:00:00Z,25,20.2,21.0,20.0,277.0,0.0,14.0
WX-CEH5,2030-05-08T18:00:00Z,2030-05-09T20:00:00Z,26,20.4,24.0,21.0,283.0,0.0,14.0
WX-CEH5,2030-05-08T18:00:00Z,2030-05-09T21:00:00Z,27,21.6,22.0,20.0,277.0,0.0,14.0
WX-CEH5,2030-05-08T18:00:00Z,2030-05-09T22:00:00Z,28,22.3,25.0,17.0,280.0,0.0,14.0
WX-CEH5,2030-05-08T18:00:00Z,2030-05-09T23:00:00Z,29,22.2,19.0,14.0,296.0,0.0,14.0
WX-CEH5,2030-05-08T18:00:00Z,2030-05-10T00:00:00Z,30,20.3,24.0,12.0,291.0,0.0,14.0
WX-CEH5,2030-05-08T18:00:00Z,2030-05-10T01:00:00Z,31,18.0,26.0,12.0,286.0,0.0,14.0
WX-CEH5,2030-05-08T18:00:00Z,2030-05-10T02:00:00Z,32,17.6,29.0,10.0,277.0,0.0,14.0
WX-CEH5,2030-05-08T18:00:00Z,2030-05-10T03:00:00Z,33,15.6,33.0,7.0,287.0,0.0,14.0
WX-CEH5,2030-05-08T18:00:00Z,2030-05-10T04:00:00Z,34,12.7,42.0,7.0,288.0,0.0,14.0
WX-CEH5,2030-05-08T18:00:00Z,2030-05-10T05:00:00Z,35,11.0,46.0,6.0,291.0,0.0,14.0
WX-CEH5,2030-05-08T18:00:00Z,2030-05-10T06:00:00Z,36,10.8,47.0,5.0,286.0,0.0,14.0
WX-CEH5,2030-05-08T18:00:00Z,2030-05-10T07:00:00Z,37,8.0,53.0,6.0,259.0,0.0,14.0
WX-CEH5,2030-05-08T18:00:00Z,2030-05-10T08:00:00Z,38,7.9,61.0,5.0,261.0,0.0,14.0
WX-CEH5,2030-05-08T18:00:00Z,2030-05-10T09:00:00Z,39,7.7,63.0,5.0,263.0,0.0,14.0
WX-CEH5,2030-05-08T18:00:00Z,2030-05-10T10:00:00Z,40,7.8,58.0,5.0,261.0,0.0,14.0
WX-CEH5,2030-05-08T18:00:00Z,2030-05-10T11:00:00Z,41,7.3,58.0,6.0,267.0,0.0,14.0
WX-CEH5,2030-05-08T18:00:00Z,2030-05-10T12:00:00Z,42,9.5,56.0,6.0,269.0,0.0,14.0
WX-CEH5,2030-05-08T18:00:00Z,2030-05-10T13:00:00Z,43,9.3,59.0,6.0,278.0,0.0,14.0
WX-CEH5,2030-05-08T18:00:00Z,2030-05-10T14:00:00Z,44,12.3,37.0,6.0,265.0,0.0,14.0
WX-CEH5,2030-05-08T18:00:00Z,2030-05-10T15:00:00Z,45,15.4,49.0,7.0,271.0,0.0,14.0
WX-CEH5,2030-05-08T18:00:00Z,2030-05-10T16:00:00Z,46,17.3,29.0,11.0,258.0,0.0,14.0
WX-CEH5,2030-05-08T18:00:00Z,2030-05-10T17:00:00Z,47,19.4,35.0,11.0,263.0,0.0,14.0
WX-CEH5,2030-05-08T18:00:00Z,2030-05-10T18:00:00Z,48,19.8,24.0,14.0,260.0,0.0,14.0
WX-CEH5,2030-05-08T18:00:00Z,2030-05-10T19:00:00Z,49,22.4,29.0,17.0,258.0,0.0,14.0
WX-CEH5,2030-05-08T18:00:00Z,2030-05-10T20:00:00Z,50,23.4,25.0,15.0,266.0,0.0,14.0
WX-CEH5,2030-05-08T18:00:00Z,2030-05-10T21:00:00Z,51,21.9,19.0,14.0,265.0,0.0,14.0
WX-CEH5,2030-05-08T18:00:00Z,2030-05-10T22:00:00Z,52,22.5,33.0,15.0,267.0,0.0,14.0
WX-CEH5,2030-05-08T18:00:00Z,2030-05-10T23:00:00Z,53,24.5,18.0,11.0,250.0,0.0,14.0
WX-CEH5,2030-05-08T18:00:00Z,2030-05-11T00:00:00Z,54,21.4,22.0,12.0,266.0,0.0,14.0
WX-CEH5,2030-05-08T18:00:00Z,2030-05-11T01:00:00Z,55,20.0,16.0,9.0,275.0,0.0,14.0
WX-CEH5,2030-05-08T18:00:00Z,2030-05-11T02:00:00Z,56,17.8,29.0,7.0,261.0,0.0,14.0
WX-CEH5,2030-05-08T18:00:00Z,2030-05-11T03:00:00Z,57,15.6,29.0,5.0,263.0,0.0,14.0
WX-CEH5,2030-05-08T18:00:00Z,2030-05-11T04:00:00Z,58,15.7,37.0,5.0,262.0,0.0,14.0
WX-CEH5,2030-05-08T18:00:00Z,2030-05-11T05:00:00Z,59,14.4,42.0,5.0,262.0,0.0,14.0
WX-CEH5,2030-05-08T18:00:00Z,2030-05-11T06:00:00Z,60,9.9,49.0,5.0,264.0,0.0,14.0
WX-CEH5,2030-05-08T18:00:00Z,2030-05-11T07:00:00Z,61,8.2,57.0,6.0,267.0,0.0,14.0
WX-CEH5,2030-05-08T18:00:00Z,2030-05-11T08:00:00Z,62,7.2,55.0,4.0,277.0,0.0,14.0
WX-CEH5,2030-05-08T18:00:00Z,2030-05-11T09:00:00Z,63,7.3,58.0,5.0,262.0,0.0,14.0
WX-CEH5,2030-05-08T18:00:00Z,2030-05-11T10:00:00Z,64,8.4,58.0,5.0,273.0,0.0,14.0
WX-CEH5,2030-05-08T18:00:00Z,2030-05-11T11:00:00Z,65,9.0,54.0,6.0,267.0,0.0,14.0
WX-CEH5,2030-05-08T18:00:00Z,2030-05-11T12:00:00Z,66,9.2,56.0,5.0,263.0,0.0,14.0
WX-CEH5,2030-05-08T18:00:00Z,2030-05-11T13:00:00Z,67,10.6,47.0,5.0,265.0,0.0,14.0
WX-CEH5,2030-05-08T18:00:00Z,2030-05-11T14:00:00Z,68,10.2,40.0,6.0,277.0,0.0,14.0
WX-CEH5,2030-05-08T18:00:00Z,2030-05-11T15:00:00Z,69,16.4,36.0,8.0,263.0,0.0,14.0
WX-CEH5,2030-05-08T18:00:00Z,2030-05-11T16:00:00Z,70,15.9,28.0,12.0,283.0,0.0,14.0
WX-CEH5,2030-05-08T18:00:00Z,2030-05-11T17:00:00Z,71,19.0,30.0,11.0,246.0,0.0,14.0
WX-CEH5,2030-05-08T18:00:00Z,2030-05-11T18:00:00Z,72,20.5,29.0,10.0,259.0,0.0,14.0
WX-CFX4,2030-05-08T18:00:00Z,2030-05-08T19:00:00Z,1,16.5,39.0,23.0,317.0,0.0,7.0
WX-CFX4,2030-05-08T18:00:00Z,2030-05-08T20:00:00Z,2,18.0,35.0,20.0,327.0,0.0,7.0
WX-CFX4,2030-05-08T18:00:00Z,2030-05-08T21:00:00Z,3,18.6,30.0,23.0,322.0,0.0,7.0
WX-CFX4,2030-05-08T18:00:00Z,2030-05-08T22:00:00Z,4,18.0,31.0,21.0,315.0,0.0,7.0
WX-CFX4,2030-05-08T18:00:00Z,2030-05-08T23:00:00Z,5,17.1,34.0,19.0,323.0,0.0,7.0
WX-CFX4,2030-05-08T18:00:00Z,2030-05-09T00:00:00Z,6,16.6,37.0,18.0,327.0,0.0,7.0
WX-CFX4,2030-05-08T18:00:00Z,2030-05-09T01:00:00Z,7,15.1,34.0,13.0,317.0,0.0,7.0
WX-CFX4,2030-05-08T18:00:00Z,2030-05-09T02:00:00Z,8,14.4,41.0,11.0,325.0,0.0,7.0
WX-CFX4,2030-05-08T18:00:00Z,2030-05-09T03:00:00Z,9,12.4,45.0,7.0,326.0,0.0,7.0
WX-CFX4,2030-05-08T18:00:00Z,2030-05-09T04:00:00Z,10,10.1,55.0,7.0,322.0,0.0,7.0
WX-CFX4,2030-05-08T18:00:00Z,2030-05-09T05:00:00Z,11,9.3,70.0,8.0,328.0,0.0,7.0
WX-CFX4,2030-05-08T18:00:00Z,2030-05-09T06:00:00Z,12,6.7,61.0,5.0,291.0,0.0,7.0
WX-CFX4,2030-05-08T18:00:00Z,2030-05-09T07:00:00Z,13,5.1,72.0,5.0,297.0,0.0,7.0
WX-CFX4,2030-05-08T18:00:00Z,2030-05-09T08:00:00Z,14,5.8,79.0,5.0,298.0,0.0,7.0
WX-CFX4,2030-05-08T18:00:00Z,2030-05-09T09:00:00Z,15,5.1,67.0,5.0,304.0,0.0,7.0
WX-CFX4,2030-05-08T18:00:00Z,2030-05-09T10:00:00Z,16,3.4,76.0,5.0,293.0,0.0,7.0
WX-CFX4,2030-05-08T18:00:00Z,2030-05-09T11:00:00Z,17,4.4,82.0,5.0,293.0,0.0,7.0
WX-CFX4,2030-05-08T18:00:00Z,2030-05-09T12:00:00Z,18,6.0,67.0,5.0,307.0,0.0,7.0
WX-CFX4,2030-05-08T18:00:00Z,2030-05-09T13:00:00Z,19,7.0,69.0,5.0,288.0,0.0,7.0
WX-CFX4,2030-05-08T18:00:00Z,2030-05-09T14:00:00Z,20,9.3,58.0,7.0,290.0,0.0,7.0
WX-CFX4,2030-05-08T18:00:00Z,2030-05-09T15:00:00Z,21,11.1,52.0,9.0,298.0,0.0,7.0
WX-CFX4,2030-05-08T18:00:00Z,2030-05-09T16:00:00Z,22,12.1,51.0,12.0,298.0,0.0,7.0
WX-CFX4,2030-05-08T18:00:00Z,2030-05-09T17:00:00Z,23,15.6,38.0,13.0,301.0,0.0,7.0
WX-CFX4,2030-05-08T18:00:00Z,2030-05-09T18:00:00Z,24,16.0,37.0,14.0,302.0,0.0,7.0
WX-CFX4,2030-05-08T18:00:00Z,2030-05-09T19:00:00Z,25,17.7,24.0,17.0,300.0,0.0,7.0
WX-CFX4,2030-05-08T18:00:00Z,2030-05-09T20:00:00Z,26,18.0,32.0,15.0,312.0,0.0,7.0
WX-CFX4,2030-05-08T18:00:00Z,2030-05-09T21:00:00Z,27,20.1,29.0,16.0,311.0,0.0,7.0
WX-CFX4,2030-05-08T18:00:00Z,2030-05-09T22:00:00Z,28,19.1,29.0,15.0,304.0,0.0,7.0
WX-CFX4,2030-05-08T18:00:00Z,2030-05-09T23:00:00Z,29,19.6,29.0,15.0,294.0,0.0,7.0
WX-CFX4,2030-05-08T18:00:00Z,2030-05-10T00:00:00Z,30,17.5,28.0,11.0,294.0,0.0,7.0
WX-CFX4,2030-05-08T18:00:00Z,2030-05-10T01:00:00Z,31,15.9,39.0,9.0,291.0,0.0,7.0
WX-CFX4,2030-05-08T18:00:00Z,2030-05-10T02:00:00Z,32,15.1,38.0,9.0,289.0,0.0,7.0
WX-CFX4,2030-05-08T18:00:00Z,2030-05-10T03:00:00Z,33,13.4,36.0,6.0,297.0,0.0,7.0
WX-CFX4,2030-05-08T18:00:00Z,2030-05-10T04:00:00Z,34,9.5,49.0,4.0,294.0,0.0,7.0
WX-CFX4,2030-05-08T18:00:00Z,2030-05-10T05:00:00Z,35,9.2,56.0,5.0,309.0,0.0,7.0
WX-CFX4,2030-05-08T18:00:00Z,2030-05-10T06:00:00Z,36,8.7,57.0,5.0,278.0,0.0,7.0
WX-CFX4,2030-05-08T18:00:00Z,2030-05-10T07:00:00Z,37,7.8,67.0,4.0,267.0,0.0,7.0
WX-CFX4,2030-05-08T18:00:00Z,2030-05-10T08:00:00Z,38,6.3,74.0,4.0,271.0,0.0,7.0
WX-CFX4,2030-05-08T18:00:00Z,2030-05-10T09:00:00Z,39,4.4,81.0,4.0,277.0,0.0,7.0
WX-CFX4,2030-05-08T18:00:00Z,2030-05-10T10:00:00Z,40,6.5,73.0,4.0,269.0,0.0,7.0
WX-CFX4,2030-05-08T18:00:00Z,2030-05-10T11:00:00Z,41,3.5,75.0,4.0,269.0,0.0,7.0
WX-CFX4,2030-05-08T18:00:00Z,2030-05-10T12:00:00Z,42,6.1,73.0,5.0,269.0,0.0,7.0
WX-CFX4,2030-05-08T18:00:00Z,2030-05-10T13:00:00Z,43,8.7,65.0,5.0,278.0,0.0,7.0
WX-CFX4,2030-05-08T18:00:00Z,2030-05-10T14:00:00Z,44,9.6,62.0,6.0,277.0,0.0,7.0
WX-CFX4,2030-05-08T18:00:00Z,2030-05-10T15:00:00Z,45,10.9,49.0,8.0,271.0,0.0,7.0
WX-CFX4,2030-05-08T18:00:00Z,2030-05-10T16:00:00Z,46,15.6,52.0,9.0,291.0,0.0,7.0
WX-CFX4,2030-05-08T18:00:00Z,2030-05-10T17:00:00Z,47,15.6,41.0,9.0,274.0,0.0,7.0
WX-CFX4,2030-05-08T18:00:00Z,2030-05-10T18:00:00Z,48,19.9,36.0,9.0,271.0,0.0,7.0
WX-CFX4,2030-05-08T18:00:00Z,2030-05-10T19:00:00Z,49,19.8,21.0,12.0,266.0,0.0,7.0
WX-CFX4,2030-05-08T18:00:00Z,2030-05-10T20:00:00Z,50,19.9,31.0,13.0,277.0,0.0,7.0
WX-CFX4,2030-05-08T18:00:00Z,2030-05-10T21:00:00Z,51,20.9,23.0,12.0,282.0,0.0,7.0
WX-CFX4,2030-05-08T18:00:00Z,2030-05-10T22:00:00Z,52,21.1,34.0,10.0,280.0,0.0,7.0
WX-CFX4,2030-05-08T18:00:00Z,2030-05-10T23:00:00Z,53,21.7,36.0,10.0,273.0,0.0,7.0
WX-CFX4,2030-05-08T18:00:00Z,2030-05-11T00:00:00Z,54,19.8,34.0,9.0,276.0,0.0,7.0
WX-CFX4,2030-05-08T18:00:00Z,2030-05-11T01:00:00Z,55,18.5,26.0,7.0,292.0,0.0,7.0
WX-CFX4,2030-05-08T18:00:00Z,2030-05-11T02:00:00Z,56,17.0,37.0,7.0,288.0,0.0,7.0
WX-CFX4,2030-05-08T18:00:00Z,2030-05-11T03:00:00Z,57,14.7,40.0,4.0,279.0,0.0,7.0
WX-CFX4,2030-05-08T18:00:00Z,2030-05-11T04:00:00Z,58,12.8,47.0,4.0,279.0,0.0,7.0
WX-CFX4,2030-05-08T18:00:00Z,2030-05-11T05:00:00Z,59,9.2,52.0,4.0,270.0,0.0,7.0
WX-CFX4,2030-05-08T18:00:00Z,2030-05-11T06:00:00Z,60,8.3,56.0,4.0,277.0,0.0,7.0
WX-CFX4,2030-05-08T18:00:00Z,2030-05-11T07:00:00Z,61,6.5,70.0,4.0,289.0,0.0,7.0
WX-CFX4,2030-05-08T18:00:00Z,2030-05-11T08:00:00Z,62,6.2,70.0,4.0,275.0,0.0,7.0
WX-CFX4,2030-05-08T18:00:00Z,2030-05-11T09:00:00Z,63,2.9,81.0,4.0,280.0,0.0,7.0
WX-CFX4,2030-05-08T18:00:00Z,2030-05-11T10:00:00Z,64,4.3,73.0,4.0,274.0,0.0,7.0
WX-CFX4,2030-05-08T18:00:00Z,2030-05-11T11:00:00Z,65,5.0,76.0,5.0,275.0,0.0,7.0
WX-CFX4,2030-05-08T18:00:00Z,2030-05-11T12:00:00Z,66,5.8,64.0,4.0,271.0,0.0,7.0
WX-CFX4,2030-05-08T18:00:00Z,2030-05-11T13:00:00Z,67,9.1,60.0,5.0,272.0,0.0,7.0
WX-CFX4,2030-05-08T18:00:00Z,2030-05-11T14:00:00Z,68,8.5,59.0,6.0,288.0,0.0,7.0
WX-CFX4,2030-05-08T18:00:00Z,2030-05-11T15:00:00Z,69,9.9,51.0,7.0,277.0,0.0,7.0
WX-CFX4,2030-05-08T18:00:00Z,2030-05-11T16:00:00Z,70,12.3,35.0,8.0,281.0,0.0,7.0
WX-CFX4,2030-05-08T18:00:00Z,2030-05-11T17:00:00Z,71,16.0,37.0,7.0,259.0,0.0,7.0
WX-CFX4,2030-05-08T18:00:00Z,2030-05-11T18:00:00Z,72,18.1,37.0,11.0,286.0,0.0,7.0
WX-CYZU,2030-05-08T18:00:00Z,2030-05-08T19:00:00Z,1,20.0,25.0,25.0,327.0,0.0,16.0
WX-CYZU,2030-05-08T18:00:00Z,2030-05-08T20:00:00Z,2,21.5,20.0,25.0,330.0,0.0,15.0
WX-CYZU,2030-05-08T18:00:00Z,2030-05-08T21:00:00Z,3,21.1,20.0,26.0,330.0,0.0,15.0
WX-CYZU,2030-05-08T18:00:00Z,2030-05-08T22:00:00Z,4,21.7,27.0,25.0,334.0,0.0,15.0
WX-CYZU,2030-05-08T18:00:00Z,2030-05-08T23:00:00Z,5,20.9,34.0,23.0,328.0,0.0,15.0
WX-CYZU,2030-05-08T18:00:00Z,2030-05-09T00:00:00Z,6,20.3,21.0,17.0,344.0,0.0,15.0
WX-CYZU,2030-05-08T18:00:00Z,2030-05-09T01:00:00Z,7,19.0,34.0,17.0,333.0,0.0,15.0
WX-CYZU,2030-05-08T18:00:00Z,2030-05-09T02:00:00Z,8,17.4,32.0,12.0,337.0,0.0,15.0
WX-CYZU,2030-05-08T18:00:00Z,2030-05-09T03:00:00Z,9,15.9,39.0,8.0,325.0,0.0,15.0
WX-CYZU,2030-05-08T18:00:00Z,2030-05-09T04:00:00Z,10,13.4,43.0,9.0,340.0,0.0,15.0
WX-CYZU,2030-05-08T18:00:00Z,2030-05-09T05:00:00Z,11,11.5,51.0,7.0,321.0,0.0,15.0
WX-CYZU,2030-05-08T18:00:00Z,2030-05-09T06:00:00Z,12,10.7,51.0,6.0,316.0,0.0,15.0
WX-CYZU,2030-05-08T18:00:00Z,2030-05-09T07:00:00Z,13,9.3,52.0,6.0,305.0,0.0,15.0
WX-CYZU,2030-05-08T18:00:00Z,2030-05-09T08:00:00Z,14,7.5,63.0,6.0,307.0,0.0,15.0
WX-CYZU,2030-05-08T18:00:00Z,2030-05-09T09:00:00Z,15,6.6,55.0,6.0,309.0,0.0,15.0
WX-CYZU,2030-05-08T18:00:00Z,2030-05-09T10:00:00Z,16,7.5,61.0,6.0,307.0,0.0,15.0
WX-CYZU,2030-05-08T18:00:00Z,2030-05-09T11:00:00Z,17,9.1,51.0,6.0,315.0,0.0,15.0
WX-CYZU,2030-05-08T18:00:00Z,2030-05-09T12:00:00Z,18,9.3,52.0,7.0,299.0,0.0,15.0
WX-CYZU,2030-05-08T18:00:00Z,2030-05-09T13:00:00Z,19,11.8,48.0,6.0,311.0,0.0,15.0
WX-CYZU,2030-05-08T18:00:00Z,2030-05-09T14:00:00Z,20,13.9,44.0,7.0,313.0,0.0,15.0
WX-CYZU,2030-05-08T18:00:00Z,2030-05-09T15:00:00Z,21,14.5,42.0,11.0,309.0,0.1,75.0
WX-CYZU,2030-05-08T18:00:00Z,2030-05-09T16:00:00Z,22,15.5,36.0,11.0,293.0,0.0,15.0
WX-CYZU,2030-05-08T18:00:00Z,2030-05-09T17:00:00Z,23,17.5,28.0,15.0,303.0,0.0,15.0
WX-CYZU,2030-05-08T18:00:00Z,2030-05-09T18:00:00Z,24,20.2,23.0,16.0,306.0,0.0,15.0
WX-CYZU,2030-05-08T18:00:00Z,2030-05-09T19:00:00Z,25,21.4,29.0,17.0,302.0,0.0,15.0
WX-CYZU,2030-05-08T18:00:00Z,2030-05-09T20:00:00Z,26,21.9,28.0,17.0,300.0,0.0,15.0
WX-CYZU,2030-05-08T18:00:00Z,2030-05-09T21:00:00Z,27,22.4,22.0,18.0,307.0,0.0,15.0
WX-CYZU,2030-05-08T18:00:00Z,2030-05-09T22:00:00Z,28,23.3,22.0,19.0,311.0,0.0,15.0
WX-CYZU,2030-05-08T18:00:00Z,2030-05-09T23:00:00Z,29,22.3,23.0,17.0,306.0,0.0,15.0
WX-CYZU,2030-05-08T18:00:00Z,2030-05-10T00:00:00Z,30,20.7,26.0,14.0,309.0,0.0,15.0
WX-CYZU,2030-05-08T18:00:00Z,2030-05-10T01:00:00Z,31,20.2,20.0,12.0,310.0,0.0,15.0
WX-CYZU,2030-05-08T18:00:00Z,2030-05-10T02:00:00Z,32,18.4,34.0,8.0,311.0,0.0,15.0
WX-CYZU,2030-05-08T18:00:00Z,2030-05-10T03:00:00Z,33,17.4,27.0,6.0,301.0,0.0,15.0
WX-CYZU,2030-05-08T18:00:00Z,2030-05-10T04:00:00Z,34,15.4,42.0,6.0,297.0,0.0,15.0
WX-CYZU,2030-05-08T18:00:00Z,2030-05-10T05:00:00Z,35,13.5,55.0,5.0,301.0,0.0,15.0
WX-CYZU,2030-05-08T18:00:00Z,2030-05-10T06:00:00Z,36,11.2,43.0,5.0,284.0,0.0,15.0
WX-CYZU,2030-05-08T18:00:00Z,2030-05-10T07:00:00Z,37,10.5,53.0,6.0,282.0,0.0,15.0
WX-CYZU,2030-05-08T18:00:00Z,2030-05-10T08:00:00Z,38,8.6,59.0,5.0,285.0,0.0,15.0
WX-CYZU,2030-05-08T18:00:00Z,2030-05-10T09:00:00Z,39,10.0,61.0,5.0,282.0,0.0,15.0
WX-CYZU,2030-05-08T18:00:00Z,2030-05-10T10:00:00Z,40,6.9,56.0,5.0,281.0,0.0,15.0
WX-CYZU,2030-05-08T18:00:00Z,2030-05-10T11:00:00Z,41,9.1,61.0,5.0,274.0,0.0,15.0
WX-CYZU,2030-05-08T18:00:00Z,2030-05-10T12:00:00Z,42,9.6,61.0,6.0,291.0,0.0,15.0
WX-CYZU,2030-05-08T18:00:00Z,2030-05-10T13:00:00Z,43,12.6,51.0,6.0,277.0,0.0,15.0
WX-CYZU,2030-05-08T18:00:00Z,2030-05-10T14:00:00Z,44,13.6,38.0,6.0,290.0,0.0,15.0
WX-CYZU,2030-05-08T18:00:00Z,2030-05-10T15:00:00Z,45,15.0,35.0,8.0,273.0,0.0,15.0
WX-CYZU,2030-05-08T18:00:00Z,2030-05-10T16:00:00Z,46,17.5,30.0,9.0,287.0,0.0,15.0
WX-CYZU,2030-05-08T18:00:00Z,2030-05-10T17:00:00Z,47,20.6,21.0,12.0,296.0,0.0,15.0
WX-CYZU,2030-05-08T18:00:00Z,2030-05-10T18:00:00Z,48,21.1,22.0,12.0,287.0,0.0,15.0
WX-CYZU,2030-05-08T18:00:00Z,2030-05-10T19:00:00Z,49,24.3,20.0,14.0,292.0,0.0,15.0
WX-CYZU,2030-05-08T18:00:00Z,2030-05-10T20:00:00Z,50,25.6,27.0,13.0,283.0,0.0,15.0
WX-CYZU,2030-05-08T18:00:00Z,2030-05-10T21:00:00Z,51,23.5,20.0,12.0,290.0,0.0,15.0
WX-CYZU,2030-05-08T18:00:00Z,2030-05-10T22:00:00Z,52,23.7,22.0,13.0,285.0,0.0,15.0
WX-CYZU,2030-05-08T18:00:00Z,2030-05-10T23:00:00Z,53,24.8,23.0,11.0,296.0,0.0,15.0
WX-CYZU,2030-05-08T18:00:00Z,2030-05-11T00:00:00Z,54,23.3,22.0,10.0,277.0,0.0,15.0
WX-CYZU,2030-05-08T18:00:00Z,2030-05-11T01:00:00Z,55,20.7,24.0,11.0,288.0,0.0,15.0
WX-CYZU,2030-05-08T18:00:00Z,2030-05-11T02:00:00Z,56,20.0,33.0,6.0,290.0,0.0,15.0
WX-CYZU,2030-05-08T18:00:00Z,2030-05-11T03:00:00Z,57,17.5,32.0,5.0,297.0,0.0,15.0
WX-CYZU,2030-05-08T18:00:00Z,2030-05-11T04:00:00Z,58,15.3,30.0,5.0,288.0,0.0,15.0
WX-CYZU,2030-05-08T18:00:00Z,2030-05-11T05:00:00Z,59,13.7,34.0,5.0,280.0,0.0,15.0
WX-CYZU,2030-05-08T18:00:00Z,2030-05-11T06:00:00Z,60,10.8,50.0,5.0,295.0,0.0,15.0
WX-CYZU,2030-05-08T18:00:00Z,2030-05-11T07:00:00Z,61,11.3,67.0,4.0,296.0,0.0,15.0
WX-CYZU,2030-05-08T18:00:00Z,2030-05-11T08:00:00Z,62,11.1,54.0,5.0,294.0,0.0,15.0
WX-CYZU,2030-05-08T18:00:00Z,2030-05-11T09:00:00Z,63,9.2,67.0,5.0,285.0,0.0,15.0
WX-CYZU,2030-05-08T18:00:00Z,2030-05-11T10:00:00Z,64,8.0,66.0,6.0,276.0,0.0,15.0
WX-CYZU,2030-05-08T18:00:00Z,2030-05-11T11:00:00Z,65,10.0,57.0,4.0,312.0,0.0,15.0
WX-CYZU,2030-05-08T18:00:00Z,2030-05-11T12:00:00Z,66,10.8,48.0,5.0,279.0,0.0,15.0
WX-CYZU,2030-05-08T18:00:00Z,2030-05-11T13:00:00Z,67,13.7,57.0,5.0,291.0,0.0,15.0
WX-CYZU,2030-05-08T18:00:00Z,2030-05-11T14:00:00Z,68,14.5,40.0,6.0,287.0,0.0,15.0
WX-CYZU,2030-05-08T18:00:00Z,2030-05-11T15:00:00Z,69,17.1,43.0,8.0,284.0,0.0,15.0
WX-CYZU,2030-05-08T18:00:00Z,2030-05-11T16:00:00Z,70,18.7,41.0,8.0,283.0,0.0,15.0
WX-CYZU,2030-05-08T18:00:00Z,2030-05-11T17:00:00Z,71,19.4,25.0,12.0,274.0,0.0,15.0
WX-CYZU,2030-05-08T18:00:00Z,2030-05-11T18:00:00Z,72,21.8,20.0,14.0,284.0,0.0,15.0
WX-CZHP,2030-05-08T18:00:00Z,2030-05-08T19:00:00Z,1,16.4,38.0,29.0,302.0,0.0,22.0
WX-CZHP,2030-05-08T18:00:00Z,2030-05-08T20:00:00Z,2,17.8,34.0,26.0,307.0,0.0,22.0
WX-CZHP,2030-05-08T18:00:00Z,2030-05-08T21:00:00Z,3,18.1,30.0,26.0,306.0,0.0,22.0
WX-CZHP,2030-05-08T18:00:00Z,2030-05-08T22:00:00Z,4,19.4,33.0,27.0,302.0,0.0,22.0
WX-CZHP,2030-05-08T18:00:00Z,2030-05-08T23:00:00Z,5,18.9,33.0,24.0,307.0,0.0,22.0
WX-CZHP,2030-05-08T18:00:00Z,2030-05-09T00:00:00Z,6,18.9,34.0,19.0,306.0,0.0,22.0
WX-CZHP,2030-05-08T18:00:00Z,2030-05-09T01:00:00Z,7,16.9,34.0,19.0,314.0,0.0,22.0
WX-CZHP,2030-05-08T18:00:00Z,2030-05-09T02:00:00Z,8,14.5,43.0,14.0,309.0,0.0,22.0
WX-CZHP,2030-05-08T18:00:00Z,2030-05-09T03:00:00Z,9,12.7,47.0,10.0,306.0,0.0,22.0
WX-CZHP,2030-05-08T18:00:00Z,2030-05-09T04:00:00Z,10,11.2,58.0,8.0,301.0,0.0,22.0
WX-CZHP,2030-05-08T18:00:00Z,2030-05-09T05:00:00Z,11,8.9,63.0,9.0,310.0,0.0,22.0
WX-CZHP,2030-05-08T18:00:00Z,2030-05-09T06:00:00Z,12,8.1,63.0,7.0,286.0,0.0,22.0
WX-CZHP,2030-05-08T18:00:00Z,2030-05-09T07:00:00Z,13,6.7,69.0,6.0,279.0,0.0,22.0
WX-CZHP,2030-05-08T18:00:00Z,2030-05-09T08:00:00Z,14,5.8,78.0,6.0,291.0,0.0,22.0
WX-CZHP,2030-05-08T18:00:00Z,2030-05-09T09:00:00Z,15,5.2,78.0,6.0,281.0,0.0,22.0
WX-CZHP,2030-05-08T18:00:00Z,2030-05-09T10:00:00Z,16,6.5,82.0,7.0,278.0,0.0,22.0
WX-CZHP,2030-05-08T18:00:00Z,2030-05-09T11:00:00Z,17,5.5,76.0,6.0,286.0,0.0,22.0
WX-CZHP,2030-05-08T18:00:00Z,2030-05-09T12:00:00Z,18,6.6,68.0,6.0,283.0,0.1,82.0
WX-CZHP,2030-05-08T18:00:00Z,2030-05-09T13:00:00Z,19,8.1,63.0,7.0,280.0,0.2,82.0
WX-CZHP,2030-05-08T18:00:00Z,2030-05-09T14:00:00Z,20,9.0,83.0,9.0,286.0,0.2,82.0
WX-CZHP,2030-05-08T18:00:00Z,2030-05-09T15:00:00Z,21,12.2,85.0,10.0,294.0,0.3,82.0
WX-CZHP,2030-05-08T18:00:00Z,2030-05-09T16:00:00Z,22,13.2,87.0,14.0,297.0,0.2,82.0
WX-CZHP,2030-05-08T18:00:00Z,2030-05-09T17:00:00Z,23,15.6,44.0,15.0,290.0,0.2,82.0
WX-CZHP,2030-05-08T18:00:00Z,2030-05-09T18:00:00Z,24,16.9,38.0,20.0,287.0,0.1,82.0
WX-CZHP,2030-05-08T18:00:00Z,2030-05-09T19:00:00Z,25,18.9,31.0,20.0,282.0,0.0,22.0
WX-CZHP,2030-05-08T18:00:00Z,2030-05-09T20:00:00Z,26,19.6,30.0,21.0,273.0,0.0,22.0
WX-CZHP,2030-05-08T18:00:00Z,2030-05-09T21:00:00Z,27,19.5,31.0,19.0,293.0,0.0,22.0
WX-CZHP,2030-05-08T18:00:00Z,2030-05-09T22:00:00Z,28,20.4,33.0,19.0,287.0,0.0,22.0
WX-CZHP,2030-05-08T18:00:00Z,2030-05-09T23:00:00Z,29,19.4,31.0,19.0,287.0,0.0,22.0
WX-CZHP,2030-05-08T18:00:00Z,2030-05-10T00:00:00Z,30,17.3,35.0,15.0,279.0,0.0,22.0
WX-CZHP,2030-05-08T18:00:00Z,2030-05-10T01:00:00Z,31,17.8,34.0,13.0,281.0,0.0,22.0
WX-CZHP,2030-05-08T18:00:00Z,2030-05-10T02:00:00Z,32,14.8,35.0,8.0,286.0,0.0,22.0
WX-CZHP,2030-05-08T18:00:00Z,2030-05-10T03:00:00Z,33,12.8,42.0,7.0,284.0,0.0,22.0
WX-CZHP,2030-05-08T18:00:00Z,2030-05-10T04:00:00Z,34,11.6,52.0,6.0,282.0,0.0,22.0
WX-CZHP,2030-05-08T18:00:00Z,2030-05-10T05:00:00Z,35,9.1,59.0,6.0,275.0,0.0,22.0
WX-CZHP,2030-05-08T18:00:00Z,2030-05-10T06:00:00Z,36,9.5,69.0,6.0,284.0,0.0,22.0
WX-CZHP,2030-05-08T18:00:00Z,2030-05-10T07:00:00Z,37,7.4,66.0,5.0,267.0,0.0,22.0
WX-CZHP,2030-05-08T18:00:00Z,2030-05-10T08:00:00Z,38,6.8,81.0,6.0,260.0,0.0,22.0
WX-CZHP,2030-05-08T18:00:00Z,2030-05-10T09:00:00Z,39,6.2,71.0,6.0,272.0,0.0,22.0
WX-CZHP,2030-05-08T18:00:00Z,2030-05-10T10:00:00Z,40,6.5,71.0,6.0,271.0,0.0,22.0
WX-CZHP,2030-05-08T18:00:00Z,2030-05-10T11:00:00Z,41,6.5,83.0,6.0,277.0,0.0,22.0
WX-CZHP,2030-05-08T18:00:00Z,2030-05-10T12:00:00Z,42,7.9,77.0,6.0,257.0,0.0,22.0
WX-CZHP,2030-05-08T18:00:00Z,2030-05-10T13:00:00Z,43,10.4,67.0,6.0,255.0,0.0,22.0
WX-CZHP,2030-05-08T18:00:00Z,2030-05-10T14:00:00Z,44,11.6,55.0,7.0,274.0,0.0,22.0
WX-CZHP,2030-05-08T18:00:00Z,2030-05-10T15:00:00Z,45,12.7,49.0,9.0,259.0,0.0,22.0
WX-CZHP,2030-05-08T18:00:00Z,2030-05-10T16:00:00Z,46,14.2,39.0,11.0,265.0,0.0,22.0
WX-CZHP,2030-05-08T18:00:00Z,2030-05-10T17:00:00Z,47,17.0,35.0,11.0,266.0,0.0,22.0
WX-CZHP,2030-05-08T18:00:00Z,2030-05-10T18:00:00Z,48,18.7,31.0,12.0,260.0,0.0,22.0
WX-CZHP,2030-05-08T18:00:00Z,2030-05-10T19:00:00Z,49,19.6,38.0,15.0,277.0,0.0,22.0
WX-CZHP,2030-05-08T18:00:00Z,2030-05-10T20:00:00Z,50,21.3,24.0,16.0,269.0,0.0,22.0
WX-CZHP,2030-05-08T18:00:00Z,2030-05-10T21:00:00Z,51,21.7,28.0,16.0,279.0,0.0,22.0
WX-CZHP,2030-05-08T18:00:00Z,2030-05-10T22:00:00Z,52,22.0,24.0,15.0,261.0,0.0,22.0
WX-CZHP,2030-05-08T18:00:00Z,2030-05-10T23:00:00Z,53,20.6,27.0,15.0,270.0,0.0,22.0
WX-CZHP,2030-05-08T18:00:00Z,2030-05-11T00:00:00Z,54,19.3,24.0,11.0,268.0,0.0,22.0
WX-CZHP,2030-05-08T18:00:00Z,2030-05-11T01:00:00Z,55,19.2,33.0,8.0,257.0,0.0,22.0
WX-CZHP,2030-05-08T18:00:00Z,2030-05-11T02:00:00Z,56,16.9,47.0,8.0,261.0,0.0,22.0
WX-CZHP,2030-05-08T18:00:00Z,2030-05-11T03:00:00Z,57,15.8,38.0,7.0,269.0,0.0,22.0
WX-CZHP,2030-05-08T18:00:00Z,2030-05-11T04:00:00Z,58,13.3,49.0,5.0,283.0,0.0,22.0
WX-CZHP,2030-05-08T18:00:00Z,2030-05-11T05:00:00Z,59,10.6,55.0,6.0,268.0,0.0,22.0
WX-CZHP,2030-05-08T18:00:00Z,2030-05-11T06:00:00Z,60,9.2,66.0,6.0,273.0,0.0,22.0
WX-CZHP,2030-05-08T18:00:00Z,2030-05-11T07:00:00Z,61,7.2,71.0,5.0,260.0,0.0,22.0
WX-CZHP,2030-05-08T18:00:00Z,2030-05-11T08:00:00Z,62,6.8,85.0,5.0,284.0,0.0,22.0
WX-CZHP,2030-05-08T18:00:00Z,2030-05-11T09:00:00Z,63,5.3,80.0,5.0,257.0,0.0,22.0
WX-CZHP,2030-05-08T18:00:00Z,2030-05-11T10:00:00Z,64,5.6,82.0,5.0,271.0,0.0,22.0
WX-CZHP,2030-05-08T18:00:00Z,2030-05-11T11:00:00Z,65,7.3,81.0,6.0,251.0,0.0,22.0
WX-CZHP,2030-05-08T18:00:00Z,2030-05-11T12:00:00Z,66,7.0,69.0,5.0,271.0,0.0,22.0
WX-CZHP,2030-05-08T18:00:00Z,2030-05-11T13:00:00Z,67,10.5,69.0,6.0,289.0,0.0,22.0
WX-CZHP,2030-05-08T18:00:00Z,2030-05-11T14:00:00Z,68,10.4,58.0,7.0,267.0,0.0,22.0
WX-CZHP,2030-05-08T18:00:00Z,2030-05-11T15:00:00Z,69,12.8,51.0,8.0,257.0,0.0,22.0
WX-CZHP,2030-05-08T18:00:00Z,2030-05-11T16:00:00Z,70,16.0,41.0,10.0,269.0,0.0,22.0
WX-CZHP,2030-05-08T18:00:00Z,2030-05-11T17:00:00Z,71,17.6,37.0,13.0,264.0,0.0,22.0
WX-CZHP,2030-05-08T18:00:00Z,2030-05-11T18:00:00Z,72,18.3,35.0,14.0,279.0,0.0,22.0
WX-CET2,2030-05-08T18:00:00Z,2030-05-08T19:00:00Z,1,14.0,40.0,27.0,325.0,0.0,17.0
WX-CET2,2030-05-08T18:00:00Z,2030-05-08T20:00:00Z,2,15.6,39.0,30.0,320.0,0.0,14.0
WX-CET2,2030-05-08T18:00:00Z,2030-05-08T21:00:00Z,3,15.0,38.0,29.0,314.0,0.0,12.0
WX-CET2,2030-05-08T18:00:00Z,2030-05-08T22:00:00Z,4,14.3,32.0,30.0,324.0,0.0,11.0
WX-CET2,2030-05-08T18:00:00Z,2030-05-08T23:00:00Z,5,14.4,35.0,27.0,312.0,0.0,10.0
WX-CET2,2030-05-08T18:00:00Z,2030-05-09T00:00:00Z,6,13.2,43.0,25.0,330.0,0.0,10.0
WX-CET2,2030-05-08T18:00:00Z,2030-05-09T01:00:00Z,7,11.7,48.0,20.0,315.0,0.0,10.0
WX-CET2,2030-05-08T18:00:00Z,2030-05-09T02:00:00Z,8,11.1,50.0,15.0,317.0,0.0,10.0
WX-CET2,2030-05-08T18:00:00Z,2030-05-09T03:00:00Z,9,7.9,60.0,11.0,331.0,0.0,10.0
WX-CET2,2030-05-08T18:00:00Z,2030-05-09T04:00:00Z,10,7.6,67.0,10.0,321.0,0.0,10.0
WX-CET2,2030-05-08T18:00:00Z,2030-05-09T05:00:00Z,11,5.2,71.0,10.0,313.0,0.0,10.0
WX-CET2,2030-05-08T18:00:00Z,2030-05-09T06:00:00Z,12,3.8,81.0,8.0,292.0,0.0,10.0
WX-CET2,2030-05-08T18:00:00Z,2030-05-09T07:00:00Z,13,2.7,89.0,7.0,289.0,0.0,10.0
WX-CET2,2030-05-08T18:00:00Z,2030-05-09T08:00:00Z,14,1.9,95.0,6.0,300.0,0.0,10.0
WX-CET2,2030-05-08T18:00:00Z,2030-05-09T09:00:00Z,15,0.7,94.0,7.0,293.0,0.0,10.0
WX-CET2,2030-05-08T18:00:00Z,2030-05-09T10:00:00Z,16,0.9,96.0,8.0,298.0,0.0,10.0
WX-CET2,2030-05-08T18:00:00Z,2030-05-09T11:00:00Z,17,1.8,93.0,6.0,293.0,0.0,10.0
WX-CET2,2030-05-08T18:00:00Z,2030-05-09T12:00:00Z,18,3.1,83.0,8.0,296.0,0.1,70.0
WX-CET2,2030-05-08T18:00:00Z,2030-05-09T13:00:00Z,19,3.8,78.0,7.0,297.0,0.2,70.0
WX-CET2,2030-05-08T18:00:00Z,2030-05-09T14:00:00Z,20,6.5,85.0,10.0,295.0,0.2,70.0
WX-CET2,2030-05-08T18:00:00Z,2030-05-09T15:00:00Z,21,7.2,86.0,12.0,299.0,0.2,70.0
WX-CET2,2030-05-08T18:00:00Z,2030-05-09T16:00:00Z,22,10.9,82.0,15.0,286.0,0.2,70.0
WX-CET2,2030-05-08T18:00:00Z,2030-05-09T17:00:00Z,23,12.5,49.0,19.0,301.0,0.2,70.0
WX-CET2,2030-05-08T18:00:00Z,2030-05-09T18:00:00Z,24,12.6,35.0,20.0,298.0,0.1,70.0
WX-CET2,2030-05-08T18:00:00Z,2030-05-09T19:00:00Z,25,16.5,43.0,20.0,295.0,0.0,10.0
WX-CET2,2030-05-08T18:00:00Z,2030-05-09T20:00:00Z,26,15.6,38.0,21.0,298.0,0.0,10.0
WX-CET2,2030-05-08T18:00:00Z,2030-05-09T21:00:00Z,27,16.2,26.0,22.0,301.0,0.0,10.0
WX-CET2,2030-05-08T18:00:00Z,2030-05-09T22:00:00Z,28,15.8,37.0,20.0,294.0,0.0,10.0
WX-CET2,2030-05-08T18:00:00Z,2030-05-09T23:00:00Z,29,17.1,42.0,18.0,293.0,0.0,10.0
WX-CET2,2030-05-08T18:00:00Z,2030-05-10T00:00:00Z,30,15.0,29.0,17.0,294.0,0.0,10.0
WX-CET2,2030-05-08T18:00:00Z,2030-05-10T01:00:00Z,31,14.0,42.0,13.0,300.0,0.0,10.0
WX-CET2,2030-05-08T18:00:00Z,2030-05-10T02:00:00Z,32,11.4,44.0,10.0,294.0,0.0,10.0
WX-CET2,2030-05-08T18:00:00Z,2030-05-10T03:00:00Z,33,11.1,50.0,7.0,286.0,0.0,10.0
WX-CET2,2030-05-08T18:00:00Z,2030-05-10T04:00:00Z,34,8.2,60.0,7.0,304.0,0.0,10.0
WX-CET2,2030-05-08T18:00:00Z,2030-05-10T05:00:00Z,35,6.1,60.0,7.0,286.0,0.0,10.0
WX-CET2,2030-05-08T18:00:00Z,2030-05-10T06:00:00Z,36,4.1,80.0,7.0,270.0,0.0,10.0
WX-CET2,2030-05-08T18:00:00Z,2030-05-10T07:00:00Z,37,4.2,77.0,6.0,271.0,0.0,10.0
WX-CET2,2030-05-08T18:00:00Z,2030-05-10T08:00:00Z,38,2.0,86.0,6.0,280.0,0.0,10.0
WX-CET2,2030-05-08T18:00:00Z,2030-05-10T09:00:00Z,39,1.6,90.0,6.0,272.0,0.0,10.0
WX-CET2,2030-05-08T18:00:00Z,2030-05-10T10:00:00Z,40,2.9,94.0,6.0,277.0,0.0,10.0
WX-CET2,2030-05-08T18:00:00Z,2030-05-10T11:00:00Z,41,3.6,86.0,6.0,275.0,0.0,10.0
WX-CET2,2030-05-08T18:00:00Z,2030-05-10T12:00:00Z,42,4.9,92.0,7.0,275.0,0.0,10.0
WX-CET2,2030-05-08T18:00:00Z,2030-05-10T13:00:00Z,43,4.8,76.0,6.0,275.0,0.0,10.0
WX-CET2,2030-05-08T18:00:00Z,2030-05-10T14:00:00Z,44,6.3,63.0,8.0,283.0,0.0,10.0
WX-CET2,2030-05-08T18:00:00Z,2030-05-10T15:00:00Z,45,9.9,57.0,9.0,272.0,0.0,10.0
WX-CET2,2030-05-08T18:00:00Z,2030-05-10T16:00:00Z,46,11.0,62.0,14.0,282.0,0.0,10.0
WX-CET2,2030-05-08T18:00:00Z,2030-05-10T17:00:00Z,47,12.3,43.0,14.0,277.0,0.0,10.0
WX-CET2,2030-05-08T18:00:00Z,2030-05-10T18:00:00Z,48,14.4,33.0,16.0,273.0,0.0,10.0
WX-CET2,2030-05-08T18:00:00Z,2030-05-10T19:00:00Z,49,16.9,26.0,14.0,268.0,0.0,10.0
WX-CET2,2030-05-08T18:00:00Z,2030-05-10T20:00:00Z,50,18.2,32.0,17.0,277.0,0.0,10.0
WX-CET2,2030-05-08T18:00:00Z,2030-05-10T21:00:00Z,51,17.9,35.0,16.0,281.0,0.0,10.0
WX-CET2,2030-05-08T18:00:00Z,2030-05-10T22:00:00Z,52,17.6,38.0,13.0,282.0,0.0,10.0
WX-CET2,2030-05-08T18:00:00Z,2030-05-10T23:00:00Z,53,17.2,32.0,15.0,271.0,0.0,10.0
WX-CET2,2030-05-08T18:00:00Z,2030-05-11T00:00:00Z,54,16.6,30.0,13.0,273.0,0.0,10.0
WX-CET2,2030-05-08T18:00:00Z,2030-05-11T01:00:00Z,55,15.5,38.0,12.0,271.0,0.0,10.0
WX-CET2,2030-05-08T18:00:00Z,2030-05-11T02:00:00Z,56,12.9,49.0,8.0,280.0,0.0,10.0
WX-CET2,2030-05-08T18:00:00Z,2030-05-11T03:00:00Z,57,11.4,54.0,6.0,269.0,0.0,10.0
WX-CET2,2030-05-08T18:00:00Z,2030-05-11T04:00:00Z,58,9.6,57.0,6.0,273.0,0.0,10.0
WX-CET2,2030-05-08T18:00:00Z,2030-05-11T05:00:00Z,59,8.0,66.0,6.0,283.0,0.0,10.0
WX-CET2,2030-05-08T18:00:00Z,2030-05-11T06:00:00Z,60,5.5,80.0,6.0,269.0,0.0,10.0
WX-CET2,2030-05-08T18:00:00Z,2030-05-11T07:00:00Z,61,3.3,78.0,6.0,271.0,0.0,10.0
WX-CET2,2030-05-08T18:00:00Z,2030-05-11T08:00:00Z,62,2.2,86.0,7.0,282.0,0.0,10.0
WX-CET2,2030-05-08T18:00:00Z,2030-05-11T09:00:00Z,63,0.7,100.0,7.0,262.0,0.0,10.0
WX-CET2,2030-05-08T18:00:00Z,2030-05-11T10:00:00Z,64,1.6,85.0,7.0,259.0,0.0,10.0
WX-CET2,2030-05-08T18:00:00Z,2030-05-11T11:00:00Z,65,3.1,92.0,6.0,266.0,0.0,10.0
WX-CET2,2030-05-08T18:00:00Z,2030-05-11T12:00:00Z,66,3.5,88.0,6.0,267.0,0.0,10.0
WX-CET2,2030-05-08T18:00:00Z,2030-05-11T13:00:00Z,67,5.7,83.0,6.0,286.0,0.0,10.0
WX-CET2,2030-05-08T18:00:00Z,2030-05-11T14:00:00Z,68,7.6,67.0,7.0,288.0,0.0,10.0
WX-CET2,2030-05-08T18:00:00Z,2030-05-11T15:00:00Z,69,8.4,55.0,11.0,269.0,0.0,10.0
WX-CET2,2030-05-08T18:00:00Z,2030-05-11T16:00:00Z,70,9.2,50.0,12.0,260.0,0.0,10.0
WX-CET2,2030-05-08T18:00:00Z,2030-05-11T17:00:00Z,71,13.1,45.0,12.0,301.0,0.0,10.0
WX-CET2,2030-05-08T18:00:00Z,2030-05-11T18:00:00Z,72,13.9,49.0,17.0,272.0,0.0,10.0
WX-CFN5,2030-05-08T18:00:00Z,2030-05-08T19:00:00Z,1,14.3,42.0,33.0,344.0,0.0,16.0
WX-CFN5,2030-05-08T18:00:00Z,2030-05-08T20:00:00Z,2,15.9,40.0,34.0,328.0,0.0,16.0
WX-CFN5,2030-05-08T18:00:00Z,2030-05-08T21:00:00Z,3,16.4,37.0,32.0,339.0,0.0,16.0
WX-CFN5,2030-05-08T18:00:00Z,2030-05-08T22:00:00Z,4,16.9,41.0,30.0,342.0,0.0,16.0
WX-CFN5,2030-05-08T18:00:00Z,2030-05-08T23:00:00Z,5,16.2,40.0,27.0,333.0,0.0,16.0
WX-CFN5,2030-05-08T18:00:00Z,2030-05-09T00:00:00Z,6,15.6,41.0,24.0,333.0,0.0,16.0
WX-CFN5,2030-05-08T18:00:00Z,2030-05-09T01:00:00Z,7,14.5,54.0,21.0,340.0,0.0,16.0
WX-CFN5,2030-05-08T18:00:00Z,2030-05-09T02:00:00Z,8,12.1,51.0,16.0,339.0,0.0,16.0
WX-CFN5,2030-05-08T18:00:00Z,2030-05-09T03:00:00Z,9,9.3,59.0,11.0,342.0,0.0,16.0
WX-CFN5,2030-05-08T18:00:00Z,2030-05-09T04:00:00Z,10,8.4,68.0,12.0,333.0,0.0,16.0
WX-CFN5,2030-05-08T18:00:00Z,2030-05-09T05:00:00Z,11,6.6,82.0,10.0,328.0,0.0,16.0
WX-CFN5,2030-05-08T18:00:00Z,2030-05-09T06:00:00Z,12,4.7,75.0,7.0,314.0,0.0,16.0
WX-CFN5,2030-05-08T18:00:00Z,2030-05-09T07:00:00Z,13,4.6,83.0,8.0,308.0,0.0,16.0
WX-CFN5,2030-05-08T18:00:00Z,2030-05-09T08:00:00Z,14,2.8,98.0,8.0,316.0,0.0,16.0
WX-CFN5,2030-05-08T18:00:00Z,2030-05-09T09:00:00Z,15,2.8,92.0,8.0,308.0,0.0,16.0
WX-CFN5,2030-05-08T18:00:00Z,2030-05-09T10:00:00Z,16,2.1,97.0,7.0,304.0,0.0,16.0
WX-CFN5,2030-05-08T18:00:00Z,2030-05-09T11:00:00Z,17,2.8,95.0,8.0,316.0,0.0,16.0
WX-CFN5,2030-05-08T18:00:00Z,2030-05-09T12:00:00Z,18,3.2,90.0,7.0,310.0,0.0,16.0
WX-CFN5,2030-05-08T18:00:00Z,2030-05-09T13:00:00Z,19,5.4,88.0,8.0,310.0,0.0,16.0
WX-CFN5,2030-05-08T18:00:00Z,2030-05-09T14:00:00Z,20,6.7,69.0,10.0,308.0,0.0,16.0
WX-CFN5,2030-05-08T18:00:00Z,2030-05-09T15:00:00Z,21,8.0,65.0,12.0,311.0,0.0,16.0
WX-CFN5,2030-05-08T18:00:00Z,2030-05-09T16:00:00Z,22,11.4,58.0,15.0,308.0,0.0,16.0
WX-CFN5,2030-05-08T18:00:00Z,2030-05-09T17:00:00Z,23,13.8,52.0,20.0,311.0,0.0,16.0
WX-CFN5,2030-05-08T18:00:00Z,2030-05-09T18:00:00Z,24,13.8,44.0,19.0,314.0,0.0,16.0
WX-CFN5,2030-05-08T18:00:00Z,2030-05-09T19:00:00Z,25,15.9,43.0,24.0,313.0,0.0,16.0
WX-CFN5,2030-05-08T18:00:00Z,2030-05-09T20:00:00Z,26,17.2,41.0,22.0,315.0,0.0,16.0
WX-CFN5,2030-05-08T18:00:00Z,2030-05-09T21:00:00Z,27,17.3,33.0,28.0,308.0,0.0,16.0
WX-CFN5,2030-05-08T18:00:00Z,2030-05-09T22:00:00Z,28,18.0,38.0,23.0,313.0,0.0,16.0
WX-CFN5,2030-05-08T18:00:00Z,2030-05-09T23:00:00Z,29,17.8,45.0,19.0,315.0,0.0,16.0
WX-CFN5,2030-05-08T18:00:00Z,2030-05-10T00:00:00Z,30,17.0,40.0,17.0,315.0,0.0,16.0
WX-CFN5,2030-05-08T18:00:00Z,2030-05-10T01:00:00Z,31,14.4,44.0,15.0,317.0,0.0,16.0
WX-CFN5,2030-05-08T18:00:00Z,2030-05-10T02:00:00Z,32,12.6,46.0,10.0,314.0,0.0,16.0
WX-CFN5,2030-05-08T18:00:00Z,2030-05-10T03:00:00Z,33,10.6,57.0,8.0,330.0,0.0,16.0
WX-CFN5,2030-05-08T18:00:00Z,2030-05-10T04:00:00Z,34,8.4,53.0,8.0,313.0,0.0,16.0
WX-CFN5,2030-05-08T18:00:00Z,2030-05-10T05:00:00Z,35,6.9,74.0,8.0,323.0,0.0,16.0
WX-CFN5,2030-05-08T18:00:00Z,2030-05-10T06:00:00Z,36,7.2,75.0,7.0,294.0,0.0,16.0
WX-CFN5,2030-05-08T18:00:00Z,2030-05-10T07:00:00Z,37,6.1,93.0,7.0,288.0,0.0,16.0
WX-CFN5,2030-05-08T18:00:00Z,2030-05-10T08:00:00Z,38,3.0,97.0,6.0,285.0,0.0,16.0
WX-CFN5,2030-05-08T18:00:00Z,2030-05-10T09:00:00Z,39,3.1,100.0,6.0,292.0,0.0,16.0
WX-CFN5,2030-05-08T18:00:00Z,2030-05-10T10:00:00Z,40,2.5,100.0,7.0,289.0,0.0,16.0
WX-CFN5,2030-05-08T18:00:00Z,2030-05-10T11:00:00Z,41,5.7,93.0,7.0,293.0,0.0,16.0
WX-CFN5,2030-05-08T18:00:00Z,2030-05-10T12:00:00Z,42,5.5,92.0,6.0,285.0,0.0,16.0
WX-CFN5,2030-05-08T18:00:00Z,2030-05-10T13:00:00Z,43,4.9,80.0,6.0,288.0,0.0,16.0
WX-CFN5,2030-05-08T18:00:00Z,2030-05-10T14:00:00Z,44,8.9,66.0,8.0,298.0,0.0,16.0
WX-CFN5,2030-05-08T18:00:00Z,2030-05-10T15:00:00Z,45,10.8,67.0,10.0,294.0,0.0,16.0
WX-CFN5,2030-05-08T18:00:00Z,2030-05-10T16:00:00Z,46,13.3,60.0,12.0,302.0,0.0,16.0
WX-CFN5,2030-05-08T18:00:00Z,2030-05-10T17:00:00Z,47,14.9,49.0,14.0,307.0,0.0,16.0
WX-CFN5,2030-05-08T18:00:00Z,2030-05-10T18:00:00Z,48,17.4,41.0,16.0,276.0,0.0,16.0
WX-CFN5,2030-05-08T18:00:00Z,2030-05-10T19:00:00Z,49,17.6,35.0,18.0,301.0,0.0,16.0
WX-CFN5,2030-05-08T18:00:00Z,2030-05-10T20:00:00Z,50,20.1,29.0,16.0,294.0,0.0,16.0
WX-CFN5,2030-05-08T18:00:00Z,2030-05-10T21:00:00Z,51,19.3,29.0,14.0,273.0,0.0,16.0
WX-CFN5,2030-05-08T18:00:00Z,2030-05-10T22:00:00Z,52,19.5,36.0,16.0,295.0,0.0,16.0
WX-CFN5,2030-05-08T18:00:00Z,2030-05-10T23:00:00Z,53,18.9,35.0,15.0,289.0,0.0,16.0
WX-CFN5,2030-05-08T18:00:00Z,2030-05-11T00:00:00Z,54,18.7,25.0,13.0,295.0,0.0,16.0
WX-CFN5,2030-05-08T18:00:00Z,2030-05-11T01:00:00Z,55,15.7,41.0,12.0,293.0,0.0,16.0
WX-CFN5,2030-05-08T18:00:00Z,2030-05-11T02:00:00Z,56,14.8,39.0,8.0,281.0,0.0,16.0
WX-CFN5,2030-05-08T18:00:00Z,2030-05-11T03:00:00Z,57,11.4,56.0,6.0,282.0,0.0,16.0
WX-CFN5,2030-05-08T18:00:00Z,2030-05-11T04:00:00Z,58,10.6,64.0,6.0,289.0,0.0,16.0
WX-CFN5,2030-05-08T18:00:00Z,2030-05-11T05:00:00Z,59,9.3,71.0,7.0,283.0,0.0,16.0
WX-CFN5,2030-05-08T18:00:00Z,2030-05-11T06:00:00Z,60,7.1,75.0,6.0,302.0,0.0,16.0
WX-CFN5,2030-05-08T18:00:00Z,2030-05-11T07:00:00Z,61,3.8,87.0,6.0,286.0,0.0,16.0
WX-CFN5,2030-05-08T18:00:00Z,2030-05-11T08:00:00Z,62,3.4,88.0,7.0,288.0,0.0,16.0
WX-CFN5,2030-05-08T18:00:00Z,2030-05-11T09:00:00Z,63,2.8,100.0,7.0,295.0,0.0,16.0
WX-CFN5,2030-05-08T18:00:00Z,2030-05-11T10:00:00Z,64,2.4,94.0,7.0,298.0,0.0,16.0
WX-CFN5,2030-05-08T18:00:00Z,2030-05-11T11:00:00Z,65,2.8,90.0,7.0,283.0,0.0,16.0
WX-CFN5,2030-05-08T18:00:00Z,2030-05-11T12:00:00Z,66,5.1,96.0,6.0,280.0,0.0,16.0
WX-CFN5,2030-05-08T18:00:00Z,2030-05-11T13:00:00Z,67,6.4,67.0,6.0,291.0,0.0,16.0
WX-CFN5,2030-05-08T18:00:00Z,2030-05-11T14:00:00Z,68,8.3,75.0,7.0,305.0,0.0,16.0
WX-CFN5,2030-05-08T18:00:00Z,2030-05-11T15:00:00Z,69,10.1,62.0,9.0,301.0,0.0,16.0
WX-CFN5,2030-05-08T18:00:00Z,2030-05-11T16:00:00Z,70,10.4,43.0,14.0,280.0,0.0,16.0
WX-CFN5,2030-05-08T18:00:00Z,2030-05-11T17:00:00Z,71,12.7,42.0,17.0,280.0,0.0,16.0
WX-CFN5,2030-05-08T18:00:00Z,2030-05-11T18:00:00Z,72,15.5,40.0,13.0,285.0,0.0,16.0
WX-CEM5,2030-05-08T18:00:00Z,2030-05-08T19:00:00Z,1,20.5,25.0,24.0,328.0,0.0,22.0
WX-CEM5,2030-05-08T18:00:00Z,2030-05-08T20:00:00Z,2,21.5,24.0,23.0,340.0,0.0,22.0
WX-CEM5,2030-05-08T18:00:00Z,2030-05-08T21:00:00Z,3,21.0,24.0,26.0,323.0,0.0,22.0
WX-CEM5,2030-05-08T18:00:00Z,2030-05-08T22:00:00Z,4,21.9,22.0,24.0,332.0,0.0,22.0
WX-CEM5,2030-05-08T18:00:00Z,2030-05-08T23:00:00Z,5,20.9,27.0,23.0,329.0,0.0,21.0
WX-CEM5,2030-05-08T18:00:00Z,2030-05-09T00:00:00Z,6,19.8,24.0,18.0,329.0,0.0,21.0
WX-CEM5,2030-05-08T18:00:00Z,2030-05-09T01:00:00Z,7,18.9,27.0,15.0,338.0,0.0,21.0
WX-CEM5,2030-05-08T18:00:00Z,2030-05-09T02:00:00Z,8,17.1,29.0,12.0,321.0,0.0,21.0
WX-CEM5,2030-05-08T18:00:00Z,2030-05-09T03:00:00Z,9,15.4,33.0,9.0,338.0,0.0,21.0
WX-CEM5,2030-05-08T18:00:00Z,2030-05-09T04:00:00Z,10,13.4,48.0,9.0,324.0,0.0,21.0
WX-CEM5,2030-05-08T18:00:00Z,2030-05-09T05:00:00Z,11,13.5,50.0,8.0,334.0,0.0,21.0
WX-CEM5,2030-05-08T18:00:00Z,2030-05-09T06:00:00Z,12,10.8,53.0,5.0,306.0,0.0,21.0
WX-CEM5,2030-05-08T18:00:00Z,2030-05-09T07:00:00Z,13,9.9,53.0,6.0,312.0,0.0,21.0
WX-CEM5,2030-05-08T18:00:00Z,2030-05-09T08:00:00Z,14,8.6,61.0,6.0,300.0,0.0,21.0
WX-CEM5,2030-05-08T18:00:00Z,2030-05-09T09:00:00Z,15,8.0,63.0,6.0,303.0,0.0,21.0
WX-CEM5,2030-05-08T18:00:00Z,2030-05-09T10:00:00Z,16,8.5,57.0,6.0,304.0,0.0,21.0
WX-CEM5,2030-05-08T18:00:00Z,2030-05-09T11:00:00Z,17,7.6,59.0,5.0,306.0,0.0,21.0
WX-CEM5,2030-05-08T18:00:00Z,2030-05-09T12:00:00Z,18,10.0,54.0,6.0,310.0,0.0,21.0
WX-CEM5,2030-05-08T18:00:00Z,2030-05-09T13:00:00Z,19,11.2,49.0,5.0,299.0,0.0,21.0
WX-CEM5,2030-05-08T18:00:00Z,2030-05-09T14:00:00Z,20,13.4,44.0,7.0,309.0,0.0,21.0
WX-CEM5,2030-05-08T18:00:00Z,2030-05-09T15:00:00Z,21,13.8,38.0,10.0,305.0,0.1,81.0
WX-CEM5,2030-05-08T18:00:00Z,2030-05-09T16:00:00Z,22,17.3,27.0,13.0,297.0,0.0,21.0
WX-CEM5,2030-05-08T18:00:00Z,2030-05-09T17:00:00Z,23,18.6,34.0,15.0,312.0,0.0,21.0
WX-CEM5,2030-05-08T18:00:00Z,2030-05-09T18:00:00Z,24,18.8,33.0,19.0,307.0,0.0,21.0
WX-CEM5,2030-05-08T18:00:00Z,2030-05-09T19:00:00Z,25,21.9,32.0,15.0,305.0,0.0,21.0
WX-CEM5,2030-05-08T18:00:00Z,2030-05-09T20:00:00Z,26,22.0,21.0,18.0,324.0,0.0,21.0
WX-CEM5,2030-05-08T18:00:00Z,2030-05-09T21:00:00Z,27,23.8,26.0,19.0,314.0,0.0,21.0
WX-CEM5,2030-05-08T18:00:00Z,2030-05-09T22:00:00Z,28,22.0,28.0,17.0,305.0,0.0,21.0
WX-CEM5,2030-05-08T18:00:00Z,2030-05-09T23:00:00Z,29,22.2,21.0,14.0,309.0,0.0,21.0
WX-CEM5,2030-05-08T18:00:00Z,2030-05-10T00:00:00Z,30,21.1,31.0,13.0,307.0,0.0,21.0
WX-CEM5,2030-05-08T18:00:00Z,2030-05-10T01:00:00Z,31,20.6,26.0,10.0,294.0,0.0,21.0
WX-CEM5,2030-05-08T18:00:00Z,2030-05-10T02:00:00Z,32,17.4,28.0,9.0,297.0,0.0,21.0
WX-CEM5,2030-05-08T18:00:00Z,2030-05-10T03:00:00Z,33,14.9,37.0,6.0,306.0,0.0,21.0
WX-CEM5,2030-05-08T18:00:00Z,2030-05-10T04:00:00Z,34,13.0,41.0,6.0,299.0,0.0,21.0
WX-CEM5,2030-05-08T18:00:00Z,2030-05-10T05:00:00Z,35,12.4,45.0,5.0,316.0,0.0,21.0
WX-CEM5,2030-05-08T18:00:00Z,2030-05-10T06:00:00Z,36,10.8,60.0,5.0,273.0,0.0,21.0
WX-CEM5,2030-05-08T18:00:00Z,2030-05-10T07:00:00Z,37,10.9,50.0,5.0,284.0,0.0,21.0
WX-CEM5,2030-05-08T18:00:00Z,2030-05-10T08:00:00Z,38,9.9,58.0,5.0,286.0,0.0,21.0
WX-CEM5,2030-05-08T18:00:00Z,2030-05-10T09:00:00Z,39,9.5,58.0,5.0,287.0,0.0,21.0
WX-CEM5,2030-05-08T18:00:00Z,2030-05-10T10:00:00Z,40,8.6,56.0,5.0,285.0,0.0,21.0
WX-CEM5,2030-05-08T18:00:00Z,2030-05-10T11:00:00Z,41,9.0,61.0,5.0,285.0,0.0,21.0
WX-CEM5,2030-05-08T18:00:00Z,2030-05-10T12:00:00Z,42,11.1,52.0,5.0,292.0,0.0,21.0
WX-CEM5,2030-05-08T18:00:00Z,2030-05-10T13:00:00Z,43,12.0,49.0,6.0,283.0,0.0,21.0
WX-CEM5,2030-05-08T18:00:00Z,2030-05-10T14:00:00Z,44,14.2,50.0,6.0,283.0,0.0,21.0
WX-CEM5,2030-05-08T18:00:00Z,2030-05-10T15:00:00Z,45,15.9,39.0,8.0,291.0,0.0,21.0
WX-CEM5,2030-05-08T18:00:00Z,2030-05-10T16:00:00Z,46,17.5,37.0,9.0,292.0,0.0,21.0
WX-CEM5,2030-05-08T18:00:00Z,2030-05-10T17:00:00Z,47,19.2,31.0,11.0,281.0,0.0,21.0
WX-CEM5,2030-05-08T18:00:00Z,2030-05-10T18:00:00Z,48,21.3,23.0,12.0,283.0,0.0,21.0
WX-CEM5,2030-05-08T18:00:00Z,2030-05-10T19:00:00Z,49,24.1,27.0,12.0,286.0,0.0,21.0
WX-CEM5,2030-05-08T18:00:00Z,2030-05-10T20:00:00Z,50,24.4,18.0,12.0,266.0,0.0,21.0
WX-CEM5,2030-05-08T18:00:00Z,2030-05-10T21:00:00Z,51,25.5,24.0,11.0,286.0,0.0,21.0
WX-CEM5,2030-05-08T18:00:00Z,2030-05-10T22:00:00Z,52,25.4,36.0,13.0,270.0,0.0,21.0
WX-CEM5,2030-05-08T18:00:00Z,2030-05-10T23:00:00Z,53,23.7,19.0,11.0,289.0,0.0,21.0
WX-CEM5,2030-05-08T18:00:00Z,2030-05-11T00:00:00Z,54,25.0,25.0,11.0,297.0,0.0,21.0
WX-CEM5,2030-05-08T18:00:00Z,2030-05-11T01:00:00Z,55,20.8,30.0,8.0,286.0,0.0,21.0
WX-CEM5,2030-05-08T18:00:00Z,2030-05-11T02:00:00Z,56,19.3,30.0,7.0,290.0,0.0,21.0
WX-CEM5,2030-05-08T18:00:00Z,2030-05-11T03:00:00Z,57,17.7,36.0,5.0,290.0,0.0,21.0
WX-CEM5,2030-05-08T18:00:00Z,2030-05-11T04:00:00Z,58,16.1,38.0,4.0,288.0,0.0,21.0
WX-CEM5,2030-05-08T18:00:00Z,2030-05-11T05:00:00Z,59,14.7,32.0,4.0,284.0,0.0,21.0
WX-CEM5,2030-05-08T18:00:00Z,2030-05-11T06:00:00Z,60,11.7,54.0,5.0,281.0,0.0,21.0
WX-CEM5,2030-05-08T18:00:00Z,2030-05-11T07:00:00Z,61,10.2,61.0,5.0,275.0,0.0,21.0
WX-CEM5,2030-05-08T18:00:00Z,2030-05-11T08:00:00Z,62,9.8,54.0,5.0,285.0,0.0,21.0
WX-CEM5,2030-05-08T18:00:00Z,2030-05-11T09:00:00Z,63,9.6,59.0,5.0,287.0,0.0,21.0
WX-CEM5,2030-05-08T18:00:00Z,2030-05-11T10:00:00Z,64,9.4,64.0,5.0,279.0,0.0,21.0
WX-CEM5,2030-05-08T18:00:00Z,2030-05-11T11:00:00Z,65,10.0,66.0,5.0,274.0,0.0,21.0
WX-CEM5,2030-05-08T18:00:00Z,2030-05-11T12:00:00Z,66,11.8,59.0,5.0,281.0,0.0,21.0
WX-CEM5,2030-05-08T18:00:00Z,2030-05-11T13:00:00Z,67,12.7,46.0,6.0,282.0,0.0,21.0
WX-CEM5,2030-05-08T18:00:00Z,2030-05-11T14:00:00Z,68,13.9,45.0,5.0,286.0,0.0,21.0
WX-CEM5,2030-05-08T18:00:00Z,2030-05-11T15:00:00Z,69,15.5,45.0,7.0,284.0,0.0,21.0
WX-CEM5,2030-05-08T18:00:00Z,2030-05-11T16:00:00Z,70,17.6,28.0,9.0,278.0,0.0,21.0
WX-CEM5,2030-05-08T18:00:00Z,2030-05-11T17:00:00Z,71,20.0,36.0,10.0,266.0,0.0,21.0
WX-CEM5,2030-05-08T18:00:00Z,2030-05-11T18:00:00Z,72,23.0,15.0,11.0,297.0,0.0,21.0
WX-CYMM,2030-05-09T18:00:00Z,2030-05-09T19:00:00Z,1,16.2,33.0,16.0,301.0,0.1,62.0
WX-CYMM,2030-05-09T18:00:00Z,2030-05-09T20:00:00Z,2,16.9,31.0,18.0,304.0,0.0,2.0
WX-CYMM,2030-05-09T18:00:00Z,2030-05-09T21:00:00Z,3,17.0,25.0,17.0,287.0,0.0,2.0
WX-CYMM,2030-05-09T18:00:00Z,2030-05-09T22:00:00Z,4,17.7,28.0,16.0,290.0,0.0,2.0
WX-CYMM,2030-05-09T18:00:00Z,2030-05-09T23:00:00Z,5,17.1,31.0,15.0,287.0,0.0,2.0
WX-CYMM,2030-05-09T18:00:00Z,2030-05-10T00:00:00Z,6,15.8,33.0,13.0,292.0,0.0,2.0
WX-CYMM,2030-05-09T18:00:00Z,2030-05-10T01:00:00Z,7,13.7,39.0,10.0,286.0,0.0,2.0
WX-CYMM,2030-05-09T18:00:00Z,2030-05-10T02:00:00Z,8,14.1,47.0,8.0,280.0,0.0,2.0
WX-CYMM,2030-05-09T18:00:00Z,2030-05-10T03:00:00Z,9,11.2,50.0,6.0,277.0,0.0,2.0
WX-CYMM,2030-05-09T18:00:00Z,2030-05-10T04:00:00Z,10,9.5,52.0,6.0,292.0,0.0,2.0
WX-CYMM,2030-05-09T18:00:00Z,2030-05-10T05:00:00Z,11,6.7,62.0,6.0,285.0,0.0,2.0
WX-CYMM,2030-05-09T18:00:00Z,2030-05-10T06:00:00Z,12,7.1,64.0,5.0,272.0,0.0,2.0
WX-CYMM,2030-05-09T18:00:00Z,2030-05-10T07:00:00Z,13,5.3,80.0,5.0,275.0,0.0,2.0
WX-CYMM,2030-05-09T18:00:00Z,2030-05-10T08:00:00Z,14,4.0,83.0,5.0,274.0,0.0,2.0
WX-CYMM,2030-05-09T18:00:00Z,2030-05-10T09:00:00Z,15,3.2,91.0,5.0,275.0,0.0,2.0
WX-CYMM,2030-05-09T18:00:00Z,2030-05-10T10:00:00Z,16,4.2,83.0,4.0,275.0,0.0,2.0
WX-CYMM,2030-05-09T18:00:00Z,2030-05-10T11:00:00Z,17,4.6,79.0,5.0,282.0,0.0,2.0
WX-CYMM,2030-05-09T18:00:00Z,2030-05-10T12:00:00Z,18,4.7,77.0,5.0,269.0,0.0,2.0
WX-CYMM,2030-05-09T18:00:00Z,2030-05-10T13:00:00Z,19,6.3,67.0,5.0,272.0,0.0,2.0
WX-CYMM,2030-05-09T18:00:00Z,2030-05-10T14:00:00Z,20,9.8,69.0,6.0,272.0,0.0,2.0
WX-CYMM,2030-05-09T18:00:00Z,2030-05-10T15:00:00Z,21,11.1,54.0,7.0,279.0,0.0,2.0
WX-CYMM,2030-05-09T18:00:00Z,2030-05-10T16:00:00Z,22,11.9,47.0,9.0,283.0,0.0,2.0
WX-CYMM,2030-05-09T18:00:00Z,2030-05-10T17:00:00Z,23,13.7,43.0,10.0,270.0,0.0,2.0
WX-CYMM,2030-05-09T18:00:00Z,2030-05-10T18:00:00Z,24,17.8,38.0,12.0,272.0,0.0,2.0
WX-CYMM,2030-05-09T18:00:00Z,2030-05-10T19:00:00Z,25,18.0,27.0,12.0,283.0,0.0,2.0
WX-CYMM,2030-05-09T18:00:00Z,2030-05-10T20:00:00Z,26,17.5,31.0,13.0,284.0,0.0,2.0
WX-CYMM,2030-05-09T18:00:00Z,2030-05-10T21:00:00Z,27,20.1,33.0,12.0,269.0,0.0,2.0
WX-CYMM,2030-05-09T18:00:00Z,2030-05-10T22:00:00Z,28,19.2,27.0,11.0,262.0,0.0,2.0
WX-CYMM,2030-05-09T18:00:00Z,2030-05-10T23:00:00Z,29,19.6,32.0,11.0,276.0,0.0,2.0
WX-CYMM,2030-05-09T18:00:00Z,2030-05-11T00:00:00Z,30,18.9,29.0,9.0,262.0,0.0,2.0
WX-CYMM,2030-05-09T18:00:00Z,2030-05-11T01:00:00Z,31,16.1,32.0,8.0,269.0,0.0,2.0
WX-CYMM,2030-05-09T18:00:00Z,2030-05-11T02:00:00Z,32,14.8,44.0,7.0,274.0,0.0,2.0
WX-CYMM,2030-05-09T18:00:00Z,2030-05-11T03:00:00Z,33,12.6,49.0,5.0,278.0,0.0,2.0
WX-CYMM,2030-05-09T18:00:00Z,2030-05-11T04:00:00Z,34,10.9,50.0,4.0,257.0,0.0,2.0
WX-CYMM,2030-05-09T18:00:00Z,2030-05-11T05:00:00Z,35,9.6,55.0,4.0,270.0,0.0,2.0
WX-CYMM,2030-05-09T18:00:00Z,2030-05-11T06:00:00Z,36,6.2,66.0,5.0,268.0,0.0,2.0
WX-CYMM,2030-05-09T18:00:00Z,2030-05-11T07:00:00Z,37,5.7,87.0,5.0,266.0,0.0,2.0
WX-CYMM,2030-05-09T18:00:00Z,2030-05-11T08:00:00Z,38,4.1,83.0,5.0,276.0,0.0,2.0
WX-CYMM,2030-05-09T18:00:00Z,2030-05-11T09:00:00Z,39,3.7,94.0,5.0,278.0,0.0,2.0
WX-CYMM,2030-05-09T18:00:00Z,2030-05-11T10:00:00Z,40,4.0,84.0,5.0,261.0,0.0,2.0
WX-CYMM,2030-05-09T18:00:00Z,2030-05-11T11:00:00Z,41,5.1,82.0,5.0,271.0,0.0,2.0
WX-CYMM,2030-05-09T18:00:00Z,2030-05-11T12:00:00Z,42,4.4,77.0,5.0,260.0,0.0,2.0
WX-CYMM,2030-05-09T18:00:00Z,2030-05-11T13:00:00Z,43,8.0,65.0,5.0,259.0,0.0,2.0
WX-CYMM,2030-05-09T18:00:00Z,2030-05-11T14:00:00Z,44,10.1,56.0,6.0,280.0,0.0,2.0
WX-CYMM,2030-05-09T18:00:00Z,2030-05-11T15:00:00Z,45,10.3,55.0,7.0,277.0,0.0,2.0
WX-CYMM,2030-05-09T18:00:00Z,2030-05-11T16:00:00Z,46,14.2,46.0,9.0,262.0,0.0,2.0
WX-CYMM,2030-05-09T18:00:00Z,2030-05-11T17:00:00Z,47,14.6,38.0,10.0,277.0,0.0,2.0
WX-CYMM,2030-05-09T18:00:00Z,2030-05-11T18:00:00Z,48,15.7,38.0,13.0,272.0,0.0,2.0
WX-CYMM,2030-05-09T18:00:00Z,2030-05-11T19:00:00Z,49,17.6,34.0,11.0,279.0,0.0,2.0
WX-CYMM,2030-05-09T18:00:00Z,2030-05-11T20:00:00Z,50,18.4,17.0,10.0,259.0,0.0,2.0
WX-CYMM,2030-05-09T18:00:00Z,2030-05-11T21:00:00Z,51,19.0,26.0,13.0,274.0,0.0,2.0
WX-CYMM,2030-05-09T18:00:00Z,2030-05-11T22:00:00Z,52,19.9,20.0,15.0,277.0,0.0,2.0
WX-CYMM,2030-05-09T18:00:00Z,2030-05-11T23:00:00Z,53,19.2,29.0,11.0,260.0,0.0,2.0
WX-CYMM,2030-05-09T18:00:00Z,2030-05-12T00:00:00Z,54,16.6,32.0,9.0,269.0,0.0,2.0
WX-CYMM,2030-05-09T18:00:00Z,2030-05-12T01:00:00Z,55,18.1,28.0,8.0,281.0,0.0,2.0
WX-CYMM,2030-05-09T18:00:00Z,2030-05-12T02:00:00Z,56,15.5,38.0,6.0,277.0,0.0,2.0
WX-CYMM,2030-05-09T18:00:00Z,2030-05-12T03:00:00Z,57,12.0,41.0,5.0,259.0,0.0,2.0
WX-CYMM,2030-05-09T18:00:00Z,2030-05-12T04:00:00Z,58,10.2,50.0,5.0,282.0,0.0,2.0
WX-CYMM,2030-05-09T18:00:00Z,2030-05-12T05:00:00Z,59,10.4,56.0,5.0,256.0,0.0,2.0
WX-CYMM,2030-05-09T18:00:00Z,2030-05-12T06:00:00Z,60,5.9,60.0,5.0,279.0,0.0,2.0
WX-CYMM,2030-05-09T18:00:00Z,2030-05-12T07:00:00Z,61,6.0,79.0,5.0,274.0,0.0,2.0
WX-CYMM,2030-05-09T18:00:00Z,2030-05-12T08:00:00Z,62,5.5,74.0,5.0,274.0,0.0,2.0
WX-CYMM,2030-05-09T18:00:00Z,2030-05-12T09:00:00Z,63,2.9,81.0,5.0,283.0,0.0,2.0
WX-CYMM,2030-05-09T18:00:00Z,2030-05-12T10:00:00Z,64,2.6,80.0,4.0,263.0,0.0,2.0
WX-CYMM,2030-05-09T18:00:00Z,2030-05-12T11:00:00Z,65,4.2,82.0,6.0,287.0,0.0,2.0
WX-CYMM,2030-05-09T18:00:00Z,2030-05-12T12:00:00Z,66,5.3,83.0,5.0,284.0,0.0,2.0
WX-CYMM,2030-05-09T18:00:00Z,2030-05-12T13:00:00Z,67,7.9,75.0,5.0,258.0,0.0,2.0
WX-CYMM,2030-05-09T18:00:00Z,2030-05-12T14:00:00Z,68,7.7,57.0,6.0,283.0,0.0,2.0
WX-CYMM,2030-05-09T18:00:00Z,2030-05-12T15:00:00Z,69,8.8,49.0,8.0,268.0,0.0,2.0
WX-CYMM,2030-05-09T18:00:00Z,2030-05-12T16:00:00Z,70,13.8,36.0,9.0,270.0,0.0,2.0
WX-CYMM,2030-05-09T18:00:00Z,2030-05-12T17:00:00Z,71,15.3,45.0,10.0,271.0,0.0,2.0
WX-CYMM,2030-05-09T18:00:00Z,2030-05-12T18:00:00Z,72,16.3,41.0,9.0,260.0,0.0,2.0
WX-CYZH,2030-05-09T18:00:00Z,2030-05-09T19:00:00Z,1,17.7,27.0,18.0,309.0,0.0,28.0
WX-CYZH,2030-05-09T18:00:00Z,2030-05-09T20:00:00Z,2,19.0,20.0,19.0,312.0,0.0,28.0
WX-CYZH,2030-05-09T18:00:00Z,2030-05-09T21:00:00Z,3,19.0,20.0,19.0,314.0,0.0,28.0
WX-CYZH,2030-05-09T18:00:00Z,2030-05-09T22:00:00Z,4,19.3,23.0,17.0,318.0,0.0,28.0
WX-CYZH,2030-05-09T18:00:00Z,2030-05-09T23:00:00Z,5,18.1,23.0,16.0,318.0,0.0,28.0
WX-CYZH,2030-05-09T18:00:00Z,2030-05-10T00:00:00Z,6,19.2,35.0,14.0,302.0,0.0,28.0
WX-CYZH,2030-05-09T18:00:00Z,2030-05-10T01:00:00Z,7,16.7,29.0,12.0,319.0,0.0,28.0
WX-CYZH,2030-05-09T18:00:00Z,2030-05-10T02:00:00Z,8,13.7,38.0,9.0,320.0,0.0,28.0
WX-CYZH,2030-05-09T18:00:00Z,2030-05-10T03:00:00Z,9,12.6,37.0,6.0,311.0,0.0,28.0
WX-CYZH,2030-05-09T18:00:00Z,2030-05-10T04:00:00Z,10,10.8,48.0,6.0,317.0,0.0,28.0
WX-CYZH,2030-05-09T18:00:00Z,2030-05-10T05:00:00Z,11,8.2,57.0,6.0,315.0,0.0,28.0
WX-CYZH,2030-05-09T18:00:00Z,2030-05-10T06:00:00Z,12,8.4,54.0,6.0,290.0,0.0,28.0
WX-CYZH,2030-05-09T18:00:00Z,2030-05-10T07:00:00Z,13,6.8,66.0,5.0,295.0,0.0,28.0
WX-CYZH,2030-05-09T18:00:00Z,2030-05-10T08:00:00Z,14,6.1,65.0,5.0,288.0,0.0,28.0
WX-CYZH,2030-05-09T18:00:00Z,2030-05-10T09:00:00Z,15,5.7,72.0,5.0,295.0,0.0,28.0
WX-CYZH,2030-05-09T18:00:00Z,2030-05-10T10:00:00Z,16,5.3,70.0,6.0,297.0,0.0,28.0
WX-CYZH,2030-05-09T18:00:00Z,2030-05-10T11:00:00Z,17,6.6,58.0,5.0,300.0,0.0,28.0
WX-CYZH,2030-05-09T18:00:00Z,2030-05-10T12:00:00Z,18,6.5,65.0,5.0,280.0,0.0,28.0
WX-CYZH,2030-05-09T18:00:00Z,2030-05-10T13:00:00Z,19,9.3,56.0,5.0,291.0,0.0,28.0
WX-CYZH,2030-05-09T18:00:00Z,2030-05-10T14:00:00Z,20,9.5,52.0,6.0,296.0,0.0,28.0
WX-CYZH,2030-05-09T18:00:00Z,2030-05-10T15:00:00Z,21,11.8,40.0,7.0,296.0,0.0,28.0
WX-CYZH,2030-05-09T18:00:00Z,2030-05-10T16:00:00Z,22,14.2,40.0,10.0,292.0,0.0,28.0
WX-CYZH,2030-05-09T18:00:00Z,2030-05-10T17:00:00Z,23,16.8,31.0,10.0,294.0,0.0,28.0
WX-CYZH,2030-05-09T18:00:00Z,2030-05-10T18:00:00Z,24,17.6,28.0,12.0,288.0,0.0,28.0
WX-CYZH,2030-05-09T18:00:00Z,2030-05-10T19:00:00Z,25,20.5,25.0,12.0,309.0,0.0,28.0
WX-CYZH,2030-05-09T18:00:00Z,2030-05-10T20:00:00Z,26,20.3,26.0,13.0,298.0,0.0,28.0
WX-CYZH,2030-05-09T18:00:00Z,2030-05-10T21:00:00Z,27,19.9,23.0,13.0,294.0,0.0,28.0
WX-CYZH,2030-05-09T18:00:00Z,2030-05-10T22:00:00Z,28,21.4,23.0,13.0,290.0,0.0,28.0
WX-CYZH,2030-05-09T18:00:00Z,2030-05-10T23:00:00Z,29,20.6,26.0,12.0,297.0,0.0,28.0
WX-CYZH,2030-05-09T18:00:00Z,2030-05-11T00:00:00Z,30,19.0,23.0,11.0,290.0,0.0,28.0
WX-CYZH,2030-05-09T18:00:00Z,2030-05-11T01:00:00Z,31,17.9,26.0,9.0,288.0,0.0,28.0
WX-CYZH,2030-05-09T18:00:00Z,2030-05-11T02:00:00Z,32,16.3,36.0,7.0,303.0,0.0,28.0
WX-CYZH,2030-05-09T18:00:00Z,2030-05-11T03:00:00Z,33,13.6,45.0,6.0,298.0,0.0,28.0
WX-CYZH,2030-05-09T18:00:00Z,2030-05-11T04:00:00Z,34,11.5,38.0,5.0,295.0,0.0,28.0
WX-CYZH,2030-05-09T18:00:00Z,2030-05-11T05:00:00Z,35,9.7,56.0,5.0,300.0,0.0,28.0
WX-CYZH,2030-05-09T18:00:00Z,2030-05-11T06:00:00Z,36,8.8,59.0,4.0,296.0,0.0,28.0
WX-CYZH,2030-05-09T18:00:00Z,2030-05-11T07:00:00Z,37,6.2,66.0,6.0,281.0,0.0,28.0
WX-CYZH,2030-05-09T18:00:00Z,2030-05-11T08:00:00Z,38,6.2,75.0,5.0,294.0,0.0,28.0
WX-CYZH,2030-05-09T18:00:00Z,2030-05-11T09:00:00Z,39,5.0,66.0,6.0,294.0,0.0,28.0
WX-CYZH,2030-05-09T18:00:00Z,2030-05-11T10:00:00Z,40,5.4,79.0,6.0,293.0,0.0,28.0
WX-CYZH,2030-05-09T18:00:00Z,2030-05-11T11:00:00Z,41,5.4,71.0,5.0,290.0,0.0,28.0
WX-CYZH,2030-05-09T18:00:00Z,2030-05-11T12:00:00Z,42,7.5,73.0,5.0,296.0,0.0,28.0
WX-CYZH,2030-05-09T18:00:00Z,2030-05-11T13:00:00Z,43,7.7,56.0,5.0,288.0,0.0,28.0
WX-CYZH,2030-05-09T18:00:00Z,2030-05-11T14:00:00Z,44,10.0,46.0,6.0,269.0,0.0,28.0
WX-CYZH,2030-05-09T18:00:00Z,2030-05-11T15:00:00Z,45,13.9,52.0,8.0,285.0,0.0,28.0
WX-CYZH,2030-05-09T18:00:00Z,2030-05-11T16:00:00Z,46,13.9,45.0,10.0,292.0,0.0,28.0
WX-CYZH,2030-05-09T18:00:00Z,2030-05-11T17:00:00Z,47,15.4,33.0,12.0,291.0,0.0,28.0
WX-CYZH,2030-05-09T18:00:00Z,2030-05-11T18:00:00Z,48,18.8,26.0,12.0,287.0,0.0,28.0
WX-CYZH,2030-05-09T18:00:00Z,2030-05-11T19:00:00Z,49,17.1,29.0,13.0,288.0,0.0,28.0
WX-CYZH,2030-05-09T18:00:00Z,2030-05-11T20:00:00Z,50,21.0,25.0,13.0,300.0,0.0,28.0
WX-CYZH,2030-05-09T18:00:00Z,2030-05-11T21:00:00Z,51,21.4,21.0,11.0,286.0,0.0,28.0
WX-CYZH,2030-05-09T18:00:00Z,2030-05-11T22:00:00Z,52,20.8,28.0,15.0,290.0,0.0,28.0
WX-CYZH,2030-05-09T18:00:00Z,2030-05-11T23:00:00Z,53,20.0,16.0,13.0,295.0,0.0,28.0
WX-CYZH,2030-05-09T18:00:00Z,2030-05-12T00:00:00Z,54,18.4,28.0,12.0,281.0,0.0,28.0
WX-CYZH,2030-05-09T18:00:00Z,2030-05-12T01:00:00Z,55,16.7,35.0,10.0,307.0,0.0,28.0
WX-CYZH,2030-05-09T18:00:00Z,2030-05-12T02:00:00Z,56,16.5,37.0,7.0,285.0,0.0,28.0
WX-CYZH,2030-05-09T18:00:00Z,2030-05-12T03:00:00Z,57,14.4,33.0,6.0,285.0,0.0,28.0
WX-CYZH,2030-05-09T18:00:00Z,2030-05-12T04:00:00Z,58,13.7,39.0,5.0,311.0,0.0,28.0
WX-CYZH,2030-05-09T18:00:00Z,2030-05-12T05:00:00Z,59,9.8,59.0,5.0,295.0,0.0,28.0
WX-CYZH,2030-05-09T18:00:00Z,2030-05-12T06:00:00Z,60,7.1,64.0,4.0,295.0,0.0,28.0
WX-CYZH,2030-05-09T18:00:00Z,2030-05-12T07:00:00Z,61,6.6,59.0,4.0,282.0,0.0,28.0
WX-CYZH,2030-05-09T18:00:00Z,2030-05-12T08:00:00Z,62,6.1,68.0,5.0,297.0,0.0,28.0
WX-CYZH,2030-05-09T18:00:00Z,2030-05-12T09:00:00Z,63,4.5,66.0,5.0,305.0,0.0,28.0
WX-CYZH,2030-05-09T18:00:00Z,2030-05-12T10:00:00Z,64,3.5,76.0,6.0,300.0,0.0,28.0
WX-CYZH,2030-05-09T18:00:00Z,2030-05-12T11:00:00Z,65,6.3,50.0,6.0,263.0,0.0,28.0
WX-CYZH,2030-05-09T18:00:00Z,2030-05-12T12:00:00Z,66,7.6,69.0,5.0,307.0,0.0,28.0
WX-CYZH,2030-05-09T18:00:00Z,2030-05-12T13:00:00Z,67,8.5,60.0,6.0,281.0,0.0,28.0
WX-CYZH,2030-05-09T18:00:00Z,2030-05-12T14:00:00Z,68,10.5,52.0,6.0,304.0,0.0,28.0
WX-CYZH,2030-05-09T18:00:00Z,2030-05-12T15:00:00Z,69,13.8,46.0,9.0,277.0,0.0,28.0
WX-CYZH,2030-05-09T18:00:00Z,2030-05-12T16:00:00Z,70,15.7,55.0,9.0,283.0,0.0,28.0
WX-CYZH,2030-05-09T18:00:00Z,2030-05-12T17:00:00Z,71,16.7,34.0,10.0,309.0,0.0,28.0
WX-CYZH,2030-05-09T18:00:00Z,2030-05-12T18:00:00Z,72,17.8,24.0,13.0,282.0,0.0,28.0
WX-CYOJ,2030-05-09T18:00:00Z,2030-05-09T19:00:00Z,1,15.2,33.0,21.0,296.0,0.0,9.0
WX-CYOJ,2030-05-09T18:00:00Z,2030-05-09T20:00:00Z,2,16.0,31.0,24.0,297.0,0.0,9.0
WX-CYOJ,2030-05-09T18:00:00Z,2030-05-09T21:00:00Z,3,17.6,25.0,24.0,307.0,0.0,9.0
WX-CYOJ,2030-05-09T18:00:00Z,2030-05-09T22:00:00Z,4,17.4,28.0,23.0,310.0,0.0,9.0
WX-CYOJ,2030-05-09T18:00:00Z,2030-05-09T23:00:00Z,5,17.0,35.0,20.0,306.0,0.0,9.0
WX-CYOJ,2030-05-09T18:00:00Z,2030-05-10T00:00:00Z,6,17.6,27.0,18.0,312.0,0.0,9.0
WX-CYOJ,2030-05-09T18:00:00Z,2030-05-10T01:00:00Z,7,14.6,32.0,14.0,311.0,0.0,9.0
WX-CYOJ,2030-05-09T18:00:00Z,2030-05-10T02:00:00Z,8,13.0,38.0,12.0,309.0,0.0,9.0
WX-CYOJ,2030-05-09T18:00:00Z,2030-05-10T03:00:00Z,9,11.1,47.0,7.0,305.0,0.0,9.0
WX-CYOJ,2030-05-09T18:00:00Z,2030-05-10T04:00:00Z,10,7.9,52.0,7.0,307.0,0.0,9.0
WX-CYOJ,2030-05-09T18:00:00Z,2030-05-10T05:00:00Z,11,6.4,63.0,7.0,312.0,0.0,9.0
WX-CYOJ,2030-05-09T18:00:00Z,2030-05-10T06:00:00Z,12,6.2,65.0,7.0,289.0,0.0,9.0
WX-CYOJ,2030-05-09T18:00:00Z,2030-05-10T07:00:00Z,13,5.1,71.0,6.0,283.0,0.0,9.0
WX-CYOJ,2030-05-09T18:00:00Z,2030-05-10T08:00:00Z,14,4.0,71.0,7.0,286.0,0.0,9.0
WX-CYOJ,2030-05-09T18:00:00Z,2030-05-10T09:00:00Z,15,3.3,80.0,6.0,293.0,0.0,9.0
WX-CYOJ,2030-05-09T18:00:00Z,2030-05-10T10:00:00Z,16,3.3,83.0,6.0,285.0,0.0,9.0
WX-CYOJ,2030-05-09T18:00:00Z,2030-05-10T11:00:00Z,17,4.4,77.0,7.0,289.0,0.0,9.0
WX-CYOJ,2030-05-09T18:00:00Z,2030-05-10T12:00:00Z,18,4.7,75.0,6.0,280.0,0.0,9.0
WX-CYOJ,2030-05-09T18:00:00Z,2030-05-10T13:00:00Z,19,6.3,68.0,7.0,283.0,0.0,9.0
WX-CYOJ,2030-05-09T18:00:00Z,2030-05-10T14:00:00Z,20,7.8,56.0,7.0,293.0,0.0,9.0
WX-CYOJ,2030-05-09T18:00:00Z,2030-05-10T15:00:00Z,21,9.8,53.0,11.0,280.0,0.0,9.0
WX-CYOJ,2030-05-09T18:00:00Z,2030-05-10T16:00:00Z,22,12.8,44.0,11.0,270.0,0.0,9.0
WX-CYOJ,2030-05-09T18:00:00Z,2030-05-10T17:00:00Z,23,14.7,30.0,14.0,291.0,0.0,9.0
WX-CYOJ,2030-05-09T18:00:00Z,2030-05-10T18:00:00Z,24,16.6,35.0,15.0,282.0,0.0,9.0
WX-CYOJ,2030-05-09T18:00:00Z,2030-05-10T19:00:00Z,25,17.9,33.0,16.0,296.0,0.0,9.0
WX-CYOJ,2030-05-09T18:00:00Z,2030-05-10T20:00:00Z,26,18.6,27.0,17.0,281.0,0.0,9.0
WX-CYOJ,2030-05-09T18:00:00Z,2030-05-10T21:00:00Z,27,18.7,25.0,14.0,283.0,0.0,9.0
WX-CYOJ,2030-05-09T18:00:00Z,2030-05-10T22:00:00Z,28,18.2,27.0,17.0,292.0,0.0,9.0
WX-CYOJ,2030-05-09T18:00:00Z,2030-05-10T23:00:00Z,29,19.2,19.0,14.0,279.0,0.0,9.0
WX-CYOJ,2030-05-09T18:00:00Z,2030-05-11T00:00:00Z,30,17.6,27.0,13.0,301.0,0.0,9.0
WX-CYOJ,2030-05-09T18:00:00Z,2030-05-11T01:00:00Z,31,15.7,31.0,12.0,289.0,0.0,9.0
WX-CYOJ,2030-05-09T18:00:00Z,2030-05-11T02:00:00Z,32,14.7,32.0,9.0,282.0,0.0,9.0
WX-CYOJ,2030-05-09T18:00:00Z,2030-05-11T03:00:00Z,33,12.8,37.0,7.0,285.0,0.0,9.0
WX-CYOJ,2030-05-09T18:00:00Z,2030-05-11T04:00:00Z,34,9.6,54.0,6.0,276.0,0.0,9.0
WX-CYOJ,2030-05-09T18:00:00Z,2030-05-11T05:00:00Z,35,8.9,57.0,6.0,289.0,0.0,9.0
WX-CYOJ,2030-05-09T18:00:00Z,2030-05-11T06:00:00Z,36,6.8,69.0,6.0,292.0,0.0,9.0
WX-CYOJ,2030-05-09T18:00:00Z,2030-05-11T07:00:00Z,37,4.8,70.0,6.0,275.0,0.0,9.0
WX-CYOJ,2030-05-09T18:00:00Z,2030-05-11T08:00:00Z,38,3.5,80.0,5.0,285.0,0.0,9.0
WX-CYOJ,2030-05-09T18:00:00Z,2030-05-11T09:00:00Z,39,2.3,75.0,6.0,284.0,0.0,9.0
WX-CYOJ,2030-05-09T18:00:00Z,2030-05-11T10:00:00Z,40,3.2,84.0,7.0,292.0,0.0,9.0
WX-CYOJ,2030-05-09T18:00:00Z,2030-05-11T11:00:00Z,41,2.7,84.0,7.0,295.0,0.0,9.0
WX-CYOJ,2030-05-09T18:00:00Z,2030-05-11T12:00:00Z,42,5.1,64.0,6.0,281.0,0.0,9.0
WX-CYOJ,2030-05-09T18:00:00Z,2030-05-11T13:00:00Z,43,5.9,62.0,6.0,294.0,0.0,9.0
WX-CYOJ,2030-05-09T18:00:00Z,2030-05-11T14:00:00Z,44,9.1,53.0,8.0,277.0,0.0,9.0
WX-CYOJ,2030-05-09T18:00:00Z,2030-05-11T15:00:00Z,45,10.8,39.0,10.0,293.0,0.0,9.0
WX-CYOJ,2030-05-09T18:00:00Z,2030-05-11T16:00:00Z,46,11.9,51.0,11.0,302.0,0.0,9.0
WX-CYOJ,2030-05-09T18:00:00Z,2030-05-11T17:00:00Z,47,14.7,32.0,14.0,286.0,0.0,9.0
WX-CYOJ,2030-05-09T18:00:00Z,2030-05-11T18:00:00Z,48,16.7,45.0,14.0,293.0,0.0,9.0
WX-CYOJ,2030-05-09T18:00:00Z,2030-05-11T19:00:00Z,49,18.6,36.0,14.0,296.0,0.0,9.0
WX-CYOJ,2030-05-09T18:00:00Z,2030-05-11T20:00:00Z,50,18.4,26.0,16.0,293.0,0.0,9.0
WX-CYOJ,2030-05-09T18:00:00Z,2030-05-11T21:00:00Z,51,19.5,21.0,15.0,289.0,0.0,9.0
WX-CYOJ,2030-05-09T18:00:00Z,2030-05-11T22:00:00Z,52,18.6,26.0,16.0,286.0,0.0,9.0
WX-CYOJ,2030-05-09T18:00:00Z,2030-05-11T23:00:00Z,53,18.4,36.0,15.0,295.0,0.0,9.0
WX-CYOJ,2030-05-09T18:00:00Z,2030-05-12T00:00:00Z,54,18.0,24.0,10.0,278.0,0.0,9.0
WX-CYOJ,2030-05-09T18:00:00Z,2030-05-12T01:00:00Z,55,17.7,37.0,12.0,287.0,0.0,9.0
WX-CYOJ,2030-05-09T18:00:00Z,2030-05-12T02:00:00Z,56,15.0,40.0,9.0,286.0,0.0,9.0
WX-CYOJ,2030-05-09T18:00:00Z,2030-05-12T03:00:00Z,57,10.6,50.0,6.0,282.0,0.0,9.0
WX-CYOJ,2030-05-09T18:00:00Z,2030-05-12T04:00:00Z,58,10.9,52.0,7.0,293.0,0.0,9.0
WX-CYOJ,2030-05-09T18:00:00Z,2030-05-12T05:00:00Z,59,7.1,66.0,6.0,298.0,0.0,9.0
WX-CYOJ,2030-05-09T18:00:00Z,2030-05-12T06:00:00Z,60,5.2,64.0,7.0,274.0,0.0,9.0
WX-CYOJ,2030-05-09T18:00:00Z,2030-05-12T07:00:00Z,61,6.6,79.0,6.0,295.0,0.0,9.0
WX-CYOJ,2030-05-09T18:00:00Z,2030-05-12T08:00:00Z,62,5.1,83.0,7.0,280.0,0.0,9.0
WX-CYOJ,2030-05-09T18:00:00Z,2030-05-12T09:00:00Z,63,6.0,85.0,6.0,283.0,0.0,9.0
WX-CYOJ,2030-05-09T18:00:00Z,2030-05-12T10:00:00Z,64,4.3,75.0,6.0,279.0,0.0,9.0
WX-CYOJ,2030-05-09T18:00:00Z,2030-05-12T11:00:00Z,65,5.5,85.0,5.0,267.0,0.0,9.0
WX-CYOJ,2030-05-09T18:00:00Z,2030-05-12T12:00:00Z,66,6.4,66.0,6.0,284.0,0.0,9.0
WX-CYOJ,2030-05-09T18:00:00Z,2030-05-12T13:00:00Z,67,8.2,61.0,7.0,291.0,0.0,9.0
WX-CYOJ,2030-05-09T18:00:00Z,2030-05-12T14:00:00Z,68,7.8,54.0,6.0,286.0,0.0,9.0
WX-CYOJ,2030-05-09T18:00:00Z,2030-05-12T15:00:00Z,69,12.2,55.0,10.0,284.0,0.0,9.0
WX-CYOJ,2030-05-09T18:00:00Z,2030-05-12T16:00:00Z,70,12.4,38.0,13.0,298.0,0.0,9.0
WX-CYOJ,2030-05-09T18:00:00Z,2030-05-12T17:00:00Z,71,15.4,40.0,12.0,277.0,0.0,9.0
WX-CYOJ,2030-05-09T18:00:00Z,2030-05-12T18:00:00Z,72,15.9,31.0,15.0,286.0,0.0,9.0
WX-CYPE,2030-05-09T18:00:00Z,2030-05-09T19:00:00Z,1,15.8,34.0,15.0,278.0,0.0,0.0
WX-CYPE,2030-05-09T18:00:00Z,2030-05-09T20:00:00Z,2,18.0,26.0,17.0,282.0,0.0,0.0
WX-CYPE,2030-05-09T18:00:00Z,2030-05-09T21:00:00Z,3,18.3,31.0,16.0,281.0,0.0,0.0
WX-CYPE,2030-05-09T18:00:00Z,2030-05-09T22:00:00Z,4,18.1,24.0,15.0,280.0,0.0,0.0
WX-CYPE,2030-05-09T18:00:00Z,2030-05-09T23:00:00Z,5,17.8,28.0,14.0,272.0,0.0,0.0
WX-CYPE,2030-05-09T18:00:00Z,2030-05-10T00:00:00Z,6,16.5,32.0,12.0,287.0,0.0,0.0
WX-CYPE,2030-05-09T18:00:00Z,2030-05-10T01:00:00Z,7,14.7,39.0,10.0,282.0,0.0,0.0
WX-CYPE,2030-05-09T18:00:00Z,2030-05-10T02:00:00Z,8,13.4,40.0,8.0,285.0,0.0,0.0
WX-CYPE,2030-05-09T18:00:00Z,2030-05-10T03:00:00Z,9,10.5,46.0,5.0,277.0,0.0,0.0
WX-CYPE,2030-05-09T18:00:00Z,2030-05-10T04:00:00Z,10,9.1,50.0,5.0,275.0,0.0,0.0
WX-CYPE,2030-05-09T18:00:00Z,2030-05-10T05:00:00Z,11,6.9,56.0,5.0,279.0,0.0,0.0
WX-CYPE,2030-05-09T18:00:00Z,2030-05-10T06:00:00Z,12,7.1,69.0,4.0,258.0,0.0,0.0
WX-CYPE,2030-05-09T18:00:00Z,2030-05-10T07:00:00Z,13,6.0,65.0,4.0,268.0,0.0,0.0
WX-CYPE,2030-05-09T18:00:00Z,2030-05-10T08:00:00Z,14,4.4,76.0,5.0,255.0,0.0,0.0
WX-CYPE,2030-05-09T18:00:00Z,2030-05-10T09:00:00Z,15,4.3,82.0,4.0,254.0,0.0,0.0
WX-CYPE,2030-05-09T18:00:00Z,2030-05-10T10:00:00Z,16,3.5,79.0,4.0,263.0,0.0,0.0
WX-CYPE,2030-05-09T18:00:00Z,2030-05-10T11:00:00Z,17,4.1,74.0,4.0,262.0,0.0,0.0
WX-CYPE,2030-05-09T18:00:00Z,2030-05-10T12:00:00Z,18,5.6,67.0,4.0,255.0,0.0,0.0
WX-CYPE,2030-05-09T18:00:00Z,2030-05-10T13:00:00Z,19,5.9,60.0,4.0,270.0,0.0,0.0
WX-CYPE,2030-05-09T18:00:00Z,2030-05-10T14:00:00Z,20,9.4,55.0,5.0,257.0,0.0,0.0
WX-CYPE,2030-05-09T18:00:00Z,2030-05-10T15:00:00Z,21,11.2,50.0,7.0,256.0,0.0,0.0
WX-CYPE,2030-05-09T18:00:00Z,2030-05-10T16:00:00Z,22,12.7,44.0,9.0,262.0,0.0,0.0
WX-CYPE,2030-05-09T18:00:00Z,2030-05-10T17:00:00Z,23,15.0,38.0,9.0,261.0,0.0,0.0
WX-CYPE,2030-05-09T18:00:00Z,2030-05-10T18:00:00Z,24,15.9,38.0,12.0,248.0,0.0,0.0
WX-CYPE,2030-05-09T18:00:00Z,2030-05-10T19:00:00Z,25,18.3,28.0,13.0,260.0,0.0,0.0
WX-CYPE,2030-05-09T18:00:00Z,2030-05-10T20:00:00Z,26,19.8,28.0,14.0,274.0,0.0,0.0
WX-CYPE,2030-05-09T18:00:00Z,2030-05-10T21:00:00Z,27,19.4,36.0,12.0,264.0,0.0,0.0
WX-CYPE,2030-05-09T18:00:00Z,2030-05-10T22:00:00Z,28,19.2,35.0,12.0,259.0,0.0,0.0
WX-CYPE,2030-05-09T18:00:00Z,2030-05-10T23:00:00Z,29,18.2,22.0,10.0,257.0,0.0,0.0
WX-CYPE,2030-05-09T18:00:00Z,2030-05-11T00:00:00Z,30,18.5,28.0,10.0,265.0,0.0,0.0
WX-CYPE,2030-05-09T18:00:00Z,2030-05-11T01:00:00Z,31,15.6,28.0,7.0,269.0,0.0,0.0
WX-CYPE,2030-05-09T18:00:00Z,2030-05-11T02:00:00Z,32,14.4,41.0,6.0,271.0,0.0,0.0
WX-CYPE,2030-05-09T18:00:00Z,2030-05-11T03:00:00Z,33,13.4,38.0,5.0,269.0,0.0,0.0
WX-CYPE,2030-05-09T18:00:00Z,2030-05-11T04:00:00Z,34,9.7,46.0,4.0,254.0,0.0,0.0
WX-CYPE,2030-05-09T18:00:00Z,2030-05-11T05:00:00Z,35,8.5,60.0,4.0,252.0,0.0,0.0
WX-CYPE,2030-05-09T18:00:00Z,2030-05-11T06:00:00Z,36,5.7,68.0,5.0,257.0,0.0,0.0
WX-CYPE,2030-05-09T18:00:00Z,2030-05-11T07:00:00Z,37,5.0,70.0,5.0,263.0,0.0,0.0
WX-CYPE,2030-05-09T18:00:00Z,2030-05-11T08:00:00Z,38,3.5,78.0,5.0,266.0,0.0,0.0
WX-CYPE,2030-05-09T18:00:00Z,2030-05-11T09:00:00Z,39,3.1,78.0,5.0,269.0,0.0,0.0
WX-CYPE,2030-05-09T18:00:00Z,2030-05-11T10:00:00Z,40,3.0,76.0,5.0,270.0,0.0,0.0
WX-CYPE,2030-05-09T18:00:00Z,2030-05-11T11:00:00Z,41,5.0,76.0,5.0,271.0,0.0,0.0
WX-CYPE,2030-05-09T18:00:00Z,2030-05-11T12:00:00Z,42,4.3,67.0,5.0,273.0,0.0,0.0
WX-CYPE,2030-05-09T18:00:00Z,2030-05-11T13:00:00Z,43,7.9,66.0,4.0,256.0,0.0,0.0
WX-CYPE,2030-05-09T18:00:00Z,2030-05-11T14:00:00Z,44,8.4,61.0,6.0,262.0,0.0,0.0
WX-CYPE,2030-05-09T18:00:00Z,2030-05-11T15:00:00Z,45,10.5,45.0,7.0,262.0,0.0,0.0
WX-CYPE,2030-05-09T18:00:00Z,2030-05-11T16:00:00Z,46,13.9,50.0,10.0,270.0,0.0,0.0
WX-CYPE,2030-05-09T18:00:00Z,2030-05-11T17:00:00Z,47,12.6,37.0,9.0,275.0,0.0,0.0
WX-CYPE,2030-05-09T18:00:00Z,2030-05-11T18:00:00Z,48,17.5,35.0,11.0,277.0,0.0,0.0
WX-CYPE,2030-05-09T18:00:00Z,2030-05-11T19:00:00Z,49,19.5,27.0,10.0,285.0,0.0,0.0
WX-CYPE,2030-05-09T18:00:00Z,2030-05-11T20:00:00Z,50,18.1,33.0,12.0,262.0,0.0,0.0
WX-CYPE,2030-05-09T18:00:00Z,2030-05-11T21:00:00Z,51,19.6,20.0,11.0,240.0,0.0,0.0
WX-CYPE,2030-05-09T18:00:00Z,2030-05-11T22:00:00Z,52,21.1,22.0,12.0,274.0,0.0,0.0
WX-CYPE,2030-05-09T18:00:00Z,2030-05-11T23:00:00Z,53,18.5,28.0,9.0,250.0,0.0,0.0
WX-CYPE,2030-05-09T18:00:00Z,2030-05-12T00:00:00Z,54,19.4,32.0,9.0,276.0,0.0,0.0
WX-CYPE,2030-05-09T18:00:00Z,2030-05-12T01:00:00Z,55,18.3,31.0,9.0,271.0,0.0,0.0
WX-CYPE,2030-05-09T18:00:00Z,2030-05-12T02:00:00Z,56,13.7,41.0,6.0,270.0,0.0,0.0
WX-CYPE,2030-05-09T18:00:00Z,2030-05-12T03:00:00Z,57,13.1,38.0,4.0,247.0,0.0,0.0
WX-CYPE,2030-05-09T18:00:00Z,2030-05-12T04:00:00Z,58,10.8,53.0,4.0,254.0,0.0,0.0
WX-CYPE,2030-05-09T18:00:00Z,2030-05-12T05:00:00Z,59,8.6,46.0,5.0,265.0,0.0,0.0
WX-CYPE,2030-05-09T18:00:00Z,2030-05-12T06:00:00Z,60,6.7,61.0,4.0,264.0,0.0,0.0
WX-CYPE,2030-05-09T18:00:00Z,2030-05-12T07:00:00Z,61,6.3,76.0,4.0,267.0,0.0,0.0
WX-CYPE,2030-05-09T18:00:00Z,2030-05-12T08:00:00Z,62,4.4,66.0,4.0,278.0,0.0,0.0
WX-CYPE,2030-05-09T18:00:00Z,2030-05-12T09:00:00Z,63,3.8,69.0,5.0,252.0,0.0,0.0
WX-CYPE,2030-05-09T18:00:00Z,2030-05-12T10:00:00Z,64,4.2,77.0,4.0,245.0,0.0,0.0
WX-CYPE,2030-05-09T18:00:00Z,2030-05-12T11:00:00Z,65,4.8,65.0,4.0,281.0,0.0,0.0
WX-CYPE,2030-05-09T18:00:00Z,2030-05-12T12:00:00Z,66,6.5,72.0,4.0,277.0,0.0,0.0
WX-CYPE,2030-05-09T18:00:00Z,2030-05-12T13:00:00Z,67,8.0,69.0,4.0,249.0,0.0,0.0
WX-CYPE,2030-05-09T18:00:00Z,2030-05-12T14:00:00Z,68,8.8,57.0,5.0,266.0,0.0,0.0
WX-CYPE,2030-05-09T18:00:00Z,2030-05-12T15:00:00Z,69,10.3,37.0,7.0,252.0,0.0,0.0
WX-CYPE,2030-05-09T18:00:00Z,2030-05-12T16:00:00Z,70,11.3,45.0,9.0,255.0,0.0,0.0
WX-CYPE,2030-05-09T18:00:00Z,2030-05-12T17:00:00Z,71,15.5,46.0,9.0,258.0,0.0,0.0
WX-CYPE,2030-05-09T18:00:00Z,2030-05-12T18:00:00Z,72,18.0,31.0,12.0,267.0,0.0,0.0
WX-CYQU,2030-05-09T18:00:00Z,2030-05-09T19:00:00Z,1,17.7,23.0,21.0,304.0,0.1,65.0
WX-CYQU,2030-05-09T18:00:00Z,2030-05-09T20:00:00Z,2,15.9,28.0,23.0,293.0,0.0,5.0
WX-CYQU,2030-05-09T18:00:00Z,2030-05-09T21:00:00Z,3,17.6,26.0,21.0,300.0,0.0,5.0
WX-CYQU,2030-05-09T18:00:00Z,2030-05-09T22:00:00Z,4,17.5,33.0,21.0,300.0,0.0,5.0
WX-CYQU,2030-05-09T18:00:00Z,2030-05-09T23:00:00Z,5,17.5,31.0,21.0,300.0,0.0,5.0
WX-CYQU,2030-05-09T18:00:00Z,2030-05-10T00:00:00Z,6,17.1,32.0,17.0,302.0,0.0,5.0
WX-CYQU,2030-05-09T18:00:00Z,2030-05-10T01:00:00Z,7,15.7,33.0,14.0,302.0,0.0,5.0
WX-CYQU,2030-05-09T18:00:00Z,2030-05-10T02:00:00Z,8,13.5,35.0,11.0,286.0,0.0,5.0
WX-CYQU,2030-05-09T18:00:00Z,2030-05-10T03:00:00Z,9,12.2,45.0,7.0,304.0,0.0,5.0
WX-CYQU,2030-05-09T18:00:00Z,2030-05-10T04:00:00Z,10,9.7,50.0,7.0,306.0,0.0,5.0
WX-CYQU,2030-05-09T18:00:00Z,2030-05-10T05:00:00Z,11,7.5,57.0,7.0,298.0,0.0,5.0
WX-CYQU,2030-05-09T18:00:00Z,2030-05-10T06:00:00Z,12,7.6,65.0,6.0,287.0,0.0,5.0
WX-CYQU,2030-05-09T18:00:00Z,2030-05-10T07:00:00Z,13,5.3,73.0,7.0,279.0,0.0,5.0
WX-CYQU,2030-05-09T18:00:00Z,2030-05-10T08:00:00Z,14,4.5,79.0,6.0,275.0,0.0,5.0
WX-CYQU,2030-05-09T18:00:00Z,2030-05-10T09:00:00Z,15,4.5,83.0,7.0,275.0,0.0,5.0
WX-CYQU,2030-05-09T18:00:00Z,2030-05-10T10:00:00Z,16,4.2,84.0,6.0,285.0,0.0,5.0
WX-CYQU,2030-05-09T18:00:00Z,2030-05-10T11:00:00Z,17,4.2,79.0,6.0,288.0,0.0,5.0
WX-CYQU,2030-05-09T18:00:00Z,2030-05-10T12:00:00Z,18,5.8,77.0,7.0,278.0,0.0,5.0
WX-CYQU,2030-05-09T18:00:00Z,2030-05-10T13:00:00Z,19,6.8,68.0,7.0,277.0,0.0,5.0
WX-CYQU,2030-05-09T18:00:00Z,2030-05-10T14:00:00Z,20,9.8,57.0,8.0,270.0,0.0,5.0
WX-CYQU,2030-05-09T18:00:00Z,2030-05-10T15:00:00Z,21,11.7,53.0,11.0,276.0,0.0,5.0
WX-CYQU,2030-05-09T18:00:00Z,2030-05-10T16:00:00Z,22,13.3,48.0,13.0,286.0,0.0,5.0
WX-CYQU,2030-05-09T18:00:00Z,2030-05-10T17:00:00Z,23,13.6,40.0,12.0,279.0,0.0,5.0
WX-CYQU,2030-05-09T18:00:00Z,2030-05-10T18:00:00Z,24,17.7,37.0,14.0,284.0,0.0,5.0
WX-CYQU,2030-05-09T18:00:00Z,2030-05-10T19:00:00Z,25,17.9,30.0,18.0,283.0,0.0,5.0
WX-CYQU,2030-05-09T18:00:00Z,2030-05-10T20:00:00Z,26,19.7,20.0,17.0,279.0,0.0,5.0
WX-CYQU,2030-05-09T18:00:00Z,2030-05-10T21:00:00Z,27,20.2,29.0,17.0,275.0,0.0,5.0
WX-CYQU,2030-05-09T18:00:00Z,2030-05-10T22:00:00Z,28,19.9,29.0,16.0,276.0,0.0,5.0
WX-CYQU,2030-05-09T18:00:00Z,2030-05-10T23:00:00Z,29,19.9,34.0,14.0,281.0,0.0,5.0
WX-CYQU,2030-05-09T18:00:00Z,2030-05-11T00:00:00Z,30,18.9,26.0,14.0,269.0,0.0,5.0
WX-CYQU,2030-05-09T18:00:00Z,2030-05-11T01:00:00Z,31,16.1,27.0,10.0,286.0,0.0,5.0
WX-CYQU,2030-05-09T18:00:00Z,2030-05-11T02:00:00Z,32,14.6,38.0,9.0,263.0,0.0,5.0
WX-CYQU,2030-05-09T18:00:00Z,2030-05-11T03:00:00Z,33,13.5,45.0,6.0,285.0,0.0,5.0
WX-CYQU,2030-05-09T18:00:00Z,2030-05-11T04:00:00Z,34,10.9,48.0,6.0,272.0,0.0,5.0
WX-CYQU,2030-05-09T18:00:00Z,2030-05-11T05:00:00Z,35,7.6,46.0,6.0,283.0,0.0,5.0
WX-CYQU,2030-05-09T18:00:00Z,2030-05-11T06:00:00Z,36,6.5,70.0,6.0,279.0,0.0,5.0
WX-CYQU,2030-05-09T18:00:00Z,2030-05-11T07:00:00Z,37,6.0,74.0,6.0,288.0,0.0,5.0
WX-CYQU,2030-05-09T18:00:00Z,2030-05-11T08:00:00Z,38,4.3,89.0,6.0,288.0,0.0,5.0
WX-CYQU,2030-05-09T18:00:00Z,2030-05-11T09:00:00Z,39,4.7,83.0,7.0,281.0,0.0,5.0
WX-CYQU,2030-05-09T18:00:00Z,2030-05-11T10:00:00Z,40,4.3,79.0,6.0,276.0,0.0,5.0
WX-CYQU,2030-05-09T18:00:00Z,2030-05-11T11:00:00Z,41,5.8,71.0,5.0,276.0,0.0,5.0
WX-CYQU,2030-05-09T18:00:00Z,2030-05-11T12:00:00Z,42,5.8,68.0,7.0,282.0,0.0,5.0
WX-CYQU,2030-05-09T18:00:00Z,2030-05-11T13:00:00Z,43,7.1,64.0,6.0,285.0,0.0,5.0
WX-CYQU,2030-05-09T18:00:00Z,2030-05-11T14:00:00Z,44,9.0,57.0,7.0,277.0,0.0,5.0
WX-CYQU,2030-05-09T18:00:00Z,2030-05-11T15:00:00Z,45,10.6,51.0,10.0,280.0,0.0,5.0
WX-CYQU,2030-05-09T18:00:00Z,2030-05-11T16:00:00Z,46,14.2,39.0,11.0,296.0,0.0,5.0
WX-CYQU,2030-05-09T18:00:00Z,2030-05-11T17:00:00Z,47,13.8,29.0,10.0,286.0,0.0,5.0
WX-CYQU,2030-05-09T18:00:00Z,2030-05-11T18:00:00Z,48,18.0,36.0,16.0,279.0,0.0,5.0
WX-CYQU,2030-05-09T18:00:00Z,2030-05-11T19:00:00Z,49,18.8,26.0,14.0,281.0,0.0,5.0
WX-CYQU,2030-05-09T18:00:00Z,2030-05-11T20:00:00Z,50,20.0,27.0,18.0,281.0,0.0,5.0
WX-CYQU,2030-05-09T18:00:00Z,2030-05-11T21:00:00Z,51,22.8,25.0,19.0,280.0,0.0,5.0
WX-CYQU,2030-05-09T18:00:00Z,2030-05-11T22:00:00Z,52,20.1,27.0,15.0,289.0,0.0,5.0
WX-CYQU,2030-05-09T18:00:00Z,2030-05-11T23:00:00Z,53,19.2,26.0,14.0,269.0,0.0,5.0
WX-CYQU,2030-05-09T18:00:00Z,2030-05-12T00:00:00Z,54,18.7,22.0,12.0,280.0,0.0,5.0
WX-CYQU,2030-05-09T18:00:00Z,2030-05-12T01:00:00Z,55,16.3,32.0,12.0,277.0,0.0,5.0
WX-CYQU,2030-05-09T18:00:00Z,2030-05-12T02:00:00Z,56,15.0,35.0,10.0,282.0,0.0,5.0
WX-CYQU,2030-05-09T18:00:00Z,2030-05-12T03:00:00Z,57,12.9,34.0,6.0,275.0,0.0,5.0
WX-CYQU,2030-05-09T18:00:00Z,2030-05-12T04:00:00Z,58,11.9,55.0,6.0,276.0,0.0,5.0
WX-CYQU,2030-05-09T18:00:00Z,2030-05-12T05:00:00Z,59,10.5,56.0,6.0,262.0,0.0,5.0
WX-CYQU,2030-05-09T18:00:00Z,2030-05-12T06:00:00Z,60,6.5,68.0,7.0,277.0,0.0,5.0
WX-CYQU,2030-05-09T18:00:00Z,2030-05-12T07:00:00Z,61,6.2,68.0,6.0,292.0,0.0,5.0
WX-CYQU,2030-05-09T18:00:00Z,2030-05-12T08:00:00Z,62,4.4,75.0,6.0,272.0,0.0,5.0
WX-CYQU,2030-05-09T18:00:00Z,2030-05-12T09:00:00Z,63,3.1,74.0,6.0,289.0,0.0,5.0
WX-CYQU,2030-05-09T18:00:00Z,2030-05-12T10:00:00Z,64,4.5,78.0,6.0,288.0,0.0,5.0
WX-CYQU,2030-05-09T18:00:00Z,2030-05-12T11:00:00Z,65,4.5,76.0,5.0,280.0,0.0,5.0
WX-CYQU,2030-05-09T18:00:00Z,2030-05-12T12:00:00Z,66,6.4,68.0,6.0,277.0,0.0,5.0
WX-CYQU,2030-05-09T18:00:00Z,2030-05-12T13:00:00Z,67,6.2,71.0,6.0,290.0,0.0,5.0
WX-CYQU,2030-05-09T18:00:00Z,2030-05-12T14:00:00Z,68,7.6,58.0,8.0,292.0,0.0,5.0
WX-CYQU,2030-05-09T18:00:00Z,2030-05-12T15:00:00Z,69,10.6,52.0,10.0,275.0,0.0,5.0
WX-CYQU,2030-05-09T18:00:00Z,2030-05-12T16:00:00Z,70,13.1,39.0,12.0,292.0,0.0,5.0
WX-CYQU,2030-05-09T18:00:00Z,2030-05-12T17:00:00Z,71,12.4,35.0,16.0,269.0,0.0,5.0
WX-CYQU,2030-05-09T18:00:00Z,2030-05-12T18:00:00Z,72,16.3,34.0,15.0,265.0,0.0,5.0
WX-CYLB,2030-05-09T18:00:00Z,2030-05-09T19:00:00Z,1,15.6,30.0,23.0,293.0,0.1,100.0
WX-CYLB,2030-05-09T18:00:00Z,2030-05-09T20:00:00Z,2,16.9,25.0,21.0,294.0,0.0,41.0
WX-CYLB,2030-05-09T18:00:00Z,2030-05-09T21:00:00Z,3,17.1,24.0,20.0,297.0,0.0,41.0
WX-CYLB,2030-05-09T18:00:00Z,2030-05-09T22:00:00Z,4,17.4,25.0,22.0,292.0,0.0,41.0
WX-CYLB,2030-05-09T18:00:00Z,2030-05-09T23:00:00Z,5,16.9,27.0,19.0,296.0,0.0,41.0
WX-CYLB,2030-05-09T18:00:00Z,2030-05-10T00:00:00Z,6,16.5,32.0,19.0,294.0,0.0,41.0
WX-CYLB,2030-05-09T18:00:00Z,2030-05-10T01:00:00Z,7,14.0,26.0,13.0,297.0,0.0,41.0
WX-CYLB,2030-05-09T18:00:00Z,2030-05-10T02:00:00Z,8,12.8,35.0,10.0,287.0,0.0,41.0
WX-CYLB,2030-05-09T18:00:00Z,2030-05-10T03:00:00Z,9,11.0,41.0,7.0,303.0,0.0,41.0
WX-CYLB,2030-05-09T18:00:00Z,2030-05-10T04:00:00Z,10,8.0,46.0,7.0,301.0,0.0,41.0
WX-CYLB,2030-05-09T18:00:00Z,2030-05-10T05:00:00Z,11,6.6,50.0,8.0,301.0,0.0,41.0
WX-CYLB,2030-05-09T18:00:00Z,2030-05-10T06:00:00Z,12,6.4,58.0,7.0,278.0,0.0,41.0
WX-CYLB,2030-05-09T18:00:00Z,2030-05-10T07:00:00Z,13,4.8,57.0,7.0,265.0,0.0,41.0
WX-CYLB,2030-05-09T18:00:00Z,2030-05-10T08:00:00Z,14,2.9,74.0,5.0,274.0,0.0,41.0
WX-CYLB,2030-05-09T18:00:00Z,2030-05-10T09:00:00Z,15,3.2,72.0,6.0,276.0,0.0,41.0
WX-CYLB,2030-05-09T18:00:00Z,2030-05-10T10:00:00Z,16,3.9,72.0,6.0,284.0,0.0,41.0
WX-CYLB,2030-05-09T18:00:00Z,2030-05-10T11:00:00Z,17,4.0,78.0,5.0,276.0,0.0,41.0
WX-CYLB,2030-05-09T18:00:00Z,2030-05-10T12:00:00Z,18,4.8,67.0,6.0,271.0,0.0,41.0
WX-CYLB,2030-05-09T18:00:00Z,2030-05-10T13:00:00Z,19,6.7,68.0,6.0,282.0,0.0,41.0
WX-CYLB,2030-05-09T18:00:00Z,2030-05-10T14:00:00Z,20,8.9,49.0,8.0,280.0,0.0,41.0
WX-CYLB,2030-05-09T18:00:00Z,2030-05-10T15:00:00Z,21,9.9,45.0,10.0,273.0,0.0,41.0
WX-CYLB,2030-05-09T18:00:00Z,2030-05-10T16:00:00Z,22,11.8,32.0,14.0,277.0,0.0,41.0
WX-CYLB,2030-05-09T18:00:00Z,2030-05-10T17:00:00Z,23,14.4,37.0,14.0,277.0,0.0,41.0
WX-CYLB,2030-05-09T18:00:00Z,2030-05-10T18:00:00Z,24,16.8,37.0,16.0,270.0,0.0,41.0
WX-CYLB,2030-05-09T18:00:00Z,2030-05-10T19:00:00Z,25,18.3,34.0,17.0,283.0,0.0,41.0
WX-CYLB,2030-05-09T18:00:00Z,2030-05-10T20:00:00Z,26,19.0,25.0,15.0,262.0,0.0,41.0
WX-CYLB,2030-05-09T18:00:00Z,2030-05-10T21:00:00Z,27,18.8,28.0,17.0,278.0,0.0,41.0
WX-CYLB,2030-05-09T18:00:00Z,2030-05-10T22:00:00Z,28,19.1,29.0,16.0,284.0,0.0,41.0
WX-CYLB,2030-05-09T18:00:00Z,2030-05-10T23:00:00Z,29,18.3,26.0,13.0,266.0,0.0,41.0
WX-CYLB,2030-05-09T18:00:00Z,2030-05-11T00:00:00Z,30,18.1,19.0,13.0,287.0,0.0,41.0
WX-CYLB,2030-05-09T18:00:00Z,2030-05-11T01:00:00Z,31,14.6,31.0,12.0,279.0,0.0,41.0
WX-CYLB,2030-05-09T18:00:00Z,2030-05-11T02:00:00Z,32,16.9,30.0,9.0,276.0,0.0,41.0
WX-CYLB,2030-05-09T18:00:00Z,2030-05-11T03:00:00Z,33,11.8,46.0,6.0,282.0,0.0,41.0
WX-CYLB,2030-05-09T18:00:00Z,2030-05-11T04:00:00Z,34,9.9,54.0,6.0,270.0,0.0,41.0
WX-CYLB,2030-05-09T18:00:00Z,2030-05-11T05:00:00Z,35,8.9,52.0,6.0,276.0,0.0,41.0
WX-CYLB,2030-05-09T18:00:00Z,2030-05-11T06:00:00Z,36,7.9,61.0,6.0,274.0,0.0,41.0
WX-CYLB,2030-05-09T18:00:00Z,2030-05-11T07:00:00Z,37,5.8,66.0,6.0,268.0,0.0,41.0
WX-CYLB,2030-05-09T18:00:00Z,2030-05-11T08:00:00Z,38,3.6,72.0,7.0,270.0,0.0,41.0
WX-CYLB,2030-05-09T18:00:00Z,2030-05-11T09:00:00Z,39,3.1,62.0,6.0,270.0,0.0,41.0
WX-CYLB,2030-05-09T18:00:00Z,2030-05-11T10:00:00Z,40,3.3,71.0,7.0,276.0,0.0,41.0
WX-CYLB,2030-05-09T18:00:00Z,2030-05-11T11:00:00Z,41,3.5,68.0,6.0,278.0,0.0,41.0
WX-CYLB,2030-05-09T18:00:00Z,2030-05-11T12:00:00Z,42,7.3,59.0,6.0,283.0,0.0,41.0
WX-CYLB,2030-05-09T18:00:00Z,2030-05-11T13:00:00Z,43,7.0,54.0,6.0,279.0,0.0,41.0
WX-CYLB,2030-05-09T18:00:00Z,2030-05-11T14:00:00Z,44,6.7,62.0,7.0,276.0,0.0,41.0
WX-CYLB,2030-05-09T18:00:00Z,2030-05-11T15:00:00Z,45,9.4,45.0,9.0,264.0,0.0,41.0
WX-CYLB,2030-05-09T18:00:00Z,2030-05-11T16:00:00Z,46,13.7,31.0,13.0,275.0,0.0,41.0
WX-CYLB,2030-05-09T18:00:00Z,2030-05-11T17:00:00Z,47,14.8,33.0,14.0,278.0,0.0,41.0
WX-CYLB,2030-05-09T18:00:00Z,2030-05-11T18:00:00Z,48,18.0,25.0,13.0,276.0,0.0,41.0
WX-CYLB,2030-05-09T18:00:00Z,2030-05-11T19:00:00Z,49,15.5,27.0,15.0,290.0,0.0,41.0
WX-CYLB,2030-05-09T18:00:00Z,2030-05-11T20:00:00Z,50,18.6,17.0,17.0,278.0,0.0,41.0
WX-CYLB,2030-05-09T18:00:00Z,2030-05-11T21:00:00Z,51,18.9,19.0,13.0,258.0,0.0,41.0
WX-CYLB,2030-05-09T18:00:00Z,2030-05-11T22:00:00Z,52,19.0,31.0,16.0,264.0,0.0,41.0
WX-CYLB,2030-05-09T18:00:00Z,2030-05-11T23:00:00Z,53,19.5,18.0,13.0,279.0,0.0,41.0
WX-CYLB,2030-05-09T18:00:00Z,2030-05-12T00:00:00Z,54,16.7,13.0,13.0,280.0,0.0,41.0
WX-CYLB,2030-05-09T18:00:00Z,2030-05-12T01:00:00Z,55,16.8,32.0,11.0,272.0,0.0,41.0
WX-CYLB,2030-05-09T18:00:00Z,2030-05-12T02:00:00Z,56,14.9,41.0,9.0,279.0,0.0,41.0
WX-CYLB,2030-05-09T18:00:00Z,2030-05-12T03:00:00Z,57,12.4,34.0,6.0,274.0,0.0,41.0
WX-CYLB,2030-05-09T18:00:00Z,2030-05-12T04:00:00Z,58,8.8,48.0,6.0,272.0,0.0,41.0
WX-CYLB,2030-05-09T18:00:00Z,2030-05-12T05:00:00Z,59,10.0,45.0,6.0,274.0,0.0,41.0
WX-CYLB,2030-05-09T18:00:00Z,2030-05-12T06:00:00Z,60,6.1,63.0,6.0,273.0,0.0,41.0
WX-CYLB,2030-05-09T18:00:00Z,2030-05-12T07:00:00Z,61,4.5,73.0,6.0,271.0,0.0,41.0
WX-CYLB,2030-05-09T18:00:00Z,2030-05-12T08:00:00Z,62,2.7,74.0,6.0,272.0,0.0,41.0
WX-CYLB,2030-05-09T18:00:00Z,2030-05-12T09:00:00Z,63,3.0,80.0,6.0,274.0,0.0,41.0
WX-CYLB,2030-05-09T18:00:00Z,2030-05-12T10:00:00Z,64,2.8,77.0,5.0,264.0,0.0,41.0
WX-CYLB,2030-05-09T18:00:00Z,2030-05-12T11:00:00Z,65,5.5,79.0,6.0,255.0,0.0,41.0
WX-CYLB,2030-05-09T18:00:00Z,2030-05-12T12:00:00Z,66,4.3,70.0,6.0,282.0,0.0,41.0
WX-CYLB,2030-05-09T18:00:00Z,2030-05-12T13:00:00Z,67,6.7,61.0,6.0,284.0,0.0,41.0
WX-CYLB,2030-05-09T18:00:00Z,2030-05-12T14:00:00Z,68,9.6,57.0,7.0,281.0,0.0,41.0
WX-CYLB,2030-05-09T18:00:00Z,2030-05-12T15:00:00Z,69,10.7,54.0,9.0,284.0,0.0,41.0
WX-CYLB,2030-05-09T18:00:00Z,2030-05-12T16:00:00Z,70,12.6,41.0,12.0,269.0,0.0,41.0
WX-CYLB,2030-05-09T18:00:00Z,2030-05-12T17:00:00Z,71,14.6,41.0,11.0,288.0,0.0,41.0
WX-CYLB,2030-05-09T18:00:00Z,2030-05-12T18:00:00Z,72,15.3,37.0,12.0,273.0,0.0,41.0
WX-CYOD,2030-05-09T18:00:00Z,2030-05-09T19:00:00Z,1,16.6,26.0,17.0,287.0,0.1,51.0
WX-CYOD,2030-05-09T18:00:00Z,2030-05-09T20:00:00Z,2,17.8,21.0,17.0,297.0,0.0,0.0
WX-CYOD,2030-05-09T18:00:00Z,2030-05-09T21:00:00Z,3,19.3,24.0,17.0,285.0,0.0,0.0
WX-CYOD,2030-05-09T18:00:00Z,2030-05-09T22:00:00Z,4,18.1,24.0,18.0,295.0,0.0,0.0
WX-CYOD,2030-05-09T18:00:00Z,2030-05-09T23:00:00Z,5,18.4,25.0,16.0,291.0,0.0,0.0
WX-CYOD,2030-05-09T18:00:00Z,2030-05-10T00:00:00Z,6,17.1,28.0,14.0,287.0,0.0,0.0
WX-CYOD,2030-05-09T18:00:00Z,2030-05-10T01:00:00Z,7,15.4,28.0,11.0,288.0,0.0,0.0
WX-CYOD,2030-05-09T18:00:00Z,2030-05-10T02:00:00Z,8,14.1,32.0,9.0,299.0,0.0,0.0
WX-CYOD,2030-05-09T18:00:00Z,2030-05-10T03:00:00Z,9,12.0,34.0,6.0,292.0,0.0,0.0
WX-CYOD,2030-05-09T18:00:00Z,2030-05-10T04:00:00Z,10,10.3,45.0,6.0,297.0,0.0,0.0
WX-CYOD,2030-05-09T18:00:00Z,2030-05-10T05:00:00Z,11,8.6,49.0,5.0,283.0,0.0,0.0
WX-CYOD,2030-05-09T18:00:00Z,2030-05-10T06:00:00Z,12,7.7,52.0,5.0,281.0,0.0,0.0
WX-CYOD,2030-05-09T18:00:00Z,2030-05-10T07:00:00Z,13,5.9,60.0,5.0,260.0,0.0,0.0
WX-CYOD,2030-05-09T18:00:00Z,2030-05-10T08:00:00Z,14,5.9,62.0,5.0,269.0,0.0,0.0
WX-CYOD,2030-05-09T18:00:00Z,2030-05-10T09:00:00Z,15,4.2,67.0,5.0,278.0,0.0,0.0
WX-CYOD,2030-05-09T18:00:00Z,2030-05-10T10:00:00Z,16,4.4,66.0,5.0,271.0,0.0,0.0
WX-CYOD,2030-05-09T18:00:00Z,2030-05-10T11:00:00Z,17,4.9,65.0,5.0,267.0,0.0,0.0
WX-CYOD,2030-05-09T18:00:00Z,2030-05-10T12:00:00Z,18,6.9,54.0,5.0,272.0,0.0,0.0
WX-CYOD,2030-05-09T18:00:00Z,2030-05-10T13:00:00Z,19,7.5,54.0,5.0,270.0,0.0,0.0
WX-CYOD,2030-05-09T18:00:00Z,2030-05-10T14:00:00Z,20,9.0,47.0,6.0,268.0,0.0,0.0
WX-CYOD,2030-05-09T18:00:00Z,2030-05-10T15:00:00Z,21,11.4,42.0,8.0,267.0,0.0,0.0
WX-CYOD,2030-05-09T18:00:00Z,2030-05-10T16:00:00Z,22,14.9,32.0,10.0,271.0,0.0,0.0
WX-CYOD,2030-05-09T18:00:00Z,2030-05-10T17:00:00Z,23,15.9,22.0,10.0,270.0,0.0,0.0
WX-CYOD,2030-05-09T18:00:00Z,2030-05-10T18:00:00Z,24,17.5,24.0,11.0,269.0,0.0,0.0
WX-CYOD,2030-05-09T18:00:00Z,2030-05-10T19:00:00Z,25,18.2,25.0,12.0,281.0,0.0,0.0
WX-CYOD,2030-05-09T18:00:00Z,2030-05-10T20:00:00Z,26,19.7,18.0,13.0,276.0,0.0,0.0
WX-CYOD,2030-05-09T18:00:00Z,2030-05-10T21:00:00Z,27,20.3,19.0,14.0,271.0,0.0,0.0
WX-CYOD,2030-05-09T18:00:00Z,2030-05-10T22:00:00Z,28,20.7,19.0,12.0,274.0,0.0,0.0
WX-CYOD,2030-05-09T18:00:00Z,2030-05-10T23:00:00Z,29,21.6,26.0,11.0,268.0,0.0,0.0
WX-CYOD,2030-05-09T18:00:00Z,2030-05-11T00:00:00Z,30,18.6,26.0,12.0,274.0,0.0,0.0
WX-CYOD,2030-05-09T18:00:00Z,2030-05-11T01:00:00Z,31,17.4,29.0,9.0,268.0,0.0,0.0
WX-CYOD,2030-05-09T18:00:00Z,2030-05-11T02:00:00Z,32,15.3,28.0,6.0,271.0,0.0,0.0
WX-CYOD,2030-05-09T18:00:00Z,2030-05-11T03:00:00Z,33,12.5,39.0,5.0,281.0,0.0,0.0
WX-CYOD,2030-05-09T18:00:00Z,2030-05-11T04:00:00Z,34,12.6,38.0,5.0,266.0,0.0,0.0
WX-CYOD,2030-05-09T18:00:00Z,2030-05-11T05:00:00Z,35,8.1,55.0,5.0,282.0,0.0,0.0
WX-CYOD,2030-05-09T18:00:00Z,2030-05-11T06:00:00Z,36,8.2,54.0,5.0,251.0,0.0,0.0
WX-CYOD,2030-05-09T18:00:00Z,2030-05-11T07:00:00Z,37,5.6,61.0,5.0,265.0,0.0,0.0
WX-CYOD,2030-05-09T18:00:00Z,2030-05-11T08:00:00Z,38,4.8,57.0,5.0,261.0,0.0,0.0
WX-CYOD,2030-05-09T18:00:00Z,2030-05-11T09:00:00Z,39,4.2,67.0,6.0,277.0,0.0,0.0
WX-CYOD,2030-05-09T18:00:00Z,2030-05-11T10:00:00Z,40,4.6,66.0,5.0,281.0,0.0,0.0
WX-CYOD,2030-05-09T18:00:00Z,2030-05-11T11:00:00Z,41,5.3,69.0,6.0,273.0,0.0,0.0
WX-CYOD,2030-05-09T18:00:00Z,2030-05-11T12:00:00Z,42,5.9,58.0,5.0,262.0,0.0,0.0
WX-CYOD,2030-05-09T18:00:00Z,2030-05-11T13:00:00Z,43,6.6,52.0,5.0,267.0,0.0,0.0
WX-CYOD,2030-05-09T18:00:00Z,2030-05-11T14:00:00Z,44,10.1,53.0,5.0,278.0,0.0,0.0
WX-CYOD,2030-05-09T18:00:00Z,2030-05-11T15:00:00Z,45,11.9,35.0,8.0,259.0,0.0,0.0
WX-CYOD,2030-05-09T18:00:00Z,2030-05-11T16:00:00Z,46,14.9,35.0,9.0,264.0,0.0,0.0
WX-CYOD,2030-05-09T18:00:00Z,2030-05-11T17:00:00Z,47,16.0,32.0,10.0,273.0,0.0,0.0
WX-CYOD,2030-05-09T18:00:00Z,2030-05-11T18:00:00Z,48,18.2,36.0,13.0,276.0,0.0,0.0
WX-CYOD,2030-05-09T18:00:00Z,2030-05-11T19:00:00Z,49,19.2,21.0,14.0,268.0,0.0,0.0
WX-CYOD,2030-05-09T18:00:00Z,2030-05-11T20:00:00Z,50,20.0,27.0,12.0,268.0,0.0,0.0
WX-CYOD,2030-05-09T18:00:00Z,2030-05-11T21:00:00Z,51,22.7,15.0,15.0,269.0,0.0,0.0
WX-CYOD,2030-05-09T18:00:00Z,2030-05-11T22:00:00Z,52,21.1,22.0,12.0,277.0,0.0,0.0
WX-CYOD,2030-05-09T18:00:00Z,2030-05-11T23:00:00Z,53,19.8,32.0,12.0,264.0,0.0,0.0
WX-CYOD,2030-05-09T18:00:00Z,2030-05-12T00:00:00Z,54,19.1,36.0,11.0,272.0,0.0,0.0
WX-CYOD,2030-05-09T18:00:00Z,2030-05-12T01:00:00Z,55,18.2,23.0,8.0,277.0,0.0,0.0
WX-CYOD,2030-05-09T18:00:00Z,2030-05-12T02:00:00Z,56,16.5,30.0,6.0,261.0,0.0,0.0
WX-CYOD,2030-05-09T18:00:00Z,2030-05-12T03:00:00Z,57,13.6,38.0,5.0,272.0,0.0,0.0
WX-CYOD,2030-05-09T18:00:00Z,2030-05-12T04:00:00Z,58,11.7,41.0,5.0,277.0,0.0,0.0
WX-CYOD,2030-05-09T18:00:00Z,2030-05-12T05:00:00Z,59,10.0,44.0,5.0,268.0,0.0,0.0
WX-CYOD,2030-05-09T18:00:00Z,2030-05-12T06:00:00Z,60,8.1,41.0,5.0,296.0,0.0,0.0
WX-CYOD,2030-05-09T18:00:00Z,2030-05-12T07:00:00Z,61,8.0,59.0,5.0,273.0,0.0,0.0
WX-CYOD,2030-05-09T18:00:00Z,2030-05-12T08:00:00Z,62,4.7,59.0,5.0,271.0,0.0,0.0
WX-CYOD,2030-05-09T18:00:00Z,2030-05-12T09:00:00Z,63,3.0,72.0,5.0,273.0,0.0,0.0
WX-CYOD,2030-05-09T18:00:00Z,2030-05-12T10:00:00Z,64,4.3,71.0,5.0,271.0,0.0,0.0
WX-CYOD,2030-05-09T18:00:00Z,2030-05-12T11:00:00Z,65,5.2,67.0,5.0,284.0,0.0,0.0
WX-CYOD,2030-05-09T18:00:00Z,2030-05-12T12:00:00Z,66,5.5,53.0,5.0,260.0,0.0,0.0
WX-CYOD,2030-05-09T18:00:00Z,2030-05-12T13:00:00Z,67,7.6,55.0,6.0,278.0,0.0,0.0
WX-CYOD,2030-05-09T18:00:00Z,2030-05-12T14:00:00Z,68,9.6,51.0,5.0,265.0,0.0,0.0
WX-CYOD,2030-05-09T18:00:00Z,2030-05-12T15:00:00Z,69,12.1,44.0,9.0,271.0,0.0,0.0
WX-CYOD,2030-05-09T18:00:00Z,2030-05-12T16:00:00Z,70,13.5,32.0,7.0,248.0,0.0,0.0
WX-CYOD,2030-05-09T18:00:00Z,2030-05-12T17:00:00Z,71,13.3,31.0,14.0,270.0,0.0,0.0
WX-CYOD,2030-05-09T18:00:00Z,2030-05-12T18:00:00Z,72,18.8,28.0,13.0,284.0,0.0,0.0
WX-CYPY,2030-05-09T18:00:00Z,2030-05-09T19:00:00Z,1,15.1,27.0,18.0,316.0,0.0,0.0
WX-CYPY,2030-05-09T18:00:00Z,2030-05-09T20:00:00Z,2,16.5,26.0,18.0,305.0,0.0,0.0
WX-CYPY,2030-05-09T18:00:00Z,2030-05-09T21:00:00Z,3,16.6,27.0,19.0,310.0,0.0,0.0
WX-CYPY,2030-05-09T18:00:00Z,2030-05-09T22:00:00Z,4,15.7,32.0,18.0,307.0,0.0,0.0
WX-CYPY,2030-05-09T18:00:00Z,2030-05-09T23:00:00Z,5,16.9,25.0,17.0,299.0,0.0,0.0
WX-CYPY,2030-05-09T18:00:00Z,2030-05-10T00:00:00Z,6,15.3,33.0,16.0,308.0,0.0,0.0
WX-CYPY,2030-05-09T18:00:00Z,2030-05-10T01:00:00Z,7,14.6,40.0,12.0,312.0,0.0,0.0
WX-CYPY,2030-05-09T18:00:00Z,2030-05-10T02:00:00Z,8,13.0,38.0,10.0,301.0,0.0,0.0
WX-CYPY,2030-05-09T18:00:00Z,2030-05-10T03:00:00Z,9,9.4,47.0,6.0,318.0,0.0,0.0
WX-CYPY,2030-05-09T18:00:00Z,2030-05-10T04:00:00Z,10,9.2,47.0,7.0,303.0,0.0,0.0
WX-CYPY,2030-05-09T18:00:00Z,2030-05-10T05:00:00Z,11,7.3,61.0,7.0,298.0,0.0,0.0
WX-CYPY,2030-05-09T18:00:00Z,2030-05-10T06:00:00Z,12,4.5,65.0,6.0,292.0,0.0,0.0
WX-CYPY,2030-05-09T18:00:00Z,2030-05-10T07:00:00Z,13,4.3,75.0,5.0,300.0,0.0,0.0
WX-CYPY,2030-05-09T18:00:00Z,2030-05-10T08:00:00Z,14,2.2,79.0,6.0,286.0,0.0,0.0
WX-CYPY,2030-05-09T18:00:00Z,2030-05-10T09:00:00Z,15,2.6,81.0,6.0,288.0,0.0,0.0
WX-CYPY,2030-05-09T18:00:00Z,2030-05-10T10:00:00Z,16,3.2,73.0,5.0,282.0,0.0,0.0
WX-CYPY,2030-05-09T18:00:00Z,2030-05-10T11:00:00Z,17,3.5,81.0,5.0,298.0,0.0,0.0
WX-CYPY,2030-05-09T18:00:00Z,2030-05-10T12:00:00Z,18,5.3,72.0,5.0,283.0,0.0,0.0
WX-CYPY,2030-05-09T18:00:00Z,2030-05-10T13:00:00Z,19,5.5,64.0,5.0,287.0,0.0,0.0
WX-CYPY,2030-05-09T18:00:00Z,2030-05-10T14:00:00Z,20,9.4,58.0,7.0,282.0,0.0,0.0
WX-CYPY,2030-05-09T18:00:00Z,2030-05-10T15:00:00Z,21,10.7,44.0,9.0,280.0,0.0,0.0
WX-CYPY,2030-05-09T18:00:00Z,2030-05-10T16:00:00Z,22,13.0,48.0,11.0,291.0,0.0,0.0
WX-CYPY,2030-05-09T18:00:00Z,2030-05-10T17:00:00Z,23,13.6,31.0,13.0,287.0,0.0,0.0
WX-CYPY,2030-05-09T18:00:00Z,2030-05-10T18:00:00Z,24,15.8,38.0,14.0,282.0,0.0,0.0
WX-CYPY,2030-05-09T18:00:00Z,2030-05-10T19:00:00Z,25,16.7,31.0,16.0,290.0,0.0,0.0
WX-CYPY,2030-05-09T18:00:00Z,2030-05-10T20:00:00Z,26,17.2,24.0,15.0,293.0,0.0,0.0
WX-CYPY,2030-05-09T18:00:00Z,2030-05-10T21:00:00Z,27,17.8,27.0,14.0,286.0,0.0,0.0
WX-CYPY,2030-05-09T18:00:00Z,2030-05-10T22:00:00Z,28,18.6,24.0,15.0,291.0,0.0,0.0
WX-CYPY,2030-05-09T18:00:00Z,2030-05-10T23:00:00Z,29,18.4,21.0,11.0,285.0,0.0,0.0
WX-CYPY,2030-05-09T18:00:00Z,2030-05-11T00:00:00Z,30,17.2,31.0,11.0,285.0,0.0,0.0
WX-CYPY,2030-05-09T18:00:00Z,2030-05-11T01:00:00Z,31,15.2,28.0,10.0,288.0,0.0,0.0
WX-CYPY,2030-05-09T18:00:00Z,2030-05-11T02:00:00Z,32,14.7,36.0,8.0,291.0,0.0,0.0
WX-CYPY,2030-05-09T18:00:00Z,2030-05-11T03:00:00Z,33,12.4,40.0,6.0,286.0,0.0,0.0
WX-CYPY,2030-05-09T18:00:00Z,2030-05-11T04:00:00Z,34,9.5,54.0,5.0,299.0,0.0,0.0
WX-CYPY,2030-05-09T18:00:00Z,2030-05-11T05:00:00Z,35,6.9,59.0,5.0,278.0,0.0,0.0
WX-CYPY,2030-05-09T18:00:00Z,2030-05-11T06:00:00Z,36,6.4,67.0,6.0,271.0,0.0,0.0
WX-CYPY,2030-05-09T18:00:00Z,2030-05-11T07:00:00Z,37,4.3,72.0,6.0,288.0,0.0,0.0
WX-CYPY,2030-05-09T18:00:00Z,2030-05-11T08:00:00Z,38,4.2,79.0,6.0,285.0,0.0,0.0
WX-CYPY,2030-05-09T18:00:00Z,2030-05-11T09:00:00Z,39,2.7,77.0,5.0,292.0,0.0,0.0
WX-CYPY,2030-05-09T18:00:00Z,2030-05-11T10:00:00Z,40,2.9,83.0,5.0,282.0,0.0,0.0
WX-CYPY,2030-05-09T18:00:00Z,2030-05-11T11:00:00Z,41,2.8,86.0,6.0,278.0,0.0,0.0
WX-CYPY,2030-05-09T18:00:00Z,2030-05-11T12:00:00Z,42,5.3,78.0,6.0,282.0,0.0,0.0
WX-CYPY,2030-05-09T18:00:00Z,2030-05-11T13:00:00Z,43,4.9,64.0,6.0,281.0,0.0,0.0
WX-CYPY,2030-05-09T18:00:00Z,2030-05-11T14:00:00Z,44,7.4,66.0,6.0,287.0,0.0,0.0
WX-CYPY,2030-05-09T18:00:00Z,2030-05-11T15:00:00Z,45,8.9,49.0,8.0,295.0,0.0,0.0
WX-CYPY,2030-05-09T18:00:00Z,2030-05-11T16:00:00Z,46,13.8,52.0,10.0,289.0,0.0,0.0
WX-CYPY,2030-05-09T18:00:00Z,2030-05-11T17:00:00Z,47,14.0,39.0,13.0,281.0,0.0,0.0
WX-CYPY,2030-05-09T18:00:00Z,2030-05-11T18:00:00Z,48,16.4,32.0,14.0,274.0,0.0,0.0
WX-CYPY,2030-05-09T18:00:00Z,2030-05-11T19:00:00Z,49,17.6,34.0,12.0,287.0,0.0,0.0
WX-CYPY,2030-05-09T18:00:00Z,2030-05-11T20:00:00Z,50,18.7,25.0,14.0,295.0,0.0,0.0
WX-CYPY,2030-05-09T18:00:00Z,2030-05-11T21:00:00Z,51,17.8,30.0,16.0,292.0,0.0,0.0
WX-CYPY,2030-05-09T18:00:00Z,2030-05-11T22:00:00Z,52,18.6,27.0,15.0,281.0,0.0,0.0
WX-CYPY,2030-05-09T18:00:00Z,2030-05-11T23:00:00Z,53,17.7,30.0,12.0,288.0,0.0,0.0
WX-CYPY,2030-05-09T18:00:00Z,2030-05-12T00:00:00Z,54,17.0,26.0,12.0,288.0,0.0,0.0
WX-CYPY,2030-05-09T18:00:00Z,2030-05-12T01:00:00Z,55,14.9,30.0,11.0,298.0,0.0,0.0
WX-CYPY,2030-05-09T18:00:00Z,2030-05-12T02:00:00Z,56,14.6,48.0,8.0,287.0,0.0,0.0
WX-CYPY,2030-05-09T18:00:00Z,2030-05-12T03:00:00Z,57,11.4,47.0,6.0,300.0,0.0,0.0
WX-CYPY,2030-05-09T18:00:00Z,2030-05-12T04:00:00Z,58,8.4,55.0,5.0,286.0,0.0,0.0
WX-CYPY,2030-05-09T18:00:00Z,2030-05-12T05:00:00Z,59,7.9,64.0,6.0,295.0,0.0,0.0
WX-CYPY,2030-05-09T18:00:00Z,2030-05-12T06:00:00Z,60,4.9,60.0,4.0,287.0,0.0,0.0
WX-CYPY,2030-05-09T18:00:00Z,2030-05-12T07:00:00Z,61,3.3,70.0,6.0,267.0,0.0,0.0
WX-CYPY,2030-05-09T18:00:00Z,2030-05-12T08:00:00Z,62,4.6,77.0,6.0,294.0,0.0,0.0
WX-CYPY,2030-05-09T18:00:00Z,2030-05-12T09:00:00Z,63,3.0,76.0,5.0,282.0,0.0,0.0
WX-CYPY,2030-05-09T18:00:00Z,2030-05-12T10:00:00Z,64,1.3,80.0,6.0,282.0,0.0,0.0
WX-CYPY,2030-05-09T18:00:00Z,2030-05-12T11:00:00Z,65,3.6,78.0,5.0,288.0,0.0,0.0
WX-CYPY,2030-05-09T18:00:00Z,2030-05-12T12:00:00Z,66,2.9,69.0,5.0,281.0,0.0,0.0
WX-CYPY,2030-05-09T18:00:00Z,2030-05-12T13:00:00Z,67,4.5,61.0,5.0,277.0,0.0,0.0
WX-CYPY,2030-05-09T18:00:00Z,2030-05-12T14:00:00Z,68,9.1,53.0,6.0,274.0,0.0,0.0
WX-CYPY,2030-05-09T18:00:00Z,2030-05-12T15:00:00Z,69,9.7,47.0,10.0,289.0,0.0,0.0
WX-CYPY,2030-05-09T18:00:00Z,2030-05-12T16:00:00Z,70,12.3,36.0,12.0,281.0,0.0,0.0
WX-CYPY,2030-05-09T18:00:00Z,2030-05-12T17:00:00Z,71,15.8,44.0,14.0,283.0,0.0,0.0
WX-CYPY,2030-05-09T18:00:00Z,2030-05-12T18:00:00Z,72,17.1,17.0,14.0,286.0,0.0,0.0
WX-CYEG,2030-05-09T18:00:00Z,2030-05-09T19:00:00Z,1,14.2,34.0,21.0,290.0,0.0,12.0
WX-CYEG,2030-05-09T18:00:00Z,2030-05-09T20:00:00Z,2,15.4,35.0,21.0,290.0,0.0,12.0
WX-CYEG,2030-05-09T18:00:00Z,2030-05-09T21:00:00Z,3,16.8,31.0,22.0,292.0,0.0,12.0
WX-CYEG,2030-05-09T18:00:00Z,2030-05-09T22:00:00Z,4,15.7,28.0,21.0,292.0,0.0,12.0
WX-CYEG,2030-05-09T18:00:00Z,2030-05-09T23:00:00Z,5,16.2,30.0,18.0,292.0,0.0,12.0
WX-CYEG,2030-05-09T18:00:00Z,2030-05-10T00:00:00Z,6,14.7,33.0,17.0,296.0,0.0,12.0
WX-CYEG,2030-05-09T18:00:00Z,2030-05-10T01:00:00Z,7,13.8,44.0,13.0,294.0,0.0,12.0
WX-CYEG,2030-05-09T18:00:00Z,2030-05-10T02:00:00Z,8,11.5,44.0,10.0,294.0,0.0,12.0
WX-CYEG,2030-05-09T18:00:00Z,2030-05-10T03:00:00Z,9,8.7,51.0,7.0,288.0,0.0,12.0
WX-CYEG,2030-05-09T18:00:00Z,2030-05-10T04:00:00Z,10,8.2,56.0,7.0,288.0,0.0,12.0
WX-CYEG,2030-05-09T18:00:00Z,2030-05-10T05:00:00Z,11,6.3,67.0,7.0,291.0,0.0,12.0
WX-CYEG,2030-05-09T18:00:00Z,2030-05-10T06:00:00Z,12,4.6,75.0,6.0,268.0,0.0,12.0
WX-CYEG,2030-05-09T18:00:00Z,2030-05-10T07:00:00Z,13,3.6,77.0,6.0,267.0,0.0,12.0
WX-CYEG,2030-05-09T18:00:00Z,2030-05-10T08:00:00Z,14,2.8,89.0,6.0,273.0,0.0,12.0
WX-CYEG,2030-05-09T18:00:00Z,2030-05-10T09:00:00Z,15,1.1,91.0,6.0,268.0,0.0,12.0
WX-CYEG,2030-05-09T18:00:00Z,2030-05-10T10:00:00Z,16,3.3,87.0,5.0,279.0,0.0,12.0
WX-CYEG,2030-05-09T18:00:00Z,2030-05-10T11:00:00Z,17,1.5,90.0,6.0,279.0,0.0,12.0
WX-CYEG,2030-05-09T18:00:00Z,2030-05-10T12:00:00Z,18,3.4,85.0,6.0,279.0,0.0,12.0
WX-CYEG,2030-05-09T18:00:00Z,2030-05-10T13:00:00Z,19,4.9,69.0,5.0,284.0,0.0,12.0
WX-CYEG,2030-05-09T18:00:00Z,2030-05-10T14:00:00Z,20,7.4,70.0,8.0,282.0,0.0,12.0
WX-CYEG,2030-05-09T18:00:00Z,2030-05-10T15:00:00Z,21,9.1,57.0,10.0,278.0,0.0,12.0
WX-CYEG,2030-05-09T18:00:00Z,2030-05-10T16:00:00Z,22,10.3,45.0,12.0,280.0,0.0,12.0
WX-CYEG,2030-05-09T18:00:00Z,2030-05-10T17:00:00Z,23,12.6,38.0,13.0,277.0,0.0,12.0
WX-CYEG,2030-05-09T18:00:00Z,2030-05-10T18:00:00Z,24,15.4,39.0,16.0,277.0,0.0,12.0
WX-CYEG,2030-05-09T18:00:00Z,2030-05-10T19:00:00Z,25,16.8,32.0,16.0,281.0,0.0,12.0
WX-CYEG,2030-05-09T18:00:00Z,2030-05-10T20:00:00Z,26,17.8,28.0,15.0,277.0,0.0,12.0
WX-CYEG,2030-05-09T18:00:00Z,2030-05-10T21:00:00Z,27,19.2,28.0,13.0,270.0,0.0,12.0
WX-CYEG,2030-05-09T18:00:00Z,2030-05-10T22:00:00Z,28,18.4,29.0,14.0,268.0,0.0,12.0
WX-CYEG,2030-05-09T18:00:00Z,2030-05-10T23:00:00Z,29,17.9,32.0,15.0,275.0,0.0,12.0
WX-CYEG,2030-05-09T18:00:00Z,2030-05-11T00:00:00Z,30,16.7,27.0,12.0,260.0,0.0,12.0
WX-CYEG,2030-05-09T18:00:00Z,2030-05-11T01:00:00Z,31,15.3,37.0,11.0,265.0,0.0,12.0
WX-CYEG,2030-05-09T18:00:00Z,2030-05-11T02:00:00Z,32,13.6,38.0,8.0,267.0,0.0,12.0
WX-CYEG,2030-05-09T18:00:00Z,2030-05-11T03:00:00Z,33,10.9,52.0,6.0,271.0,0.0,12.0
WX-CYEG,2030-05-09T18:00:00Z,2030-05-11T04:00:00Z,34,9.1,52.0,5.0,266.0,0.0,12.0
WX-CYEG,2030-05-09T18:00:00Z,2030-05-11T05:00:00Z,35,7.0,66.0,6.0,280.0,0.0,12.0
WX-CYEG,2030-05-09T18:00:00Z,2030-05-11T06:00:00Z,36,4.6,76.0,5.0,273.0,0.0,12.0
WX-CYEG,2030-05-09T18:00:00Z,2030-05-11T07:00:00Z,37,4.3,81.0,6.0,278.0,0.0,12.0
WX-CYEG,2030-05-09T18:00:00Z,2030-05-11T08:00:00Z,38,3.3,94.0,6.0,276.0,0.0,12.0
WX-CYEG,2030-05-09T18:00:00Z,2030-05-11T09:00:00Z,39,3.8,87.0,6.0,275.0,0.0,12.0
WX-CYEG,2030-05-09T18:00:00Z,2030-05-11T10:00:00Z,40,2.5,94.0,5.0,263.0,0.0,12.0
WX-CYEG,2030-05-09T18:00:00Z,2030-05-11T11:00:00Z,41,3.7,85.0,6.0,270.0,0.0,12.0
WX-CYEG,2030-05-09T18:00:00Z,2030-05-11T12:00:00Z,42,3.7,77.0,6.0,277.0,0.0,12.0
WX-CYEG,2030-05-09T18:00:00Z,2030-05-11T13:00:00Z,43,4.6,66.0,5.0,271.0,0.0,12.0
WX-CYEG,2030-05-09T18:00:00Z,2030-05-11T14:00:00Z,44,7.5,69.0,7.0,261.0,0.0,12.0
WX-CYEG,2030-05-09T18:00:00Z,2030-05-11T15:00:00Z,45,9.6,56.0,8.0,281.0,0.0,12.0
WX-CYEG,2030-05-09T18:00:00Z,2030-05-11T16:00:00Z,46,11.6,47.0,11.0,250.0,0.0,12.0
WX-CYEG,2030-05-09T18:00:00Z,2030-05-11T17:00:00Z,47,12.0,38.0,14.0,262.0,0.0,12.0
WX-CYEG,2030-05-09T18:00:00Z,2030-05-11T18:00:00Z,48,14.0,23.0,13.0,273.0,0.0,12.0
WX-CYEG,2030-05-09T18:00:00Z,2030-05-11T19:00:00Z,49,17.6,32.0,16.0,270.0,0.0,12.0
WX-CYEG,2030-05-09T18:00:00Z,2030-05-11T20:00:00Z,50,19.0,33.0,16.0,271.0,0.0,12.0
WX-CYEG,2030-05-09T18:00:00Z,2030-05-11T21:00:00Z,51,18.3,33.0,15.0,268.0,0.0,12.0
WX-CYEG,2030-05-09T18:00:00Z,2030-05-11T22:00:00Z,52,17.1,29.0,13.0,285.0,0.0,12.0
WX-CYEG,2030-05-09T18:00:00Z,2030-05-11T23:00:00Z,53,18.1,38.0,15.0,283.0,0.0,12.0
WX-CYEG,2030-05-09T18:00:00Z,2030-05-12T00:00:00Z,54,16.6,35.0,12.0,272.0,0.0,12.0
WX-CYEG,2030-05-09T18:00:00Z,2030-05-12T01:00:00Z,55,13.8,42.0,9.0,274.0,0.0,12.0
WX-CYEG,2030-05-09T18:00:00Z,2030-05-12T02:00:00Z,56,13.8,39.0,8.0,268.0,0.0,12.0
WX-CYEG,2030-05-09T18:00:00Z,2030-05-12T03:00:00Z,57,11.2,36.0,6.0,288.0,0.0,12.0
WX-CYEG,2030-05-09T18:00:00Z,2030-05-12T04:00:00Z,58,8.8,53.0,7.0,264.0,0.0,12.0
WX-CYEG,2030-05-09T18:00:00Z,2030-05-12T05:00:00Z,59,6.1,62.0,6.0,269.0,0.0,12.0
WX-CYEG,2030-05-09T18:00:00Z,2030-05-12T06:00:00Z,60,6.2,77.0,6.0,283.0,0.0,12.0
WX-CYEG,2030-05-09T18:00:00Z,2030-05-12T07:00:00Z,61,2.9,87.0,6.0,264.0,0.0,12.0
WX-CYEG,2030-05-09T18:00:00Z,2030-05-12T08:00:00Z,62,2.1,87.0,5.0,275.0,0.0,12.0
WX-CYEG,2030-05-09T18:00:00Z,2030-05-12T09:00:00Z,63,1.8,91.0,6.0,267.0,0.0,12.0
WX-CYEG,2030-05-09T18:00:00Z,2030-05-12T10:00:00Z,64,2.7,84.0,7.0,274.0,0.0,12.0
WX-CYEG,2030-05-09T18:00:00Z,2030-05-12T11:00:00Z,65,1.2,85.0,5.0,279.0,0.0,12.0
WX-CYEG,2030-05-09T18:00:00Z,2030-05-12T12:00:00Z,66,3.3,81.0,6.0,262.0,0.0,12.0
WX-CYEG,2030-05-09T18:00:00Z,2030-05-12T13:00:00Z,67,6.8,75.0,5.0,277.0,0.0,12.0
WX-CYEG,2030-05-09T18:00:00Z,2030-05-12T14:00:00Z,68,7.4,62.0,7.0,284.0,0.0,12.0
WX-CYEG,2030-05-09T18:00:00Z,2030-05-12T15:00:00Z,69,9.0,60.0,10.0,272.0,0.0,12.0
WX-CYEG,2030-05-09T18:00:00Z,2030-05-12T16:00:00Z,70,11.5,47.0,12.0,287.0,0.0,12.0
WX-CYEG,2030-05-09T18:00:00Z,2030-05-12T17:00:00Z,71,13.6,40.0,12.0,258.0,0.0,12.0
WX-CYEG,2030-05-09T18:00:00Z,2030-05-12T18:00:00Z,72,13.6,31.0,15.0,265.0,0.0,12.0
WX-CYWM,2030-05-09T18:00:00Z,2030-05-09T19:00:00Z,1,15.9,39.0,16.0,291.0,0.1,89.0
WX-CYWM,2030-05-09T18:00:00Z,2030-05-09T20:00:00Z,2,16.5,32.0,18.0,290.0,0.0,29.0
WX-CYWM,2030-05-09T18:00:00Z,2030-05-09T21:00:00Z,3,17.7,36.0,18.0,273.0,0.0,29.0
WX-CYWM,2030-05-09T18:00:00Z,2030-05-09T22:00:00Z,4,17.4,30.0,16.0,292.0,0.0,29.0
WX-CYWM,2030-05-09T18:00:00Z,2030-05-09T23:00:00Z,5,17.5,35.0,15.0,272.0,0.0,29.0
WX-CYWM,2030-05-09T18:00:00Z,2030-05-10T00:00:00Z,6,16.0,38.0,13.0,288.0,0.0,29.0
WX-CYWM,2030-05-09T18:00:00Z,2030-05-10T01:00:00Z,7,14.1,41.0,11.0,282.0,0.0,29.0
WX-CYWM,2030-05-09T18:00:00Z,2030-05-10T02:00:00Z,8,12.1,42.0,8.0,293.0,0.0,29.0
WX-CYWM,2030-05-09T18:00:00Z,2030-05-10T03:00:00Z,9,11.1,54.0,5.0,278.0,0.0,29.0
WX-CYWM,2030-05-09T18:00:00Z,2030-05-10T04:00:00Z,10,8.3,59.0,5.0,279.0,0.0,29.0
WX-CYWM,2030-05-09T18:00:00Z,2030-05-10T05:00:00Z,11,7.2,69.0,5.0,277.0,0.0,29.0
WX-CYWM,2030-05-09T18:00:00Z,2030-05-10T06:00:00Z,12,7.8,82.0,4.0,267.0,0.0,29.0
WX-CYWM,2030-05-09T18:00:00Z,2030-05-10T07:00:00Z,13,6.0,77.0,4.0,265.0,0.0,29.0
WX-CYWM,2030-05-09T18:00:00Z,2030-05-10T08:00:00Z,14,4.0,85.0,5.0,273.0,0.0,29.0
WX-CYWM,2030-05-09T18:00:00Z,2030-05-10T09:00:00Z,15,2.9,93.0,5.0,265.0,0.0,29.0
WX-CYWM,2030-05-09T18:00:00Z,2030-05-10T10:00:00Z,16,3.5,98.0,5.0,275.0,0.0,29.0
WX-CYWM,2030-05-09T18:00:00Z,2030-05-10T11:00:00Z,17,5.0,88.0,4.0,265.0,0.0,29.0
WX-CYWM,2030-05-09T18:00:00Z,2030-05-10T12:00:00Z,18,5.1,77.0,5.0,272.0,0.0,29.0
WX-CYWM,2030-05-09T18:00:00Z,2030-05-10T13:00:00Z,19,6.8,80.0,5.0,267.0,0.0,29.0
WX-CYWM,2030-05-09T18:00:00Z,2030-05-10T14:00:00Z,20,8.9,59.0,5.0,265.0,0.0,29.0
WX-CYWM,2030-05-09T18:00:00Z,2030-05-10T15:00:00Z,21,10.7,58.0,7.0,263.0,0.0,29.0
WX-CYWM,2030-05-09T18:00:00Z,2030-05-10T16:00:00Z,22,13.7,48.0,9.0,267.0,0.0,29.0
WX-CYWM,2030-05-09T18:00:00Z,2030-05-10T17:00:00Z,23,15.1,45.0,10.0,269.0,0.0,29.0
WX-CYWM,2030-05-09T18:00:00Z,2030-05-10T18:00:00Z,24,17.7,36.0,12.0,259.0,0.0,29.0
WX-CYWM,2030-05-09T18:00:00Z,2030-05-10T19:00:00Z,25,17.8,30.0,12.0,265.0,0.0,29.0
WX-CYWM,2030-05-09T18:00:00Z,2030-05-10T20:00:00Z,26,17.4,34.0,12.0,277.0,0.0,29.0
WX-CYWM,2030-05-09T18:00:00Z,2030-05-10T21:00:00Z,27,19.4,29.0,12.0,265.0,0.0,29.0
WX-CYWM,2030-05-09T18:00:00Z,2030-05-10T22:00:00Z,28,19.3,35.0,13.0,260.0,0.0,29.0
WX-CYWM,2030-05-09T18:00:00Z,2030-05-10T23:00:00Z,29,18.7,33.0,10.0,275.0,0.0,29.0
WX-CYWM,2030-05-09T18:00:00Z,2030-05-11T00:00:00Z,30,18.5,30.0,10.0,267.0,0.0,29.0
WX-CYWM,2030-05-09T18:00:00Z,2030-05-11T01:00:00Z,31,15.8,40.0,9.0,258.0,0.0,29.0
WX-CYWM,2030-05-09T18:00:00Z,2030-05-11T02:00:00Z,32,15.5,39.0,7.0,263.0,0.0,29.0
WX-CYWM,2030-05-09T18:00:00Z,2030-05-11T03:00:00Z,33,12.7,54.0,5.0,263.0,0.0,29.0
WX-CYWM,2030-05-09T18:00:00Z,2030-05-11T04:00:00Z,34,10.6,55.0,5.0,264.0,0.0,29.0
WX-CYWM,2030-05-09T18:00:00Z,2030-05-11T05:00:00Z,35,8.9,76.0,5.0,275.0,0.0,29.0
WX-CYWM,2030-05-09T18:00:00Z,2030-05-11T06:00:00Z,36,7.3,78.0,5.0,261.0,0.0,29.0
WX-CYWM,2030-05-09T18:00:00Z,2030-05-11T07:00:00Z,37,5.6,85.0,5.0,253.0,0.0,29.0
WX-CYWM,2030-05-09T18:00:00Z,2030-05-11T08:00:00Z,38,5.5,86.0,5.0,263.0,0.0,29.0
WX-CYWM,2030-05-09T18:00:00Z,2030-05-11T09:00:00Z,39,3.3,93.0,5.0,268.0,0.0,29.0
WX-CYWM,2030-05-09T18:00:00Z,2030-05-11T10:00:00Z,40,5.0,96.0,5.0,267.0,0.0,29.0
WX-CYWM,2030-05-09T18:00:00Z,2030-05-11T11:00:00Z,41,5.1,95.0,4.0,266.0,0.0,29.0
WX-CYWM,2030-05-09T18:00:00Z,2030-05-11T12:00:00Z,42,6.0,86.0,5.0,271.0,0.0,29.0
WX-CYWM,2030-05-09T18:00:00Z,2030-05-11T13:00:00Z,43,7.8,66.0,4.0,262.0,0.0,29.0
WX-CYWM,2030-05-09T18:00:00Z,2030-05-11T14:00:00Z,44,10.0,74.0,5.0,282.0,0.0,29.0
WX-CYWM,2030-05-09T18:00:00Z,2030-05-11T15:00:00Z,45,11.3,57.0,8.0,269.0,0.0,29.0
WX-CYWM,2030-05-09T18:00:00Z,2030-05-11T16:00:00Z,46,13.0,45.0,8.0,260.0,0.0,29.0
WX-CYWM,2030-05-09T18:00:00Z,2030-05-11T17:00:00Z,47,15.8,52.0,11.0,259.0,0.0,29.0
WX-CYWM,2030-05-09T18:00:00Z,2030-05-11T18:00:00Z,48,15.4,33.0,11.0,260.0,0.0,29.0
WX-CYWM,2030-05-09T18:00:00Z,2030-05-11T19:00:00Z,49,18.3,30.0,11.0,247.0,0.0,29.0
WX-CYWM,2030-05-09T18:00:00Z,2030-05-11T20:00:00Z,50,19.5,40.0,12.0,275.0,0.0,29.0
WX-CYWM,2030-05-09T18:00:00Z,2030-05-11T21:00:00Z,51,21.0,25.0,13.0,263.0,0.0,29.0
WX-CYWM,2030-05-09T18:00:00Z,2030-05-11T22:00:00Z,52,18.7,31.0,11.0,252.0,0.0,29.0
WX-CYWM,2030-05-09T18:00:00Z,2030-05-11T23:00:00Z,53,19.7,36.0,11.0,260.0,0.0,29.0
WX-CYWM,2030-05-09T18:00:00Z,2030-05-12T00:00:00Z,54,18.6,30.0,8.0,264.0,0.0,29.0
WX-CYWM,2030-05-09T18:00:00Z,2030-05-12T01:00:00Z,55,16.4,41.0,8.0,271.0,0.0,29.0
WX-CYWM,2030-05-09T18:00:00Z,2030-05-12T02:00:00Z,56,14.4,49.0,7.0,268.0,0.0,29.0
WX-CYWM,2030-05-09T18:00:00Z,2030-05-12T03:00:00Z,57,12.5,54.0,5.0,254.0,0.0,29.0
WX-CYWM,2030-05-09T18:00:00Z,2030-05-12T04:00:00Z,58,10.2,55.0,4.0,276.0,0.0,29.0
WX-CYWM,2030-05-09T18:00:00Z,2030-05-12T05:00:00Z,59,8.7,65.0,4.0,263.0,0.0,29.0
WX-CYWM,2030-05-09T18:00:00Z,2030-05-12T06:00:00Z,60,7.9,80.0,5.0,266.0,0.0,29.0
WX-CYWM,2030-05-09T18:00:00Z,2030-05-12T07:00:00Z,61,4.0,84.0,4.0,253.0,0.0,29.0
WX-CYWM,2030-05-09T18:00:00Z,2030-05-12T08:00:00Z,62,3.8,83.0,5.0,264.0,0.0,29.0
WX-CYWM,2030-05-09T18:00:00Z,2030-05-12T09:00:00Z,63,3.5,87.0,5.0,270.0,0.0,29.0
WX-CYWM,2030-05-09T18:00:00Z,2030-05-12T10:00:00Z,64,3.1,92.0,5.0,278.0,0.0,29.0
WX-CYWM,2030-05-09T18:00:00Z,2030-05-12T11:00:00Z,65,5.9,93.0,5.0,261.0,0.0,29.0
WX-CYWM,2030-05-09T18:00:00Z,2030-05-12T12:00:00Z,66,4.5,81.0,5.0,265.0,0.0,29.0
WX-CYWM,2030-05-09T18:00:00Z,2030-05-12T13:00:00Z,67,8.2,76.0,4.0,259.0,0.0,29.0
WX-CYWM,2030-05-09T18:00:00Z,2030-05-12T14:00:00Z,68,7.9,64.0,5.0,261.0,0.0,29.0
WX-CYWM,2030-05-09T18:00:00Z,2030-05-12T15:00:00Z,69,10.6,57.0,7.0,277.0,0.0,29.0
WX-CYWM,2030-05-09T18:00:00Z,2030-05-12T16:00:00Z,70,13.5,53.0,9.0,262.0,0.0,29.0
WX-CYWM,2030-05-09T18:00:00Z,2030-05-12T17:00:00Z,71,14.7,39.0,10.0,266.0,0.0,29.0
WX-CYWM,2030-05-09T18:00:00Z,2030-05-12T18:00:00Z,72,16.2,34.0,11.0,271.0,0.0,29.0
WX-CEE5,2030-05-09T18:00:00Z,2030-05-09T19:00:00Z,1,14.3,35.0,18.0,295.0,0.0,23.0
WX-CEE5,2030-05-09T18:00:00Z,2030-05-09T20:00:00Z,2,15.3,32.0,16.0,296.0,0.0,23.0
WX-CEE5,2030-05-09T18:00:00Z,2030-05-09T21:00:00Z,3,18.0,28.0,17.0,288.0,0.0,23.0
WX-CEE5,2030-05-09T18:00:00Z,2030-05-09T22:00:00Z,4,16.6,29.0,17.0,299.0,0.0,23.0
WX-CEE5,2030-05-09T18:00:00Z,2030-05-09T23:00:00Z,5,16.8,32.0,15.0,279.0,0.0,23.0
WX-CEE5,2030-05-09T18:00:00Z,2030-05-10T00:00:00Z,6,13.8,29.0,12.0,288.0,0.0,23.0
WX-CEE5,2030-05-09T18:00:00Z,2030-05-10T01:00:00Z,7,14.3,32.0,11.0,293.0,0.0,23.0
WX-CEE5,2030-05-09T18:00:00Z,2030-05-10T02:00:00Z,8,12.3,45.0,8.0,292.0,0.0,23.0
WX-CEE5,2030-05-09T18:00:00Z,2030-05-10T03:00:00Z,9,9.7,42.0,6.0,290.0,0.0,23.0
WX-CEE5,2030-05-09T18:00:00Z,2030-05-10T04:00:00Z,10,8.8,52.0,5.0,289.0,0.0,23.0
WX-CEE5,2030-05-09T18:00:00Z,2030-05-10T05:00:00Z,11,6.6,62.0,6.0,300.0,0.0,23.0
WX-CEE5,2030-05-09T18:00:00Z,2030-05-10T06:00:00Z,12,4.5,72.0,5.0,282.0,0.0,23.0
WX-CEE5,2030-05-09T18:00:00Z,2030-05-10T07:00:00Z,13,3.9,78.0,4.0,274.0,0.0,23.0
WX-CEE5,2030-05-09T18:00:00Z,2030-05-10T08:00:00Z,14,3.0,77.0,5.0,276.0,0.0,23.0
WX-CEE5,2030-05-09T18:00:00Z,2030-05-10T09:00:00Z,15,2.5,82.0,4.0,277.0,0.0,23.0
WX-CEE5,2030-05-09T18:00:00Z,2030-05-10T10:00:00Z,16,2.0,81.0,4.0,282.0,0.0,23.0
WX-CEE5,2030-05-09T18:00:00Z,2030-05-10T11:00:00Z,17,3.1,81.0,4.0,268.0,0.0,23.0
WX-CEE5,2030-05-09T18:00:00Z,2030-05-10T12:00:00Z,18,2.8,79.0,5.0,269.0,0.0,23.0
WX-CEE5,2030-05-09T18:00:00Z,2030-05-10T13:00:00Z,19,6.7,75.0,5.0,272.0,0.0,23.0
WX-CEE5,2030-05-09T18:00:00Z,2030-05-10T14:00:00Z,20,7.4,61.0,6.0,276.0,0.0,23.0
WX-CEE5,2030-05-09T18:00:00Z,2030-05-10T15:00:00Z,21,9.7,51.0,7.0,271.0,0.0,23.0
WX-CEE5,2030-05-09T18:00:00Z,2030-05-10T16:00:00Z,22,12.1,48.0,8.0,279.0,0.0,23.0
WX-CEE5,2030-05-09T18:00:00Z,2030-05-10T17:00:00Z,23,13.9,46.0,10.0,275.0,0.0,23.0
WX-CEE5,2030-05-09T18:00:00Z,2030-05-10T18:00:00Z,24,15.9,39.0,13.0,273.0,0.0,23.0
WX-CEE5,2030-05-09T18:00:00Z,2030-05-10T19:00:00Z,25,15.8,26.0,13.0,283.0,0.0,23.0
WX-CEE5,2030-05-09T18:00:00Z,2030-05-10T20:00:00Z,26,18.1,27.0,14.0,277.0,0.0,23.0
WX-CEE5,2030-05-09T18:00:00Z,2030-05-10T21:00:00Z,27,18.3,31.0,14.0,275.0,0.0,23.0
WX-CEE5,2030-05-09T18:00:00Z,2030-05-10T22:00:00Z,28,18.0,21.0,12.0,288.0,0.0,23.0
WX-CEE5,2030-05-09T18:00:00Z,2030-05-10T23:00:00Z,29,18.4,23.0,10.0,262.0,0.0,23.0
WX-CEE5,2030-05-09T18:00:00Z,2030-05-11T00:00:00Z,30,17.2,30.0,11.0,281.0,0.0,23.0
WX-CEE5,2030-05-09T18:00:00Z,2030-05-11T01:00:00Z,31,13.8,37.0,8.0,265.0,0.0,23.0
WX-CEE5,2030-05-09T18:00:00Z,2030-05-11T02:00:00Z,32,13.4,40.0,7.0,261.0,0.0,23.0
WX-CEE5,2030-05-09T18:00:00Z,2030-05-11T03:00:00Z,33,11.4,50.0,5.0,268.0,0.0,23.0
WX-CEE5,2030-05-09T18:00:00Z,2030-05-11T04:00:00Z,34,9.0,55.0,5.0,275.0,0.0,23.0
WX-CEE5,2030-05-09T18:00:00Z,2030-05-11T05:00:00Z,35,7.2,58.0,5.0,273.0,0.0,23.0
WX-CEE5,2030-05-09T18:00:00Z,2030-05-11T06:00:00Z,36,6.4,64.0,5.0,283.0,0.0,23.0
WX-CEE5,2030-05-09T18:00:00Z,2030-05-11T07:00:00Z,37,4.8,79.0,5.0,280.0,0.0,23.0
WX-CEE5,2030-05-09T18:00:00Z,2030-05-11T08:00:00Z,38,2.5,85.0,5.0,271.0,0.0,23.0
WX-CEE5,2030-05-09T18:00:00Z,2030-05-11T09:00:00Z,39,2.0,85.0,5.0,269.0,0.0,23.0
WX-CEE5,2030-05-09T18:00:00Z,2030-05-11T10:00:00Z,40,2.0,82.0,4.0,268.0,0.0,23.0
WX-CEE5,2030-05-09T18:00:00Z,2030-05-11T11:00:00Z,41,4.4,70.0,5.0,274.0,0.0,23.0
WX-CEE5,2030-05-09T18:00:00Z,2030-05-11T12:00:00Z,42,5.2,81.0,5.0,287.0,0.0,23.0
WX-CEE5,2030-05-09T18:00:00Z,2030-05-11T13:00:00Z,43,5.3,67.0,5.0,294.0,0.0,23.0
WX-CEE5,2030-05-09T18:00:00Z,2030-05-11T14:00:00Z,44,7.2,58.0,6.0,272.0,0.0,23.0
WX-CEE5,2030-05-09T18:00:00Z,2030-05-11T15:00:00Z,45,11.0,52.0,8.0,274.0,0.0,23.0
WX-CEE5,2030-05-09T18:00:00Z,2030-05-11T16:00:00Z,46,11.4,34.0,8.0,271.0,0.0,23.0
WX-CEE5,2030-05-09T18:00:00Z,2030-05-11T17:00:00Z,47,13.6,39.0,10.0,277.0,0.0,23.0
WX-CEE5,2030-05-09T18:00:00Z,2030-05-11T18:00:00Z,48,15.8,26.0,12.0,277.0,0.0,23.0
WX-CEE5,2030-05-09T18:00:00Z,2030-05-11T19:00:00Z,49,16.5,29.0,11.0,274.0,0.0,23.0
WX-CEE5,2030-05-09T18:00:00Z,2030-05-11T20:00:00Z,50,18.0,26.0,9.0,272.0,0.0,23.0
WX-CEE5,2030-05-09T18:00:00Z,2030-05-11T21:00:00Z,51,20.1,28.0,12.0,269.0,0.0,23.0
WX-CEE5,2030-05-09T18:00:00Z,2030-05-11T22:00:00Z,52,18.1,20.0,10.0,275.0,0.0,23.0
WX-CEE5,2030-05-09T18:00:00Z,2030-05-11T23:00:00Z,53,17.2,32.0,11.0,280.0,0.0,23.0
WX-CEE5,2030-05-09T18:00:00Z,2030-05-12T00:00:00Z,54,17.8,27.0,10.0,268.0,0.0,23.0
WX-CEE5,2030-05-09T18:00:00Z,2030-05-12T01:00:00Z,55,15.6,37.0,9.0,264.0,0.0,23.0
WX-CEE5,2030-05-09T18:00:00Z,2030-05-12T02:00:00Z,56,13.0,38.0,7.0,256.0,0.0,23.0
WX-CEE5,2030-05-09T18:00:00Z,2030-05-12T03:00:00Z,57,11.7,47.0,5.0,274.0,0.0,23.0
WX-CEE5,2030-05-09T18:00:00Z,2030-05-12T04:00:00Z,58,9.3,56.0,4.0,257.0,0.0,23.0
WX-CEE5,2030-05-09T18:00:00Z,2030-05-12T05:00:00Z,59,7.2,54.0,5.0,279.0,0.0,23.0
WX-CEE5,2030-05-09T18:00:00Z,2030-05-12T06:00:00Z,60,6.6,72.0,4.0,277.0,0.0,23.0
WX-CEE5,2030-05-09T18:00:00Z,2030-05-12T07:00:00Z,61,2.7,75.0,5.0,280.0,0.0,23.0
WX-CEE5,2030-05-09T18:00:00Z,2030-05-12T08:00:00Z,62,1.9,80.0,5.0,278.0,0.0,23.0
WX-CEE5,2030-05-09T18:00:00Z,2030-05-12T09:00:00Z,63,2.7,81.0,4.0,279.0,0.0,23.0
WX-CEE5,2030-05-09T18:00:00Z,2030-05-12T10:00:00Z,64,3.7,83.0,4.0,273.0,0.0,23.0
WX-CEE5,2030-05-09T18:00:00Z,2030-05-12T11:00:00Z,65,4.5,78.0,5.0,277.0,0.0,23.0
WX-CEE5,2030-05-09T18:00:00Z,2030-05-12T12:00:00Z,66,4.9,77.0,4.0,258.0,0.0,23.0
WX-CEE5,2030-05-09T18:00:00Z,2030-05-12T13:00:00Z,67,5.9,66.0,5.0,290.0,0.0,23.0
WX-CEE5,2030-05-09T18:00:00Z,2030-05-12T14:00:00Z,68,7.6,54.0,6.0,293.0,0.0,23.0
WX-CEE5,2030-05-09T18:00:00Z,2030-05-12T15:00:00Z,69,10.5,58.0,6.0,257.0,0.0,23.0
WX-CEE5,2030-05-09T18:00:00Z,2030-05-12T16:00:00Z,70,8.9,58.0,8.0,266.0,0.0,23.0
WX-CEE5,2030-05-09T18:00:00Z,2030-05-12T17:00:00Z,71,15.4,38.0,12.0,271.0,0.0,23.0
WX-CEE5,2030-05-09T18:00:00Z,2030-05-12T18:00:00Z,72,15.1,30.0,10.0,255.0,0.0,23.0
WX-CEH5,2030-05-09T18:00:00Z,2030-05-09T19:00:00Z,1,18.7,30.0,18.0,291.0,0.1,74.0
WX-CEH5,2030-05-09T18:00:00Z,2030-05-09T20:00:00Z,2,19.9,31.0,19.0,285.0,0.0,14.0
WX-CEH5,2030-05-09T18:00:00Z,2030-05-09T21:00:00Z,3,19.4,22.0,18.0,291.0,0.0,14.0
WX-CEH5,2030-05-09T18:00:00Z,2030-05-09T22:00:00Z,4,19.4,20.0,18.0,288.0,0.0,14.0
WX-CEH5,2030-05-09T18:00:00Z,2030-05-09T23:00:00Z,5,19.2,22.0,16.0,290.0,0.0,14.0
WX-CEH5,2030-05-09T18:00:00Z,2030-05-10T00:00:00Z,6,18.7,26.0,14.0,292.0,0.0,14.0
WX-CEH5,2030-05-09T18:00:00Z,2030-05-10T01:00:00Z,7,16.4,30.0,12.0,286.0,0.0,14.0
WX-CEH5,2030-05-09T18:00:00Z,2030-05-10T02:00:00Z,8,15.6,33.0,9.0,283.0,0.0,14.0
WX-CEH5,2030-05-09T18:00:00Z,2030-05-10T03:00:00Z,9,13.0,36.0,6.0,290.0,0.0,14.0
WX-CEH5,2030-05-09T18:00:00Z,2030-05-10T04:00:00Z,10,11.9,37.0,6.0,280.0,0.0,14.0
WX-CEH5,2030-05-09T18:00:00Z,2030-05-10T05:00:00Z,11,9.3,44.0,6.0,290.0,0.0,14.0
WX-CEH5,2030-05-09T18:00:00Z,2030-05-10T06:00:00Z,12,8.7,51.0,5.0,267.0,0.0,14.0
WX-CEH5,2030-05-09T18:00:00Z,2030-05-10T07:00:00Z,13,6.8,55.0,5.0,264.0,0.0,14.0
WX-CEH5,2030-05-09T18:00:00Z,2030-05-10T08:00:00Z,14,5.4,65.0,5.0,261.0,0.0,14.0
WX-CEH5,2030-05-09T18:00:00Z,2030-05-10T09:00:00Z,15,4.9,62.0,5.0,265.0,0.0,14.0
WX-CEH5,2030-05-09T18:00:00Z,2030-05-10T10:00:00Z,16,7.5,57.0,5.0,277.0,0.0,14.0
WX-CEH5,2030-05-09T18:00:00Z,2030-05-10T11:00:00Z,17,7.4,57.0,5.0,272.0,0.0,14.0
WX-CEH5,2030-05-09T18:00:00Z,2030-05-10T12:00:00Z,18,7.3,57.0,5.0,266.0,0.0,14.0
WX-CEH5,2030-05-09T18:00:00Z,2030-05-10T13:00:00Z,19,10.3,47.0,5.0,275.0,0.0,14.0
WX-CEH5,2030-05-09T18:00:00Z,2030-05-10T14:00:00Z,20,11.3,50.0,6.0,263.0,0.0,14.0
WX-CEH5,2030-05-09T18:00:00Z,2030-05-10T15:00:00Z,21,13.1,42.0,8.0,274.0,0.0,14.0
WX-CEH5,2030-05-09T18:00:00Z,2030-05-10T16:00:00Z,22,14.7,32.0,10.0,277.0,0.0,14.0
WX-CEH5,2030-05-09T18:00:00Z,2030-05-10T17:00:00Z,23,16.8,23.0,11.0,274.0,0.0,14.0
WX-CEH5,2030-05-09T18:00:00Z,2030-05-10T18:00:00Z,24,19.8,26.0,12.0,268.0,0.0,14.0
WX-CEH5,2030-05-09T18:00:00Z,2030-05-10T19:00:00Z,25,20.0,23.0,13.0,275.0,0.0,14.0
WX-CEH5,2030-05-09T18:00:00Z,2030-05-10T20:00:00Z,26,20.7,21.0,14.0,271.0,0.0,14.0
WX-CEH5,2030-05-09T18:00:00Z,2030-05-10T21:00:00Z,27,22.1,20.0,14.0,269.0,0.0,14.0
WX-CEH5,2030-05-09T18:00:00Z,2030-05-10T22:00:00Z,28,21.3,22.0,13.0,264.0,0.0,14.0
WX-CEH5,2030-05-09T18:00:00Z,2030-05-10T23:00:00Z,29,21.8,26.0,12.0,268.0,0.0,14.0
WX-CEH5,2030-05-09T18:00:00Z,2030-05-11T00:00:00Z,30,19.8,27.0,11.0,268.0,0.0,14.0
WX-CEH5,2030-05-09T18:00:00Z,2030-05-11T01:00:00Z,31,17.5,31.0,8.0,253.0,0.0,14.0
WX-CEH5,2030-05-09T18:00:00Z,2030-05-11T02:00:00Z,32,16.4,30.0,8.0,259.0,0.0,14.0
WX-CEH5,2030-05-09T18:00:00Z,2030-05-11T03:00:00Z,33,14.1,38.0,6.0,258.0,0.0,14.0
WX-CEH5,2030-05-09T18:00:00Z,2030-05-11T04:00:00Z,34,12.6,35.0,5.0,271.0,0.0,14.0
WX-CEH5,2030-05-09T18:00:00Z,2030-05-11T05:00:00Z,35,11.0,43.0,5.0,272.0,0.0,14.0
WX-CEH5,2030-05-09T18:00:00Z,2030-05-11T06:00:00Z,36,10.4,51.0,6.0,261.0,0.0,14.0
WX-CEH5,2030-05-09T18:00:00Z,2030-05-11T07:00:00Z,37,6.8,57.0,5.0,261.0,0.0,14.0
WX-CEH5,2030-05-09T18:00:00Z,2030-05-11T08:00:00Z,38,5.8,60.0,5.0,274.0,0.0,14.0
WX-CEH5,2030-05-09T18:00:00Z,2030-05-11T09:00:00Z,39,6.7,63.0,5.0,269.0,0.0,14.0
WX-CEH5,2030-05-09T18:00:00Z,2030-05-11T10:00:00Z,40,5.8,73.0,5.0,276.0,0.0,14.0
WX-CEH5,2030-05-09T18:00:00Z,2030-05-11T11:00:00Z,41,5.1,64.0,5.0,254.0,0.0,14.0
WX-CEH5,2030-05-09T18:00:00Z,2030-05-11T12:00:00Z,42,8.3,47.0,5.0,272.0,0.0,14.0
WX-CEH5,2030-05-09T18:00:00Z,2030-05-11T13:00:00Z,43,8.3,54.0,5.0,266.0,0.0,14.0
WX-CEH5,2030-05-09T18:00:00Z,2030-05-11T14:00:00Z,44,10.3,42.0,7.0,273.0,0.0,14.0
WX-CEH5,2030-05-09T18:00:00Z,2030-05-11T15:00:00Z,45,12.8,38.0,8.0,261.0,0.0,14.0
WX-CEH5,2030-05-09T18:00:00Z,2030-05-11T16:00:00Z,46,14.1,40.0,11.0,273.0,0.0,14.0
WX-CEH5,2030-05-09T18:00:00Z,2030-05-11T17:00:00Z,47,16.2,32.0,12.0,270.0,0.0,14.0
WX-CEH5,2030-05-09T18:00:00Z,2030-05-11T18:00:00Z,48,18.4,19.0,13.0,262.0,0.0,14.0
WX-CEH5,2030-05-09T18:00:00Z,2030-05-11T19:00:00Z,49,18.8,23.0,12.0,264.0,0.0,14.0
WX-CEH5,2030-05-09T18:00:00Z,2030-05-11T20:00:00Z,50,19.9,21.0,16.0,266.0,0.0,14.0
WX-CEH5,2030-05-09T18:00:00Z,2030-05-11T21:00:00Z,51,22.8,22.0,14.0,259.0,0.0,14.0
WX-CEH5,2030-05-09T18:00:00Z,2030-05-11T22:00:00Z,52,21.4,20.0,13.0,266.0,0.0,14.0
WX-CEH5,2030-05-09T18:00:00Z,2030-05-11T23:00:00Z,53,20.7,30.0,12.0,280.0,0.0,14.0
WX-CEH5,2030-05-09T18:00:00Z,2030-05-12T00:00:00Z,54,20.5,16.0,11.0,264.0,0.0,14.0
WX-CEH5,2030-05-09T18:00:00Z,2030-05-12T01:00:00Z,55,18.8,28.0,8.0,267.0,0.0,14.0
WX-CEH5,2030-05-09T18:00:00Z,2030-05-12T02:00:00Z,56,16.6,27.0,7.0,267.0,0.0,14.0
WX-CEH5,2030-05-09T18:00:00Z,2030-05-12T03:00:00Z,57,13.6,38.0,5.0,256.0,0.0,14.0
WX-CEH5,2030-05-09T18:00:00Z,2030-05-12T04:00:00Z,58,11.2,33.0,5.0,263.0,0.0,14.0
WX-CEH5,2030-05-09T18:00:00Z,2030-05-12T05:00:00Z,59,11.1,40.0,4.0,257.0,0.0,14.0
WX-CEH5,2030-05-09T18:00:00Z,2030-05-12T06:00:00Z,60,7.5,43.0,6.0,281.0,0.0,14.0
WX-CEH5,2030-05-09T18:00:00Z,2030-05-12T07:00:00Z,61,6.9,58.0,4.0,267.0,0.0,14.0
WX-CEH5,2030-05-09T18:00:00Z,2030-05-12T08:00:00Z,62,7.6,68.0,6.0,266.0,0.0,14.0
WX-CEH5,2030-05-09T18:00:00Z,2030-05-12T09:00:00Z,63,6.8,67.0,6.0,269.0,0.0,14.0
WX-CEH5,2030-05-09T18:00:00Z,2030-05-12T10:00:00Z,64,5.0,59.0,4.0,273.0,0.0,14.0
WX-CEH5,2030-05-09T18:00:00Z,2030-05-12T11:00:00Z,65,7.2,68.0,5.0,277.0,0.0,14.0
WX-CEH5,2030-05-09T18:00:00Z,2030-05-12T12:00:00Z,66,7.6,63.0,5.0,261.0,0.0,14.0
WX-CEH5,2030-05-09T18:00:00Z,2030-05-12T13:00:00Z,67,8.8,38.0,5.0,266.0,0.0,14.0
WX-CEH5,2030-05-09T18:00:00Z,2030-05-12T14:00:00Z,68,10.4,41.0,6.0,247.0,0.0,14.0
WX-CEH5,2030-05-09T18:00:00Z,2030-05-12T15:00:00Z,69,12.6,43.0,8.0,282.0,0.0,14.0
WX-CEH5,2030-05-09T18:00:00Z,2030-05-12T16:00:00Z,70,16.0,32.0,10.0,286.0,0.0,14.0
WX-CEH5,2030-05-09T18:00:00Z,2030-05-12T17:00:00Z,71,18.8,27.0,12.0,273.0,0.0,14.0
WX-CEH5,2030-05-09T18:00:00Z,2030-05-12T18:00:00Z,72,18.6,28.0,14.0,262.0,0.0,14.0
WX-CFX4,2030-05-09T18:00:00Z,2030-05-09T19:00:00Z,1,16.9,31.0,16.0,304.0,0.0,7.0
WX-CFX4,2030-05-09T18:00:00Z,2030-05-09T20:00:00Z,2,16.6,28.0,16.0,302.0,0.0,7.0
WX-CFX4,2030-05-09T18:00:00Z,2030-05-09T21:00:00Z,3,17.5,28.0,15.0,302.0,0.0,7.0
WX-CFX4,2030-05-09T18:00:00Z,2030-05-09T22:00:00Z,4,18.0,25.0,14.0,309.0,0.0,7.0
WX-CFX4,2030-05-09T18:00:00Z,2030-05-09T23:00:00Z,5,16.8,27.0,14.0,296.0,0.0,7.0
WX-CFX4,2030-05-09T18:00:00Z,2030-05-10T00:00:00Z,6,15.3,40.0,12.0,302.0,0.0,7.0
WX-CFX4,2030-05-09T18:00:00Z,2030-05-10T01:00:00Z,7,13.9,39.0,10.0,299.0,0.0,7.0
WX-CFX4,2030-05-09T18:00:00Z,2030-05-10T02:00:00Z,8,12.9,40.0,7.0,301.0,0.0,7.0
WX-CFX4,2030-05-09T18:00:00Z,2030-05-10T03:00:00Z,9,10.9,45.0,5.0,305.0,0.0,7.0
WX-CFX4,2030-05-09T18:00:00Z,2030-05-10T04:00:00Z,10,8.8,55.0,5.0,297.0,0.0,7.0
WX-CFX4,2030-05-09T18:00:00Z,2030-05-10T05:00:00Z,11,6.9,57.0,5.0,297.0,0.0,7.0
WX-CFX4,2030-05-09T18:00:00Z,2030-05-10T06:00:00Z,12,7.3,66.0,4.0,277.0,0.0,7.0
WX-CFX4,2030-05-09T18:00:00Z,2030-05-10T07:00:00Z,13,5.3,78.0,4.0,276.0,0.0,7.0
WX-CFX4,2030-05-09T18:00:00Z,2030-05-10T08:00:00Z,14,3.4,78.0,4.0,275.0,0.0,7.0
WX-CFX4,2030-05-09T18:00:00Z,2030-05-10T09:00:00Z,15,4.3,82.0,4.0,271.0,0.0,7.0
WX-CFX4,2030-05-09T18:00:00Z,2030-05-10T10:00:00Z,16,4.7,86.0,4.0,284.0,0.0,7.0
WX-CFX4,2030-05-09T18:00:00Z,2030-05-10T11:00:00Z,17,3.5,76.0,4.0,277.0,0.0,7.0
WX-CFX4,2030-05-09T18:00:00Z,2030-05-10T12:00:00Z,18,5.4,71.0,5.0,268.0,0.0,7.0
WX-CFX4,2030-05-09T18:00:00Z,2030-05-10T13:00:00Z,19,7.1,56.0,4.0,280.0,0.0,7.0
WX-CFX4,2030-05-09T18:00:00Z,2030-05-10T14:00:00Z,20,8.4,52.0,6.0,282.0,0.0,7.0
WX-CFX4,2030-05-09T18:00:00Z,2030-05-10T15:00:00Z,21,9.8,54.0,6.0,280.0,0.0,7.0
WX-CFX4,2030-05-09T18:00:00Z,2030-05-10T16:00:00Z,22,12.5,41.0,8.0,281.0,0.0,7.0
WX-CFX4,2030-05-09T18:00:00Z,2030-05-10T17:00:00Z,23,13.6,36.0,10.0,264.0,0.0,7.0
WX-CFX4,2030-05-09T18:00:00Z,2030-05-10T18:00:00Z,24,16.0,27.0,9.0,279.0,0.0,7.0
WX-CFX4,2030-05-09T18:00:00Z,2030-05-10T19:00:00Z,25,17.6,30.0,13.0,280.0,0.0,7.0
WX-CFX4,2030-05-09T18:00:00Z,2030-05-10T20:00:00Z,26,18.5,30.0,12.0,272.0,0.0,7.0
WX-CFX4,2030-05-09T18:00:00Z,2030-05-10T21:00:00Z,27,19.8,19.0,13.0,275.0,0.0,7.0
WX-CFX4,2030-05-09T18:00:00Z,2030-05-10T22:00:00Z,28,19.1,25.0,11.0,278.0,0.0,7.0
WX-CFX4,2030-05-09T18:00:00Z,2030-05-10T23:00:00Z,29,19.7,28.0,10.0,281.0,0.0,7.0
WX-CFX4,2030-05-09T18:00:00Z,2030-05-11T00:00:00Z,30,17.4,31.0,9.0,276.0,0.0,7.0
WX-CFX4,2030-05-09T18:00:00Z,2030-05-11T01:00:00Z,31,16.0,40.0,8.0,275.0,0.0,7.0
WX-CFX4,2030-05-09T18:00:00Z,2030-05-11T02:00:00Z,32,14.8,37.0,6.0,285.0,0.0,7.0
WX-CFX4,2030-05-09T18:00:00Z,2030-05-11T03:00:00Z,33,12.3,37.0,5.0,286.0,0.0,7.0
WX-CFX4,2030-05-09T18:00:00Z,2030-05-11T04:00:00Z,34,10.5,54.0,4.0,283.0,0.0,7.0
WX-CFX4,2030-05-09T18:00:00Z,2030-05-11T05:00:00Z,35,8.5,57.0,4.0,288.0,0.0,7.0
WX-CFX4,2030-05-09T18:00:00Z,2030-05-11T06:00:00Z,36,6.6,64.0,4.0,293.0,0.0,7.0
WX-CFX4,2030-05-09T18:00:00Z,2030-05-11T07:00:00Z,37,5.6,75.0,4.0,281.0,0.0,7.0
WX-CFX4,2030-05-09T18:00:00Z,2030-05-11T08:00:00Z,38,4.2,80.0,4.0,273.0,0.0,7.0
WX-CFX4,2030-05-09T18:00:00Z,2030-05-11T09:00:00Z,39,4.7,92.0,5.0,266.0,0.0,7.0
WX-CFX4,2030-05-09T18:00:00Z,2030-05-11T10:00:00Z,40,3.6,82.0,5.0,276.0,0.0,7.0
WX-CFX4,2030-05-09T18:00:00Z,2030-05-11T11:00:00Z,41,2.7,79.0,4.0,269.0,0.0,7.0
WX-CFX4,2030-05-09T18:00:00Z,2030-05-11T12:00:00Z,42,5.8,64.0,4.0,288.0,0.0,7.0
WX-CFX4,2030-05-09T18:00:00Z,2030-05-11T13:00:00Z,43,7.7,82.0,4.0,273.0,0.0,7.0
WX-CFX4,2030-05-09T18:00:00Z,2030-05-11T14:00:00Z,44,7.8,62.0,5.0,270.0,0.0,7.0
WX-CFX4,2030-05-09T18:00:00Z,2030-05-11T15:00:00Z,45,10.3,56.0,7.0,283.0,0.0,7.0
WX-CFX4,2030-05-09T18:00:00Z,2030-05-11T16:00:00Z,46,12.6,42.0,7.0,270.0,0.0,7.0
WX-CFX4,2030-05-09T18:00:00Z,2030-05-11T17:00:00Z,47,13.5,33.0,10.0,272.0,0.0,7.0
WX-CFX4,2030-05-09T18:00:00Z,2030-05-11T18:00:00Z,48,16.0,27.0,10.0,277.0,0.0,7.0
WX-CFX4,2030-05-09T18:00:00Z,2030-05-11T19:00:00Z,49,17.7,26.0,10.0,291.0,0.0,7.0
WX-CFX4,2030-05-09T18:00:00Z,2030-05-11T20:00:00Z,50,17.3,29.0,10.0,266.0,0.0,7.0
WX-CFX4,2030-05-09T18:00:00Z,2030-05-11T21:00:00Z,51,19.4,19.0,14.0,287.0,0.0,7.0
WX-CFX4,2030-05-09T18:00:00Z,2030-05-11T22:00:00Z,52,20.0,16.0,11.0,282.0,0.0,7.0
WX-CFX4,2030-05-09T18:00:00Z,2030-05-11T23:00:00Z,53,18.9,29.0,10.0,271.0,0.0,7.0
WX-CFX4,2030-05-09T18:00:00Z,2030-05-12T00:00:00Z,54,18.2,24.0,9.0,271.0,0.0,7.0
WX-CFX4,2030-05-09T18:00:00Z,2030-05-12T01:00:00Z,55,16.0,30.0,7.0,282.0,0.0,7.0
WX-CFX4,2030-05-09T18:00:00Z,2030-05-12T02:00:00Z,56,15.0,45.0,7.0,276.0,0.0,7.0
WX-CFX4,2030-05-09T18:00:00Z,2030-05-12T03:00:00Z,57,14.5,48.0,4.0,277.0,0.0,7.0
WX-CFX4,2030-05-09T18:00:00Z,2030-05-12T04:00:00Z,58,10.1,49.0,4.0,266.0,0.0,7.0
WX-CFX4,2030-05-09T18:00:00Z,2030-05-12T05:00:00Z,59,8.8,59.0,5.0,281.0,0.0,7.0
WX-CFX4,2030-05-09T18:00:00Z,2030-05-12T06:00:00Z,60,5.9,66.0,5.0,283.0,0.0,7.0
WX-CFX4,2030-05-09T18:00:00Z,2030-05-12T07:00:00Z,61,4.1,66.0,4.0,273.0,0.0,7.0
WX-CFX4,2030-05-09T18:00:00Z,2030-05-12T08:00:00Z,62,4.7,78.0,5.0,294.0,0.0,7.0
WX-CFX4,2030-05-09T18:00:00Z,2030-05-12T09:00:00Z,63,3.0,81.0,4.0,273.0,0.0,7.0
WX-CFX4,2030-05-09T18:00:00Z,2030-05-12T10:00:00Z,64,3.1,88.0,5.0,276.0,0.0,7.0
WX-CFX4,2030-05-09T18:00:00Z,2030-05-12T11:00:00Z,65,4.8,80.0,5.0,272.0,0.0,7.0
WX-CFX4,2030-05-09T18:00:00Z,2030-05-12T12:00:00Z,66,4.9,67.0,5.0,264.0,0.0,7.0
WX-CFX4,2030-05-09T18:00:00Z,2030-05-12T13:00:00Z,67,8.9,69.0,4.0,297.0,0.0,7.0
WX-CFX4,2030-05-09T18:00:00Z,2030-05-12T14:00:00Z,68,8.3,56.0,6.0,275.0,0.0,7.0
WX-CFX4,2030-05-09T18:00:00Z,2030-05-12T15:00:00Z,69,9.8,51.0,7.0,260.0,0.0,7.0
WX-CFX4,2030-05-09T18:00:00Z,2030-05-12T16:00:00Z,70,13.3,37.0,8.0,272.0,0.0,7.0
WX-CFX4,2030-05-09T18:00:00Z,2030-05-12T17:00:00Z,71,13.2,45.0,9.0,253.0,0.0,7.0
WX-CFX4,2030-05-09T18:00:00Z,2030-05-12T18:00:00Z,72,16.0,41.0,10.0,282.0,0.0,7.0
WX-CYZU,2030-05-09T18:00:00Z,2030-05-09T19:00:00Z,1,20.3,26.0,17.0,307.0,0.0,15.0
WX-CYZU,2030-05-09T18:00:00Z,2030-05-09T20:00:00Z,2,20.7,21.0,18.0,302.0,0.0,15.0
WX-CYZU,2030-05-09T18:00:00Z,2030-05-09T21:00:00Z,3,21.0,23.0,18.0,313.0,0.0,15.0
WX-CYZU,2030-05-09T18:00:00Z,2030-05-09T22:00:00Z,4,20.0,22.0,17.0,299.0,0.0,15.0
WX-CYZU,2030-05-09T18:00:00Z,2030-05-09T23:00:00Z,5,19.4,28.0,17.0,312.0,0.0,15.0
WX-CYZU,2030-05-09T18:00:00Z,2030-05-10T00:00:00Z,6,18.1,21.0,15.0,297.0,0.0,15.0
WX-CYZU,2030-05-09T18:00:00Z,2030-05-10T01:00:00Z,7,18.0,26.0,11.0,296.0,0.0,15.0
WX-CYZU,2030-05-09T18:00:00Z,2030-05-10T02:00:00Z,8,16.9,28.0,9.0,305.0,0.0,15.0
WX-CYZU,2030-05-09T18:00:00Z,2030-05-10T03:00:00Z,9,14.2,33.0,6.0,312.0,0.0,15.0
WX-CYZU,2030-05-09T18:00:00Z,2030-05-10T04:00:00Z,10,12.6,45.0,6.0,302.0,0.0,15.0
WX-CYZU,2030-05-09T18:00:00Z,2030-05-10T05:00:00Z,11,10.8,45.0,6.0,302.0,0.0,15.0
WX-CYZU,2030-05-09T18:00:00Z,2030-05-10T06:00:00Z,12,10.7,50.0,5.0,302.0,0.0,15.0
WX-CYZU,2030-05-09T18:00:00Z,2030-05-10T07:00:00Z,13,8.8,53.0,5.0,284.0,0.0,15.0
WX-CYZU,2030-05-09T18:00:00Z,2030-05-10T08:00:00Z,14,7.1,65.0,5.0,287.0,0.0,15.0
WX-CYZU,2030-05-09T18:00:00Z,2030-05-10T09:00:00Z,15,6.0,61.0,5.0,278.0,0.0,15.0
WX-CYZU,2030-05-09T18:00:00Z,2030-05-10T10:00:00Z,16,6.9,59.0,5.0,284.0,0.0,15.0
WX-CYZU,2030-05-09T18:00:00Z,2030-05-10T11:00:00Z,17,8.1,61.0,5.0,284.0,0.0,15.0
WX-CYZU,2030-05-09T18:00:00Z,2030-05-10T12:00:00Z,18,8.5,54.0,5.0,281.0,0.0,15.0
WX-CYZU,2030-05-09T18:00:00Z,2030-05-10T13:00:00Z,19,9.1,56.0,5.0,281.0,0.0,15.0
WX-CYZU,2030-05-09T18:00:00Z,2030-05-10T14:00:00Z,20,12.1,37.0,5.0,278.0,0.0,15.0
WX-CYZU,2030-05-09T18:00:00Z,2030-05-10T15:00:00Z,21,14.4,34.0,8.0,297.0,0.0,15.0
WX-CYZU,2030-05-09T18:00:00Z,2030-05-10T16:00:00Z,22,16.8,36.0,10.0,278.0,0.0,15.0
WX-CYZU,2030-05-09T18:00:00Z,2030-05-10T17:00:00Z,23,18.1,37.0,12.0,285.0,0.0,15.0
WX-CYZU,2030-05-09T18:00:00Z,2030-05-10T18:00:00Z,24,19.5,25.0,12.0,289.0,0.0,15.0
WX-CYZU,2030-05-09T18:00:00Z,2030-05-10T19:00:00Z,25,20.8,25.0,13.0,288.0,0.0,15.0
WX-CYZU,2030-05-09T18:00:00Z,2030-05-10T20:00:00Z,26,21.6,18.0,13.0,281.0,0.0,15.0
WX-CYZU,2030-05-09T18:00:00Z,2030-05-10T21:00:00Z,27,22.7,20.0,12.0,286.0,0.0,15.0
WX-CYZU,2030-05-09T18:00:00Z,2030-05-10T22:00:00Z,28,22.9,18.0,13.0,281.0,0.0,15.0
WX-CYZU,2030-05-09T18:00:00Z,2030-05-10T23:00:00Z,29,23.3,19.0,12.0,290.0,0.0,15.0
WX-CYZU,2030-05-09T18:00:00Z,2030-05-11T00:00:00Z,30,21.6,21.0,11.0,298.0,0.0,15.0
WX-CYZU,2030-05-09T18:00:00Z,2030-05-11T01:00:00Z,31,20.2,20.0,8.0,284.0,0.0,15.0
WX-CYZU,2030-05-09T18:00:00Z,2030-05-11T02:00:00Z,32,19.3,24.0,6.0,291.0,0.0,15.0
WX-CYZU,2030-05-09T18:00:00Z,2030-05-11T03:00:00Z,33,14.8,34.0,5.0,284.0,0.0,15.0
WX-CYZU,2030-05-09T18:00:00Z,2030-05-11T04:00:00Z,34,14.2,49.0,4.0,281.0,0.0,15.0
WX-CYZU,2030-05-09T18:00:00Z,2030-05-11T05:00:00Z,35,12.8,46.0,5.0,293.0,0.0,15.0
WX-CYZU,2030-05-09T18:00:00Z,2030-05-11T06:00:00Z,36,9.0,50.0,5.0,292.0,0.0,15.0
WX-CYZU,2030-05-09T18:00:00Z,2030-05-11T07:00:00Z,37,8.1,57.0,5.0,290.0,0.0,15.0
WX-CYZU,2030-05-09T18:00:00Z,2030-05-11T08:00:00Z,38,8.6,55.0,5.0,285.0,0.0,15.0
WX-CYZU,2030-05-09T18:00:00Z,2030-05-11T09:00:00Z,39,8.6,64.0,5.0,288.0,0.0,15.0
WX-CYZU,2030-05-09T18:00:00Z,2030-05-11T10:00:00Z,40,6.8,67.0,4.0,271.0,0.0,15.0
WX-CYZU,2030-05-09T18:00:00Z,2030-05-11T11:00:00Z,41,8.5,60.0,5.0,281.0,0.0,15.0
WX-CYZU,2030-05-09T18:00:00Z,2030-05-11T12:00:00Z,42,8.7,50.0,4.0,282.0,0.0,15.0
WX-CYZU,2030-05-09T18:00:00Z,2030-05-11T13:00:00Z,43,9.4,48.0,5.0,293.0,0.0,15.0
WX-CYZU,2030-05-09T18:00:00Z,2030-05-11T14:00:00Z,44,11.9,48.0,6.0,286.0,0.0,15.0
WX-CYZU,2030-05-09T18:00:00Z,2030-05-11T15:00:00Z,45,13.8,34.0,6.0,276.0,0.0,15.0
WX-CYZU,2030-05-09T18:00:00Z,2030-05-11T16:00:00Z,46,16.4,27.0,10.0,280.0,0.0,15.0
WX-CYZU,2030-05-09T18:00:00Z,2030-05-11T17:00:00Z,47,18.3,26.0,10.0,284.0,0.0,15.0
WX-CYZU,2030-05-09T18:00:00Z,2030-05-11T18:00:00Z,48,19.3,31.0,12.0,286.0,0.0,15.0
WX-CYZU,2030-05-09T18:00:00Z,2030-05-11T19:00:00Z,49,21.6,31.0,13.0,286.0,0.0,15.0
WX-CYZU,2030-05-09T18:00:00Z,2030-05-11T20:00:00Z,50,23.0,16.0,14.0,287.0,0.0,15.0
WX-CYZU,2030-05-09T18:00:00Z,2030-05-11T21:00:00Z,51,22.1,17.0,13.0,292.0,0.0,15.0
WX-CYZU,2030-05-09T18:00:00Z,2030-05-11T22:00:00Z,52,21.8,29.0,12.0,286.0,0.0,15.0
WX-CYZU,2030-05-09T18:00:00Z,2030-05-11T23:00:00Z,53,22.5,19.0,11.0,273.0,0.0,15.0
WX-CYZU,2030-05-09T18:00:00Z,2030-05-12T00:00:00Z,54,22.0,26.0,9.0,294.0,0.0,15.0
WX-CYZU,2030-05-09T18:00:00Z,2030-05-12T01:00:00Z,55,20.9,37.0,9.0,297.0,0.0,15.0
WX-CYZU,2030-05-09T18:00:00Z,2030-05-12T02:00:00Z,56,19.6,28.0,7.0,279.0,0.0,15.0
WX-CYZU,2030-05-09T18:00:00Z,2030-05-12T03:00:00Z,57,15.5,35.0,5.0,287.0,0.0,15.0
WX-CYZU,2030-05-09T18:00:00Z,2030-05-12T04:00:00Z,58,14.0,34.0,5.0,270.0,0.0,15.0
WX-CYZU,2030-05-09T18:00:00Z,2030-05-12T05:00:00Z,59,11.2,43.0,5.0,280.0,0.0,15.0
WX-CYZU,2030-05-09T18:00:00Z,2030-05-12T06:00:00Z,60,10.1,54.0,4.0,303.0,0.0,15.0
WX-CYZU,2030-05-09T18:00:00Z,2030-05-12T07:00:00Z,61,9.0,60.0,6.0,288.0,0.0,15.0
WX-CYZU,2030-05-09T18:00:00Z,2030-05-12T08:00:00Z,62,7.2,45.0,5.0,291.0,0.0,15.0
WX-CYZU,2030-05-09T18:00:00Z,2030-05-12T09:00:00Z,63,7.8,70.0,5.0,283.0,0.0,15.0
WX-CYZU,2030-05-09T18:00:00Z,2030-05-12T10:00:00Z,64,7.3,77.0,5.0,279.0,0.0,15.0
WX-CYZU,2030-05-09T18:00:00Z,2030-05-12T11:00:00Z,65,8.9,72.0,5.0,289.0,0.0,15.0
WX-CYZU,2030-05-09T18:00:00Z,2030-05-12T12:00:00Z,66,8.4,41.0,5.0,281.0,0.0,15.0
WX-CYZU,2030-05-09T18:00:00Z,2030-05-12T13:00:00Z,67,10.0,55.0,4.0,281.0,0.0,15.0
WX-CYZU,2030-05-09T18:00:00Z,2030-05-12T14:00:00Z,68,11.3,45.0,7.0,270.0,0.0,15.0
WX-CYZU,2030-05-09T18:00:00Z,2030-05-12T15:00:00Z,69,15.2,45.0,9.0,296.0,0.0,15.0
WX-CYZU,2030-05-09T18:00:00Z,2030-05-12T16:00:00Z,70,16.3,33.0,10.0,297.0,0.0,15.0
WX-CYZU,2030-05-09T18:00:00Z,2030-05-12T17:00:00Z,71,17.6,20.0,13.0,284.0,0.0,15.0
WX-CYZU,2030-05-09T18:00:00Z,2030-05-12T18:00:00Z,72,21.2,29.0,14.0,294.0,0.0,15.0
WX-CZHP,2030-05-09T18:00:00Z,2030-05-09T19:00:00Z,1,15.8,33.0,19.0,279.0,0.1,82.0
WX-CZHP,2030-05-09T18:00:00Z,2030-05-09T20:00:00Z,2,17.7,33.0,22.0,285.0,0.0,22.0
WX-CZHP,2030-05-09T18:00:00Z,2030-05-09T21:00:00Z,3,18.0,32.0,20.0,284.0,0.0,22.0
WX-CZHP,2030-05-09T18:00:00Z,2030-05-09T22:00:00Z,4,17.0,29.0,19.0,284.0,0.0,22.0
WX-CZHP,2030-05-09T18:00:00Z,2030-05-09T23:00:00Z,5,18.0,33.0,18.0,285.0,0.0,22.0
WX-CZHP,2030-05-09T18:00:00Z,2030-05-10T00:00:00Z,6,17.0,34.0,14.0,281.0,0.0,22.0
WX-CZHP,2030-05-09T18:00:00Z,2030-05-10T01:00:00Z,7,15.2,36.0,12.0,290.0,0.0,22.0
WX-CZHP,2030-05-09T18:00:00Z,2030-05-10T02:00:00Z,8,14.3,34.0,9.0,283.0,0.0,22.0
WX-CZHP,2030-05-09T18:00:00Z,2030-05-10T03:00:00Z,9,12.4,49.0,6.0,285.0,0.0,22.0
WX-CZHP,2030-05-09T18:00:00Z,2030-05-10T04:00:00Z,10,9.1,56.0,7.0,279.0,0.0,22.0
WX-CZHP,2030-05-09T18:00:00Z,2030-05-10T05:00:00Z,11,7.0,57.0,7.0,292.0,0.0,22.0
WX-CZHP,2030-05-09T18:00:00Z,2030-05-10T06:00:00Z,12,7.6,71.0,6.0,266.0,0.0,22.0
WX-CZHP,2030-05-09T18:00:00Z,2030-05-10T07:00:00Z,13,4.9,76.0,6.0,262.0,0.0,22.0
WX-CZHP,2030-05-09T18:00:00Z,2030-05-10T08:00:00Z,14,4.7,80.0,6.0,260.0,0.0,22.0
WX-CZHP,2030-05-09T18:00:00Z,2030-05-10T09:00:00Z,15,2.5,85.0,6.0,272.0,0.0,22.0
WX-CZHP,2030-05-09T18:00:00Z,2030-05-10T10:00:00Z,16,3.4,81.0,6.0,251.0,0.0,22.0
WX-CZHP,2030-05-09T18:00:00Z,2030-05-10T11:00:00Z,17,5.1,86.0,6.0,277.0,0.0,22.0
WX-CZHP,2030-05-09T18:00:00Z,2030-05-10T12:00:00Z,18,6.4,79.0,5.0,271.0,0.0,22.0
WX-CZHP,2030-05-09T18:00:00Z,2030-05-10T13:00:00Z,19,8.1,65.0,5.0,278.0,0.0,22.0
WX-CZHP,2030-05-09T18:00:00Z,2030-05-10T14:00:00Z,20,9.9,62.0,7.0,271.0,0.0,22.0
WX-CZHP,2030-05-09T18:00:00Z,2030-05-10T15:00:00Z,21,11.3,54.0,9.0,257.0,0.0,22.0
WX-CZHP,2030-05-09T18:00:00Z,2030-05-10T16:00:00Z,22,13.0,43.0,12.0,264.0,0.0,22.0
WX-CZHP,2030-05-09T18:00:00Z,2030-05-10T17:00:00Z,23,15.5,42.0,12.0,271.0,0.0,22.0
WX-CZHP,2030-05-09T18:00:00Z,2030-05-10T18:00:00Z,24,17.0,39.0,13.0,262.0,0.0,22.0
WX-CZHP,2030-05-09T18:00:00Z,2030-05-10T19:00:00Z,25,18.1,31.0,13.0,266.0,0.0,22.0
WX-CZHP,2030-05-09T18:00:00Z,2030-05-10T20:00:00Z,26,19.2,34.0,13.0,254.0,0.0,22.0
WX-CZHP,2030-05-09T18:00:00Z,2030-05-10T21:00:00Z,27,21.7,30.0,12.0,279.0,0.0,22.0
WX-CZHP,2030-05-09T18:00:00Z,2030-05-10T22:00:00Z,28,20.5,27.0,14.0,270.0,0.0,22.0
WX-CZHP,2030-05-09T18:00:00Z,2030-05-10T23:00:00Z,29,19.7,28.0,13.0,275.0,0.0,22.0
WX-CZHP,2030-05-09T18:00:00Z,2030-05-11T00:00:00Z,30,19.8,26.0,12.0,264.0,0.0,22.0
WX-CZHP,2030-05-09T18:00:00Z,2030-05-11T01:00:00Z,31,17.2,37.0,9.0,256.0,0.0,22.0
WX-CZHP,2030-05-09T18:00:00Z,2030-05-11T02:00:00Z,32,15.5,40.0,8.0,273.0,0.0,22.0
WX-CZHP,2030-05-09T18:00:00Z,2030-05-11T03:00:00Z,33,13.6,44.0,5.0,267.0,0.0,22.0
WX-CZHP,2030-05-09T18:00:00Z,2030-05-11T04:00:00Z,34,13.3,53.0,5.0,263.0,0.0,22.0
WX-CZHP,2030-05-09T18:00:00Z,2030-05-11T05:00:00Z,35,9.1,56.0,6.0,273.0,0.0,22.0
WX-CZHP,2030-05-09T18:00:00Z,2030-05-11T06:00:00Z,36,7.9,69.0,5.0,268.0,0.0,22.0
WX-CZHP,2030-05-09T18:00:00Z,2030-05-11T07:00:00Z,37,5.8,77.0,5.0,255.0,0.0,22.0
WX-CZHP,2030-05-09T18:00:00Z,2030-05-11T08:00:00Z,38,4.5,82.0,6.0,274.0,0.0,22.0
WX-CZHP,2030-05-09T18:00:00Z,2030-05-11T09:00:00Z,39,5.1,83.0,6.0,266.0,0.0,22.0
WX-CZHP,2030-05-09T18:00:00Z,2030-05-11T10:00:00Z,40,6.4,82.0,6.0,275.0,0.0,22.0
WX-CZHP,2030-05-09T18:00:00Z,2030-05-11T11:00:00Z,41,4.6,84.0,5.0,271.0,0.0,22.0
WX-CZHP,2030-05-09T18:00:00Z,2030-05-11T12:00:00Z,42,4.9,67.0,6.0,258.0,0.0,22.0
WX-CZHP,2030-05-09T18:00:00Z,2030-05-11T13:00:00Z,43,7.9,76.0,5.0,251.0,0.0,22.0
WX-CZHP,2030-05-09T18:00:00Z,2030-05-11T14:00:00Z,44,10.4,62.0,7.0,279.0,0.0,22.0
WX-CZHP,2030-05-09T18:00:00Z,2030-05-11T15:00:00Z,45,10.1,54.0,9.0,265.0,0.0,22.0
WX-CZHP,2030-05-09T18:00:00Z,2030-05-11T16:00:00Z,46,13.1,40.0,11.0,264.0,0.0,22.0
WX-CZHP,2030-05-09T18:00:00Z,2030-05-11T17:00:00Z,47,15.6,38.0,13.0,281.0,0.0,22.0
WX-CZHP,2030-05-09T18:00:00Z,2030-05-11T18:00:00Z,48,17.3,33.0,14.0,278.0,0.0,22.0
WX-CZHP,2030-05-09T18:00:00Z,2030-05-11T19:00:00Z,49,19.3,22.0,12.0,269.0,0.0,22.0
WX-CZHP,2030-05-09T18:00:00Z,2030-05-11T20:00:00Z,50,19.2,23.0,14.0,269.0,0.0,22.0
WX-CZHP,2030-05-09T18:00:00Z,2030-05-11T21:00:00Z,51,19.1,32.0,14.0,278.0,0.0,22.0
WX-CZHP,2030-05-09T18:00:00Z,2030-05-11T22:00:00Z,52,21.1,24.0,14.0,250.0,0.0,22.0
WX-CZHP,2030-05-09T18:00:00Z,2030-05-11T23:00:00Z,53,20.7,30.0,11.0,276.0,0.0,22.0
WX-CZHP,2030-05-09T18:00:00Z,2030-05-12T00:00:00Z,54,17.5,34.0,11.0,269.0,0.0,22.0
WX-CZHP,2030-05-09T18:00:00Z,2030-05-12T01:00:00Z,55,18.0,34.0,11.0,276.0,0.0,22.0
WX-CZHP,2030-05-09T18:00:00Z,2030-05-12T02:00:00Z,56,15.1,40.0,9.0,287.0,0.0,22.0
WX-CZHP,2030-05-09T18:00:00Z,2030-05-12T03:00:00Z,57,13.1,49.0,6.0,265.0,0.0,22.0
WX-CZHP,2030-05-09T18:00:00Z,2030-05-12T04:00:00Z,58,12.6,47.0,6.0,265.0,0.0,22.0
WX-CZHP,2030-05-09T18:00:00Z,2030-05-12T05:00:00Z,59,10.0,63.0,6.0,272.0,0.0,22.0
WX-CZHP,2030-05-09T18:00:00Z,2030-05-12T06:00:00Z,60,7.2,70.0,5.0,266.0,0.0,22.0
WX-CZHP,2030-05-09T18:00:00Z,2030-05-12T07:00:00Z,61,4.5,82.0,6.0,265.0,0.0,22.0
WX-CZHP,2030-05-09T18:00:00Z,2030-05-12T08:00:00Z,62,7.4,80.0,6.0,261.0,0.0,22.0
WX-CZHP,2030-05-09T18:00:00Z,2030-05-12T09:00:00Z,63,1.8,82.0,6.0,273.0,0.0,22.0
WX-CZHP,2030-05-09T18:00:00Z,2030-05-12T10:00:00Z,64,4.8,77.0,5.0,247.0,0.0,22.0
WX-CZHP,2030-05-09T18:00:00Z,2030-05-12T11:00:00Z,65,4.4,80.0,5.0,268.0,0.0,22.0
WX-CZHP,2030-05-09T18:00:00Z,2030-05-12T12:00:00Z,66,5.7,82.0,5.0,270.0,0.0,22.0
WX-CZHP,2030-05-09T18:00:00Z,2030-05-12T13:00:00Z,67,6.0,69.0,6.0,275.0,0.0,22.0
WX-CZHP,2030-05-09T18:00:00Z,2030-05-12T14:00:00Z,68,8.8,61.0,7.0,267.0,0.0,22.0
WX-CZHP,2030-05-09T18:00:00Z,2030-05-12T15:00:00Z,69,9.4,58.0,10.0,244.0,0.0,22.0
WX-CZHP,2030-05-09T18:00:00Z,2030-05-12T16:00:00Z,70,13.2,40.0,11.0,266.0,0.0,22.0
WX-CZHP,2030-05-09T18:00:00Z,2030-05-12T17:00:00Z,71,14.8,26.0,12.0,265.0,0.0,22.0
WX-CZHP,2030-05-09T18:00:00Z,2030-05-12T18:00:00Z,72,16.5,27.0,13.0,258.0,0.0,22.0
WX-CET2,2030-05-09T18:00:00Z,2030-05-09T19:00:00Z,1,12.5,42.0,22.0,293.0,0.1,70.0
WX-CET2,2030-05-09T18:00:00Z,2030-05-09T20:00:00Z,2,14.1,34.0,22.0,308.0,0.0,10.0
WX-CET2,2030-05-09T18:00:00Z,2030-05-09T21:00:00Z,3,13.9,33.0,22.0,294.0,0.0,10.0
WX-CET2,2030-05-09T18:00:00Z,2030-05-09T22:00:00Z,4,14.1,37.0,21.0,297.0,0.0,10.0
WX-CET2,2030-05-09T18:00:00Z,2030-05-09T23:00:00Z,5,13.8,40.0,20.0,287.0,0.0,10.0
WX-CET2,2030-05-09T18:00:00Z,2030-05-10T00:00:00Z,6,12.8,38.0,18.0,293.0,0.0,10.0
WX-CET2,2030-05-09T18:00:00Z,2030-05-10T01:00:00Z,7,10.9,39.0,14.0,293.0,0.0,10.0
WX-CET2,2030-05-09T18:00:00Z,2030-05-10T02:00:00Z,8,9.5,52.0,10.0,298.0,0.0,10.0
WX-CET2,2030-05-09T18:00:00Z,2030-05-10T03:00:00Z,9,8.0,55.0,7.0,297.0,0.0,10.0
WX-CET2,2030-05-09T18:00:00Z,2030-05-10T04:00:00Z,10,5.1,64.0,7.0,296.0,0.0,10.0
WX-CET2,2030-05-09T18:00:00Z,2030-05-10T05:00:00Z,11,3.6,76.0,7.0,299.0,0.0,10.0
WX-CET2,2030-05-09T18:00:00Z,2030-05-10T06:00:00Z,12,3.4,78.0,6.0,270.0,0.0,10.0
WX-CET2,2030-05-09T18:00:00Z,2030-05-10T07:00:00Z,13,1.8,98.0,6.0,269.0,0.0,10.0
WX-CET2,2030-05-09T18:00:00Z,2030-05-10T08:00:00Z,14,1.6,97.0,6.0,269.0,0.0,10.0
WX-CET2,2030-05-09T18:00:00Z,2030-05-10T09:00:00Z,15,0.2,99.0,7.0,283.0,0.0,10.0
WX-CET2,2030-05-09T18:00:00Z,2030-05-10T10:00:00Z,16,0.7,98.0,6.0,280.0,0.0,10.0
WX-CET2,2030-05-09T18:00:00Z,2030-05-10T11:00:00Z,17,1.0,97.0,6.0,282.0,0.0,10.0
WX-CET2,2030-05-09T18:00:00Z,2030-05-10T12:00:00Z,18,2.0,89.0,6.0,277.0,0.0,10.0
WX-CET2,2030-05-09T18:00:00Z,2030-05-10T13:00:00Z,19,3.0,72.0,6.0,277.0,0.0,10.0
WX-CET2,2030-05-09T18:00:00Z,2030-05-10T14:00:00Z,20,5.4,65.0,7.0,268.0,0.0,10.0
WX-CET2,2030-05-09T18:00:00Z,2030-05-10T15:00:00Z,21,6.4,61.0,10.0,274.0,0.0,10.0
WX-CET2,2030-05-09T18:00:00Z,2030-05-10T16:00:00Z,22,9.5,50.0,12.0,284.0,0.0,10.0
WX-CET2,2030-05-09T18:00:00Z,2030-05-10T17:00:00Z,23,11.7,41.0,12.0,276.0,0.0,10.0
WX-CET2,2030-05-09T18:00:00Z,2030-05-10T18:00:00Z,24,12.8,43.0,16.0,274.0,0.0,10.0
WX-CET2,2030-05-09T18:00:00Z,2030-05-10T19:00:00Z,25,14.8,37.0,16.0,281.0,0.0,10.0
WX-CET2,2030-05-09T18:00:00Z,2030-05-10T20:00:00Z,26,15.7,31.0,16.0,282.0,0.0,10.0
WX-CET2,2030-05-09T18:00:00Z,2030-05-10T21:00:00Z,27,15.5,34.0,16.0,264.0,0.0,10.0
WX-CET2,2030-05-09T18:00:00Z,2030-05-10T22:00:00Z,28,16.6,32.0,15.0,281.0,0.0,10.0
WX-CET2,2030-05-09T18:00:00Z,2030-05-10T23:00:00Z,29,14.8,35.0,13.0,287.0,0.0,10.0
WX-CET2,2030-05-09T18:00:00Z,2030-05-11T00:00:00Z,30,13.1,35.0,13.0,271.0,0.0,10.0
WX-CET2,2030-05-09T18:00:00Z,2030-05-11T01:00:00Z,31,12.6,39.0,10.0,270.0,0.0,10.0
WX-CET2,2030-05-09T18:00:00Z,2030-05-11T02:00:00Z,32,12.8,41.0,8.0,284.0,0.0,10.0
WX-CET2,2030-05-09T18:00:00Z,2030-05-11T03:00:00Z,33,9.1,53.0,6.0,267.0,0.0,10.0
WX-CET2,2030-05-09T18:00:00Z,2030-05-11T04:00:00Z,34,8.4,55.0,6.0,281.0,0.0,10.0
WX-CET2,2030-05-09T18:00:00Z,2030-05-11T05:00:00Z,35,4.9,76.0,6.0,281.0,0.0,10.0
WX-CET2,2030-05-09T18:00:00Z,2030-05-11T06:00:00Z,36,4.1,77.0,6.0,270.0,0.0,10.0
WX-CET2,2030-05-09T18:00:00Z,2030-05-11T07:00:00Z,37,2.6,78.0,7.0,276.0,0.0,10.0
WX-CET2,2030-05-09T18:00:00Z,2030-05-11T08:00:00Z,38,2.0,90.0,6.0,278.0,0.0,10.0
WX-CET2,2030-05-09T18:00:00Z,2030-05-11T09:00:00Z,39,-0.9,93.0,5.0,266.0,0.0,10.0
WX-CET2,2030-05-09T18:00:00Z,2030-05-11T10:00:00Z,40,1.7,100.0,6.0,270.0,0.0,10.0
WX-CET2,2030-05-09T18:00:00Z,2030-05-11T11:00:00Z,41,1.9,91.0,7.0,293.0,0.0,10.0
WX-CET2,2030-05-09T18:00:00Z,2030-05-11T12:00:00Z,42,1.9,83.0,5.0,272.0,0.0,10.0
WX-CET2,2030-05-09T18:00:00Z,2030-05-11T13:00:00Z,43,1.9,75.0,6.0,264.0,0.0,10.0
WX-CET2,2030-05-09T18:00:00Z,2030-05-11T14:00:00Z,44,5.3,66.0,7.0,268.0,0.0,10.0
WX-CET2,2030-05-09T18:00:00Z,2030-05-11T15:00:00Z,45,7.5,67.0,10.0,274.0,0.0,10.0
WX-CET2,2030-05-09T18:00:00Z,2030-05-11T16:00:00Z,46,8.5,61.0,11.0,266.0,0.0,10.0
WX-CET2,2030-05-09T18:00:00Z,2030-05-11T17:00:00Z,47,11.2,41.0,13.0,275.0,0.0,10.0
WX-CET2,2030-05-09T18:00:00Z,2030-05-11T18:00:00Z,48,14.3,40.0,14.0,272.0,0.0,10.0
WX-CET2,2030-05-09T18:00:00Z,2030-05-11T19:00:00Z,49,15.2,32.0,14.0,263.0,0.0,10.0
WX-CET2,2030-05-09T18:00:00Z,2030-05-11T20:00:00Z,50,14.4,29.0,18.0,279.0,0.0,10.0
WX-CET2,2030-05-09T18:00:00Z,2030-05-11T21:00:00Z,51,15.7,35.0,16.0,263.0,0.0,10.0
WX-CET2,2030-05-09T18:00:00Z,2030-05-11T22:00:00Z,52,15.2,37.0,12.0,263.0,0.0,10.0
WX-CET2,2030-05-09T18:00:00Z,2030-05-11T23:00:00Z,53,16.6,39.0,15.0,274.0,0.0,10.0
WX-CET2,2030-05-09T18:00:00Z,2030-05-12T00:00:00Z,54,14.2,38.0,11.0,268.0,0.0,10.0
WX-CET2,2030-05-09T18:00:00Z,2030-05-12T01:00:00Z,55,13.5,38.0,9.0,264.0,0.0,10.0
WX-CET2,2030-05-09T18:00:00Z,2030-05-12T02:00:00Z,56,9.9,42.0,9.0,272.0,0.0,10.0
WX-CET2,2030-05-09T18:00:00Z,2030-05-12T03:00:00Z,57,9.4,52.0,6.0,281.0,0.0,10.0
WX-CET2,2030-05-09T18:00:00Z,2030-05-12T04:00:00Z,58,8.1,56.0,6.0,290.0,0.0,10.0
WX-CET2,2030-05-09T18:00:00Z,2030-05-12T05:00:00Z,59,4.1,64.0,5.0,265.0,0.0,10.0
WX-CET2,2030-05-09T18:00:00Z,2030-05-12T06:00:00Z,60,3.9,78.0,5.0,282.0,0.0,10.0
WX-CET2,2030-05-09T18:00:00Z,2030-05-12T07:00:00Z,61,2.6,95.0,5.0,294.0,0.0,10.0
WX-CET2,2030-05-09T18:00:00Z,2030-05-12T08:00:00Z,62,0.3,97.0,6.0,264.0,0.0,10.0
WX-CET2,2030-05-09T18:00:00Z,2030-05-12T09:00:00Z,63,0.9,98.0,7.0,267.0,0.0,10.0
WX-CET2,2030-05-09T18:00:00Z,2030-05-12T10:00:00Z,64,0.2,96.0,8.0,282.0,0.0,10.0
WX-CET2,2030-05-09T18:00:00Z,2030-05-12T11:00:00Z,65,-0.3,99.0,6.0,281.0,0.0,10.0
WX-CET2,2030-05-09T18:00:00Z,2030-05-12T12:00:00Z,66,0.9,94.0,6.0,278.0,0.0,10.0
WX-CET2,2030-05-09T18:00:00Z,2030-05-12T13:00:00Z,67,4.5,89.0,6.0,289.0,0.0,10.0
WX-CET2,2030-05-09T18:00:00Z,2030-05-12T14:00:00Z,68,6.0,76.0,7.0,279.0,0.0,10.0
WX-CET2,2030-05-09T18:00:00Z,2030-05-12T15:00:00Z,69,7.0,63.0,10.0,292.0,0.0,10.0
WX-CET2,2030-05-09T18:00:00Z,2030-05-12T16:00:00Z,70,8.5,55.0,13.0,266.0,0.0,10.0
WX-CET2,2030-05-09T18:00:00Z,2030-05-12T17:00:00Z,71,10.6,47.0,10.0,272.0,0.0,10.0
WX-CET2,2030-05-09T18:00:00Z,2030-05-12T18:00:00Z,72,12.9,47.0,14.0,279.0,0.0,10.0
WX-CFN5,2030-05-09T18:00:00Z,2030-05-09T19:00:00Z,1,13.7,41.0,22.0,314.0,0.0,16.0
WX-CFN5,2030-05-09T18:00:00Z,2030-05-09T20:00:00Z,2,15.7,34.0,24.0,311.0,0.0,16.0
WX-CFN5,2030-05-09T18:00:00Z,2030-05-09T21:00:00Z,3,16.2,33.0,23.0,317.0,0.0,16.0
WX-CFN5,2030-05-09T18:00:00Z,2030-05-09T22:00:00Z,4,16.0,37.0,23.0,320.0,0.0,16.0
WX-CFN5,2030-05-09T18:00:00Z,2030-05-09T23:00:00Z,5,15.3,39.0,20.0,308.0,0.0,16.0
WX-CFN5,2030-05-09T18:00:00Z,2030-05-10T00:00:00Z,6,14.2,43.0,17.0,314.0,0.0,16.0
WX-CFN5,2030-05-09T18:00:00Z,2030-05-10T01:00:00Z,7,13.5,42.0,14.0,318.0,0.0,16.0
WX-CFN5,2030-05-09T18:00:00Z,2030-05-10T02:00:00Z,8,10.6,49.0,11.0,304.0,0.0,16.0
WX-CFN5,2030-05-09T18:00:00Z,2030-05-10T03:00:00Z,9,9.3,59.0,7.0,317.0,0.0,16.0
WX-CFN5,2030-05-09T18:00:00Z,2030-05-10T04:00:00Z,10,7.8,69.0,7.0,311.0,0.0,16.0
WX-CFN5,2030-05-09T18:00:00Z,2030-05-10T05:00:00Z,11,5.6,75.0,8.0,307.0,0.0,16.0
WX-CFN5,2030-05-09T18:00:00Z,2030-05-10T06:00:00Z,12,6.1,85.0,6.0,291.0,0.0,16.0
WX-CFN5,2030-05-09T18:00:00Z,2030-05-10T07:00:00Z,13,3.7,94.0,6.0,291.0,0.0,16.0
WX-CFN5,2030-05-09T18:00:00Z,2030-05-10T08:00:00Z,14,2.0,91.0,7.0,284.0,0.0,16.0
WX-CFN5,2030-05-09T18:00:00Z,2030-05-10T09:00:00Z,15,2.1,99.0,5.0,291.0,0.0,16.0
WX-CFN5,2030-05-09T18:00:00Z,2030-05-10T10:00:00Z,16,1.2,95.0,6.0,289.0,0.0,16.0
WX-CFN5,2030-05-09T18:00:00Z,2030-05-10T11:00:00Z,17,2.4,89.0,6.0,297.0,0.0,16.0
WX-CFN5,2030-05-09T18:00:00Z,2030-05-10T12:00:00Z,18,4.3,97.0,6.0,294.0,0.0,16.0
WX-CFN5,2030-05-09T18:00:00Z,2030-05-10T13:00:00Z,19,4.0,82.0,6.0,291.0,0.0,16.0
WX-CFN5,2030-05-09T18:00:00Z,2030-05-10T14:00:00Z,20,6.8,72.0,7.0,292.0,0.0,16.0
WX-CFN5,2030-05-09T18:00:00Z,2030-05-10T15:00:00Z,21,8.5,64.0,10.0,287.0,0.0,16.0
WX-CFN5,2030-05-09T18:00:00Z,2030-05-10T16:00:00Z,22,9.9,55.0,13.0,293.0,0.0,16.0
WX-CFN5,2030-05-09T18:00:00Z,2030-05-10T17:00:00Z,23,12.2,54.0,14.0,286.0,0.0,16.0
WX-CFN5,2030-05-09T18:00:00Z,2030-05-10T18:00:00Z,24,13.8,41.0,14.0,295.0,0.0,16.0
WX-CFN5,2030-05-09T18:00:00Z,2030-05-10T19:00:00Z,25,15.5,34.0,18.0,287.0,0.0,16.0
WX-CFN5,2030-05-09T18:00:00Z,2030-05-10T20:00:00Z,26,16.6,35.0,18.0,308.0,0.0,16.0
WX-CFN5,2030-05-09T18:00:00Z,2030-05-10T21:00:00Z,27,17.7,37.0,18.0,285.0,0.0,16.0
WX-CFN5,2030-05-09T18:00:00Z,2030-05-10T22:00:00Z,28,16.4,32.0,17.0,290.0,0.0,16.0
WX-CFN5,2030-05-09T18:00:00Z,2030-05-10T23:00:00Z,29,17.3,45.0,14.0,293.0,0.0,16.0
WX-CFN5,2030-05-09T18:00:00Z,2030-05-11T00:00:00Z,30,16.0,48.0,13.0,294.0,0.0,16.0
WX-CFN5,2030-05-09T18:00:00Z,2030-05-11T01:00:00Z,31,14.7,43.0,11.0,286.0,0.0,16.0
WX-CFN5,2030-05-09T18:00:00Z,2030-05-11T02:00:00Z,32,12.2,46.0,10.0,282.0,0.0,16.0
WX-CFN5,2030-05-09T18:00:00Z,2030-05-11T03:00:00Z,33,11.6,52.0,6.0,295.0,0.0,16.0
WX-CFN5,2030-05-09T18:00:00Z,2030-05-11T04:00:00Z,34,8.9,66.0,6.0,295.0,0.0,16.0
WX-CFN5,2030-05-09T18:00:00Z,2030-05-11T05:00:00Z,35,6.3,82.0,7.0,292.0,0.0,16.0
WX-CFN5,2030-05-09T18:00:00Z,2030-05-11T06:00:00Z,36,4.8,86.0,6.0,291.0,0.0,16.0
WX-CFN5,2030-05-09T18:00:00Z,2030-05-11T07:00:00Z,37,3.3,96.0,7.0,292.0,0.0,16.0
WX-CFN5,2030-05-09T18:00:00Z,2030-05-11T08:00:00Z,38,1.9,97.0,6.0,301.0,0.0,16.0
WX-CFN5,2030-05-09T18:00:00Z,2030-05-11T09:00:00Z,39,2.0,92.0,6.0,288.0,0.0,16.0
WX-CFN5,2030-05-09T18:00:00Z,2030-05-11T10:00:00Z,40,1.9,93.0,7.0,301.0,0.0,16.0
WX-CFN5,2030-05-09T18:00:00Z,2030-05-11T11:00:00Z,41,3.1,100.0,7.0,302.0,0.0,16.0
WX-CFN5,2030-05-09T18:00:00Z,2030-05-11T12:00:00Z,42,3.7,95.0,6.0,294.0,0.0,16.0
WX-CFN5,2030-05-09T18:00:00Z,2030-05-11T13:00:00Z,43,3.3,95.0,6.0,284.0,0.0,16.0
WX-CFN5,2030-05-09T18:00:00Z,2030-05-11T14:00:00Z,44,7.1,73.0,8.0,302.0,0.0,16.0
WX-CFN5,2030-05-09T18:00:00Z,2030-05-11T15:00:00Z,45,8.2,63.0,8.0,296.0,0.0,16.0
WX-CFN5,2030-05-09T18:00:00Z,2030-05-11T16:00:00Z,46,10.5,63.0,13.0,296.0,0.0,16.0
WX-CFN5,2030-05-09T18:00:00Z,2030-05-11T17:00:00Z,47,12.5,51.0,13.0,300.0,0.0,16.0
WX-CFN5,2030-05-09T18:00:00Z,2030-05-11T18:00:00Z,48,14.6,50.0,18.0,297.0,0.0,16.0
WX-CFN5,2030-05-09T18:00:00Z,2030-05-11T19:00:00Z,49,16.3,39.0,18.0,299.0,0.0,16.0
WX-CFN5,2030-05-09T18:00:00Z,2030-05-11T20:00:00Z,50,17.2,32.0,17.0,285.0,0.0,16.0
WX-CFN5,2030-05-09T18:00:00Z,2030-05-11T21:00:00Z,51,18.6,28.0,17.0,300.0,0.0,16.0
WX-CFN5,2030-05-09T18:00:00Z,2030-05-11T22:00:00Z,52,18.0,33.0,17.0,291.0,0.0,16.0
WX-CFN5,2030-05-09T18:00:00Z,2030-05-11T23:00:00Z,53,17.8,33.0,15.0,293.0,0.0,16.0
WX-CFN5,2030-05-09T18:00:00Z,2030-05-12T00:00:00Z,54,18.4,31.0,13.0,294.0,0.0,16.0
WX-CFN5,2030-05-09T18:00:00Z,2030-05-12T01:00:00Z,55,15.5,36.0,11.0,302.0,0.0,16.0
WX-CFN5,2030-05-09T18:00:00Z,2030-05-12T02:00:00Z,56,12.7,49.0,9.0,276.0,0.0,16.0
WX-CFN5,2030-05-09T18:00:00Z,2030-05-12T03:00:00Z,57,11.2,53.0,7.0,288.0,0.0,16.0
WX-CFN5,2030-05-09T18:00:00Z,2030-05-12T04:00:00Z,58,8.2,66.0,6.0,290.0,0.0,16.0
WX-CFN5,2030-05-09T18:00:00Z,2030-05-12T05:00:00Z,59,6.0,77.0,6.0,280.0,0.0,16.0
WX-CFN5,2030-05-09T18:00:00Z,2030-05-12T06:00:00Z,60,4.1,80.0,8.0,288.0,0.0,16.0
WX-CFN5,2030-05-09T18:00:00Z,2030-05-12T07:00:00Z,61,2.1,90.0,7.0,283.0,0.0,16.0
WX-CFN5,2030-05-09T18:00:00Z,2030-05-12T08:00:00Z,62,1.8,95.0,5.0,298.0,0.0,16.0
WX-CFN5,2030-05-09T18:00:00Z,2030-05-12T09:00:00Z,63,0.5,91.0,6.0,316.0,0.0,16.0
WX-CFN5,2030-05-09T18:00:00Z,2030-05-12T10:00:00Z,64,2.4,89.0,7.0,289.0,0.0,16.0
WX-CFN5,2030-05-09T18:00:00Z,2030-05-12T11:00:00Z,65,0.7,93.0,6.0,290.0,0.0,16.0
WX-CFN5,2030-05-09T18:00:00Z,2030-05-12T12:00:00Z,66,2.7,87.0,5.0,281.0,0.0,16.0
WX-CFN5,2030-05-09T18:00:00Z,2030-05-12T13:00:00Z,67,4.2,82.0,5.0,309.0,0.0,16.0
WX-CFN5,2030-05-09T18:00:00Z,2030-05-12T14:00:00Z,68,7.5,73.0,6.0,283.0,0.0,16.0
WX-CFN5,2030-05-09T18:00:00Z,2030-05-12T15:00:00Z,69,8.9,76.0,10.0,310.0,0.0,16.0
WX-CFN5,2030-05-09T18:00:00Z,2030-05-12T16:00:00Z,70,9.9,56.0,12.0,296.0,0.0,16.0
WX-CFN5,2030-05-09T18:00:00Z,2030-05-12T17:00:00Z,71,13.1,50.0,12.0,295.0,0.0,16.0
WX-CFN5,2030-05-09T18:00:00Z,2030-05-12T18:00:00Z,72,14.1,51.0,18.0,301.0,0.0,16.0
WX-CEM5,2030-05-09T18:00:00Z,2030-05-09T19:00:00Z,1,19.2,24.0,17.0,303.0,0.0,21.0
WX-CEM5,2030-05-09T18:00:00Z,2030-05-09T20:00:00Z,2,20.8,20.0,17.0,312.0,0.0,21.0
WX-CEM5,2030-05-09T18:00:00Z,2030-05-09T21:00:00Z,3,20.9,18.0,18.0,305.0,0.0,21.0
WX-CEM5,2030-05-09T18:00:00Z,2030-05-09T22:00:00Z,4,20.9,23.0,17.0,313.0,0.0,21.0
WX-CEM5,2030-05-09T18:00:00Z,2030-05-09T23:00:00Z,5,20.1,30.0,17.0,308.0,0.0,21.0
WX-CEM5,2030-05-09T18:00:00Z,2030-05-10T00:00:00Z,6,19.6,27.0,14.0,314.0,0.0,21.0
WX-CEM5,2030-05-09T18:00:00Z,2030-05-10T01:00:00Z,7,18.1,27.0,11.0,309.0,0.0,21.0
WX-CEM5,2030-05-09T18:00:00Z,2030-05-10T02:00:00Z,8,16.3,33.0,9.0,308.0,0.0,21.0
WX-CEM5,2030-05-09T18:00:00Z,2030-05-10T03:00:00Z,9,15.6,32.0,5.0,310.0,0.0,21.0
WX-CEM5,2030-05-09T18:00:00Z,2030-05-10T04:00:00Z,10,12.1,42.0,6.0,309.0,0.0,21.0
WX-CEM5,2030-05-09T18:00:00Z,2030-05-10T05:00:00Z,11,10.7,50.0,6.0,302.0,0.0,21.0
WX-CEM5,2030-05-09T18:00:00Z,2030-05-10T06:00:00Z,12,10.3,58.0,5.0,293.0,0.0,21.0
WX-CEM5,2030-05-09T18:00:00Z,2030-05-10T07:00:00Z,13,9.7,53.0,5.0,296.0,0.0,21.0
WX-CEM5,2030-05-09T18:00:00Z,2030-05-10T08:00:00Z,14,7.8,53.0,5.0,297.0,0.0,21.0
WX-CEM5,2030-05-09T18:00:00Z,2030-05-10T09:00:00Z,15,6.9,63.0,5.0,279.0,0.0,21.0
WX-CEM5,2030-05-09T18:00:00Z,2030-05-10T10:00:00Z,16,7.5,65.0,4.0,277.0,0.0,21.0
WX-CEM5,2030-05-09T18:00:00Z,2030-05-10T11:00:00Z,17,8.3,66.0,5.0,287.0,0.0,21.0
WX-CEM5,2030-05-09T18:00:00Z,2030-05-10T12:00:00Z,18,8.5,58.0,5.0,272.0,0.0,21.0
WX-CEM5,2030-05-09T18:00:00Z,2030-05-10T13:00:00Z,19,10.4,49.0,5.0,299.0,0.0,21.0
WX-CEM5,2030-05-09T18:00:00Z,2030-05-10T14:00:00Z,20,11.8,44.0,5.0,286.0,0.0,21.0
WX-CEM5,2030-05-09T18:00:00Z,2030-05-10T15:00:00Z,21,13.4,39.0,7.0,284.0,0.0,21.0
WX-CEM5,2030-05-09T18:00:00Z,2030-05-10T16:00:00Z,22,15.4,34.0,9.0,280.0,0.0,21.0
WX-CEM5,2030-05-09T18:00:00Z,2030-05-10T17:00:00Z,23,17.6,30.0,11.0,293.0,0.0,21.0
WX-CEM5,2030-05-09T18:00:00Z,2030-05-10T18:00:00Z,24,21.0,22.0,11.0,278.0,0.0,21.0
WX-CEM5,2030-05-09T18:00:00Z,2030-05-10T19:00:00Z,25,22.7,27.0,13.0,303.0,0.0,21.0
WX-CEM5,2030-05-09T18:00:00Z,2030-05-10T20:00:00Z,26,22.4,22.0,12.0,274.0,0.0,21.0
WX-CEM5,2030-05-09T18:00:00Z,2030-05-10T21:00:00Z,27,23.1,17.0,13.0,282.0,0.0,21.0
WX-CEM5,2030-05-09T18:00:00Z,2030-05-10T22:00:00Z,28,24.1,26.0,11.0,286.0,0.0,21.0
WX-CEM5,2030-05-09T18:00:00Z,2030-05-10T23:00:00Z,29,23.3,25.0,11.0,284.0,0.0,21.0
WX-CEM5,2030-05-09T18:00:00Z,2030-05-11T00:00:00Z,30,22.3,20.0,10.0,298.0,0.0,21.0
WX-CEM5,2030-05-09T18:00:00Z,2030-05-11T01:00:00Z,31,20.0,29.0,8.0,290.0,0.0,21.0
WX-CEM5,2030-05-09T18:00:00Z,2030-05-11T02:00:00Z,32,17.5,32.0,7.0,283.0,0.0,21.0
WX-CEM5,2030-05-09T18:00:00Z,2030-05-11T03:00:00Z,33,15.2,32.0,6.0,292.0,0.0,21.0
WX-CEM5,2030-05-09T18:00:00Z,2030-05-11T04:00:00Z,34,14.4,34.0,4.0,297.0,0.0,21.0
WX-CEM5,2030-05-09T18:00:00Z,2030-05-11T05:00:00Z,35,11.6,49.0,4.0,279.0,0.0,21.0
WX-CEM5,2030-05-09T18:00:00Z,2030-05-11T06:00:00Z,36,9.8,55.0,5.0,296.0,0.0,21.0
WX-CEM5,2030-05-09T18:00:00Z,2030-05-11T07:00:00Z,37,8.9,58.0,5.0,280.0,0.0,21.0
WX-CEM5,2030-05-09T18:00:00Z,2030-05-11T08:00:00Z,38,6.8,62.0,5.0,294.0,0.0,21.0
WX-CEM5,2030-05-09T18:00:00Z,2030-05-11T09:00:00Z,39,6.6,67.0,5.0,293.0,0.0,21.0
WX-CEM5,2030-05-09T18:00:00Z,2030-05-11T10:00:00Z,40,6.4,59.0,5.0,273.0,0.0,21.0
WX-CEM5,2030-05-09T18:00:00Z,2030-05-11T11:00:00Z,41,5.9,67.0,5.0,286.0,0.0,21.0
WX-CEM5,2030-05-09T18:00:00Z,2030-05-11T12:00:00Z,42,7.6,60.0,5.0,274.0,0.0,21.0
WX-CEM5,2030-05-09T18:00:00Z,2030-05-11T13:00:00Z,43,11.1,41.0,5.0,286.0,0.0,21.0
WX-CEM5,2030-05-09T18:00:00Z,2030-05-11T14:00:00Z,44,12.1,43.0,6.0,285.0,0.0,21.0
WX-CEM5,2030-05-09T18:00:00Z,2030-05-11T15:00:00Z,45,14.9,38.0,9.0,280.0,0.0,21.0
WX-CEM5,2030-05-09T18:00:00Z,2030-05-11T16:00:00Z,46,15.5,38.0,10.0,279.0,0.0,21.0
WX-CEM5,2030-05-09T18:00:00Z,2030-05-11T17:00:00Z,47,18.1,25.0,11.0,292.0,0.0,21.0
WX-CEM5,2030-05-09T18:00:00Z,2030-05-11T18:00:00Z,48,20.5,26.0,13.0,274.0,0.0,21.0
WX-CEM5,2030-05-09T18:00:00Z,2030-05-11T19:00:00Z,49,20.8,19.0,12.0,295.0,0.0,21.0
WX-CEM5,2030-05-09T18:00:00Z,2030-05-11T20:00:00Z,50,22.0,18.0,12.0,269.0,0.0,21.0
WX-CEM5,2030-05-09T18:00:00Z,2030-05-11T21:00:00Z,51,22.4,17.0,13.0,301.0,0.0,21.0
WX-CEM5,2030-05-09T18:00:00Z,2030-05-11T22:00:00Z,52,22.3,30.0,12.0,289.0,0.0,21.0
WX-CEM5,2030-05-09T18:00:00Z,2030-05-11T23:00:00Z,53,21.6,21.0,10.0,279.0,0.0,21.0
WX-CEM5,2030-05-09T18:00:00Z,2030-05-12T00:00:00Z,54,20.0,20.0,9.0,293.0,0.0,21.0
WX-CEM5,2030-05-09T18:00:00Z,2030-05-12T01:00:00Z,55,19.7,28.0,10.0,302.0,0.0,21.0
WX-CEM5,2030-05-09T18:00:00Z,2030-05-12T02:00:00Z,56,17.1,26.0,6.0,284.0,0.0,21.0
WX-CEM5,2030-05-09T18:00:00Z,2030-05-12T03:00:00Z,57,15.6,42.0,4.0,288.0,0.0,21.0
WX-CEM5,2030-05-09T18:00:00Z,2030-05-12T04:00:00Z,58,14.5,32.0,4.0,286.0,0.0,21.0
WX-CEM5,2030-05-09T18:00:00Z,2030-05-12T05:00:00Z,59,11.6,44.0,6.0,293.0,0.0,21.0
WX-CEM5,2030-05-09T18:00:00Z,2030-05-12T06:00:00Z,60,9.9,54.0,5.0,278.0,0.0,21.0
WX-CEM5,2030-05-09T18:00:00Z,2030-05-12T07:00:00Z,61,7.8,54.0,5.0,284.0,0.0,21.0
WX-CEM5,2030-05-09T18:00:00Z,2030-05-12T08:00:00Z,62,6.9,66.0,4.0,288.0,0.0,21.0
WX-CEM5,2030-05-09T18:00:00Z,2030-05-12T09:00:00Z,63,8.2,52.0,5.0,291.0,0.0,21.0
WX-CEM5,2030-05-09T18:00:00Z,2030-05-12T10:00:00Z,64,8.2,76.0,4.0,300.0,0.0,21.0
WX-CEM5,2030-05-09T18:00:00Z,2030-05-12T11:00:00Z,65,8.7,55.0,6.0,295.0,0.0,21.0
WX-CEM5,2030-05-09T18:00:00Z,2030-05-12T12:00:00Z,66,8.3,59.0,5.0,292.0,0.0,21.0
WX-CEM5,2030-05-09T18:00:00Z,2030-05-12T13:00:00Z,67,12.2,67.0,5.0,293.0,0.0,21.0
WX-CEM5,2030-05-09T18:00:00Z,2030-05-12T14:00:00Z,68,12.1,59.0,7.0,275.0,0.0,21.0
WX-CEM5,2030-05-09T18:00:00Z,2030-05-12T15:00:00Z,69,13.6,35.0,7.0,283.0,0.0,21.0
WX-CEM5,2030-05-09T18:00:00Z,2030-05-12T16:00:00Z,70,16.9,38.0,9.0,276.0,0.0,21.0
WX-CEM5,2030-05-09T18:00:00Z,2030-05-12T17:00:00Z,71,18.3,22.0,11.0,286.0,0.0,21.0
WX-CEM5,2030-05-09T18:00:00Z,2030-05-12T18:00:00Z,72,18.3,24.0,13.0,299.0,0.0,21.0
