station_id,timestamp,temp_c,rh_pct,wind_speed_kmh,wind_gust_kmh,wind_dir_deg,precip_mm
WX-CEE5,2030-05-04T18:00:00Z,15.7,28.0,10.0,15.0,234.0,0.0
WX-CEH5,2030-05-04T18:00:00Z,19.1,21.0,8.0,11.0,233.0,0.0
WX-CEM5,2030-05-04T18:00:00Z,19.8,22.0,10.0,15.0,248.0,0.0
WX-CET2,2030-05-04T18:00:00Z,13.5,29.0,10.0,15.0,229.0,0.0
WX-CFN5,2030-05-04T18:00:00Z,14.3,35.0,13.0,18.0,257.0,0.0
WX-CFX4,2030-05-04T18:00:00Z,16.7,27.0,10.0,14.0,228.0,0.0
WX-CYEG,2030-05-04T18:00:00Z,15.2,30.0,11.0,17.0,236.0,0.0
WX-CYLB,2030-05-04T18:00:00Z,16.3,24.0,15.0,24.0,223.0,0.0
WX-CYMM,2030-05-04T18:00:00Z,18.0,28.0,9.0,13.0,235.0,0.0
WX-CYOD,2030-05-04T18:00:00Z,18.3,21.0,9.0,14.0,237.0,0.0
WX-CYOJ,2030-05-04T18:00:00Z,17.2,27.0,11.0,17.0,264.0,0.0
WX-CYPE,2030-05-04T18:00:00Z,16.9,25.0,9.0,14.0,219.0,0.0
WX-CYPY,2030-05-04T18:00:00Z,15.3,28.0,14.0,20.0,262.0,0.0
WX-CYQU,2030-05-04T18:00:00Z,17.8,27.0,10.0,16.0,228.0,0.0
WX-CYWM,2030-05-04T18:00:00Z,17.0,28.0,11.0,17.0,225.0,0.0
WX-CYZH,2030-05-04T18:00:00Z,18.0,25.0,10.0,16.0,256.0,0.0
WX-CYZU,2030-05-04T18:00:00Z,20.1,20.0,8.0,12.0,240.0,0.0
WX-CZHP,2030-05-04T18:00:00Z,17.5,27.0,11.0,16.0,228.0,0.0
WX-CEE5,2030-05-04T19:00:00Z,17.3,25.0,11.0,14.0,232.0,0.0
WX-CEH5,2030-05-04T19:00:00Z,20.7,16.0,11.0,17.0,237.0,0.0
WX-CEM5,2030-05-04T19:00:00Z,22.8,15.0,8.0,12.0,242.0,0.0
WX-CET2,2030-05-04T19:00:00Z,15.9,25.0,10.0,15.0,245.0,0.0
WX-CFN5,2030-05-04T19:00:00Z,17.1,26.0,13.0,18.0,237.0,0.0
WX-CFX4,2030-05-04T19:00:00Z,,,,,,0.0
WX-CYEG,2030-05-04T19:00:00Z,16.3,26.0,12.0,18.0,245.0,0.0
WX-CYLB,2030-05-04T19:00:00Z,18.0,25.0,11.0,15.0,213.0,0.0
WX-CYMM,2030-05-04T19:00:00Z,18.5,26.0,8.0,11.0,236.0,0.0
WX-CYOD,2030-05-04T19:00:00Z,19.7,18.0,9.0,13.0,219.0,0.0
WX-CYOJ,2030-05-04T19:00:00Z,17.9,24.0,15.0,21.0,251.0,0.0
WX-CYPE,2030-05-04T19:00:00Z,19.2,26.0,9.0,13.0,225.0,0.0
WX-CYPY,2030-05-04T19:00:00Z,17.5,23.0,11.0,16.0,232.0,0.0
WX-CYQU,2030-05-04T19:00:00Z,18.7,24.0,12.0,18.0,241.0,0.0
WX-CYWM,2030-05-04T19:00:00Z,18.4,27.0,10.0,15.0,213.0,0.0
WX-CYZH,2030-05-04T19:00:00Z,19.7,17.0,11.0,15.0,251.0,0.0
WX-CYZU,2030-05-04T19:00:00Z,22.3,18.0,10.0,15.0,250.0,0.0
WX-CZHP,2030-05-04T19:00:00Z,18.8,22.0,14.0,18.0,211.0,0.0
WX-CEE5,2030-05-04T20:00:00Z,18.2,21.0,10.0,14.0,254.0,0.0
WX-CEH5,2030-05-04T20:00:00Z,22.2,20.0,12.0,19.0,222.0,0.0
WX-CEM5,2030-05-04T20:00:00Z,,,,,,0.0
WX-CET2,2030-05-04T20:00:00Z,15.9,29.0,11.0,14.0,243.0,0.0
WX-CFN5,2030-05-04T20:00:00Z,18.2,27.0,15.0,20.0,232.0,0.0
WX-CFX4,2030-05-04T20:00:00Z,19.6,23.0,9.0,11.0,226.0,0.0
WX-CYEG,2030-05-04T20:00:00Z,17.7,29.0,13.0,20.0,228.0,0.0
WX-CYLB,2030-05-04T20:00:00Z,19.2,20.0,13.0,18.0,222.0,0.0
WX-CYMM,2030-05-04T20:00:00Z,20.5,24.0,13.0,18.0,234.0,0.0
WX-CYOD,2030-05-04T20:00:00Z,20.1,18.0,14.0,20.0,215.0,0.0
WX-CYOJ,2030-05-04T20:00:00Z,20.1,22.0,14.0,22.0,233.0,0.0
WX-CYPE,2030-05-04T20:00:00Z,20.1,22.0,8.0,10.0,239.0,0.0
WX-CYPY,2030-05-04T20:00:00Z,18.6,24.0,14.0,22.0,243.0,0.0
WX-CYQU,2030-05-04T20:00:00Z,18.9,22.0,13.0,18.0,233.0,0.0
WX-CYWM,2030-05-04T20:00:00Z,19.2,19.0,10.0,15.0,232.0,0.0
WX-CYZH,2030-05-04T20:00:00Z,21.0,22.0,10.0,15.0,235.0,0.0
WX-CYZU,2030-05-04T20:00:00Z,23.2,22.0,10.0,16.0,242.0,0.0
WX-CZHP,2030-05-04T20:00:00Z,20.3,22.0,14.0,20.0,217.0,0.0
WX-CEE5,2030-05-04T21:00:00Z,18.6,21.0,9.0,14.0,225.0,0.0
WX-CEH5,2030-05-04T21:00:00Z,22.1,12.0,8.0,12.0,220.0,0.0
WX-CEM5,2030-05-04T21:00:00Z,23.7,15.0,10.0,14.0,238.0,0.0
WX-CET2,2030-05-04T21:00:00Z,16.2,25.0,14.0,22.0,236.0,0.0
WX-CFN5,2030-05-04T21:00:00Z,18.4,28.0,14.0,21.0,262.0,0.0
WX-CFX4,2030-05-04T21:00:00Z,20.3,23.0,10.0,13.0,224.0,0.0
WX-CYEG,2030-05-04T21:00:00Z,19.2,24.0,15.0,20.0,227.0,0.0
WX-CYLB,2030-05-04T21:00:00Z,19.6,23.0,13.0,19.0,234.0,0.0
WX-CYMM,2030-05-04T21:00:00Z,19.8,24.0,9.0,12.0,232.0,0.0
WX-CYOD,2030-05-04T21:00:00Z,20.4,17.0,9.0,12.0,231.0,0.0
WX-CYOJ,2030-05-04T21:00:00Z,20.3,17.0,14.0,19.0,245.0,0.0
WX-CYPE,2030-05-04T21:00:00Z,19.6,19.0,7.0,9.0,223.0,0.0
WX-CYPY,2030-05-04T21:00:00Z,19.8,19.0,12.0,18.0,243.0,0.0
WX-CYQU,2030-05-04T21:00:00Z,21.0,22.0,13.0,21.0,247.0,0.0
WX-CYWM,2030-05-04T21:00:00Z,19.7,26.0,8.0,11.0,220.0,0.0
WX-CYZH,2030-05-04T21:00:00Z,21.3,20.0,12.0,16.0,245.0,0.0
WX-CYZU,2030-05-04T21:00:00Z,24.1,18.0,9.0,13.0,240.0,0.0
WX-CZHP,2030-05-04T21:00:00Z,20.9,24.0,10.0,16.0,224.0,0.0
WX-CEE5,2030-05-04T22:00:00Z,19.6,27.0,11.0,15.0,233.0,0.0
WX-CEH5,2030-05-04T22:00:00Z,22.7,19.0,12.0,18.0,221.0,0.0
WX-CEM5,2030-05-04T22:00:00Z,23.1,13.0,8.0,12.0,234.0,0.0
WX-CET2,2030-05-04T22:00:00Z,16.4,24.0,13.0,19.0,243.0,0.0
WX-CFN5,2030-05-04T22:00:00Z,17.8,28.0,14.0,22.0,255.0,0.0
WX-CFX4,2030-05-04T22:00:00Z,20.6,21.0,11.0,15.0,251.0,0.0
WX-CYEG,2030-05-04T22:00:00Z,18.8,21.0,10.0,16.0,232.0,0.0
WX-CYLB,2030-05-04T22:00:00Z,19.5,23.0,13.0,19.0,240.0,0.0
WX-CYMM,2030-05-04T22:00:00Z,,,,,,0.0
WX-CYOD,2030-05-04T22:00:00Z,21.2,19.0,10.0,16.0,229.0,0.0
WX-CYOJ,2030-05-04T22:00:00Z,20.0,21.0,15.0,23.0,235.0,0.0
WX-CYPE,2030-05-04T22:00:00Z,20.4,20.0,8.0,12.0,212.0,0.0
WX-CYPY,2030-05-04T22:00:00Z,19.2,22.0,14.0,21.0,240.0,0.0
WX-CYQU,2030-05-04T22:00:00Z,21.2,19.0,14.0,22.0,238.0,0.0
WX-CYWM,2030-05-04T22:00:00Z,20.2,23.0,8.0,13.0,215.0,0.0
WX-CYZH,2030-05-04T22:00:00Z,21.8,21.0,8.0,10.0,255.0,0.0
WX-CYZU,2030-05-04T22:00:00Z,23.8,16.0,10.0,15.0,239.0,0.0
WX-CZHP,2030-05-04T22:00:00Z,20.8,23.0,9.0,14.0,233.0,0.0
WX-CEE5,2030-05-04T23:00:00Z,18.7,23.0,9.0,12.0,231.0,0.0
WX-CEH5,2030-05-04T23:00:00Z,22.1,17.0,7.0,10.0,221.0,0.0
WX-CEM5,2030-05-04T23:00:00Z,22.6,17.0,9.0,12.0,250.0,0.0
WX-CET2,2030-05-04T23:00:00Z,15.8,28.0,12.0,18.0,233.0,0.0
WX-CFN5,2030-05-04T23:00:00Z,16.9,30.0,13.0,18.0,243.0,0.0
WX-CFX4,2030-05-04T23:00:00Z,19.6,22.0,7.0,10.0,241.0,0.0
WX-CYEG,2030-05-04T23:00:00Z,18.1,25.0,11.0,17.0,214.0,0.0
WX-CYLB,2030-05-04T23:00:00Z,19.1,21.0,12.0,15.0,226.0,0.0
WX-CYMM,2030-05-04T23:00:00Z,20.1,22.0,10.0,13.0,237.0,0.0
WX-CYOD,2030-05-04T23:00:00Z,20.9,16.0,9.0,12.0,234.0,0.0
WX-CYOJ,2030-05-04T23:00:00Z,19.8,20.0,12.0,18.0,236.0,0.0
WX-CYPE,2030-05-04T23:00:00Z,19.3,22.0,9.0,13.0,214.0,0.0
WX-CYPY,2030-05-04T23:00:00Z,18.6,22.0,12.0,17.0,245.0,0.0
WX-CYQU,2030-05-04T23:00:00Z,20.9,21.0,11.0,15.0,243.0,0.0
WX-CYWM,2030-05-04T23:00:00Z,18.7,27.0,9.0,11.0,228.0,0.0
WX-CYZH,2030-05-04T23:00:00Z,21.4,17.0,10.0,15.0,253.0,0.0
WX-CYZU,2030-05-04T23:00:00Z,22.6,22.0,8.0,11.0,239.0,0.0
WX-CZHP,2030-05-04T23:00:00Z,20.3,22.0,12.0,16.0,230.0,0.0
WX-CEE5,2030-05-05T00:00:00Z,17.6,27.0,10.0,13.0,220.0,0.0
WX-CEH5,2030-05-05T00:00:00Z,20.2,20.0,10.0,13.0,215.0,0.0
WX-CEM5,2030-05-05T00:00:00Z,21.6,16.0,9.0,13.0,246.0,0.0
WX-CET2,2030-05-05T00:00:00Z,14.4,29.0,6.0,10.0,234.0,0.0
WX-CFN5,2030-05-05T00:00:00Z,16.4,29.0,11.0,14.0,246.0,0.0
WX-CFX4,2030-05-05T00:00:00Z,18.1,24.0,7.0,11.0,238.0,0.0
WX-CYEG,2030-05-05T00:00:00Z,16.2,23.0,8.0,10.0,235.0,0.0
WX-CYLB,2030-05-05T00:00:00Z,17.8,22.0,10.0,14.0,234.0,0.0
WX-CYMM,2030-05-05T00:00:00Z,17.7,26.0,7.0,9.0,235.0,0.0
WX-CYOD,2030-05-05T00:00:00Z,19.6,19.0,8.0,11.0,235.0,0.0
WX-CYOJ,2030-05-05T00:00:00Z,18.8,23.0,10.0,16.0,242.0,0.0
WX-CYPE,2030-05-05T00:00:00Z,18.8,27.0,8.0,11.0,228.0,0.0
WX-CYPY,2030-05-05T00:00:00Z,17.1,21.0,10.0,14.0,233.0,0.0
WX-CYQU,2030-05-05T00:00:00Z,18.3,24.0,11.0,16.0,240.0,0.0
WX-CYWM,2030-05-05T00:00:00Z,17.9,27.0,6.0,8.0,224.0,0.0
WX-CYZH,2030-05-05T00:00:00Z,19.3,22.0,7.0,10.0,253.0,0.0
WX-CYZU,2030-05-05T00:00:00Z,22.6,25.0,7.0,9.0,248.0,0.0
WX-CZHP,2030-05-05T00:00:00Z,18.2,24.0,8.0,11.0,222.0,0.0
WX-CEE5,2030-05-05T01:00:00Z,15.8,25.0,8.0,11.0,234.0,0.0
WX-CEH5,2030-05-05T01:00:00Z,18.7,17.0,8.0,12.0,214.0,0.0
WX-CEM5,2030-05-05T01:00:00Z,20.2,20.0,8.0,12.0,239.0,0.0
WX-CET2,2030-05-05T01:00:00Z,13.8,34.0,7.0,11.0,236.0,0.0
WX-CFN5,2030-05-05T01:00:00Z,15.0,30.0,10.0,14.0,238.0,0.0
WX-CFX4,2030-05-05T01:00:00Z,16.6,27.0,5.0,7.0,226.0,0.0
WX-CYEG,2030-05-05T01:00:00Z,14.8,26.0,8.0,11.0,227.0,0.0
WX-CYLB,2030-05-05T01:00:00Z,16.8,23.0,7.0,11.0,227.0,0.0
WX-CYMM,2030-05-05T01:00:00Z,16.7,29.0,6.0,9.0,228.0,0.0
WX-CYOD,2030-05-05T01:00:00Z,18.1,19.0,5.0,8.0,234.0,0.0
WX-CYOJ,2030-05-05T01:00:00Z,16.6,22.0,8.0,10.0,243.0,0.0
WX-CYPE,2030-05-05T01:00:00Z,16.7,26.0,8.0,11.0,204.0,0.0
WX-CYPY,2030-05-05T01:00:00Z,15.6,32.0,8.0,13.0,262.0,0.0
WX-CYQU,2030-05-05T01:00:00Z,17.4,28.0,7.0,9.0,231.0,0.0
WX-CYWM,2030-05-05T01:00:00Z,17.9,27.0,3.0,5.0,215.0,0.0
WX-CYZH,2030-05-05T01:00:00Z,18.4,27.0,7.0,10.0,248.0,0.0
WX-CYZU,2030-05-05T01:00:00Z,20.1,17.0,8.0,12.0,235.0,0.0
WX-CZHP,2030-05-05T01:00:00Z,18.0,29.0,7.0,11.0,224.0,0.0
WX-CEE5,2030-05-05T02:00:00Z,13.6,30.0,5.0,7.0,229.0,0.0
WX-CEH5,2030-05-05T02:00:00Z,16.8,24.0,7.0,10.0,220.0,0.0
WX-CEM5,2030-05-05T02:00:00Z,18.3,24.0,6.0,8.0,238.0,0.0
WX-CET2,2030-05-05T02:00:00Z,10.7,42.0,7.0,9.0,243.0,0.0
WX-CFN5,2030-05-05T02:00:00Z,12.8,38.0,6.0,9.0,249.0,0.0
WX-CFX4,2030-05-05T02:00:00Z,14.0,29.0,7.0,10.0,238.0,0.0
WX-CYEG,2030-05-05T02:00:00Z,13.0,34.0,6.0,9.0,221.0,0.0
WX-CYLB,2030-05-05T02:00:00Z,13.7,23.0,6.0,9.0,223.0,0.0
WX-CYMM,2030-05-05T02:00:00Z,15.1,33.0,5.0,7.0,222.0,0.0
WX-CYOD,2030-05-05T02:00:00Z,15.0,23.0,6.0,9.0,219.0,0.0
WX-CYOJ,2030-05-05T02:00:00Z,14.7,29.0,6.0,8.0,244.0,0.0
WX-CYPE,2030-05-05T02:00:00Z,15.2,29.0,4.0,5.0,228.0,0.0
WX-CYPY,2030-05-05T02:00:00Z,13.9,28.0,6.0,9.0,258.0,0.0
WX-CYQU,2030-05-05T02:00:00Z,14.9,26.0,8.0,13.0,244.0,0.0
WX-CYWM,2030-05-05T02:00:00Z,14.2,38.0,6.0,8.0,229.0,0.0
WX-CYZH,2030-05-05T02:00:00Z,16.2,28.0,4.0,5.0,242.0,0.0
WX-CYZU,2030-05-05T02:00:00Z,17.8,22.0,5.0,7.0,236.0,0.0
WX-CZHP,2030-05-05T02:00:00Z,15.3,31.0,6.0,8.0,225.0,0.0
WX-CEE5,2030-05-05T03:00:00Z,11.6,39.0,3.0,4.0,221.0,0.0
WX-CEH5,2030-05-05T03:00:00Z,14.2,27.0,4.0,6.0,225.0,0.0
WX-CEM5,2030-05-05T03:00:00Z,15.6,25.0,2.0,3.0,229.0,0.0
WX-CET2,2030-05-05T03:00:00Z,8.2,43.0,4.0,6.0,236.0,0.0
WX-CFN5,2030-05-05T03:00:00Z,10.6,45.0,6.0,9.0,239.0,0.0
WX-CFX4,2030-05-05T03:00:00Z,11.6,35.0,4.0,5.0,225.0,0.0
WX-CYEG,2030-05-05T03:00:00Z,10.4,39.0,4.0,5.0,237.0,0.0
WX-CYLB,2030-05-05T03:00:00Z,13.0,32.0,3.0,4.0,230.0,0.0
WX-CYMM,2030-05-05T03:00:00Z,13.5,35.0,3.0,5.0,230.0,0.0
WX-CYOD,2030-05-05T03:00:00Z,13.3,31.0,3.0,4.0,235.0,0.0
WX-CYOJ,2030-05-05T03:00:00Z,12.8,34.0,6.0,9.0,260.0,0.0
WX-CYPE,2030-05-05T03:00:00Z,12.4,35.0,4.0,5.0,222.0,0.0
WX-CYPY,2030-05-05T03:00:00Z,11.4,35.0,4.0,6.0,237.0,0.0
WX-CYQU,2030-05-05T03:00:00Z,12.6,35.0,5.0,8.0,239.0,0.0
WX-CYWM,2030-05-05T03:00:00Z,12.4,40.0,2.0,3.0,222.0,0.0
WX-CYZH,2030-05-05T03:00:00Z,14.2,30.0,4.0,5.0,255.0,0.0
WX-CYZU,2030-05-05T03:00:00Z,16.2,28.0,4.0,5.0,237.0,0.0
WX-CZHP,2030-05-05T03:00:00Z,13.4,38.0,3.0,4.0,228.0,0.0
WX-CEE5,2030-05-05T04:00:00Z,9.0,44.0,3.0,5.0,242.0,0.0
WX-CEH5,2030-05-05T04:00:00Z,11.8,35.0,1.0,1.0,228.0,0.0
WX-CEM5,2030-05-05T04:00:00Z,13.8,32.0,4.0,6.0,237.0,0.0
WX-CET2,2030-05-05T04:00:00Z,7.3,54.0,5.0,7.0,244.0,0.0
WX-CFN5,2030-05-05T04:00:00Z,7.6,55.0,3.0,4.0,267.0,0.0
WX-CFX4,2030-05-05T04:00:00Z,10.2,41.0,5.0,8.0,235.0,0.0
WX-CYEG,2030-05-05T04:00:00Z,8.6,48.0,3.0,4.0,240.0,0.0
WX-CYLB,2030-05-05T04:00:00Z,9.3,35.0,4.0,6.0,234.0,0.0
WX-CYMM,2030-05-05T04:00:00Z,10.0,44.0,2.0,3.0,209.0,0.0
WX-CYOD,2030-05-05T04:00:00Z,11.1,35.0,5.0,7.0,222.0,0.0
WX-CYOJ,2030-05-05T04:00:00Z,9.9,41.0,5.0,7.0,259.0,0.0
WX-CYPE,2030-05-05T04:00:00Z,10.4,40.0,3.0,4.0,220.0,0.0
WX-CYPY,2030-05-05T04:00:00Z,9.4,44.0,5.0,7.0,252.0,0.0
WX-CYQU,2030-05-05T04:00:00Z,10.9,44.0,5.0,8.0,243.0,0.0
WX-CYWM,2030-05-05T04:00:00Z,9.9,49.0,5.0,7.0,219.0,0.0
WX-CYZH,2030-05-05T04:00:00Z,11.9,36.0,2.0,3.0,251.0,0.0
WX-CYZU,2030-05-05T04:00:00Z,14.2,36.0,3.0,5.0,228.0,0.0
WX-CZHP,2030-05-05T04:00:00Z,10.7,43.0,3.0,5.0,245.0,0.0
WX-CEE5,2030-05-05T05:00:00Z,6.8,50.0,3.0,4.0,233.0,0.0
WX-CEH5,2030-05-05T05:00:00Z,10.0,39.0,3.0,4.0,222.0,0.0
WX-CEM5,2030-05-05T05:00:00Z,11.3,38.0,4.0,6.0,239.0,0.0
WX-CET2,2030-05-05T05:00:00Z,4.3,59.0,5.0,7.0,235.0,0.0
WX-CFN5,2030-05-05T05:00:00Z,5.6,63.0,5.0,7.0,250.0,0.0
WX-CFX4,2030-05-05T05:00:00Z,,,,,,0.0
WX-CYEG,2030-05-05T05:00:00Z,6.4,58.0,4.0,5.0,226.0,0.0
WX-CYLB,2030-05-05T05:00:00Z,7.7,46.0,6.0,9.0,245.0,0.0
WX-CYMM,2030-05-05T05:00:00Z,8.3,50.0,3.0,4.0,225.0,0.0
WX-CYOD,2030-05-05T05:00:00Z,8.4,36.0,4.0,5.0,202.0,0.0
WX-CYOJ,2030-05-05T05:00:00Z,7.4,51.0,5.0,8.0,240.0,0.0
WX-CYPE,2030-05-05T05:00:00Z,7.0,49.0,3.0,4.0,222.0,0.0
WX-CYPY,2030-05-05T05:00:00Z,7.0,43.0,4.0,6.0,233.0,0.0
WX-CYQU,2030-05-05T05:00:00Z,9.0,46.0,5.0,7.0,244.0,0.0
WX-CYWM,2030-05-05T05:00:00Z,8.2,59.0,4.0,6.0,232.0,0.0
WX-CYZH,2030-05-05T05:00:00Z,9.5,44.0,3.0,4.0,250.0,0.0
WX-CYZU,2030-05-05T05:00:00Z,11.4,37.0,2.0,3.0,257.0,0.0
WX-CZHP,2030-05-05T05:00:00Z,8.5,47.0,5.0,6.0,230.0,0.0
WX-CEE5,2030-05-05T06:00:00Z,5.6,58.0,4.0,6.0,221.0,0.0
WX-CEH5,2030-05-05T06:00:00Z,9.0,42.0,6.0,8.0,229.0,0.0
WX-CEM5,2030-05-05T06:00:00Z,9.7,43.0,5.0,7.0,241.0,0.0
WX-CET2,2030-05-05T06:00:00Z,3.5,65.0,5.0,7.0,223.0,0.0
WX-CFN5,2030-05-05T06:00:00Z,5.6,74.0,4.0,5.0,248.0,0.0
WX-CFX4,2030-05-05T06:00:00Z,7.6,51.0,4.0,6.0,244.0,0.0
WX-CYEG,2030-05-05T06:00:00Z,5.7,59.0,7.0,10.0,234.0,0.0
WX-CYLB,2030-05-05T06:00:00Z,7.2,54.0,6.0,9.0,212.0,0.0
WX-CYMM,2030-05-05T06:00:00Z,7.0,58.0,3.0,4.0,220.0,0.0
WX-CYOD,2030-05-05T06:00:00Z,8.3,46.0,5.0,7.0,219.0,0.0
WX-CYOJ,2030-05-05T06:00:00Z,7.4,53.0,5.0,8.0,236.0,0.0
WX-CYPE,2030-05-05T06:00:00Z,6.9,50.0,4.0,6.0,203.0,0.0
WX-CYPY,2030-05-05T06:00:00Z,6.2,59.0,6.0,9.0,246.0,0.0
WX-CYQU,2030-05-05T06:00:00Z,7.2,55.0,5.0,7.0,228.0,0.0
WX-CYWM,2030-05-05T06:00:00Z,7.4,64.0,5.0,8.0,231.0,0.0
WX-CYZH,2030-05-05T06:00:00Z,8.1,45.0,5.0,7.0,253.0,0.0
WX-CYZU,2030-05-05T06:00:00Z,11.3,42.0,5.0,8.0,227.0,0.0
WX-CZHP,2030-05-05T06:00:00Z,7.4,56.0,5.0,7.0,240.0,0.0
WX-CEE5,2030-05-05T07:00:00Z,4.7,65.0,7.0,9.0,221.0,0.0
WX-CEH5,2030-05-05T07:00:00Z,6.8,48.0,5.0,7.0,236.0,0.0
WX-CEM5,2030-05-05T07:00:00Z,8.6,51.0,3.0,4.0,236.0,0.0
WX-CET2,2030-05-05T07:00:00Z,2.0,76.0,6.0,9.0,232.0,0.0
WX-CFN5,2030-05-05T07:00:00Z,3.3,82.0,6.0,9.0,248.0,0.0
WX-CFX4,2030-05-05T07:00:00Z,4.6,64.0,4.0,5.0,237.0,0.0
WX-CYEG,2030-05-05T07:00:00Z,3.6,73.0,7.0,11.0,232.0,0.0
WX-CYLB,2030-05-05T07:00:00Z,4.9,60.0,5.0,6.0,222.0,0.0
WX-CYMM,2030-05-05T07:00:00Z,5.8,68.0,7.0,9.0,230.0,0.0
WX-CYOD,2030-05-05T07:00:00Z,6.7,51.0,4.0,5.0,227.0,0.0
WX-CYOJ,2030-05-05T07:00:00Z,5.0,61.0,5.0,7.0,242.0,0.0
WX-CYPE,2030-05-05T07:00:00Z,5.2,59.0,4.0,6.0,211.0,0.0
WX-CYPY,2030-05-05T07:00:00Z,4.4,61.0,6.0,9.0,256.0,0.0
WX-CYQU,2030-05-05T07:00:00Z,5.9,64.0,5.0,7.0,219.0,0.0
WX-CYWM,2030-05-05T07:00:00Z,4.7,71.0,5.0,7.0,219.0,0.0
WX-CYZH,2030-05-05T07:00:00Z,,,,,,0.0
WX-CYZU,2030-05-05T07:00:00Z,8.9,43.0,4.0,6.0,250.0,0.0
WX-CZHP,2030-05-05T07:00:00Z,6.6,64.0,3.0,4.0,222.0,0.0
WX-CEE5,2030-05-05T08:00:00Z,3.5,73.0,4.0,6.0,212.0,0.0
WX-CEH5,2030-05-05T08:00:00Z,7.0,54.0,6.0,8.0,226.0,0.0
WX-CEM5,2030-05-05T08:00:00Z,7.2,55.0,5.0,8.0,246.0,0.0
WX-CET2,2030-05-05T08:00:00Z,0.7,84.0,6.0,8.0,232.0,0.0
WX-CFN5,2030-05-05T08:00:00Z,2.5,89.0,5.0,7.0,244.0,0.0
WX-CFX4,2030-05-05T08:00:00Z,3.9,77.0,4.0,6.0,226.0,0.0
WX-CYEG,2030-05-05T08:00:00Z,2.4,73.0,5.0,8.0,221.0,0.0
WX-CYLB,2030-05-05T08:00:00Z,3.7,63.0,6.0,9.0,234.0,0.0
WX-CYMM,2030-05-05T08:00:00Z,5.1,71.0,4.0,5.0,216.0,0.0
WX-CYOD,2030-05-05T08:00:00Z,,,,,,0.0
WX-CYOJ,2030-05-05T08:00:00Z,4.0,70.0,6.0,8.0,230.0,0.0
WX-CYPE,2030-05-05T08:00:00Z,4.5,66.0,3.0,5.0,222.0,0.0
WX-CYPY,2030-05-05T08:00:00Z,2.8,67.0,4.0,5.0,249.0,0.0
WX-CYQU,2030-05-05T08:00:00Z,4.2,70.0,5.0,8.0,243.0,0.0
WX-CYWM,2030-05-05T08:00:00Z,4.1,77.0,4.0,6.0,233.0,0.0
WX-CYZH,2030-05-05T08:00:00Z,5.5,62.0,5.0,7.0,254.0,0.0
WX-CYZU,2030-05-05T08:00:00Z,8.1,51.0,4.0,5.0,233.0,0.0
WX-CZHP,2030-05-05T08:00:00Z,4.2,69.0,6.0,8.0,219.0,0.0
WX-CEE5,2030-05-05T09:00:00Z,2.0,80.0,4.0,6.0,216.0,0.0
WX-CEH5,2030-05-05T09:00:00Z,5.3,56.0,5.0,7.0,215.0,0.0
WX-CEM5,2030-05-05T09:00:00Z,6.4,56.0,5.0,7.0,237.0,0.0
WX-CET2,2030-05-05T09:00:00Z,0.4,87.0,5.0,6.0,235.0,0.0
WX-CFN5,2030-05-05T09:00:00Z,0.8,90.0,5.0,8.0,235.0,0.0
WX-CFX4,2030-05-05T09:00:00Z,3.3,72.0,4.0,5.0,225.0,0.0
WX-CYEG,2030-05-05T09:00:00Z,1.1,80.0,6.0,8.0,241.0,0.0
WX-CYLB,2030-05-05T09:00:00Z,3.2,63.0,5.0,7.0,208.0,0.0
WX-CYMM,2030-05-05T09:00:00Z,4.1,76.0,6.0,9.0,214.0,0.0
WX-CYOD,2030-05-05T09:00:00Z,4.1,61.0,4.0,6.0,231.0,0.0
WX-CYOJ,2030-05-05T09:00:00Z,3.1,73.0,5.0,7.0,242.0,0.0
WX-CYPE,2030-05-05T09:00:00Z,3.8,66.0,4.0,6.0,217.0,0.0
WX-CYPY,2030-05-05T09:00:00Z,3.4,73.0,6.0,9.0,253.0,0.0
WX-CYQU,2030-05-05T09:00:00Z,3.7,66.0,7.0,11.0,227.0,0.0
WX-CYWM,2030-05-05T09:00:00Z,3.6,78.0,3.0,5.0,226.0,0.0
WX-CYZH,2030-05-05T09:00:00Z,4.7,66.0,5.0,7.0,245.0,0.0
WX-CYZU,2030-05-05T09:00:00Z,6.6,53.0,4.0,5.0,241.0,0.0
WX-CZHP,2030-05-05T09:00:00Z,4.1,74.0,7.0,10.0,220.0,0.0
WX-CEE5,2030-05-05T10:00:00Z,1.7,76.0,5.0,7.0,243.0,0.0
WX-CEH5,2030-05-05T10:00:00Z,5.2,54.0,5.0,8.0,212.0,0.0
WX-CEM5,2030-05-05T10:00:00Z,7.2,58.0,5.0,7.0,238.0,0.0
WX-CET2,2030-05-05T10:00:00Z,0.5,88.0,4.0,6.0,239.0,0.0
WX-CFN5,2030-05-05T10:00:00Z,1.4,96.0,5.0,7.0,258.0,0.0
WX-CFX4,2030-05-05T10:00:00Z,3.4,71.0,4.0,6.0,243.0,0.0
WX-CYEG,2030-05-05T10:00:00Z,2.1,81.0,4.0,6.0,224.0,0.0
WX-CYLB,2030-05-05T10:00:00Z,2.5,69.0,6.0,9.0,227.0,0.0
WX-CYMM,2030-05-05T10:00:00Z,2.8,76.0,2.0,3.0,229.0,0.0
WX-CYOD,2030-05-05T10:00:00Z,4.3,60.0,4.0,5.0,229.0,0.0
WX-CYOJ,2030-05-05T10:00:00Z,2.9,71.0,5.0,7.0,234.0,0.0
WX-CYPE,2030-05-05T10:00:00Z,3.2,71.0,2.0,3.0,215.0,0.0
WX-CYPY,2030-05-05T10:00:00Z,2.6,71.0,5.0,8.0,226.0,0.0
WX-CYQU,2030-05-05T10:00:00Z,3.1,71.0,5.0,7.0,243.0,0.0
WX-CYWM,2030-05-05T10:00:00Z,3.0,86.0,2.0,3.0,226.0,0.0
WX-CYZH,2030-05-05T10:00:00Z,4.8,66.0,4.0,6.0,247.0,0.0
WX-CYZU,2030-05-05T10:00:00Z,7.1,56.0,6.0,8.0,253.0,0.0
WX-CZHP,2030-05-05T10:00:00Z,4.2,76.0,4.0,6.0,219.0,0.0
WX-CEE5,2030-05-05T11:00:00Z,2.5,71.0,4.0,5.0,228.0,0.0
WX-CEH5,2030-05-05T11:00:00Z,6.2,56.0,4.0,6.0,219.0,0.0
WX-CEM5,2030-05-05T11:00:00Z,8.0,55.0,4.0,6.0,236.0,0.0
WX-CET2,2030-05-05T11:00:00Z,-0.2,81.0,5.0,8.0,230.0,0.0
WX-CFN5,2030-05-05T11:00:00Z,2.3,91.0,8.0,11.0,257.0,0.0
WX-CFX4,2030-05-05T11:00:00Z,4.2,70.0,3.0,4.0,235.0,0.0
WX-CYEG,2030-05-05T11:00:00Z,2.5,78.0,7.0,10.0,225.0,0.0
WX-CYLB,2030-05-05T11:00:00Z,4.1,65.0,7.0,10.0,237.0,0.0
WX-CYMM,2030-05-05T11:00:00Z,3.6,74.0,6.0,9.0,228.0,0.0
WX-CYOD,2030-05-05T11:00:00Z,4.2,57.0,7.0,10.0,220.0,0.0
WX-CYOJ,2030-05-05T11:00:00Z,4.2,69.0,6.0,9.0,248.0,0.0
WX-CYPE,2030-05-05T11:00:00Z,4.0,66.0,2.0,3.0,207.0,0.0
WX-CYPY,2030-05-05T11:00:00Z,2.5,66.0,6.0,9.0,225.0,0.0
WX-CYQU,2030-05-05T11:00:00Z,5.1,71.0,5.0,8.0,229.0,0.0
WX-CYWM,2030-05-05T11:00:00Z,3.7,78.0,2.0,3.0,218.0,0.0
WX-CYZH,2030-05-05T11:00:00Z,5.8,56.0,4.0,5.0,235.0,0.0
WX-CYZU,2030-05-05T11:00:00Z,7.2,55.0,5.0,7.0,248.0,0.0
WX-CZHP,2030-05-05T11:00:00Z,4.7,72.0,4.0,6.0,217.0,0.0
WX-CEE5,2030-05-05T12:00:00Z,4.5,67.0,6.0,8.0,226.0,0.0
WX-CEH5,2030-05-05T12:00:00Z,7.4,46.0,4.0,5.0,212.0,0.0
WX-CEM5,2030-05-05T12:00:00Z,9.3,49.0,4.0,6.0,238.0,0.0
WX-CET2,2030-05-05T12:00:00Z,1.8,73.0,7.0,11.0,232.0,0.0
WX-CFN5,2030-05-05T12:00:00Z,3.4,83.0,7.0,11.0,235.0,0.0
WX-CFX4,2030-05-05T12:00:00Z,5.2,63.0,5.0,7.0,245.0,0.0
WX-CYEG,2030-05-05T12:00:00Z,3.3,70.0,4.0,6.0,232.0,0.0
WX-CYLB,2030-05-05T12:00:00Z,4.8,55.0,4.0,6.0,228.0,0.0
WX-CYMM,2030-05-05T12:00:00Z,4.8,66.0,4.0,6.0,216.0,0.0
WX-CYOD,2030-05-05T12:00:00Z,6.1,50.0,4.0,6.0,201.0,0.0
WX-CYOJ,2030-05-05T12:00:00Z,,,,,,0.0
WX-CYPE,2030-05-05T12:00:00Z,5.0,60.0,3.0,4.0,212.0,0.0
WX-CYPY,2030-05-05T12:00:00Z,4.6,61.0,4.0,6.0,227.0,0.0
WX-CYQU,2030-05-05T12:00:00Z,6.2,58.0,6.0,9.0,239.0,0.0
WX-CYWM,2030-05-05T12:00:00Z,6.2,73.0,3.0,4.0,225.0,0.0
WX-CYZH,2030-05-05T12:00:00Z,7.0,54.0,4.0,6.0,243.0,0.0
WX-CYZU,2030-05-05T12:00:00Z,8.1,47.0,4.0,6.0,247.0,0.0
WX-CZHP,2030-05-05T12:00:00Z,6.3,62.0,4.0,6.0,231.0,0.0
WX-CEE5,2030-05-05T13:00:00Z,6.5,56.0,6.0,9.0,223.0,0.0
WX-CEH5,2030-05-05T13:00:00Z,8.8,45.0,5.0,8.0,222.0,0.0
WX-CEM5,2030-05-05T13:00:00Z,10.1,41.0,6.0,8.0,240.0,0.0
WX-CET2,2030-05-05T13:00:00Z,4.0,70.0,6.0,9.0,229.0,0.0
WX-CFN5,2030-05-05T13:00:00Z,5.5,77.0,8.0,11.0,251.0,0.0
WX-CFX4,2030-05-05T13:00:00Z,7.1,61.0,4.0,5.0,228.0,0.0
WX-CYEG,2030-05-05T13:00:00Z,5.8,63.0,5.0,7.0,236.0,0.0
WX-CYLB,2030-05-05T13:00:00Z,7.3,51.0,5.0,7.0,223.0,0.0
WX-CYMM,2030-05-05T13:00:00Z,7.1,58.0,4.0,6.0,226.0,0.0
WX-CYOD,2030-05-05T13:00:00Z,8.3,47.0,5.0,8.0,219.0,0.0
WX-CYOJ,2030-05-05T13:00:00Z,7.0,58.0,6.0,8.0,248.0,0.0
WX-CYPE,2030-05-05T13:00:00Z,7.7,52.0,5.0,6.0,212.0,0.0
WX-CYPY,2030-05-05T13:00:00Z,6.1,53.0,5.0,8.0,244.0,0.0
WX-CYQU,2030-05-05T13:00:00Z,8.0,60.0,6.0,9.0,246.0,0.0
WX-CYWM,2030-05-05T13:00:00Z,7.3,62.0,4.0,6.0,224.0,0.0
WX-CYZH,2030-05-05T13:00:00Z,9.1,50.0,4.0,6.0,258.0,0.0
WX-CYZU,2030-05-05T13:00:00Z,10.7,41.0,6.0,9.0,236.0,0.0
WX-CZHP,2030-05-05T13:00:00Z,7.2,54.0,3.0,4.0,208.0,0.0
WX-CEE5,2030-05-05T14:00:00Z,9.5,49.0,5.0,8.0,228.0,0.0
WX-CEH5,2030-05-05T14:00:00Z,11.5,32.0,7.0,10.0,207.0,0.0
WX-CEM5,2030-05-05T14:00:00Z,,,,,,0.0
WX-CET2,2030-05-05T14:00:00Z,6.4,54.0,6.0,8.0,227.0,0.0
WX-CFN5,2030-05-05T14:00:00Z,7.1,61.0,7.0,10.0,244.0,0.0
WX-CFX4,2030-05-05T14:00:00Z,9.1,48.0,6.0,10.0,242.0,0.0
WX-CYEG,2030-05-05T14:00:00Z,7.4,53.0,6.0,9.0,220.0,0.0
WX-CYLB,2030-05-05T14:00:00Z,8.6,43.0,9.0,14.0,220.0,0.0
WX-CYMM,2030-05-05T14:00:00Z,9.0,49.0,4.0,6.0,223.0,0.0
WX-CYOD,2030-05-05T14:00:00Z,10.1,37.0,6.0,9.0,221.0,0.0
WX-CYOJ,2030-05-05T14:00:00Z,9.8,46.0,8.0,12.0,252.0,0.0
WX-CYPE,2030-05-05T14:00:00Z,9.4,50.0,5.0,7.0,212.0,0.0
WX-CYPY,2030-05-05T14:00:00Z,9.0,49.0,5.0,7.0,237.0,0.0
WX-CYQU,2030-05-05T14:00:00Z,9.7,50.0,8.0,12.0,235.0,0.0
WX-CYWM,2030-05-05T14:00:00Z,9.0,52.0,4.0,6.0,207.0,0.0
WX-CYZH,2030-05-05T14:00:00Z,11.0,40.0,6.0,9.0,246.0,0.0
WX-CYZU,2030-05-05T14:00:00Z,13.2,32.0,6.0,10.0,240.0,0.0
WX-CZHP,2030-05-05T14:00:00Z,9.6,51.0,6.0,9.0,229.0,0.0
WX-CEE5,2030-05-05T15:00:00Z,10.4,37.0,7.0,9.0,228.0,0.0
WX-CEH5,2030-05-05T15:00:00Z,15.0,33.0,7.0,11.0,226.0,0.0
WX-CEM5,2030-05-05T15:00:00Z,14.9,32.0,8.0,11.0,243.0,0.0
WX-CET2,2030-05-05T15:00:00Z,8.3,51.0,9.0,12.0,243.0,0.0
WX-CFN5,2030-05-05T15:00:00Z,9.7,52.0,10.0,14.0,246.0,0.0
WX-CFX4,2030-05-05T15:00:00Z,12.0,37.0,6.0,8.0,224.0,0.0
WX-CYEG,2030-05-05T15:00:00Z,9.9,47.0,9.0,14.0,220.0,0.0
WX-CYLB,2030-05-05T15:00:00Z,11.7,37.0,8.0,10.0,233.0,0.0
WX-CYMM,2030-05-05T15:00:00Z,12.9,42.0,6.0,9.0,218.0,0.0
WX-CYOD,2030-05-05T15:00:00Z,12.8,30.0,8.0,12.0,216.0,0.0
WX-CYOJ,2030-05-05T15:00:00Z,12.5,38.0,11.0,17.0,236.0,0.0
WX-CYPE,2030-05-05T15:00:00Z,12.1,38.0,8.0,11.0,211.0,0.0
WX-CYPY,2030-05-05T15:00:00Z,11.0,37.0,9.0,11.0,246.0,0.0
WX-CYQU,2030-05-05T15:00:00Z,12.3,42.0,9.0,12.0,238.0,0.0
WX-CYWM,2030-05-05T15:00:00Z,11.6,46.0,8.0,12.0,218.0,0.0
WX-CYZH,2030-05-05T15:00:00Z,13.7,35.0,8.0,12.0,254.0,0.0
WX-CYZU,2030-05-05T15:00:00Z,15.1,30.0,7.0,10.0,231.0,0.0
WX-CZHP,2030-05-05T15:00:00Z,12.7,45.0,9.0,14.0,214.0,0.0
WX-CEE5,2030-05-05T16:00:00Z,13.5,32.0,10.0,13.0,227.0,0.0
WX-CEH5,2030-05-05T16:00:00Z,16.0,30.0,9.0,12.0,205.0,0.0
WX-CEM5,2030-05-05T16:00:00Z,17.2,25.0,10.0,13.0,232.0,0.0
WX-CET2,2030-05-05T16:00:00Z,11.1,44.0,13.0,19.0,234.0,0.0
WX-CFN5,2030-05-05T16:00:00Z,12.7,43.0,11.0,17.0,253.0,0.0
WX-CFX4,2030-05-05T16:00:00Z,14.4,30.0,7.0,10.0,239.0,0.0
WX-CYEG,2030-05-05T16:00:00Z,13.3,38.0,14.0,18.0,216.0,0.0
WX-CYLB,2030-05-05T16:00:00Z,14.4,27.0,14.0,20.0,212.0,0.0
WX-CYMM,2030-05-05T16:00:00Z,14.8,39.0,6.0,9.0,216.0,0.0
WX-CYOD,2030-05-05T16:00:00Z,15.6,28.0,11.0,16.0,218.0,0.0
WX-CYOJ,2030-05-05T16:00:00Z,14.2,38.0,11.0,16.0,254.0,0.0
WX-CYPE,2030-05-05T16:00:00Z,14.3,29.0,9.0,12.0,201.0,0.0
WX-CYPY,2030-05-05T16:00:00Z,,,,,,0.0
WX-CYQU,2030-05-05T16:00:00Z,14.7,32.0,12.0,18.0,227.0,0.0
WX-CYWM,2030-05-05T16:00:00Z,15.2,40.0,12.0,18.0,223.0,0.0
WX-CYZH,2030-05-05T16:00:00Z,16.9,34.0,10.0,13.0,257.0,0.0
WX-CYZU,2030-05-05T16:00:00Z,17.6,27.0,9.0,13.0,228.0,0.0
WX-CZHP,2030-05-05T16:00:00Z,15.3,36.0,12.0,16.0,235.0,0.0
WX-CEE5,2030-05-05T17:00:00Z,15.9,27.0,9.0,14.0,221.0,0.0
WX-CEH5,2030-05-05T17:00:00Z,18.6,24.0,11.0,15.0,217.0,0.0
WX-CEM5,2030-05-05T17:00:00Z,20.0,19.0,10.0,16.0,242.0,0.0
WX-CET2,2030-05-05T17:00:00Z,,,,,,0.0
WX-CFN5,2030-05-05T17:00:00Z,14.9,35.0,16.0,24.0,244.0,0.0
WX-CFX4,2030-05-05T17:00:00Z,16.7,33.0,7.0,10.0,230.0,0.0
WX-CYEG,2030-05-05T17:00:00Z,15.7,35.0,13.0,18.0,234.0,0.0
WX-CYLB,2030-05-05T17:00:00Z,16.1,25.0,17.0,25.0,229.0,0.0
WX-CYMM,2030-05-05T17:00:00Z,18.2,34.0,11.0,17.0,220.0,0.0
WX-CYOD,2030-05-05T17:00:00Z,18.3,25.0,11.0,14.0,209.0,0.0
WX-CYOJ,2030-05-05T17:00:00Z,16.8,29.0,11.0,15.0,239.0,0.0
WX-CYPE,2030-05-05T17:00:00Z,17.6,26.0,9.0,13.0,212.0,0.0
WX-CYPY,2030-05-05T17:00:00Z,16.3,29.0,11.0,15.0,227.0,0.0
WX-CYQU,2030-05-05T17:00:00Z,17.2,26.0,13.0,19.0,225.0,0.0
WX-CYWM,2030-05-05T17:00:00Z,17.2,35.0,10.0,13.0,222.0,0.0
WX-CYZH,2030-05-05T17:00:00Z,18.7,26.0,9.0,12.0,238.0,0.0
WX-CYZU,2030-05-05T17:00:00Z,20.7,20.0,12.0,17.0,237.0,0.0
WX-CZHP,2030-05-05T17:00:00Z,17.1,32.0,12.0,17.0,217.0,0.0
WX-CEE5,2030-05-05T18:00:00Z,18.6,29.0,12.0,17.0,236.0,0.0
WX-CEH5,2030-05-05T18:00:00Z,22.0,20.0,13.0,20.0,209.0,0.0
WX-CEM5,2030-05-05T18:00:00Z,22.6,19.0,13.0,20.0,239.0,0.0
WX-CET2,2030-05-05T18:00:00Z,15.1,30.0,14.0,20.0,234.0,0.0
WX-CFN5,2030-05-05T18:00:00Z,17.7,31.0,15.0,22.0,254.0,0.0
WX-CFX4,2030-05-05T18:00:00Z,19.0,30.0,8.0,11.0,243.0,0.0
WX-CYEG,2030-05-05T18:00:00Z,17.4,24.0,19.0,28.0,213.0,0.0
WX-CYLB,2030-05-05T18:00:00Z,18.9,23.0,16.0,25.0,232.0,0.0
WX-CYMM,2030-05-05T18:00:00Z,19.5,27.0,10.0,13.0,225.0,0.0
WX-CYOD,2030-05-05T18:00:00Z,20.6,19.0,12.0,18.0,212.0,0.0
WX-CYOJ,2030-05-05T18:00:00Z,19.2,26.0,14.0,20.0,252.0,0.0
WX-CYPE,2030-05-05T18:00:00Z,20.0,24.0,11.0,16.0,219.0,0.0
WX-CYPY,2030-05-05T18:00:00Z,18.2,26.0,15.0,23.0,242.0,0.0
WX-CYQU,2030-05-05T18:00:00Z,20.1,24.0,18.0,23.0,231.0,0.0
WX-CYWM,2030-05-05T18:00:00Z,18.8,29.0,12.0,17.0,217.0,0.0
WX-CYZH,2030-05-05T18:00:00Z,20.6,23.0,12.0,15.0,237.0,0.0
WX-CYZU,2030-05-05T18:00:00Z,23.4,17.0,12.0,16.0,251.0,0.0
WX-CZHP,2030-05-05T18:00:00Z,19.6,26.0,15.0,21.0,226.0,0.0
WX-CEE5,2030-05-05T19:00:00Z,19.5,19.0,12.0,19.0,224.0,0.0
WX-CEH5,2030-05-05T19:00:00Z,23.5,18.0,15.0,20.0,218.0,0.0
WX-CEM5,2030-05-05T19:00:00Z,24.1,18.0,12.0,18.0,228.0,0.0
WX-CET2,2030-05-05T19:00:00Z,17.9,25.0,15.0,19.0,236.0,0.0
WX-CFN5,2030-05-05T19:00:00Z,19.1,28.0,19.0,29.0,260.0,0.0
WX-CFX4,2030-05-05T19:00:00Z,21.2,19.0,11.0,17.0,237.0,0.0
WX-CYEG,2030-05-05T19:00:00Z,19.9,27.0,14.0,22.0,217.0,0.0
WX-CYLB,2030-05-05T19:00:00Z,20.2,21.0,16.0,22.0,224.0,0.0
WX-CYMM,2030-05-05T19:00:00Z,21.4,21.0,16.0,24.0,227.0,0.0
WX-CYOD,2030-05-05T19:00:00Z,22.7,15.0,11.0,17.0,229.0,0.0
WX-CYOJ,2030-05-05T19:00:00Z,21.1,18.0,15.0,22.0,238.0,0.0
WX-CYPE,2030-05-05T19:00:00Z,21.0,18.0,12.0,18.0,214.0,0.0
WX-CYPY,2030-05-05T19:00:00Z,20.0,26.0,15.0,23.0,237.0,0.0
WX-CYQU,2030-05-05T19:00:00Z,21.5,21.0,15.0,23.0,239.0,0.0
WX-CYWM,2030-05-05T19:00:00Z,20.7,26.0,11.0,16.0,219.0,0.0
WX-CYZH,2030-05-05T19:00:00Z,22.8,17.0,15.0,24.0,259.0,0.0
WX-CYZU,2030-05-05T19:00:00Z,24.1,17.0,15.0,24.0,233.0,0.0
WX-CZHP,2030-05-05T19:00:00Z,21.6,22.0,14.0,22.0,233.0,0.0
WX-CEE5,2030-05-05T20:00:00Z,21.2,17.0,12.0,16.0,229.0,0.0
WX-CEH5,2030-05-05T20:00:00Z,24.1,11.0,15.0,23.0,220.0,0.0
WX-CEM5,2030-05-05T20:00:00Z,26.5,15.0,16.0,21.0,254.0,0.0
WX-CET2,2030-05-05T20:00:00Z,19.9,22.0,19.0,29.0,238.0,0.0
WX-CFN5,2030-05-05T20:00:00Z,19.7,24.0,18.0,23.0,260.0,0.0
WX-CFX4,2030-05-05T20:00:00Z,22.8,23.0,10.0,13.0,219.0,0.0
WX-CYEG,2030-05-05T20:00:00Z,20.6,21.0,17.0,21.0,223.0,0.0
WX-CYLB,2030-05-05T20:00:00Z,22.5,22.0,14.0,20.0,219.0,0.0
WX-CYMM,2030-05-05T20:00:00Z,22.6,21.0,13.0,19.0,234.0,0.0
WX-CYOD,2030-05-05T20:00:00Z,23.8,13.0,14.0,18.0,221.0,0.0
WX-CYOJ,2030-05-05T20:00:00Z,22.1,18.0,17.0,22.0,234.0,0.0
WX-CYPE,2030-05-05T20:00:00Z,22.2,19.0,12.0,18.0,213.0,0.0
WX-CYPY,2030-05-05T20:00:00Z,21.9,18.0,16.0,24.0,260.0,0.0
WX-CYQU,2030-05-05T20:00:00Z,22.1,22.0,19.0,26.0,238.0,0.0
WX-CYWM,2030-05-05T20:00:00Z,22.6,21.0,14.0,21.0,219.0,0.0
WX-CYZH,2030-05-05T20:00:00Z,23.8,21.0,15.0,20.0,244.0,0.0
WX-CYZU,2030-05-05T20:00:00Z,26.2,13.0,13.0,17.0,227.0,0.0
WX-CZHP,2030-05-05T20:00:00Z,22.8,19.0,16.0,23.0,217.0,0.0
WX-CEE5,2030-05-05T21:00:00Z,22.7,17.0,15.0,20.0,222.0,0.0
WX-CEH5,2030-05-05T21:00:00Z,24.8,16.0,13.0,19.0,226.0,0.0
WX-CEM5,2030-05-05T21:00:00Z,26.3,17.0,15.0,22.0,247.0,0.0
WX-CET2,2030-05-05T21:00:00Z,19.4,24.0,17.0,26.0,228.0,0.0
WX-CFN5,2030-05-05T21:00:00Z,21.2,26.0,17.0,26.0,233.0,0.0
WX-CFX4,2030-05-05T21:00:00Z,23.0,22.0,11.0,17.0,229.0,0.0
WX-CYEG,2030-05-05T21:00:00Z,21.1,25.0,15.0,23.0,210.0,0.0
WX-CYLB,2030-05-05T21:00:00Z,22.4,21.0,16.0,24.0,228.0,0.0
WX-CYMM,2030-05-05T21:00:00Z,23.4,22.0,14.0,21.0,226.0,0.0
WX-CYOD,2030-05-05T21:00:00Z,24.4,15.0,14.0,20.0,238.0,0.0
WX-CYOJ,2030-05-05T21:00:00Z,23.3,18.0,17.0,26.0,235.0,0.0
WX-CYPE,2030-05-05T21:00:00Z,23.5,16.0,13.0,18.0,218.0,0.0
WX-CYPY,2030-05-05T21:00:00Z,22.2,18.0,16.0,20.0,242.0,0.0
WX-CYQU,2030-05-05T21:00:00Z,23.4,19.0,17.0,22.0,234.0,0.0
WX-CYWM,2030-05-05T21:00:00Z,23.9,26.0,11.0,16.0,202.0,0.0
WX-CYZH,2030-05-05T21:00:00Z,24.5,17.0,17.0,22.0,230.0,0.0
WX-CYZU,2030-05-05T21:00:00Z,26.5,10.0,12.0,18.0,245.0,0.0
WX-CZHP,2030-05-05T21:00:00Z,23.8,20.0,15.0,23.0,217.0,0.0
WX-CEE5,2030-05-05T22:00:00Z,21.9,20.0,12.0,18.0,230.0,0.0
WX-CEH5,2030-05-05T22:00:00Z,24.9,15.0,13.0,17.0,225.0,0.0
WX-CEM5,2030-05-05T22:00:00Z,26.2,15.0,13.0,18.0,240.0,0.0
WX-CET2,2030-05-05T22:00:00Z,19.4,25.0,13.0,17.0,220.0,0.0
WX-CFN5,2030-05-05T22:00:00Z,20.9,25.0,14.0,22.0,250.0,0.0
WX-CFX4,2030-05-05T22:00:00Z,23.3,15.0,10.0,16.0,224.0,0.0
WX-CYEG,2030-05-05T22:00:00Z,21.1,23.0,15.0,20.0,216.0,0.0
WX-CYLB,2030-05-05T22:00:00Z,22.6,17.0,14.0,18.0,233.0,0.0
WX-CYMM,2030-05-05T22:00:00Z,23.5,15.0,14.0,21.0,218.0,0.0
WX-CYOD,2030-05-05T22:00:00Z,24.0,16.0,13.0,20.0,227.0,0.0
WX-CYOJ,2030-05-05T22:00:00Z,22.9,17.0,15.0,23.0,231.0,0.0
WX-CYPE,2030-05-05T22:00:00Z,23.2,15.0,12.0,15.0,210.0,0.0
WX-CYPY,2030-05-05T22:00:00Z,21.9,15.0,15.0,21.0,221.0,0.0
WX-CYQU,2030-05-05T22:00:00Z,23.9,19.0,17.0,22.0,229.0,0.0
WX-CYWM,2030-05-05T22:00:00Z,22.8,22.0,12.0,17.0,211.0,0.0
WX-CYZH,2030-05-05T22:00:00Z,24.5,18.0,11.0,16.0,246.0,0.0
WX-CYZU,2030-05-05T22:00:00Z,26.4,18.0,14.0,18.0,240.0,0.0
WX-CZHP,2030-05-05T22:00:00Z,23.2,16.0,16.0,23.0,222.0,0.0
WX-CEE5,2030-05-05T23:00:00Z,20.9,24.0,11.0,16.0,222.0,0.0
WX-CEH5,2030-05-05T23:00:00Z,25.0,13.0,12.0,19.0,216.0,0.0
WX-CEM5,2030-05-05T23:00:00Z,26.3,19.0,10.0,15.0,256.0,0.0
WX-CET2,2030-05-05T23:00:00Z,18.4,22.0,13.0,18.0,231.0,0.0
WX-CFN5,2030-05-05T23:00:00Z,20.2,23.0,16.0,24.0,237.0,0.0
WX-CFX4,2030-05-05T23:00:00Z,22.4,19.0,9.0,12.0,234.0,0.0
WX-CYEG,2030-05-05T23:00:00Z,20.5,19.0,13.0,21.0,227.0,0.0
WX-CYLB,2030-05-05T23:00:00Z,22.5,20.0,16.0,25.0,225.0,0.0
WX-CYMM,2030-05-05T23:00:00Z,22.8,20.0,13.0,17.0,212.0,0.0
WX-CYOD,2030-05-05T23:00:00Z,23.1,20.0,10.0,13.0,230.0,0.0
WX-CYOJ,2030-05-05T23:00:00Z,22.1,21.0,15.0,19.0,248.0,0.0
WX-CYPE,2030-05-05T23:00:00Z,22.8,18.0,10.0,15.0,217.0,0.0
WX-CYPY,2030-05-05T23:00:00Z,20.8,21.0,13.0,18.0,238.0,0.0
WX-CYQU,2030-05-05T23:00:00Z,22.6,23.0,15.0,22.0,231.0,0.0
WX-CYWM,2030-05-05T23:00:00Z,22.6,24.0,14.0,19.0,221.0,0.0
WX-CYZH,2030-05-05T23:00:00Z,23.9,15.0,14.0,19.0,242.0,0.0
WX-CYZU,2030-05-05T23:00:00Z,25.9,16.0,13.0,20.0,249.0,0.0
WX-CZHP,2030-05-05T23:00:00Z,22.7,20.0,13.0,19.0,215.0,0.0
WX-CEE5,2030-05-06T00:00:00Z,20.3,24.0,8.0,13.0,235.0,0.0
WX-CEH5,2030-05-06T00:00:00Z,22.8,16.0,11.0,15.0,226.0,0.0
WX-CEM5,2030-05-06T00:00:00Z,24.7,19.0,12.0,18.0,255.0,0.0
WX-CET2,2030-05-06T00:00:00Z,18.0,28.0,9.0,12.0,238.0,0.0
WX-CFN5,2030-05-06T00:00:00Z,19.3,24.0,12.0,18.0,240.0,0.0
WX-CFX4,2030-05-06T00:00:00Z,21.3,21.0,10.0,13.0,221.0,0.0
WX-CYEG,2030-05-06T00:00:00Z,19.6,20.0,13.0,19.0,229.0,0.0
WX-CYLB,2030-05-06T00:00:00Z,20.9,19.0,12.0,15.0,252.0,0.0
WX-CYMM,2030-05-06T00:00:00Z,21.1,27.0,8.0,12.0,218.0,0.0
WX-CYOD,2030-05-06T00:00:00Z,21.7,20.0,8.0,11.0,233.0,0.0
WX-CYOJ,2030-05-06T00:00:00Z,20.7,23.0,16.0,21.0,244.0,0.0
WX-CYPE,2030-05-06T00:00:00Z,21.2,17.0,10.0,14.0,221.0,0.0
WX-CYPY,2030-05-06T00:00:00Z,20.7,19.0,15.0,22.0,237.0,0.0
WX-CYQU,2030-05-06T00:00:00Z,21.9,20.0,13.0,18.0,239.0,0.0
WX-CYWM,2030-05-06T00:00:00Z,21.5,22.0,8.0,13.0,220.0,0.0
WX-CYZH,2030-05-06T00:00:00Z,22.9,12.0,12.0,18.0,250.0,0.0
WX-CYZU,2030-05-06T00:00:00Z,24.8,14.0,11.0,17.0,234.0,0.0
WX-CZHP,2030-05-06T00:00:00Z,21.3,25.0,9.0,14.0,215.0,0.0
WX-CEE5,2030-05-06T01:00:00Z,17.7,25.0,9.0,12.0,231.0,0.0
WX-CEH5,2030-05-06T01:00:00Z,21.4,19.0,10.0,15.0,212.0,0.0
WX-CEM5,2030-05-06T01:00:00Z,22.4,22.0,8.0,12.0,242.0,0.0
WX-CET2,2030-05-06T01:00:00Z,16.4,30.0,10.0,13.0,232.0,0.0
WX-CFN5,2030-05-06T01:00:00Z,17.1,29.0,14.0,18.0,245.0,0.0
WX-CFX4,2030-05-06T01:00:00Z,19.4,24.0,8.0,11.0,227.0,0.0
WX-CYEG,2030-05-06T01:00:00Z,18.4,26.0,11.0,15.0,227.0,0.0
WX-CYLB,2030-05-06T01:00:00Z,19.1,22.0,11.0,16.0,224.0,0.0
WX-CYMM,2030-05-06T01:00:00Z,19.0,26.0,7.0,10.0,223.0,0.0
WX-CYOD,2030-05-06T01:00:00Z,20.2,22.0,10.0,15.0,228.0,0.0
WX-CYOJ,2030-05-06T01:00:00Z,18.9,28.0,12.0,17.0,238.0,0.0
WX-CYPE,2030-05-06T01:00:00Z,19.1,23.0,7.0,10.0,226.0,0.0
WX-CYPY,2030-05-06T01:00:00Z,18.9,25.0,12.0,18.0,237.0,0.0
WX-CYQU,2030-05-06T01:00:00Z,19.0,25.0,12.0,18.0,237.0,0.0
WX-CYWM,2030-05-06T01:00:00Z,19.4,32.0,8.0,12.0,225.0,0.0
WX-CYZH,2030-05-06T01:00:00Z,20.4,21.0,7.0,11.0,246.0,0.0
WX-CYZU,2030-05-06T01:00:00Z,22.6,19.0,10.0,14.0,234.0,0.0
WX-CZHP,2030-05-06T01:00:00Z,20.3,28.0,10.0,15.0,217.0,0.0
WX-CEE5,2030-05-06T02:00:00Z,16.0,27.0,7.0,11.0,207.0,0.0
WX-CEH5,2030-05-06T02:00:00Z,19.7,25.0,8.0,12.0,211.0,0.0
WX-CEM5,2030-05-06T02:00:00Z,20.4,24.0,6.0,9.0,249.0,0.0
WX-CET2,2030-05-06T02:00:00Z,13.9,30.0,6.0,9.0,230.0,0.0
WX-CFN5,2030-05-06T02:00:00Z,15.4,38.0,9.0,14.0,246.0,0.0
WX-CFX4,2030-05-06T02:00:00Z,16.9,25.0,4.0,6.0,236.0,0.0
WX-CYEG,2030-05-06T02:00:00Z,15.2,29.0,8.0,12.0,205.0,0.0
WX-CYLB,2030-05-06T02:00:00Z,16.5,23.0,8.0,12.0,229.0,0.0
WX-CYMM,2030-05-06T02:00:00Z,17.3,27.0,6.0,8.0,222.0,0.0
WX-CYOD,2030-05-06T02:00:00Z,18.1,21.0,6.0,9.0,216.0,0.0
WX-CYOJ,2030-05-06T02:00:00Z,17.3,29.0,10.0,16.0,240.0,0.0
WX-CYPE,2030-05-06T02:00:00Z,17.2,32.0,6.0,9.0,221.0,0.0
WX-CYPY,2030-05-06T02:00:00Z,16.4,27.0,5.0,8.0,239.0,0.0
WX-CYQU,2030-05-06T02:00:00Z,18.0,26.0,9.0,13.0,232.0,0.0
WX-CYWM,2030-05-06T02:00:00Z,17.3,25.0,6.0,8.0,228.0,0.0
WX-CYZH,2030-05-06T02:00:00Z,18.7,25.0,6.0,9.0,227.0,0.0
WX-CYZU,2030-05-06T02:00:00Z,21.0,29.0,6.0,10.0,234.0,0.0
WX-CZHP,2030-05-06T02:00:00Z,16.5,32.0,6.0,8.0,215.0,0.0
WX-CEE5,2030-05-06T03:00:00Z,13.8,36.0,4.0,5.0,228.0,0.0
WX-CEH5,2030-05-06T03:00:00Z,17.2,26.0,4.0,6.0,218.0,0.0
WX-CEM5,2030-05-06T03:00:00Z,17.6,29.0,4.0,6.0,258.0,0.0
WX-CET2,2030-05-06T03:00:00Z,10.9,38.0,6.0,9.0,234.0,0.0
WX-CFN5,2030-05-06T03:00:00Z,12.0,41.0,5.0,8.0,249.0,0.0
WX-CFX4,2030-05-06T03:00:00Z,14.4,33.0,3.0,4.0,231.0,0.0
WX-CYEG,2030-05-06T03:00:00Z,13.0,38.0,5.0,8.0,233.0,0.0
WX-CYLB,2030-05-06T03:00:00Z,14.0,30.0,7.0,10.0,214.0,0.0
WX-CYMM,2030-05-06T03:00:00Z,,,,,,0.0
WX-CYOD,2030-05-06T03:00:00Z,15.1,30.0,5.0,7.0,224.0,0.0
WX-CYOJ,2030-05-06T03:00:00Z,14.6,32.0,6.0,8.0,237.0,0.0
WX-CYPE,2030-05-06T03:00:00Z,14.5,29.0,4.0,6.0,211.0,0.0
WX-CYPY,2030-05-06T03:00:00Z,13.3,35.0,5.0,8.0,241.0,0.0
WX-CYQU,2030-05-06T03:00:00Z,14.6,31.0,6.0,9.0,223.0,0.0
WX-CYWM,2030-05-06T03:00:00Z,14.6,36.0,4.0,5.0,212.0,0.0
WX-CYZH,2030-05-06T03:00:00Z,16.7,30.0,3.0,4.0,250.0,0.0
WX-CYZU,2030-05-06T03:00:00Z,18.5,25.0,5.0,8.0,227.0,0.0
WX-CZHP,2030-05-06T03:00:00Z,15.7,33.0,3.0,4.0,210.0,0.0
WX-CEE5,2030-05-06T04:00:00Z,10.9,42.0,6.0,9.0,214.0,0.0
WX-CEH5,2030-05-06T04:00:00Z,13.5,34.0,6.0,9.0,222.0,0.0
WX-CEM5,2030-05-06T04:00:00Z,15.2,32.0,5.0,8.0,235.0,0.0
WX-CET2,2030-05-06T04:00:00Z,8.5,47.0,4.0,6.0,219.0,0.0
WX-CFN5,2030-05-06T04:00:00Z,10.1,51.0,6.0,10.0,248.0,0.0
WX-CFX4,2030-05-06T04:00:00Z,11.7,42.0,4.0,6.0,229.0,0.0
WX-CYEG,2030-05-06T04:00:00Z,10.5,43.0,7.0,10.0,223.0,0.0
WX-CYLB,2030-05-06T04:00:00Z,11.5,35.0,6.0,9.0,215.0,0.0
WX-CYMM,2030-05-06T04:00:00Z,12.3,37.0,6.0,9.0,239.0,0.0
WX-CYOD,2030-05-06T04:00:00Z,12.4,33.0,6.0,9.0,206.0,0.0
WX-CYOJ,2030-05-06T04:00:00Z,11.7,42.0,7.0,11.0,235.0,0.0
WX-CYPE,2030-05-06T04:00:00Z,12.7,38.0,4.0,6.0,213.0,0.0
WX-CYPY,2030-05-06T04:00:00Z,10.5,33.0,5.0,8.0,239.0,0.0
WX-CYQU,2030-05-06T04:00:00Z,12.1,39.0,4.0,5.0,238.0,0.0
WX-CYWM,2030-05-06T04:00:00Z,11.5,44.0,5.0,8.0,212.0,0.0
WX-CYZH,2030-05-06T04:00:00Z,13.7,41.0,5.0,7.0,249.0,0.0
WX-CYZU,2030-05-06T04:00:00Z,14.6,27.0,4.0,5.0,247.0,0.0
WX-CZHP,2030-05-06T04:00:00Z,12.5,48.0,4.0,6.0,222.0,0.0
WX-CEE5,2030-05-06T05:00:00Z,8.7,46.0,5.0,7.0,239.0,0.0
WX-CEH5,2030-05-06T05:00:00Z,11.4,38.0,6.0,9.0,230.0,0.0
WX-CEM5,2030-05-06T05:00:00Z,12.8,35.0,4.0,6.0,247.0,0.0
WX-CET2,2030-05-06T05:00:00Z,6.1,62.0,4.0,5.0,226.0,0.0
WX-CFN5,2030-05-06T05:00:00Z,6.9,63.0,4.0,6.0,244.0,0.0
WX-CFX4,2030-05-06T05:00:00Z,9.4,50.0,4.0,6.0,221.0,0.0
WX-CYEG,2030-05-06T05:00:00Z,8.0,54.0,5.0,6.0,209.0,0.0
WX-CYLB,2030-05-06T05:00:00Z,8.9,43.0,7.0,11.0,240.0,0.0
WX-CYMM,2030-05-06T05:00:00Z,9.1,49.0,5.0,7.0,236.0,0.0
WX-CYOD,2030-05-06T05:00:00Z,10.4,39.0,4.0,5.0,227.0,0.0
WX-CYOJ,2030-05-06T05:00:00Z,9.2,47.0,8.0,11.0,220.0,0.0
WX-CYPE,2030-05-06T05:00:00Z,10.0,45.0,5.0,8.0,206.0,0.0
WX-CYPY,2030-05-06T05:00:00Z,9.3,43.0,5.0,7.0,231.0,0.0
WX-CYQU,2030-05-06T05:00:00Z,10.1,50.0,6.0,8.0,230.0,0.0
WX-CYWM,2030-05-06T05:00:00Z,9.5,56.0,6.0,8.0,209.0,0.0
WX-CYZH,2030-05-06T05:00:00Z,11.1,39.0,5.0,7.0,246.0,0.0
WX-CYZU,2030-05-06T05:00:00Z,12.5,35.0,5.0,7.0,247.0,0.0
WX-CZHP,2030-05-06T05:00:00Z,,,,,,0.0
WX-CEE5,2030-05-06T06:00:00Z,7.6,48.0,2.0,3.0,213.0,0.0
WX-CEH5,2030-05-06T06:00:00Z,11.0,36.0,5.0,8.0,217.0,0.0
WX-CEM5,2030-05-06T06:00:00Z,12.5,38.0,4.0,5.0,218.0,0.0
WX-CET2,2030-05-06T06:00:00Z,5.8,58.0,5.0,7.0,244.0,0.0
WX-CFN5,2030-05-06T06:00:00Z,7.8,62.0,4.0,6.0,230.0,0.0
WX-CFX4,2030-05-06T06:00:00Z,8.5,49.0,5.0,7.0,221.0,0.0
WX-CYEG,2030-05-06T06:00:00Z,7.3,56.0,7.0,11.0,216.0,0.0
WX-CYLB,2030-05-06T06:00:00Z,9.3,44.0,5.0,7.0,231.0,0.0
WX-CYMM,2030-05-06T06:00:00Z,9.7,49.0,4.0,5.0,222.0,0.0
WX-CYOD,2030-05-06T06:00:00Z,8.9,44.0,5.0,8.0,217.0,0.0
WX-CYOJ,2030-05-06T06:00:00Z,9.6,48.0,5.0,7.0,230.0,0.0
WX-CYPE,2030-05-06T06:00:00Z,9.3,50.0,6.0,9.0,200.0,0.0
WX-CYPY,2030-05-06T06:00:00Z,8.1,50.0,5.0,7.0,248.0,0.0
WX-CYQU,2030-05-06T06:00:00Z,9.2,53.0,5.0,7.0,226.0,0.0
WX-CYWM,2030-05-06T06:00:00Z,8.8,53.0,4.0,6.0,219.0,0.0
WX-CYZH,2030-05-06T06:00:00Z,10.4,42.0,4.0,6.0,250.0,0.0
WX-CYZU,2030-05-06T06:00:00Z,12.4,33.0,6.0,9.0,229.0,0.0
WX-CZHP,2030-05-06T06:00:00Z,9.4,50.0,5.0,6.0,213.0,0.0
WX-CEE5,2030-05-06T07:00:00Z,5.3,55.0,4.0,6.0,218.0,0.0
WX-CEH5,2030-05-06T07:00:00Z,9.7,44.0,5.0,7.0,205.0,0.0
WX-CEM5,2030-05-06T07:00:00Z,10.5,44.0,6.0,9.0,235.0,0.0
WX-CET2,2030-05-06T07:00:00Z,3.8,68.0,7.0,11.0,219.0,0.0
WX-CFN5,2030-05-06T07:00:00Z,5.9,70.0,7.0,10.0,234.0,0.0
WX-CFX4,2030-05-06T07:00:00Z,7.4,52.0,3.0,5.0,216.0,0.0
WX-CYEG,2030-05-06T07:00:00Z,6.1,62.0,4.0,6.0,218.0,0.0
WX-CYLB,2030-05-06T07:00:00Z,7.4,51.0,7.0,11.0,217.0,0.0
WX-CYMM,2030-05-06T07:00:00Z,7.3,56.0,5.0,7.0,215.0,0.0
WX-CYOD,2030-05-06T07:00:00Z,8.3,47.0,6.0,8.0,229.0,0.0
WX-CYOJ,2030-05-06T07:00:00Z,7.1,52.0,6.0,9.0,237.0,0.0
WX-CYPE,2030-05-06T07:00:00Z,7.9,50.0,3.0,4.0,204.0,0.0
WX-CYPY,2030-05-06T07:00:00Z,6.4,55.0,6.0,9.0,233.0,0.0
WX-CYQU,2030-05-06T07:00:00Z,7.3,55.0,6.0,8.0,236.0,0.0
WX-CYWM,2030-05-06T07:00:00Z,7.3,62.0,5.0,6.0,213.0,0.0
WX-CYZH,2030-05-06T07:00:00Z,8.2,51.0,5.0,6.0,228.0,0.0
WX-CYZU,2030-05-06T07:00:00Z,10.9,39.0,5.0,7.0,225.0,0.0
WX-CZHP,2030-05-06T07:00:00Z,7.7,56.0,4.0,6.0,202.0,0.0
WX-CEE5,2030-05-06T08:00:00Z,4.7,59.0,5.0,6.0,218.0,0.0
WX-CEH5,2030-05-06T08:00:00Z,8.2,49.0,5.0,7.0,213.0,0.0
WX-CEM5,2030-05-06T08:00:00Z,9.3,49.0,5.0,6.0,228.0,0.0
WX-CET2,2030-05-06T08:00:00Z,2.8,73.0,5.0,7.0,206.0,0.0
WX-CFN5,2030-05-06T08:00:00Z,3.6,79.0,5.0,7.0,238.0,0.0
WX-CFX4,2030-05-06T08:00:00Z,6.7,61.0,4.0,6.0,232.0,0.0
WX-CYEG,2030-05-06T08:00:00Z,4.3,69.0,5.0,8.0,227.0,0.0
WX-CYLB,2030-05-06T08:00:00Z,5.3,52.0,4.0,6.0,222.0,0.0
WX-CYMM,2030-05-06T08:00:00Z,5.4,62.0,6.0,8.0,213.0,0.0
WX-CYOD,2030-05-06T08:00:00Z,6.8,47.0,6.0,8.0,208.0,0.0
WX-CYOJ,2030-05-06T08:00:00Z,5.9,58.0,8.0,10.0,230.0,0.0
WX-CYPE,2030-05-06T08:00:00Z,6.1,57.0,4.0,5.0,202.0,0.0
WX-CYPY,2030-05-06T08:00:00Z,5.1,58.0,4.0,6.0,236.0,0.0
WX-CYQU,2030-05-06T08:00:00Z,,,,,,0.0
WX-CYWM,2030-05-06T08:00:00Z,6.2,68.0,5.0,8.0,211.0,0.0
WX-CYZH,2030-05-06T08:00:00Z,7.5,54.0,3.0,4.0,238.0,0.0
WX-CYZU,2030-05-06T08:00:00Z,9.1,46.0,3.0,4.0,228.0,0.0
WX-CZHP,2030-05-06T08:00:00Z,6.7,64.0,6.0,10.0,198.0,0.0
WX-CEE5,2030-05-06T09:00:00Z,3.8,64.0,4.0,5.0,218.0,0.0
WX-CEH5,2030-05-06T09:00:00Z,7.5,49.0,7.0,10.0,216.0,0.0
WX-CEM5,2030-05-06T09:00:00Z,8.8,45.0,5.0,7.0,232.0,0.0
WX-CET2,2030-05-06T09:00:00Z,1.5,75.0,5.0,8.0,230.0,0.0
WX-CFN5,2030-05-06T09:00:00Z,3.7,79.0,6.0,9.0,262.0,0.0
WX-CFX4,2030-05-06T09:00:00Z,5.7,65.0,3.0,5.0,236.0,0.0
WX-CYEG,2030-05-06T09:00:00Z,4.5,71.0,6.0,9.0,200.0,0.0
WX-CYLB,2030-05-06T09:00:00Z,5.2,61.0,8.0,11.0,229.0,0.0
WX-CYMM,2030-05-06T09:00:00Z,5.5,65.0,5.0,7.0,228.0,0.0
WX-CYOD,2030-05-06T09:00:00Z,5.9,53.0,4.0,5.0,235.0,0.0
WX-CYOJ,2030-05-06T09:00:00Z,4.5,60.0,7.0,9.0,233.0,0.0
WX-CYPE,2030-05-06T09:00:00Z,5.9,61.0,3.0,5.0,228.0,0.0
WX-CYPY,2030-05-06T09:00:00Z,4.6,63.0,4.0,6.0,228.0,0.0
WX-CYQU,2030-05-06T09:00:00Z,6.5,70.0,6.0,9.0,231.0,0.0
WX-CYWM,2030-05-06T09:00:00Z,,,,,,0.0
WX-CYZH,2030-05-06T09:00:00Z,7.0,57.0,4.0,6.0,246.0,0.0
WX-CYZU,2030-05-06T09:00:00Z,8.5,51.0,5.0,6.0,229.0,0.0
WX-CZHP,2030-05-06T09:00:00Z,5.8,67.0,7.0,11.0,209.0,0.0
WX-CEE5,2030-05-06T10:00:00Z,4.0,62.0,4.0,6.0,215.0,0.0
WX-CEH5,2030-05-06T10:00:00Z,7.8,47.0,5.0,7.0,216.0,0.0
WX-CEM5,2030-05-06T10:00:00Z,9.2,49.0,6.0,9.0,231.0,0.0
WX-CET2,2030-05-06T10:00:00Z,2.9,75.0,6.0,8.0,216.0,0.0
WX-CFN5,2030-05-06T10:00:00Z,2.8,84.0,5.0,7.0,239.0,0.0
WX-CFX4,2030-05-06T10:00:00Z,4.6,67.0,3.0,5.0,240.0,0.0
WX-CYEG,2030-05-06T10:00:00Z,3.2,73.0,4.0,6.0,223.0,0.0
WX-CYLB,2030-05-06T10:00:00Z,5.0,54.0,4.0,6.0,243.0,0.0
WX-CYMM,2030-05-06T10:00:00Z,4.9,67.0,3.0,4.0,218.0,0.0
WX-CYOD,2030-05-06T10:00:00Z,5.6,48.0,4.0,6.0,215.0,0.0
WX-CYOJ,2030-05-06T10:00:00Z,5.1,62.0,6.0,9.0,233.0,0.0
WX-CYPE,2030-05-06T10:00:00Z,5.2,60.0,4.0,5.0,201.0,0.0
WX-CYPY,2030-05-06T10:00:00Z,4.7,65.0,5.0,7.0,230.0,0.0
WX-CYQU,2030-05-06T10:00:00Z,6.0,65.0,6.0,8.0,226.0,0.0
WX-CYWM,2030-05-06T10:00:00Z,5.4,77.0,2.0,3.0,222.0,0.0
WX-CYZH,2030-05-06T10:00:00Z,6.4,54.0,4.0,6.0,238.0,0.0
WX-CYZU,2030-05-06T10:00:00Z,7.9,47.0,2.0,3.0,243.0,0.0
WX-CZHP,2030-05-06T10:00:00Z,5.9,62.0,6.0,8.0,212.0,0.0
WX-CEE5,2030-05-06T11:00:00Z,4.6,66.0,7.0,9.0,221.0,0.0
WX-CEH5,2030-05-06T11:00:00Z,8.0,42.0,4.0,5.0,219.0,0.0
WX-CEM5,2030-05-06T11:00:00Z,9.4,50.0,6.0,9.0,245.0,0.0
WX-CET2,2030-05-06T11:00:00Z,2.6,72.0,9.0,14.0,216.0,0.0
WX-CFN5,2030-05-06T11:00:00Z,4.7,77.0,5.0,8.0,253.0,0.0
WX-CFX4,2030-05-06T11:00:00Z,5.7,65.0,5.0,7.0,239.0,0.0
WX-CYEG,2030-05-06T11:00:00Z,4.4,70.0,5.0,8.0,216.0,0.0
WX-CYLB,2030-05-06T11:00:00Z,4.9,52.0,6.0,9.0,227.0,0.0
WX-CYMM,2030-05-06T11:00:00Z,6.7,63.0,4.0,6.0,227.0,0.0
WX-CYOD,2030-05-06T11:00:00Z,6.9,55.0,6.0,8.0,223.0,0.0
WX-CYOJ,2030-05-06T11:00:00Z,6.3,59.0,6.0,8.0,257.0,0.0
WX-CYPE,2030-05-06T11:00:00Z,6.5,56.0,3.0,5.0,211.0,0.0
WX-CYPY,2030-05-06T11:00:00Z,4.9,61.0,6.0,8.0,227.0,0.0
WX-CYQU,2030-05-06T11:00:00Z,5.8,61.0,8.0,12.0,222.0,0.0
WX-CYWM,2030-05-06T11:00:00Z,5.7,70.0,5.0,8.0,222.0,0.0
WX-CYZH,2030-05-06T11:00:00Z,7.3,53.0,4.0,6.0,236.0,0.0
WX-CYZU,2030-05-06T11:00:00Z,10.0,38.0,4.0,6.0,241.0,0.0
WX-CZHP,2030-05-06T11:00:00Z,6.6,63.0,4.0,5.0,226.0,0.0
WX-CEE5,2030-05-06T12:00:00Z,7.1,55.0,6.0,10.0,230.0,0.0
WX-CEH5,2030-05-06T12:00:00Z,9.5,44.0,4.0,5.0,224.0,0.0
WX-CEM5,2030-05-06T12:00:00Z,10.7,45.0,4.0,6.0,224.0,0.0
WX-CET2,2030-05-06T12:00:00Z,4.6,65.0,4.0,5.0,239.0,0.0
WX-CFN5,2030-05-06T12:00:00Z,5.4,70.0,7.0,10.0,250.0,0.0
WX-CFX4,2030-05-06T12:00:00Z,7.0,53.0,3.0,4.0,232.0,0.0
WX-CYEG,2030-05-06T12:00:00Z,5.8,58.0,7.0,10.0,216.0,0.0
WX-CYLB,2030-05-06T12:00:00Z,6.8,48.0,8.0,11.0,217.0,0.0
WX-CYMM,2030-05-06T12:00:00Z,7.5,56.0,3.0,5.0,224.0,0.0
WX-CYOD,2030-05-06T12:00:00Z,8.8,41.0,4.0,5.0,207.0,0.0
WX-CYOJ,2030-05-06T12:00:00Z,7.3,56.0,6.0,9.0,244.0,0.0
WX-CYPE,2030-05-06T12:00:00Z,6.4,56.0,3.0,4.0,204.0,0.0
WX-CYPY,2030-05-06T12:00:00Z,5.8,56.0,5.0,8.0,230.0,0.0
WX-CYQU,2030-05-06T12:00:00Z,6.8,51.0,6.0,8.0,219.0,0.0
WX-CYWM,2030-05-06T12:00:00Z,7.7,64.0,7.0,11.0,218.0,0.0
WX-CYZH,2030-05-06T12:00:00Z,9.7,51.0,3.0,4.0,243.0,0.0
WX-CYZU,2030-05-06T12:00:00Z,11.2,41.0,5.0,7.0,238.0,0.0
WX-CZHP,2030-05-06T12:00:00Z,7.6,59.0,4.0,6.0,215.0,0.0
WX-CEE5,2030-05-06T13:00:00Z,8.2,50.0,6.0,8.0,213.0,0.0
WX-CEH5,2030-05-06T13:00:00Z,11.3,40.0,4.0,6.0,206.0,0.0
WX-CEM5,2030-05-06T13:00:00Z,13.0,37.0,2.0,3.0,220.0,0.0
WX-CET2,2030-05-06T13:00:00Z,5.8,56.0,8.0,12.0,226.0,0.0
WX-CFN5,2030-05-06T13:00:00Z,7.4,60.0,6.0,9.0,239.0,0.0
WX-CFX4,2030-05-06T13:00:00Z,8.9,51.0,4.0,6.0,243.0,0.0
WX-CYEG,2030-05-06T13:00:00Z,7.7,55.0,6.0,8.0,217.0,0.0
WX-CYLB,2030-05-06T13:00:00Z,9.5,41.0,6.0,9.0,210.0,0.0
WX-CYMM,2030-05-06T13:00:00Z,9.0,50.0,3.0,4.0,213.0,0.0
WX-CYOD,2030-05-06T13:00:00Z,10.4,39.0,4.0,6.0,239.0,0.0
WX-CYOJ,2030-05-06T13:00:00Z,8.3,44.0,4.0,6.0,230.0,0.0
WX-CYPE,2030-05-06T13:00:00Z,8.9,49.0,6.0,9.0,222.0,0.0
WX-CYPY,2030-05-06T13:00:00Z,8.4,46.0,6.0,8.0,241.0,0.0
WX-CYQU,2030-05-06T13:00:00Z,9.8,49.0,7.0,10.0,240.0,0.0
WX-CYWM,2030-05-06T13:00:00Z,9.4,57.0,4.0,5.0,221.0,0.0
WX-CYZH,2030-05-06T13:00:00Z,10.7,43.0,5.0,7.0,249.0,0.0
WX-CYZU,2030-05-06T13:00:00Z,12.7,38.0,5.0,7.0,226.0,0.0
WX-CZHP,2030-05-06T13:00:00Z,9.6,53.0,5.0,7.0,215.0,0.0
WX-CEE5,2030-05-06T14:00:00Z,9.9,40.0,6.0,9.0,227.0,0.0
WX-CEH5,2030-05-06T14:00:00Z,13.9,34.0,7.0,9.0,209.0,0.0
WX-CEM5,2030-05-06T14:00:00Z,15.1,37.0,7.0,9.0,237.0,0.0
WX-CET2,2030-05-06T14:00:00Z,8.6,50.0,8.0,11.0,230.0,0.0
WX-CFN5,2030-05-06T14:00:00Z,9.6,55.0,8.0,11.0,249.0,0.0
WX-CFX4,2030-05-06T14:00:00Z,11.2,42.0,6.0,9.0,228.0,0.0
WX-CYEG,2030-05-06T14:00:00Z,10.3,46.0,5.0,8.0,233.0,0.0
WX-CYLB,2030-05-06T14:00:00Z,10.7,35.0,6.0,8.0,220.0,0.0
WX-CYMM,2030-05-06T14:00:00Z,11.3,38.0,5.0,7.0,222.0,0.0
WX-CYOD,2030-05-06T14:00:00Z,12.1,32.0,6.0,8.0,214.0,0.0
WX-CYOJ,2030-05-06T14:00:00Z,11.0,45.0,7.0,11.0,233.0,0.0
WX-CYPE,2030-05-06T14:00:00Z,11.6,40.0,5.0,8.0,211.0,0.0
WX-CYPY,2030-05-06T14:00:00Z,10.9,42.0,7.0,11.0,239.0,0.0
WX-CYQU,2030-05-06T14:00:00Z,12.7,42.0,9.0,12.0,241.0,0.0
WX-CYWM,2030-05-06T14:00:00Z,11.4,50.0,6.0,9.0,216.0,0.0
WX-CYZH,2030-05-06T14:00:00Z,12.2,40.0,5.0,7.0,240.0,0.0
WX-CYZU,2030-05-06T14:00:00Z,14.3,30.0,8.0,11.0,220.0,0.0
WX-CZHP,2030-05-06T14:00:00Z,11.9,44.0,6.0,8.0,221.0,0.0
WX-CEE5,2030-05-06T15:00:00Z,13.0,33.0,7.0,9.0,226.0,0.0
WX-CEH5,2030-05-06T15:00:00Z,15.7,29.0,8.0,13.0,222.0,0.0
WX-CEM5,2030-05-06T15:00:00Z,17.1,29.0,7.0,10.0,240.0,0.0
WX-CET2,2030-05-06T15:00:00Z,10.2,42.0,9.0,12.0,231.0,0.0
WX-CFN5,2030-05-06T15:00:00Z,11.4,40.0,11.0,16.0,243.0,0.0
WX-CFX4,2030-05-06T15:00:00Z,13.7,34.0,6.0,10.0,220.0,0.0
WX-CYEG,2030-05-06T15:00:00Z,12.2,37.0,10.0,15.0,214.0,0.0
WX-CYLB,2030-05-06T15:00:00Z,14.1,31.0,13.0,17.0,227.0,0.0
WX-CYMM,2030-05-06T15:00:00Z,14.1,36.0,6.0,8.0,223.0,0.0
WX-CYOD,2030-05-06T15:00:00Z,15.2,27.0,10.0,14.0,214.0,0.0
WX-CYOJ,2030-05-06T15:00:00Z,14.3,35.0,9.0,12.0,235.0,0.0
WX-CYPE,2030-05-06T15:00:00Z,14.1,38.0,8.0,12.0,214.0,0.0
WX-CYPY,2030-05-06T15:00:00Z,12.8,39.0,11.0,15.0,227.0,0.0
WX-CYQU,2030-05-06T15:00:00Z,14.8,36.0,14.0,20.0,237.0,0.0
WX-CYWM,2030-05-06T15:00:00Z,14.1,43.0,10.0,13.0,204.0,0.0
WX-CYZH,2030-05-06T15:00:00Z,15.8,28.0,10.0,13.0,240.0,0.0
WX-CYZU,2030-05-06T15:00:00Z,18.0,28.0,11.0,16.0,233.0,0.0
WX-CZHP,2030-05-06T15:00:00Z,14.9,32.0,7.0,9.0,216.0,0.0
WX-CEE5,2030-05-06T16:00:00Z,15.2,32.0,12.0,18.0,222.0,0.0
WX-CEH5,2030-05-06T16:00:00Z,18.9,21.0,12.0,15.0,204.0,0.0
WX-CEM5,2030-05-06T16:00:00Z,20.1,26.0,9.0,14.0,231.0,0.0
WX-CET2,2030-05-06T16:00:00Z,13.4,40.0,14.0,19.0,221.0,0.0
WX-CFN5,2030-05-06T16:00:00Z,14.4,40.0,13.0,20.0,241.0,0.0
WX-CFX4,2030-05-06T16:00:00Z,16.6,29.0,11.0,14.0,230.0,0.0
WX-CYEG,2030-05-06T16:00:00Z,14.9,32.0,14.0,21.0,233.0,0.0
WX-CYLB,2030-05-06T16:00:00Z,16.4,27.0,13.0,21.0,218.0,0.0
WX-CYMM,2030-05-06T16:00:00Z,16.5,36.0,10.0,13.0,220.0,0.0
WX-CYOD,2030-05-06T16:00:00Z,16.9,27.0,11.0,17.0,211.0,0.0
WX-CYOJ,2030-05-06T16:00:00Z,17.3,27.0,14.0,19.0,252.0,0.0
WX-CYPE,2030-05-06T16:00:00Z,16.8,27.0,8.0,13.0,208.0,0.0
WX-CYPY,2030-05-06T16:00:00Z,15.2,28.0,11.0,17.0,251.0,0.0
WX-CYQU,2030-05-06T16:00:00Z,17.1,26.0,14.0,22.0,239.0,0.0
WX-CYWM,2030-05-06T16:00:00Z,16.3,28.0,14.0,19.0,200.0,0.0
WX-CYZH,2030-05-06T16:00:00Z,18.3,25.0,13.0,21.0,241.0,0.0
WX-CYZU,2030-05-06T16:00:00Z,19.2,24.0,11.0,17.0,233.0,0.0
WX-CZHP,2030-05-06T16:00:00Z,17.1,29.0,13.0,17.0,213.0,0.0
WX-CEE5,2030-05-06T17:00:00Z,18.1,28.0,14.0,22.0,226.0,0.0
WX-CEH5,2030-05-06T17:00:00Z,22.1,22.0,14.0,22.0,231.0,0.0
WX-CEM5,2030-05-06T17:00:00Z,21.9,22.0,13.0,21.0,236.0,0.0
WX-CET2,2030-05-06T17:00:00Z,15.5,32.0,14.0,18.0,232.0,0.0
WX-CFN5,2030-05-06T17:00:00Z,17.0,34.0,16.0,23.0,248.0,0.0
WX-CFX4,2030-05-06T17:00:00Z,18.7,26.0,10.0,16.0,228.0,0.0
WX-CYEG,2030-05-06T17:00:00Z,17.6,29.0,15.0,20.0,222.0,0.0
WX-CYLB,2030-05-06T17:00:00Z,19.1,25.0,15.0,20.0,213.0,0.0
WX-CYMM,2030-05-06T17:00:00Z,18.9,29.0,11.0,14.0,222.0,0.0
WX-CYOD,2030-05-06T17:00:00Z,20.1,18.0,13.0,20.0,216.0,0.0
WX-CYOJ,2030-05-06T17:00:00Z,18.7,26.0,15.0,22.0,226.0,0.0
WX-CYPE,2030-05-06T17:00:00Z,19.6,22.0,11.0,16.0,224.0,0.0
WX-CYPY,2030-05-06T17:00:00Z,18.3,24.0,14.0,22.0,227.0,0.0
WX-CYQU,2030-05-06T17:00:00Z,19.0,27.0,19.0,26.0,223.0,0.0
WX-CYWM,2030-05-06T17:00:00Z,19.4,29.0,11.0,16.0,213.0,0.0
WX-CYZH,2030-05-06T17:00:00Z,20.4,26.0,15.0,23.0,228.0,0.0
WX-CYZU,2030-05-06T17:00:00Z,22.8,25.0,11.0,17.0,228.0,0.0
WX-CZHP,2030-05-06T17:00:00Z,19.6,24.0,15.0,20.0,224.0,0.0
WX-CEE5,2030-05-06T18:00:00Z,20.5,20.0,14.0,20.0,218.0,0.0
WX-CEH5,2030-05-06T18:00:00Z,23.5,16.0,15.0,20.0,228.0,0.0
WX-CEM5,2030-05-06T18:00:00Z,25.3,17.0,16.0,24.0,239.0,0.0
WX-CET2,2030-05-06T18:00:00Z,18.0,24.0,18.0,23.0,234.0,0.0
WX-CFN5,2030-05-06T18:00:00Z,19.1,25.0,17.0,23.0,222.0,0.0
WX-CFX4,2030-05-06T18:00:00Z,21.1,23.0,13.0,18.0,217.0,0.0
WX-CYEG,2030-05-06T18:00:00Z,20.2,26.0,18.0,26.0,232.0,0.0
WX-CYLB,2030-05-06T18:00:00Z,20.9,19.0,18.0,24.0,234.0,0.0
WX-CYMM,2030-05-06T18:00:00Z,22.3,24.0,13.0,19.0,213.0,0.0
WX-CYOD,2030-05-06T18:00:00Z,21.5,18.0,13.0,19.0,211.0,0.0
WX-CYOJ,2030-05-06T18:00:00Z,20.7,18.0,17.0,25.0,235.0,0.0
WX-CYPE,2030-05-06T18:00:00Z,21.4,21.0,13.0,17.0,213.0,0.0
WX-CYPY,2030-05-06T18:00:00Z,19.9,18.0,16.0,24.0,249.0,0.0
WX-CYQU,2030-05-06T18:00:00Z,21.9,18.0,20.0,26.0,225.0,0.0
WX-CYWM,2030-05-06T18:00:00Z,21.3,23.0,14.0,19.0,223.0,0.0
WX-CYZH,2030-05-06T18:00:00Z,22.9,20.0,15.0,24.0,257.0,0.0
WX-CYZU,2030-05-06T18:00:00Z,25.0,20.0,14.0,21.0,244.0,0.0
WX-CZHP,2030-05-06T18:00:00Z,21.4,24.0,15.0,22.0,208.0,0.0
WX-CEE5,2030-05-06T19:00:00Z,22.2,20.0,15.0,19.0,221.0,0.0
WX-CEH5,2030-05-06T19:00:00Z,25.6,13.0,18.0,29.0,222.0,0.0
WX-CEM5,2030-05-06T19:00:00Z,27.3,19.0,16.0,25.0,237.0,0.0
WX-CET2,2030-05-06T19:00:00Z,19.8,21.0,19.0,29.0,219.0,0.0
WX-CFN5,2030-05-06T19:00:00Z,21.3,18.0,23.0,33.0,237.0,0.0
WX-CFX4,2030-05-06T19:00:00Z,22.6,17.0,14.0,22.0,227.0,0.0
WX-CYEG,2030-05-06T19:00:00Z,21.4,26.0,18.0,28.0,217.0,0.0
WX-CYLB,2030-05-06T19:00:00Z,22.4,18.0,18.0,25.0,228.0,0.0
WX-CYMM,2030-05-06T19:00:00Z,23.1,18.0,19.0,30.0,221.0,0.0
WX-CYOD,2030-05-06T19:00:00Z,24.0,14.0,18.0,27.0,230.0,0.0
WX-CYOJ,2030-05-06T19:00:00Z,22.6,18.0,19.0,24.0,225.0,0.0
WX-CYPE,2030-05-06T19:00:00Z,23.3,18.0,15.0,21.0,208.0,0.0
WX-CYPY,2030-05-06T19:00:00Z,22.4,20.0,19.0,27.0,253.0,0.0
WX-CYQU,2030-05-06T19:00:00Z,23.8,17.0,18.0,26.0,245.0,0.0
WX-CYWM,2030-05-06T19:00:00Z,22.7,25.0,17.0,25.0,224.0,0.0
WX-CYZH,2030-05-06T19:00:00Z,24.9,14.0,15.0,23.0,229.0,0.0
WX-CYZU,2030-05-06T19:00:00Z,25.8,12.0,13.0,20.0,228.0,0.0
WX-CZHP,2030-05-06T19:00:00Z,23.4,20.0,19.0,30.0,210.0,0.0
WX-CEE5,2030-05-06T20:00:00Z,23.5,14.0,14.0,22.0,230.0,0.0
WX-CEH5,2030-05-06T20:00:00Z,26.6,12.0,19.0,25.0,217.0,0.0
WX-CEM5,2030-05-06T20:00:00Z,27.7,17.0,16.0,25.0,230.0,0.0
WX-CET2,2030-05-06T20:00:00Z,21.4,17.0,20.0,30.0,226.0,0.0
WX-CFN5,2030-05-06T20:00:00Z,21.8,21.0,22.0,35.0,260.0,0.0
WX-CFX4,2030-05-06T20:00:00Z,23.8,18.0,15.0,20.0,223.0,0.0
WX-CYEG,2030-05-06T20:00:00Z,23.0,20.0,19.0,26.0,219.0,0.0
WX-CYLB,2030-05-06T20:00:00Z,24.6,21.0,19.0,27.0,219.0,0.0
WX-CYMM,2030-05-06T20:00:00Z,24.4,18.0,15.0,24.0,221.0,0.0
WX-CYOD,2030-05-06T20:00:00Z,25.4,16.0,17.0,24.0,224.0,0.0
WX-CYOJ,2030-05-06T20:00:00Z,24.4,14.0,20.0,27.0,233.0,0.0
WX-CYPE,2030-05-06T20:00:00Z,,,,,,0.0
WX-CYPY,2030-05-06T20:00:00Z,23.7,16.0,19.0,24.0,221.0,0.0
WX-CYQU,2030-05-06T20:00:00Z,24.9,17.0,22.0,30.0,214.0,0.0
WX-CYWM,2030-05-06T20:00:00Z,24.2,20.0,18.0,23.0,203.0,0.0
WX-CYZH,2030-05-06T20:00:00Z,26.0,15.0,17.0,26.0,231.0,0.0
WX-CYZU,2030-05-06T20:00:00Z,27.8,14.0,19.0,26.0,238.0,0.0
WX-CZHP,2030-05-06T20:00:00Z,25.1,19.0,18.0,25.0,212.0,0.0
WX-CEE5,2030-05-06T21:00:00Z,23.8,18.0,15.0,23.0,229.0,0.0
WX-CEH5,2030-05-06T21:00:00Z,28.2,14.0,17.0,24.0,206.0,0.0
WX-CEM5,2030-05-06T21:00:00Z,28.5,10.0,13.0,19.0,234.0,0.0
WX-CET2,2030-05-06T21:00:00Z,21.5,21.0,20.0,31.0,225.0,0.0
WX-CFN5,2030-05-06T21:00:00Z,23.6,18.0,20.0,28.0,251.0,0.0
WX-CFX4,2030-05-06T21:00:00Z,24.9,17.0,15.0,22.0,235.0,0.0
WX-CYEG,2030-05-06T21:00:00Z,23.2,20.0,19.0,26.0,227.0,0.0
WX-CYLB,2030-05-06T21:00:00Z,25.1,16.0,22.0,31.0,230.0,0.0
WX-CYMM,2030-05-06T21:00:00Z,24.5,23.0,17.0,23.0,224.0,0.0
WX-CYOD,2030-05-06T21:00:00Z,26.0,15.0,16.0,25.0,220.0,0.0
WX-CYOJ,2030-05-06T21:00:00Z,25.4,18.0,19.0,25.0,246.0,0.0
WX-CYPE,2030-05-06T21:00:00Z,25.1,16.0,16.0,24.0,214.0,0.0
WX-CYPY,2030-05-06T21:00:00Z,24.0,17.0,20.0,26.0,233.0,0.0
WX-CYQU,2030-05-06T21:00:00Z,25.3,17.0,22.0,33.0,229.0,0.0
WX-CYWM,2030-05-06T21:00:00Z,25.4,21.0,12.0,15.0,221.0,0.0
WX-CYZH,2030-05-06T21:00:00Z,27.5,11.0,17.0,23.0,242.0,0.0
WX-CYZU,2030-05-06T21:00:00Z,28.0,11.0,15.0,22.0,248.0,0.0
WX-CZHP,2030-05-06T21:00:00Z,25.6,16.0,17.0,27.0,217.0,0.0
WX-CEE5,2030-05-06T22:00:00Z,24.2,18.0,15.0,19.0,215.0,0.0
WX-CEH5,2030-05-06T22:00:00Z,26.6,13.0,18.0,27.0,208.0,0.0
WX-CEM5,2030-05-06T22:00:00Z,29.1,13.0,18.0,24.0,241.0,0.0
WX-CET2,2030-05-06T22:00:00Z,21.7,17.0,21.0,29.0,215.0,0.0
WX-CFN5,2030-05-06T22:00:00Z,23.7,26.0,19.0,26.0,251.0,0.0
WX-CFX4,2030-05-06T22:00:00Z,25.3,15.0,15.0,19.0,235.0,0.0
WX-CYEG,2030-05-06T22:00:00Z,23.3,19.0,21.0,33.0,229.0,0.0
WX-CYLB,2030-05-06T22:00:00Z,24.9,17.0,21.0,28.0,233.0,0.0
WX-CYMM,2030-05-06T22:00:00Z,25.5,18.0,15.0,19.0,215.0,0.0
WX-CYOD,2030-05-06T22:00:00Z,26.1,13.0,13.0,18.0,212.0,0.0
WX-CYOJ,2030-05-06T22:00:00Z,25.2,15.0,21.0,26.0,227.0,0.0
WX-CYPE,2030-05-06T22:00:00Z,25.5,15.0,15.0,19.0,210.0,0.0
WX-CYPY,2030-05-06T22:00:00Z,24.5,18.0,20.0,26.0,236.0,0.0
WX-CYQU,2030-05-06T22:00:00Z,25.3,15.0,19.0,30.0,237.0,0.0
WX-CYWM,2030-05-06T22:00:00Z,24.5,22.0,13.0,18.0,217.0,0.0
WX-CYZH,2030-05-06T22:00:00Z,27.7,14.0,15.0,22.0,238.0,0.0
WX-CYZU,2030-05-06T22:00:00Z,28.7,11.0,17.0,21.0,230.0,0.0
WX-CZHP,2030-05-06T22:00:00Z,25.9,17.0,17.0,22.0,219.0,0.0
WX-CEE5,2030-05-06T23:00:00Z,23.2,18.0,15.0,22.0,226.0,0.0
WX-CEH5,2030-05-06T23:00:00Z,26.8,12.0,15.0,24.0,217.0,0.0
WX-CEM5,2030-05-06T23:00:00Z,27.1,14.0,17.0,26.0,230.0,0.0
WX-CET2,2030-05-06T23:00:00Z,21.0,19.0,18.0,27.0,224.0,0.0
WX-CFN5,2030-05-06T23:00:00Z,22.0,24.0,16.0,24.0,241.0,0.0
WX-CFX4,2030-05-06T23:00:00Z,23.6,19.0,12.0,16.0,216.0,0.0
WX-CYEG,2030-05-06T23:00:00Z,22.1,19.0,17.0,26.0,233.0,0.0
WX-CYLB,2030-05-06T23:00:00Z,24.1,14.0,17.0,26.0,218.0,0.0
WX-CYMM,2030-05-06T23:00:00Z,24.8,18.0,13.0,18.0,232.0,0.0
WX-CYOD,2030-05-06T23:00:00Z,25.2,16.0,15.0,22.0,229.0,0.0
WX-CYOJ,2030-05-06T23:00:00Z,24.6,16.0,17.0,24.0,226.0,0.0
WX-CYPE,2030-05-06T23:00:00Z,24.5,16.0,16.0,21.0,203.0,0.0
WX-CYPY,2030-05-06T23:00:00Z,23.8,23.0,17.0,26.0,222.0,0.0
WX-CYQU,2030-05-06T23:00:00Z,25.3,17.0,21.0,32.0,235.0,0.0
WX-CYWM,2030-05-06T23:00:00Z,25.0,24.0,14.0,21.0,211.0,0.0
WX-CYZH,2030-05-06T23:00:00Z,27.1,18.0,15.0,22.0,228.0,0.0
WX-CYZU,2030-05-06T23:00:00Z,28.1,13.0,17.0,25.0,239.0,0.0
WX-CZHP,2030-05-06T23:00:00Z,24.8,19.0,15.0,23.0,227.0,0.0
WX-CEE5,2030-05-07T00:00:00Z,21.7,20.0,10.0,13.0,222.0,0.0
WX-CEH5,2030-05-07T00:00:00Z,25.5,16.0,13.0,17.0,226.0,0.0
WX-CEM5,2030-05-07T00:00:00Z,26.7,14.0,11.0,16.0,238.0,0.0
WX-CET2,2030-05-07T00:00:00Z,20.3,21.0,15.0,24.0,230.0,0.0
WX-CFN5,2030-05-07T00:00:00Z,21.4,22.0,13.0,17.0,244.0,0.0
WX-CFX4,2030-05-07T00:00:00Z,22.7,18.0,16.0,22.0,230.0,0.0
WX-CYEG,2030-05-07T00:00:00Z,22.0,22.0,14.0,19.0,226.0,0.0
WX-CYLB,2030-05-07T00:00:00Z,23.0,19.0,16.0,24.0,236.0,0.0
WX-CYMM,2030-05-07T00:00:00Z,23.6,23.0,12.0,18.0,229.0,0.0
WX-CYOD,2030-05-07T00:00:00Z,24.4,13.0,12.0,19.0,218.0,0.0
WX-CYOJ,2030-05-07T00:00:00Z,23.3,17.0,15.0,24.0,234.0,0.0
WX-CYPE,2030-05-07T00:00:00Z,23.3,15.0,12.0,18.0,221.0,0.0
WX-CYPY,2030-05-07T00:00:00Z,21.8,16.0,15.0,21.0,251.0,0.0
WX-CYQU,2030-05-07T00:00:00Z,23.6,18.0,14.0,20.0,234.0,0.0
WX-CYWM,2030-05-07T00:00:00Z,23.4,20.0,13.0,19.0,205.0,0.0
WX-CYZH,2030-05-07T00:00:00Z,24.8,19.0,13.0,18.0,238.0,0.0
WX-CYZU,2030-05-07T00:00:00Z,26.8,14.0,12.0,19.0,231.0,0.0
WX-CZHP,2030-05-07T00:00:00Z,23.8,19.0,11.0,15.0,218.0,0.0
WX-CEE5,2030-05-07T01:00:00Z,20.6,18.0,11.0,16.0,218.0,0.0
WX-CEH5,2030-05-07T01:00:00Z,23.8,14.0,11.0,15.0,213.0,0.0
WX-CEM5,2030-05-07T01:00:00Z,25.2,20.0,10.0,14.0,254.0,0.0
WX-CET2,2030-05-07T01:00:00Z,17.6,22.0,13.0,19.0,217.0,0.0
WX-CFN5,2030-05-07T01:00:00Z,19.8,29.0,12.0,16.0,230.0,0.0
WX-CFX4,2030-05-07T01:00:00Z,21.0,18.0,10.0,13.0,217.0,0.0
WX-CYEG,2030-05-07T01:00:00Z,19.5,20.0,11.0,17.0,217.0,0.0
WX-CYLB,2030-05-07T01:00:00Z,20.8,18.0,13.0,19.0,236.0,0.0
WX-CYMM,2030-05-07T01:00:00Z,21.1,27.0,9.0,12.0,217.0,0.0
WX-CYOD,2030-05-07T01:00:00Z,22.4,20.0,8.0,12.0,212.0,0.0
WX-CYOJ,2030-05-07T01:00:00Z,21.2,20.0,11.0,17.0,221.0,0.0
WX-CYPE,2030-05-07T01:00:00Z,21.4,19.0,9.0,14.0,218.0,0.0
WX-CYPY,2030-05-07T01:00:00Z,20.3,25.0,11.0,16.0,242.0,0.0
WX-CYQU,2030-05-07T01:00:00Z,21.4,16.0,12.0,15.0,241.0,0.0
WX-CYWM,2030-05-07T01:00:00Z,21.5,27.0,11.0,14.0,206.0,0.0
WX-CYZH,2030-05-07T01:00:00Z,22.7,16.0,12.0,16.0,242.0,0.0
WX-CYZU,2030-05-07T01:00:00Z,25.2,12.0,11.0,17.0,231.0,0.0
WX-CZHP,2030-05-07T01:00:00Z,21.8,24.0,10.0,14.0,204.0,0.0
WX-CEE5,2030-05-07T02:00:00Z,18.4,24.0,6.0,9.0,222.0,0.0
WX-CEH5,2030-05-07T02:00:00Z,20.1,20.0,8.0,12.0,201.0,0.0
WX-CEM5,2030-05-07T02:00:00Z,22.9,20.0,7.0,9.0,224.0,0.0
WX-CET2,2030-05-07T02:00:00Z,16.3,24.0,9.0,13.0,219.0,0.0
WX-CFN5,2030-05-07T02:00:00Z,16.8,31.0,8.0,11.0,231.0,0.0
WX-CFX4,2030-05-07T02:00:00Z,18.8,27.0,7.0,11.0,235.0,0.0
WX-CYEG,2030-05-07T02:00:00Z,16.8,26.0,10.0,15.0,212.0,0.0
WX-CYLB,2030-05-07T02:00:00Z,18.5,20.0,10.0,16.0,230.0,0.0
WX-CYMM,2030-05-07T02:00:00Z,19.8,28.0,8.0,13.0,226.0,0.0
WX-CYOD,2030-05-07T02:00:00Z,19.3,21.0,8.0,12.0,215.0,0.0
WX-CYOJ,2030-05-07T02:00:00Z,18.7,25.0,12.0,17.0,222.0,0.0
WX-CYPE,2030-05-07T02:00:00Z,18.9,26.0,5.0,7.0,222.0,0.0
WX-CYPY,2030-05-07T02:00:00Z,17.9,27.0,7.0,9.0,225.0,0.0
WX-CYQU,2030-05-07T02:00:00Z,19.8,26.0,8.0,11.0,223.0,0.0
WX-CYWM,2030-05-07T02:00:00Z,19.2,33.0,7.0,9.0,210.0,0.0
WX-CYZH,2030-05-07T02:00:00Z,21.0,24.0,8.0,13.0,254.0,0.0
WX-CYZU,2030-05-07T02:00:00Z,21.3,18.0,10.0,13.0,238.0,0.0
WX-CZHP,2030-05-07T02:00:00Z,19.9,29.0,8.0,11.0,211.0,0.0
WX-CEE5,2030-05-07T03:00:00Z,15.1,32.0,6.0,9.0,221.0,0.0
WX-CEH5,2030-05-07T03:00:00Z,18.0,26.0,6.0,8.0,222.0,0.0
WX-CEM5,2030-05-07T03:00:00Z,20.3,27.0,5.0,7.0,236.0,0.0
WX-CET2,2030-05-07T03:00:00Z,13.3,37.0,6.0,9.0,237.0,0.0
WX-CFN5,2030-05-07T03:00:00Z,14.2,41.0,5.0,7.0,239.0,0.0
WX-CFX4,2030-05-07T03:00:00Z,16.5,27.0,6.0,9.0,224.0,0.0
WX-CYEG,2030-05-07T03:00:00Z,15.0,34.0,6.0,9.0,225.0,0.0
WX-CYLB,2030-05-07T03:00:00Z,16.2,27.0,5.0,7.0,219.0,0.0
WX-CYMM,2030-05-07T03:00:00Z,16.3,35.0,3.0,4.0,223.0,0.0
WX-CYOD,2030-05-07T03:00:00Z,16.8,24.0,5.0,7.0,215.0,0.0
WX-CYOJ,2030-05-07T03:00:00Z,16.8,27.0,5.0,8.0,225.0,0.0
WX-CYPE,2030-05-07T03:00:00Z,16.6,32.0,4.0,6.0,215.0,0.0
WX-CYPY,2030-05-07T03:00:00Z,15.3,33.0,6.0,8.0,225.0,0.0
WX-CYQU,2030-05-07T03:00:00Z,16.8,35.0,6.0,8.0,229.0,0.0
WX-CYWM,2030-05-07T03:00:00Z,16.3,29.0,4.0,6.0,210.0,0.0
WX-CYZH,2030-05-07T03:00:00Z,17.5,27.0,6.0,9.0,224.0,0.0
WX-CYZU,2030-05-07T03:00:00Z,,,,,,0.0
WX-CZHP,2030-05-07T03:00:00Z,16.9,29.0,4.0,6.0,196.0,0.0
WX-CEE5,2030-05-07T04:00:00Z,12.8,37.0,5.0,8.0,227.0,0.0
WX-CEH5,2030-05-07T04:00:00Z,16.3,31.0,4.0,5.0,223.0,0.0
WX-CEM5,2030-05-07T04:00:00Z,17.5,28.0,4.0,6.0,233.0,0.0
WX-CET2,2030-05-07T04:00:00Z,10.7,45.0,5.0,7.0,220.0,0.0
WX-CFN5,2030-05-07T04:00:00Z,12.5,48.0,5.0,6.0,255.0,0.0
WX-CFX4,2030-05-07T04:00:00Z,14.2,35.0,4.0,5.0,219.0,0.0
WX-CYEG,2030-05-07T04:00:00Z,,,,,,0.0
WX-CYLB,2030-05-07T04:00:00Z,13.4,38.0,6.0,8.0,207.0,0.0
WX-CYMM,2030-05-07T04:00:00Z,13.6,36.0,5.0,7.0,224.0,0.0
WX-CYOD,2030-05-07T04:00:00Z,15.8,26.0,6.0,9.0,215.0,0.0
WX-CYOJ,2030-05-07T04:00:00Z,14.2,36.0,7.0,9.0,240.0,0.0
WX-CYPE,2030-05-07T04:00:00Z,13.8,34.0,6.0,9.0,203.0,0.0
WX-CYPY,2030-05-07T04:00:00Z,13.0,38.0,8.0,12.0,233.0,0.0
WX-CYQU,2030-05-07T04:00:00Z,14.3,37.0,6.0,9.0,243.0,0.0
WX-CYWM,2030-05-07T04:00:00Z,14.0,36.0,5.0,8.0,201.0,0.0
WX-CYZH,2030-05-07T04:00:00Z,15.8,32.0,4.0,5.0,249.0,0.0
WX-CYZU,2030-05-07T04:00:00Z,18.2,28.0,5.0,7.0,228.0,0.0
WX-CZHP,2030-05-07T04:00:00Z,14.9,41.0,4.0,6.0,227.0,0.0
WX-CEE5,2030-05-07T05:00:00Z,10.6,44.0,3.0,4.0,218.0,0.0
WX-CEH5,2030-05-07T05:00:00Z,13.0,32.0,5.0,8.0,214.0,0.0
WX-CEM5,2030-05-07T05:00:00Z,14.3,32.0,5.0,7.0,226.0,0.0
WX-CET2,2030-05-07T05:00:00Z,7.7,49.0,6.0,8.0,215.0,0.0
WX-CFN5,2030-05-07T05:00:00Z,9.7,56.0,6.0,8.0,237.0,0.0
WX-CFX4,2030-05-07T05:00:00Z,11.0,41.0,4.0,5.0,226.0,0.0
WX-CYEG,2030-05-07T05:00:00Z,9.3,46.0,6.0,9.0,231.0,0.0
WX-CYLB,2030-05-07T05:00:00Z,11.7,38.0,5.0,7.0,220.0,0.0
WX-CYMM,2030-05-07T05:00:00Z,11.5,48.0,3.0,4.0,234.0,0.0
WX-CYOD,2030-05-07T05:00:00Z,12.8,36.0,4.0,6.0,232.0,0.0
WX-CYOJ,2030-05-07T05:00:00Z,11.3,40.0,6.0,10.0,232.0,0.0
WX-CYPE,2030-05-07T05:00:00Z,10.8,41.0,4.0,5.0,210.0,0.0
WX-CYPY,2030-05-07T05:00:00Z,10.4,43.0,5.0,7.0,234.0,0.0
WX-CYQU,2030-05-07T05:00:00Z,,,,,,0.0
WX-CYWM,2030-05-07T05:00:00Z,11.2,48.0,4.0,6.0,198.0,0.0
WX-CYZH,2030-05-07T05:00:00Z,13.0,32.0,4.0,6.0,248.0,0.0
WX-CYZU,2030-05-07T05:00:00Z,14.9,28.0,5.0,8.0,226.0,0.0
WX-CZHP,2030-05-07T05:00:00Z,12.0,43.0,4.0,5.0,207.0,0.0
WX-CEE5,2030-05-07T06:00:00Z,11.5,40.0,5.0,7.0,216.0,0.0
WX-CEH5,2030-05-07T06:00:00Z,14.0,32.0,9.0,14.0,216.0,0.0
WX-CEM5,2030-05-07T06:00:00Z,15.6,27.0,9.0,12.0,227.0,0.0
WX-CET2,2030-05-07T06:00:00Z,8.9,45.0,8.0,12.0,218.0,0.0
WX-CFN5,2030-05-07T06:00:00Z,,,,,,0.0
WX-CFX4,2030-05-07T06:00:00Z,12.3,39.0,5.0,8.0,211.0,0.0
WX-CYEG,2030-05-07T06:00:00Z,10.5,46.0,10.0,13.0,214.0,0.0
WX-CYLB,2030-05-07T06:00:00Z,12.0,34.0,7.0,10.0,209.0,0.0
WX-CYMM,2030-05-07T06:00:00Z,12.4,41.0,4.0,6.0,212.0,0.0
WX-CYOD,2030-05-07T06:00:00Z,12.6,33.0,6.0,8.0,206.0,0.0
WX-CYOJ,2030-05-07T06:00:00Z,11.8,35.0,9.0,14.0,238.0,0.0
WX-CYPE,2030-05-07T06:00:00Z,13.2,40.0,6.0,8.0,197.0,0.0
WX-CYPY,2030-05-07T06:00:00Z,11.8,39.0,8.0,12.0,228.0,0.0
WX-CYQU,2030-05-07T06:00:00Z,13.2,36.0,10.0,14.0,218.0,0.0
WX-CYWM,2030-05-07T06:00:00Z,11.9,43.0,5.0,7.0,210.0,0.0
WX-CYZH,2030-05-07T06:00:00Z,14.1,33.0,9.0,13.0,228.0,0.0
WX-CYZU,2030-05-07T06:00:00Z,15.7,31.0,9.0,12.0,240.0,0.0
WX-CZHP,2030-05-07T06:00:00Z,13.0,39.0,6.0,9.0,194.0,0.0
WX-CEE5,2030-05-07T07:00:00Z,9.1,46.0,8.0,11.0,206.0,0.0
WX-CEH5,2030-05-07T07:00:00Z,12.7,35.0,7.0,9.0,205.0,0.0
WX-CEM5,2030-05-07T07:00:00Z,14.5,37.0,8.0,11.0,223.0,0.0
WX-CET2,2030-05-07T07:00:00Z,7.2,54.0,9.0,13.0,211.0,0.0
WX-CFN5,2030-05-07T07:00:00Z,8.6,56.0,11.0,15.0,220.0,0.0
WX-CFX4,2030-05-07T07:00:00Z,10.6,42.0,6.0,9.0,235.0,0.0
WX-CYEG,2030-05-07T07:00:00Z,9.1,52.0,11.0,17.0,216.0,0.0
WX-CYLB,2030-05-07T07:00:00Z,10.5,42.0,10.0,15.0,226.0,0.0
WX-CYMM,2030-05-07T07:00:00Z,10.9,49.0,7.0,11.0,202.0,0.0
WX-CYOD,2030-05-07T07:00:00Z,11.4,35.0,8.0,10.0,209.0,0.0
WX-CYOJ,2030-05-07T07:00:00Z,10.3,45.0,9.0,12.0,231.0,0.0
WX-CYPE,2030-05-07T07:00:00Z,10.1,45.0,6.0,9.0,192.0,0.0
WX-CYPY,2030-05-07T07:00:00Z,9.5,43.0,8.0,11.0,235.0,0.0
WX-CYQU,2030-05-07T07:00:00Z,10.7,46.0,8.0,11.0,216.0,0.0
WX-CYWM,2030-05-07T07:00:00Z,9.8,51.0,11.0,14.0,194.0,0.0
WX-CYZH,2030-05-07T07:00:00Z,12.2,37.0,7.0,11.0,227.0,0.0
WX-CYZU,2030-05-07T07:00:00Z,13.8,32.0,5.0,8.0,227.0,0.0
WX-CZHP,2030-05-07T07:00:00Z,11.1,46.0,6.0,8.0,216.0,0.0
WX-CEE5,2030-05-07T08:00:00Z,7.9,50.0,6.0,9.0,217.0,0.0
WX-CEH5,2030-05-07T08:00:00Z,11.2,38.0,7.0,11.0,205.0,0.0
WX-CEM5,2030-05-07T08:00:00Z,12.0,40.0,7.0,10.0,234.0,0.0
WX-CET2,2030-05-07T08:00:00Z,6.1,59.0,10.0,13.0,209.0,0.0
WX-CFN5,2030-05-07T08:00:00Z,7.3,54.0,11.0,17.0,218.0,0.0
WX-CFX4,2030-05-07T08:00:00Z,8.6,52.0,6.0,8.0,214.0,0.0
WX-CYEG,2030-05-07T08:00:00Z,7.1,54.0,9.0,12.0,209.0,0.0
WX-CYLB,2030-05-07T08:00:00Z,8.2,41.0,8.0,12.0,199.0,0.0
WX-CYMM,2030-05-07T08:00:00Z,10.3,47.0,7.0,11.0,224.0,0.0
WX-CYOD,2030-05-07T08:00:00Z,9.9,42.0,7.0,11.0,211.0,0.0
WX-CYOJ,2030-05-07T08:00:00Z,9.0,51.0,9.0,14.0,218.0,0.0
WX-CYPE,2030-05-07T08:00:00Z,9.7,49.0,7.0,10.0,217.0,0.0
WX-CYPY,2030-05-07T08:00:00Z,8.7,50.0,8.0,11.0,239.0,0.0
WX-CYQU,2030-05-07T08:00:00Z,9.9,42.0,10.0,16.0,211.0,0.0
WX-CYWM,2030-05-07T08:00:00Z,8.5,52.0,9.0,13.0,206.0,0.0
WX-CYZH,2030-05-07T08:00:00Z,10.8,45.0,8.0,13.0,230.0,0.0
WX-CYZU,2030-05-07T08:00:00Z,11.8,37.0,7.0,9.0,221.0,0.0
WX-CZHP,2030-05-07T08:00:00Z,9.4,55.0,8.0,10.0,194.0,0.0
WX-CEE5,2030-05-07T09:00:00Z,7.4,57.0,6.0,8.0,207.0,0.0
WX-CEH5,2030-05-07T09:00:00Z,10.9,40.0,8.0,13.0,201.0,0.0
WX-CEM5,2030-05-07T09:00:00Z,12.0,41.0,8.0,12.0,227.0,0.0
WX-CET2,2030-05-07T09:00:00Z,4.9,58.0,10.0,15.0,215.0,0.0
WX-CFN5,2030-05-07T09:00:00Z,6.6,62.0,10.0,13.0,239.0,0.0
WX-CFX4,2030-05-07T09:00:00Z,8.4,47.0,6.0,9.0,211.0,0.0
WX-CYEG,2030-05-07T09:00:00Z,6.9,58.0,9.0,12.0,206.0,0.0
WX-CYLB,2030-05-07T09:00:00Z,8.0,47.0,11.0,16.0,220.0,0.0
WX-CYMM,2030-05-07T09:00:00Z,8.6,55.0,6.0,9.0,209.0,0.0
WX-CYOD,2030-05-07T09:00:00Z,9.5,43.0,6.0,9.0,214.0,0.0
WX-CYOJ,2030-05-07T09:00:00Z,8.1,49.0,10.0,16.0,222.0,0.0
WX-CYPE,2030-05-07T09:00:00Z,8.3,46.0,6.0,9.0,195.0,0.0
WX-CYPY,2030-05-07T09:00:00Z,6.6,52.0,9.0,12.0,229.0,0.0
WX-CYQU,2030-05-07T09:00:00Z,8.1,50.0,7.0,11.0,208.0,0.0
WX-CYWM,2030-05-07T09:00:00Z,8.5,59.0,6.0,9.0,204.0,0.0
WX-CYZH,2030-05-07T09:00:00Z,9.3,46.0,7.0,11.0,231.0,0.0
WX-CYZU,2030-05-07T09:00:00Z,10.7,43.0,7.0,11.0,218.0,0.0
WX-CZHP,2030-05-07T09:00:00Z,8.8,53.0,8.0,13.0,200.0,0.0
WX-CEE5,2030-05-07T10:00:00Z,7.5,58.0,5.0,7.0,207.0,0.0
WX-CEH5,2030-05-07T10:00:00Z,10.7,40.0,8.0,13.0,207.0,0.0
WX-CEM5,2030-05-07T10:00:00Z,11.9,44.0,6.0,9.0,227.0,0.0
WX-CET2,2030-05-07T10:00:00Z,5.5,64.0,10.0,16.0,209.0,0.0
WX-CFN5,2030-05-07T10:00:00Z,6.6,63.0,8.0,12.0,242.0,0.0
WX-CFX4,2030-05-07T10:00:00Z,8.1,52.0,6.0,8.0,215.0,0.0
WX-CYEG,2030-05-07T10:00:00Z,6.6,54.0,8.0,11.0,219.0,0.0
WX-CYLB,2030-05-07T10:00:00Z,7.5,50.0,10.0,15.0,208.0,0.0
WX-CYMM,2030-05-07T10:00:00Z,9.1,53.0,9.0,14.0,214.0,0.0
WX-CYOD,2030-05-07T10:00:00Z,8.6,42.0,7.0,10.0,205.0,0.0
WX-CYOJ,2030-05-07T10:00:00Z,7.0,52.0,10.0,15.0,221.0,0.0
WX-CYPE,2030-05-07T10:00:00Z,7.9,52.0,7.0,10.0,194.0,0.0
WX-CYPY,2030-05-07T10:00:00Z,7.6,52.0,9.0,14.0,234.0,0.0
WX-CYQU,2030-05-07T10:00:00Z,8.8,53.0,8.0,11.0,219.0,0.0
WX-CYWM,2030-05-07T10:00:00Z,8.0,58.0,5.0,6.0,204.0,0.0
WX-CYZH,2030-05-07T10:00:00Z,9.3,42.0,7.0,10.0,228.0,0.0
WX-CYZU,2030-05-07T10:00:00Z,12.3,40.0,4.0,5.0,239.0,0.0
WX-CZHP,2030-05-07T10:00:00Z,9.4,51.0,5.0,6.0,203.0,0.0
WX-CEE5,2030-05-07T11:00:00Z,7.6,47.0,6.0,8.0,225.0,0.0
WX-CEH5,2030-05-07T11:00:00Z,11.1,42.0,7.0,9.0,196.0,0.0
WX-CEM5,2030-05-07T11:00:00Z,13.0,41.0,7.0,9.0,225.0,0.0
WX-CET2,2030-05-07T11:00:00Z,6.2,63.0,9.0,13.0,208.0,0.0
WX-CFN5,2030-05-07T11:00:00Z,7.6,62.0,12.0,16.0,233.0,0.0
WX-CFX4,2030-05-07T11:00:00Z,8.9,45.0,5.0,7.0,221.0,0.0
WX-CYEG,2030-05-07T11:00:00Z,7.6,50.0,7.0,9.0,211.0,0.0
WX-CYLB,2030-05-07T11:00:00Z,8.6,42.0,10.0,14.0,192.0,0.0
WX-CYMM,2030-05-07T11:00:00Z,9.5,52.0,8.0,10.0,202.0,0.0
WX-CYOD,2030-05-07T11:00:00Z,10.6,38.0,5.0,7.0,212.0,0.0
WX-CYOJ,2030-05-07T11:00:00Z,9.2,47.0,7.0,10.0,226.0,0.0
WX-CYPE,2030-05-07T11:00:00Z,8.8,48.0,5.0,8.0,184.0,0.0
WX-CYPY,2030-05-07T11:00:00Z,8.1,46.0,8.0,12.0,230.0,0.0
WX-CYQU,2030-05-07T11:00:00Z,9.6,51.0,10.0,14.0,231.0,0.0
WX-CYWM,2030-05-07T11:00:00Z,9.1,59.0,7.0,10.0,187.0,0.0
WX-CYZH,2030-05-07T11:00:00Z,10.8,42.0,8.0,10.0,239.0,0.0
WX-CYZU,2030-05-07T11:00:00Z,13.0,40.0,7.0,9.0,231.0,0.0
WX-CZHP,2030-05-07T11:00:00Z,9.3,51.0,8.0,11.0,222.0,0.0
WX-CEE5,2030-05-07T12:00:00Z,9.2,49.0,6.0,8.0,204.0,0.0
WX-CEH5,2030-05-07T12:00:00Z,12.3,37.0,9.0,11.0,203.0,0.0
WX-CEM5,2030-05-07T12:00:00Z,14.1,33.0,6.0,8.0,229.0,0.0
WX-CET2,2030-05-07T12:00:00Z,6.9,52.0,9.0,12.0,207.0,0.0
WX-CFN5,2030-05-07T12:00:00Z,8.4,55.0,10.0,15.0,255.0,0.0
WX-CFX4,2030-05-07T12:00:00Z,10.2,44.0,9.0,13.0,218.0,0.0
WX-CYEG,2030-05-07T12:00:00Z,8.6,51.0,10.0,16.0,206.0,0.0
WX-CYLB,2030-05-07T12:00:00Z,10.2,41.0,10.0,16.0,211.0,0.0
WX-CYMM,2030-05-07T12:00:00Z,10.3,45.0,9.0,13.0,220.0,0.0
WX-CYOD,2030-05-07T12:00:00Z,11.5,31.0,8.0,12.0,220.0,0.0
WX-CYOJ,2030-05-07T12:00:00Z,11.0,51.0,11.0,17.0,224.0,0.0
WX-CYPE,2030-05-07T12:00:00Z,10.5,41.0,6.0,9.0,211.0,0.0
WX-CYPY,2030-05-07T12:00:00Z,9.1,39.0,9.0,12.0,221.0,0.0
WX-CYQU,2030-05-07T12:00:00Z,10.8,46.0,8.0,12.0,217.0,0.0
WX-CYWM,2030-05-07T12:00:00Z,10.3,52.0,9.0,12.0,211.0,0.0
WX-CYZH,2030-05-07T12:00:00Z,11.9,39.0,7.0,10.0,216.0,0.0
WX-CYZU,2030-05-07T12:00:00Z,14.2,33.0,5.0,8.0,236.0,0.0
WX-CZHP,2030-05-07T12:00:00Z,10.7,45.0,7.0,9.0,197.0,0.0
WX-CEE5,2030-05-07T13:00:00Z,11.5,41.0,5.0,6.0,208.0,0.0
WX-CEH5,2030-05-07T13:00:00Z,15.0,31.0,8.0,12.0,197.0,0.0
WX-CEM5,2030-05-07T13:00:00Z,16.2,32.0,6.0,9.0,221.0,0.0
WX-CET2,2030-05-07T13:00:00Z,8.4,45.0,8.0,13.0,218.0,0.0
WX-CFN5,2030-05-07T13:00:00Z,10.3,51.0,9.0,14.0,233.0,0.0
WX-CFX4,2030-05-07T13:00:00Z,12.4,37.0,7.0,9.0,218.0,0.0
WX-CYEG,2030-05-07T13:00:00Z,11.4,44.0,6.0,9.0,228.0,0.0
WX-CYLB,2030-05-07T13:00:00Z,12.0,35.0,9.0,14.0,209.0,0.0
WX-CYMM,2030-05-07T13:00:00Z,11.8,37.0,5.0,8.0,206.0,0.0
WX-CYOD,2030-05-07T13:00:00Z,12.9,34.0,5.0,8.0,217.0,0.0
WX-CYOJ,2030-05-07T13:00:00Z,12.0,41.0,9.0,11.0,228.0,0.0
WX-CYPE,2030-05-07T13:00:00Z,11.7,38.0,10.0,15.0,203.0,0.0
WX-CYPY,2030-05-07T13:00:00Z,11.0,39.0,8.0,12.0,227.0,0.0
WX-CYQU,2030-05-07T13:00:00Z,13.3,41.0,9.0,12.0,229.0,0.0
WX-CYWM,2030-05-07T13:00:00Z,12.9,45.0,7.0,9.0,210.0,0.0
WX-CYZH,2030-05-07T13:00:00Z,13.4,35.0,7.0,10.0,221.0,0.0
WX-CYZU,2030-05-07T13:00:00Z,16.3,32.0,6.0,8.0,228.0,0.0
WX-CZHP,2030-05-07T13:00:00Z,12.9,38.0,9.0,13.0,205.0,0.0
WX-CEE5,2030-05-07T14:00:00Z,,,,,,0.0
WX-CEH5,2030-05-07T14:00:00Z,16.7,24.0,9.0,12.0,201.0,0.0
WX-CEM5,2030-05-07T14:00:00Z,18.1,29.0,11.0,14.0,225.0,0.0
WX-CET2,2030-05-07T14:00:00Z,11.7,41.0,11.0,14.0,202.0,0.0
WX-CFN5,2030-05-07T14:00:00Z,12.6,45.0,14.0,22.0,231.0,0.0
WX-CFX4,2030-05-07T14:00:00Z,15.0,38.0,11.0,16.0,221.0,0.0
WX-CYEG,2030-05-07T14:00:00Z,12.5,37.0,11.0,14.0,218.0,0.0
WX-CYLB,2030-05-07T14:00:00Z,15.3,31.0,10.0,15.0,217.0,0.0
WX-CYMM,2030-05-07T14:00:00Z,14.8,34.0,9.0,14.0,202.0,0.0
WX-CYOD,2030-05-07T14:00:00Z,15.8,28.0,9.0,13.0,222.0,0.0
WX-CYOJ,2030-05-07T14:00:00Z,14.7,38.0,17.0,23.0,234.0,0.0
WX-CYPE,2030-05-07T14:00:00Z,15.0,28.0,7.0,10.0,203.0,0.0
WX-CYPY,2030-05-07T14:00:00Z,14.4,33.0,11.0,17.0,219.0,0.0
WX-CYQU,2030-05-07T14:00:00Z,15.2,32.0,11.0,16.0,209.0,0.0
WX-CYWM,2030-05-07T14:00:00Z,14.9,39.0,8.0,11.0,220.0,0.0
WX-CYZH,2030-05-07T14:00:00Z,16.0,31.0,10.0,14.0,222.0,0.0
WX-CYZU,2030-05-07T14:00:00Z,18.3,26.0,9.0,14.0,213.0,0.0
WX-CZHP,2030-05-07T14:00:00Z,15.6,34.0,11.0,16.0,196.0,0.0
WX-CEE5,2030-05-07T15:00:00Z,16.1,29.0,12.0,16.0,214.0,0.0
WX-CEH5,2030-05-07T15:00:00Z,19.5,21.0,14.0,18.0,208.0,0.0
WX-CEM5,2030-05-07T15:00:00Z,20.3,25.0,13.0,19.0,225.0,0.0
WX-CET2,2030-05-07T15:00:00Z,14.0,35.0,17.0,27.0,222.0,0.0
WX-CFN5,2030-05-07T15:00:00Z,15.4,37.0,20.0,31.0,240.0,0.0
WX-CFX4,2030-05-07T15:00:00Z,17.5,26.0,11.0,18.0,222.0,0.0
WX-CYEG,2030-05-07T15:00:00Z,15.3,33.0,16.0,21.0,209.0,0.0
WX-CYLB,2030-05-07T15:00:00Z,17.2,26.0,15.0,21.0,222.0,0.0
WX-CYMM,2030-05-07T15:00:00Z,17.0,32.0,14.0,18.0,198.0,0.0
WX-CYOD,2030-05-07T15:00:00Z,18.3,22.0,15.0,20.0,204.0,0.0
WX-CYOJ,2030-05-07T15:00:00Z,15.2,39.0,33.0,51.0,263.0,0.0
WX-CYPE,2030-05-07T15:00:00Z,17.3,26.0,14.0,18.0,199.0,0.0
WX-CYPY,2030-05-07T15:00:00Z,16.8,27.0,15.0,22.0,222.0,0.0
WX-CYQU,2030-05-07T15:00:00Z,17.7,24.0,17.0,22.0,212.0,0.0
WX-CYWM,2030-05-07T15:00:00Z,17.2,35.0,14.0,19.0,208.0,0.0
WX-CYZH,2030-05-07T15:00:00Z,19.1,26.0,13.0,17.0,234.0,0.0
WX-CYZU,2030-05-07T15:00:00Z,21.1,23.0,13.0,20.0,227.0,0.0
WX-CZHP,2030-05-07T15:00:00Z,18.0,28.0,14.0,21.0,199.0,0.0
WX-CEE5,2030-05-07T16:00:00Z,18.9,29.0,15.0,24.0,205.0,0.0
WX-CEH5,2030-05-07T16:00:00Z,22.1,18.0,20.0,27.0,210.0,0.0
WX-CEM5,2030-05-07T16:00:00Z,23.3,23.0,15.0,23.0,240.0,0.0
WX-CET2,2030-05-07T16:00:00Z,17.0,27.0,18.0,25.0,213.0,0.0
WX-CFN5,2030-05-07T16:00:00Z,17.9,34.0,29.0,40.0,244.0,0.0
WX-CFX4,2030-05-07T16:00:00Z,19.2,25.0,12.0,17.0,231.0,0.0
WX-CYEG,2030-05-07T16:00:00Z,19.3,26.0,22.0,32.0,221.0,0.0
WX-CYLB,2030-05-07T16:00:00Z,20.2,18.0,22.0,30.0,215.0,0.0
WX-CYMM,2030-05-07T16:00:00Z,19.9,24.0,17.0,27.0,209.0,0.0
WX-CYOD,2030-05-07T16:00:00Z,20.8,21.0,16.0,25.0,209.0,0.0
WX-CYOJ,2030-05-07T16:00:00Z,14.6,38.0,50.0,74.0,306.0,0.0
WX-CYPE,2030-05-07T16:00:00Z,19.9,23.0,14.0,19.0,208.0,0.0
WX-CYPY,2030-05-07T16:00:00Z,20.2,25.0,18.0,28.0,230.0,0.0
WX-CYQU,2030-05-07T16:00:00Z,19.1,26.0,20.0,29.0,224.0,0.0
WX-CYWM,2030-05-07T16:00:00Z,20.9,24.0,19.0,25.0,201.0,0.0
WX-CYZH,2030-05-07T16:00:00Z,22.0,25.0,20.0,30.0,218.0,0.0
WX-CYZU,2030-05-07T16:00:00Z,23.5,20.0,15.0,21.0,241.0,0.0
WX-CZHP,2030-05-07T16:00:00Z,20.5,27.0,20.0,31.0,210.0,0.0
WX-CEE5,2030-05-07T17:00:00Z,22.3,23.0,18.0,29.0,200.0,0.0
WX-CEH5,2030-05-07T17:00:00Z,25.2,18.0,24.0,38.0,188.0,0.0
WX-CEM5,2030-05-07T17:00:00Z,26.6,17.0,20.0,29.0,241.0,0.0
WX-CET2,2030-05-07T17:00:00Z,19.5,25.0,20.0,26.0,221.0,0.0
WX-CFN5,2030-05-07T17:00:00Z,18.6,27.0,35.0,47.0,262.0,0.0
WX-CFX4,2030-05-07T17:00:00Z,21.9,23.0,23.0,29.0,223.0,0.0
WX-CYEG,2030-05-07T17:00:00Z,21.2,24.0,23.0,34.0,219.0,0.0
WX-CYLB,2030-05-07T17:00:00Z,22.3,15.0,23.0,36.0,224.0,0.0
WX-CYMM,2030-05-07T17:00:00Z,23.0,20.0,19.0,27.0,225.0,0.0
WX-CYOD,2030-05-07T17:00:00Z,23.9,19.0,19.0,25.0,212.0,0.0
WX-CYOJ,2030-05-07T17:00:00Z,16.0,37.0,56.0,73.0,323.0,0.0
WX-CYPE,2030-05-07T17:00:00Z,23.2,21.0,12.0,18.0,208.0,0.0
WX-CYPY,2030-05-07T17:00:00Z,21.5,22.0,20.0,27.0,221.0,0.0
WX-CYQU,2030-05-07T17:00:00Z,23.1,20.0,26.0,38.0,220.0,0.0
WX-CYWM,2030-05-07T17:00:00Z,22.6,23.0,18.0,27.0,195.0,0.0
WX-CYZH,2030-05-07T17:00:00Z,,,,,,0.0
WX-CYZU,2030-05-07T17:00:00Z,26.2,13.0,17.0,25.0,223.0,0.0
WX-CZHP,2030-05-07T17:00:00Z,22.7,19.0,22.0,29.0,217.0,0.0
WX-CEE5,2030-05-07T18:00:00Z,24.1,18.0,21.0,28.0,216.0,0.0
WX-CEH5,2030-05-07T18:00:00Z,27.1,16.0,22.0,30.0,211.0,0.0
WX-CEM5,2030-05-07T18:00:00Z,27.9,10.0,24.0,35.0,223.0,0.0
WX-CET2,2030-05-07T18:00:00Z,22.1,22.0,30.0,40.0,219.0,0.0
WX-CFN5,2030-05-07T18:00:00Z,16.7,37.0,60.0,86.0,332.0,0.0
WX-CFX4,2030-05-07T18:00:00Z,20.5,28.0,33.0,47.0,292.0,0.0
WX-CYEG,2030-05-07T18:00:00Z,23.8,18.0,27.0,42.0,202.0,0.0
WX-CYLB,2030-05-07T18:00:00Z,25.6,12.0,30.0,43.0,218.0,0.0
WX-CYMM,2030-05-07T18:00:00Z,25.1,17.0,20.0,30.0,205.0,0.0
WX-CYOD,2030-05-07T18:00:00Z,25.9,13.0,22.0,31.0,209.0,0.0
WX-CYOJ,2030-05-07T18:00:00Z,17.3,27.0,44.0,65.0,335.0,0.0
WX-CYPE,2030-05-07T18:00:00Z,25.1,16.0,22.0,33.0,196.0,0.0
WX-CYPY,2030-05-07T18:00:00Z,24.7,18.0,25.0,33.0,208.0,0.0
WX-CYQU,2030-05-07T18:00:00Z,24.9,19.0,32.0,44.0,220.0,0.0
WX-CYWM,2030-05-07T18:00:00Z,24.8,18.0,19.0,30.0,207.0,0.0
WX-CYZH,2030-05-07T18:00:00Z,26.2,16.0,21.0,34.0,215.0,0.0
WX-CYZU,2030-05-07T18:00:00Z,28.7,15.0,25.0,34.0,227.0,0.0
WX-CZHP,2030-05-07T18:00:00Z,,,,,,0.0
WX-CEE5,2030-05-07T19:00:00Z,25.1,20.0,24.0,33.0,207.0,0.0
WX-CEH5,2030-05-07T19:00:00Z,29.1,13.0,25.0,33.0,200.0,0.0
WX-CEM5,2030-05-07T19:00:00Z,30.4,14.0,25.0,38.0,229.0,0.0
WX-CET2,2030-05-07T19:00:00Z,23.9,16.0,28.0,38.0,218.0,0.0
WX-CFN5,2030-05-07T19:00:00Z,16.7,37.0,56.0,72.0,320.0,0.0
WX-CFX4,2030-05-07T19:00:00Z,19.1,34.0,42.0,58.0,324.0,0.0
WX-CYEG,2030-05-07T19:00:00Z,25.4,15.0,29.0,44.0,212.0,0.0
WX-CYLB,2030-05-07T19:00:00Z,26.5,16.0,33.0,50.0,222.0,0.0
WX-CYMM,2030-05-07T19:00:00Z,27.6,19.0,23.0,33.0,215.0,0.0
WX-CYOD,2030-05-07T19:00:00Z,28.0,13.0,23.0,33.0,213.0,0.0
WX-CYOJ,2030-05-07T19:00:00Z,18.7,35.0,48.0,63.0,335.0,0.0
WX-CYPE,2030-05-07T19:00:00Z,26.0,18.0,29.0,43.0,201.0,0.0
WX-CYPY,2030-05-07T19:00:00Z,26.6,10.0,26.0,37.0,210.0,0.0
WX-CYQU,2030-05-07T19:00:00Z,25.8,16.0,37.0,52.0,251.0,0.0
WX-CYWM,2030-05-07T19:00:00Z,26.9,19.0,27.0,35.0,212.0,0.0
WX-CYZH,2030-05-07T19:00:00Z,28.7,15.0,24.0,36.0,253.0,0.0
WX-CYZU,2030-05-07T19:00:00Z,30.1,11.0,24.0,38.0,220.0,0.0
WX-CZHP,2030-05-07T19:00:00Z,27.9,19.0,23.0,30.0,199.0,0.0
WX-CEE5,2030-05-07T20:00:00Z,27.0,14.0,23.0,34.0,212.0,0.0
WX-CEH5,2030-05-07T20:00:00Z,30.9,10.0,26.0,37.0,209.0,0.0
WX-CEM5,2030-05-07T20:00:00Z,32.1,11.0,25.0,40.0,222.0,0.0
WX-CET2,2030-05-07T20:00:00Z,24.7,15.0,27.0,37.0,219.0,0.0
WX-CFN5,2030-05-07T20:00:00Z,18.1,36.0,56.0,83.0,343.0,0.0
WX-CFX4,2030-05-07T20:00:00Z,19.5,31.0,50.0,74.0,324.0,0.0
WX-CYEG,2030-05-07T20:00:00Z,26.6,15.0,29.0,39.0,190.0,0.0
WX-CYLB,2030-05-07T20:00:00Z,28.2,13.0,32.0,50.0,220.0,0.0
WX-CYMM,2030-05-07T20:00:00Z,27.8,14.0,24.0,35.0,212.0,0.0
WX-CYOD,2030-05-07T20:00:00Z,29.0,10.0,25.0,38.0,201.0,0.0
WX-CYOJ,2030-05-07T20:00:00Z,19.0,32.0,43.0,62.0,330.0,0.0
WX-CYPE,2030-05-07T20:00:00Z,21.5,24.0,47.0,73.0,281.0,0.0
WX-CYPY,2030-05-07T20:00:00Z,27.9,17.0,25.0,33.0,227.0,0.0
WX-CYQU,2030-05-07T20:00:00Z,21.4,29.0,54.0,68.0,313.0,0.0
WX-CYWM,2030-05-07T20:00:00Z,28.6,21.0,23.0,32.0,216.0,0.0
WX-CYZH,2030-05-07T20:00:00Z,30.3,17.0,29.0,42.0,235.0,0.0
WX-CYZU,2030-05-07T20:00:00Z,30.9,11.0,24.0,37.0,241.0,0.0
WX-CZHP,2030-05-07T20:00:00Z,28.4,15.0,25.0,32.0,193.0,0.0
WX-CEE5,2030-05-07T21:00:00Z,28.3,12.0,24.0,35.0,215.0,0.0
WX-CEH5,2030-05-07T21:00:00Z,31.3,14.0,33.0,44.0,212.0,0.0
WX-CEM5,2030-05-07T21:00:00Z,33.1,12.0,27.0,37.0,218.0,0.0
WX-CET2,2030-05-07T21:00:00Z,26.1,13.0,35.0,48.0,219.0,0.0
WX-CFN5,2030-05-07T21:00:00Z,17.9,32.0,45.0,72.0,342.0,0.0
WX-CFX4,2030-05-07T21:00:00Z,20.4,28.0,39.0,61.0,330.0,0.0
WX-CYEG,2030-05-07T21:00:00Z,26.9,14.0,30.0,48.0,195.0,0.0
WX-CYLB,2030-05-07T21:00:00Z,28.7,12.0,30.0,38.0,223.0,0.0
WX-CYMM,2030-05-07T21:00:00Z,28.8,11.0,23.0,30.0,225.0,0.0
WX-CYOD,2030-05-07T21:00:00Z,29.9,11.0,23.0,29.0,209.0,0.0
WX-CYOJ,2030-05-07T21:00:00Z,20.1,25.0,39.0,61.0,322.0,0.0
WX-CYPE,2030-05-07T21:00:00Z,20.8,30.0,39.0,56.0,300.0,0.0
WX-CYPY,2030-05-07T21:00:00Z,28.3,15.0,35.0,48.0,226.0,0.0
WX-CYQU,2030-05-07T21:00:00Z,21.0,29.0,62.0,95.0,333.0,0.0
WX-CYWM,2030-05-07T21:00:00Z,,,,,,0.0
WX-CYZH,2030-05-07T21:00:00Z,30.4,8.0,25.0,40.0,236.0,0.0
WX-CYZU,2030-05-07T21:00:00Z,32.6,5.0,25.0,33.0,227.0,0.0
WX-CZHP,2030-05-07T21:00:00Z,30.0,17.0,26.0,41.0,208.0,0.0
WX-CEE5,2030-05-07T22:00:00Z,28.1,15.0,22.0,33.0,216.0,0.0
WX-CEH5,2030-05-07T22:00:00Z,27.3,13.0,34.0,49.0,237.0,0.0
WX-CEM5,2030-05-07T22:00:00Z,32.7,10.0,22.0,34.0,225.0,0.0
WX-CET2,2030-05-07T22:00:00Z,25.8,17.0,27.0,43.0,213.0,0.0
WX-CFN5,2030-05-07T22:00:00Z,18.1,36.0,46.0,64.0,347.0,0.0
WX-CFX4,2030-05-07T22:00:00Z,19.5,29.0,34.0,48.0,325.0,0.0
WX-CYEG,2030-05-07T22:00:00Z,27.4,17.0,28.0,36.0,205.0,0.0
WX-CYLB,2030-05-07T22:00:00Z,28.9,13.0,30.0,40.0,229.0,0.0
WX-CYMM,2030-05-07T22:00:00Z,30.4,18.0,23.0,33.0,221.0,0.0
WX-CYOD,2030-05-07T22:00:00Z,30.5,14.0,19.0,29.0,202.0,0.0
WX-CYOJ,2030-05-07T22:00:00Z,19.4,28.0,43.0,61.0,320.0,0.0
WX-CYPE,2030-05-07T22:00:00Z,20.5,29.0,43.0,62.0,305.0,0.0
WX-CYPY,2030-05-07T22:00:00Z,27.6,8.0,32.0,51.0,231.0,0.0
WX-CYQU,2030-05-07T22:00:00Z,21.0,25.0,59.0,93.0,331.0,0.0
WX-CYWM,2030-05-07T22:00:00Z,29.3,11.0,20.0,28.0,205.0,0.0
WX-CYZH,2030-05-07T22:00:00Z,30.8,11.0,24.0,31.0,228.0,0.0
WX-CYZU,2030-05-07T22:00:00Z,32.6,9.0,18.0,23.0,230.0,0.0
WX-CZHP,2030-05-07T22:00:00Z,28.6,11.0,34.0,47.0,227.0,0.0
WX-CEE5,2030-05-07T23:00:00Z,27.3,13.0,19.0,26.0,215.0,0.0
WX-CEH5,2030-05-07T23:00:00Z,23.2,26.0,42.0,54.0,289.0,0.0
WX-CEM5,2030-05-07T23:00:00Z,31.9,11.0,21.0,33.0,216.0,0.0
WX-CET2,2030-05-07T23:00:00Z,24.7,13.0,24.0,33.0,210.0,0.0
WX-CFN5,2030-05-07T23:00:00Z,18.1,37.0,40.0,63.0,328.0,0.0
WX-CFX4,2030-05-07T23:00:00Z,19.5,26.0,29.0,41.0,327.0,0.0
WX-CYEG,2030-05-07T23:00:00Z,26.5,17.0,23.0,36.0,214.0,0.0
WX-CYLB,2030-05-07T23:00:00Z,28.4,13.0,28.0,37.0,211.0,0.0
WX-CYMM,2030-05-07T23:00:00Z,28.9,15.0,21.0,30.0,207.0,0.0
WX-CYOD,2030-05-07T23:00:00Z,29.2,9.0,19.0,28.0,203.0,0.0
WX-CYOJ,2030-05-07T23:00:00Z,20.4,28.0,38.0,50.0,323.0,0.0
WX-CYPE,2030-05-07T23:00:00Z,19.3,31.0,31.0,42.0,309.0,0.0
WX-CYPY,2030-05-07T23:00:00Z,24.1,17.0,36.0,55.0,261.0,0.0
WX-CYQU,2030-05-07T23:00:00Z,20.0,30.0,56.0,82.0,315.0,0.0
WX-CYWM,2030-05-07T23:00:00Z,28.8,14.0,18.0,25.0,215.0,0.0
WX-CYZH,2030-05-07T23:00:00Z,30.0,11.0,24.0,30.0,232.0,0.0
WX-CYZU,2030-05-07T23:00:00Z,31.2,15.0,20.0,29.0,227.0,0.0
WX-CZHP,2030-05-07T23:00:00Z,24.0,20.0,47.0,72.0,276.0,0.0
WX-CEE5,2030-05-08T00:00:00Z,26.1,21.0,20.0,29.0,206.0,0.0
WX-CEH5,2030-05-08T00:00:00Z,21.2,27.0,36.0,45.0,311.0,0.0
WX-CEM5,2030-05-08T00:00:00Z,29.6,11.0,19.0,27.0,229.0,0.0
WX-CET2,2030-05-08T00:00:00Z,24.0,18.0,21.0,33.0,221.0,0.0
WX-CFN5,2030-05-08T00:00:00Z,16.1,36.0,37.0,54.0,340.0,0.0
WX-CFX4,2030-05-08T00:00:00Z,19.4,30.0,21.0,32.0,322.0,0.0
WX-CYEG,2030-05-08T00:00:00Z,25.1,17.0,21.0,31.0,209.0,0.0
WX-CYLB,2030-05-08T00:00:00Z,27.2,12.0,22.0,29.0,209.0,0.0
WX-CYMM,2030-05-08T00:00:00Z,27.3,17.0,16.0,21.0,205.0,0.0
WX-CYOD,2030-05-08T00:00:00Z,28.7,16.0,18.0,26.0,196.0,0.0
WX-CYOJ,2030-05-08T00:00:00Z,18.2,29.0,32.0,42.0,322.0,0.0
WX-CYPE,2030-05-08T00:00:00Z,19.0,29.0,27.0,35.0,307.0,0.0
WX-CYPY,2030-05-08T00:00:00Z,19.0,29.0,40.0,59.0,307.0,0.0
WX-CYQU,2030-05-08T00:00:00Z,19.5,28.0,35.0,49.0,315.0,0.2
WX-CYWM,2030-05-08T00:00:00Z,27.1,18.0,15.0,20.0,190.0,0.0
WX-CYZH,2030-05-08T00:00:00Z,28.9,15.0,24.0,36.0,242.0,0.0
WX-CYZU,2030-05-08T00:00:00Z,30.4,13.0,17.0,21.0,226.0,0.0
WX-CZHP,2030-05-08T00:00:00Z,19.5,34.0,43.0,67.0,305.0,0.0
WX-CEE5,2030-05-08T01:00:00Z,23.1,18.0,17.0,23.0,221.0,0.0
WX-CEH5,2030-05-08T01:00:00Z,18.9,27.0,32.0,49.0,309.0,0.0
WX-CEM5,2030-05-08T01:00:00Z,27.7,15.0,16.0,22.0,212.0,0.0
WX-CET2,2030-05-08T01:00:00Z,21.5,18.0,17.0,22.0,220.0,0.0
WX-CFN5,2030-05-08T01:00:00Z,15.4,40.0,23.0,34.0,333.0,0.0
WX-CFX4,2030-05-08T01:00:00Z,17.0,36.0,19.0,27.0,306.0,0.0
WX-CYEG,2030-05-08T01:00:00Z,23.4,17.0,18.0,28.0,220.0,0.0
WX-CYLB,2030-05-08T01:00:00Z,25.0,16.0,21.0,33.0,210.0,0.0
WX-CYMM,2030-05-08T01:00:00Z,25.6,14.0,13.0,17.0,205.0,0.0
WX-CYOD,2030-05-08T01:00:00Z,26.7,16.0,14.0,18.0,201.0,0.0
WX-CYOJ,2030-05-08T01:00:00Z,17.5,37.0,25.0,39.0,330.0,0.0
WX-CYPE,2030-05-08T01:00:00Z,18.1,33.0,21.0,30.0,306.0,0.0
WX-CYPY,2030-05-08T01:00:00Z,17.0,36.0,39.0,53.0,313.0,0.0
WX-CYQU,2030-05-08T01:00:00Z,17.0,33.0,32.0,51.0,332.0,0.2
WX-CYWM,2030-05-08T01:00:00Z,25.0,21.0,13.0,19.0,192.0,0.0
WX-CYZH,2030-05-08T01:00:00Z,25.4,18.0,23.0,29.0,246.0,0.0
WX-CYZU,2030-05-08T01:00:00Z,27.4,14.0,19.0,25.0,232.0,0.0
WX-CZHP,2030-05-08T01:00:00Z,17.8,35.0,40.0,60.0,316.0,0.0
WX-CEE5,2030-05-08T02:00:00Z,16.3,34.0,25.0,40.0,292.0,0.0
WX-CEH5,2030-05-08T02:00:00Z,17.7,30.0,24.0,37.0,306.0,0.0
WX-CEM5,2030-05-08T02:00:00Z,23.3,26.0,20.0,29.0,271.0,0.0
WX-CET2,2030-05-08T02:00:00Z,19.5,22.0,11.0,15.0,222.0,0.0
WX-CFN5,2030-05-08T02:00:00Z,13.8,49.0,21.0,30.0,336.0,0.0
WX-CFX4,2030-05-08T02:00:00Z,15.5,38.0,13.0,19.0,329.0,0.0
WX-CYEG,2030-05-08T02:00:00Z,21.4,27.0,17.0,27.0,218.0,0.0
WX-CYLB,2030-05-08T02:00:00Z,22.5,18.0,11.0,15.0,202.0,0.0
WX-CYMM,2030-05-08T02:00:00Z,22.3,21.0,10.0,15.0,207.0,0.0
WX-CYOD,2030-05-08T02:00:00Z,23.1,16.0,12.0,18.0,214.0,0.0
WX-CYOJ,2030-05-08T02:00:00Z,16.2,34.0,22.0,28.0,331.0,0.0
WX-CYPE,2030-05-08T02:00:00Z,16.3,30.0,14.0,22.0,310.0,0.0
WX-CYPY,2030-05-08T02:00:00Z,15.3,31.0,29.0,39.0,327.0,0.0
WX-CYQU,2030-05-08T02:00:00Z,16.8,38.0,23.0,35.0,323.0,0.0
WX-CYWM,2030-05-08T02:00:00Z,22.6,28.0,10.0,14.0,205.0,0.0
WX-CYZH,2030-05-08T02:00:00Z,18.2,29.0,26.0,35.0,306.0,0.0
WX-CYZU,2030-05-08T02:00:00Z,25.4,14.0,21.0,27.0,241.0,0.0
WX-CZHP,2030-05-08T02:00:00Z,15.8,38.0,25.0,35.0,316.0,0.0
WX-CEE5,2030-05-08T03:00:00Z,13.4,43.0,24.0,31.0,320.0,0.0
WX-CEH5,2030-05-08T03:00:00Z,16.3,35.0,13.0,17.0,306.0,0.2
WX-CEM5,2030-05-08T03:00:00Z,18.4,37.0,18.0,27.0,321.0,0.0
WX-CET2,2030-05-08T03:00:00Z,16.9,28.0,9.0,14.0,215.0,0.0
WX-CFN5,2030-05-08T03:00:00Z,12.2,54.0,15.0,23.0,335.0,0.0
WX-CFX4,2030-05-08T03:00:00Z,14.0,39.0,11.0,17.0,333.0,0.0
WX-CYEG,2030-05-08T03:00:00Z,18.5,27.0,8.0,12.0,220.0,0.0
WX-CYLB,2030-05-08T03:00:00Z,19.3,23.0,11.0,15.0,206.0,0.0
WX-CYMM,2030-05-08T03:00:00Z,19.2,28.0,13.0,19.0,227.0,0.0
WX-CYOD,2030-05-08T03:00:00Z,21.3,18.0,6.0,9.0,218.0,0.0
WX-CYOJ,2030-05-08T03:00:00Z,13.8,42.0,16.0,21.0,325.0,0.0
WX-CYPE,2030-05-08T03:00:00Z,14.4,41.0,13.0,17.0,312.0,0.0
WX-CYPY,2030-05-08T03:00:00Z,13.4,40.0,20.0,30.0,332.0,0.0
WX-CYQU,2030-05-08T03:00:00Z,14.1,41.0,16.0,21.0,315.0,0.0
WX-CYWM,2030-05-08T03:00:00Z,19.9,25.0,9.0,14.0,212.0,0.0
WX-CYZH,2030-05-08T03:00:00Z,15.9,36.0,24.0,36.0,343.0,0.0
WX-CYZU,2030-05-08T03:00:00Z,18.6,28.0,19.0,28.0,305.0,0.0
WX-CZHP,2030-05-08T03:00:00Z,,,,,,0.2
WX-CEE5,2030-05-08T04:00:00Z,11.7,49.0,18.0,27.0,318.0,0.0
WX-CEH5,2030-05-08T04:00:00Z,14.6,37.0,14.0,22.0,306.0,0.2
WX-CEM5,2030-05-08T04:00:00Z,15.4,37.0,23.0,34.0,340.0,0.0
WX-CET2,2030-05-08T04:00:00Z,14.4,36.0,10.0,15.0,207.0,0.0
WX-CFN5,2030-05-08T04:00:00Z,10.9,62.0,16.0,21.0,332.0,0.0
WX-CFX4,2030-05-08T04:00:00Z,11.9,53.0,12.0,17.0,323.0,0.0
WX-CYEG,2030-05-08T04:00:00Z,15.6,37.0,9.0,13.0,203.0,0.0
WX-CYLB,2030-05-08T04:00:00Z,16.8,31.0,8.0,12.0,209.0,0.0
WX-CYMM,2030-05-08T04:00:00Z,14.6,44.0,16.0,20.0,282.0,0.0
WX-CYOD,2030-05-08T04:00:00Z,18.2,24.0,8.0,11.0,199.0,0.0
WX-CYOJ,2030-05-08T04:00:00Z,12.3,51.0,16.0,23.0,315.0,0.0
WX-CYPE,2030-05-08T04:00:00Z,12.3,47.0,14.0,21.0,308.0,0.0
WX-CYPY,2030-05-08T04:00:00Z,11.1,48.0,14.0,21.0,313.0,0.0
WX-CYQU,2030-05-08T04:00:00Z,13.0,49.0,15.0,21.0,333.0,0.0
WX-CYWM,2030-05-08T04:00:00Z,17.1,30.0,11.0,15.0,198.0,0.0
WX-CYZH,2030-05-08T04:00:00Z,14.3,49.0,21.0,31.0,329.0,0.0
WX-CYZU,2030-05-08T04:00:00Z,15.6,36.0,20.0,29.0,322.0,0.0
WX-CZHP,2030-05-08T04:00:00Z,12.7,43.0,16.0,20.0,305.0,0.2
WX-CEE5,2030-05-08T05:00:00Z,8.6,52.0,16.0,23.0,312.0,0.0
WX-CEH5,2030-05-08T05:00:00Z,13.1,44.0,14.0,21.0,322.0,0.0
WX-CEM5,2030-05-08T05:00:00Z,14.3,45.0,15.0,20.0,338.0,0.0
WX-CET2,2030-05-08T05:00:00Z,11.1,43.0,15.0,20.0,223.0,0.0
WX-CFN5,2030-05-08T05:00:00Z,9.1,71.0,16.0,24.0,334.0,0.0
WX-CFX4,2030-05-08T05:00:00Z,9.8,55.0,11.0,17.0,335.0,0.0
WX-CYEG,2030-05-08T05:00:00Z,12.9,41.0,9.0,13.0,214.0,0.0
WX-CYLB,2030-05-08T05:00:00Z,14.0,33.0,10.0,16.0,231.0,0.0
WX-CYMM,2030-05-08T05:00:00Z,9.9,58.0,20.0,28.0,303.0,0.0
WX-CYOD,2030-05-08T05:00:00Z,16.4,23.0,8.0,10.0,204.0,0.0
WX-CYOJ,2030-05-08T05:00:00Z,10.8,54.0,15.0,21.0,329.0,0.0
WX-CYPE,2030-05-08T05:00:00Z,10.4,55.0,12.0,16.0,305.0,0.0
WX-CYPY,2030-05-08T05:00:00Z,9.2,54.0,14.0,19.0,325.0,0.0
WX-CYQU,2030-05-08T05:00:00Z,11.4,54.0,15.0,23.0,323.0,0.0
WX-CYWM,2030-05-08T05:00:00Z,13.0,50.0,15.0,22.0,232.0,0.0
WX-CYZH,2030-05-08T05:00:00Z,12.1,45.0,19.0,27.0,326.0,0.0
WX-CYZU,2030-05-08T05:00:00Z,14.3,41.0,17.0,23.0,328.0,0.0
WX-CZHP,2030-05-08T05:00:00Z,10.9,57.0,15.0,24.0,314.0,0.2
WX-CEE5,2030-05-08T06:00:00Z,4.6,74.0,12.0,16.0,317.0,0.0
WX-CEH5,2030-05-08T06:00:00Z,8.6,51.0,8.0,12.0,319.0,0.0
WX-CEM5,2030-05-08T06:00:00Z,9.0,54.0,12.0,18.0,326.0,0.0
WX-CET2,2030-05-08T06:00:00Z,5.4,65.0,20.0,25.0,286.0,0.0
WX-CFN5,2030-05-08T06:00:00Z,4.1,90.0,10.0,14.0,352.0,0.0
WX-CFX4,2030-05-08T06:00:00Z,5.6,72.0,9.0,14.0,329.0,0.0
WX-CYEG,2030-05-08T06:00:00Z,10.8,50.0,12.0,15.0,212.0,0.0
WX-CYLB,2030-05-08T06:00:00Z,11.5,38.0,14.0,21.0,233.0,0.0
WX-CYMM,2030-05-08T06:00:00Z,6.3,76.0,15.0,24.0,317.0,0.0
WX-CYOD,2030-05-08T06:00:00Z,13.7,31.0,8.0,12.0,213.0,0.0
WX-CYOJ,2030-05-08T06:00:00Z,5.8,68.0,11.0,14.0,327.0,0.0
WX-CYPE,2030-05-08T06:00:00Z,5.3,64.0,6.0,9.0,298.0,0.0
WX-CYPY,2030-05-08T06:00:00Z,4.5,73.0,12.0,18.0,334.0,0.0
WX-CYQU,2030-05-08T06:00:00Z,7.0,66.0,12.0,18.0,340.0,0.0
WX-CYWM,2030-05-08T06:00:00Z,6.4,80.0,16.0,23.0,300.0,0.0
WX-CYZH,2030-05-08T06:00:00Z,8.3,64.0,13.0,17.0,345.0,0.0
WX-CYZU,2030-05-08T06:00:00Z,9.3,52.0,14.0,21.0,329.0,0.0
WX-CZHP,2030-05-08T06:00:00Z,6.5,73.0,11.0,16.0,314.0,0.0
WX-CEE5,2030-05-08T07:00:00Z,3.4,80.0,9.0,12.0,315.0,0.0
WX-CEH5,2030-05-08T07:00:00Z,6.9,57.0,9.0,13.0,326.0,0.0
WX-CEM5,2030-05-08T07:00:00Z,7.7,56.0,13.0,20.0,337.0,0.0
WX-CET2,2030-05-08T07:00:00Z,1.2,88.0,18.0,26.0,322.0,0.0
WX-CFN5,2030-05-08T07:00:00Z,2.3,94.0,12.0,18.0,336.0,0.0
WX-CFX4,2030-05-08T07:00:00Z,4.5,76.0,6.0,9.0,306.0,0.0
WX-CYEG,2030-05-08T07:00:00Z,8.0,55.0,14.0,18.0,217.0,0.0
WX-CYLB,2030-05-08T07:00:00Z,7.4,55.0,17.0,23.0,275.0,0.0
WX-CYMM,2030-05-08T07:00:00Z,3.9,80.0,14.0,21.0,321.0,0.0
WX-CYOD,2030-05-08T07:00:00Z,11.5,36.0,7.0,11.0,209.0,0.0
WX-CYOJ,2030-05-08T07:00:00Z,4.2,74.0,12.0,18.0,343.0,0.0
WX-CYPE,2030-05-08T07:00:00Z,4.4,74.0,8.0,10.0,321.0,0.0
WX-CYPY,2030-05-08T07:00:00Z,4.1,75.0,9.0,14.0,326.0,0.0
WX-CYQU,2030-05-08T07:00:00Z,4.7,73.0,15.0,22.0,358.0,0.0
WX-CYWM,2030-05-08T07:00:00Z,4.4,86.0,16.0,21.0,308.0,0.0
WX-CYZH,2030-05-08T07:00:00Z,6.3,64.0,12.0,18.0,339.0,0.0
WX-CYZU,2030-05-08T07:00:00Z,8.6,59.0,10.0,14.0,328.0,0.0
WX-CZHP,2030-05-08T07:00:00Z,5.8,79.0,11.0,17.0,322.0,0.0
WX-CEE5,2030-05-08T08:00:00Z,2.5,81.0,9.0,14.0,328.0,0.0
WX-CEH5,2030-05-08T08:00:00Z,5.5,69.0,9.0,13.0,293.0,0.0
WX-CEM5,2030-05-08T08:00:00Z,6.8,64.0,9.0,12.0,335.0,0.0
WX-CET2,2030-05-08T08:00:00Z,0.5,99.0,20.0,31.0,327.0,0.0
WX-CFN5,2030-05-08T08:00:00Z,1.6,98.0,9.0,12.0,336.0,0.0
WX-CFX4,2030-05-08T08:00:00Z,3.9,82.0,7.0,10.0,327.0,0.0
WX-CYEG,2030-05-08T08:00:00Z,4.3,78.0,18.0,27.0,287.0,0.0
WX-CYLB,2030-05-08T08:00:00Z,3.5,71.0,22.0,28.0,319.0,0.0
WX-CYMM,2030-05-08T08:00:00Z,4.4,84.0,11.0,16.0,307.0,0.0
WX-CYOD,2030-05-08T08:00:00Z,9.9,38.0,8.0,12.0,194.0,0.0
WX-CYOJ,2030-05-08T08:00:00Z,3.9,80.0,12.0,17.0,331.0,0.0
WX-CYPE,2030-05-08T08:00:00Z,3.7,78.0,10.0,13.0,302.0,0.0
WX-CYPY,2030-05-08T08:00:00Z,3.6,79.0,12.0,17.0,334.0,0.0
WX-CYQU,2030-05-08T08:00:00Z,3.8,82.0,13.0,19.0,322.0,0.0
WX-CYWM,2030-05-08T08:00:00Z,4.3,90.0,14.0,21.0,313.0,0.0
WX-CYZH,2030-05-08T08:00:00Z,5.2,68.0,11.0,16.0,347.0,0.0
WX-CYZU,2030-05-08T08:00:00Z,7.7,62.0,10.0,16.0,335.0,0.0
WX-CZHP,2030-05-08T08:00:00Z,4.6,87.0,10.0,15.0,323.0,0.0
WX-CEE5,2030-05-08T09:00:00Z,1.6,90.0,10.0,16.0,326.0,0.0
WX-CEH5,2030-05-08T09:00:00Z,4.9,66.0,10.0,15.0,320.0,0.0
WX-CEM5,2030-05-08T09:00:00Z,6.3,66.0,8.0,11.0,337.0,0.0
WX-CET2,2030-05-08T09:00:00Z,0.2,98.0,16.0,25.0,323.0,0.0
WX-CFN5,2030-05-08T09:00:00Z,0.7,100.0,13.0,20.0,332.0,0.0
WX-CFX4,2030-05-08T09:00:00Z,3.1,85.0,9.0,12.0,348.0,0.0
WX-CYEG,2030-05-08T09:00:00Z,1.8,95.0,24.0,31.0,305.0,0.0
WX-CYLB,2030-05-08T09:00:00Z,2.9,78.0,25.0,37.0,319.0,0.0
WX-CYMM,2030-05-08T09:00:00Z,3.6,84.0,10.0,15.0,324.0,0.2
WX-CYOD,2030-05-08T09:00:00Z,8.6,43.0,9.0,12.0,208.0,0.0
WX-CYOJ,2030-05-08T09:00:00Z,2.7,80.0,12.0,18.0,342.0,0.0
WX-CYPE,2030-05-08T09:00:00Z,3.0,84.0,10.0,13.0,316.0,0.0
WX-CYPY,2030-05-08T09:00:00Z,2.2,85.0,10.0,15.0,339.0,0.0
WX-CYQU,2030-05-08T09:00:00Z,4.1,82.0,12.0,15.0,330.0,0.0
WX-CYWM,2030-05-08T09:00:00Z,3.6,100.0,10.0,14.0,318.0,0.0
WX-CYZH,2030-05-08T09:00:00Z,4.8,76.0,8.0,10.0,349.0,0.0
WX-CYZU,2030-05-08T09:00:00Z,6.3,61.0,10.0,16.0,346.0,0.0
WX-CZHP,2030-05-08T09:00:00Z,3.3,87.0,9.0,14.0,319.0,0.0
WX-CEE5,2030-05-08T10:00:00Z,1.9,87.0,7.0,11.0,326.0,0.0
WX-CEH5,2030-05-08T10:00:00Z,5.2,66.0,10.0,16.0,312.0,0.0
WX-CEM5,2030-05-08T10:00:00Z,6.4,68.0,9.0,14.0,345.0,0.0
WX-CET2,2030-05-08T10:00:00Z,0.6,99.0,14.0,21.0,321.0,0.2
WX-CFN5,2030-05-08T10:00:00Z,1.0,94.0,13.0,20.0,351.0,0.0
WX-CFX4,2030-05-08T10:00:00Z,3.0,86.0,8.0,12.0,345.0,0.0
WX-CYEG,2030-05-08T10:00:00Z,1.9,92.0,17.0,25.0,325.0,0.0
WX-CYLB,2030-05-08T10:00:00Z,2.7,75.0,17.0,23.0,327.0,0.0
WX-CYMM,2030-05-08T10:00:00Z,3.3,91.0,9.0,13.0,331.0,0.0
WX-CYOD,2030-05-08T10:00:00Z,7.5,48.0,12.0,17.0,231.0,0.0
WX-CYOJ,2030-05-08T10:00:00Z,3.1,90.0,13.0,20.0,333.0,0.0
WX-CYPE,2030-05-08T10:00:00Z,4.2,80.0,8.0,12.0,302.0,0.0
WX-CYPY,2030-05-08T10:00:00Z,2.8,88.0,9.0,13.0,318.0,0.0
WX-CYQU,2030-05-08T10:00:00Z,3.4,79.0,11.0,16.0,342.0,0.0
WX-CYWM,2030-05-08T10:00:00Z,3.2,96.0,12.0,18.0,309.0,0.2
WX-CYZH,2030-05-08T10:00:00Z,4.8,79.0,10.0,15.0,339.0,0.0
WX-CYZU,2030-05-08T10:00:00Z,6.2,61.0,8.0,10.0,324.0,0.0
WX-CZHP,2030-05-08T10:00:00Z,3.9,85.0,7.0,10.0,307.0,0.0
WX-CEE5,2030-05-08T11:00:00Z,3.1,81.0,10.0,13.0,327.0,0.0
WX-CEH5,2030-05-08T11:00:00Z,5.9,61.0,8.0,11.0,315.0,0.0
WX-CEM5,2030-05-08T11:00:00Z,7.3,64.0,9.0,13.0,331.0,0.0
WX-CET2,2030-05-08T11:00:00Z,0.6,100.0,10.0,13.0,306.0,0.2
WX-CFN5,2030-05-08T11:00:00Z,1.7,92.0,13.0,19.0,346.0,0.0
WX-CFX4,2030-05-08T11:00:00Z,3.7,84.0,9.0,14.0,341.0,0.0
WX-CYEG,2030-05-08T11:00:00Z,3.0,85.0,17.0,24.0,329.0,0.0
WX-CYLB,2030-05-08T11:00:00Z,2.9,74.0,16.0,22.0,330.0,0.2
WX-CYMM,2030-05-08T11:00:00Z,4.0,86.0,7.0,10.0,314.0,0.0
WX-CYOD,2030-05-08T11:00:00Z,5.1,63.0,19.0,29.0,314.0,0.0
WX-CYOJ,2030-05-08T11:00:00Z,4.0,83.0,13.0,16.0,337.0,0.0
WX-CYPE,2030-05-08T11:00:00Z,3.7,83.0,7.0,11.0,311.0,0.0
WX-CYPY,2030-05-08T11:00:00Z,3.0,79.0,10.0,14.0,344.0,0.0
WX-CYQU,2030-05-08T11:00:00Z,4.1,82.0,12.0,19.0,320.0,0.0
WX-CYWM,2030-05-08T11:00:00Z,4.0,96.0,9.0,12.0,304.0,0.2
WX-CYZH,2030-05-08T11:00:00Z,5.6,72.0,10.0,14.0,335.0,0.0
WX-CYZU,2030-05-08T11:00:00Z,7.0,61.0,10.0,16.0,336.0,0.0
WX-CZHP,2030-05-08T11:00:00Z,3.8,83.0,13.0,16.0,307.0,0.0
WX-CEE5,2030-05-08T12:00:00Z,3.3,81.0,11.0,17.0,322.0,0.0
WX-CEH5,2030-05-08T12:00:00Z,7.0,60.0,10.0,13.0,316.0,0.0
WX-CEM5,2030-05-08T12:00:00Z,8.1,56.0,10.0,13.0,337.0,0.0
WX-CET2,2030-05-08T12:00:00Z,1.5,94.0,10.0,13.0,324.0,0.2
WX-CFN5,2030-05-08T12:00:00Z,2.7,100.0,10.0,14.0,350.0,0.0
WX-CFX4,2030-05-08T12:00:00Z,4.5,75.0,8.0,11.0,326.0,0.0
WX-CYEG,2030-05-08T12:00:00Z,2.8,84.0,14.0,21.0,319.0,0.0
WX-CYLB,2030-05-08T12:00:00Z,4.6,71.0,12.0,18.0,327.0,0.2
WX-CYMM,2030-05-08T12:00:00Z,4.9,86.0,8.0,13.0,329.0,0.0
WX-CYOD,2030-05-08T12:00:00Z,6.0,65.0,19.0,26.0,322.0,0.0
WX-CYOJ,2030-05-08T12:00:00Z,4.4,73.0,12.0,17.0,336.0,0.0
WX-CYPE,2030-05-08T12:00:00Z,5.8,73.0,10.0,14.0,319.0,0.0
WX-CYPY,2030-05-08T12:00:00Z,3.3,80.0,9.0,12.0,332.0,0.0
WX-CYQU,2030-05-08T12:00:00Z,4.6,78.0,9.0,13.0,324.0,0.0
WX-CYWM,2030-05-08T12:00:00Z,5.0,88.0,8.0,11.0,329.0,0.0
WX-CYZH,2030-05-08T12:00:00Z,6.2,70.0,10.0,13.0,332.0,0.0
WX-CYZU,2030-05-08T12:00:00Z,8.3,58.0,9.0,13.0,338.0,0.0
WX-CZHP,2030-05-08T12:00:00Z,5.1,78.0,10.0,13.0,318.0,0.0
WX-CEE5,2030-05-08T13:00:00Z,4.4,71.0,11.0,17.0,318.0,0.0
WX-CEH5,2030-05-08T13:00:00Z,8.1,56.0,11.0,16.0,316.0,0.0
WX-CEM5,2030-05-08T13:00:00Z,9.7,51.0,7.0,9.0,342.0,0.0
WX-CET2,2030-05-08T13:00:00Z,2.6,82.0,10.0,16.0,320.0,0.0
WX-CFN5,2030-05-08T13:00:00Z,3.8,91.0,13.0,19.0,332.0,0.0
WX-CFX4,2030-05-08T13:00:00Z,,,,,,0.0
WX-CYEG,2030-05-08T13:00:00Z,4.0,79.0,11.0,17.0,319.0,0.0
WX-CYLB,2030-05-08T13:00:00Z,5.4,66.0,12.0,18.0,325.0,0.2
WX-CYMM,2030-05-08T13:00:00Z,5.7,78.0,8.0,12.0,321.0,0.0
WX-CYOD,2030-05-08T13:00:00Z,6.7,55.0,15.0,20.0,312.0,0.0
WX-CYOJ,2030-05-08T13:00:00Z,5.8,68.0,9.0,11.0,340.0,0.0
WX-CYPE,2030-05-08T13:00:00Z,5.9,68.0,9.0,13.0,303.0,0.0
WX-CYPY,2030-05-08T13:00:00Z,5.5,69.0,11.0,16.0,335.0,0.0
WX-CYQU,2030-05-08T13:00:00Z,5.9,70.0,10.0,14.0,336.0,0.0
WX-CYWM,2030-05-08T13:00:00Z,5.2,76.0,8.0,13.0,299.0,0.0
WX-CYZH,2030-05-08T13:00:00Z,6.7,63.0,10.0,15.0,340.0,0.0
WX-CYZU,2030-05-08T13:00:00Z,8.9,54.0,10.0,13.0,314.0,0.0
WX-CZHP,2030-05-08T13:00:00Z,6.8,72.0,11.0,15.0,312.0,0.0
WX-CEE5,2030-05-08T14:00:00Z,6.4,62.0,9.0,14.0,330.0,0.0
WX-CEH5,2030-05-08T14:00:00Z,9.7,48.0,12.0,18.0,299.0,0.0
WX-CEM5,2030-05-08T14:00:00Z,10.9,49.0,10.0,13.0,337.0,0.0
WX-CET2,2030-05-08T14:00:00Z,4.6,75.0,14.0,20.0,322.0,0.0
WX-CFN5,2030-05-08T14:00:00Z,5.4,79.0,14.0,19.0,335.0,0.0
WX-CFX4,2030-05-08T14:00:00Z,8.0,64.0,9.0,12.0,311.0,0.0
WX-CYEG,2030-05-08T14:00:00Z,5.9,68.0,16.0,24.0,328.0,0.0
WX-CYLB,2030-05-08T14:00:00Z,7.2,58.0,13.0,17.0,324.0,0.0
WX-CYMM,2030-05-08T14:00:00Z,7.1,64.0,13.0,18.0,320.0,0.0
WX-CYOD,2030-05-08T14:00:00Z,8.1,53.0,17.0,25.0,315.0,0.2
WX-CYOJ,2030-05-08T14:00:00Z,7.7,61.0,11.0,17.0,337.0,0.0
WX-CYPE,2030-05-08T14:00:00Z,7.6,60.0,9.0,14.0,301.0,0.0
WX-CYPY,2030-05-08T14:00:00Z,6.3,62.0,14.0,21.0,339.0,0.0
WX-CYQU,2030-05-08T14:00:00Z,7.7,64.0,13.0,19.0,337.0,0.0
WX-CYWM,2030-05-08T14:00:00Z,8.0,68.0,12.0,16.0,321.0,0.0
WX-CYZH,2030-05-08T14:00:00Z,9.4,54.0,11.0,16.0,1.0,0.0
WX-CYZU,2030-05-08T14:00:00Z,10.6,47.0,10.0,13.0,329.0,0.0
WX-CZHP,2030-05-08T14:00:00Z,8.7,64.0,12.0,17.0,329.0,0.0
WX-CEE5,2030-05-08T15:00:00Z,8.4,57.0,15.0,22.0,321.0,0.0
WX-CEH5,2030-05-08T15:00:00Z,11.1,38.0,14.0,18.0,311.0,0.0
WX-CEM5,2030-05-08T15:00:00Z,12.7,42.0,16.0,21.0,334.0,0.0
WX-CET2,2030-05-08T15:00:00Z,5.3,66.0,18.0,29.0,321.0,0.0
WX-CFN5,2030-05-08T15:00:00Z,7.5,73.0,23.0,33.0,345.0,0.0
WX-CFX4,2030-05-08T15:00:00Z,9.4,57.0,12.0,17.0,329.0,0.0
WX-CYEG,2030-05-08T15:00:00Z,7.7,65.0,18.0,27.0,321.0,0.0
WX-CYLB,2030-05-08T15:00:00Z,8.6,49.0,18.0,26.0,314.0,0.0
WX-CYMM,2030-05-08T15:00:00Z,9.3,60.0,12.0,19.0,323.0,0.0
WX-CYOD,2030-05-08T15:00:00Z,9.8,44.0,18.0,25.0,325.0,0.2
WX-CYOJ,2030-05-08T15:00:00Z,9.4,56.0,22.0,28.0,335.0,0.0
WX-CYPE,2030-05-08T15:00:00Z,8.9,54.0,13.0,20.0,303.0,0.0
WX-CYPY,2030-05-08T15:00:00Z,7.9,56.0,18.0,25.0,334.0,0.0
WX-CYQU,2030-05-08T15:00:00Z,10.0,54.0,18.0,29.0,325.0,0.0
WX-CYWM,2030-05-08T15:00:00Z,9.7,63.0,15.0,20.0,311.0,0.0
WX-CYZH,2030-05-08T15:00:00Z,10.6,46.0,16.0,21.0,332.0,0.0
WX-CYZU,2030-05-08T15:00:00Z,13.4,41.0,15.0,22.0,338.0,0.0
WX-CZHP,2030-05-08T15:00:00Z,10.0,58.0,18.0,26.0,301.0,0.0
WX-CEE5,2030-05-08T16:00:00Z,10.2,51.0,21.0,32.0,324.0,0.0
WX-CEH5,2030-05-08T16:00:00Z,13.9,38.0,16.0,25.0,307.0,0.0
WX-CEM5,2030-05-08T16:00:00Z,14.4,44.0,17.0,27.0,350.0,0.0
WX-CET2,2030-05-08T16:00:00Z,7.6,63.0,22.0,32.0,315.0,0.0
WX-CFN5,2030-05-08T16:00:00Z,9.3,63.0,23.0,33.0,332.0,0.0
WX-CFX4,2030-05-08T16:00:00Z,,,,,,0.0
WX-CYEG,2030-05-08T16:00:00Z,9.3,59.0,23.0,32.0,318.0,0.0
WX-CYLB,2030-05-08T16:00:00Z,9.8,44.0,25.0,35.0,320.0,0.0
WX-CYMM,2030-05-08T16:00:00Z,11.5,53.0,17.0,25.0,321.0,0.0
WX-CYOD,2030-05-08T16:00:00Z,12.1,37.0,19.0,29.0,315.0,0.2
WX-CYOJ,2030-05-08T16:00:00Z,10.7,48.0,28.0,36.0,341.0,0.0
WX-CYPE,2030-05-08T16:00:00Z,10.5,48.0,16.0,25.0,313.0,0.0
WX-CYPY,2030-05-08T16:00:00Z,10.3,43.0,18.0,25.0,341.0,0.0
WX-CYQU,2030-05-08T16:00:00Z,10.9,49.0,28.0,38.0,336.0,0.0
WX-CYWM,2030-05-08T16:00:00Z,11.2,59.0,14.0,19.0,310.0,0.0
WX-CYZH,2030-05-08T16:00:00Z,12.2,45.0,20.0,28.0,349.0,0.0
WX-CYZU,2030-05-08T16:00:00Z,14.7,38.0,21.0,33.0,319.0,0.0
WX-CZHP,2030-05-08T16:00:00Z,12.1,50.0,20.0,30.0,324.0,0.0
WX-CEE5,2030-05-08T17:00:00Z,11.7,44.0,21.0,30.0,326.0,0.0
WX-CEH5,2030-05-08T17:00:00Z,15.2,32.0,26.0,41.0,310.0,0.0
WX-CEM5,2030-05-08T17:00:00Z,16.3,31.0,22.0,28.0,326.0,0.0
WX-CET2,2030-05-08T17:00:00Z,9.6,51.0,29.0,41.0,311.0,0.0
WX-CFN5,2030-05-08T17:00:00Z,11.6,58.0,27.0,41.0,338.0,0.0
WX-CFX4,2030-05-08T17:00:00Z,12.7,43.0,19.0,29.0,325.0,0.0
WX-CYEG,2030-05-08T17:00:00Z,11.4,47.0,25.0,39.0,312.0,0.0
WX-CYLB,2030-05-08T17:00:00Z,13.5,38.0,25.0,35.0,320.0,0.0
WX-CYMM,2030-05-08T17:00:00Z,12.6,48.0,21.0,26.0,335.0,0.0
WX-CYOD,2030-05-08T17:00:00Z,13.5,31.0,24.0,34.0,314.0,0.0
WX-CYOJ,2030-05-08T17:00:00Z,12.2,41.0,29.0,40.0,337.0,0.0
WX-CYPE,2030-05-08T17:00:00Z,12.4,40.0,18.0,24.0,311.0,0.0
WX-CYPY,2030-05-08T17:00:00Z,12.1,41.0,25.0,35.0,332.0,0.0
WX-CYQU,2030-05-08T17:00:00Z,12.8,42.0,27.0,35.0,327.0,0.0
WX-CYWM,2030-05-08T17:00:00Z,13.0,44.0,20.0,31.0,309.0,0.0
WX-CYZH,2030-05-08T17:00:00Z,14.6,38.0,23.0,33.0,345.0,0.0
WX-CYZU,2030-05-08T17:00:00Z,16.2,27.0,22.0,34.0,338.0,0.0
WX-CZHP,2030-05-08T17:00:00Z,13.7,47.0,23.0,34.0,321.0,0.0
WX-CEE5,2030-05-08T18:00:00Z,13.2,34.0,25.0,40.0,329.0,0.0
WX-CEH5,2030-05-08T18:00:00Z,16.6,29.0,24.0,37.0,310.0,0.0
WX-CEM5,2030-05-08T18:00:00Z,17.4,31.0,30.0,45.0,328.0,0.0
WX-CET2,2030-05-08T18:00:00Z,11.3,45.0,27.0,38.0,320.0,0.0
WX-CFN5,2030-05-08T18:00:00Z,12.8,48.0,33.0,45.0,331.0,0.0
WX-CFX4,2030-05-08T18:00:00Z,14.2,37.0,22.0,31.0,341.0,0.0
WX-CYEG,2030-05-08T18:00:00Z,13.5,44.0,28.0,42.0,321.0,0.0
WX-CYLB,2030-05-08T18:00:00Z,14.1,32.0,26.0,33.0,329.0,0.0
WX-CYMM,2030-05-08T18:00:00Z,14.7,37.0,24.0,32.0,318.0,0.0
WX-CYOD,2030-05-08T18:00:00Z,14.6,29.0,25.0,33.0,310.0,0.0
WX-CYOJ,2030-05-08T18:00:00Z,14.6,39.0,31.0,48.0,344.0,0.0
WX-CYPE,2030-05-08T18:00:00Z,15.0,36.0,23.0,31.0,314.0,0.0
WX-CYPY,2030-05-08T18:00:00Z,13.7,37.0,29.0,43.0,334.0,0.0
WX-CYQU,2030-05-08T18:00:00Z,14.6,39.0,31.0,45.0,328.0,0.0
WX-CYWM,2030-05-08T18:00:00Z,14.2,42.0,19.0,28.0,312.0,0.0
WX-CYZH,2030-05-08T18:00:00Z,15.9,33.0,24.0,37.0,348.0,0.0
WX-CYZU,2030-05-08T18:00:00Z,17.3,26.0,28.0,36.0,331.0,0.0
WX-CZHP,2030-05-08T18:00:00Z,15.3,40.0,31.0,47.0,312.0,0.0
WX-CEE5,2030-05-08T19:00:00Z,14.2,37.0,27.0,41.0,320.0,0.0
WX-CEH5,2030-05-08T19:00:00Z,17.1,25.0,28.0,44.0,318.0,0.0
WX-CEM5,2030-05-08T19:00:00Z,18.2,30.0,29.0,46.0,339.0,0.0
WX-CET2,2030-05-08T19:00:00Z,12.3,42.0,36.0,51.0,319.0,0.0
WX-CFN5,2030-05-08T19:00:00Z,14.2,41.0,36.0,56.0,336.0,0.0
WX-CFX4,2030-05-08T19:00:00Z,15.4,33.0,21.0,27.0,338.0,0.0
WX-CYEG,2030-05-08T19:00:00Z,14.8,38.0,38.0,56.0,316.0,0.0
WX-CYLB,2030-05-08T19:00:00Z,15.3,31.0,28.0,39.0,321.0,0.0
WX-CYMM,2030-05-08T19:00:00Z,16.7,36.0,26.0,38.0,327.0,0.0
WX-CYOD,2030-05-08T19:00:00Z,16.6,23.0,28.0,39.0,327.0,0.0
WX-CYOJ,2030-05-08T19:00:00Z,15.7,37.0,31.0,40.0,356.0,0.0
WX-CYPE,2030-05-08T19:00:00Z,16.2,36.0,22.0,28.0,314.0,0.0
WX-CYPY,2030-05-08T19:00:00Z,15.3,30.0,29.0,38.0,326.0,0.0
WX-CYQU,2030-05-08T19:00:00Z,16.3,34.0,38.0,49.0,335.0,0.0
WX-CYWM,2030-05-08T19:00:00Z,16.8,43.0,27.0,38.0,318.0,0.0
WX-CYZH,2030-05-08T19:00:00Z,17.2,30.0,32.0,49.0,338.0,0.0
WX-CYZU,2030-05-08T19:00:00Z,19.1,24.0,28.0,43.0,320.0,0.0
WX-CZHP,2030-05-08T19:00:00Z,16.3,36.0,32.0,46.0,316.0,0.0
WX-CEE5,2030-05-08T20:00:00Z,15.4,36.0,28.0,43.0,309.0,0.0
WX-CEH5,2030-05-08T20:00:00Z,18.5,25.0,31.0,39.0,323.0,0.0
WX-CEM5,2030-05-08T20:00:00Z,19.4,26.0,28.0,44.0,323.0,0.0
WX-CET2,2030-05-08T20:00:00Z,13.1,35.0,37.0,57.0,323.0,0.0
WX-CFN5,2030-05-08T20:00:00Z,15.2,47.0,31.0,42.0,342.0,0.0
WX-CFX4,2030-05-08T20:00:00Z,17.1,37.0,22.0,28.0,330.0,0.0
WX-CYEG,2030-05-08T20:00:00Z,15.7,34.0,30.0,38.0,314.0,0.0
WX-CYLB,2030-05-08T20:00:00Z,16.7,28.0,36.0,55.0,329.0,0.0
WX-CYMM,2030-05-08T20:00:00Z,16.8,33.0,28.0,40.0,323.0,0.0
WX-CYOD,2030-05-08T20:00:00Z,17.3,25.0,25.0,35.0,332.0,0.0
WX-CYOJ,2030-05-08T20:00:00Z,16.7,30.0,33.0,48.0,330.0,0.0
WX-CYPE,2030-05-08T20:00:00Z,16.5,29.0,25.0,36.0,290.0,0.0
WX-CYPY,2030-05-08T20:00:00Z,15.8,33.0,27.0,39.0,342.0,0.0
WX-CYQU,2030-05-08T20:00:00Z,16.8,30.0,33.0,52.0,307.0,0.0
WX-CYWM,2030-05-08T20:00:00Z,16.6,36.0,24.0,30.0,312.0,0.0
WX-CYZH,2030-05-08T20:00:00Z,17.6,29.0,28.0,36.0,344.0,0.0
WX-CYZU,2030-05-08T20:00:00Z,20.6,25.0,31.0,44.0,336.0,0.0
WX-CZHP,2030-05-08T20:00:00Z,17.4,32.0,31.0,45.0,317.0,0.0
WX-CEE5,2030-05-08T21:00:00Z,16.4,30.0,29.0,41.0,308.0,0.0
WX-CEH5,2030-05-08T21:00:00Z,18.9,26.0,30.0,42.0,310.0,0.0
WX-CEM5,2030-05-08T21:00:00Z,20.4,23.0,28.0,39.0,316.0,0.0
WX-CET2,2030-05-08T21:00:00Z,14.2,35.0,40.0,51.0,313.0,0.0
WX-CFN5,2030-05-08T21:00:00Z,15.6,38.0,35.0,56.0,343.0,0.0
WX-CFX4,2030-05-08T21:00:00Z,17.0,28.0,22.0,30.0,330.0,0.0
WX-CYEG,2030-05-08T21:00:00Z,16.0,35.0,32.0,49.0,321.0,0.0
WX-CYLB,2030-05-08T21:00:00Z,17.2,30.0,34.0,47.0,327.0,0.0
WX-CYMM,2030-05-08T21:00:00Z,17.2,36.0,29.0,42.0,320.0,0.0
WX-CYOD,2030-05-08T21:00:00Z,18.2,26.0,28.0,38.0,321.0,0.0
WX-CYOJ,2030-05-08T21:00:00Z,16.9,27.0,37.0,55.0,327.0,0.0
WX-CYPE,2030-05-08T21:00:00Z,17.2,37.0,24.0,35.0,316.0,0.0
WX-CYPY,2030-05-08T21:00:00Z,16.5,32.0,31.0,43.0,337.0,0.0
WX-CYQU,2030-05-08T21:00:00Z,17.2,29.0,30.0,45.0,312.0,0.0
WX-CYWM,2030-05-08T21:00:00Z,17.3,35.0,22.0,35.0,302.0,0.0
WX-CYZH,2030-05-08T21:00:00Z,19.0,29.0,26.0,37.0,339.0,0.0
WX-CYZU,2030-05-08T21:00:00Z,21.5,24.0,25.0,37.0,338.0,0.0
WX-CZHP,2030-05-08T21:00:00Z,18.2,35.0,29.0,37.0,310.0,0.0
WX-CEE5,2030-05-08T22:00:00Z,15.8,31.0,28.0,39.0,305.0,0.0
WX-CEH5,2030-05-08T22:00:00Z,19.0,21.0,27.0,35.0,302.0,0.0
WX-CEM5,2030-05-08T22:00:00Z,20.3,24.0,27.0,39.0,329.0,0.0
WX-CET2,2030-05-08T22:00:00Z,14.3,37.0,32.0,44.0,323.0,0.0
WX-CFN5,2030-05-08T22:00:00Z,14.8,38.0,36.0,50.0,343.0,0.0
WX-CFX4,2030-05-08T22:00:00Z,17.1,30.0,24.0,38.0,331.0,0.0
WX-CYEG,2030-05-08T22:00:00Z,15.6,31.0,29.0,39.0,329.0,0.0
WX-CYLB,2030-05-08T22:00:00Z,16.5,28.0,32.0,44.0,324.0,0.0
WX-CYMM,2030-05-08T22:00:00Z,16.6,33.0,27.0,39.0,309.0,0.0
WX-CYOD,2030-05-08T22:00:00Z,17.7,25.0,26.0,37.0,323.0,0.0
WX-CYOJ,2030-05-08T22:00:00Z,17.4,29.0,34.0,50.0,344.0,0.0
WX-CYPE,2030-05-08T22:00:00Z,17.5,27.0,26.0,35.0,309.0,0.0
WX-CYPY,2030-05-08T22:00:00Z,16.1,36.0,28.0,40.0,316.0,0.0
WX-CYQU,2030-05-08T22:00:00Z,17.8,31.0,28.0,35.0,336.0,0.0
WX-CYWM,2030-05-08T22:00:00Z,17.0,32.0,27.0,42.0,318.0,0.0
WX-CYZH,2030-05-08T22:00:00Z,18.7,28.0,29.0,41.0,347.0,0.0
WX-CYZU,2030-05-08T22:00:00Z,20.5,23.0,25.0,33.0,328.0,0.0
WX-CZHP,2030-05-08T22:00:00Z,17.1,37.0,29.0,42.0,322.0,0.0
WX-CEE5,2030-05-08T23:00:00Z,15.5,33.0,23.0,33.0,322.0,0.0
WX-CEH5,2030-05-08T23:00:00Z,18.6,26.0,25.0,40.0,318.0,0.0
WX-CEM5,2030-05-08T23:00:00Z,20.0,25.0,29.0,39.0,333.0,0.0
WX-CET2,2030-05-08T23:00:00Z,13.6,42.0,30.0,47.0,318.0,0.0
WX-CFN5,2030-05-08T23:00:00Z,14.8,41.0,28.0,43.0,352.0,0.0
WX-CFX4,2030-05-08T23:00:00Z,15.8,35.0,21.0,30.0,330.0,0.0
WX-CYEG,2030-05-08T23:00:00Z,15.3,35.0,28.0,39.0,315.0,0.0
WX-CYLB,2030-05-08T23:00:00Z,16.2,25.0,30.0,44.0,324.0,0.0
WX-CYMM,2030-05-08T23:00:00Z,17.4,32.0,23.0,31.0,325.0,0.0
WX-CYOD,2030-05-08T23:00:00Z,18.2,29.0,20.0,31.0,336.0,0.0
WX-CYOJ,2030-05-08T23:00:00Z,16.7,26.0,32.0,44.0,325.0,0.0
WX-CYPE,2030-05-08T23:00:00Z,16.7,28.0,22.0,33.0,303.0,0.0
WX-CYPY,2030-05-08T23:00:00Z,15.3,31.0,31.0,46.0,333.0,0.0
WX-CYQU,2030-05-08T23:00:00Z,16.9,31.0,35.0,47.0,324.0,0.0
WX-CYWM,2030-05-08T23:00:00Z,16.5,38.0,18.0,27.0,308.0,0.0
WX-CYZH,2030-05-08T23:00:00Z,18.8,29.0,23.0,29.0,344.0,0.0
WX-CYZU,2030-05-08T23:00:00Z,20.6,22.0,23.0,36.0,339.0,0.0
WX-CZHP,2030-05-08T23:00:00Z,17.6,31.0,26.0,34.0,333.0,0.0
WX-CEE5,2030-05-09T00:00:00Z,14.6,35.0,21.0,29.0,325.0,0.0
WX-CEH5,2030-05-09T00:00:00Z,18.3,27.0,23.0,35.0,302.0,0.0
WX-CEM5,2030-05-09T00:00:00Z,18.7,24.0,20.0,30.0,328.0,0.0
WX-CET2,2030-05-09T00:00:00Z,12.6,37.0,25.0,39.0,333.0,0.0
WX-CFN5,2030-05-09T00:00:00Z,13.7,43.0,24.0,36.0,357.0,0.0
WX-CFX4,2030-05-09T00:00:00Z,15.6,34.0,18.0,26.0,334.0,0.0
WX-CYEG,2030-05-09T00:00:00Z,14.1,35.0,25.0,40.0,326.0,0.0
WX-CYLB,2030-05-09T00:00:00Z,15.6,31.0,26.0,41.0,316.0,0.0
WX-CYMM,2030-05-09T00:00:00Z,15.8,34.0,18.0,23.0,322.0,0.0
WX-CYOD,2030-05-09T00:00:00Z,16.9,27.0,17.0,24.0,309.0,0.0
WX-CYOJ,2030-05-09T00:00:00Z,15.6,32.0,26.0,38.0,332.0,0.0
WX-CYPE,2030-05-09T00:00:00Z,16.3,33.0,19.0,27.0,297.0,0.0
WX-CYPY,2030-05-09T00:00:00Z,15.1,37.0,29.0,43.0,328.0,0.0
WX-CYQU,2030-05-09T00:00:00Z,16.1,31.0,27.0,37.0,331.0,0.0
WX-CYWM,2030-05-09T00:00:00Z,15.5,39.0,18.0,24.0,304.0,0.0
WX-CYZH,2030-05-09T00:00:00Z,17.5,34.0,21.0,32.0,327.0,0.0
WX-CYZU,2030-05-09T00:00:00Z,18.6,30.0,19.0,24.0,345.0,0.0
WX-CZHP,2030-05-09T00:00:00Z,15.8,36.0,23.0,29.0,316.0,0.0
WX-CEE5,2030-05-09T01:00:00Z,13.2,39.0,17.0,22.0,325.0,0.0
WX-CEH5,2030-05-09T01:00:00Z,16.3,29.0,18.0,25.0,332.0,0.0
WX-CEM5,2030-05-09T01:00:00Z,17.8,33.0,16.0,25.0,341.0,0.0
WX-CET2,2030-05-09T01:00:00Z,11.5,46.0,20.0,28.0,323.0,0.0
WX-CFN5,2030-05-09T01:00:00Z,11.9,48.0,18.0,24.0,336.0,0.0
WX-CFX4,2030-05-09T01:00:00Z,14.2,37.0,16.0,22.0,337.0,0.0
WX-CYEG,2030-05-09T01:00:00Z,12.5,47.0,22.0,32.0,329.0,0.0
WX-CYLB,2030-05-09T01:00:00Z,13.6,33.0,21.0,29.0,321.0,0.0
WX-CYMM,2030-05-09T01:00:00Z,14.5,39.0,17.0,27.0,331.0,0.0
WX-CYOD,2030-05-09T01:00:00Z,15.0,26.0,18.0,25.0,312.0,0.0
WX-CYOJ,2030-05-09T01:00:00Z,13.8,39.0,21.0,30.0,334.0,0.0
WX-CYPE,2030-05-09T01:00:00Z,14.8,33.0,14.0,22.0,315.0,0.0
WX-CYPY,2030-05-09T01:00:00Z,13.3,36.0,19.0,30.0,336.0,0.0
WX-CYQU,2030-05-09T01:00:00Z,15.6,33.0,23.0,34.0,338.0,0.0
WX-CYWM,2030-05-09T01:00:00Z,14.8,41.0,17.0,26.0,319.0,0.0
WX-CYZH,2030-05-09T01:00:00Z,16.6,33.0,19.0,29.0,343.0,0.0
WX-CYZU,2030-05-09T01:00:00Z,18.2,30.0,19.0,27.0,322.0,0.0
WX-CZHP,2030-05-09T01:00:00Z,14.6,33.0,23.0,34.0,316.0,0.0
WX-CEE5,2030-05-09T02:00:00Z,12.3,45.0,12.0,18.0,311.0,0.0
WX-CEH5,2030-05-09T02:00:00Z,14.2,33.0,11.0,15.0,320.0,0.0
WX-CEM5,2030-05-09T02:00:00Z,15.6,30.0,12.0,16.0,336.0,0.0
WX-CET2,2030-05-09T02:00:00Z,9.5,52.0,15.0,19.0,324.0,0.0
WX-CFN5,2030-05-09T02:00:00Z,11.0,53.0,18.0,25.0,350.0,0.0
WX-CFX4,2030-05-09T02:00:00Z,13.2,41.0,13.0,17.0,337.0,0.0
WX-CYEG,2030-05-09T02:00:00Z,11.6,46.0,16.0,20.0,320.0,0.0
WX-CYLB,2030-05-09T02:00:00Z,12.9,41.0,16.0,20.0,317.0,0.0
WX-CYMM,2030-05-09T02:00:00Z,12.5,41.0,14.0,21.0,324.0,0.0
WX-CYOD,2030-05-09T02:00:00Z,13.7,32.0,14.0,21.0,313.0,0.0
WX-CYOJ,2030-05-09T02:00:00Z,13.0,42.0,15.0,19.0,333.0,0.0
WX-CYPE,2030-05-09T02:00:00Z,12.7,41.0,14.0,20.0,319.0,0.0
WX-CYPY,2030-05-09T02:00:00Z,12.4,41.0,14.0,22.0,335.0,0.0
WX-CYQU,2030-05-09T02:00:00Z,13.0,38.0,14.0,21.0,334.0,0.0
WX-CYWM,2030-05-09T02:00:00Z,13.0,54.0,15.0,23.0,299.0,0.0
WX-CYZH,2030-05-09T02:00:00Z,14.2,40.0,12.0,16.0,340.0,0.0
WX-CYZU,2030-05-09T02:00:00Z,16.3,36.0,14.0,18.0,325.0,0.0
WX-CZHP,2030-05-09T02:00:00Z,13.2,38.0,16.0,22.0,318.0,0.0
WX-CEE5,2030-05-09T03:00:00Z,9.1,47.0,7.0,9.0,331.0,0.0
WX-CEH5,2030-05-09T03:00:00Z,13.0,36.0,12.0,16.0,306.0,0.0
WX-CEM5,2030-05-09T03:00:00Z,14.5,43.0,8.0,11.0,338.0,0.0
WX-CET2,2030-05-09T03:00:00Z,7.7,56.0,10.0,13.0,308.0,0.0
WX-CFN5,2030-05-09T03:00:00Z,9.0,63.0,11.0,16.0,332.0,0.0
WX-CFX4,2030-05-09T03:00:00Z,11.1,49.0,7.0,10.0,326.0,0.0
WX-CYEG,2030-05-09T03:00:00Z,10.0,54.0,9.0,13.0,336.0,0.0
WX-CYLB,2030-05-09T03:00:00Z,11.2,45.0,11.0,16.0,318.0,0.0
WX-CYMM,2030-05-09T03:00:00Z,11.7,48.0,11.0,14.0,325.0,0.0
WX-CYOD,2030-05-09T03:00:00Z,12.2,39.0,11.0,16.0,316.0,0.0
WX-CYOJ,2030-05-09T03:00:00Z,10.8,46.0,10.0,16.0,330.0,0.0
WX-CYPE,2030-05-09T03:00:00Z,,,,,,0.0
WX-CYPY,2030-05-09T03:00:00Z,10.7,46.0,10.0,14.0,319.0,0.0
WX-CYQU,2030-05-09T03:00:00Z,11.5,53.0,11.0,17.0,316.0,0.0
WX-CYWM,2030-05-09T03:00:00Z,10.8,58.0,8.0,12.0,302.0,0.0
WX-CYZH,2030-05-09T03:00:00Z,12.8,41.0,11.0,17.0,350.0,0.0
WX-CYZU,2030-05-09T03:00:00Z,14.3,37.0,9.0,14.0,335.0,0.0
WX-CZHP,2030-05-09T03:00:00Z,11.4,51.0,13.0,20.0,317.0,0.0
WX-CEE5,2030-05-09T04:00:00Z,8.0,52.0,7.0,11.0,319.0,0.0
WX-CEH5,2030-05-09T04:00:00Z,11.2,44.0,9.0,13.0,309.0,0.0
WX-CEM5,2030-05-09T04:00:00Z,12.8,42.0,10.0,15.0,335.0,0.0
WX-CET2,2030-05-09T04:00:00Z,6.3,66.0,9.0,12.0,321.0,0.0
WX-CFN5,2030-05-09T04:00:00Z,7.4,70.0,12.0,17.0,336.0,0.0
WX-CFX4,2030-05-09T04:00:00Z,9.1,61.0,9.0,14.0,340.0,0.0
WX-CYEG,2030-05-09T04:00:00Z,7.7,62.0,11.0,17.0,305.0,0.0
WX-CYLB,2030-05-09T04:00:00Z,9.1,50.0,11.0,15.0,328.0,0.0
WX-CYMM,2030-05-09T04:00:00Z,9.5,58.0,7.0,9.0,324.0,0.0
WX-CYOD,2030-05-09T04:00:00Z,10.6,46.0,11.0,15.0,317.0,0.0
WX-CYOJ,2030-05-09T04:00:00Z,8.9,55.0,12.0,19.0,324.0,0.0
WX-CYPE,2030-05-09T04:00:00Z,9.0,55.0,7.0,9.0,307.0,0.0
WX-CYPY,2030-05-09T04:00:00Z,8.1,54.0,9.0,14.0,336.0,0.0
WX-CYQU,2030-05-09T04:00:00Z,9.8,53.0,14.0,22.0,331.0,0.0
WX-CYWM,2030-05-09T04:00:00Z,8.8,65.0,8.0,11.0,312.0,0.0
WX-CYZH,2030-05-09T04:00:00Z,9.8,51.0,9.0,12.0,332.0,0.0
WX-CYZU,2030-05-09T04:00:00Z,12.1,41.0,13.0,18.0,336.0,0.0
WX-CZHP,2030-05-09T04:00:00Z,10.4,60.0,14.0,18.0,309.0,0.0
WX-CEE5,2030-05-09T05:00:00Z,6.6,61.0,9.0,12.0,324.0,0.0
WX-CEH5,2030-05-09T05:00:00Z,9.1,47.0,13.0,18.0,318.0,0.0
WX-CEM5,2030-05-09T05:00:00Z,11.1,49.0,9.0,14.0,337.0,0.0
WX-CET2,2030-05-09T05:00:00Z,4.5,76.0,11.0,15.0,316.0,0.0
WX-CFN5,2030-05-09T05:00:00Z,5.4,80.0,13.0,18.0,340.0,0.0
WX-CFX4,2030-05-09T05:00:00Z,7.4,61.0,10.0,15.0,314.0,0.0
WX-CYEG,2030-05-09T05:00:00Z,5.5,71.0,11.0,16.0,331.0,0.0
WX-CYLB,2030-05-09T05:00:00Z,8.1,60.0,13.0,20.0,314.0,0.0
WX-CYMM,2030-05-09T05:00:00Z,7.8,68.0,10.0,14.0,301.0,0.0
WX-CYOD,2030-05-09T05:00:00Z,8.6,54.0,9.0,13.0,316.0,0.0
WX-CYOJ,2030-05-09T05:00:00Z,7.2,61.0,12.0,17.0,341.0,0.0
WX-CYPE,2030-05-09T05:00:00Z,6.9,59.0,7.0,10.0,302.0,0.0
WX-CYPY,2030-05-09T05:00:00Z,6.4,61.0,9.0,12.0,324.0,0.0
WX-CYQU,2030-05-09T05:00:00Z,8.2,63.0,11.0,15.0,330.0,0.0
WX-CYWM,2030-05-09T05:00:00Z,7.5,70.0,9.0,11.0,309.0,0.0
WX-CYZH,2030-05-09T05:00:00Z,9.3,55.0,8.0,11.0,335.0,0.0
WX-CYZU,2030-05-09T05:00:00Z,10.7,45.0,8.0,13.0,339.0,0.0
WX-CZHP,2030-05-09T05:00:00Z,7.4,65.0,7.0,11.0,324.0,0.0
WX-CEE5,2030-05-09T06:00:00Z,5.0,62.0,6.0,8.0,302.0,0.0
WX-CEH5,2030-05-09T06:00:00Z,8.0,47.0,6.0,8.0,298.0,0.0
WX-CEM5,2030-05-09T06:00:00Z,9.8,50.0,6.0,9.0,302.0,0.0
WX-CET2,2030-05-09T06:00:00Z,2.8,79.0,9.0,14.0,291.0,0.0
WX-CFN5,2030-05-09T06:00:00Z,4.6,80.0,8.0,11.0,326.0,0.0
WX-CFX4,2030-05-09T06:00:00Z,6.3,64.0,6.0,9.0,298.0,0.0
WX-CYEG,2030-05-09T06:00:00Z,4.9,68.0,8.0,12.0,290.0,0.0
WX-CYLB,2030-05-09T06:00:00Z,5.8,63.0,8.0,13.0,292.0,0.0
WX-CYMM,2030-05-09T06:00:00Z,6.2,67.0,6.0,9.0,305.0,0.0
WX-CYOD,2030-05-09T06:00:00Z,6.7,52.0,6.0,8.0,299.0,0.0
WX-CYOJ,2030-05-09T06:00:00Z,5.9,65.0,7.0,10.0,309.0,0.0
WX-CYPE,2030-05-09T06:00:00Z,6.5,66.0,5.0,7.0,281.0,0.0
WX-CYPY,2030-05-09T06:00:00Z,5.4,65.0,7.0,10.0,303.0,0.0
WX-CYQU,2030-05-09T06:00:00Z,6.4,69.0,8.0,10.0,294.0,0.0
WX-CYWM,2030-05-09T06:00:00Z,6.1,73.0,6.0,9.0,292.0,0.0
WX-CYZH,2030-05-09T06:00:00Z,7.2,57.0,7.0,10.0,318.0,0.0
WX-CYZU,2030-05-09T06:00:00Z,9.9,48.0,7.0,10.0,304.0,0.0
WX-CZHP,2030-05-09T06:00:00Z,6.8,67.0,5.0,7.0,285.0,0.0
WX-CEE5,2030-05-09T07:00:00Z,3.8,74.0,4.0,5.0,299.0,0.0
WX-CEH5,2030-05-09T07:00:00Z,6.8,53.0,7.0,10.0,291.0,0.0
WX-CEM5,2030-05-09T07:00:00Z,7.3,58.0,6.0,8.0,310.0,0.0
WX-CET2,2030-05-09T07:00:00Z,1.5,84.0,10.0,15.0,301.0,0.0
WX-CFN5,2030-05-09T07:00:00Z,2.8,86.0,6.0,8.0,309.0,0.0
WX-CFX4,2030-05-09T07:00:00Z,5.3,74.0,6.0,9.0,311.0,0.0
WX-CYEG,2030-05-09T07:00:00Z,3.1,74.0,7.0,11.0,312.0,0.0
WX-CYLB,2030-05-09T07:00:00Z,5.2,66.0,9.0,11.0,294.0,0.0
WX-CYMM,2030-05-09T07:00:00Z,4.4,73.0,7.0,9.0,304.0,0.0
WX-CYOD,2030-05-09T07:00:00Z,5.2,56.0,7.0,10.0,288.0,0.0
WX-CYOJ,2030-05-09T07:00:00Z,4.4,68.0,7.0,9.0,304.0,0.0
WX-CYPE,2030-05-09T07:00:00Z,5.0,68.0,7.0,9.0,285.0,0.0
WX-CYPY,2030-05-09T07:00:00Z,4.6,72.0,6.0,9.0,308.0,0.0
WX-CYQU,2030-05-09T07:00:00Z,5.6,68.0,8.0,12.0,308.0,0.0
WX-CYWM,2030-05-09T07:00:00Z,5.5,80.0,7.0,10.0,290.0,0.0
WX-CYZH,2030-05-09T07:00:00Z,6.3,60.0,8.0,12.0,328.0,0.0
WX-CYZU,2030-05-09T07:00:00Z,8.3,54.0,6.0,9.0,315.0,0.0
WX-CZHP,2030-05-09T07:00:00Z,6.0,71.0,8.0,10.0,296.0,0.0
WX-CEE5,2030-05-09T08:00:00Z,3.0,77.0,6.0,8.0,298.0,0.0
WX-CEH5,2030-05-09T08:00:00Z,5.9,58.0,7.0,10.0,290.0,0.0
WX-CEM5,2030-05-09T08:00:00Z,7.3,62.0,8.0,12.0,309.0,0.0
WX-CET2,2030-05-09T08:00:00Z,0.6,88.0,8.0,12.0,294.0,0.0
WX-CFN5,2030-05-09T08:00:00Z,1.3,94.0,9.0,14.0,313.0,0.0
WX-CFX4,2030-05-09T08:00:00Z,3.4,73.0,5.0,6.0,292.0,0.0
WX-CYEG,2030-05-09T08:00:00Z,2.4,84.0,8.0,11.0,284.0,0.0
WX-CYLB,2030-05-09T08:00:00Z,3.2,68.0,9.0,12.0,303.0,0.0
WX-CYMM,2030-05-09T08:00:00Z,4.0,76.0,6.0,9.0,299.0,0.0
WX-CYOD,2030-05-09T08:00:00Z,4.5,58.0,6.0,10.0,305.0,0.0
WX-CYOJ,2030-05-09T08:00:00Z,3.5,73.0,6.0,9.0,316.0,0.0
WX-CYPE,2030-05-09T08:00:00Z,4.2,71.0,6.0,10.0,288.0,0.0
WX-CYPY,2030-05-09T08:00:00Z,3.0,73.0,10.0,13.0,309.0,0.0
WX-CYQU,2030-05-09T08:00:00Z,4.6,74.0,7.0,11.0,321.0,0.0
WX-CYWM,2030-05-09T08:00:00Z,3.3,86.0,7.0,10.0,295.0,0.0
WX-CYZH,2030-05-09T08:00:00Z,5.5,71.0,6.0,8.0,323.0,0.0
WX-CYZU,2030-05-09T08:00:00Z,7.2,53.0,8.0,11.0,308.0,0.0
WX-CZHP,2030-05-09T08:00:00Z,4.3,80.0,7.0,9.0,296.0,0.0
WX-CEE5,2030-05-09T09:00:00Z,2.1,77.0,6.0,9.0,290.0,0.0
WX-CEH5,2030-05-09T09:00:00Z,5.0,58.0,6.0,8.0,288.0,0.0
WX-CEM5,2030-05-09T09:00:00Z,7.0,60.0,7.0,10.0,314.0,0.0
WX-CET2,2030-05-09T09:00:00Z,-0.4,95.0,8.0,13.0,320.0,0.0
WX-CFN5,2030-05-09T09:00:00Z,0.6,99.0,7.0,10.0,320.0,0.0
WX-CFX4,2030-05-09T09:00:00Z,3.0,82.0,6.0,9.0,286.0,0.0
WX-CYEG,2030-05-09T09:00:00Z,1.6,87.0,8.0,12.0,297.0,0.0
WX-CYLB,2030-05-09T09:00:00Z,2.8,74.0,8.0,13.0,303.0,0.0
WX-CYMM,2030-05-09T09:00:00Z,3.6,79.0,6.0,9.0,301.0,0.0
WX-CYOD,2030-05-09T09:00:00Z,3.7,60.0,9.0,12.0,284.0,0.0
WX-CYOJ,2030-05-09T09:00:00Z,3.1,73.0,7.0,10.0,319.0,0.0
WX-CYPE,2030-05-09T09:00:00Z,3.1,77.0,5.0,6.0,282.0,0.0
WX-CYPY,2030-05-09T09:00:00Z,2.7,80.0,7.0,11.0,319.0,0.0
WX-CYQU,2030-05-09T09:00:00Z,3.8,75.0,7.0,11.0,304.0,0.0
WX-CYWM,2030-05-09T09:00:00Z,2.8,88.0,8.0,12.0,287.0,0.0
WX-CYZH,2030-05-09T09:00:00Z,5.4,70.0,7.0,11.0,317.0,0.0
WX-CYZU,2030-05-09T09:00:00Z,7.0,58.0,5.0,6.0,296.0,0.0
WX-CZHP,2030-05-09T09:00:00Z,3.8,80.0,6.0,9.0,282.0,0.0
WX-CEE5,2030-05-09T10:00:00Z,2.2,82.0,5.0,7.0,305.0,0.0
WX-CEH5,2030-05-09T10:00:00Z,5.6,61.0,6.0,9.0,294.0,0.0
WX-CEM5,2030-05-09T10:00:00Z,6.8,61.0,6.0,9.0,310.0,0.0
WX-CET2,2030-05-09T10:00:00Z,0.0,100.0,10.0,14.0,297.0,0.0
WX-CFN5,2030-05-09T10:00:00Z,2.0,98.0,9.0,14.0,310.0,0.0
WX-CFX4,2030-05-09T10:00:00Z,3.1,78.0,6.0,8.0,297.0,0.0
WX-CYEG,2030-05-09T10:00:00Z,1.6,88.0,7.0,9.0,308.0,0.0
WX-CYLB,2030-05-09T10:00:00Z,3.3,69.0,8.0,11.0,310.0,0.0
WX-CYMM,2030-05-09T10:00:00Z,3.1,76.0,6.0,8.0,312.0,0.0
WX-CYOD,2030-05-09T10:00:00Z,5.0,63.0,7.0,10.0,290.0,0.0
WX-CYOJ,2030-05-09T10:00:00Z,2.7,79.0,8.0,11.0,314.0,0.0
WX-CYPE,2030-05-09T10:00:00Z,3.6,71.0,4.0,6.0,284.0,0.0
WX-CYPY,2030-05-09T10:00:00Z,3.1,78.0,8.0,11.0,311.0,0.0
WX-CYQU,2030-05-09T10:00:00Z,3.7,81.0,7.0,10.0,312.0,0.0
WX-CYWM,2030-05-09T10:00:00Z,3.1,89.0,4.0,6.0,296.0,0.0
WX-CYZH,2030-05-09T10:00:00Z,4.5,73.0,6.0,8.0,310.0,0.0
WX-CYZU,2030-05-09T10:00:00Z,6.2,59.0,7.0,9.0,313.0,0.0
WX-CZHP,2030-05-09T10:00:00Z,3.2,83.0,7.0,10.0,296.0,0.0
WX-CEE5,2030-05-09T11:00:00Z,2.7,79.0,7.0,9.0,291.0,0.0
WX-CEH5,2030-05-09T11:00:00Z,5.1,62.0,7.0,10.0,286.0,0.2
WX-CEM5,2030-05-09T11:00:00Z,7.5,60.0,9.0,12.0,306.0,0.0
WX-CET2,2030-05-09T11:00:00Z,0.4,93.0,8.0,10.0,291.0,0.2
WX-CFN5,2030-05-09T11:00:00Z,1.1,96.0,6.0,9.0,310.0,0.0
WX-CFX4,2030-05-09T11:00:00Z,3.8,73.0,5.0,6.0,303.0,0.0
WX-CYEG,2030-05-09T11:00:00Z,1.4,86.0,8.0,12.0,292.0,0.0
WX-CYLB,2030-05-09T11:00:00Z,4.0,66.0,6.0,10.0,307.0,0.2
WX-CYMM,2030-05-09T11:00:00Z,3.6,79.0,8.0,10.0,290.0,0.0
WX-CYOD,2030-05-09T11:00:00Z,4.5,57.0,5.0,7.0,270.0,0.2
WX-CYOJ,2030-05-09T11:00:00Z,3.6,74.0,7.0,10.0,306.0,0.0
WX-CYPE,2030-05-09T11:00:00Z,4.4,68.0,6.0,9.0,295.0,0.0
WX-CYPY,2030-05-09T11:00:00Z,2.6,77.0,8.0,12.0,303.0,0.0
WX-CYQU,2030-05-09T11:00:00Z,4.0,72.0,7.0,9.0,309.0,0.0
WX-CYWM,2030-05-09T11:00:00Z,4.6,88.0,6.0,8.0,292.0,0.2
WX-CYZH,2030-05-09T11:00:00Z,5.4,67.0,6.0,9.0,322.0,0.0
WX-CYZU,2030-05-09T11:00:00Z,7.2,58.0,5.0,8.0,322.0,0.0
WX-CZHP,2030-05-09T11:00:00Z,4.5,80.0,9.0,12.0,295.0,0.2
WX-CEE5,2030-05-09T12:00:00Z,3.1,73.0,7.0,11.0,304.0,0.0
WX-CEH5,2030-05-09T12:00:00Z,6.5,83.0,5.0,7.0,304.0,0.2
WX-CEM5,2030-05-09T12:00:00Z,7.7,54.0,7.0,11.0,317.0,0.0
WX-CET2,2030-05-09T12:00:00Z,1.4,87.0,9.0,13.0,287.0,0.2
WX-CFN5,2030-05-09T12:00:00Z,3.0,90.0,7.0,11.0,331.0,0.0
WX-CFX4,2030-05-09T12:00:00Z,4.4,73.0,5.0,8.0,296.0,0.0
WX-CYEG,2030-05-09T12:00:00Z,3.6,80.0,7.0,11.0,308.0,0.0
WX-CYLB,2030-05-09T12:00:00Z,4.2,89.0,8.0,11.0,287.0,0.4
WX-CYMM,2030-05-09T12:00:00Z,4.9,85.0,7.0,11.0,303.0,0.2
WX-CYOD,2030-05-09T12:00:00Z,6.0,86.0,7.0,11.0,290.0,0.2
WX-CYOJ,2030-05-09T12:00:00Z,5.1,69.0,8.0,11.0,297.0,0.0
WX-CYPE,2030-05-09T12:00:00Z,5.6,69.0,6.0,8.0,279.0,0.0
WX-CYPY,2030-05-09T12:00:00Z,4.6,71.0,9.0,14.0,308.0,0.0
WX-CYQU,2030-05-09T12:00:00Z,4.8,88.0,10.0,14.0,303.0,0.2
WX-CYWM,2030-05-09T12:00:00Z,5.1,79.0,6.0,9.0,293.0,0.2
WX-CYZH,2030-05-09T12:00:00Z,6.8,58.0,8.0,12.0,323.0,0.2
WX-CYZU,2030-05-09T12:00:00Z,8.6,54.0,6.0,8.0,317.0,0.0
WX-CZHP,2030-05-09T12:00:00Z,5.0,84.0,8.0,12.0,303.0,0.2
WX-CEE5,2030-05-09T13:00:00Z,5.0,66.0,6.0,8.0,293.0,0.2
WX-CEH5,2030-05-09T13:00:00Z,8.6,89.0,9.0,13.0,275.0,0.4
WX-CEM5,2030-05-09T13:00:00Z,9.9,56.0,8.0,11.0,299.0,0.0
WX-CET2,2030-05-09T13:00:00Z,3.7,84.0,8.0,12.0,306.0,0.4
WX-CFN5,2030-05-09T13:00:00Z,4.1,81.0,6.0,8.0,315.0,0.0
WX-CFX4,2030-05-09T13:00:00Z,6.0,63.0,5.0,6.0,297.0,0.0
WX-CYEG,2030-05-09T13:00:00Z,5.4,74.0,9.0,12.0,286.0,0.0
WX-CYLB,2030-05-09T13:00:00Z,5.7,85.0,7.0,9.0,298.0,0.6
WX-CYMM,2030-05-09T13:00:00Z,6.1,84.0,7.0,10.0,295.0,0.4
WX-CYOD,2030-05-09T13:00:00Z,7.1,91.0,6.0,9.0,298.0,0.4
WX-CYOJ,2030-05-09T13:00:00Z,6.3,65.0,10.0,13.0,309.0,0.0
WX-CYPE,2030-05-09T13:00:00Z,6.3,64.0,7.0,10.0,276.0,0.0
WX-CYPY,2030-05-09T13:00:00Z,6.1,63.0,7.0,10.0,303.0,0.2
WX-CYQU,2030-05-09T13:00:00Z,6.3,82.0,7.0,10.0,307.0,0.4
WX-CYWM,2030-05-09T13:00:00Z,5.9,84.0,5.0,7.0,289.0,0.4
WX-CYZH,2030-05-09T13:00:00Z,7.7,84.0,6.0,8.0,315.0,0.2
WX-CYZU,2030-05-09T13:00:00Z,10.0,48.0,6.0,9.0,311.0,0.0
WX-CZHP,2030-05-09T13:00:00Z,7.6,88.0,5.0,7.0,292.0,0.4
WX-CEE5,2030-05-09T14:00:00Z,7.4,51.0,8.0,11.0,298.0,0.2
WX-CEH5,2030-05-09T14:00:00Z,9.7,81.0,5.0,8.0,288.0,0.6
WX-CEM5,2030-05-09T14:00:00Z,11.6,50.0,7.0,9.0,308.0,0.2
WX-CET2,2030-05-09T14:00:00Z,4.7,83.0,10.0,16.0,278.0,0.6
WX-CFN5,2030-05-09T14:00:00Z,6.7,77.0,9.0,14.0,324.0,0.0
WX-CFX4,2030-05-09T14:00:00Z,7.0,60.0,6.0,8.0,312.0,0.0
WX-CYEG,2030-05-09T14:00:00Z,5.5,66.0,7.0,11.0,295.0,0.0
WX-CYLB,2030-05-09T14:00:00Z,7.3,84.0,8.0,11.0,294.0,0.8
WX-CYMM,2030-05-09T14:00:00Z,8.6,91.0,6.0,9.0,298.0,0.4
WX-CYOD,2030-05-09T14:00:00Z,8.5,86.0,6.0,10.0,291.0,0.6
WX-CYOJ,2030-05-09T14:00:00Z,7.9,58.0,10.0,13.0,308.0,0.0
WX-CYPE,2030-05-09T14:00:00Z,8.4,61.0,7.0,11.0,261.0,0.0
WX-CYPY,2030-05-09T14:00:00Z,7.0,85.0,10.0,15.0,307.0,0.2
WX-CYQU,2030-05-09T14:00:00Z,8.7,84.0,7.0,11.0,309.0,0.6
WX-CYWM,2030-05-09T14:00:00Z,7.8,85.0,6.0,9.0,299.0,0.6
WX-CYZH,2030-05-09T14:00:00Z,9.4,84.0,8.0,11.0,319.0,0.4
WX-CYZU,2030-05-09T14:00:00Z,11.5,48.0,8.0,10.0,322.0,0.2
WX-CZHP,2030-05-09T14:00:00Z,7.9,83.0,6.0,8.0,295.0,0.6
WX-CEE5,2030-05-09T15:00:00Z,8.9,85.0,12.0,16.0,292.0,0.2
WX-CEH5,2030-05-09T15:00:00Z,11.5,86.0,11.0,16.0,295.0,0.6
WX-CEM5,2030-05-09T15:00:00Z,13.8,38.0,11.0,16.0,316.0,0.2
WX-CET2,2030-05-09T15:00:00Z,6.4,89.0,13.0,18.0,301.0,0.6
WX-CFN5,2030-05-09T15:00:00Z,7.8,65.0,15.0,20.0,312.0,0.0
WX-CFX4,2030-05-09T15:00:00Z,10.1,50.0,8.0,12.0,312.0,0.0
WX-CYEG,2030-05-09T15:00:00Z,7.8,51.0,14.0,20.0,286.0,0.0
WX-CYLB,2030-05-09T15:00:00Z,9.9,83.0,15.0,21.0,291.0,1.0
WX-CYMM,2030-05-09T15:00:00Z,10.8,85.0,9.0,13.0,296.0,0.6
WX-CYOD,2030-05-09T15:00:00Z,10.4,89.0,11.0,15.0,294.0,0.8
WX-CYOJ,2030-05-09T15:00:00Z,9.7,51.0,17.0,27.0,308.0,0.0
WX-CYPE,2030-05-09T15:00:00Z,9.9,44.0,12.0,16.0,294.0,0.0
WX-CYPY,2030-05-09T15:00:00Z,8.6,85.0,15.0,23.0,319.0,0.2
WX-CYQU,2030-05-09T15:00:00Z,10.1,82.0,15.0,22.0,305.0,0.6
WX-CYWM,2030-05-09T15:00:00Z,9.8,84.0,8.0,11.0,295.0,0.6
WX-CYZH,2030-05-09T15:00:00Z,10.8,85.0,12.0,16.0,314.0,0.4
WX-CYZU,2030-05-09T15:00:00Z,12.7,35.0,13.0,20.0,296.0,0.2
WX-CZHP,2030-05-09T15:00:00Z,10.2,83.0,13.0,18.0,292.0,0.8
WX-CEE5,2030-05-09T16:00:00Z,11.0,43.0,15.0,22.0,290.0,0.2
WX-CEH5,2030-05-09T16:00:00Z,13.4,86.0,15.0,22.0,294.0,0.6
WX-CEM5,2030-05-09T16:00:00Z,14.3,37.0,15.0,23.0,308.0,0.2
WX-CET2,2030-05-09T16:00:00Z,8.7,82.0,16.0,25.0,289.0,0.6
WX-CFN5,2030-05-09T16:00:00Z,9.8,56.0,17.0,24.0,317.0,0.0
WX-CFX4,2030-05-09T16:00:00Z,11.9,44.0,14.0,22.0,299.0,0.0
WX-CYEG,2030-05-09T16:00:00Z,10.3,49.0,19.0,29.0,296.0,0.0
WX-CYLB,2030-05-09T16:00:00Z,10.9,85.0,15.0,23.0,313.0,0.8
WX-CYMM,2030-05-09T16:00:00Z,11.7,89.0,12.0,19.0,277.0,0.4
WX-CYOD,2030-05-09T16:00:00Z,12.9,85.0,13.0,19.0,295.0,0.6
WX-CYOJ,2030-05-09T16:00:00Z,11.3,44.0,16.0,25.0,311.0,0.0
WX-CYPE,2030-05-09T16:00:00Z,12.0,37.0,15.0,22.0,293.0,0.0
WX-CYPY,2030-05-09T16:00:00Z,11.3,86.0,14.0,19.0,313.0,0.2
WX-CYQU,2030-05-09T16:00:00Z,11.8,85.0,16.0,24.0,310.0,0.6
WX-CYWM,2030-05-09T16:00:00Z,11.9,80.0,13.0,17.0,286.0,0.6
WX-CYZH,2030-05-09T16:00:00Z,12.7,88.0,16.0,24.0,309.0,0.4
WX-CYZU,2030-05-09T16:00:00Z,15.4,34.0,17.0,23.0,303.0,0.2
WX-CZHP,2030-05-09T16:00:00Z,11.7,88.0,16.0,20.0,293.0,0.6
WX-CEE5,2030-05-09T17:00:00Z,12.6,40.0,16.0,25.0,300.0,0.2
WX-CEH5,2030-05-09T17:00:00Z,15.6,82.0,16.0,20.0,293.0,0.4
WX-CEM5,2030-05-09T17:00:00Z,17.0,30.0,15.0,22.0,314.0,0.0
WX-CET2,2030-05-09T17:00:00Z,10.5,85.0,19.0,30.0,305.0,0.4
WX-CFN5,2030-05-09T17:00:00Z,11.3,48.0,19.0,27.0,326.0,0.0
WX-CFX4,2030-05-09T17:00:00Z,13.3,40.0,14.0,20.0,312.0,0.0
WX-CYEG,2030-05-09T17:00:00Z,11.9,45.0,21.0,28.0,288.0,0.0
WX-CYLB,2030-05-09T17:00:00Z,12.8,88.0,20.0,25.0,298.0,0.6
WX-CYMM,2030-05-09T17:00:00Z,13.4,86.0,17.0,27.0,295.0,0.4
WX-CYOD,2030-05-09T17:00:00Z,14.3,85.0,17.0,23.0,302.0,0.4
WX-CYOJ,2030-05-09T17:00:00Z,13.3,39.0,26.0,34.0,327.0,0.0
WX-CYPE,2030-05-09T17:00:00Z,13.5,35.0,14.0,19.0,273.0,0.0
WX-CYPY,2030-05-09T17:00:00Z,12.4,38.0,19.0,25.0,309.0,0.2
WX-CYQU,2030-05-09T17:00:00Z,14.0,84.0,22.0,31.0,304.0,0.4
WX-CYWM,2030-05-09T17:00:00Z,13.3,88.0,15.0,21.0,291.0,0.4
WX-CYZH,2030-05-09T17:00:00Z,15.3,85.0,16.0,22.0,318.0,0.2
WX-CYZU,2030-05-09T17:00:00Z,16.9,29.0,17.0,26.0,318.0,0.0
WX-CZHP,2030-05-09T17:00:00Z,14.5,82.0,16.0,24.0,296.0,0.4
WX-CEE5,2030-05-09T18:00:00Z,14.9,30.0,15.0,22.0,294.0,0.0
WX-CEH5,2030-05-09T18:00:00Z,17.6,82.0,17.0,25.0,290.0,0.2
WX-CEM5,2030-05-09T18:00:00Z,18.4,25.0,19.0,24.0,309.0,0.0
WX-CET2,2030-05-09T18:00:00Z,12.1,82.0,23.0,35.0,306.0,0.2
WX-CFN5,2030-05-09T18:00:00Z,13.2,39.0,23.0,31.0,326.0,0.0
WX-CFX4,2030-05-09T18:00:00Z,15.2,36.0,20.0,28.0,300.0,0.0
WX-CYEG,2030-05-09T18:00:00Z,13.3,39.0,22.0,31.0,299.0,0.0
WX-CYLB,2030-05-09T18:00:00Z,15.1,89.0,19.0,28.0,295.0,0.4
WX-CYMM,2030-05-09T18:00:00Z,15.8,87.0,17.0,26.0,301.0,0.2
WX-CYOD,2030-05-09T18:00:00Z,16.3,86.0,16.0,24.0,291.0,0.2
WX-CYOJ,2030-05-09T18:00:00Z,15.3,36.0,24.0,32.0,319.0,0.0
WX-CYPE,2030-05-09T18:00:00Z,15.8,31.0,15.0,21.0,287.0,0.0
WX-CYPY,2030-05-09T18:00:00Z,14.7,30.0,20.0,31.0,303.0,0.0
WX-CYQU,2030-05-09T18:00:00Z,15.2,84.0,24.0,33.0,291.0,0.2
WX-CYWM,2030-05-09T18:00:00Z,14.8,85.0,14.0,18.0,293.0,0.2
WX-CYZH,2030-05-09T18:00:00Z,16.9,32.0,19.0,25.0,320.0,0.2
WX-CYZU,2030-05-09T18:00:00Z,18.3,29.0,17.0,25.0,307.0,0.0
WX-CZHP,2030-05-09T18:00:00Z,15.9,83.0,20.0,31.0,295.0,0.2
WX-CEE5,2030-05-09T19:00:00Z,15.6,30.0,19.0,29.0,314.0,0.0
WX-CEH5,2030-05-09T19:00:00Z,18.4,29.0,17.0,22.0,295.0,0.2
WX-CEM5,2030-05-09T19:00:00Z,20.1,25.0,16.0,24.0,315.0,0.0
WX-CET2,2030-05-09T19:00:00Z,12.7,34.0,25.0,38.0,298.0,0.2
WX-CFN5,2030-05-09T19:00:00Z,13.9,42.0,26.0,38.0,318.0,0.0
WX-CFX4,2030-05-09T19:00:00Z,17.1,28.0,19.0,26.0,307.0,0.0
WX-CYEG,2030-05-09T19:00:00Z,14.1,36.0,24.0,36.0,310.0,0.0
WX-CYLB,2030-05-09T19:00:00Z,16.8,26.0,24.0,33.0,314.0,0.2
WX-CYMM,2030-05-09T19:00:00Z,17.0,29.0,19.0,26.0,297.0,0.0
WX-CYOD,2030-05-09T19:00:00Z,18.4,22.0,16.0,25.0,285.0,0.2
WX-CYOJ,2030-05-09T19:00:00Z,16.6,30.0,27.0,38.0,311.0,0.0
WX-CYPE,2030-05-09T19:00:00Z,17.3,31.0,17.0,26.0,280.0,0.0
WX-CYPY,2030-05-09T19:00:00Z,15.8,30.0,21.0,31.0,306.0,0.0
WX-CYQU,2030-05-09T19:00:00Z,17.6,26.0,22.0,30.0,307.0,0.0
WX-CYWM,2030-05-09T19:00:00Z,17.2,34.0,17.0,25.0,275.0,0.2
WX-CYZH,2030-05-09T19:00:00Z,18.1,28.0,19.0,25.0,308.0,0.0
WX-CYZU,2030-05-09T19:00:00Z,20.1,20.0,24.0,34.0,317.0,0.0
WX-CZHP,2030-05-09T19:00:00Z,16.6,30.0,23.0,30.0,282.0,0.2
WX-CEE5,2030-05-09T20:00:00Z,16.8,27.0,20.0,26.0,286.0,0.0
WX-CEH5,2030-05-09T20:00:00Z,19.6,23.0,23.0,31.0,292.0,0.0
WX-CEM5,2030-05-09T20:00:00Z,21.2,30.0,16.0,22.0,300.0,0.0
WX-CET2,2030-05-09T20:00:00Z,13.6,30.0,26.0,38.0,301.0,0.0
WX-CFN5,2030-05-09T20:00:00Z,15.7,35.0,23.0,36.0,315.0,0.0
WX-CFX4,2030-05-09T20:00:00Z,17.1,28.0,18.0,26.0,278.0,0.0
WX-CYEG,2030-05-09T20:00:00Z,16.4,30.0,22.0,29.0,291.0,0.0
WX-CYLB,2030-05-09T20:00:00Z,16.9,27.0,26.0,36.0,290.0,0.0
WX-CYMM,2030-05-09T20:00:00Z,17.8,30.0,21.0,28.0,300.0,0.0
WX-CYOD,2030-05-09T20:00:00Z,18.7,24.0,20.0,30.0,293.0,0.0
WX-CYOJ,2030-05-09T20:00:00Z,17.3,27.0,28.0,43.0,323.0,0.0
WX-CYPE,2030-05-09T20:00:00Z,17.5,27.0,14.0,19.0,272.0,0.0
WX-CYPY,2030-05-09T20:00:00Z,16.9,31.0,25.0,36.0,302.0,0.0
WX-CYQU,2030-05-09T20:00:00Z,18.7,29.0,25.0,33.0,303.0,0.0
WX-CYWM,2030-05-09T20:00:00Z,18.2,32.0,19.0,30.0,304.0,0.0
WX-CYZH,2030-05-09T20:00:00Z,18.5,27.0,23.0,34.0,335.0,0.0
WX-CYZU,2030-05-09T20:00:00Z,20.8,22.0,22.0,33.0,306.0,0.0
WX-CZHP,2030-05-09T20:00:00Z,18.3,27.0,23.0,32.0,296.0,0.0
WX-CEE5,2030-05-09T21:00:00Z,17.3,26.0,19.0,26.0,297.0,0.0
WX-CEH5,2030-05-09T21:00:00Z,20.2,26.0,24.0,36.0,279.0,0.0
WX-CEM5,2030-05-09T21:00:00Z,21.3,22.0,15.0,20.0,310.0,0.0
WX-CET2,2030-05-09T21:00:00Z,14.8,34.0,24.0,34.0,309.0,0.0
WX-CFN5,2030-05-09T21:00:00Z,16.3,38.0,27.0,39.0,321.0,0.0
WX-CFX4,2030-05-09T21:00:00Z,18.0,24.0,16.0,22.0,288.0,0.0
WX-CYEG,2030-05-09T21:00:00Z,16.4,34.0,25.0,37.0,289.0,0.0
WX-CYLB,2030-05-09T21:00:00Z,17.8,24.0,24.0,37.0,299.0,0.0
WX-CYMM,2030-05-09T21:00:00Z,18.3,31.0,18.0,24.0,289.0,0.0
WX-CYOD,2030-05-09T21:00:00Z,18.3,24.0,20.0,28.0,288.0,0.0
WX-CYOJ,2030-05-09T21:00:00Z,18.0,32.0,25.0,31.0,295.0,0.0
WX-CYPE,2030-05-09T21:00:00Z,18.7,27.0,17.0,21.0,279.0,0.0
WX-CYPY,2030-05-09T21:00:00Z,16.4,30.0,23.0,29.0,300.0,0.0
WX-CYQU,2030-05-09T21:00:00Z,18.2,25.0,24.0,32.0,296.0,0.0
WX-CYWM,2030-05-09T21:00:00Z,18.7,32.0,19.0,28.0,280.0,0.0
WX-CYZH,2030-05-09T21:00:00Z,19.3,23.0,19.0,30.0,319.0,0.0
WX-CYZU,2030-05-09T21:00:00Z,21.2,20.0,20.0,31.0,334.0,0.0
WX-CZHP,2030-05-09T21:00:00Z,18.6,30.0,22.0,28.0,285.0,0.0
WX-CEE5,2030-05-09T22:00:00Z,17.4,27.0,18.0,26.0,302.0,0.0
WX-CEH5,2030-05-09T22:00:00Z,21.0,25.0,22.0,32.0,290.0,0.0
WX-CEM5,2030-05-09T22:00:00Z,21.2,26.0,19.0,26.0,318.0,0.0
WX-CET2,2030-05-09T22:00:00Z,15.0,33.0,21.0,28.0,301.0,0.0
WX-CFN5,2030-05-09T22:00:00Z,17.2,31.0,22.0,33.0,317.0,0.0
WX-CFX4,2030-05-09T22:00:00Z,17.7,27.0,14.0,20.0,312.0,0.0
WX-CYEG,2030-05-09T22:00:00Z,17.0,28.0,20.0,28.0,306.0,0.0
WX-CYLB,2030-05-09T22:00:00Z,,,,,,0.0
WX-CYMM,2030-05-09T22:00:00Z,18.7,23.0,20.0,28.0,292.0,0.0
WX-CYOD,2030-05-09T22:00:00Z,19.0,24.0,17.0,23.0,309.0,0.0
WX-CYOJ,2030-05-09T22:00:00Z,17.6,30.0,24.0,36.0,313.0,0.0
WX-CYPE,2030-05-09T22:00:00Z,18.3,25.0,18.0,28.0,285.0,0.0
WX-CYPY,2030-05-09T22:00:00Z,17.3,27.0,20.0,28.0,307.0,0.0
WX-CYQU,2030-05-09T22:00:00Z,18.9,32.0,21.0,26.0,311.0,0.0
WX-CYWM,2030-05-09T22:00:00Z,18.3,30.0,14.0,18.0,297.0,0.0
WX-CYZH,2030-05-09T22:00:00Z,19.7,27.0,19.0,27.0,330.0,0.0
WX-CYZU,2030-05-09T22:00:00Z,21.3,21.0,19.0,29.0,322.0,0.0
WX-CZHP,2030-05-09T22:00:00Z,18.8,26.0,18.0,27.0,291.0,0.0
WX-CEE5,2030-05-09T23:00:00Z,15.9,31.0,17.0,22.0,294.0,0.0
WX-CEH5,2030-05-09T23:00:00Z,20.2,24.0,15.0,19.0,289.0,0.0
WX-CEM5,2030-05-09T23:00:00Z,20.9,22.0,17.0,22.0,298.0,0.0
WX-CET2,2030-05-09T23:00:00Z,14.6,34.0,20.0,26.0,304.0,0.0
WX-CFN5,2030-05-09T23:00:00Z,15.5,37.0,23.0,34.0,323.0,0.0
WX-CFX4,2030-05-09T23:00:00Z,17.7,30.0,14.0,18.0,309.0,0.0
WX-CYEG,2030-05-09T23:00:00Z,16.2,32.0,23.0,34.0,277.0,0.0
WX-CYLB,2030-05-09T23:00:00Z,17.5,30.0,21.0,33.0,293.0,0.0
WX-CYMM,2030-05-09T23:00:00Z,17.9,33.0,15.0,24.0,290.0,0.0
WX-CYOD,2030-05-09T23:00:00Z,18.2,25.0,19.0,28.0,292.0,0.0
WX-CYOJ,2030-05-09T23:00:00Z,17.5,26.0,19.0,24.0,309.0,0.0
WX-CYPE,2030-05-09T23:00:00Z,17.6,29.0,14.0,20.0,280.0,0.0
WX-CYPY,2030-05-09T23:00:00Z,17.1,31.0,20.0,31.0,313.0,0.0
WX-CYQU,2030-05-09T23:00:00Z,17.8,26.0,24.0,38.0,314.0,0.0
WX-CYWM,2030-05-09T23:00:00Z,17.6,34.0,19.0,29.0,283.0,0.0
WX-CYZH,2030-05-09T23:00:00Z,19.4,23.0,18.0,26.0,318.0,0.0
WX-CYZU,2030-05-09T23:00:00Z,21.7,25.0,17.0,21.0,303.0,0.0
WX-CZHP,2030-05-09T23:00:00Z,18.3,29.0,22.0,34.0,275.0,0.0
WX-CEE5,2030-05-10T00:00:00Z,15.4,32.0,16.0,21.0,310.0,0.0
WX-CEH5,2030-05-10T00:00:00Z,18.7,23.0,19.0,29.0,304.0,0.0
WX-CEM5,2030-05-10T00:00:00Z,20.0,24.0,14.0,21.0,322.0,0.0
WX-CET2,2030-05-10T00:00:00Z,13.0,40.0,18.0,28.0,316.0,0.0
WX-CFN5,2030-05-10T00:00:00Z,14.7,35.0,17.0,26.0,308.0,0.0
WX-CFX4,2030-05-10T00:00:00Z,16.5,29.0,11.0,15.0,312.0,0.0
WX-CYEG,2030-05-10T00:00:00Z,15.4,33.0,19.0,26.0,295.0,0.0
WX-CYLB,2030-05-10T00:00:00Z,17.0,25.0,18.0,25.0,305.0,0.0
WX-CYMM,2030-05-10T00:00:00Z,16.9,29.0,14.0,18.0,287.0,0.0
WX-CYOD,2030-05-10T00:00:00Z,17.6,20.0,11.0,17.0,309.0,0.0
WX-CYOJ,2030-05-10T00:00:00Z,16.5,29.0,18.0,27.0,295.0,0.0
WX-CYPE,2030-05-10T00:00:00Z,15.7,28.0,11.0,16.0,285.0,0.0
WX-CYPY,2030-05-10T00:00:00Z,15.6,30.0,15.0,21.0,308.0,0.0
WX-CYQU,2030-05-10T00:00:00Z,16.8,31.0,16.0,24.0,295.0,0.0
WX-CYWM,2030-05-10T00:00:00Z,16.7,36.0,13.0,18.0,278.0,0.0
WX-CYZH,2030-05-10T00:00:00Z,18.0,30.0,16.0,21.0,304.0,0.0
WX-CYZU,2030-05-10T00:00:00Z,20.3,21.0,18.0,29.0,320.0,0.0
WX-CZHP,2030-05-10T00:00:00Z,17.2,35.0,17.0,25.0,275.0,0.0
WX-CEE5,2030-05-10T01:00:00Z,14.1,29.0,12.0,16.0,300.0,0.0
WX-CEH5,2030-05-10T01:00:00Z,17.8,26.0,12.0,16.0,287.0,0.0
WX-CEM5,2030-05-10T01:00:00Z,18.7,26.0,14.0,22.0,324.0,0.0
WX-CET2,2030-05-10T01:00:00Z,11.6,41.0,14.0,20.0,289.0,0.0
WX-CFN5,2030-05-10T01:00:00Z,13.5,39.0,18.0,29.0,311.0,0.0
WX-CFX4,2030-05-10T01:00:00Z,16.1,37.0,12.0,19.0,307.0,0.0
WX-CYEG,2030-05-10T01:00:00Z,12.8,43.0,13.0,17.0,310.0,0.0
WX-CYLB,2030-05-10T01:00:00Z,14.8,29.0,16.0,25.0,318.0,0.0
WX-CYMM,2030-05-10T01:00:00Z,15.7,35.0,13.0,20.0,309.0,0.0
WX-CYOD,2030-05-10T01:00:00Z,16.1,25.0,12.0,17.0,298.0,0.0
WX-CYOJ,2030-05-10T01:00:00Z,15.4,32.0,15.0,21.0,316.0,0.0
WX-CYPE,2030-05-10T01:00:00Z,14.8,28.0,12.0,19.0,279.0,0.0
WX-CYPY,2030-05-10T01:00:00Z,14.6,32.0,17.0,25.0,308.0,0.0
WX-CYQU,2030-05-10T01:00:00Z,16.0,34.0,15.0,21.0,308.0,0.0
WX-CYWM,2030-05-10T01:00:00Z,15.0,36.0,13.0,19.0,269.0,0.0
WX-CYZH,2030-05-10T01:00:00Z,16.9,29.0,14.0,18.0,324.0,0.0
WX-CYZU,2030-05-10T01:00:00Z,18.4,21.0,12.0,18.0,318.0,0.0
WX-CZHP,2030-05-10T01:00:00Z,16.2,31.0,12.0,17.0,292.0,0.0
WX-CEE5,2030-05-10T02:00:00Z,12.4,39.0,8.0,12.0,296.0,0.0
WX-CEH5,2030-05-10T02:00:00Z,15.9,31.0,9.0,14.0,288.0,0.0
WX-CEM5,2030-05-10T02:00:00Z,17.2,30.0,8.0,11.0,315.0,0.0
WX-CET2,2030-05-10T02:00:00Z,11.1,45.0,11.0,16.0,299.0,0.0
WX-CFN5,2030-05-10T02:00:00Z,11.5,50.0,13.0,19.0,305.0,0.0
WX-CFX4,2030-05-10T02:00:00Z,13.0,39.0,9.0,12.0,311.0,0.0
WX-CYEG,2030-05-10T02:00:00Z,11.7,39.0,13.0,17.0,296.0,0.0
WX-CYLB,2030-05-10T02:00:00Z,12.9,34.0,13.0,18.0,288.0,0.0
WX-CYMM,2030-05-10T02:00:00Z,12.7,39.0,11.0,15.0,298.0,0.0
WX-CYOD,2030-05-10T02:00:00Z,14.6,30.0,8.0,12.0,294.0,0.0
WX-CYOJ,2030-05-10T02:00:00Z,14.0,40.0,12.0,19.0,293.0,0.0
WX-CYPE,2030-05-10T02:00:00Z,13.4,37.0,8.0,11.0,275.0,0.0
WX-CYPY,2030-05-10T02:00:00Z,12.2,32.0,11.0,16.0,311.0,0.0
WX-CYQU,2030-05-10T02:00:00Z,13.8,38.0,10.0,13.0,304.0,0.0
WX-CYWM,2030-05-10T02:00:00Z,12.9,45.0,7.0,9.0,280.0,0.0
WX-CYZH,2030-05-10T02:00:00Z,15.2,37.0,8.0,13.0,316.0,0.0
WX-CYZU,2030-05-10T02:00:00Z,16.9,31.0,10.0,13.0,300.0,0.0
WX-CZHP,2030-05-10T02:00:00Z,14.9,44.0,13.0,21.0,288.0,0.0
WX-CEE5,2030-05-10T03:00:00Z,10.2,43.0,6.0,8.0,299.0,0.0
WX-CEH5,2030-05-10T03:00:00Z,14.0,35.0,7.0,11.0,295.0,0.0
WX-CEM5,2030-05-10T03:00:00Z,15.3,36.0,7.0,10.0,305.0,0.0
WX-CET2,2030-05-10T03:00:00Z,8.4,52.0,8.0,13.0,281.0,0.0
WX-CFN5,2030-05-10T03:00:00Z,10.3,58.0,8.0,12.0,314.0,0.0
WX-CFX4,2030-05-10T03:00:00Z,12.2,44.0,7.0,10.0,305.0,0.0
WX-CYEG,2030-05-10T03:00:00Z,10.2,48.0,9.0,13.0,292.0,0.0
WX-CYLB,2030-05-10T03:00:00Z,11.2,43.0,7.0,9.0,303.0,0.0
WX-CYMM,2030-05-10T03:00:00Z,11.9,48.0,7.0,10.0,294.0,0.0
WX-CYOD,2030-05-10T03:00:00Z,12.1,36.0,5.0,7.0,309.0,0.0
WX-CYOJ,2030-05-10T03:00:00Z,12.6,42.0,9.0,13.0,307.0,0.0
WX-CYPE,2030-05-10T03:00:00Z,11.2,42.0,4.0,6.0,280.0,0.0
WX-CYPY,2030-05-10T03:00:00Z,11.5,44.0,8.0,12.0,304.0,0.0
WX-CYQU,2030-05-10T03:00:00Z,12.1,46.0,8.0,13.0,311.0,0.0
WX-CYWM,2030-05-10T03:00:00Z,11.5,50.0,4.0,5.0,296.0,0.0
WX-CYZH,2030-05-10T03:00:00Z,13.2,41.0,7.0,10.0,331.0,0.0
WX-CYZU,2030-05-10T03:00:00Z,15.5,36.0,5.0,8.0,324.0,0.0
WX-CZHP,2030-05-10T03:00:00Z,12.4,46.0,5.0,8.0,282.0,0.0
WX-CEE5,2030-05-10T04:00:00Z,8.9,49.0,7.0,11.0,286.0,0.0
WX-CEH5,2030-05-10T04:00:00Z,12.2,40.0,8.0,11.0,302.0,0.0
WX-CEM5,2030-05-10T04:00:00Z,12.9,39.0,8.0,11.0,316.0,0.0
WX-CET2,2030-05-10T04:00:00Z,6.9,57.0,10.0,16.0,293.0,0.0
WX-CFN5,2030-05-10T04:00:00Z,7.3,63.0,8.0,11.0,326.0,0.0
WX-CFX4,2030-05-10T04:00:00Z,9.0,50.0,3.0,5.0,303.0,0.0
WX-CYEG,2030-05-10T04:00:00Z,8.4,55.0,7.0,9.0,299.0,0.0
WX-CYLB,2030-05-10T04:00:00Z,9.2,49.0,8.0,12.0,295.0,0.0
WX-CYMM,2030-05-10T04:00:00Z,10.0,54.0,5.0,6.0,304.0,0.0
WX-CYOD,2030-05-10T04:00:00Z,10.9,40.0,6.0,8.0,296.0,0.0
WX-CYOJ,2030-05-10T04:00:00Z,9.2,50.0,8.0,11.0,303.0,0.0
WX-CYPE,2030-05-10T04:00:00Z,10.3,50.0,5.0,8.0,299.0,0.0
WX-CYPY,2030-05-10T04:00:00Z,9.1,47.0,7.0,11.0,313.0,0.0
WX-CYQU,2030-05-10T04:00:00Z,9.3,46.0,9.0,13.0,284.0,0.0
WX-CYWM,2030-05-10T04:00:00Z,9.8,55.0,6.0,8.0,297.0,0.0
WX-CYZH,2030-05-10T04:00:00Z,11.1,41.0,6.0,8.0,310.0,0.0
WX-CYZU,2030-05-10T04:00:00Z,13.6,38.0,7.0,10.0,310.0,0.0
WX-CZHP,2030-05-10T04:00:00Z,10.6,53.0,6.0,9.0,300.0,0.0
WX-CEE5,2030-05-10T05:00:00Z,6.4,53.0,7.0,10.0,294.0,0.0
WX-CEH5,2030-05-10T05:00:00Z,9.9,46.0,10.0,13.0,292.0,0.0
WX-CEM5,2030-05-10T05:00:00Z,11.1,41.0,7.0,10.0,315.0,0.0
WX-CET2,2030-05-10T05:00:00Z,5.0,67.0,7.0,10.0,295.0,0.0
WX-CFN5,2030-05-10T05:00:00Z,5.9,70.0,8.0,11.0,308.0,0.0
WX-CFX4,2030-05-10T05:00:00Z,7.7,62.0,5.0,7.0,305.0,0.0
WX-CYEG,2030-05-10T05:00:00Z,5.9,62.0,8.0,12.0,294.0,0.0
WX-CYLB,2030-05-10T05:00:00Z,7.0,53.0,7.0,11.0,295.0,0.0
WX-CYMM,2030-05-10T05:00:00Z,7.9,58.0,5.0,7.0,286.0,0.0
WX-CYOD,2030-05-10T05:00:00Z,8.8,48.0,7.0,10.0,295.0,0.0
WX-CYOJ,2030-05-10T05:00:00Z,7.7,56.0,7.0,11.0,301.0,0.0
WX-CYPE,2030-05-10T05:00:00Z,8.6,57.0,7.0,10.0,281.0,0.0
WX-CYPY,2030-05-10T05:00:00Z,7.2,55.0,8.0,12.0,322.0,0.0
WX-CYQU,2030-05-10T05:00:00Z,8.2,52.0,7.0,9.0,308.0,0.0
WX-CYWM,2030-05-10T05:00:00Z,8.5,63.0,5.0,7.0,275.0,0.0
WX-CYZH,2030-05-10T05:00:00Z,9.4,52.0,4.0,6.0,310.0,0.0
WX-CYZU,2030-05-10T05:00:00Z,12.2,46.0,7.0,9.0,301.0,0.0
WX-CZHP,2030-05-10T05:00:00Z,9.1,60.0,7.0,10.0,299.0,0.0
WX-CEE5,2030-05-10T06:00:00Z,6.6,66.0,5.0,6.0,276.0,0.0
WX-CEH5,2030-05-10T06:00:00Z,,,,,,0.0
WX-CEM5,2030-05-10T06:00:00Z,11.3,54.0,9.0,12.0,290.0,0.0
WX-CET2,2030-05-10T06:00:00Z,3.6,75.0,8.0,11.0,292.0,0.0
WX-CFN5,2030-05-10T06:00:00Z,5.4,83.0,5.0,6.0,289.0,0.0
WX-CFX4,2030-05-10T06:00:00Z,7.0,61.0,5.0,6.0,278.0,0.0
WX-CYEG,2030-05-10T06:00:00Z,5.8,70.0,6.0,8.0,266.0,0.0
WX-CYLB,2030-05-10T06:00:00Z,7.4,60.0,5.0,7.0,292.0,0.0
WX-CYMM,2030-05-10T06:00:00Z,7.2,65.0,3.0,4.0,260.0,0.0
WX-CYOD,2030-05-10T06:00:00Z,8.3,54.0,6.0,8.0,272.0,0.0
WX-CYOJ,2030-05-10T06:00:00Z,6.5,65.0,7.0,11.0,298.0,0.0
WX-CYPE,2030-05-10T06:00:00Z,7.0,59.0,6.0,9.0,268.0,0.0
WX-CYPY,2030-05-10T06:00:00Z,7.1,67.0,6.0,9.0,294.0,0.0
WX-CYQU,2030-05-10T06:00:00Z,7.9,64.0,8.0,11.0,278.0,0.0
WX-CYWM,2030-05-10T06:00:00Z,8.1,73.0,6.0,8.0,270.0,0.0
WX-CYZH,2030-05-10T06:00:00Z,8.8,56.0,7.0,9.0,294.0,0.0
WX-CYZU,2030-05-10T06:00:00Z,10.6,50.0,5.0,7.0,297.0,0.0
WX-CZHP,2030-05-10T06:00:00Z,8.4,71.0,7.0,11.0,266.0,0.0
WX-CEE5,2030-05-10T07:00:00Z,4.7,68.0,5.0,7.0,274.0,0.0
WX-CEH5,2030-05-10T07:00:00Z,8.4,56.0,4.0,6.0,259.0,0.0
WX-CEM5,2030-05-10T07:00:00Z,9.5,55.0,6.0,8.0,300.0,0.0
WX-CET2,2030-05-10T07:00:00Z,2.0,84.0,5.0,6.0,281.0,0.0
WX-CFN5,2030-05-10T07:00:00Z,3.8,90.0,8.0,10.0,309.0,0.0
WX-CFX4,2030-05-10T07:00:00Z,5.6,71.0,6.0,8.0,264.0,0.0
WX-CYEG,2030-05-10T07:00:00Z,4.5,79.0,7.0,9.0,276.0,0.0
WX-CYLB,2030-05-10T07:00:00Z,6.3,60.0,8.0,11.0,257.0,0.0
WX-CYMM,2030-05-10T07:00:00Z,5.3,74.0,4.0,5.0,280.0,0.0
WX-CYOD,2030-05-10T07:00:00Z,7.2,56.0,6.0,9.0,281.0,0.0
WX-CYOJ,2030-05-10T07:00:00Z,5.7,67.0,9.0,13.0,297.0,0.0
WX-CYPE,2030-05-10T07:00:00Z,5.4,68.0,4.0,5.0,255.0,0.0
WX-CYPY,2030-05-10T07:00:00Z,4.4,68.0,6.0,8.0,294.0,0.0
WX-CYQU,2030-05-10T07:00:00Z,6.1,74.0,7.0,9.0,292.0,0.0
WX-CYWM,2030-05-10T07:00:00Z,6.1,78.0,5.0,7.0,268.0,0.0
WX-CYZH,2030-05-10T07:00:00Z,7.2,61.0,5.0,8.0,292.0,0.0
WX-CYZU,2030-05-10T07:00:00Z,,,,,,0.0
WX-CZHP,2030-05-10T07:00:00Z,6.7,74.0,6.0,9.0,253.0,0.0
WX-CEE5,2030-05-10T08:00:00Z,3.4,79.0,7.0,9.0,275.0,0.0
WX-CEH5,2030-05-10T08:00:00Z,6.6,59.0,6.0,8.0,266.0,0.0
WX-CEM5,2030-05-10T08:00:00Z,8.2,56.0,7.0,10.0,288.0,0.0
WX-CET2,2030-05-10T08:00:00Z,2.0,95.0,6.0,9.0,281.0,0.0
WX-CFN5,2030-05-10T08:00:00Z,3.7,99.0,7.0,10.0,300.0,0.0
WX-CFX4,2030-05-10T08:00:00Z,4.3,79.0,3.0,4.0,270.0,0.0
WX-CYEG,2030-05-10T08:00:00Z,2.8,87.0,6.0,9.0,288.0,0.0
WX-CYLB,2030-05-10T08:00:00Z,,,,,,0.0
WX-CYMM,2030-05-10T08:00:00Z,4.1,77.0,7.0,10.0,265.0,0.0
WX-CYOD,2030-05-10T08:00:00Z,6.0,62.0,6.0,9.0,260.0,0.0
WX-CYOJ,2030-05-10T08:00:00Z,4.5,75.0,6.0,9.0,286.0,0.0
WX-CYPE,2030-05-10T08:00:00Z,4.9,73.0,3.0,4.0,256.0,0.0
WX-CYPY,2030-05-10T08:00:00Z,3.6,73.0,7.0,10.0,276.0,0.0
WX-CYQU,2030-05-10T08:00:00Z,5.3,70.0,7.0,9.0,287.0,0.0
WX-CYWM,2030-05-10T08:00:00Z,4.6,90.0,4.0,6.0,258.0,0.0
WX-CYZH,2030-05-10T08:00:00Z,5.9,67.0,5.0,8.0,303.0,0.0
WX-CYZU,2030-05-10T08:00:00Z,7.9,53.0,5.0,7.0,290.0,0.0
WX-CZHP,2030-05-10T08:00:00Z,4.3,82.0,6.0,8.0,278.0,0.0
WX-CEE5,2030-05-10T09:00:00Z,3.3,82.0,6.0,9.0,278.0,0.0
WX-CEH5,2030-05-10T09:00:00Z,6.6,61.0,5.0,7.0,266.0,0.0
WX-CEM5,2030-05-10T09:00:00Z,7.8,60.0,4.0,5.0,297.0,0.0
WX-CET2,2030-05-10T09:00:00Z,1.3,98.0,7.0,9.0,270.0,0.0
WX-CFN5,2030-05-10T09:00:00Z,2.5,95.0,6.0,8.0,299.0,0.0
WX-CFX4,2030-05-10T09:00:00Z,4.2,82.0,6.0,9.0,276.0,0.0
WX-CYEG,2030-05-10T09:00:00Z,,,,,,0.0
WX-CYLB,2030-05-10T09:00:00Z,3.5,71.0,7.0,11.0,287.0,0.0
WX-CYMM,2030-05-10T09:00:00Z,4.3,80.0,5.0,8.0,276.0,0.0
WX-CYOD,2030-05-10T09:00:00Z,5.7,61.0,3.0,5.0,269.0,0.0
WX-CYOJ,2030-05-10T09:00:00Z,4.5,79.0,7.0,9.0,290.0,0.0
WX-CYPE,2030-05-10T09:00:00Z,4.2,77.0,5.0,7.0,268.0,0.0
WX-CYPY,2030-05-10T09:00:00Z,4.0,78.0,6.0,9.0,289.0,0.0
WX-CYQU,2030-05-10T09:00:00Z,5.5,77.0,6.0,8.0,277.0,0.0
WX-CYWM,2030-05-10T09:00:00Z,3.9,90.0,4.0,6.0,264.0,0.0
WX-CYZH,2030-05-10T09:00:00Z,6.1,71.0,6.0,9.0,315.0,0.0
WX-CYZU,2030-05-10T09:00:00Z,7.9,58.0,6.0,8.0,298.0,0.0
WX-CZHP,2030-05-10T09:00:00Z,5.0,82.0,7.0,10.0,272.0,0.0
WX-CEE5,2030-05-10T10:00:00Z,2.5,80.0,4.0,5.0,277.0,0.0
WX-CEH5,2030-05-10T10:00:00Z,6.0,57.0,5.0,7.0,282.0,0.0
WX-CEM5,2030-05-10T10:00:00Z,7.5,63.0,3.0,4.0,290.0,0.0
WX-CET2,2030-05-10T10:00:00Z,0.6,95.0,7.0,10.0,285.0,0.0
WX-CFN5,2030-05-10T10:00:00Z,2.5,96.0,5.0,8.0,292.0,0.0
WX-CFX4,2030-05-10T10:00:00Z,4.1,81.0,4.0,6.0,284.0,0.0
WX-CYEG,2030-05-10T10:00:00Z,2.8,90.0,6.0,8.0,277.0,0.0
WX-CYLB,2030-05-10T10:00:00Z,4.4,75.0,9.0,12.0,277.0,0.0
WX-CYMM,2030-05-10T10:00:00Z,3.8,80.0,6.0,9.0,273.0,0.0
WX-CYOD,2030-05-10T10:00:00Z,6.0,65.0,5.0,7.0,278.0,0.0
WX-CYOJ,2030-05-10T10:00:00Z,4.4,83.0,8.0,11.0,292.0,0.0
WX-CYPE,2030-05-10T10:00:00Z,4.8,81.0,6.0,9.0,264.0,0.0
WX-CYPY,2030-05-10T10:00:00Z,3.4,82.0,5.0,7.0,291.0,0.0
WX-CYQU,2030-05-10T10:00:00Z,4.8,74.0,7.0,11.0,295.0,0.0
WX-CYWM,2030-05-10T10:00:00Z,4.3,87.0,7.0,9.0,262.0,0.0
WX-CYZH,2030-05-10T10:00:00Z,5.7,68.0,5.0,8.0,272.0,0.0
WX-CYZU,2030-05-10T10:00:00Z,7.7,54.0,4.0,6.0,299.0,0.0
WX-CZHP,2030-05-10T10:00:00Z,4.4,81.0,6.0,9.0,279.0,0.0
WX-CEE5,2030-05-10T11:00:00Z,3.8,76.0,4.0,6.0,276.0,0.0
WX-CEH5,2030-05-10T11:00:00Z,7.3,60.0,4.0,6.0,272.0,0.0
WX-CEM5,2030-05-10T11:00:00Z,7.8,56.0,4.0,6.0,285.0,0.0
WX-CET2,2030-05-10T11:00:00Z,1.3,93.0,8.0,11.0,282.0,0.0
WX-CFN5,2030-05-10T11:00:00Z,3.3,91.0,5.0,8.0,306.0,0.0
WX-CFX4,2030-05-10T11:00:00Z,5.4,75.0,5.0,7.0,265.0,0.0
WX-CYEG,2030-05-10T11:00:00Z,2.9,81.0,7.0,11.0,264.0,0.0
WX-CYLB,2030-05-10T11:00:00Z,4.6,71.0,7.0,9.0,276.0,0.0
WX-CYMM,2030-05-10T11:00:00Z,5.5,81.0,7.0,9.0,267.0,0.0
WX-CYOD,2030-05-10T11:00:00Z,5.7,65.0,6.0,9.0,278.0,0.0
WX-CYOJ,2030-05-10T11:00:00Z,4.3,79.0,7.0,10.0,284.0,0.0
WX-CYPE,2030-05-10T11:00:00Z,4.6,75.0,6.0,8.0,266.0,0.0
WX-CYPY,2030-05-10T11:00:00Z,4.1,73.0,7.0,10.0,286.0,0.0
WX-CYQU,2030-05-10T11:00:00Z,5.1,75.0,7.0,10.0,293.0,0.0
WX-CYWM,2030-05-10T11:00:00Z,4.5,88.0,6.0,8.0,282.0,0.0
WX-CYZH,2030-05-10T11:00:00Z,7.0,66.0,6.0,9.0,294.0,0.0
WX-CYZU,2030-05-10T11:00:00Z,8.2,57.0,6.0,9.0,284.0,0.0
WX-CZHP,2030-05-10T11:00:00Z,6.1,78.0,8.0,10.0,277.0,0.0
WX-CEE5,2030-05-10T12:00:00Z,3.9,67.0,4.0,5.0,279.0,0.0
WX-CEH5,2030-05-10T12:00:00Z,8.4,58.0,6.0,9.0,282.0,0.0
WX-CEM5,2030-05-10T12:00:00Z,9.6,52.0,6.0,9.0,276.0,0.0
WX-CET2,2030-05-10T12:00:00Z,2.9,85.0,6.0,9.0,274.0,0.0
WX-CFN5,2030-05-10T12:00:00Z,4.2,92.0,8.0,12.0,292.0,0.0
WX-CFX4,2030-05-10T12:00:00Z,4.7,73.0,4.0,6.0,280.0,0.0
WX-CYEG,2030-05-10T12:00:00Z,5.2,80.0,6.0,8.0,270.0,0.0
WX-CYLB,2030-05-10T12:00:00Z,5.7,66.0,7.0,9.0,285.0,0.0
WX-CYMM,2030-05-10T12:00:00Z,6.2,69.0,7.0,11.0,271.0,0.0
WX-CYOD,2030-05-10T12:00:00Z,7.1,55.0,7.0,11.0,271.0,0.0
WX-CYOJ,2030-05-10T12:00:00Z,6.7,70.0,7.0,11.0,285.0,0.0
WX-CYPE,2030-05-10T12:00:00Z,5.6,65.0,5.0,6.0,271.0,0.0
WX-CYPY,2030-05-10T12:00:00Z,4.8,73.0,5.0,6.0,292.0,0.0
WX-CYQU,2030-05-10T12:00:00Z,6.4,71.0,8.0,10.0,282.0,0.0
WX-CYWM,2030-05-10T12:00:00Z,6.4,83.0,7.0,10.0,273.0,0.0
WX-CYZH,2030-05-10T12:00:00Z,7.4,63.0,5.0,8.0,296.0,0.0
WX-CYZU,2030-05-10T12:00:00Z,9.1,56.0,7.0,11.0,294.0,0.0
WX-CZHP,2030-05-10T12:00:00Z,6.9,72.0,7.0,11.0,257.0,0.0
WX-CEE5,2030-05-10T13:00:00Z,6.7,65.0,5.0,7.0,262.0,0.0
WX-CEH5,2030-05-10T13:00:00Z,9.6,50.0,6.0,9.0,273.0,0.0
WX-CEM5,2030-05-10T13:00:00Z,11.2,45.0,7.0,10.0,295.0,0.0
WX-CET2,2030-05-10T13:00:00Z,3.9,75.0,6.0,9.0,289.0,0.0
WX-CFN5,2030-05-10T13:00:00Z,5.3,81.0,8.0,11.0,303.0,0.0
WX-CFX4,2030-05-10T13:00:00Z,7.6,62.0,4.0,6.0,284.0,0.0
WX-CYEG,2030-05-10T13:00:00Z,5.2,70.0,5.0,7.0,260.0,0.0
WX-CYLB,2030-05-10T13:00:00Z,6.8,58.0,7.0,10.0,282.0,0.0
WX-CYMM,2030-05-10T13:00:00Z,7.4,62.0,5.0,7.0,275.0,0.0
WX-CYOD,2030-05-10T13:00:00Z,8.4,50.0,6.0,9.0,282.0,0.0
WX-CYOJ,2030-05-10T13:00:00Z,8.1,57.0,7.0,11.0,297.0,0.0
WX-CYPE,2030-05-10T13:00:00Z,6.9,58.0,3.0,4.0,281.0,0.0
WX-CYPY,2030-05-10T13:00:00Z,6.8,64.0,7.0,9.0,294.0,0.0
WX-CYQU,2030-05-10T13:00:00Z,7.6,61.0,7.0,11.0,270.0,0.0
WX-CYWM,2030-05-10T13:00:00Z,7.2,73.0,4.0,6.0,281.0,0.0
WX-CYZH,2030-05-10T13:00:00Z,8.8,55.0,6.0,8.0,300.0,0.0
WX-CYZU,2030-05-10T13:00:00Z,10.5,48.0,5.0,7.0,292.0,0.0
WX-CZHP,2030-05-10T13:00:00Z,7.9,69.0,4.0,6.0,274.0,0.0
WX-CEE5,2030-05-10T14:00:00Z,7.7,59.0,5.0,7.0,277.0,0.0
WX-CEH5,2030-05-10T14:00:00Z,11.2,45.0,6.0,8.0,239.0,0.0
WX-CEM5,2030-05-10T14:00:00Z,13.2,45.0,5.0,7.0,288.0,0.0
WX-CET2,2030-05-10T14:00:00Z,6.8,72.0,8.0,12.0,284.0,0.0
WX-CFN5,2030-05-10T14:00:00Z,6.6,72.0,9.0,13.0,287.0,0.0
WX-CFX4,2030-05-10T14:00:00Z,9.0,54.0,7.0,9.0,281.0,0.0
WX-CYEG,2030-05-10T14:00:00Z,7.7,63.0,7.0,9.0,281.0,0.0
WX-CYLB,2030-05-10T14:00:00Z,9.6,50.0,7.0,9.0,288.0,0.0
WX-CYMM,2030-05-10T14:00:00Z,9.7,59.0,6.0,8.0,277.0,0.0
WX-CYOD,2030-05-10T14:00:00Z,10.5,38.0,6.0,8.0,252.0,0.0
WX-CYOJ,2030-05-10T14:00:00Z,9.1,56.0,10.0,15.0,290.0,0.0
WX-CYPE,2030-05-10T14:00:00Z,8.5,56.0,6.0,8.0,288.0,0.0
WX-CYPY,2030-05-10T14:00:00Z,8.5,50.0,8.0,11.0,301.0,0.0
WX-CYQU,2030-05-10T14:00:00Z,10.0,55.0,9.0,12.0,276.0,0.0
WX-CYWM,2030-05-10T14:00:00Z,9.3,65.0,5.0,7.0,274.0,0.0
WX-CYZH,2030-05-10T14:00:00Z,10.5,53.0,6.0,8.0,306.0,0.0
WX-CYZU,2030-05-10T14:00:00Z,11.8,42.0,6.0,8.0,286.0,0.0
WX-CZHP,2030-05-10T14:00:00Z,9.1,58.0,6.0,9.0,280.0,0.0
WX-CEE5,2030-05-10T15:00:00Z,10.0,55.0,7.0,10.0,274.0,0.0
WX-CEH5,2030-05-10T15:00:00Z,13.7,39.0,10.0,14.0,272.0,0.0
WX-CEM5,2030-05-10T15:00:00Z,14.7,40.0,9.0,12.0,290.0,0.0
WX-CET2,2030-05-10T15:00:00Z,7.5,62.0,11.0,17.0,251.0,0.0
WX-CFN5,2030-05-10T15:00:00Z,8.4,65.0,12.0,16.0,295.0,0.0
WX-CFX4,2030-05-10T15:00:00Z,11.2,48.0,8.0,10.0,287.0,0.0
WX-CYEG,2030-05-10T15:00:00Z,9.6,57.0,12.0,18.0,278.0,0.0
WX-CYLB,2030-05-10T15:00:00Z,11.1,45.0,11.0,17.0,280.0,0.0
WX-CYMM,2030-05-10T15:00:00Z,11.5,49.0,9.0,13.0,274.0,0.0
WX-CYOD,2030-05-10T15:00:00Z,12.0,39.0,9.0,14.0,277.0,0.0
WX-CYOJ,2030-05-10T15:00:00Z,10.4,47.0,10.0,15.0,277.0,0.0
WX-CYPE,2030-05-10T15:00:00Z,11.7,45.0,6.0,8.0,260.0,0.0
WX-CYPY,2030-05-10T15:00:00Z,10.1,51.0,10.0,16.0,280.0,0.0
WX-CYQU,2030-05-10T15:00:00Z,11.5,48.0,11.0,16.0,294.0,0.0
WX-CYWM,2030-05-10T15:00:00Z,11.0,57.0,10.0,14.0,265.0,0.0
WX-CYZH,2030-05-10T15:00:00Z,12.4,38.0,8.0,11.0,302.0,0.0
WX-CYZU,2030-05-10T15:00:00Z,15.2,39.0,6.0,9.0,300.0,0.0
WX-CZHP,2030-05-10T15:00:00Z,11.3,50.0,10.0,13.0,269.0,0.0
WX-CEE5,2030-05-10T16:00:00Z,12.5,45.0,9.0,12.0,277.0,0.0
WX-CEH5,2030-05-10T16:00:00Z,16.5,29.0,11.0,16.0,266.0,0.0
WX-CEM5,2030-05-10T16:00:00Z,16.4,30.0,11.0,17.0,293.0,0.0
WX-CET2,2030-05-10T16:00:00Z,10.0,46.0,13.0,17.0,278.0,0.0
WX-CFN5,2030-05-10T16:00:00Z,10.7,53.0,13.0,21.0,288.0,0.0
WX-CFX4,2030-05-10T16:00:00Z,13.3,43.0,7.0,9.0,280.0,0.0
WX-CYEG,2030-05-10T16:00:00Z,11.4,48.0,12.0,17.0,270.0,0.0
WX-CYLB,2030-05-10T16:00:00Z,12.5,44.0,10.0,16.0,276.0,0.0
WX-CYMM,2030-05-10T16:00:00Z,13.3,40.0,11.0,16.0,272.0,0.0
WX-CYOD,2030-05-10T16:00:00Z,14.3,34.0,11.0,15.0,276.0,0.0
WX-CYOJ,2030-05-10T16:00:00Z,13.2,40.0,11.0,17.0,286.0,0.0
WX-CYPE,2030-05-10T16:00:00Z,14.2,44.0,6.0,9.0,254.0,0.0
WX-CYPY,2030-05-10T16:00:00Z,12.6,42.0,11.0,16.0,299.0,0.0
WX-CYQU,2030-05-10T16:00:00Z,13.8,46.0,11.0,16.0,279.0,0.0
WX-CYWM,2030-05-10T16:00:00Z,13.8,49.0,11.0,15.0,252.0,0.0
WX-CYZH,2030-05-10T16:00:00Z,14.5,38.0,12.0,15.0,304.0,0.0
WX-CYZU,2030-05-10T16:00:00Z,16.5,30.0,11.0,16.0,288.0,0.0
WX-CZHP,2030-05-10T16:00:00Z,13.4,44.0,12.0,17.0,268.0,0.0
WX-CEE5,2030-05-10T17:00:00Z,14.2,37.0,12.0,18.0,270.0,0.0
WX-CEH5,2030-05-10T17:00:00Z,17.8,29.0,12.0,15.0,264.0,0.0
WX-CEM5,2030-05-10T17:00:00Z,18.2,29.0,9.0,14.0,290.0,0.0
WX-CET2,2030-05-10T17:00:00Z,11.8,45.0,13.0,19.0,282.0,0.0
WX-CFN5,2030-05-10T17:00:00Z,13.5,47.0,18.0,28.0,295.0,0.0
WX-CFX4,2030-05-10T17:00:00Z,15.1,38.0,11.0,16.0,283.0,0.0
WX-CYEG,2030-05-10T17:00:00Z,13.4,40.0,15.0,20.0,271.0,0.0
WX-CYLB,2030-05-10T17:00:00Z,15.7,36.0,17.0,26.0,294.0,0.0
WX-CYMM,2030-05-10T17:00:00Z,16.0,40.0,13.0,18.0,265.0,0.0
WX-CYOD,2030-05-10T17:00:00Z,15.9,27.0,13.0,17.0,270.0,0.0
WX-CYOJ,2030-05-10T17:00:00Z,15.1,38.0,18.0,25.0,290.0,0.0
WX-CYPE,2030-05-10T17:00:00Z,15.2,35.0,11.0,16.0,281.0,0.0
WX-CYPY,2030-05-10T17:00:00Z,13.9,36.0,15.0,22.0,300.0,0.0
WX-CYQU,2030-05-10T17:00:00Z,15.6,35.0,14.0,21.0,281.0,0.0
WX-CYWM,2030-05-10T17:00:00Z,14.9,42.0,12.0,16.0,281.0,0.0
WX-CYZH,2030-05-10T17:00:00Z,16.6,35.0,12.0,17.0,289.0,0.0
WX-CYZU,2030-05-10T17:00:00Z,18.8,24.0,14.0,19.0,294.0,0.0
WX-CZHP,2030-05-10T17:00:00Z,,,,,,0.0
WX-CEE5,2030-05-10T18:00:00Z,15.4,34.0,14.0,18.0,266.0,0.0
WX-CEH5,2030-05-10T18:00:00Z,19.6,29.0,15.0,19.0,274.0,0.0
WX-CEM5,2030-05-10T18:00:00Z,20.6,25.0,13.0,18.0,290.0,0.0
WX-CET2,2030-05-10T18:00:00Z,14.0,41.0,16.0,20.0,275.0,0.0
WX-CFN5,2030-05-10T18:00:00Z,15.1,41.0,14.0,21.0,300.0,0.0
WX-CFX4,2030-05-10T18:00:00Z,16.5,33.0,12.0,15.0,282.0,0.0
WX-CYEG,2030-05-10T18:00:00Z,16.2,35.0,16.0,20.0,270.0,0.0
WX-CYLB,2030-05-10T18:00:00Z,17.1,31.0,17.0,25.0,276.0,0.0
WX-CYMM,2030-05-10T18:00:00Z,17.4,32.0,14.0,20.0,266.0,0.0
WX-CYOD,2030-05-10T18:00:00Z,17.5,23.0,12.0,19.0,266.0,0.0
WX-CYOJ,2030-05-10T18:00:00Z,17.8,28.0,14.0,22.0,296.0,0.0
WX-CYPE,2030-05-10T18:00:00Z,17.6,34.0,11.0,16.0,263.0,0.0
WX-CYPY,2030-05-10T18:00:00Z,16.0,33.0,16.0,24.0,284.0,0.0
WX-CYQU,2030-05-10T18:00:00Z,17.6,30.0,18.0,26.0,287.0,0.0
WX-CYWM,2030-05-10T18:00:00Z,16.9,38.0,14.0,18.0,261.0,0.0
WX-CYZH,2030-05-10T18:00:00Z,18.6,27.0,12.0,16.0,280.0,0.0
WX-CYZU,2030-05-10T18:00:00Z,20.3,21.0,16.0,24.0,307.0,0.0
WX-CZHP,2030-05-10T18:00:00Z,17.5,36.0,15.0,19.0,270.0,0.0
